file_path,num_records,all_keys,key_presence_rate,nested_keys,score_like_fields,question_like_fields,answer_like_fields,metric_like_fields,subject_like_fields,scenario_like_fields,language_like_fields,model_like_fields,human_score_like_fields,judge_score_like_fields,likely_role,profile_error
5-grades/1-shot_cases_zh.json,12,"[""__key__"", ""description"", ""generated_responses"", ""principle"", ""question"", ""rules""]","{""__key__"": 1.0, ""description"": 0.4167, ""generated_responses"": 0.5833, ""principle"": 0.5833, ""question"": 0.5833, ""rules"": 0.4167}","[""__key__"", ""description"", ""generated_responses"", ""generated_responses[]"", ""generated_responses[].reason"", ""generated_responses[].response"", ""generated_responses[].score"", ""principle"", ""question"", ""rules"", ""rules[]""]",[],"[""question""]","[""generated_responses""]","[""principle""]",[],[],[],[],[],[],unknown,
5-grades/5_50_metric_v3_questions_en.json,12,"[""__key__"", ""__value__""]","{""__key__"": 1.0, ""__value__"": 1.0}","[""__key__"", ""__value__"", ""__value__[]""]",[],[],[],[],[],[],[],[],[],[],unknown,
5-grades/5_50_metric_v3_questions_zh.json,12,"[""__key__"", ""__value__""]","{""__key__"": 1.0, ""__value__"": 1.0}","[""__key__"", ""__value__"", ""__value__[]""]",[],[],[],[],[],[],[],[],[],[],unknown,
5-grades/5_50_metric_v3_questions_zh_test.json,2,"[""__key__"", ""__value__""]","{""__key__"": 1.0, ""__value__"": 1.0}","[""__key__"", ""__value__"", ""__value__[]""]",[],[],[],[],[],[],[],[],[],[],unknown,
5-grades/5_groupby_metric_v3_eval_en.jsonl,2785,"[""model"", ""principle"", ""question"", ""reason"", ""response"", ""score""]","{""model"": 1.0, ""principle"": 1.0, ""question"": 1.0, ""reason"": 1.0, ""response"": 1.0, ""score"": 1.0}","[""model"", ""principle"", ""question"", ""reason"", ""response"", ""score""]","[""score""]","[""question""]","[""response""]","[""principle""]",[],[],[],"[""model""]",[],[],llm_judge_output,
5-grades/5_groupby_metric_v3_eval_zh.jsonl,2805,"[""model"", ""principle"", ""question"", ""reason"", ""response"", ""score""]","{""model"": 1.0, ""principle"": 1.0, ""question"": 1.0, ""reason"": 1.0, ""response"": 1.0, ""score"": 1.0}","[""model"", ""principle"", ""question"", ""reason"", ""response"", ""score""]","[""score""]","[""question""]","[""response""]","[""principle""]",[],[],[],"[""model""]",[],[],llm_judge_output,
5-grades/5_human_1.jsonl,3366,"[""model"", ""principle"", ""question"", ""reason"", ""response"", ""score""]","{""model"": 1.0, ""principle"": 1.0, ""question"": 1.0, ""reason"": 1.0, ""response"": 1.0, ""score"": 1.0}","[""model"", ""principle"", ""question"", ""reason"", ""response"", ""score""]","[""score""]","[""question""]","[""response""]","[""principle""]",[],[],[],"[""model""]",[],[],human_annotation,
5-grades/5_human_2.jsonl,3366,"[""model"", ""principle"", ""question"", ""reason"", ""response"", ""score""]","{""model"": 1.0, ""principle"": 1.0, ""question"": 1.0, ""reason"": 1.0, ""response"": 1.0, ""score"": 1.0}","[""model"", ""principle"", ""question"", ""reason"", ""response"", ""score""]","[""score""]","[""question""]","[""response""]","[""principle""]",[],[],[],"[""model""]",[],[],human_annotation,
5-grades/5_human_3.jsonl,3366,"[""model"", ""principle"", ""question"", ""reason"", ""response"", ""score""]","{""model"": 1.0, ""principle"": 1.0, ""question"": 1.0, ""reason"": 1.0, ""response"": 1.0, ""score"": 1.0}","[""model"", ""principle"", ""question"", ""reason"", ""response"", ""score""]","[""score""]","[""question""]","[""response""]","[""principle""]",[],[],[],"[""model""]",[],[],human_annotation,
5-grades/5_merge_human_metric_en.jsonl,4031,"[""eval"", ""model"", ""principle"", ""question"", ""reason"", ""response"", ""score""]","{""eval"": 1.0, ""model"": 1.0, ""principle"": 1.0, ""question"": 1.0, ""reason"": 1.0, ""response"": 1.0, ""score"": 1.0}","[""eval"", ""model"", ""principle"", ""question"", ""reason"", ""response"", ""score""]","[""score""]","[""question""]","[""response""]","[""principle""]",[],[],[],"[""model""]",[],"[""eval""]",merged_human_metric,
5-grades/5_merge_human_metric_zh.jsonl,4007,"[""eval"", ""model"", ""principle"", ""question"", ""reason"", ""response"", ""score""]","{""eval"": 1.0, ""model"": 1.0, ""principle"": 1.0, ""question"": 1.0, ""reason"": 1.0, ""response"": 1.0, ""score"": 1.0}","[""eval"", ""model"", ""principle"", ""question"", ""reason"", ""response"", ""score""]","[""score""]","[""question""]","[""response""]","[""principle""]",[],[],[],"[""model""]",[],"[""eval""]",merged_human_metric,
5-grades/5_metrics_en.json,12,"[""__key__"", ""description"", ""rules""]","{""__key__"": 1.0, ""description"": 1.0, ""rules"": 1.0}","[""__key__"", ""description"", ""rules"", ""rules[]""]",[],[],[],[],[],[],[],[],[],[],unknown,
5-grades/5_metrics_zh.json,12,"[""__key__"", ""description"", ""rules""]","{""__key__"": 1.0, ""description"": 1.0, ""rules"": 1.0}","[""__key__"", ""description"", ""rules"", ""rules[]""]",[],[],[],[],[],[],[],[],[],[],unknown,
5-grades/Untitled-1.json,3,"[""eval"", ""gen"", ""id"", ""language"", ""message"", ""model"", ""principle"", ""question"", ""reason"", ""response"", ""score"", ""scores"", ""task""]","{""eval"": 1.0, ""gen"": 0.3333, ""id"": 0.3333, ""language"": 0.3333, ""message"": 0.3333, ""model"": 0.6667, ""principle"": 0.6667, ""question"": 0.6667, ""reason"": 0.6667, ""response"": 0.6667, ""score"": 0.6667, ""scores"": 0.3333, ""task"": 0.3333}","[""eval"", ""gen"", ""id"", ""language"", ""message"", ""message[]"", ""message[].content"", ""message[].role"", ""model"", ""principle"", ""question"", ""reason"", ""response"", ""score"", ""scores"", ""scores[]"", ""scores[].criterion"", ""scores[].reason"", ""scores[].score"", ""task""]","[""score"", ""scores""]","[""question""]","[""response""]","[""principle""]",[],"[""task""]","[""language""]","[""model""]",[],"[""eval""]",unknown,
5-grades/example.jsonl,0,[],{},[],[],[],[],[],[],[],[],[],[],[],unknown,
5-grades/example_zh.jsonl,75,"[""eval"", ""model"", ""principle"", ""question"", ""reason"", ""response"", ""score""]","{""eval"": 1.0, ""model"": 1.0, ""principle"": 1.0, ""question"": 1.0, ""reason"": 1.0, ""response"": 1.0, ""score"": 1.0}","[""eval"", ""model"", ""principle"", ""question"", ""reason"", ""response"", ""response.个性化意见生成"", ""response.学习任务"", ""response.学习内容"", ""response.学习路径规划建议"", ""response.安慰与建议"", ""response.情绪状态分析"", ""response.提供的思路"", ""response.教学目标"", ""response.纠错后答案"", ""response.纠错说明"", ""response.课堂活动设计"", ""response.重点难点"", ""response.问题"", ""score""]","[""score""]","[""question""]","[""response""]","[""principle""]",[],[],[],"[""model""]",[],"[""eval""]",unknown,
5-grades/judge_v3_questions_zh.jsonl,0,[],{},[],[],[],[],[],[],[],[],[],[],[],llm_judge_output,JSONDecodeError: Expecting property name enclosed in double quotes: line 2 column 1 (char 2)
analysis_outputs/manifest.json,4,"[""__key__"", ""__value__""]","{""__key__"": 1.0, ""__value__"": 1.0}","[""__key__"", ""__value__"", ""__value__[]""]",[],[],[],[],[],[],[],[],[],[],unknown,
categories/category.json,18,"[""'Applied Economics"", ""'Aquaculture"", ""'Automation"", ""'Basic Medicine"", ""'Biology"", ""'Business Administration"", ""'Chemistry"", ""'Chinese"", ""'Clinical Medicine"", ""'Computer Science"", ""'Crop Science"", ""'English"", ""'General Pedagogy"", ""'Geography"", ""'High School"", ""'History"", ""'Law"", ""'Literature and Art"", ""'Master"", ""'Mathematics"", ""'Middle School"", ""'Military Science"", ""'PhD"", ""'Physical Education"", ""'Physics"", ""'Psychology"", ""'Public Administration"", ""'Sociology"", ""'Theoretical Economics"", ""'Undergraduate"", ""'临床医学"", ""'体育教育学"", ""'作物科学"", ""'公共管理学"", ""'军事学"", ""'初中"", ""'化学"", ""'博士"", ""'历史"", ""'历史学"", ""'商业管理学"", ""'地理"", ""'基础医学"", ""'大学"", ""'小学"", ""'应用经济学"", ""'心理学"", ""'数学"", ""'文学与艺术"", ""'普通教育学"", ""'水产养殖"", ""'法学"", ""'物理"", ""'物理学"", ""'理论经济学"", ""'生物"", ""'生物学"", ""'硕士"", ""'社会学"", ""'自动控制"", ""'英语"", ""'计算机科学"", ""'语文"", ""'高中"", ""Elementary School'"", ""High School'"", ""Master'"", ""Middle School'"", ""PhD'"", ""Undergraduate'"", ""__key__"", ""初中'"", ""博士'"", ""大学'"", ""小学'"", ""硕士'"", ""高中'""]","{""'Applied Economics"": 0.3889, ""'Aquaculture"": 0.3889, ""'Automation"": 0.3889, ""'Basic Medicine"": 0.3889, ""'Biology"": 0.3889, ""'Business Administration"": 0.3889, ""'Chemistry"": 0.3889, ""'Chinese"": 0.3889, ""'Clinical Medicine"": 0.3889, ""'Computer Science"": 0.3889, ""'Crop Science"": 0.3889, ""'English"": 0.3889, ""'General Pedagogy"": 0.3889, ""'Geography"": 0.3889, ""'High School"": 0.0556, ""'History"": 0.3889, ""'Law"": 0.3889, ""'Literature and Art"": 0.3889, ""'Master"": 0.0556, ""'Mathematics"": 0.3889, ""'Middle School"": 0.0556, ""'Military Science"": 0.3889, ""'PhD"": 0.0556, ""'Physical Education"": 0.3889, ""'Physics"": 0.3889, ""'Psychology"": 0.3889, ""'Public Administration"": 0.3889, ""'Sociology"": 0.3889, ""'Theoretical Economics"": 0.3889, ""'Undergraduate"": 0.0556, ""'临床医学"": 0.3889, ""'体育教育学"": 0.3889, ""'作物科学"": 0.3889, ""'公共管理学"": 0.3889, ""'军事学"": 0.3889, ""'初中"": 0.0556, ""'化学"": 0.3889, ""'博士"": 0.0556, ""'历史"": 0.3889, ""'历史学"": 0.3889, ""'商业管理学"": 0.3889, ""'地理"": 0.3889, ""'基础医学"": 0.3889, ""'大学"": 0.0556, ""'小学"": 0.0556, ""'应用经济学"": 0.3889, ""'心理学"": 0.3889, ""'数学"": 0.3889, ""'文学与艺术"": 0.3889, ""'普通教育学"": 0.3889, ""'水产养殖"": 0.3889, ""'法学"": 0.3889, ""'物理"": 0.3889, ""'物理学"": 0.3889, ""'理论经济学"": 0.3889, ""'生物"": 0.3889, ""'生物学"": 0.3889, ""'硕士"": 0.0556, ""'社会学"": 0.3889, ""'自动控制"": 0.3889, ""'英语"": 0.3889, ""'计算机科学"": 0.3889, ""'语文"": 0.3889, ""'高中"": 0.0556, ""Elementary School'"": 0.0556, ""High School'"": 0.0556, ""Master'"": 0.0556, ""Middle School'"": 0.0556, ""PhD'"": 0.0556, ""Undergraduate'"": 0.0556, ""__key__"": 1.0, ""初中'"": 0.0556, ""博士'"": 0.0556, ""大学'"": 0.0556, ""小学'"": 0.0556, ""硕士'"": 0.0556, ""高中'"": 0.0556}","[""'Applied Economics"", ""'Applied Economics.Master"", ""'Applied Economics.Master.Mild Anxiety'"", ""'Applied Economics.Master.Moderate Anxiety'"", ""'Applied Economics.Master.Multiple Choice'"", ""'Applied Economics.Master.Severe Anxiety'"", ""'Applied Economics.Master.Short Answer'"", ""'Applied Economics.Master.Single Choice'"", ""'Applied Economics.Master.True/False'"", ""'Applied Economics.PhD"", ""'Applied Economics.PhD.Mild Anxiety'"", ""'Applied Economics.PhD.Moderate Anxiety'"", ""'Applied Economics.PhD.Multiple Choice'"", ""'Applied Economics.PhD.Severe Anxiety'"", ""'Applied Economics.PhD.Short Answer'"", ""'Applied Economics.PhD.Single Choice'"", ""'Applied Economics.PhD.True/False'"", ""'Applied Economics.Undergraduate"", ""'Applied Economics.Undergraduate.Mild Anxiety'"", ""'Applied Economics.Undergraduate.Moderate Anxiety'"", ""'Applied Economics.Undergraduate.Multiple Choice'"", ""'Applied Economics.Undergraduate.Severe Anxiety'"", ""'Applied Economics.Undergraduate.Short Answer'"", ""'Applied Economics.Undergraduate.Single Choice'"", ""'Applied Economics.Undergraduate.True/False'"", ""'Aquaculture"", ""'Aquaculture.Master"", ""'Aquaculture.Master.Mild Anxiety'"", ""'Aquaculture.Master.Moderate Anxiety'"", ""'Aquaculture.Master.Multiple Choice'"", ""'Aquaculture.Master.Severe Anxiety'"", ""'Aquaculture.Master.Short Answer'"", ""'Aquaculture.Master.Single Choice'"", ""'Aquaculture.Master.True/False'"", ""'Aquaculture.PhD"", ""'Aquaculture.PhD.Mild Anxiety'"", ""'Aquaculture.PhD.Moderate Anxiety'"", ""'Aquaculture.PhD.Multiple Choice'"", ""'Aquaculture.PhD.Severe Anxiety'"", ""'Aquaculture.PhD.Short Answer'"", ""'Aquaculture.PhD.Single Choice'"", ""'Aquaculture.PhD.True/False'"", ""'Aquaculture.Undergraduate"", ""'Aquaculture.Undergraduate.Mild Anxiety'"", ""'Aquaculture.Undergraduate.Moderate Anxiety'"", ""'Aquaculture.Undergraduate.Multiple Choice'"", ""'Aquaculture.Undergraduate.Severe Anxiety'"", ""'Aquaculture.Undergraduate.Short Answer'"", ""'Aquaculture.Undergraduate.Single Choice'"", ""'Aquaculture.Undergraduate.True/False'"", ""'Automation"", ""'Automation.Master"", ""'Automation.Master.Mild Anxiety'"", ""'Automation.Master.Moderate Anxiety'"", ""'Automation.Master.Multiple Choice'"", ""'Automation.Master.Severe Anxiety'"", ""'Automation.Master.Short Answer'"", ""'Automation.Master.Single Choice'"", ""'Automation.Master.True/False'"", ""'Automation.PhD"", ""'Automation.PhD.Mild Anxiety'"", ""'Automation.PhD.Moderate Anxiety'"", ""'Automation.PhD.Multiple Choice'"", ""'Automation.PhD.Severe Anxiety'"", ""'Automation.PhD.Short Answer'"", ""'Automation.PhD.Single Choice'"", ""'Automation.PhD.True/False'"", ""'Automation.Undergraduate"", ""'Automation.Undergraduate.Mild Anxiety'"", ""'Automation.Undergraduate.Moderate Anxiety'"", ""'Automation.Undergraduate.Multiple Choice'"", ""'Automation.Undergraduate.Severe Anxiety'"", ""'Automation.Undergraduate.Short Answer'"", ""'Automation.Undergraduate.Single Choice'"", ""'Automation.Undergraduate.True/False'"", ""'Basic Medicine"", ""'Basic Medicine.Master"", ""'Basic Medicine.Master.Mild Anxiety'"", ""'Basic Medicine.Master.Moderate Anxiety'"", ""'Basic Medicine.Master.Multiple Choice'"", ""'Basic Medicine.Master.Severe Anxiety'"", ""'Basic Medicine.Master.Short Answer'"", ""'Basic Medicine.Master.Single Choice'"", ""'Basic Medicine.Master.True/False'"", ""'Basic Medicine.PhD"", ""'Basic Medicine.PhD.Mild Anxiety'"", ""'Basic Medicine.PhD.Moderate Anxiety'"", ""'Basic Medicine.PhD.Multiple Choice'"", ""'Basic Medicine.PhD.Severe Anxiety'"", ""'Basic Medicine.PhD.Short Answer'"", ""'Basic Medicine.PhD.Single Choice'"", ""'Basic Medicine.PhD.True/False'"", ""'Basic Medicine.Undergraduate"", ""'Basic Medicine.Undergraduate.Mild Anxiety'"", ""'Basic Medicine.Undergraduate.Moderate Anxiety'"", ""'Basic Medicine.Undergraduate.Multiple Choice'"", ""'Basic Medicine.Undergraduate.Severe Anxiety'"", ""'Basic Medicine.Undergraduate.Short Answer'"", ""'Basic Medicine.Undergraduate.Single Choice'"", ""'Basic Medicine.Undergraduate.True/False'"", ""'Biology"", ""'Biology.Elementary School"", ""'Biology.Elementary School.Mild Anxiety'"", ""'Biology.Elementary School.Moderate Anxiety'"", ""'Biology.Elementary School.Multiple Choice'"", ""'Biology.Elementary School.Severe Anxiety'"", ""'Biology.Elementary School.Short Answer'"", ""'Biology.Elementary School.Single Choice'"", ""'Biology.Elementary School.True/False'"", ""'Biology.High School"", ""'Biology.High School.Mild Anxiety'"", ""'Biology.High School.Moderate Anxiety'"", ""'Biology.High School.Multiple Choice'"", ""'Biology.High School.Severe Anxiety'"", ""'Biology.High School.Short Answer'"", ""'Biology.High School.Single Choice'"", ""'Biology.High School.True/False'"", ""'Biology.Master"", ""'Biology.Master.Mild Anxiety'"", ""'Biology.Master.Moderate Anxiety'"", ""'Biology.Master.Multiple Choice'"", ""'Biology.Master.Severe Anxiety'"", ""'Biology.Master.Short Answer'"", ""'Biology.Master.Single Choice'"", ""'Biology.Master.True/False'"", ""'Biology.Middle School"", ""'Biology.Middle School.Mild Anxiety'"", ""'Biology.Middle School.Moderate Anxiety'"", ""'Biology.Middle School.Multiple Choice'"", ""'Biology.Middle School.Severe Anxiety'"", ""'Biology.Middle School.Short Answer'"", ""'Biology.Middle School.Single Choice'"", ""'Biology.Middle School.True/False'"", ""'Biology.PhD"", ""'Biology.PhD.Mild Anxiety'"", ""'Biology.PhD.Moderate Anxiety'"", ""'Biology.PhD.Multiple Choice'"", ""'Biology.PhD.Severe Anxiety'"", ""'Biology.PhD.Short Answer'"", ""'Biology.PhD.Single Choice'"", ""'Biology.PhD.True/False'"", ""'Biology.Undergraduate"", ""'Biology.Undergraduate.Mild Anxiety'"", ""'Biology.Undergraduate.Moderate Anxiety'"", ""'Biology.Undergraduate.Multiple Choice'"", ""'Biology.Undergraduate.Severe Anxiety'"", ""'Biology.Undergraduate.Short Answer'"", ""'Biology.Undergraduate.Single Choice'"", ""'Biology.Undergraduate.True/False'"", ""'Business Administration"", ""'Business Administration.Master"", ""'Business Administration.Master.Mild Anxiety'"", ""'Business Administration.Master.Moderate Anxiety'"", ""'Business Administration.Master.Multiple Choice'"", ""'Business Administration.Master.Severe Anxiety'"", ""'Business Administration.Master.Short Answer'"", ""'Business Administration.Master.Single Choice'"", ""'Business Administration.Master.True/False'"", ""'Business Administration.PhD"", ""'Business Administration.PhD.Mild Anxiety'"", ""'Business Administration.PhD.Moderate Anxiety'"", ""'Business Administration.PhD.Multiple Choice'"", ""'Business Administration.PhD.Severe Anxiety'"", ""'Business Administration.PhD.Short Answer'"", ""'Business Administration.PhD.Single Choice'"", ""'Business Administration.PhD.True/False'"", ""'Business Administration.Undergraduate"", ""'Business Administration.Undergraduate.Mild Anxiety'"", ""'Business Administration.Undergraduate.Moderate Anxiety'"", ""'Business Administration.Undergraduate.Multiple Choice'"", ""'Business Administration.Undergraduate.Severe Anxiety'"", ""'Business Administration.Undergraduate.Short Answer'"", ""'Business Administration.Undergraduate.Single Choice'"", ""'Business Administration.Undergraduate.True/False'"", ""'Chemistry"", ""'Chemistry.Elementary School"", ""'Chemistry.Elementary School.Mild Anxiety'"", ""'Chemistry.Elementary School.Moderate Anxiety'"", ""'Chemistry.Elementary School.Multiple Choice'"", ""'Chemistry.Elementary School.Severe Anxiety'"", ""'Chemistry.Elementary School.Short Answer'"", ""'Chemistry.Elementary School.Single Choice'"", ""'Chemistry.Elementary School.True/False'"", ""'Chemistry.High School"", ""'Chemistry.High School.Mild Anxiety'"", ""'Chemistry.High School.Moderate Anxiety'"", ""'Chemistry.High School.Multiple Choice'"", ""'Chemistry.High School.Severe Anxiety'"", ""'Chemistry.High School.Short Answer'"", ""'Chemistry.High School.Single Choice'"", ""'Chemistry.High School.True/False'"", ""'Chemistry.Master"", ""'Chemistry.Master.Mild Anxiety'"", ""'Chemistry.Master.Moderate Anxiety'"", ""'Chemistry.Master.Multiple Choice'"", ""'Chemistry.Master.Severe Anxiety'"", ""'Chemistry.Master.Short Answer'"", ""'Chemistry.Master.Single Choice'"", ""'Chemistry.Master.True/False'"", ""'Chemistry.Middle School"", ""'Chemistry.Middle School.Mild Anxiety'"", ""'Chemistry.Middle School.Moderate Anxiety'"", ""'Chemistry.Middle School.Multiple Choice'"", ""'Chemistry.Middle School.Severe Anxiety'"", ""'Chemistry.Middle School.Short Answer'"", ""'Chemistry.Middle School.Single Choice'"", ""'Chemistry.Middle School.True/False'"", ""'Chemistry.PhD"", ""'Chemistry.PhD.Mild Anxiety'"", ""'Chemistry.PhD.Moderate Anxiety'"", ""'Chemistry.PhD.Multiple Choice'"", ""'Chemistry.PhD.Severe Anxiety'"", ""'Chemistry.PhD.Short Answer'"", ""'Chemistry.PhD.Single Choice'"", ""'Chemistry.PhD.True/False'"", ""'Chemistry.Undergraduate"", ""'Chemistry.Undergraduate.Mild Anxiety'"", ""'Chemistry.Undergraduate.Moderate Anxiety'"", ""'Chemistry.Undergraduate.Multiple Choice'"", ""'Chemistry.Undergraduate.Severe Anxiety'"", ""'Chemistry.Undergraduate.Short Answer'"", ""'Chemistry.Undergraduate.Single Choice'"", ""'Chemistry.Undergraduate.True/False'"", ""'Chinese"", ""'Chinese.Elementary School"", ""'Chinese.Elementary School.Mild Anxiety'"", ""'Chinese.Elementary School.Moderate Anxiety'"", ""'Chinese.Elementary School.Severe Anxiety'"", ""'Chinese.Elementary School.Single Choice'"", ""'Chinese.High School"", ""'Chinese.High School.Mild Anxiety'"", ""'Chinese.High School.Moderate Anxiety'"", ""'Chinese.High School.Multiple Choice'"", ""'Chinese.High School.Severe Anxiety'"", ""'Chinese.High School.Short Answer'"", ""'Chinese.High School.Single Choice'"", ""'Chinese.Middle School"", ""'Chinese.Middle School.Mild Anxiety'"", ""'Chinese.Middle School.Moderate Anxiety'"", ""'Chinese.Middle School.Multiple Choice'"", ""'Chinese.Middle School.Severe Anxiety'"", ""'Chinese.Middle School.Short Answer'"", ""'Chinese.Middle School.Single Choice'"", ""'Chinese.Middle School.True/False'"", ""'Clinical Medicine"", ""'Clinical Medicine.Master"", ""'Clinical Medicine.Master.Mild Anxiety'"", ""'Clinical Medicine.Master.Moderate Anxiety'"", ""'Clinical Medicine.Master.Multiple Choice'"", ""'Clinical Medicine.Master.Severe Anxiety'"", ""'Clinical Medicine.Master.Short Answer'"", ""'Clinical Medicine.Master.Single Choice'"", ""'Clinical Medicine.Master.True/False'"", ""'Clinical Medicine.PhD"", ""'Clinical Medicine.PhD.Mild Anxiety'"", ""'Clinical Medicine.PhD.Moderate Anxiety'"", ""'Clinical Medicine.PhD.Multiple Choice'"", ""'Clinical Medicine.PhD.Severe Anxiety'"", ""'Clinical Medicine.PhD.Short Answer'"", ""'Clinical Medicine.PhD.Single Choice'"", ""'Clinical Medicine.PhD.True/False'"", ""'Clinical Medicine.Undergraduate"", ""'Clinical Medicine.Undergraduate.Mild Anxiety'"", ""'Clinical Medicine.Undergraduate.Moderate Anxiety'"", ""'Clinical Medicine.Undergraduate.Multiple Choice'"", ""'Clinical Medicine.Undergraduate.Severe Anxiety'"", ""'Clinical Medicine.Undergraduate.Short Answer'"", ""'Clinical Medicine.Undergraduate.Single Choice'"", ""'Clinical Medicine.Undergraduate.True/False'"", ""'Computer Science"", ""'Computer Science.Master"", ""'Computer Science.Master.Mild Anxiety'"", ""'Computer Science.Master.Moderate Anxiety'"", ""'Computer Science.Master.Multiple Choice'"", ""'Computer Science.Master.Severe Anxiety'"", ""'Computer Science.Master.Short Answer'"", ""'Computer Science.Master.Single Choice'"", ""'Computer Science.Master.True/False'"", ""'Computer Science.PhD"", ""'Computer Science.PhD.Mild Anxiety'"", ""'Computer Science.PhD.Moderate Anxiety'"", ""'Computer Science.PhD.Multiple Choice'"", ""'Computer Science.PhD.Severe Anxiety'"", ""'Computer Science.PhD.Short Answer'"", ""'Computer Science.PhD.Single Choice'"", ""'Computer Science.PhD.True/False'"", ""'Computer Science.Undergraduate"", ""'Computer Science.Undergraduate.Mild Anxiety'"", ""'Computer Science.Undergraduate.Moderate Anxiety'"", ""'Computer Science.Undergraduate.Multiple Choice'"", ""'Computer Science.Undergraduate.Severe Anxiety'"", ""'Computer Science.Undergraduate.Short Answer'"", ""'Computer Science.Undergraduate.Single Choice'"", ""'Computer Science.Undergraduate.True/False'"", ""'Crop Science"", ""'Crop Science.Master"", ""'Crop Science.Master.Mild Anxiety'"", ""'Crop Science.Master.Moderate Anxiety'"", ""'Crop Science.Master.Multiple Choice'"", ""'Crop Science.Master.Severe Anxiety'"", ""'Crop Science.Master.Short Answer'"", ""'Crop Science.Master.Single Choice'"", ""'Crop Science.Master.True/False'"", ""'Crop Science.PhD"", ""'Crop Science.PhD.Mild Anxiety'"", ""'Crop Science.PhD.Moderate Anxiety'"", ""'Crop Science.PhD.Multiple Choice'"", ""'Crop Science.PhD.Severe Anxiety'"", ""'Crop Science.PhD.Short Answer'"", ""'Crop Science.PhD.Single Choice'"", ""'Crop Science.PhD.True/False'"", ""'Crop Science.Undergraduate"", ""'Crop Science.Undergraduate.Mild Anxiety'"", ""'Crop Science.Undergraduate.Moderate Anxiety'"", ""'Crop Science.Undergraduate.Multiple Choice'"", ""'Crop Science.Undergraduate.Severe Anxiety'"", ""'Crop Science.Undergraduate.Short Answer'"", ""'Crop Science.Undergraduate.Single Choice'"", ""'Crop Science.Undergraduate.True/False'"", ""'English"", ""'English.Elementary School"", ""'English.Elementary School.Mild Anxiety'"", ""'English.Elementary School.Moderate Anxiety'"", ""'English.Elementary School.Multiple Choice'"", ""'English.Elementary School.Severe Anxiety'"", ""'English.Elementary School.Short Answer'"", ""'English.Elementary School.Single Choice'"", ""'English.Elementary School.True/False'"", ""'English.High School"", ""'English.High School.Mild Anxiety'"", ""'English.High School.Moderate Anxiety'"", ""'English.High School.Multiple Choice'"", ""'English.High School.Severe Anxiety'"", ""'English.High School.Short Answer'"", ""'English.High School.Single Choice'"", ""'English.High School.True/False'"", ""'English.Middle School"", ""'English.Middle School.Mild Anxiety'"", ""'English.Middle School.Moderate Anxiety'"", ""'English.Middle School.Multiple Choice'"", ""'English.Middle School.Severe Anxiety'"", ""'English.Middle School.Short Answer'"", ""'English.Middle School.Single Choice'"", ""'English.Middle School.True/False'"", ""'General Pedagogy"", ""'General Pedagogy.Master"", ""'General Pedagogy.Master.Mild Anxiety'"", ""'General Pedagogy.Master.Moderate Anxiety'"", ""'General Pedagogy.Master.Multiple Choice'"", ""'General Pedagogy.Master.Severe Anxiety'"", ""'General Pedagogy.Master.Short Answer'"", ""'General Pedagogy.Master.Single Choice'"", ""'General Pedagogy.Master.True/False'"", ""'General Pedagogy.PhD"", ""'General Pedagogy.PhD.Mild Anxiety'"", ""'General Pedagogy.PhD.Moderate Anxiety'"", ""'General Pedagogy.PhD.Multiple Choice'"", ""'General Pedagogy.PhD.Severe Anxiety'"", ""'General Pedagogy.PhD.Short Answer'"", ""'General Pedagogy.PhD.Single Choice'"", ""'General Pedagogy.PhD.True/False'"", ""'General Pedagogy.Undergraduate"", ""'General Pedagogy.Undergraduate.Mild Anxiety'"", ""'General Pedagogy.Undergraduate.Moderate Anxiety'"", ""'General Pedagogy.Undergraduate.Multiple Choice'"", ""'General Pedagogy.Undergraduate.Severe Anxiety'"", ""'General Pedagogy.Undergraduate.Short Answer'"", ""'General Pedagogy.Undergraduate.Single Choice'"", ""'General Pedagogy.Undergraduate.True/False'"", ""'Geography"", ""'Geography.Elementary School"", ""'Geography.Elementary School.Mild Anxiety'"", ""'Geography.Elementary School.Moderate Anxiety'"", ""'Geography.Elementary School.Multiple Choice'"", ""'Geography.Elementary School.Severe Anxiety'"", ""'Geography.Elementary School.Short Answer'"", ""'Geography.Elementary School.Single Choice'"", ""'Geography.Elementary School.True/False'"", ""'Geography.High School"", ""'Geography.High School.Mild Anxiety'"", ""'Geography.High School.Moderate Anxiety'"", ""'Geography.High School.Multiple Choice'"", ""'Geography.High School.Severe Anxiety'"", ""'Geography.High School.Short Answer'"", ""'Geography.High School.Single Choice'"", ""'Geography.High School.True/False'"", ""'Geography.Middle School"", ""'Geography.Middle School.Mild Anxiety'"", ""'Geography.Middle School.Moderate Anxiety'"", ""'Geography.Middle School.Multiple Choice'"", ""'Geography.Middle School.Severe Anxiety'"", ""'Geography.Middle School.Short Answer'"", ""'Geography.Middle School.Single Choice'"", ""'Geography.Middle School.True/False'"", ""'High School"", ""'High School.Geography'"", ""'History"", ""'History.Elementary School"", ""'History.Elementary School.Mild Anxiety'"", ""'History.Elementary School.Moderate Anxiety'"", ""'History.Elementary School.Multiple Choice'"", ""'History.Elementary School.Severe Anxiety'"", ""'History.Elementary School.Short Answer'"", ""'History.Elementary School.Single Choice'"", ""'History.Elementary School.True/False'"", ""'History.High School"", ""'History.High School.Mild Anxiety'"", ""'History.High School.Moderate Anxiety'"", ""'History.High School.Multiple Choice'"", ""'History.High School.Severe Anxiety'"", ""'History.High School.Short Answer'"", ""'History.High School.Single Choice'"", ""'History.High School.True/False'"", ""'History.Master"", ""'History.Master.Mild Anxiety'"", ""'History.Master.Moderate Anxiety'"", ""'History.Master.Multiple Choice'"", ""'History.Master.Severe Anxiety'"", ""'History.Master.Short Answer'"", ""'History.Master.Single Choice'"", ""'History.Master.True/False'"", ""'History.Middle School"", ""'History.Middle School.Mild Anxiety'"", ""'History.Middle School.Moderate Anxiety'"", ""'History.Middle School.Multiple Choice'"", ""'History.Middle School.Severe Anxiety'"", ""'History.Middle School.Short Answer'"", ""'History.Middle School.Single Choice'"", ""'History.Middle School.True/False'"", ""'History.PhD"", ""'History.PhD.Mild Anxiety'"", ""'History.PhD.Moderate Anxiety'"", ""'History.PhD.Multiple Choice'"", ""'History.PhD.Severe Anxiety'"", ""'History.PhD.Short Answer'"", ""'History.PhD.Single Choice'"", ""'History.PhD.True/False'"", ""'History.Undergraduate"", ""'History.Undergraduate.Mild Anxiety'"", ""'History.Undergraduate.Moderate Anxiety'"", ""'History.Undergraduate.Multiple Choice'"", ""'History.Undergraduate.Severe Anxiety'"", ""'History.Undergraduate.Short Answer'"", ""'History.Undergraduate.Single Choice'"", ""'History.Undergraduate.True/False'"", ""'Law"", ""'Law.Master"", ""'Law.Master.Mild Anxiety'"", ""'Law.Master.Moderate Anxiety'"", ""'Law.Master.Multiple Choice'"", ""'Law.Master.Severe Anxiety'"", ""'Law.Master.Short Answer'"", ""'Law.Master.Single Choice'"", ""'Law.Master.True/False'"", ""'Law.PhD"", ""'Law.PhD.Mild Anxiety'"", ""'Law.PhD.Moderate Anxiety'"", ""'Law.PhD.Multiple Choice'"", ""'Law.PhD.Severe Anxiety'"", ""'Law.PhD.Short Answer'"", ""'Law.PhD.Single Choice'"", ""'Law.PhD.True/False'"", ""'Law.Undergraduate"", ""'Law.Undergraduate.Mild Anxiety'"", ""'Law.Undergraduate.Moderate Anxiety'"", ""'Law.Undergraduate.Multiple Choice'"", ""'Law.Undergraduate.Severe Anxiety'"", ""'Law.Undergraduate.Short Answer'"", ""'Law.Undergraduate.Single Choice'"", ""'Law.Undergraduate.True/False'"", ""'Literature and Art"", ""'Literature and Art.Master"", ""'Literature and Art.Master.Mild Anxiety'"", ""'Literature and Art.Master.Moderate Anxiety'"", ""'Literature and Art.Master.Multiple Choice'"", ""'Literature and Art.Master.Severe Anxiety'"", ""'Literature and Art.Master.Short Answer'"", ""'Literature and Art.Master.Single Choice'"", ""'Literature and Art.Master.True/False'"", ""'Literature and Art.PhD"", ""'Literature and Art.PhD.Mild Anxiety'"", ""'Literature and Art.PhD.Moderate Anxiety'"", ""'Literature and Art.PhD.Multiple Choice'"", ""'Literature and Art.PhD.Severe Anxiety'"", ""'Literature and Art.PhD.Short Answer'"", ""'Literature and Art.PhD.Single Choice'"", ""'Literature and Art.PhD.True/False'"", ""'Literature and Art.Undergraduate"", ""'Literature and Art.Undergraduate.Mild Anxiety'"", ""'Literature and Art.Undergraduate.Moderate Anxiety'"", ""'Literature and Art.Undergraduate.Multiple Choice'"", ""'Literature and Art.Undergraduate.Severe Anxiety'"", ""'Literature and Art.Undergraduate.Short Answer'"", ""'Literature and Art.Undergraduate.Single Choice'"", ""'Literature and Art.Undergraduate.True/False'"", ""'Master"", ""'Master.Applied Economics'"", ""'Master.Aquaculture'"", ""'Master.Automation'"", ""'Master.Basic Medicine'"", ""'Master.Biology'"", ""'Master.Business Administration'"", ""'Master.Chemistry'"", ""'Master.Clinical Medicine'"", ""'Master.Computer Science'"", ""'Master.Crop Science'"", ""'Master.General Pedagogy'"", ""'Master.History'"", ""'Master.Law'"", ""'Master.Literature and Art'"", ""'Master.Mathematics'"", ""'Master.Military Science'"", ""'Master.Physical Education'"", ""'Master.Physics'"", ""'Master.Psychology'"", ""'Master.Public Administration'"", ""'Master.Sociology'"", ""'Master.Theoretical Economics'"", ""'Mathematics"", ""'Mathematics.Elementary School"", ""'Mathematics.Elementary School.Mild Anxiety'"", ""'Mathematics.Elementary School.Moderate Anxiety'"", ""'Mathematics.Elementary School.Multiple Choice'"", ""'Mathematics.Elementary School.Severe Anxiety'"", ""'Mathematics.Elementary School.Short Answer'"", ""'Mathematics.Elementary School.Single Choice'"", ""'Mathematics.Elementary School.True/False'"", ""'Mathematics.High School"", ""'Mathematics.High School.Mild Anxiety'"", ""'Mathematics.High School.Moderate Anxiety'"", ""'Mathematics.High School.Multiple Choice'"", ""'Mathematics.High School.Severe Anxiety'"", ""'Mathematics.High School.Short Answer'"", ""'Mathematics.High School.Single Choice'"", ""'Mathematics.High School.True/False'"", ""'Mathematics.Master"", ""'Mathematics.Master.Mild Anxiety'"", ""'Mathematics.Master.Moderate Anxiety'"", ""'Mathematics.Master.Multiple Choice'"", ""'Mathematics.Master.Severe Anxiety'"", ""'Mathematics.Master.Short Answer'"", ""'Mathematics.Master.Single Choice'"", ""'Mathematics.Master.True/False'"", ""'Mathematics.Middle School"", ""'Mathematics.Middle School.Mild Anxiety'"", ""'Mathematics.Middle School.Moderate Anxiety'"", ""'Mathematics.Middle School.Multiple Choice'"", ""'Mathematics.Middle School.Severe Anxiety'"", ""'Mathematics.Middle School.Short Answer'"", ""'Mathematics.Middle School.Single Choice'"", ""'Mathematics.Middle School.True/False'"", ""'Mathematics.PhD"", ""'Mathematics.PhD.Mild Anxiety'"", ""'Mathematics.PhD.Moderate Anxiety'"", ""'Mathematics.PhD.Multiple Choice'"", ""'Mathematics.PhD.Severe Anxiety'"", ""'Mathematics.PhD.Short Answer'"", ""'Mathematics.PhD.Single Choice'"", ""'Mathematics.PhD.True/False'"", ""'Mathematics.Undergraduate"", ""'Mathematics.Undergraduate.Mild Anxiety'"", ""'Mathematics.Undergraduate.Moderate Anxiety'"", ""'Mathematics.Undergraduate.Multiple Choice'"", ""'Mathematics.Undergraduate.Severe Anxiety'"", ""'Mathematics.Undergraduate.Short Answer'"", ""'Mathematics.Undergraduate.Single Choice'"", ""'Mathematics.Undergraduate.True/False'"", ""'Middle School"", ""'Middle School.Geography'"", ""'Military Science"", ""'Military Science.Master"", ""'Military Science.Master.Mild Anxiety'"", ""'Military Science.Master.Moderate Anxiety'"", ""'Military Science.Master.Multiple Choice'"", ""'Military Science.Master.Severe Anxiety'"", ""'Military Science.Master.Short Answer'"", ""'Military Science.Master.Single Choice'"", ""'Military Science.Master.True/False'"", ""'Military Science.PhD"", ""'Military Science.PhD.Mild Anxiety'"", ""'Military Science.PhD.Moderate Anxiety'"", ""'Military Science.PhD.Multiple Choice'"", ""'Military Science.PhD.Severe Anxiety'"", ""'Military Science.PhD.Short Answer'"", ""'Military Science.PhD.Single Choice'"", ""'Military Science.PhD.True/False'"", ""'Military Science.Undergraduate"", ""'Military Science.Undergraduate.Mild Anxiety'"", ""'Military Science.Undergraduate.Moderate Anxiety'"", ""'Military Science.Undergraduate.Multiple Choice'"", ""'Military Science.Undergraduate.Severe Anxiety'"", ""'Military Science.Undergraduate.Short Answer'"", ""'Military Science.Undergraduate.Single Choice'"", ""'Military Science.Undergraduate.True/False'"", ""'PhD"", ""'PhD.Applied Economics'"", ""'PhD.Aquaculture'"", ""'PhD.Automation'"", ""'PhD.Basic Medicine'"", ""'PhD.Biology'"", ""'PhD.Business Administration'"", ""'PhD.Chemistry'"", ""'PhD.Clinical Medicine'"", ""'PhD.Computer Science'"", ""'PhD.Crop Science'"", ""'PhD.General Pedagogy'"", ""'PhD.History'"", ""'PhD.Law'"", ""'PhD.Literature and Art'"", ""'PhD.Mathematics'"", ""'PhD.Military Science'"", ""'PhD.Physical Education'"", ""'PhD.Physics'"", ""'PhD.Psychology'"", ""'PhD.Public Administration'"", ""'PhD.Sociology'"", ""'PhD.Theoretical Economics'"", ""'Physical Education"", ""'Physical Education.Master"", ""'Physical Education.Master.Mild Anxiety'"", ""'Physical Education.Master.Moderate Anxiety'"", ""'Physical Education.Master.Multiple Choice'"", ""'Physical Education.Master.Severe Anxiety'"", ""'Physical Education.Master.Short Answer'"", ""'Physical Education.Master.Single Choice'"", ""'Physical Education.Master.True/False'"", ""'Physical Education.PhD"", ""'Physical Education.PhD.Mild Anxiety'"", ""'Physical Education.PhD.Moderate Anxiety'"", ""'Physical Education.PhD.Multiple Choice'"", ""'Physical Education.PhD.Severe Anxiety'"", ""'Physical Education.PhD.Short Answer'"", ""'Physical Education.PhD.Single Choice'"", ""'Physical Education.PhD.True/False'"", ""'Physical Education.Undergraduate"", ""'Physical Education.Undergraduate.Mild Anxiety'"", ""'Physical Education.Undergraduate.Moderate Anxiety'"", ""'Physical Education.Undergraduate.Multiple Choice'"", ""'Physical Education.Undergraduate.Severe Anxiety'"", ""'Physical Education.Undergraduate.Short Answer'"", ""'Physical Education.Undergraduate.Single Choice'"", ""'Physical Education.Undergraduate.True/False'"", ""'Physics"", ""'Physics.Elementary School"", ""'Physics.Elementary School.Mild Anxiety'"", ""'Physics.Elementary School.Moderate Anxiety'"", ""'Physics.Elementary School.Multiple Choice'"", ""'Physics.Elementary School.Severe Anxiety'"", ""'Physics.Elementary School.Short Answer'"", ""'Physics.Elementary School.Single Choice'"", ""'Physics.Elementary School.True/False'"", ""'Physics.High School"", ""'Physics.High School.Mild Anxiety'"", ""'Physics.High School.Moderate Anxiety'"", ""'Physics.High School.Multiple Choice'"", ""'Physics.High School.Severe Anxiety'"", ""'Physics.High School.Short Answer'"", ""'Physics.High School.Single Choice'"", ""'Physics.High School.True/False'"", ""'Physics.Master"", ""'Physics.Master.Mild Anxiety'"", ""'Physics.Master.Moderate Anxiety'"", ""'Physics.Master.Multiple Choice'"", ""'Physics.Master.Severe Anxiety'"", ""'Physics.Master.Short Answer'"", ""'Physics.Master.Single Choice'"", ""'Physics.Master.True/False'"", ""'Physics.Middle School"", ""'Physics.Middle School.Mild Anxiety'"", ""'Physics.Middle School.Moderate Anxiety'"", ""'Physics.Middle School.Multiple Choice'"", ""'Physics.Middle School.Severe Anxiety'"", ""'Physics.Middle School.Short Answer'"", ""'Physics.Middle School.Single Choice'"", ""'Physics.Middle School.True/False'"", ""'Physics.PhD"", ""'Physics.PhD.Mild Anxiety'"", ""'Physics.PhD.Moderate Anxiety'"", ""'Physics.PhD.Multiple Choice'"", ""'Physics.PhD.Severe Anxiety'"", ""'Physics.PhD.Short Answer'"", ""'Physics.PhD.Single Choice'"", ""'Physics.PhD.True/False'"", ""'Physics.Undergraduate"", ""'Physics.Undergraduate.Mild Anxiety'"", ""'Physics.Undergraduate.Moderate Anxiety'"", ""'Physics.Undergraduate.Multiple Choice'"", ""'Physics.Undergraduate.Severe Anxiety'"", ""'Physics.Undergraduate.Short Answer'"", ""'Physics.Undergraduate.Single Choice'"", ""'Physics.Undergraduate.True/False'"", ""'Psychology"", ""'Psychology.Master"", ""'Psychology.Master.Mild Anxiety'"", ""'Psychology.Master.Moderate Anxiety'"", ""'Psychology.Master.Multiple Choice'"", ""'Psychology.Master.Severe Anxiety'"", ""'Psychology.Master.Short Answer'"", ""'Psychology.Master.Single Choice'"", ""'Psychology.Master.True/False'"", ""'Psychology.PhD"", ""'Psychology.PhD.Mild Anxiety'"", ""'Psychology.PhD.Moderate Anxiety'"", ""'Psychology.PhD.Multiple Choice'"", ""'Psychology.PhD.Severe Anxiety'"", ""'Psychology.PhD.Short Answer'"", ""'Psychology.PhD.Single Choice'"", ""'Psychology.PhD.True/False'"", ""'Psychology.Undergraduate"", ""'Psychology.Undergraduate.Mild Anxiety'"", ""'Psychology.Undergraduate.Moderate Anxiety'"", ""'Psychology.Undergraduate.Multiple Choice'"", ""'Psychology.Undergraduate.Severe Anxiety'"", ""'Psychology.Undergraduate.Short Answer'"", ""'Psychology.Undergraduate.Single Choice'"", ""'Psychology.Undergraduate.True/False'"", ""'Public Administration"", ""'Public Administration.Master"", ""'Public Administration.Master.Mild Anxiety'"", ""'Public Administration.Master.Moderate Anxiety'"", ""'Public Administration.Master.Multiple Choice'"", ""'Public Administration.Master.Severe Anxiety'"", ""'Public Administration.Master.Short Answer'"", ""'Public Administration.Master.Single Choice'"", ""'Public Administration.Master.True/False'"", ""'Public Administration.PhD"", ""'Public Administration.PhD.Mild Anxiety'"", ""'Public Administration.PhD.Moderate Anxiety'"", ""'Public Administration.PhD.Multiple Choice'"", ""'Public Administration.PhD.Severe Anxiety'"", ""'Public Administration.PhD.Short Answer'"", ""'Public Administration.PhD.Single Choice'"", ""'Public Administration.PhD.True/False'"", ""'Public Administration.Undergraduate"", ""'Public Administration.Undergraduate.Mild Anxiety'"", ""'Public Administration.Undergraduate.Moderate Anxiety'"", ""'Public Administration.Undergraduate.Multiple Choice'"", ""'Public Administration.Undergraduate.Severe Anxiety'"", ""'Public Administration.Undergraduate.Short Answer'"", ""'Public Administration.Undergraduate.Single Choice'"", ""'Public Administration.Undergraduate.True/False'"", ""'Sociology"", ""'Sociology.Master"", ""'Sociology.Master.Mild Anxiety'"", ""'Sociology.Master.Moderate Anxiety'"", ""'Sociology.Master.Multiple Choice'"", ""'Sociology.Master.Severe Anxiety'"", ""'Sociology.Master.Short Answer'"", ""'Sociology.Master.Single Choice'"", ""'Sociology.Master.True/False'"", ""'Sociology.PhD"", ""'Sociology.PhD.Mild Anxiety'"", ""'Sociology.PhD.Moderate Anxiety'"", ""'Sociology.PhD.Multiple Choice'"", ""'Sociology.PhD.Severe Anxiety'"", ""'Sociology.PhD.Short Answer'"", ""'Sociology.PhD.Single Choice'"", ""'Sociology.PhD.True/False'"", ""'Sociology.Undergraduate"", ""'Sociology.Undergraduate.Mild Anxiety'"", ""'Sociology.Undergraduate.Moderate Anxiety'"", ""'Sociology.Undergraduate.Multiple Choice'"", ""'Sociology.Undergraduate.Severe Anxiety'"", ""'Sociology.Undergraduate.Short Answer'"", ""'Sociology.Undergraduate.Single Choice'"", ""'Sociology.Undergraduate.True/False'"", ""'Theoretical Economics"", ""'Theoretical Economics.Master"", ""'Theoretical Economics.Master.Mild Anxiety'"", ""'Theoretical Economics.Master.Moderate Anxiety'"", ""'Theoretical Economics.Master.Multiple Choice'"", ""'Theoretical Economics.Master.Severe Anxiety'"", ""'Theoretical Economics.Master.Short Answer'"", ""'Theoretical Economics.Master.Single Choice'"", ""'Theoretical Economics.Master.True/False'"", ""'Theoretical Economics.PhD"", ""'Theoretical Economics.PhD.Mild Anxiety'"", ""'Theoretical Economics.PhD.Moderate Anxiety'"", ""'Theoretical Economics.PhD.Multiple Choice'"", ""'Theoretical Economics.PhD.Severe Anxiety'"", ""'Theoretical Economics.PhD.Short Answer'"", ""'Theoretical Economics.PhD.Single Choice'"", ""'Theoretical Economics.PhD.True/False'"", ""'Theoretical Economics.Undergraduate"", ""'Theoretical Economics.Undergraduate.Mild Anxiety'"", ""'Theoretical Economics.Undergraduate.Moderate Anxiety'"", ""'Theoretical Economics.Undergraduate.Multiple Choice'"", ""'Theoretical Economics.Undergraduate.Severe Anxiety'"", ""'Theoretical Economics.Undergraduate.Short Answer'"", ""'Theoretical Economics.Undergraduate.Single Choice'"", ""'Theoretical Economics.Undergraduate.True/False'"", ""'Undergraduate"", ""'Undergraduate.Applied Economics'"", ""'Undergraduate.Aquaculture'"", ""'Undergraduate.Automation'"", ""'Undergraduate.Basic Medicine'"", ""'Undergraduate.Biology'"", ""'Undergraduate.Business Administration'"", ""'Undergraduate.Chemistry'"", ""'Undergraduate.Clinical Medicine'"", ""'Undergraduate.Computer Science'"", ""'Undergraduate.Crop Science'"", ""'Undergraduate.General Pedagogy'"", ""'Undergraduate.History'"", ""'Undergraduate.Law'"", ""'Undergraduate.Literature and Art'"", ""'Undergraduate.Mathematics'"", ""'Undergraduate.Military Science'"", ""'Undergraduate.Physical Education'"", ""'Undergraduate.Physics'"", ""'Undergraduate.Psychology'"", ""'Undergraduate.Public Administration'"", ""'Undergraduate.Sociology'"", ""'Undergraduate.Theoretical Economics'"", ""'临床医学"", ""'临床医学.博士"", ""'临床医学.博士.中度焦虑'"", ""'临床医学.博士.单选题'"", ""'临床医学.博士.多选题'"", ""'临床医学.博士.正常'"", ""'临床医学.博士.简答题'"", ""'临床医学.博士.轻度焦虑'"", ""'临床医学.博士.选择题'"", ""'临床医学.博士.重度焦虑'"", ""'临床医学.大学"", ""'临床医学.大学.中度焦虑'"", ""'临床医学.大学.单选题'"", ""'临床医学.大学.多选题'"", ""'临床医学.大学.正常'"", ""'临床医学.大学.简答题'"", ""'临床医学.大学.轻度焦虑'"", ""'临床医学.大学.选择题'"", ""'临床医学.大学.重度焦虑'"", ""'临床医学.硕士"", ""'临床医学.硕士.中度焦虑'"", ""'临床医学.硕士.单选题'"", ""'临床医学.硕士.多选题'"", ""'临床医学.硕士.正常'"", ""'临床医学.硕士.简答题'"", ""'临床医学.硕士.轻度焦虑'"", ""'临床医学.硕士.选择题'"", ""'临床医学.硕士.重度焦虑'"", ""'体育教育学"", ""'体育教育学.博士"", ""'体育教育学.博士.中度焦虑'"", ""'体育教育学.博士.单选题'"", ""'体育教育学.博士.多选题'"", ""'体育教育学.博士.正常'"", ""'体育教育学.博士.简答题'"", ""'体育教育学.博士.轻度焦虑'"", ""'体育教育学.博士.选择题'"", ""'体育教育学.博士.重度焦虑'"", ""'体育教育学.大学"", ""'体育教育学.大学.中度焦虑'"", ""'体育教育学.大学.单选题'"", ""'体育教育学.大学.多选题'"", ""'体育教育学.大学.正常'"", ""'体育教育学.大学.简答题'"", ""'体育教育学.大学.轻度焦虑'"", ""'体育教育学.大学.选择题'"", ""'体育教育学.大学.重度焦虑'"", ""'体育教育学.硕士"", ""'体育教育学.硕士.中度焦虑'"", ""'体育教育学.硕士.单选题'"", ""'体育教育学.硕士.多选题'"", ""'体育教育学.硕士.正常'"", ""'体育教育学.硕士.简答题'"", ""'体育教育学.硕士.轻度焦虑'"", ""'体育教育学.硕士.选择题'"", ""'体育教育学.硕士.重度焦虑'"", ""'作物科学"", ""'作物科学.博士"", ""'作物科学.博士.中度焦虑'"", ""'作物科学.博士.单选题'"", ""'作物科学.博士.多选题'"", ""'作物科学.博士.正常'"", ""'作物科学.博士.简答题'"", ""'作物科学.博士.轻度焦虑'"", ""'作物科学.博士.选择题'"", ""'作物科学.博士.重度焦虑'"", ""'作物科学.大学"", ""'作物科学.大学.中度焦虑'"", ""'作物科学.大学.单选题'"", ""'作物科学.大学.多选题'"", ""'作物科学.大学.正常'"", ""'作物科学.大学.简答题'"", ""'作物科学.大学.轻度焦虑'"", ""'作物科学.大学.选择题'"", ""'作物科学.大学.重度焦虑'"", ""'作物科学.硕士"", ""'作物科学.硕士.中度焦虑'"", ""'作物科学.硕士.单选题'"", ""'作物科学.硕士.多选题'"", ""'作物科学.硕士.正常'"", ""'作物科学.硕士.简答题'"", ""'作物科学.硕士.轻度焦虑'"", ""'作物科学.硕士.选择题'"", ""'作物科学.硕士.重度焦虑'"", ""'公共管理学"", ""'公共管理学.博士"", ""'公共管理学.博士.中度焦虑'"", ""'公共管理学.博士.单选题'"", ""'公共管理学.博士.多选题'"", ""'公共管理学.博士.正常'"", ""'公共管理学.博士.简答题'"", ""'公共管理学.博士.轻度焦虑'"", ""'公共管理学.博士.选择题'"", ""'公共管理学.博士.重度焦虑'"", ""'公共管理学.大学"", ""'公共管理学.大学.中度焦虑'"", ""'公共管理学.大学.单选题'"", ""'公共管理学.大学.多选题'"", ""'公共管理学.大学.正常'"", ""'公共管理学.大学.简答题'"", ""'公共管理学.大学.轻度焦虑'"", ""'公共管理学.大学.选择题'"", ""'公共管理学.大学.重度焦虑'"", ""'公共管理学.硕士"", ""'公共管理学.硕士.中度焦虑'"", ""'公共管理学.硕士.单选题'"", ""'公共管理学.硕士.多选题'"", ""'公共管理学.硕士.正常'"", ""'公共管理学.硕士.简答题'"", ""'公共管理学.硕士.轻度焦虑'"", ""'公共管理学.硕士.选择题'"", ""'公共管理学.硕士.重度焦虑'"", ""'军事学"", ""'军事学.博士"", ""'军事学.博士.中度焦虑'"", ""'军事学.博士.单选题'"", ""'军事学.博士.多选题'"", ""'军事学.博士.正常'"", ""'军事学.博士.简答题'"", ""'军事学.博士.轻度焦虑'"", ""'军事学.博士.选择题'"", ""'军事学.博士.重度焦虑'"", ""'军事学.大学"", ""'军事学.大学.中度焦虑'"", ""'军事学.大学.单选题'"", ""'军事学.大学.多选题'"", ""'军事学.大学.正常'"", ""'军事学.大学.简答题'"", ""'军事学.大学.轻度焦虑'"", ""'军事学.大学.选择题'"", ""'军事学.大学.重度焦虑'"", ""'军事学.硕士"", ""'军事学.硕士.中度焦虑'"", ""'军事学.硕士.单选题'"", ""'军事学.硕士.多选题'"", ""'军事学.硕士.正常'"", ""'军事学.硕士.简答题'"", ""'军事学.硕士.轻度焦虑'"", ""'军事学.硕士.选择题'"", ""'军事学.硕士.重度焦虑'"", ""'初中"", ""'初中.化学'"", ""'初中.历史'"", ""'初中.数学'"", ""'初中.物理'"", ""'初中.英语'"", ""'化学"", ""'化学.初中"", ""'化学.初中.中度焦虑'"", ""'化学.初中.单选题'"", ""'化学.初中.多选题'"", ""'化学.初中.正常'"", ""'化学.初中.简答题'"", ""'化学.初中.轻度焦虑'"", ""'化学.初中.选择题'"", ""'化学.初中.重度焦虑'"", ""'化学.博士"", ""'化学.博士.中度焦虑'"", ""'化学.博士.单选题'"", ""'化学.博士.多选题'"", ""'化学.博士.正常'"", ""'化学.博士.简答题'"", ""'化学.博士.轻度焦虑'"", ""'化学.博士.选择题'"", ""'化学.博士.重度焦虑'"", ""'化学.大学"", ""'化学.大学.中度焦虑'"", ""'化学.大学.单选题'"", ""'化学.大学.多选题'"", ""'化学.大学.正常'"", ""'化学.大学.简答题'"", ""'化学.大学.轻度焦虑'"", ""'化学.大学.选择题'"", ""'化学.大学.重度焦虑'"", ""'化学.小学"", ""'化学.小学.中度焦虑'"", ""'化学.小学.单选题'"", ""'化学.小学.多选题'"", ""'化学.小学.正常'"", ""'化学.小学.简答题'"", ""'化学.小学.轻度焦虑'"", ""'化学.小学.选择题'"", ""'化学.小学.重度焦虑'"", ""'化学.硕士"", ""'化学.硕士.中度焦虑'"", ""'化学.硕士.单选题'"", ""'化学.硕士.多选题'"", ""'化学.硕士.正常'"", ""'化学.硕士.简答题'"", ""'化学.硕士.轻度焦虑'"", ""'化学.硕士.选择题'"", ""'化学.硕士.重度焦虑'"", ""'化学.高中"", ""'化学.高中.中度焦虑'"", ""'化学.高中.单选题'"", ""'化学.高中.多选题'"", ""'化学.高中.正常'"", ""'化学.高中.简答题'"", ""'化学.高中.轻度焦虑'"", ""'化学.高中.选择题'"", ""'化学.高中.重度焦虑'"", ""'博士"", ""'博士.临床医学'"", ""'博士.体育教育学'"", ""'博士.作物科学'"", ""'博士.公共管理学'"", ""'博士.军事学'"", ""'博士.化学'"", ""'博士.历史学'"", ""'博士.商业管理学'"", ""'博士.基础医学'"", ""'博士.应用经济学'"", ""'博士.心理学'"", ""'博士.文学与艺术'"", ""'博士.普通教育学'"", ""'博士.水产养殖'"", ""'博士.法学'"", ""'博士.物理学'"", ""'博士.理论经济学'"", ""'博士.生物学'"", ""'博士.社会学'"", ""'博士.自动控制'"", ""'博士.计算机科学'"", ""'历史"", ""'历史.初中"", ""'历史.初中.中度焦虑'"", ""'历史.初中.单选题'"", ""'历史.初中.多选题'"", ""'历史.初中.正常'"", ""'历史.初中.简答题'"", ""'历史.初中.轻度焦虑'"", ""'历史.初中.选择题'"", ""'历史.初中.重度焦虑'"", ""'历史.小学"", ""'历史.小学.中度焦虑'"", ""'历史.小学.单选题'"", ""'历史.小学.多选题'"", ""'历史.小学.正常'"", ""'历史.小学.简答题'"", ""'历史.小学.轻度焦虑'"", ""'历史.小学.选择题'"", ""'历史.小学.重度焦虑'"", ""'历史.高中"", ""'历史.高中.中度焦虑'"", ""'历史.高中.单选题'"", ""'历史.高中.多选题'"", ""'历史.高中.正常'"", ""'历史.高中.简答题'"", ""'历史.高中.轻度焦虑'"", ""'历史.高中.选择题'"", ""'历史.高中.重度焦虑'"", ""'历史学"", ""'历史学.博士"", ""'历史学.博士.中度焦虑'"", ""'历史学.博士.单选题'"", ""'历史学.博士.多选题'"", ""'历史学.博士.正常'"", ""'历史学.博士.简答题'"", ""'历史学.博士.轻度焦虑'"", ""'历史学.博士.选择题'"", ""'历史学.博士.重度焦虑'"", ""'历史学.大学"", ""'历史学.大学.中度焦虑'"", ""'历史学.大学.单选题'"", ""'历史学.大学.多选题'"", ""'历史学.大学.正常'"", ""'历史学.大学.简答题'"", ""'历史学.大学.轻度焦虑'"", ""'历史学.大学.选择题'"", ""'历史学.大学.重度焦虑'"", ""'历史学.硕士"", ""'历史学.硕士.中度焦虑'"", ""'历史学.硕士.单选题'"", ""'历史学.硕士.多选题'"", ""'历史学.硕士.正常'"", ""'历史学.硕士.简答题'"", ""'历史学.硕士.轻度焦虑'"", ""'历史学.硕士.选择题'"", ""'历史学.硕士.重度焦虑'"", ""'商业管理学"", ""'商业管理学.博士"", ""'商业管理学.博士.中度焦虑'"", ""'商业管理学.博士.单选题'"", ""'商业管理学.博士.多选题'"", ""'商业管理学.博士.正常'"", ""'商业管理学.博士.简答题'"", ""'商业管理学.博士.轻度焦虑'"", ""'商业管理学.博士.选择题'"", ""'商业管理学.博士.重度焦虑'"", ""'商业管理学.大学"", ""'商业管理学.大学.中度焦虑'"", ""'商业管理学.大学.单选题'"", ""'商业管理学.大学.多选题'"", ""'商业管理学.大学.正常'"", ""'商业管理学.大学.简答题'"", ""'商业管理学.大学.轻度焦虑'"", ""'商业管理学.大学.选择题'"", ""'商业管理学.大学.重度焦虑'"", ""'商业管理学.硕士"", ""'商业管理学.硕士.中度焦虑'"", ""'商业管理学.硕士.单选题'"", ""'商业管理学.硕士.多选题'"", ""'商业管理学.硕士.正常'"", ""'商业管理学.硕士.简答题'"", ""'商业管理学.硕士.轻度焦虑'"", ""'商业管理学.硕士.选择题'"", ""'商业管理学.硕士.重度焦虑'"", ""'地理"", ""'地理.初中"", ""'地理.初中.中度焦虑'"", ""'地理.初中.单选题'"", ""'地理.初中.多选题'"", ""'地理.初中.正常'"", ""'地理.初中.简答题'"", ""'地理.初中.轻度焦虑'"", ""'地理.初中.选择题'"", ""'地理.初中.重度焦虑'"", ""'地理.小学"", ""'地理.小学.中度焦虑'"", ""'地理.小学.单选题'"", ""'地理.小学.多选题'"", ""'地理.小学.正常'"", ""'地理.小学.简答题'"", ""'地理.小学.轻度焦虑'"", ""'地理.小学.选择题'"", ""'地理.小学.重度焦虑'"", ""'地理.高中"", ""'地理.高中.中度焦虑'"", ""'地理.高中.单选题'"", ""'地理.高中.多选题'"", ""'地理.高中.正常'"", ""'地理.高中.简答题'"", ""'地理.高中.轻度焦虑'"", ""'地理.高中.选择题'"", ""'地理.高中.重度焦虑'"", ""'基础医学"", ""'基础医学.博士"", ""'基础医学.博士.中度焦虑'"", ""'基础医学.博士.单选题'"", ""'基础医学.博士.多选题'"", ""'基础医学.博士.正常'"", ""'基础医学.博士.简答题'"", ""'基础医学.博士.轻度焦虑'"", ""'基础医学.博士.选择题'"", ""'基础医学.博士.重度焦虑'"", ""'基础医学.大学"", ""'基础医学.大学.中度焦虑'"", ""'基础医学.大学.单选题'"", ""'基础医学.大学.多选题'"", ""'基础医学.大学.正常'"", ""'基础医学.大学.简答题'"", ""'基础医学.大学.轻度焦虑'"", ""'基础医学.大学.选择题'"", ""'基础医学.大学.重度焦虑'"", ""'基础医学.硕士"", ""'基础医学.硕士.中度焦虑'"", ""'基础医学.硕士.单选题'"", ""'基础医学.硕士.多选题'"", ""'基础医学.硕士.正常'"", ""'基础医学.硕士.简答题'"", ""'基础医学.硕士.轻度焦虑'"", ""'基础医学.硕士.选择题'"", ""'基础医学.硕士.重度焦虑'"", ""'大学"", ""'大学.临床医学'"", ""'大学.体育教育学'"", ""'大学.作物科学'"", ""'大学.公共管理学'"", ""'大学.军事学'"", ""'大学.化学'"", ""'大学.历史学'"", ""'大学.商业管理学'"", ""'大学.基础医学'"", ""'大学.应用经济学'"", ""'大学.心理学'"", ""'大学.数学'"", ""'大学.文学与艺术'"", ""'大学.水产养殖'"", ""'大学.法学'"", ""'大学.物理学'"", ""'大学.理论经济学'"", ""'大学.生物学'"", ""'大学.社会学'"", ""'大学.自动控制'"", ""'大学.计算机科学'"", ""'小学"", ""'小学.化学'"", ""'小学.地理'"", ""'小学.数学'"", ""'小学.物理'"", ""'小学.生物'"", ""'小学.英语'"", ""'应用经济学"", ""'应用经济学.博士"", ""'应用经济学.博士.中度焦虑'"", ""'应用经济学.博士.单选题'"", ""'应用经济学.博士.多选题'"", ""'应用经济学.博士.正常'"", ""'应用经济学.博士.简答题'"", ""'应用经济学.博士.轻度焦虑'"", ""'应用经济学.博士.选择题'"", ""'应用经济学.博士.重度焦虑'"", ""'应用经济学.大学"", ""'应用经济学.大学.中度焦虑'"", ""'应用经济学.大学.单选题'"", ""'应用经济学.大学.多选题'"", ""'应用经济学.大学.正常'"", ""'应用经济学.大学.简答题'"", ""'应用经济学.大学.轻度焦虑'"", ""'应用经济学.大学.选择题'"", ""'应用经济学.大学.重度焦虑'"", ""'应用经济学.硕士"", ""'应用经济学.硕士.中度焦虑'"", ""'应用经济学.硕士.单选题'"", ""'应用经济学.硕士.多选题'"", ""'应用经济学.硕士.简答题'"", ""'应用经济学.硕士.轻度焦虑'"", ""'应用经济学.硕士.选择题'"", ""'应用经济学.硕士.重度焦虑'"", ""'心理学"", ""'心理学.博士"", ""'心理学.博士.中度焦虑'"", ""'心理学.博士.单选题'"", ""'心理学.博士.多选题'"", ""'心理学.博士.正常'"", ""'心理学.博士.简答题'"", ""'心理学.博士.轻度焦虑'"", ""'心理学.博士.选择题'"", ""'心理学.博士.重度焦虑'"", ""'心理学.大学"", ""'心理学.大学.中度焦虑'"", ""'心理学.大学.单选题'"", ""'心理学.大学.多选题'"", ""'心理学.大学.简答题'"", ""'心理学.大学.轻度焦虑'"", ""'心理学.大学.选择题'"", ""'心理学.大学.重度焦虑'"", ""'心理学.硕士"", ""'心理学.硕士.中度焦虑'"", ""'心理学.硕士.单选题'"", ""'心理学.硕士.多选题'"", ""'心理学.硕士.正常'"", ""'心理学.硕士.简答题'"", ""'心理学.硕士.轻度焦虑'"", ""'心理学.硕士.选择题'"", ""'心理学.硕士.重度焦虑'"", ""'数学"", ""'数学.初中"", ""'数学.初中.中度焦虑'"", ""'数学.初中.单选题'"", ""'数学.初中.多选题'"", ""'数学.初中.正常'"", ""'数学.初中.简答题'"", ""'数学.初中.轻度焦虑'"", ""'数学.初中.选择题'"", ""'数学.初中.重度焦虑'"", ""'数学.博士"", ""'数学.博士.中度焦虑'"", ""'数学.博士.单选题'"", ""'数学.博士.多选题'"", ""'数学.博士.正常'"", ""'数学.博士.简答题'"", ""'数学.博士.轻度焦虑'"", ""'数学.博士.选择题'"", ""'数学.博士.重度焦虑'"", ""'数学.大学"", ""'数学.大学.中度焦虑'"", ""'数学.大学.单选题'"", ""'数学.大学.多选题'"", ""'数学.大学.正常'"", ""'数学.大学.简答题'"", ""'数学.大学.轻度焦虑'"", ""'数学.大学.选择题'"", ""'数学.大学.重度焦虑'"", ""'数学.小学"", ""'数学.小学.中度焦虑'"", ""'数学.小学.单选题'"", ""'数学.小学.多选题'"", ""'数学.小学.正常'"", ""'数学.小学.简答题'"", ""'数学.小学.轻度焦虑'"", ""'数学.小学.选择题'"", ""'数学.小学.重度焦虑'"", ""'数学.硕士"", ""'数学.硕士.中度焦虑'"", ""'数学.硕士.单选题'"", ""'数学.硕士.多选题'"", ""'数学.硕士.正常'"", ""'数学.硕士.简答题'"", ""'数学.硕士.轻度焦虑'"", ""'数学.硕士.选择题'"", ""'数学.硕士.重度焦虑'"", ""'数学.高中"", ""'数学.高中.中度焦虑'"", ""'数学.高中.单选题'"", ""'数学.高中.多选题'"", ""'数学.高中.正常'"", ""'数学.高中.简答题'"", ""'数学.高中.轻度焦虑'"", ""'数学.高中.选择题'"", ""'数学.高中.重度焦虑'"", ""'文学与艺术"", ""'文学与艺术.博士"", ""'文学与艺术.博士.中度焦虑'"", ""'文学与艺术.博士.单选题'"", ""'文学与艺术.博士.多选题'"", ""'文学与艺术.博士.正常'"", ""'文学与艺术.博士.简答题'"", ""'文学与艺术.博士.轻度焦虑'"", ""'文学与艺术.博士.选择题'"", ""'文学与艺术.博士.重度焦虑'"", ""'文学与艺术.大学"", ""'文学与艺术.大学.中度焦虑'"", ""'文学与艺术.大学.单选题'"", ""'文学与艺术.大学.多选题'"", ""'文学与艺术.大学.正常'"", ""'文学与艺术.大学.简答题'"", ""'文学与艺术.大学.轻度焦虑'"", ""'文学与艺术.大学.选择题'"", ""'文学与艺术.大学.重度焦虑'"", ""'文学与艺术.硕士"", ""'文学与艺术.硕士.中度焦虑'"", ""'文学与艺术.硕士.单选题'"", ""'文学与艺术.硕士.多选题'"", ""'文学与艺术.硕士.正常'"", ""'文学与艺术.硕士.简答题'"", ""'文学与艺术.硕士.轻度焦虑'"", ""'文学与艺术.硕士.选择题'"", ""'文学与艺术.硕士.重度焦虑'"", ""'普通教育学"", ""'普通教育学.博士"", ""'普通教育学.博士.中度焦虑'"", ""'普通教育学.博士.单选题'"", ""'普通教育学.博士.多选题'"", ""'普通教育学.博士.正常'"", ""'普通教育学.博士.简答题'"", ""'普通教育学.博士.轻度焦虑'"", ""'普通教育学.博士.选择题'"", ""'普通教育学.博士.重度焦虑'"", ""'普通教育学.大学"", ""'普通教育学.大学.中度焦虑'"", ""'普通教育学.大学.单选题'"", ""'普通教育学.大学.多选题'"", ""'普通教育学.大学.正常'"", ""'普通教育学.大学.简答题'"", ""'普通教育学.大学.轻度焦虑'"", ""'普通教育学.大学.选择题'"", ""'普通教育学.大学.重度焦虑'"", ""'普通教育学.硕士"", ""'普通教育学.硕士.中度焦虑'"", ""'普通教育学.硕士.单选题'"", ""'普通教育学.硕士.多选题'"", ""'普通教育学.硕士.正常'"", ""'普通教育学.硕士.简答题'"", ""'普通教育学.硕士.轻度焦虑'"", ""'普通教育学.硕士.选择题'"", ""'普通教育学.硕士.重度焦虑'"", ""'水产养殖"", ""'水产养殖.博士"", ""'水产养殖.博士.中度焦虑'"", ""'水产养殖.博士.单选题'"", ""'水产养殖.博士.多选题'"", ""'水产养殖.博士.正常'"", ""'水产养殖.博士.简答题'"", ""'水产养殖.博士.轻度焦虑'"", ""'水产养殖.博士.选择题'"", ""'水产养殖.博士.重度焦虑'"", ""'水产养殖.大学"", ""'水产养殖.大学.中度焦虑'"", ""'水产养殖.大学.单选题'"", ""'水产养殖.大学.多选题'"", ""'水产养殖.大学.正常'"", ""'水产养殖.大学.简答题'"", ""'水产养殖.大学.轻度焦虑'"", ""'水产养殖.大学.选择题'"", ""'水产养殖.大学.重度焦虑'"", ""'水产养殖.硕士"", ""'水产养殖.硕士.中度焦虑'"", ""'水产养殖.硕士.单选题'"", ""'水产养殖.硕士.多选题'"", ""'水产养殖.硕士.正常'"", ""'水产养殖.硕士.简答题'"", ""'水产养殖.硕士.轻度焦虑'"", ""'水产养殖.硕士.选择题'"", ""'水产养殖.硕士.重度焦虑'"", ""'法学"", ""'法学.博士"", ""'法学.博士.中度焦虑'"", ""'法学.博士.单选题'"", ""'法学.博士.多选题'"", ""'法学.博士.正常'"", ""'法学.博士.简答题'"", ""'法学.博士.轻度焦虑'"", ""'法学.博士.选择题'"", ""'法学.博士.重度焦虑'"", ""'法学.大学"", ""'法学.大学.中度焦虑'"", ""'法学.大学.单选题'"", ""'法学.大学.多选题'"", ""'法学.大学.正常'"", ""'法学.大学.简答题'"", ""'法学.大学.轻度焦虑'"", ""'法学.大学.选择题'"", ""'法学.大学.重度焦虑'"", ""'法学.硕士"", ""'法学.硕士.中度焦虑'"", ""'法学.硕士.单选题'"", ""'法学.硕士.多选题'"", ""'法学.硕士.正常'"", ""'法学.硕士.简答题'"", ""'法学.硕士.轻度焦虑'"", ""'法学.硕士.选择题'"", ""'法学.硕士.重度焦虑'"", ""'物理"", ""'物理.初中"", ""'物理.初中.中度焦虑'"", ""'物理.初中.单选题'"", ""'物理.初中.多选题'"", ""'物理.初中.正常'"", ""'物理.初中.简答题'"", ""'物理.初中.轻度焦虑'"", ""'物理.初中.选择题'"", ""'物理.初中.重度焦虑'"", ""'物理.小学"", ""'物理.小学.中度焦虑'"", ""'物理.小学.单选题'"", ""'物理.小学.多选题'"", ""'物理.小学.正常'"", ""'物理.小学.简答题'"", ""'物理.小学.轻度焦虑'"", ""'物理.小学.选择题'"", ""'物理.小学.重度焦虑'"", ""'物理.高中"", ""'物理.高中.中度焦虑'"", ""'物理.高中.单选题'"", ""'物理.高中.多选题'"", ""'物理.高中.正常'"", ""'物理.高中.简答题'"", ""'物理.高中.轻度焦虑'"", ""'物理.高中.选择题'"", ""'物理.高中.重度焦虑'"", ""'物理学"", ""'物理学.博士"", ""'物理学.博士.中度焦虑'"", ""'物理学.博士.单选题'"", ""'物理学.博士.多选题'"", ""'物理学.博士.正常'"", ""'物理学.博士.简答题'"", ""'物理学.博士.轻度焦虑'"", ""'物理学.博士.选择题'"", ""'物理学.博士.重度焦虑'"", ""'物理学.大学"", ""'物理学.大学.中度焦虑'"", ""'物理学.大学.单选题'"", ""'物理学.大学.多选题'"", ""'物理学.大学.正常'"", ""'物理学.大学.简答题'"", ""'物理学.大学.轻度焦虑'"", ""'物理学.大学.选择题'"", ""'物理学.大学.重度焦虑'"", ""'物理学.硕士"", ""'物理学.硕士.中度焦虑'"", ""'物理学.硕士.单选题'"", ""'物理学.硕士.多选题'"", ""'物理学.硕士.正常'"", ""'物理学.硕士.简答题'"", ""'物理学.硕士.轻度焦虑'"", ""'物理学.硕士.选择题'"", ""'物理学.硕士.重度焦虑'"", ""'理论经济学"", ""'理论经济学.博士"", ""'理论经济学.博士.中度焦虑'"", ""'理论经济学.博士.单选题'"", ""'理论经济学.博士.多选题'"", ""'理论经济学.博士.正常'"", ""'理论经济学.博士.简答题'"", ""'理论经济学.博士.轻度焦虑'"", ""'理论经济学.博士.选择题'"", ""'理论经济学.博士.重度焦虑'"", ""'理论经济学.大学"", ""'理论经济学.大学.中度焦虑'"", ""'理论经济学.大学.单选题'"", ""'理论经济学.大学.多选题'"", ""'理论经济学.大学.正常'"", ""'理论经济学.大学.简答题'"", ""'理论经济学.大学.轻度焦虑'"", ""'理论经济学.大学.选择题'"", ""'理论经济学.大学.重度焦虑'"", ""'理论经济学.硕士"", ""'理论经济学.硕士.中度焦虑'"", ""'理论经济学.硕士.单选题'"", ""'理论经济学.硕士.多选题'"", ""'理论经济学.硕士.正常'"", ""'理论经济学.硕士.简答题'"", ""'理论经济学.硕士.轻度焦虑'"", ""'理论经济学.硕士.选择题'"", ""'理论经济学.硕士.重度焦虑'"", ""'生物"", ""'生物.初中"", ""'生物.初中.中度焦虑'"", ""'生物.初中.单选题'"", ""'生物.初中.多选题'"", ""'生物.初中.正常'"", ""'生物.初中.简答题'"", ""'生物.初中.轻度焦虑'"", ""'生物.初中.选择题'"", ""'生物.初中.重度焦虑'"", ""'生物.小学"", ""'生物.小学.中度焦虑'"", ""'生物.小学.单选题'"", ""'生物.小学.多选题'"", ""'生物.小学.正常'"", ""'生物.小学.简答题'"", ""'生物.小学.轻度焦虑'"", ""'生物.小学.选择题'"", ""'生物.小学.重度焦虑'"", ""'生物.高中"", ""'生物.高中.中度焦虑'"", ""'生物.高中.单选题'"", ""'生物.高中.多选题'"", ""'生物.高中.正常'"", ""'生物.高中.简答题'"", ""'生物.高中.轻度焦虑'"", ""'生物.高中.选择题'"", ""'生物.高中.重度焦虑'"", ""'生物学"", ""'生物学.博士"", ""'生物学.博士.中度焦虑'"", ""'生物学.博士.单选题'"", ""'生物学.博士.多选题'"", ""'生物学.博士.正常'"", ""'生物学.博士.简答题'"", ""'生物学.博士.轻度焦虑'"", ""'生物学.博士.选择题'"", ""'生物学.博士.重度焦虑'"", ""'生物学.大学"", ""'生物学.大学.中度焦虑'"", ""'生物学.大学.单选题'"", ""'生物学.大学.多选题'"", ""'生物学.大学.正常'"", ""'生物学.大学.简答题'"", ""'生物学.大学.轻度焦虑'"", ""'生物学.大学.选择题'"", ""'生物学.大学.重度焦虑'"", ""'生物学.硕士"", ""'生物学.硕士.中度焦虑'"", ""'生物学.硕士.单选题'"", ""'生物学.硕士.多选题'"", ""'生物学.硕士.正常'"", ""'生物学.硕士.简答题'"", ""'生物学.硕士.轻度焦虑'"", ""'生物学.硕士.选择题'"", ""'生物学.硕士.重度焦虑'"", ""'硕士"", ""'硕士.临床医学'"", ""'硕士.体育教育学'"", ""'硕士.作物科学'"", ""'硕士.公共管理学'"", ""'硕士.军事学'"", ""'硕士.化学'"", ""'硕士.历史学'"", ""'硕士.商业管理学'"", ""'硕士.基础医学'"", ""'硕士.数学'"", ""'硕士.普通教育学'"", ""'硕士.水产养殖'"", ""'硕士.法学'"", ""'硕士.物理学'"", ""'硕士.理论经济学'"", ""'硕士.社会学'"", ""'硕士.计算机科学'"", ""'社会学"", ""'社会学.博士"", ""'社会学.博士.中度焦虑'"", ""'社会学.博士.单选题'"", ""'社会学.博士.多选题'"", ""'社会学.博士.正常'"", ""'社会学.博士.简答题'"", ""'社会学.博士.轻度焦虑'"", ""'社会学.博士.选择题'"", ""'社会学.博士.重度焦虑'"", ""'社会学.大学"", ""'社会学.大学.中度焦虑'"", ""'社会学.大学.单选题'"", ""'社会学.大学.多选题'"", ""'社会学.大学.正常'"", ""'社会学.大学.简答题'"", ""'社会学.大学.轻度焦虑'"", ""'社会学.大学.选择题'"", ""'社会学.大学.重度焦虑'"", ""'社会学.硕士"", ""'社会学.硕士.中度焦虑'"", ""'社会学.硕士.单选题'"", ""'社会学.硕士.多选题'"", ""'社会学.硕士.正常'"", ""'社会学.硕士.简答题'"", ""'社会学.硕士.轻度焦虑'"", ""'社会学.硕士.选择题'"", ""'社会学.硕士.重度焦虑'"", ""'自动控制"", ""'自动控制.博士"", ""'自动控制.博士.中度焦虑'"", ""'自动控制.博士.单选题'"", ""'自动控制.博士.多选题'"", ""'自动控制.博士.正常'"", ""'自动控制.博士.简答题'"", ""'自动控制.博士.轻度焦虑'"", ""'自动控制.博士.选择题'"", ""'自动控制.博士.重度焦虑'"", ""'自动控制.大学"", ""'自动控制.大学.中度焦虑'"", ""'自动控制.大学.单选题'"", ""'自动控制.大学.多选题'"", ""'自动控制.大学.正常'"", ""'自动控制.大学.简答题'"", ""'自动控制.大学.轻度焦虑'"", ""'自动控制.大学.选择题'"", ""'自动控制.大学.重度焦虑'"", ""'自动控制.硕士"", ""'自动控制.硕士.中度焦虑'"", ""'自动控制.硕士.单选题'"", ""'自动控制.硕士.多选题'"", ""'自动控制.硕士.正常'"", ""'自动控制.硕士.简答题'"", ""'自动控制.硕士.轻度焦虑'"", ""'自动控制.硕士.选择题'"", ""'自动控制.硕士.重度焦虑'"", ""'英语"", ""'英语.初中"", ""'英语.初中.中度焦虑'"", ""'英语.初中.单选题'"", ""'英语.初中.多选题'"", ""'英语.初中.正常'"", ""'英语.初中.简答题'"", ""'英语.初中.轻度焦虑'"", ""'英语.初中.选择题'"", ""'英语.初中.重度焦虑'"", ""'英语.小学"", ""'英语.小学.中度焦虑'"", ""'英语.小学.单选题'"", ""'英语.小学.多选题'"", ""'英语.小学.正常'"", ""'英语.小学.简答题'"", ""'英语.小学.轻度焦虑'"", ""'英语.小学.选择题'"", ""'英语.小学.重度焦虑'"", ""'英语.高中"", ""'英语.高中.中度焦虑'"", ""'英语.高中.单选题'"", ""'英语.高中.多选题'"", ""'英语.高中.正常'"", ""'英语.高中.简答题'"", ""'英语.高中.轻度焦虑'"", ""'英语.高中.选择题'"", ""'英语.高中.重度焦虑'"", ""'计算机科学"", ""'计算机科学.博士"", ""'计算机科学.博士.中度焦虑'"", ""'计算机科学.博士.单选题'"", ""'计算机科学.博士.多选题'"", ""'计算机科学.博士.正常'"", ""'计算机科学.博士.简答题'"", ""'计算机科学.博士.轻度焦虑'"", ""'计算机科学.博士.选择题'"", ""'计算机科学.博士.重度焦虑'"", ""'计算机科学.大学"", ""'计算机科学.大学.中度焦虑'"", ""'计算机科学.大学.单选题'"", ""'计算机科学.大学.多选题'"", ""'计算机科学.大学.正常'"", ""'计算机科学.大学.简答题'"", ""'计算机科学.大学.轻度焦虑'"", ""'计算机科学.大学.选择题'"", ""'计算机科学.大学.重度焦虑'"", ""'计算机科学.硕士"", ""'计算机科学.硕士.中度焦虑'"", ""'计算机科学.硕士.单选题'"", ""'计算机科学.硕士.多选题'"", ""'计算机科学.硕士.正常'"", ""'计算机科学.硕士.简答题'"", ""'计算机科学.硕士.轻度焦虑'"", ""'计算机科学.硕士.选择题'"", ""'计算机科学.硕士.重度焦虑'"", ""'语文"", ""'语文.初中"", ""'语文.初中.中度焦虑'"", ""'语文.初中.单选题'"", ""'语文.初中.多选题'"", ""'语文.初中.正常'"", ""'语文.初中.简答题'"", ""'语文.初中.轻度焦虑'"", ""'语文.初中.选择题'"", ""'语文.初中.重度焦虑'"", ""'语文.小学"", ""'语文.小学.中度焦虑'"", ""'语文.小学.单选题'"", ""'语文.小学.多选题'"", ""'语文.小学.正常'"", ""'语文.小学.简答题'"", ""'语文.小学.轻度焦虑'"", ""'语文.小学.选择题'"", ""'语文.小学.重度焦虑'"", ""'语文.高中"", ""'语文.高中.中度焦虑'"", ""'语文.高中.单选题'"", ""'语文.高中.多选题'"", ""'语文.高中.正常'"", ""'语文.高中.简答题'"", ""'语文.高中.轻度焦虑'"", ""'语文.高中.选择题'"", ""'语文.高中.重度焦虑'"", ""'高中"", ""'高中.化学'"", ""'高中.历史'"", ""'高中.地理'"", ""'高中.数学'"", ""'高中.物理'"", ""'高中.生物'"", ""'高中.英语'"", ""'高中.语文'"", ""Elementary School'"", ""Elementary School'.'Biology"", ""Elementary School'.'Chemistry"", ""Elementary School'.'Chinese"", ""Elementary School'.'English"", ""Elementary School'.'Geography"", ""Elementary School'.'History"", ""Elementary School'.'Mathematics"", ""Elementary School'.'Physics"", ""High School'"", ""High School'.'Biology"", ""High School'.'Chemistry"", ""High School'.'Chinese"", ""High School'.'English"", ""High School'.'Geography"", ""High School'.'History"", ""High School'.'Mathematics"", ""High School'.'Physics"", ""Master'"", ""Master'.'Applied Economics"", ""Master'.'Aquaculture"", ""Master'.'Automation"", ""Master'.'Biology"", ""Master'.'Chemistry"", ""Master'.'Computer Science"", ""Master'.'Crop Science"", ""Master'.'Mathematics"", ""Master'.'Physics"", ""Middle School'"", ""Middle School'.'Biology"", ""Middle School'.'Chemistry"", ""Middle School'.'Chinese"", ""Middle School'.'English"", ""Middle School'.'Geography"", ""Middle School'.'History"", ""Middle School'.'Mathematics"", ""Middle School'.'Physics"", ""PhD'"", ""PhD'.'Applied Economics"", ""PhD'.'Aquaculture"", ""PhD'.'Automation"", ""PhD'.'Biology"", ""PhD'.'Chemistry"", ""PhD'.'Computer Science"", ""PhD'.'Crop Science"", ""PhD'.'Mathematics"", ""PhD'.'Physics"", ""Undergraduate'"", ""Undergraduate'.'Applied Economics"", ""Undergraduate'.'Aquaculture"", ""Undergraduate'.'Automation"", ""Undergraduate'.'Biology"", ""Undergraduate'.'Chemistry"", ""Undergraduate'.'Computer Science"", ""Undergraduate'.'Crop Science"", ""Undergraduate'.'Mathematics"", ""Undergraduate'.'Physics"", ""Undergraduate'.'Theoretical Economics"", ""__key__"", ""初中'"", ""初中'.'化学"", ""初中'.'历史"", ""初中'.'地理"", ""初中'.'数学"", ""初中'.'物理"", ""初中'.'生物"", ""初中'.'英语"", ""初中'.'语文"", ""博士'"", ""博士'.'临床医学"", ""博士'.'体育教育学"", ""博士'.'作物科学"", ""博士'.'公共管理学"", ""博士'.'军事学"", ""博士'.'化学"", ""博士'.'历史学"", ""博士'.'商业管理学"", ""博士'.'基础医学"", ""博士'.'应用经济学"", ""博士'.'心理学"", ""博士'.'数学"", ""博士'.'文学与艺术"", ""博士'.'普通教育学"", ""博士'.'水产养殖"", ""博士'.'法学"", ""博士'.'物理学"", ""博士'.'理论经济学"", ""博士'.'生物学"", ""博士'.'社会学"", ""博士'.'自动控制"", ""博士'.'计算机科学"", ""大学'"", ""大学'.'临床医学"", ""大学'.'体育教育学"", ""大学'.'作物科学"", ""大学'.'公共管理学"", ""大学'.'军事学"", ""大学'.'化学"", ""大学'.'历史学"", ""大学'.'商业管理学"", ""大学'.'基础医学"", ""大学'.'应用经济学"", ""大学'.'心理学"", ""大学'.'数学"", ""大学'.'文学与艺术"", ""大学'.'普通教育学"", ""大学'.'水产养殖"", ""大学'.'法学"", ""大学'.'物理学"", ""大学'.'理论经济学"", ""大学'.'生物学"", ""大学'.'社会学"", ""大学'.'自动控制"", ""大学'.'计算机科学"", ""小学'"", ""小学'.'化学"", ""小学'.'历史"", ""小学'.'地理"", ""小学'.'数学"", ""小学'.'物理"", ""小学'.'生物"", ""小学'.'英语"", ""小学'.'语文"", ""硕士'"", ""硕士'.'临床医学"", ""硕士'.'体育教育学"", ""硕士'.'作物科学"", ""硕士'.'公共管理学"", ""硕士'.'军事学"", ""硕士'.'化学"", ""硕士'.'历史学"", ""硕士'.'商业管理学"", ""硕士'.'基础医学"", ""硕士'.'应用经济学"", ""硕士'.'心理学"", ""硕士'.'数学"", ""硕士'.'文学与艺术"", ""硕士'.'普通教育学"", ""硕士'.'水产养殖"", ""硕士'.'法学"", ""硕士'.'物理学"", ""硕士'.'理论经济学"", ""硕士'.'生物学"", ""硕士'.'社会学"", ""硕士'.'自动控制"", ""硕士'.'计算机科学"", ""高中'"", ""高中'.'化学"", ""高中'.'历史"", ""高中'.'地理"", ""高中'.'数学"", ""高中'.'物理"", ""高中'.'生物"", ""高中'.'英语"", ""高中'.'语文""]",[],[],[],[],[],[],[],[],[],[],unknown,
categories/category_merge.json,16,"[""'higher education"", ""'k12 level"", ""__key__""]","{""'higher education"": 1.0, ""'k12 level"": 1.0, ""__key__"": 1.0}","[""'higher education"", ""'higher education.'Applied Economics"", ""'higher education.'Applied Economics.Mild Anxiety'"", ""'higher education.'Applied Economics.Moderate Anxiety'"", ""'higher education.'Applied Economics.Multiple Choice'"", ""'higher education.'Applied Economics.Severe Anxiety'"", ""'higher education.'Applied Economics.Short Answer'"", ""'higher education.'Applied Economics.Single Choice'"", ""'higher education.'Applied Economics.True/False'"", ""'higher education.'Applied Economics.合计"", ""'higher education.'Aquaculture"", ""'higher education.'Aquaculture.Mild Anxiety'"", ""'higher education.'Aquaculture.Moderate Anxiety'"", ""'higher education.'Aquaculture.Multiple Choice'"", ""'higher education.'Aquaculture.Severe Anxiety'"", ""'higher education.'Aquaculture.Short Answer'"", ""'higher education.'Aquaculture.Single Choice'"", ""'higher education.'Aquaculture.True/False'"", ""'higher education.'Aquaculture.合计"", ""'higher education.'Automation"", ""'higher education.'Automation.Mild Anxiety'"", ""'higher education.'Automation.Moderate Anxiety'"", ""'higher education.'Automation.Multiple Choice'"", ""'higher education.'Automation.Severe Anxiety'"", ""'higher education.'Automation.Short Answer'"", ""'higher education.'Automation.Single Choice'"", ""'higher education.'Automation.True/False'"", ""'higher education.'Automation.合计"", ""'higher education.'Basic Medicine"", ""'higher education.'Basic Medicine.Mild Anxiety'"", ""'higher education.'Basic Medicine.Moderate Anxiety'"", ""'higher education.'Basic Medicine.Multiple Choice'"", ""'higher education.'Basic Medicine.Severe Anxiety'"", ""'higher education.'Basic Medicine.Short Answer'"", ""'higher education.'Basic Medicine.Single Choice'"", ""'higher education.'Basic Medicine.True/False'"", ""'higher education.'Basic Medicine.合计"", ""'higher education.'Biology"", ""'higher education.'Biology.Mild Anxiety'"", ""'higher education.'Biology.Moderate Anxiety'"", ""'higher education.'Biology.Multiple Choice'"", ""'higher education.'Biology.Severe Anxiety'"", ""'higher education.'Biology.Short Answer'"", ""'higher education.'Biology.Single Choice'"", ""'higher education.'Biology.True/False'"", ""'higher education.'Biology.合计"", ""'higher education.'Business Administration"", ""'higher education.'Business Administration.Mild Anxiety'"", ""'higher education.'Business Administration.Moderate Anxiety'"", ""'higher education.'Business Administration.Multiple Choice'"", ""'higher education.'Business Administration.Severe Anxiety'"", ""'higher education.'Business Administration.Short Answer'"", ""'higher education.'Business Administration.Single Choice'"", ""'higher education.'Business Administration.True/False'"", ""'higher education.'Business Administration.合计"", ""'higher education.'Chemistry"", ""'higher education.'Chemistry.Mild Anxiety'"", ""'higher education.'Chemistry.Moderate Anxiety'"", ""'higher education.'Chemistry.Multiple Choice'"", ""'higher education.'Chemistry.Severe Anxiety'"", ""'higher education.'Chemistry.Short Answer'"", ""'higher education.'Chemistry.Single Choice'"", ""'higher education.'Chemistry.True/False'"", ""'higher education.'Chemistry.合计"", ""'higher education.'Clinical Medicine"", ""'higher education.'Clinical Medicine.Mild Anxiety'"", ""'higher education.'Clinical Medicine.Moderate Anxiety'"", ""'higher education.'Clinical Medicine.Multiple Choice'"", ""'higher education.'Clinical Medicine.Severe Anxiety'"", ""'higher education.'Clinical Medicine.Short Answer'"", ""'higher education.'Clinical Medicine.Single Choice'"", ""'higher education.'Clinical Medicine.True/False'"", ""'higher education.'Clinical Medicine.合计"", ""'higher education.'Computer Science"", ""'higher education.'Computer Science.Mild Anxiety'"", ""'higher education.'Computer Science.Moderate Anxiety'"", ""'higher education.'Computer Science.Multiple Choice'"", ""'higher education.'Computer Science.Severe Anxiety'"", ""'higher education.'Computer Science.Short Answer'"", ""'higher education.'Computer Science.Single Choice'"", ""'higher education.'Computer Science.True/False'"", ""'higher education.'Computer Science.合计"", ""'higher education.'Crop Science"", ""'higher education.'Crop Science.Mild Anxiety'"", ""'higher education.'Crop Science.Moderate Anxiety'"", ""'higher education.'Crop Science.Multiple Choice'"", ""'higher education.'Crop Science.Severe Anxiety'"", ""'higher education.'Crop Science.Short Answer'"", ""'higher education.'Crop Science.Single Choice'"", ""'higher education.'Crop Science.True/False'"", ""'higher education.'Crop Science.合计"", ""'higher education.'General Pedagogy"", ""'higher education.'General Pedagogy.Mild Anxiety'"", ""'higher education.'General Pedagogy.Moderate Anxiety'"", ""'higher education.'General Pedagogy.Multiple Choice'"", ""'higher education.'General Pedagogy.Severe Anxiety'"", ""'higher education.'General Pedagogy.Short Answer'"", ""'higher education.'General Pedagogy.Single Choice'"", ""'higher education.'General Pedagogy.True/False'"", ""'higher education.'General Pedagogy.合计"", ""'higher education.'History"", ""'higher education.'History.Mild Anxiety'"", ""'higher education.'History.Moderate Anxiety'"", ""'higher education.'History.Multiple Choice'"", ""'higher education.'History.Severe Anxiety'"", ""'higher education.'History.Short Answer'"", ""'higher education.'History.Single Choice'"", ""'higher education.'History.True/False'"", ""'higher education.'History.合计"", ""'higher education.'Law"", ""'higher education.'Law.Mild Anxiety'"", ""'higher education.'Law.Moderate Anxiety'"", ""'higher education.'Law.Multiple Choice'"", ""'higher education.'Law.Severe Anxiety'"", ""'higher education.'Law.Short Answer'"", ""'higher education.'Law.Single Choice'"", ""'higher education.'Law.True/False'"", ""'higher education.'Law.合计"", ""'higher education.'Literature and Art"", ""'higher education.'Literature and Art.Mild Anxiety'"", ""'higher education.'Literature and Art.Moderate Anxiety'"", ""'higher education.'Literature and Art.Multiple Choice'"", ""'higher education.'Literature and Art.Severe Anxiety'"", ""'higher education.'Literature and Art.Short Answer'"", ""'higher education.'Literature and Art.Single Choice'"", ""'higher education.'Literature and Art.True/False'"", ""'higher education.'Literature and Art.合计"", ""'higher education.'Mathematics"", ""'higher education.'Mathematics.Mild Anxiety'"", ""'higher education.'Mathematics.Moderate Anxiety'"", ""'higher education.'Mathematics.Multiple Choice'"", ""'higher education.'Mathematics.Severe Anxiety'"", ""'higher education.'Mathematics.Short Answer'"", ""'higher education.'Mathematics.Single Choice'"", ""'higher education.'Mathematics.True/False'"", ""'higher education.'Mathematics.合计"", ""'higher education.'Military Science"", ""'higher education.'Military Science.Mild Anxiety'"", ""'higher education.'Military Science.Moderate Anxiety'"", ""'higher education.'Military Science.Multiple Choice'"", ""'higher education.'Military Science.Severe Anxiety'"", ""'higher education.'Military Science.Short Answer'"", ""'higher education.'Military Science.Single Choice'"", ""'higher education.'Military Science.True/False'"", ""'higher education.'Military Science.合计"", ""'higher education.'Physical Education"", ""'higher education.'Physical Education.Mild Anxiety'"", ""'higher education.'Physical Education.Moderate Anxiety'"", ""'higher education.'Physical Education.Multiple Choice'"", ""'higher education.'Physical Education.Severe Anxiety'"", ""'higher education.'Physical Education.Short Answer'"", ""'higher education.'Physical Education.Single Choice'"", ""'higher education.'Physical Education.True/False'"", ""'higher education.'Physical Education.合计"", ""'higher education.'Physics"", ""'higher education.'Physics.Mild Anxiety'"", ""'higher education.'Physics.Moderate Anxiety'"", ""'higher education.'Physics.Multiple Choice'"", ""'higher education.'Physics.Severe Anxiety'"", ""'higher education.'Physics.Short Answer'"", ""'higher education.'Physics.Single Choice'"", ""'higher education.'Physics.True/False'"", ""'higher education.'Physics.合计"", ""'higher education.'Psychology"", ""'higher education.'Psychology.Mild Anxiety'"", ""'higher education.'Psychology.Moderate Anxiety'"", ""'higher education.'Psychology.Multiple Choice'"", ""'higher education.'Psychology.Severe Anxiety'"", ""'higher education.'Psychology.Short Answer'"", ""'higher education.'Psychology.Single Choice'"", ""'higher education.'Psychology.True/False'"", ""'higher education.'Psychology.合计"", ""'higher education.'Public Administration"", ""'higher education.'Public Administration.Mild Anxiety'"", ""'higher education.'Public Administration.Moderate Anxiety'"", ""'higher education.'Public Administration.Multiple Choice'"", ""'higher education.'Public Administration.Severe Anxiety'"", ""'higher education.'Public Administration.Short Answer'"", ""'higher education.'Public Administration.Single Choice'"", ""'higher education.'Public Administration.True/False'"", ""'higher education.'Public Administration.合计"", ""'higher education.'Sociology"", ""'higher education.'Sociology.Mild Anxiety'"", ""'higher education.'Sociology.Moderate Anxiety'"", ""'higher education.'Sociology.Multiple Choice'"", ""'higher education.'Sociology.Severe Anxiety'"", ""'higher education.'Sociology.Short Answer'"", ""'higher education.'Sociology.Single Choice'"", ""'higher education.'Sociology.True/False'"", ""'higher education.'Sociology.合计"", ""'higher education.'Theoretical Economics"", ""'higher education.'Theoretical Economics.Mild Anxiety'"", ""'higher education.'Theoretical Economics.Moderate Anxiety'"", ""'higher education.'Theoretical Economics.Multiple Choice'"", ""'higher education.'Theoretical Economics.Severe Anxiety'"", ""'higher education.'Theoretical Economics.Short Answer'"", ""'higher education.'Theoretical Economics.Single Choice'"", ""'higher education.'Theoretical Economics.True/False'"", ""'higher education.'Theoretical Economics.合计"", ""'higher education.'临床医学"", ""'higher education.'临床医学.中度焦虑'"", ""'higher education.'临床医学.单选题'"", ""'higher education.'临床医学.合计"", ""'higher education.'临床医学.多选题'"", ""'higher education.'临床医学.正常'"", ""'higher education.'临床医学.简答题'"", ""'higher education.'临床医学.轻度焦虑'"", ""'higher education.'临床医学.选择题'"", ""'higher education.'临床医学.重度焦虑'"", ""'higher education.'体育教育学"", ""'higher education.'体育教育学.中度焦虑'"", ""'higher education.'体育教育学.单选题'"", ""'higher education.'体育教育学.合计"", ""'higher education.'体育教育学.多选题'"", ""'higher education.'体育教育学.正常'"", ""'higher education.'体育教育学.简答题'"", ""'higher education.'体育教育学.轻度焦虑'"", ""'higher education.'体育教育学.选择题'"", ""'higher education.'体育教育学.重度焦虑'"", ""'higher education.'作物科学"", ""'higher education.'作物科学.中度焦虑'"", ""'higher education.'作物科学.单选题'"", ""'higher education.'作物科学.合计"", ""'higher education.'作物科学.多选题'"", ""'higher education.'作物科学.正常'"", ""'higher education.'作物科学.简答题'"", ""'higher education.'作物科学.轻度焦虑'"", ""'higher education.'作物科学.选择题'"", ""'higher education.'作物科学.重度焦虑'"", ""'higher education.'公共管理学"", ""'higher education.'公共管理学.中度焦虑'"", ""'higher education.'公共管理学.单选题'"", ""'higher education.'公共管理学.合计"", ""'higher education.'公共管理学.多选题'"", ""'higher education.'公共管理学.正常'"", ""'higher education.'公共管理学.简答题'"", ""'higher education.'公共管理学.轻度焦虑'"", ""'higher education.'公共管理学.选择题'"", ""'higher education.'公共管理学.重度焦虑'"", ""'higher education.'军事学"", ""'higher education.'军事学.中度焦虑'"", ""'higher education.'军事学.单选题'"", ""'higher education.'军事学.合计"", ""'higher education.'军事学.多选题'"", ""'higher education.'军事学.正常'"", ""'higher education.'军事学.简答题'"", ""'higher education.'军事学.轻度焦虑'"", ""'higher education.'军事学.选择题'"", ""'higher education.'军事学.重度焦虑'"", ""'higher education.'化学"", ""'higher education.'化学.中度焦虑'"", ""'higher education.'化学.单选题'"", ""'higher education.'化学.合计"", ""'higher education.'化学.多选题'"", ""'higher education.'化学.正常'"", ""'higher education.'化学.简答题'"", ""'higher education.'化学.轻度焦虑'"", ""'higher education.'化学.选择题'"", ""'higher education.'化学.重度焦虑'"", ""'higher education.'历史学"", ""'higher education.'历史学.中度焦虑'"", ""'higher education.'历史学.单选题'"", ""'higher education.'历史学.合计"", ""'higher education.'历史学.多选题'"", ""'higher education.'历史学.正常'"", ""'higher education.'历史学.简答题'"", ""'higher education.'历史学.轻度焦虑'"", ""'higher education.'历史学.选择题'"", ""'higher education.'历史学.重度焦虑'"", ""'higher education.'商业管理学"", ""'higher education.'商业管理学.中度焦虑'"", ""'higher education.'商业管理学.单选题'"", ""'higher education.'商业管理学.合计"", ""'higher education.'商业管理学.多选题'"", ""'higher education.'商业管理学.正常'"", ""'higher education.'商业管理学.简答题'"", ""'higher education.'商业管理学.轻度焦虑'"", ""'higher education.'商业管理学.选择题'"", ""'higher education.'商业管理学.重度焦虑'"", ""'higher education.'基础医学"", ""'higher education.'基础医学.中度焦虑'"", ""'higher education.'基础医学.单选题'"", ""'higher education.'基础医学.合计"", ""'higher education.'基础医学.多选题'"", ""'higher education.'基础医学.正常'"", ""'higher education.'基础医学.简答题'"", ""'higher education.'基础医学.轻度焦虑'"", ""'higher education.'基础医学.选择题'"", ""'higher education.'基础医学.重度焦虑'"", ""'higher education.'应用经济学"", ""'higher education.'应用经济学.中度焦虑'"", ""'higher education.'应用经济学.单选题'"", ""'higher education.'应用经济学.合计"", ""'higher education.'应用经济学.多选题'"", ""'higher education.'应用经济学.正常'"", ""'higher education.'应用经济学.简答题'"", ""'higher education.'应用经济学.轻度焦虑'"", ""'higher education.'应用经济学.选择题'"", ""'higher education.'应用经济学.重度焦虑'"", ""'higher education.'心理学"", ""'higher education.'心理学.中度焦虑'"", ""'higher education.'心理学.单选题'"", ""'higher education.'心理学.合计"", ""'higher education.'心理学.多选题'"", ""'higher education.'心理学.正常'"", ""'higher education.'心理学.简答题'"", ""'higher education.'心理学.轻度焦虑'"", ""'higher education.'心理学.选择题'"", ""'higher education.'心理学.重度焦虑'"", ""'higher education.'数学"", ""'higher education.'数学.中度焦虑'"", ""'higher education.'数学.单选题'"", ""'higher education.'数学.合计"", ""'higher education.'数学.多选题'"", ""'higher education.'数学.正常'"", ""'higher education.'数学.简答题'"", ""'higher education.'数学.轻度焦虑'"", ""'higher education.'数学.选择题'"", ""'higher education.'数学.重度焦虑'"", ""'higher education.'文学与艺术"", ""'higher education.'文学与艺术.中度焦虑'"", ""'higher education.'文学与艺术.单选题'"", ""'higher education.'文学与艺术.合计"", ""'higher education.'文学与艺术.多选题'"", ""'higher education.'文学与艺术.正常'"", ""'higher education.'文学与艺术.简答题'"", ""'higher education.'文学与艺术.轻度焦虑'"", ""'higher education.'文学与艺术.选择题'"", ""'higher education.'文学与艺术.重度焦虑'"", ""'higher education.'普通教育学"", ""'higher education.'普通教育学.中度焦虑'"", ""'higher education.'普通教育学.单选题'"", ""'higher education.'普通教育学.合计"", ""'higher education.'普通教育学.多选题'"", ""'higher education.'普通教育学.正常'"", ""'higher education.'普通教育学.简答题'"", ""'higher education.'普通教育学.轻度焦虑'"", ""'higher education.'普通教育学.选择题'"", ""'higher education.'普通教育学.重度焦虑'"", ""'higher education.'水产养殖"", ""'higher education.'水产养殖.中度焦虑'"", ""'higher education.'水产养殖.单选题'"", ""'higher education.'水产养殖.合计"", ""'higher education.'水产养殖.多选题'"", ""'higher education.'水产养殖.正常'"", ""'higher education.'水产养殖.简答题'"", ""'higher education.'水产养殖.轻度焦虑'"", ""'higher education.'水产养殖.选择题'"", ""'higher education.'水产养殖.重度焦虑'"", ""'higher education.'法学"", ""'higher education.'法学.中度焦虑'"", ""'higher education.'法学.单选题'"", ""'higher education.'法学.合计"", ""'higher education.'法学.多选题'"", ""'higher education.'法学.正常'"", ""'higher education.'法学.简答题'"", ""'higher education.'法学.轻度焦虑'"", ""'higher education.'法学.选择题'"", ""'higher education.'法学.重度焦虑'"", ""'higher education.'物理学"", ""'higher education.'物理学.中度焦虑'"", ""'higher education.'物理学.单选题'"", ""'higher education.'物理学.合计"", ""'higher education.'物理学.多选题'"", ""'higher education.'物理学.正常'"", ""'higher education.'物理学.简答题'"", ""'higher education.'物理学.轻度焦虑'"", ""'higher education.'物理学.选择题'"", ""'higher education.'物理学.重度焦虑'"", ""'higher education.'理论经济学"", ""'higher education.'理论经济学.中度焦虑'"", ""'higher education.'理论经济学.单选题'"", ""'higher education.'理论经济学.合计"", ""'higher education.'理论经济学.多选题'"", ""'higher education.'理论经济学.正常'"", ""'higher education.'理论经济学.简答题'"", ""'higher education.'理论经济学.轻度焦虑'"", ""'higher education.'理论经济学.选择题'"", ""'higher education.'理论经济学.重度焦虑'"", ""'higher education.'生物学"", ""'higher education.'生物学.中度焦虑'"", ""'higher education.'生物学.单选题'"", ""'higher education.'生物学.合计"", ""'higher education.'生物学.多选题'"", ""'higher education.'生物学.正常'"", ""'higher education.'生物学.简答题'"", ""'higher education.'生物学.轻度焦虑'"", ""'higher education.'生物学.选择题'"", ""'higher education.'生物学.重度焦虑'"", ""'higher education.'社会学"", ""'higher education.'社会学.中度焦虑'"", ""'higher education.'社会学.单选题'"", ""'higher education.'社会学.合计"", ""'higher education.'社会学.多选题'"", ""'higher education.'社会学.正常'"", ""'higher education.'社会学.简答题'"", ""'higher education.'社会学.轻度焦虑'"", ""'higher education.'社会学.选择题'"", ""'higher education.'社会学.重度焦虑'"", ""'higher education.'自动控制"", ""'higher education.'自动控制.中度焦虑'"", ""'higher education.'自动控制.单选题'"", ""'higher education.'自动控制.合计"", ""'higher education.'自动控制.多选题'"", ""'higher education.'自动控制.正常'"", ""'higher education.'自动控制.简答题'"", ""'higher education.'自动控制.轻度焦虑'"", ""'higher education.'自动控制.选择题'"", ""'higher education.'自动控制.重度焦虑'"", ""'higher education.'计算机科学"", ""'higher education.'计算机科学.中度焦虑'"", ""'higher education.'计算机科学.单选题'"", ""'higher education.'计算机科学.合计"", ""'higher education.'计算机科学.多选题'"", ""'higher education.'计算机科学.正常'"", ""'higher education.'计算机科学.简答题'"", ""'higher education.'计算机科学.轻度焦虑'"", ""'higher education.'计算机科学.选择题'"", ""'higher education.'计算机科学.重度焦虑'"", ""'k12 level"", ""'k12 level.'Biology"", ""'k12 level.'Biology.Mild Anxiety'"", ""'k12 level.'Biology.Moderate Anxiety'"", ""'k12 level.'Biology.Multiple Choice'"", ""'k12 level.'Biology.Severe Anxiety'"", ""'k12 level.'Biology.Short Answer'"", ""'k12 level.'Biology.Single Choice'"", ""'k12 level.'Biology.True/False'"", ""'k12 level.'Biology.合计"", ""'k12 level.'Chemistry"", ""'k12 level.'Chemistry.Mild Anxiety'"", ""'k12 level.'Chemistry.Moderate Anxiety'"", ""'k12 level.'Chemistry.Multiple Choice'"", ""'k12 level.'Chemistry.Severe Anxiety'"", ""'k12 level.'Chemistry.Short Answer'"", ""'k12 level.'Chemistry.Single Choice'"", ""'k12 level.'Chemistry.True/False'"", ""'k12 level.'Chemistry.合计"", ""'k12 level.'Chinese"", ""'k12 level.'Chinese.Mild Anxiety'"", ""'k12 level.'Chinese.Moderate Anxiety'"", ""'k12 level.'Chinese.Multiple Choice'"", ""'k12 level.'Chinese.Severe Anxiety'"", ""'k12 level.'Chinese.Short Answer'"", ""'k12 level.'Chinese.Single Choice'"", ""'k12 level.'Chinese.True/False'"", ""'k12 level.'Chinese.合计"", ""'k12 level.'English"", ""'k12 level.'English.Mild Anxiety'"", ""'k12 level.'English.Moderate Anxiety'"", ""'k12 level.'English.Multiple Choice'"", ""'k12 level.'English.Severe Anxiety'"", ""'k12 level.'English.Short Answer'"", ""'k12 level.'English.Single Choice'"", ""'k12 level.'English.True/False'"", ""'k12 level.'English.合计"", ""'k12 level.'Geography"", ""'k12 level.'Geography.Mild Anxiety'"", ""'k12 level.'Geography.Moderate Anxiety'"", ""'k12 level.'Geography.Multiple Choice'"", ""'k12 level.'Geography.Severe Anxiety'"", ""'k12 level.'Geography.Short Answer'"", ""'k12 level.'Geography.Single Choice'"", ""'k12 level.'Geography.True/False'"", ""'k12 level.'Geography.合计"", ""'k12 level.'History"", ""'k12 level.'History.Mild Anxiety'"", ""'k12 level.'History.Moderate Anxiety'"", ""'k12 level.'History.Multiple Choice'"", ""'k12 level.'History.Severe Anxiety'"", ""'k12 level.'History.Short Answer'"", ""'k12 level.'History.Single Choice'"", ""'k12 level.'History.True/False'"", ""'k12 level.'History.合计"", ""'k12 level.'Mathematics"", ""'k12 level.'Mathematics.Mild Anxiety'"", ""'k12 level.'Mathematics.Moderate Anxiety'"", ""'k12 level.'Mathematics.Multiple Choice'"", ""'k12 level.'Mathematics.Severe Anxiety'"", ""'k12 level.'Mathematics.Short Answer'"", ""'k12 level.'Mathematics.Single Choice'"", ""'k12 level.'Mathematics.True/False'"", ""'k12 level.'Mathematics.合计"", ""'k12 level.'Physics"", ""'k12 level.'Physics.Mild Anxiety'"", ""'k12 level.'Physics.Moderate Anxiety'"", ""'k12 level.'Physics.Multiple Choice'"", ""'k12 level.'Physics.Severe Anxiety'"", ""'k12 level.'Physics.Short Answer'"", ""'k12 level.'Physics.Single Choice'"", ""'k12 level.'Physics.True/False'"", ""'k12 level.'Physics.合计"", ""'k12 level.'化学"", ""'k12 level.'化学.中度焦虑'"", ""'k12 level.'化学.单选题'"", ""'k12 level.'化学.合计"", ""'k12 level.'化学.多选题'"", ""'k12 level.'化学.正常'"", ""'k12 level.'化学.简答题'"", ""'k12 level.'化学.轻度焦虑'"", ""'k12 level.'化学.选择题'"", ""'k12 level.'化学.重度焦虑'"", ""'k12 level.'历史"", ""'k12 level.'历史.中度焦虑'"", ""'k12 level.'历史.单选题'"", ""'k12 level.'历史.合计"", ""'k12 level.'历史.多选题'"", ""'k12 level.'历史.正常'"", ""'k12 level.'历史.简答题'"", ""'k12 level.'历史.轻度焦虑'"", ""'k12 level.'历史.选择题'"", ""'k12 level.'历史.重度焦虑'"", ""'k12 level.'地理"", ""'k12 level.'地理.中度焦虑'"", ""'k12 level.'地理.单选题'"", ""'k12 level.'地理.合计"", ""'k12 level.'地理.多选题'"", ""'k12 level.'地理.正常'"", ""'k12 level.'地理.简答题'"", ""'k12 level.'地理.轻度焦虑'"", ""'k12 level.'地理.选择题'"", ""'k12 level.'地理.重度焦虑'"", ""'k12 level.'数学"", ""'k12 level.'数学.中度焦虑'"", ""'k12 level.'数学.单选题'"", ""'k12 level.'数学.合计"", ""'k12 level.'数学.多选题'"", ""'k12 level.'数学.正常'"", ""'k12 level.'数学.简答题'"", ""'k12 level.'数学.轻度焦虑'"", ""'k12 level.'数学.选择题'"", ""'k12 level.'数学.重度焦虑'"", ""'k12 level.'物理"", ""'k12 level.'物理.中度焦虑'"", ""'k12 level.'物理.单选题'"", ""'k12 level.'物理.合计"", ""'k12 level.'物理.多选题'"", ""'k12 level.'物理.正常'"", ""'k12 level.'物理.简答题'"", ""'k12 level.'物理.轻度焦虑'"", ""'k12 level.'物理.选择题'"", ""'k12 level.'物理.重度焦虑'"", ""'k12 level.'生物"", ""'k12 level.'生物.中度焦虑'"", ""'k12 level.'生物.单选题'"", ""'k12 level.'生物.合计"", ""'k12 level.'生物.多选题'"", ""'k12 level.'生物.正常'"", ""'k12 level.'生物.简答题'"", ""'k12 level.'生物.轻度焦虑'"", ""'k12 level.'生物.选择题'"", ""'k12 level.'生物.重度焦虑'"", ""'k12 level.'英语"", ""'k12 level.'英语.中度焦虑'"", ""'k12 level.'英语.单选题'"", ""'k12 level.'英语.合计"", ""'k12 level.'英语.多选题'"", ""'k12 level.'英语.正常'"", ""'k12 level.'英语.简答题'"", ""'k12 level.'英语.轻度焦虑'"", ""'k12 level.'英语.选择题'"", ""'k12 level.'英语.重度焦虑'"", ""'k12 level.'语文"", ""'k12 level.'语文.中度焦虑'"", ""'k12 level.'语文.单选题'"", ""'k12 level.'语文.合计"", ""'k12 level.'语文.多选题'"", ""'k12 level.'语文.正常'"", ""'k12 level.'语文.简答题'"", ""'k12 level.'语文.轻度焦虑'"", ""'k12 level.'语文.选择题'"", ""'k12 level.'语文.重度焦虑'"", ""__key__""]",[],[],[],[],[],[],[],[],[],[],unknown,
categories/category_merge_1.json,4,"[""__key__"", ""higher education"", ""k12 level""]","{""__key__"": 1.0, ""higher education"": 1.0, ""k12 level"": 1.0}","[""__key__"", ""higher education"", ""higher education.'Applied Economics"", ""higher education.'Aquaculture"", ""higher education.'Automation"", ""higher education.'Biology"", ""higher education.'Chemistry"", ""higher education.'Computer Science"", ""higher education.'Crop Science"", ""higher education.'Mathematics"", ""higher education.'Physics"", ""higher education.'Theoretical Economics"", ""higher education.'临床医学"", ""higher education.'体育教育学"", ""higher education.'作物科学"", ""higher education.'公共管理学"", ""higher education.'军事学"", ""higher education.'化学"", ""higher education.'历史学"", ""higher education.'商业管理学"", ""higher education.'基础医学"", ""higher education.'应用经济学"", ""higher education.'心理学"", ""higher education.'数学"", ""higher education.'文学与艺术"", ""higher education.'普通教育学"", ""higher education.'水产养殖"", ""higher education.'法学"", ""higher education.'物理学"", ""higher education.'理论经济学"", ""higher education.'生物学"", ""higher education.'社会学"", ""higher education.'自动控制"", ""higher education.'计算机科学"", ""higher education.Applied Economics'"", ""higher education.Aquaculture'"", ""higher education.Automation'"", ""higher education.Basic Medicine'"", ""higher education.Biology'"", ""higher education.Business Administration'"", ""higher education.Chemistry'"", ""higher education.Clinical Medicine'"", ""higher education.Computer Science'"", ""higher education.Crop Science'"", ""higher education.General Pedagogy'"", ""higher education.History'"", ""higher education.Law'"", ""higher education.Literature and Art'"", ""higher education.Mathematics'"", ""higher education.Military Science'"", ""higher education.Physical Education'"", ""higher education.Physics'"", ""higher education.Psychology'"", ""higher education.Public Administration'"", ""higher education.Sociology'"", ""higher education.Theoretical Economics'"", ""higher education.临床医学'"", ""higher education.体育教育学'"", ""higher education.作物科学'"", ""higher education.公共管理学'"", ""higher education.军事学'"", ""higher education.化学'"", ""higher education.历史学'"", ""higher education.合计"", ""higher education.商业管理学'"", ""higher education.基础医学'"", ""higher education.应用经济学'"", ""higher education.心理学'"", ""higher education.数学'"", ""higher education.文学与艺术'"", ""higher education.普通教育学'"", ""higher education.水产养殖'"", ""higher education.法学'"", ""higher education.物理学'"", ""higher education.理论经济学'"", ""higher education.生物学'"", ""higher education.社会学'"", ""higher education.自动控制'"", ""higher education.计算机科学'"", ""k12 level"", ""k12 level.'Biology"", ""k12 level.'Chemistry"", ""k12 level.'Chinese"", ""k12 level.'English"", ""k12 level.'Geography"", ""k12 level.'History"", ""k12 level.'Mathematics"", ""k12 level.'Physics"", ""k12 level.'化学"", ""k12 level.'历史"", ""k12 level.'地理"", ""k12 level.'数学"", ""k12 level.'物理"", ""k12 level.'生物"", ""k12 level.'英语"", ""k12 level.'语文"", ""k12 level.Geography'"", ""k12 level.化学'"", ""k12 level.历史'"", ""k12 level.合计"", ""k12 level.地理'"", ""k12 level.数学'"", ""k12 level.物理'"", ""k12 level.生物'"", ""k12 level.英语'"", ""k12 level.语文'""]",[],[],[],[],[],[],[],[],[],[],unknown,
categories/category_merge_2.json,14,"[""'higher education"", ""'k12 level"", ""__key__""]","{""'higher education"": 1.0, ""'k12 level"": 1.0, ""__key__"": 1.0}","[""'higher education"", ""'higher education.'Applied Economics"", ""'higher education.'Applied Economics.Mild Anxiety'"", ""'higher education.'Applied Economics.Moderate Anxiety'"", ""'higher education.'Applied Economics.Multiple Choice'"", ""'higher education.'Applied Economics.Severe Anxiety'"", ""'higher education.'Applied Economics.Short Answer'"", ""'higher education.'Applied Economics.Single Choice'"", ""'higher education.'Applied Economics.True/False'"", ""'higher education.'Applied Economics.合计"", ""'higher education.'Aquaculture"", ""'higher education.'Aquaculture.Mild Anxiety'"", ""'higher education.'Aquaculture.Moderate Anxiety'"", ""'higher education.'Aquaculture.Multiple Choice'"", ""'higher education.'Aquaculture.Severe Anxiety'"", ""'higher education.'Aquaculture.Short Answer'"", ""'higher education.'Aquaculture.Single Choice'"", ""'higher education.'Aquaculture.True/False'"", ""'higher education.'Aquaculture.合计"", ""'higher education.'Automation"", ""'higher education.'Automation.Mild Anxiety'"", ""'higher education.'Automation.Moderate Anxiety'"", ""'higher education.'Automation.Multiple Choice'"", ""'higher education.'Automation.Severe Anxiety'"", ""'higher education.'Automation.Short Answer'"", ""'higher education.'Automation.Single Choice'"", ""'higher education.'Automation.True/False'"", ""'higher education.'Automation.合计"", ""'higher education.'Basic Medicine"", ""'higher education.'Basic Medicine.Mild Anxiety'"", ""'higher education.'Basic Medicine.Moderate Anxiety'"", ""'higher education.'Basic Medicine.Multiple Choice'"", ""'higher education.'Basic Medicine.Severe Anxiety'"", ""'higher education.'Basic Medicine.Short Answer'"", ""'higher education.'Basic Medicine.Single Choice'"", ""'higher education.'Basic Medicine.True/False'"", ""'higher education.'Basic Medicine.合计"", ""'higher education.'Biology"", ""'higher education.'Biology.Mild Anxiety'"", ""'higher education.'Biology.Moderate Anxiety'"", ""'higher education.'Biology.Multiple Choice'"", ""'higher education.'Biology.Severe Anxiety'"", ""'higher education.'Biology.Short Answer'"", ""'higher education.'Biology.Single Choice'"", ""'higher education.'Biology.True/False'"", ""'higher education.'Biology.合计"", ""'higher education.'Business Administration"", ""'higher education.'Business Administration.Mild Anxiety'"", ""'higher education.'Business Administration.Moderate Anxiety'"", ""'higher education.'Business Administration.Multiple Choice'"", ""'higher education.'Business Administration.Severe Anxiety'"", ""'higher education.'Business Administration.Short Answer'"", ""'higher education.'Business Administration.Single Choice'"", ""'higher education.'Business Administration.True/False'"", ""'higher education.'Business Administration.合计"", ""'higher education.'Chemistry"", ""'higher education.'Chemistry.Mild Anxiety'"", ""'higher education.'Chemistry.Moderate Anxiety'"", ""'higher education.'Chemistry.Multiple Choice'"", ""'higher education.'Chemistry.Severe Anxiety'"", ""'higher education.'Chemistry.Short Answer'"", ""'higher education.'Chemistry.Single Choice'"", ""'higher education.'Chemistry.True/False'"", ""'higher education.'Chemistry.合计"", ""'higher education.'Clinical Medicine"", ""'higher education.'Clinical Medicine.Mild Anxiety'"", ""'higher education.'Clinical Medicine.Moderate Anxiety'"", ""'higher education.'Clinical Medicine.Multiple Choice'"", ""'higher education.'Clinical Medicine.Severe Anxiety'"", ""'higher education.'Clinical Medicine.Short Answer'"", ""'higher education.'Clinical Medicine.Single Choice'"", ""'higher education.'Clinical Medicine.True/False'"", ""'higher education.'Clinical Medicine.合计"", ""'higher education.'Computer Science"", ""'higher education.'Computer Science.Mild Anxiety'"", ""'higher education.'Computer Science.Moderate Anxiety'"", ""'higher education.'Computer Science.Multiple Choice'"", ""'higher education.'Computer Science.Severe Anxiety'"", ""'higher education.'Computer Science.Short Answer'"", ""'higher education.'Computer Science.Single Choice'"", ""'higher education.'Computer Science.True/False'"", ""'higher education.'Computer Science.合计"", ""'higher education.'Crop Science"", ""'higher education.'Crop Science.Mild Anxiety'"", ""'higher education.'Crop Science.Moderate Anxiety'"", ""'higher education.'Crop Science.Multiple Choice'"", ""'higher education.'Crop Science.Severe Anxiety'"", ""'higher education.'Crop Science.Short Answer'"", ""'higher education.'Crop Science.Single Choice'"", ""'higher education.'Crop Science.True/False'"", ""'higher education.'Crop Science.合计"", ""'higher education.'General Pedagogy"", ""'higher education.'General Pedagogy.Mild Anxiety'"", ""'higher education.'General Pedagogy.Moderate Anxiety'"", ""'higher education.'General Pedagogy.Multiple Choice'"", ""'higher education.'General Pedagogy.Severe Anxiety'"", ""'higher education.'General Pedagogy.Short Answer'"", ""'higher education.'General Pedagogy.Single Choice'"", ""'higher education.'General Pedagogy.True/False'"", ""'higher education.'General Pedagogy.合计"", ""'higher education.'History"", ""'higher education.'History.Mild Anxiety'"", ""'higher education.'History.Moderate Anxiety'"", ""'higher education.'History.Multiple Choice'"", ""'higher education.'History.Severe Anxiety'"", ""'higher education.'History.Short Answer'"", ""'higher education.'History.Single Choice'"", ""'higher education.'History.True/False'"", ""'higher education.'History.合计"", ""'higher education.'Law"", ""'higher education.'Law.Mild Anxiety'"", ""'higher education.'Law.Moderate Anxiety'"", ""'higher education.'Law.Multiple Choice'"", ""'higher education.'Law.Severe Anxiety'"", ""'higher education.'Law.Short Answer'"", ""'higher education.'Law.Single Choice'"", ""'higher education.'Law.True/False'"", ""'higher education.'Law.合计"", ""'higher education.'Literature and Art"", ""'higher education.'Literature and Art.Mild Anxiety'"", ""'higher education.'Literature and Art.Moderate Anxiety'"", ""'higher education.'Literature and Art.Multiple Choice'"", ""'higher education.'Literature and Art.Severe Anxiety'"", ""'higher education.'Literature and Art.Short Answer'"", ""'higher education.'Literature and Art.Single Choice'"", ""'higher education.'Literature and Art.True/False'"", ""'higher education.'Literature and Art.合计"", ""'higher education.'Mathematics"", ""'higher education.'Mathematics.Mild Anxiety'"", ""'higher education.'Mathematics.Moderate Anxiety'"", ""'higher education.'Mathematics.Multiple Choice'"", ""'higher education.'Mathematics.Severe Anxiety'"", ""'higher education.'Mathematics.Short Answer'"", ""'higher education.'Mathematics.Single Choice'"", ""'higher education.'Mathematics.True/False'"", ""'higher education.'Mathematics.合计"", ""'higher education.'Military Science"", ""'higher education.'Military Science.Mild Anxiety'"", ""'higher education.'Military Science.Moderate Anxiety'"", ""'higher education.'Military Science.Multiple Choice'"", ""'higher education.'Military Science.Severe Anxiety'"", ""'higher education.'Military Science.Short Answer'"", ""'higher education.'Military Science.Single Choice'"", ""'higher education.'Military Science.True/False'"", ""'higher education.'Military Science.合计"", ""'higher education.'Physical Education"", ""'higher education.'Physical Education.Mild Anxiety'"", ""'higher education.'Physical Education.Moderate Anxiety'"", ""'higher education.'Physical Education.Multiple Choice'"", ""'higher education.'Physical Education.Severe Anxiety'"", ""'higher education.'Physical Education.Short Answer'"", ""'higher education.'Physical Education.Single Choice'"", ""'higher education.'Physical Education.True/False'"", ""'higher education.'Physical Education.合计"", ""'higher education.'Physics"", ""'higher education.'Physics.Mild Anxiety'"", ""'higher education.'Physics.Moderate Anxiety'"", ""'higher education.'Physics.Multiple Choice'"", ""'higher education.'Physics.Severe Anxiety'"", ""'higher education.'Physics.Short Answer'"", ""'higher education.'Physics.Single Choice'"", ""'higher education.'Physics.True/False'"", ""'higher education.'Physics.合计"", ""'higher education.'Psychology"", ""'higher education.'Psychology.Mild Anxiety'"", ""'higher education.'Psychology.Moderate Anxiety'"", ""'higher education.'Psychology.Multiple Choice'"", ""'higher education.'Psychology.Severe Anxiety'"", ""'higher education.'Psychology.Short Answer'"", ""'higher education.'Psychology.Single Choice'"", ""'higher education.'Psychology.True/False'"", ""'higher education.'Psychology.合计"", ""'higher education.'Public Administration"", ""'higher education.'Public Administration.Mild Anxiety'"", ""'higher education.'Public Administration.Moderate Anxiety'"", ""'higher education.'Public Administration.Multiple Choice'"", ""'higher education.'Public Administration.Severe Anxiety'"", ""'higher education.'Public Administration.Short Answer'"", ""'higher education.'Public Administration.Single Choice'"", ""'higher education.'Public Administration.True/False'"", ""'higher education.'Public Administration.合计"", ""'higher education.'Sociology"", ""'higher education.'Sociology.Mild Anxiety'"", ""'higher education.'Sociology.Moderate Anxiety'"", ""'higher education.'Sociology.Multiple Choice'"", ""'higher education.'Sociology.Severe Anxiety'"", ""'higher education.'Sociology.Short Answer'"", ""'higher education.'Sociology.Single Choice'"", ""'higher education.'Sociology.True/False'"", ""'higher education.'Sociology.合计"", ""'higher education.'Theoretical Economics"", ""'higher education.'Theoretical Economics.Mild Anxiety'"", ""'higher education.'Theoretical Economics.Moderate Anxiety'"", ""'higher education.'Theoretical Economics.Multiple Choice'"", ""'higher education.'Theoretical Economics.Severe Anxiety'"", ""'higher education.'Theoretical Economics.Short Answer'"", ""'higher education.'Theoretical Economics.Single Choice'"", ""'higher education.'Theoretical Economics.True/False'"", ""'higher education.'Theoretical Economics.合计"", ""'higher education.'临床医学"", ""'higher education.'临床医学.中度焦虑'"", ""'higher education.'临床医学.单选题'"", ""'higher education.'临床医学.合计"", ""'higher education.'临床医学.多选题'"", ""'higher education.'临床医学.正常'"", ""'higher education.'临床医学.简答题'"", ""'higher education.'临床医学.轻度焦虑'"", ""'higher education.'临床医学.选择题'"", ""'higher education.'临床医学.重度焦虑'"", ""'higher education.'体育教育学"", ""'higher education.'体育教育学.中度焦虑'"", ""'higher education.'体育教育学.单选题'"", ""'higher education.'体育教育学.合计"", ""'higher education.'体育教育学.多选题'"", ""'higher education.'体育教育学.正常'"", ""'higher education.'体育教育学.简答题'"", ""'higher education.'体育教育学.轻度焦虑'"", ""'higher education.'体育教育学.选择题'"", ""'higher education.'体育教育学.重度焦虑'"", ""'higher education.'作物科学"", ""'higher education.'作物科学.中度焦虑'"", ""'higher education.'作物科学.单选题'"", ""'higher education.'作物科学.合计"", ""'higher education.'作物科学.多选题'"", ""'higher education.'作物科学.正常'"", ""'higher education.'作物科学.简答题'"", ""'higher education.'作物科学.轻度焦虑'"", ""'higher education.'作物科学.选择题'"", ""'higher education.'作物科学.重度焦虑'"", ""'higher education.'公共管理学"", ""'higher education.'公共管理学.中度焦虑'"", ""'higher education.'公共管理学.单选题'"", ""'higher education.'公共管理学.合计"", ""'higher education.'公共管理学.多选题'"", ""'higher education.'公共管理学.正常'"", ""'higher education.'公共管理学.简答题'"", ""'higher education.'公共管理学.轻度焦虑'"", ""'higher education.'公共管理学.选择题'"", ""'higher education.'公共管理学.重度焦虑'"", ""'higher education.'军事学"", ""'higher education.'军事学.中度焦虑'"", ""'higher education.'军事学.单选题'"", ""'higher education.'军事学.合计"", ""'higher education.'军事学.多选题'"", ""'higher education.'军事学.正常'"", ""'higher education.'军事学.简答题'"", ""'higher education.'军事学.轻度焦虑'"", ""'higher education.'军事学.选择题'"", ""'higher education.'军事学.重度焦虑'"", ""'higher education.'化学"", ""'higher education.'化学.中度焦虑'"", ""'higher education.'化学.单选题'"", ""'higher education.'化学.合计"", ""'higher education.'化学.多选题'"", ""'higher education.'化学.正常'"", ""'higher education.'化学.简答题'"", ""'higher education.'化学.轻度焦虑'"", ""'higher education.'化学.选择题'"", ""'higher education.'化学.重度焦虑'"", ""'higher education.'历史学"", ""'higher education.'历史学.中度焦虑'"", ""'higher education.'历史学.单选题'"", ""'higher education.'历史学.合计"", ""'higher education.'历史学.多选题'"", ""'higher education.'历史学.正常'"", ""'higher education.'历史学.简答题'"", ""'higher education.'历史学.轻度焦虑'"", ""'higher education.'历史学.选择题'"", ""'higher education.'历史学.重度焦虑'"", ""'higher education.'商业管理学"", ""'higher education.'商业管理学.中度焦虑'"", ""'higher education.'商业管理学.单选题'"", ""'higher education.'商业管理学.合计"", ""'higher education.'商业管理学.多选题'"", ""'higher education.'商业管理学.正常'"", ""'higher education.'商业管理学.简答题'"", ""'higher education.'商业管理学.轻度焦虑'"", ""'higher education.'商业管理学.选择题'"", ""'higher education.'商业管理学.重度焦虑'"", ""'higher education.'基础医学"", ""'higher education.'基础医学.中度焦虑'"", ""'higher education.'基础医学.单选题'"", ""'higher education.'基础医学.合计"", ""'higher education.'基础医学.多选题'"", ""'higher education.'基础医学.正常'"", ""'higher education.'基础医学.简答题'"", ""'higher education.'基础医学.轻度焦虑'"", ""'higher education.'基础医学.选择题'"", ""'higher education.'基础医学.重度焦虑'"", ""'higher education.'应用经济学"", ""'higher education.'应用经济学.中度焦虑'"", ""'higher education.'应用经济学.单选题'"", ""'higher education.'应用经济学.合计"", ""'higher education.'应用经济学.多选题'"", ""'higher education.'应用经济学.正常'"", ""'higher education.'应用经济学.简答题'"", ""'higher education.'应用经济学.轻度焦虑'"", ""'higher education.'应用经济学.选择题'"", ""'higher education.'应用经济学.重度焦虑'"", ""'higher education.'心理学"", ""'higher education.'心理学.中度焦虑'"", ""'higher education.'心理学.单选题'"", ""'higher education.'心理学.合计"", ""'higher education.'心理学.多选题'"", ""'higher education.'心理学.正常'"", ""'higher education.'心理学.简答题'"", ""'higher education.'心理学.轻度焦虑'"", ""'higher education.'心理学.选择题'"", ""'higher education.'心理学.重度焦虑'"", ""'higher education.'数学"", ""'higher education.'数学.中度焦虑'"", ""'higher education.'数学.单选题'"", ""'higher education.'数学.合计"", ""'higher education.'数学.多选题'"", ""'higher education.'数学.正常'"", ""'higher education.'数学.简答题'"", ""'higher education.'数学.轻度焦虑'"", ""'higher education.'数学.选择题'"", ""'higher education.'数学.重度焦虑'"", ""'higher education.'文学与艺术"", ""'higher education.'文学与艺术.中度焦虑'"", ""'higher education.'文学与艺术.单选题'"", ""'higher education.'文学与艺术.合计"", ""'higher education.'文学与艺术.多选题'"", ""'higher education.'文学与艺术.正常'"", ""'higher education.'文学与艺术.简答题'"", ""'higher education.'文学与艺术.轻度焦虑'"", ""'higher education.'文学与艺术.选择题'"", ""'higher education.'文学与艺术.重度焦虑'"", ""'higher education.'普通教育学"", ""'higher education.'普通教育学.中度焦虑'"", ""'higher education.'普通教育学.单选题'"", ""'higher education.'普通教育学.合计"", ""'higher education.'普通教育学.多选题'"", ""'higher education.'普通教育学.正常'"", ""'higher education.'普通教育学.简答题'"", ""'higher education.'普通教育学.轻度焦虑'"", ""'higher education.'普通教育学.选择题'"", ""'higher education.'普通教育学.重度焦虑'"", ""'higher education.'水产养殖"", ""'higher education.'水产养殖.中度焦虑'"", ""'higher education.'水产养殖.单选题'"", ""'higher education.'水产养殖.合计"", ""'higher education.'水产养殖.多选题'"", ""'higher education.'水产养殖.正常'"", ""'higher education.'水产养殖.简答题'"", ""'higher education.'水产养殖.轻度焦虑'"", ""'higher education.'水产养殖.选择题'"", ""'higher education.'水产养殖.重度焦虑'"", ""'higher education.'法学"", ""'higher education.'法学.中度焦虑'"", ""'higher education.'法学.单选题'"", ""'higher education.'法学.合计"", ""'higher education.'法学.多选题'"", ""'higher education.'法学.正常'"", ""'higher education.'法学.简答题'"", ""'higher education.'法学.轻度焦虑'"", ""'higher education.'法学.选择题'"", ""'higher education.'法学.重度焦虑'"", ""'higher education.'物理学"", ""'higher education.'物理学.中度焦虑'"", ""'higher education.'物理学.单选题'"", ""'higher education.'物理学.合计"", ""'higher education.'物理学.多选题'"", ""'higher education.'物理学.正常'"", ""'higher education.'物理学.简答题'"", ""'higher education.'物理学.轻度焦虑'"", ""'higher education.'物理学.选择题'"", ""'higher education.'物理学.重度焦虑'"", ""'higher education.'理论经济学"", ""'higher education.'理论经济学.中度焦虑'"", ""'higher education.'理论经济学.单选题'"", ""'higher education.'理论经济学.合计"", ""'higher education.'理论经济学.多选题'"", ""'higher education.'理论经济学.正常'"", ""'higher education.'理论经济学.简答题'"", ""'higher education.'理论经济学.轻度焦虑'"", ""'higher education.'理论经济学.选择题'"", ""'higher education.'理论经济学.重度焦虑'"", ""'higher education.'生物学"", ""'higher education.'生物学.中度焦虑'"", ""'higher education.'生物学.单选题'"", ""'higher education.'生物学.合计"", ""'higher education.'生物学.多选题'"", ""'higher education.'生物学.正常'"", ""'higher education.'生物学.简答题'"", ""'higher education.'生物学.轻度焦虑'"", ""'higher education.'生物学.选择题'"", ""'higher education.'生物学.重度焦虑'"", ""'higher education.'社会学"", ""'higher education.'社会学.中度焦虑'"", ""'higher education.'社会学.单选题'"", ""'higher education.'社会学.合计"", ""'higher education.'社会学.多选题'"", ""'higher education.'社会学.正常'"", ""'higher education.'社会学.简答题'"", ""'higher education.'社会学.轻度焦虑'"", ""'higher education.'社会学.选择题'"", ""'higher education.'社会学.重度焦虑'"", ""'higher education.'自动控制"", ""'higher education.'自动控制.中度焦虑'"", ""'higher education.'自动控制.单选题'"", ""'higher education.'自动控制.合计"", ""'higher education.'自动控制.多选题'"", ""'higher education.'自动控制.正常'"", ""'higher education.'自动控制.简答题'"", ""'higher education.'自动控制.轻度焦虑'"", ""'higher education.'自动控制.选择题'"", ""'higher education.'自动控制.重度焦虑'"", ""'higher education.'计算机科学"", ""'higher education.'计算机科学.中度焦虑'"", ""'higher education.'计算机科学.单选题'"", ""'higher education.'计算机科学.合计"", ""'higher education.'计算机科学.多选题'"", ""'higher education.'计算机科学.正常'"", ""'higher education.'计算机科学.简答题'"", ""'higher education.'计算机科学.轻度焦虑'"", ""'higher education.'计算机科学.选择题'"", ""'higher education.'计算机科学.重度焦虑'"", ""'higher education.总合计"", ""'k12 level"", ""'k12 level.'Biology"", ""'k12 level.'Biology.Mild Anxiety'"", ""'k12 level.'Biology.Moderate Anxiety'"", ""'k12 level.'Biology.Multiple Choice'"", ""'k12 level.'Biology.Severe Anxiety'"", ""'k12 level.'Biology.Short Answer'"", ""'k12 level.'Biology.Single Choice'"", ""'k12 level.'Biology.True/False'"", ""'k12 level.'Biology.合计"", ""'k12 level.'Chemistry"", ""'k12 level.'Chemistry.Mild Anxiety'"", ""'k12 level.'Chemistry.Moderate Anxiety'"", ""'k12 level.'Chemistry.Multiple Choice'"", ""'k12 level.'Chemistry.Severe Anxiety'"", ""'k12 level.'Chemistry.Short Answer'"", ""'k12 level.'Chemistry.Single Choice'"", ""'k12 level.'Chemistry.True/False'"", ""'k12 level.'Chemistry.合计"", ""'k12 level.'Chinese"", ""'k12 level.'Chinese.Mild Anxiety'"", ""'k12 level.'Chinese.Moderate Anxiety'"", ""'k12 level.'Chinese.Multiple Choice'"", ""'k12 level.'Chinese.Severe Anxiety'"", ""'k12 level.'Chinese.Short Answer'"", ""'k12 level.'Chinese.Single Choice'"", ""'k12 level.'Chinese.True/False'"", ""'k12 level.'Chinese.合计"", ""'k12 level.'English"", ""'k12 level.'English.Mild Anxiety'"", ""'k12 level.'English.Moderate Anxiety'"", ""'k12 level.'English.Multiple Choice'"", ""'k12 level.'English.Severe Anxiety'"", ""'k12 level.'English.Short Answer'"", ""'k12 level.'English.Single Choice'"", ""'k12 level.'English.True/False'"", ""'k12 level.'English.合计"", ""'k12 level.'Geography"", ""'k12 level.'Geography.Mild Anxiety'"", ""'k12 level.'Geography.Moderate Anxiety'"", ""'k12 level.'Geography.Multiple Choice'"", ""'k12 level.'Geography.Severe Anxiety'"", ""'k12 level.'Geography.Short Answer'"", ""'k12 level.'Geography.Single Choice'"", ""'k12 level.'Geography.True/False'"", ""'k12 level.'Geography.合计"", ""'k12 level.'History"", ""'k12 level.'History.Mild Anxiety'"", ""'k12 level.'History.Moderate Anxiety'"", ""'k12 level.'History.Multiple Choice'"", ""'k12 level.'History.Severe Anxiety'"", ""'k12 level.'History.Short Answer'"", ""'k12 level.'History.Single Choice'"", ""'k12 level.'History.True/False'"", ""'k12 level.'History.合计"", ""'k12 level.'Mathematics"", ""'k12 level.'Mathematics.Mild Anxiety'"", ""'k12 level.'Mathematics.Moderate Anxiety'"", ""'k12 level.'Mathematics.Multiple Choice'"", ""'k12 level.'Mathematics.Severe Anxiety'"", ""'k12 level.'Mathematics.Short Answer'"", ""'k12 level.'Mathematics.Single Choice'"", ""'k12 level.'Mathematics.True/False'"", ""'k12 level.'Mathematics.合计"", ""'k12 level.'Physics"", ""'k12 level.'Physics.Mild Anxiety'"", ""'k12 level.'Physics.Moderate Anxiety'"", ""'k12 level.'Physics.Multiple Choice'"", ""'k12 level.'Physics.Severe Anxiety'"", ""'k12 level.'Physics.Short Answer'"", ""'k12 level.'Physics.Single Choice'"", ""'k12 level.'Physics.True/False'"", ""'k12 level.'Physics.合计"", ""'k12 level.'化学"", ""'k12 level.'化学.中度焦虑'"", ""'k12 level.'化学.单选题'"", ""'k12 level.'化学.合计"", ""'k12 level.'化学.多选题'"", ""'k12 level.'化学.正常'"", ""'k12 level.'化学.简答题'"", ""'k12 level.'化学.轻度焦虑'"", ""'k12 level.'化学.选择题'"", ""'k12 level.'化学.重度焦虑'"", ""'k12 level.'历史"", ""'k12 level.'历史.中度焦虑'"", ""'k12 level.'历史.单选题'"", ""'k12 level.'历史.合计"", ""'k12 level.'历史.多选题'"", ""'k12 level.'历史.正常'"", ""'k12 level.'历史.简答题'"", ""'k12 level.'历史.轻度焦虑'"", ""'k12 level.'历史.选择题'"", ""'k12 level.'历史.重度焦虑'"", ""'k12 level.'地理"", ""'k12 level.'地理.中度焦虑'"", ""'k12 level.'地理.单选题'"", ""'k12 level.'地理.合计"", ""'k12 level.'地理.多选题'"", ""'k12 level.'地理.正常'"", ""'k12 level.'地理.简答题'"", ""'k12 level.'地理.轻度焦虑'"", ""'k12 level.'地理.选择题'"", ""'k12 level.'地理.重度焦虑'"", ""'k12 level.'数学"", ""'k12 level.'数学.中度焦虑'"", ""'k12 level.'数学.单选题'"", ""'k12 level.'数学.合计"", ""'k12 level.'数学.多选题'"", ""'k12 level.'数学.正常'"", ""'k12 level.'数学.简答题'"", ""'k12 level.'数学.轻度焦虑'"", ""'k12 level.'数学.选择题'"", ""'k12 level.'数学.重度焦虑'"", ""'k12 level.'物理"", ""'k12 level.'物理.中度焦虑'"", ""'k12 level.'物理.单选题'"", ""'k12 level.'物理.合计"", ""'k12 level.'物理.多选题'"", ""'k12 level.'物理.正常'"", ""'k12 level.'物理.简答题'"", ""'k12 level.'物理.轻度焦虑'"", ""'k12 level.'物理.选择题'"", ""'k12 level.'物理.重度焦虑'"", ""'k12 level.'生物"", ""'k12 level.'生物.中度焦虑'"", ""'k12 level.'生物.单选题'"", ""'k12 level.'生物.合计"", ""'k12 level.'生物.多选题'"", ""'k12 level.'生物.正常'"", ""'k12 level.'生物.简答题'"", ""'k12 level.'生物.轻度焦虑'"", ""'k12 level.'生物.选择题'"", ""'k12 level.'生物.重度焦虑'"", ""'k12 level.'英语"", ""'k12 level.'英语.中度焦虑'"", ""'k12 level.'英语.单选题'"", ""'k12 level.'英语.合计"", ""'k12 level.'英语.多选题'"", ""'k12 level.'英语.正常'"", ""'k12 level.'英语.简答题'"", ""'k12 level.'英语.轻度焦虑'"", ""'k12 level.'英语.选择题'"", ""'k12 level.'英语.重度焦虑'"", ""'k12 level.'语文"", ""'k12 level.'语文.中度焦虑'"", ""'k12 level.'语文.单选题'"", ""'k12 level.'语文.合计"", ""'k12 level.'语文.多选题'"", ""'k12 level.'语文.正常'"", ""'k12 level.'语文.简答题'"", ""'k12 level.'语文.轻度焦虑'"", ""'k12 level.'语文.选择题'"", ""'k12 level.'语文.重度焦虑'"", ""'k12 level.总合计"", ""__key__""]",[],[],[],[],[],[],[],[],[],[],unknown,
categories/category_no_design.json,16,"[""'Applied Economics"", ""'Aquaculture"", ""'Automation"", ""'Basic Medicine"", ""'Biology"", ""'Business Administration"", ""'Chemistry"", ""'Chinese"", ""'Clinical Medicine"", ""'Computer Science"", ""'Crop Science"", ""'English"", ""'General Pedagogy"", ""'Geography"", ""'History"", ""'Law"", ""'Literature and Art"", ""'Mathematics"", ""'Military Science"", ""'Physical Education"", ""'Physics"", ""'Psychology"", ""'Public Administration"", ""'Sociology"", ""'Theoretical Economics"", ""'临床医学"", ""'体育教育学"", ""'作物科学"", ""'公共管理学"", ""'军事学"", ""'化学"", ""'历史"", ""'历史学"", ""'商业管理学"", ""'地理"", ""'基础医学"", ""'应用经济学"", ""'心理学"", ""'数学"", ""'文学与艺术"", ""'普通教育学"", ""'水产养殖"", ""'法学"", ""'物理"", ""'物理学"", ""'理论经济学"", ""'生物"", ""'生物学"", ""'社会学"", ""'自动控制"", ""'英语"", ""'计算机科学"", ""'语文"", ""__key__""]","{""'Applied Economics"": 0.5, ""'Aquaculture"": 0.5, ""'Automation"": 0.5, ""'Basic Medicine"": 0.4375, ""'Biology"": 0.5, ""'Business Administration"": 0.4375, ""'Chemistry"": 0.5, ""'Chinese"": 0.5, ""'Clinical Medicine"": 0.4375, ""'Computer Science"": 0.5, ""'Crop Science"": 0.5, ""'English"": 0.5, ""'General Pedagogy"": 0.4375, ""'Geography"": 0.5, ""'History"": 0.5, ""'Law"": 0.4375, ""'Literature and Art"": 0.4375, ""'Mathematics"": 0.5, ""'Military Science"": 0.4375, ""'Physical Education"": 0.4375, ""'Physics"": 0.5, ""'Psychology"": 0.4375, ""'Public Administration"": 0.4375, ""'Sociology"": 0.4375, ""'Theoretical Economics"": 0.5, ""'临床医学"": 0.5, ""'体育教育学"": 0.5, ""'作物科学"": 0.5, ""'公共管理学"": 0.5, ""'军事学"": 0.5, ""'化学"": 0.5, ""'历史"": 0.5, ""'历史学"": 0.5, ""'商业管理学"": 0.5, ""'地理"": 0.5, ""'基础医学"": 0.5, ""'应用经济学"": 0.5, ""'心理学"": 0.5, ""'数学"": 0.5, ""'文学与艺术"": 0.5, ""'普通教育学"": 0.5, ""'水产养殖"": 0.5, ""'法学"": 0.5, ""'物理"": 0.5, ""'物理学"": 0.5, ""'理论经济学"": 0.5, ""'生物"": 0.5, ""'生物学"": 0.5, ""'社会学"": 0.5, ""'自动控制"": 0.5, ""'英语"": 0.5, ""'计算机科学"": 0.5, ""'语文"": 0.5, ""__key__"": 1.0}","[""'Applied Economics"", ""'Applied Economics.Master"", ""'Applied Economics.Master'"", ""'Applied Economics.Master.Mild Anxiety'"", ""'Applied Economics.Master.Moderate Anxiety'"", ""'Applied Economics.Master.Multiple Choice'"", ""'Applied Economics.Master.Severe Anxiety'"", ""'Applied Economics.Master.Short Answer'"", ""'Applied Economics.Master.Single Choice'"", ""'Applied Economics.Master.True/False'"", ""'Applied Economics.PhD"", ""'Applied Economics.PhD'"", ""'Applied Economics.PhD.Mild Anxiety'"", ""'Applied Economics.PhD.Moderate Anxiety'"", ""'Applied Economics.PhD.Multiple Choice'"", ""'Applied Economics.PhD.Severe Anxiety'"", ""'Applied Economics.PhD.Short Answer'"", ""'Applied Economics.PhD.Single Choice'"", ""'Applied Economics.PhD.True/False'"", ""'Applied Economics.Undergraduate"", ""'Applied Economics.Undergraduate'"", ""'Applied Economics.Undergraduate.Mild Anxiety'"", ""'Applied Economics.Undergraduate.Moderate Anxiety'"", ""'Applied Economics.Undergraduate.Multiple Choice'"", ""'Applied Economics.Undergraduate.Severe Anxiety'"", ""'Applied Economics.Undergraduate.Short Answer'"", ""'Applied Economics.Undergraduate.Single Choice'"", ""'Applied Economics.Undergraduate.True/False'"", ""'Aquaculture"", ""'Aquaculture.Master"", ""'Aquaculture.Master'"", ""'Aquaculture.Master.Mild Anxiety'"", ""'Aquaculture.Master.Moderate Anxiety'"", ""'Aquaculture.Master.Multiple Choice'"", ""'Aquaculture.Master.Severe Anxiety'"", ""'Aquaculture.Master.Short Answer'"", ""'Aquaculture.Master.Single Choice'"", ""'Aquaculture.Master.True/False'"", ""'Aquaculture.PhD"", ""'Aquaculture.PhD'"", ""'Aquaculture.PhD.Mild Anxiety'"", ""'Aquaculture.PhD.Moderate Anxiety'"", ""'Aquaculture.PhD.Multiple Choice'"", ""'Aquaculture.PhD.Severe Anxiety'"", ""'Aquaculture.PhD.Short Answer'"", ""'Aquaculture.PhD.Single Choice'"", ""'Aquaculture.PhD.True/False'"", ""'Aquaculture.Undergraduate"", ""'Aquaculture.Undergraduate'"", ""'Aquaculture.Undergraduate.Mild Anxiety'"", ""'Aquaculture.Undergraduate.Moderate Anxiety'"", ""'Aquaculture.Undergraduate.Multiple Choice'"", ""'Aquaculture.Undergraduate.Severe Anxiety'"", ""'Aquaculture.Undergraduate.Short Answer'"", ""'Aquaculture.Undergraduate.Single Choice'"", ""'Aquaculture.Undergraduate.True/False'"", ""'Automation"", ""'Automation.Master"", ""'Automation.Master'"", ""'Automation.Master.Mild Anxiety'"", ""'Automation.Master.Moderate Anxiety'"", ""'Automation.Master.Multiple Choice'"", ""'Automation.Master.Severe Anxiety'"", ""'Automation.Master.Short Answer'"", ""'Automation.Master.Single Choice'"", ""'Automation.Master.True/False'"", ""'Automation.PhD"", ""'Automation.PhD'"", ""'Automation.PhD.Mild Anxiety'"", ""'Automation.PhD.Moderate Anxiety'"", ""'Automation.PhD.Multiple Choice'"", ""'Automation.PhD.Severe Anxiety'"", ""'Automation.PhD.Short Answer'"", ""'Automation.PhD.Single Choice'"", ""'Automation.PhD.True/False'"", ""'Automation.Undergraduate"", ""'Automation.Undergraduate'"", ""'Automation.Undergraduate.Mild Anxiety'"", ""'Automation.Undergraduate.Moderate Anxiety'"", ""'Automation.Undergraduate.Multiple Choice'"", ""'Automation.Undergraduate.Severe Anxiety'"", ""'Automation.Undergraduate.Short Answer'"", ""'Automation.Undergraduate.Single Choice'"", ""'Automation.Undergraduate.True/False'"", ""'Basic Medicine"", ""'Basic Medicine.Master"", ""'Basic Medicine.Master.Mild Anxiety'"", ""'Basic Medicine.Master.Moderate Anxiety'"", ""'Basic Medicine.Master.Multiple Choice'"", ""'Basic Medicine.Master.Severe Anxiety'"", ""'Basic Medicine.Master.Short Answer'"", ""'Basic Medicine.Master.Single Choice'"", ""'Basic Medicine.Master.True/False'"", ""'Basic Medicine.PhD"", ""'Basic Medicine.PhD.Mild Anxiety'"", ""'Basic Medicine.PhD.Moderate Anxiety'"", ""'Basic Medicine.PhD.Multiple Choice'"", ""'Basic Medicine.PhD.Severe Anxiety'"", ""'Basic Medicine.PhD.Short Answer'"", ""'Basic Medicine.PhD.Single Choice'"", ""'Basic Medicine.PhD.True/False'"", ""'Basic Medicine.Undergraduate"", ""'Basic Medicine.Undergraduate.Mild Anxiety'"", ""'Basic Medicine.Undergraduate.Moderate Anxiety'"", ""'Basic Medicine.Undergraduate.Multiple Choice'"", ""'Basic Medicine.Undergraduate.Severe Anxiety'"", ""'Basic Medicine.Undergraduate.Short Answer'"", ""'Basic Medicine.Undergraduate.Single Choice'"", ""'Basic Medicine.Undergraduate.True/False'"", ""'Biology"", ""'Biology.Elementary School"", ""'Biology.Elementary School'"", ""'Biology.Elementary School.Mild Anxiety'"", ""'Biology.Elementary School.Moderate Anxiety'"", ""'Biology.Elementary School.Multiple Choice'"", ""'Biology.Elementary School.Severe Anxiety'"", ""'Biology.Elementary School.Short Answer'"", ""'Biology.Elementary School.Single Choice'"", ""'Biology.Elementary School.True/False'"", ""'Biology.High School"", ""'Biology.High School'"", ""'Biology.High School.Mild Anxiety'"", ""'Biology.High School.Moderate Anxiety'"", ""'Biology.High School.Multiple Choice'"", ""'Biology.High School.Severe Anxiety'"", ""'Biology.High School.Short Answer'"", ""'Biology.High School.Single Choice'"", ""'Biology.High School.True/False'"", ""'Biology.Master"", ""'Biology.Master'"", ""'Biology.Master.Mild Anxiety'"", ""'Biology.Master.Moderate Anxiety'"", ""'Biology.Master.Multiple Choice'"", ""'Biology.Master.Severe Anxiety'"", ""'Biology.Master.Short Answer'"", ""'Biology.Master.Single Choice'"", ""'Biology.Master.True/False'"", ""'Biology.Middle School"", ""'Biology.Middle School'"", ""'Biology.Middle School.Mild Anxiety'"", ""'Biology.Middle School.Moderate Anxiety'"", ""'Biology.Middle School.Multiple Choice'"", ""'Biology.Middle School.Severe Anxiety'"", ""'Biology.Middle School.Short Answer'"", ""'Biology.Middle School.Single Choice'"", ""'Biology.Middle School.True/False'"", ""'Biology.PhD"", ""'Biology.PhD'"", ""'Biology.PhD.Mild Anxiety'"", ""'Biology.PhD.Moderate Anxiety'"", ""'Biology.PhD.Multiple Choice'"", ""'Biology.PhD.Severe Anxiety'"", ""'Biology.PhD.Short Answer'"", ""'Biology.PhD.Single Choice'"", ""'Biology.PhD.True/False'"", ""'Biology.Undergraduate"", ""'Biology.Undergraduate'"", ""'Biology.Undergraduate.Mild Anxiety'"", ""'Biology.Undergraduate.Moderate Anxiety'"", ""'Biology.Undergraduate.Multiple Choice'"", ""'Biology.Undergraduate.Severe Anxiety'"", ""'Biology.Undergraduate.Short Answer'"", ""'Biology.Undergraduate.Single Choice'"", ""'Biology.Undergraduate.True/False'"", ""'Business Administration"", ""'Business Administration.Master"", ""'Business Administration.Master.Mild Anxiety'"", ""'Business Administration.Master.Moderate Anxiety'"", ""'Business Administration.Master.Multiple Choice'"", ""'Business Administration.Master.Severe Anxiety'"", ""'Business Administration.Master.Short Answer'"", ""'Business Administration.Master.Single Choice'"", ""'Business Administration.Master.True/False'"", ""'Business Administration.PhD"", ""'Business Administration.PhD.Mild Anxiety'"", ""'Business Administration.PhD.Moderate Anxiety'"", ""'Business Administration.PhD.Multiple Choice'"", ""'Business Administration.PhD.Severe Anxiety'"", ""'Business Administration.PhD.Short Answer'"", ""'Business Administration.PhD.Single Choice'"", ""'Business Administration.PhD.True/False'"", ""'Business Administration.Undergraduate"", ""'Business Administration.Undergraduate.Mild Anxiety'"", ""'Business Administration.Undergraduate.Moderate Anxiety'"", ""'Business Administration.Undergraduate.Multiple Choice'"", ""'Business Administration.Undergraduate.Severe Anxiety'"", ""'Business Administration.Undergraduate.Short Answer'"", ""'Business Administration.Undergraduate.Single Choice'"", ""'Business Administration.Undergraduate.True/False'"", ""'Chemistry"", ""'Chemistry.Elementary School"", ""'Chemistry.Elementary School'"", ""'Chemistry.Elementary School.Mild Anxiety'"", ""'Chemistry.Elementary School.Moderate Anxiety'"", ""'Chemistry.Elementary School.Multiple Choice'"", ""'Chemistry.Elementary School.Severe Anxiety'"", ""'Chemistry.Elementary School.Short Answer'"", ""'Chemistry.Elementary School.Single Choice'"", ""'Chemistry.Elementary School.True/False'"", ""'Chemistry.High School"", ""'Chemistry.High School'"", ""'Chemistry.High School.Mild Anxiety'"", ""'Chemistry.High School.Moderate Anxiety'"", ""'Chemistry.High School.Multiple Choice'"", ""'Chemistry.High School.Severe Anxiety'"", ""'Chemistry.High School.Short Answer'"", ""'Chemistry.High School.Single Choice'"", ""'Chemistry.High School.True/False'"", ""'Chemistry.Master"", ""'Chemistry.Master'"", ""'Chemistry.Master.Mild Anxiety'"", ""'Chemistry.Master.Moderate Anxiety'"", ""'Chemistry.Master.Multiple Choice'"", ""'Chemistry.Master.Severe Anxiety'"", ""'Chemistry.Master.Short Answer'"", ""'Chemistry.Master.Single Choice'"", ""'Chemistry.Master.True/False'"", ""'Chemistry.Middle School"", ""'Chemistry.Middle School'"", ""'Chemistry.Middle School.Mild Anxiety'"", ""'Chemistry.Middle School.Moderate Anxiety'"", ""'Chemistry.Middle School.Multiple Choice'"", ""'Chemistry.Middle School.Severe Anxiety'"", ""'Chemistry.Middle School.Short Answer'"", ""'Chemistry.Middle School.Single Choice'"", ""'Chemistry.Middle School.True/False'"", ""'Chemistry.PhD"", ""'Chemistry.PhD'"", ""'Chemistry.PhD.Mild Anxiety'"", ""'Chemistry.PhD.Moderate Anxiety'"", ""'Chemistry.PhD.Multiple Choice'"", ""'Chemistry.PhD.Severe Anxiety'"", ""'Chemistry.PhD.Short Answer'"", ""'Chemistry.PhD.Single Choice'"", ""'Chemistry.PhD.True/False'"", ""'Chemistry.Undergraduate"", ""'Chemistry.Undergraduate'"", ""'Chemistry.Undergraduate.Mild Anxiety'"", ""'Chemistry.Undergraduate.Moderate Anxiety'"", ""'Chemistry.Undergraduate.Multiple Choice'"", ""'Chemistry.Undergraduate.Severe Anxiety'"", ""'Chemistry.Undergraduate.Short Answer'"", ""'Chemistry.Undergraduate.Single Choice'"", ""'Chemistry.Undergraduate.True/False'"", ""'Chinese"", ""'Chinese.Elementary School"", ""'Chinese.Elementary School'"", ""'Chinese.Elementary School.Mild Anxiety'"", ""'Chinese.Elementary School.Moderate Anxiety'"", ""'Chinese.Elementary School.Severe Anxiety'"", ""'Chinese.Elementary School.Single Choice'"", ""'Chinese.High School"", ""'Chinese.High School'"", ""'Chinese.High School.Mild Anxiety'"", ""'Chinese.High School.Moderate Anxiety'"", ""'Chinese.High School.Multiple Choice'"", ""'Chinese.High School.Severe Anxiety'"", ""'Chinese.High School.Short Answer'"", ""'Chinese.High School.Single Choice'"", ""'Chinese.Middle School"", ""'Chinese.Middle School'"", ""'Chinese.Middle School.Mild Anxiety'"", ""'Chinese.Middle School.Moderate Anxiety'"", ""'Chinese.Middle School.Multiple Choice'"", ""'Chinese.Middle School.Severe Anxiety'"", ""'Chinese.Middle School.Short Answer'"", ""'Chinese.Middle School.Single Choice'"", ""'Chinese.Middle School.True/False'"", ""'Clinical Medicine"", ""'Clinical Medicine.Master"", ""'Clinical Medicine.Master.Mild Anxiety'"", ""'Clinical Medicine.Master.Moderate Anxiety'"", ""'Clinical Medicine.Master.Multiple Choice'"", ""'Clinical Medicine.Master.Severe Anxiety'"", ""'Clinical Medicine.Master.Short Answer'"", ""'Clinical Medicine.Master.Single Choice'"", ""'Clinical Medicine.Master.True/False'"", ""'Clinical Medicine.PhD"", ""'Clinical Medicine.PhD.Mild Anxiety'"", ""'Clinical Medicine.PhD.Moderate Anxiety'"", ""'Clinical Medicine.PhD.Multiple Choice'"", ""'Clinical Medicine.PhD.Severe Anxiety'"", ""'Clinical Medicine.PhD.Short Answer'"", ""'Clinical Medicine.PhD.Single Choice'"", ""'Clinical Medicine.PhD.True/False'"", ""'Clinical Medicine.Undergraduate"", ""'Clinical Medicine.Undergraduate.Mild Anxiety'"", ""'Clinical Medicine.Undergraduate.Moderate Anxiety'"", ""'Clinical Medicine.Undergraduate.Multiple Choice'"", ""'Clinical Medicine.Undergraduate.Severe Anxiety'"", ""'Clinical Medicine.Undergraduate.Short Answer'"", ""'Clinical Medicine.Undergraduate.Single Choice'"", ""'Clinical Medicine.Undergraduate.True/False'"", ""'Computer Science"", ""'Computer Science.Master"", ""'Computer Science.Master'"", ""'Computer Science.Master.Mild Anxiety'"", ""'Computer Science.Master.Moderate Anxiety'"", ""'Computer Science.Master.Multiple Choice'"", ""'Computer Science.Master.Severe Anxiety'"", ""'Computer Science.Master.Short Answer'"", ""'Computer Science.Master.Single Choice'"", ""'Computer Science.Master.True/False'"", ""'Computer Science.PhD"", ""'Computer Science.PhD'"", ""'Computer Science.PhD.Mild Anxiety'"", ""'Computer Science.PhD.Moderate Anxiety'"", ""'Computer Science.PhD.Multiple Choice'"", ""'Computer Science.PhD.Severe Anxiety'"", ""'Computer Science.PhD.Short Answer'"", ""'Computer Science.PhD.Single Choice'"", ""'Computer Science.PhD.True/False'"", ""'Computer Science.Undergraduate"", ""'Computer Science.Undergraduate'"", ""'Computer Science.Undergraduate.Mild Anxiety'"", ""'Computer Science.Undergraduate.Moderate Anxiety'"", ""'Computer Science.Undergraduate.Multiple Choice'"", ""'Computer Science.Undergraduate.Severe Anxiety'"", ""'Computer Science.Undergraduate.Short Answer'"", ""'Computer Science.Undergraduate.Single Choice'"", ""'Computer Science.Undergraduate.True/False'"", ""'Crop Science"", ""'Crop Science.Master"", ""'Crop Science.Master'"", ""'Crop Science.Master.Mild Anxiety'"", ""'Crop Science.Master.Moderate Anxiety'"", ""'Crop Science.Master.Multiple Choice'"", ""'Crop Science.Master.Severe Anxiety'"", ""'Crop Science.Master.Short Answer'"", ""'Crop Science.Master.Single Choice'"", ""'Crop Science.Master.True/False'"", ""'Crop Science.PhD"", ""'Crop Science.PhD'"", ""'Crop Science.PhD.Mild Anxiety'"", ""'Crop Science.PhD.Moderate Anxiety'"", ""'Crop Science.PhD.Multiple Choice'"", ""'Crop Science.PhD.Severe Anxiety'"", ""'Crop Science.PhD.Short Answer'"", ""'Crop Science.PhD.Single Choice'"", ""'Crop Science.PhD.True/False'"", ""'Crop Science.Undergraduate"", ""'Crop Science.Undergraduate'"", ""'Crop Science.Undergraduate.Mild Anxiety'"", ""'Crop Science.Undergraduate.Moderate Anxiety'"", ""'Crop Science.Undergraduate.Multiple Choice'"", ""'Crop Science.Undergraduate.Severe Anxiety'"", ""'Crop Science.Undergraduate.Short Answer'"", ""'Crop Science.Undergraduate.Single Choice'"", ""'Crop Science.Undergraduate.True/False'"", ""'English"", ""'English.Elementary School"", ""'English.Elementary School'"", ""'English.Elementary School.Mild Anxiety'"", ""'English.Elementary School.Moderate Anxiety'"", ""'English.Elementary School.Multiple Choice'"", ""'English.Elementary School.Severe Anxiety'"", ""'English.Elementary School.Short Answer'"", ""'English.Elementary School.Single Choice'"", ""'English.Elementary School.True/False'"", ""'English.High School"", ""'English.High School'"", ""'English.High School.Mild Anxiety'"", ""'English.High School.Moderate Anxiety'"", ""'English.High School.Multiple Choice'"", ""'English.High School.Severe Anxiety'"", ""'English.High School.Short Answer'"", ""'English.High School.Single Choice'"", ""'English.High School.True/False'"", ""'English.Middle School"", ""'English.Middle School'"", ""'English.Middle School.Mild Anxiety'"", ""'English.Middle School.Moderate Anxiety'"", ""'English.Middle School.Multiple Choice'"", ""'English.Middle School.Severe Anxiety'"", ""'English.Middle School.Short Answer'"", ""'English.Middle School.Single Choice'"", ""'English.Middle School.True/False'"", ""'General Pedagogy"", ""'General Pedagogy.Master"", ""'General Pedagogy.Master.Mild Anxiety'"", ""'General Pedagogy.Master.Moderate Anxiety'"", ""'General Pedagogy.Master.Multiple Choice'"", ""'General Pedagogy.Master.Severe Anxiety'"", ""'General Pedagogy.Master.Short Answer'"", ""'General Pedagogy.Master.Single Choice'"", ""'General Pedagogy.Master.True/False'"", ""'General Pedagogy.PhD"", ""'General Pedagogy.PhD.Mild Anxiety'"", ""'General Pedagogy.PhD.Moderate Anxiety'"", ""'General Pedagogy.PhD.Multiple Choice'"", ""'General Pedagogy.PhD.Severe Anxiety'"", ""'General Pedagogy.PhD.Short Answer'"", ""'General Pedagogy.PhD.Single Choice'"", ""'General Pedagogy.PhD.True/False'"", ""'General Pedagogy.Undergraduate"", ""'General Pedagogy.Undergraduate.Mild Anxiety'"", ""'General Pedagogy.Undergraduate.Moderate Anxiety'"", ""'General Pedagogy.Undergraduate.Multiple Choice'"", ""'General Pedagogy.Undergraduate.Severe Anxiety'"", ""'General Pedagogy.Undergraduate.Short Answer'"", ""'General Pedagogy.Undergraduate.Single Choice'"", ""'General Pedagogy.Undergraduate.True/False'"", ""'Geography"", ""'Geography.Elementary School"", ""'Geography.Elementary School'"", ""'Geography.Elementary School.Mild Anxiety'"", ""'Geography.Elementary School.Moderate Anxiety'"", ""'Geography.Elementary School.Multiple Choice'"", ""'Geography.Elementary School.Severe Anxiety'"", ""'Geography.Elementary School.Short Answer'"", ""'Geography.Elementary School.Single Choice'"", ""'Geography.Elementary School.True/False'"", ""'Geography.High School"", ""'Geography.High School'"", ""'Geography.High School.Mild Anxiety'"", ""'Geography.High School.Moderate Anxiety'"", ""'Geography.High School.Multiple Choice'"", ""'Geography.High School.Severe Anxiety'"", ""'Geography.High School.Short Answer'"", ""'Geography.High School.Single Choice'"", ""'Geography.High School.True/False'"", ""'Geography.Middle School"", ""'Geography.Middle School'"", ""'Geography.Middle School.Mild Anxiety'"", ""'Geography.Middle School.Moderate Anxiety'"", ""'Geography.Middle School.Multiple Choice'"", ""'Geography.Middle School.Severe Anxiety'"", ""'Geography.Middle School.Short Answer'"", ""'Geography.Middle School.Single Choice'"", ""'Geography.Middle School.True/False'"", ""'History"", ""'History.Elementary School"", ""'History.Elementary School'"", ""'History.Elementary School.Mild Anxiety'"", ""'History.Elementary School.Moderate Anxiety'"", ""'History.Elementary School.Multiple Choice'"", ""'History.Elementary School.Severe Anxiety'"", ""'History.Elementary School.Short Answer'"", ""'History.Elementary School.Single Choice'"", ""'History.Elementary School.True/False'"", ""'History.High School"", ""'History.High School'"", ""'History.High School.Mild Anxiety'"", ""'History.High School.Moderate Anxiety'"", ""'History.High School.Multiple Choice'"", ""'History.High School.Severe Anxiety'"", ""'History.High School.Short Answer'"", ""'History.High School.Single Choice'"", ""'History.High School.True/False'"", ""'History.Master"", ""'History.Master.Mild Anxiety'"", ""'History.Master.Moderate Anxiety'"", ""'History.Master.Multiple Choice'"", ""'History.Master.Severe Anxiety'"", ""'History.Master.Short Answer'"", ""'History.Master.Single Choice'"", ""'History.Master.True/False'"", ""'History.Middle School"", ""'History.Middle School'"", ""'History.Middle School.Mild Anxiety'"", ""'History.Middle School.Moderate Anxiety'"", ""'History.Middle School.Multiple Choice'"", ""'History.Middle School.Severe Anxiety'"", ""'History.Middle School.Short Answer'"", ""'History.Middle School.Single Choice'"", ""'History.Middle School.True/False'"", ""'History.PhD"", ""'History.PhD.Mild Anxiety'"", ""'History.PhD.Moderate Anxiety'"", ""'History.PhD.Multiple Choice'"", ""'History.PhD.Severe Anxiety'"", ""'History.PhD.Short Answer'"", ""'History.PhD.Single Choice'"", ""'History.PhD.True/False'"", ""'History.Undergraduate"", ""'History.Undergraduate.Mild Anxiety'"", ""'History.Undergraduate.Moderate Anxiety'"", ""'History.Undergraduate.Multiple Choice'"", ""'History.Undergraduate.Severe Anxiety'"", ""'History.Undergraduate.Short Answer'"", ""'History.Undergraduate.Single Choice'"", ""'History.Undergraduate.True/False'"", ""'Law"", ""'Law.Master"", ""'Law.Master.Mild Anxiety'"", ""'Law.Master.Moderate Anxiety'"", ""'Law.Master.Multiple Choice'"", ""'Law.Master.Severe Anxiety'"", ""'Law.Master.Short Answer'"", ""'Law.Master.Single Choice'"", ""'Law.Master.True/False'"", ""'Law.PhD"", ""'Law.PhD.Mild Anxiety'"", ""'Law.PhD.Moderate Anxiety'"", ""'Law.PhD.Multiple Choice'"", ""'Law.PhD.Severe Anxiety'"", ""'Law.PhD.Short Answer'"", ""'Law.PhD.Single Choice'"", ""'Law.PhD.True/False'"", ""'Law.Undergraduate"", ""'Law.Undergraduate.Mild Anxiety'"", ""'Law.Undergraduate.Moderate Anxiety'"", ""'Law.Undergraduate.Multiple Choice'"", ""'Law.Undergraduate.Severe Anxiety'"", ""'Law.Undergraduate.Short Answer'"", ""'Law.Undergraduate.Single Choice'"", ""'Law.Undergraduate.True/False'"", ""'Literature and Art"", ""'Literature and Art.Master"", ""'Literature and Art.Master.Mild Anxiety'"", ""'Literature and Art.Master.Moderate Anxiety'"", ""'Literature and Art.Master.Multiple Choice'"", ""'Literature and Art.Master.Severe Anxiety'"", ""'Literature and Art.Master.Short Answer'"", ""'Literature and Art.Master.Single Choice'"", ""'Literature and Art.Master.True/False'"", ""'Literature and Art.PhD"", ""'Literature and Art.PhD.Mild Anxiety'"", ""'Literature and Art.PhD.Moderate Anxiety'"", ""'Literature and Art.PhD.Multiple Choice'"", ""'Literature and Art.PhD.Severe Anxiety'"", ""'Literature and Art.PhD.Short Answer'"", ""'Literature and Art.PhD.Single Choice'"", ""'Literature and Art.PhD.True/False'"", ""'Literature and Art.Undergraduate"", ""'Literature and Art.Undergraduate.Mild Anxiety'"", ""'Literature and Art.Undergraduate.Moderate Anxiety'"", ""'Literature and Art.Undergraduate.Multiple Choice'"", ""'Literature and Art.Undergraduate.Severe Anxiety'"", ""'Literature and Art.Undergraduate.Short Answer'"", ""'Literature and Art.Undergraduate.Single Choice'"", ""'Literature and Art.Undergraduate.True/False'"", ""'Mathematics"", ""'Mathematics.Elementary School"", ""'Mathematics.Elementary School'"", ""'Mathematics.Elementary School.Mild Anxiety'"", ""'Mathematics.Elementary School.Moderate Anxiety'"", ""'Mathematics.Elementary School.Multiple Choice'"", ""'Mathematics.Elementary School.Severe Anxiety'"", ""'Mathematics.Elementary School.Short Answer'"", ""'Mathematics.Elementary School.Single Choice'"", ""'Mathematics.Elementary School.True/False'"", ""'Mathematics.High School"", ""'Mathematics.High School'"", ""'Mathematics.High School.Mild Anxiety'"", ""'Mathematics.High School.Moderate Anxiety'"", ""'Mathematics.High School.Multiple Choice'"", ""'Mathematics.High School.Severe Anxiety'"", ""'Mathematics.High School.Short Answer'"", ""'Mathematics.High School.Single Choice'"", ""'Mathematics.High School.True/False'"", ""'Mathematics.Master"", ""'Mathematics.Master'"", ""'Mathematics.Master.Mild Anxiety'"", ""'Mathematics.Master.Moderate Anxiety'"", ""'Mathematics.Master.Multiple Choice'"", ""'Mathematics.Master.Severe Anxiety'"", ""'Mathematics.Master.Short Answer'"", ""'Mathematics.Master.Single Choice'"", ""'Mathematics.Master.True/False'"", ""'Mathematics.Middle School"", ""'Mathematics.Middle School'"", ""'Mathematics.Middle School.Mild Anxiety'"", ""'Mathematics.Middle School.Moderate Anxiety'"", ""'Mathematics.Middle School.Multiple Choice'"", ""'Mathematics.Middle School.Severe Anxiety'"", ""'Mathematics.Middle School.Short Answer'"", ""'Mathematics.Middle School.Single Choice'"", ""'Mathematics.Middle School.True/False'"", ""'Mathematics.PhD"", ""'Mathematics.PhD'"", ""'Mathematics.PhD.Mild Anxiety'"", ""'Mathematics.PhD.Moderate Anxiety'"", ""'Mathematics.PhD.Multiple Choice'"", ""'Mathematics.PhD.Severe Anxiety'"", ""'Mathematics.PhD.Short Answer'"", ""'Mathematics.PhD.Single Choice'"", ""'Mathematics.PhD.True/False'"", ""'Mathematics.Undergraduate"", ""'Mathematics.Undergraduate'"", ""'Mathematics.Undergraduate.Mild Anxiety'"", ""'Mathematics.Undergraduate.Moderate Anxiety'"", ""'Mathematics.Undergraduate.Multiple Choice'"", ""'Mathematics.Undergraduate.Severe Anxiety'"", ""'Mathematics.Undergraduate.Short Answer'"", ""'Mathematics.Undergraduate.Single Choice'"", ""'Mathematics.Undergraduate.True/False'"", ""'Military Science"", ""'Military Science.Master"", ""'Military Science.Master.Mild Anxiety'"", ""'Military Science.Master.Moderate Anxiety'"", ""'Military Science.Master.Multiple Choice'"", ""'Military Science.Master.Severe Anxiety'"", ""'Military Science.Master.Short Answer'"", ""'Military Science.Master.Single Choice'"", ""'Military Science.Master.True/False'"", ""'Military Science.PhD"", ""'Military Science.PhD.Mild Anxiety'"", ""'Military Science.PhD.Moderate Anxiety'"", ""'Military Science.PhD.Multiple Choice'"", ""'Military Science.PhD.Severe Anxiety'"", ""'Military Science.PhD.Short Answer'"", ""'Military Science.PhD.Single Choice'"", ""'Military Science.PhD.True/False'"", ""'Military Science.Undergraduate"", ""'Military Science.Undergraduate.Mild Anxiety'"", ""'Military Science.Undergraduate.Moderate Anxiety'"", ""'Military Science.Undergraduate.Multiple Choice'"", ""'Military Science.Undergraduate.Severe Anxiety'"", ""'Military Science.Undergraduate.Short Answer'"", ""'Military Science.Undergraduate.Single Choice'"", ""'Military Science.Undergraduate.True/False'"", ""'Physical Education"", ""'Physical Education.Master"", ""'Physical Education.Master.Mild Anxiety'"", ""'Physical Education.Master.Moderate Anxiety'"", ""'Physical Education.Master.Multiple Choice'"", ""'Physical Education.Master.Severe Anxiety'"", ""'Physical Education.Master.Short Answer'"", ""'Physical Education.Master.Single Choice'"", ""'Physical Education.Master.True/False'"", ""'Physical Education.PhD"", ""'Physical Education.PhD.Mild Anxiety'"", ""'Physical Education.PhD.Moderate Anxiety'"", ""'Physical Education.PhD.Multiple Choice'"", ""'Physical Education.PhD.Severe Anxiety'"", ""'Physical Education.PhD.Short Answer'"", ""'Physical Education.PhD.Single Choice'"", ""'Physical Education.PhD.True/False'"", ""'Physical Education.Undergraduate"", ""'Physical Education.Undergraduate.Mild Anxiety'"", ""'Physical Education.Undergraduate.Moderate Anxiety'"", ""'Physical Education.Undergraduate.Multiple Choice'"", ""'Physical Education.Undergraduate.Severe Anxiety'"", ""'Physical Education.Undergraduate.Short Answer'"", ""'Physical Education.Undergraduate.Single Choice'"", ""'Physical Education.Undergraduate.True/False'"", ""'Physics"", ""'Physics.Elementary School"", ""'Physics.Elementary School'"", ""'Physics.Elementary School.Mild Anxiety'"", ""'Physics.Elementary School.Moderate Anxiety'"", ""'Physics.Elementary School.Multiple Choice'"", ""'Physics.Elementary School.Severe Anxiety'"", ""'Physics.Elementary School.Short Answer'"", ""'Physics.Elementary School.Single Choice'"", ""'Physics.Elementary School.True/False'"", ""'Physics.High School"", ""'Physics.High School'"", ""'Physics.High School.Mild Anxiety'"", ""'Physics.High School.Moderate Anxiety'"", ""'Physics.High School.Multiple Choice'"", ""'Physics.High School.Severe Anxiety'"", ""'Physics.High School.Short Answer'"", ""'Physics.High School.Single Choice'"", ""'Physics.High School.True/False'"", ""'Physics.Master"", ""'Physics.Master'"", ""'Physics.Master.Mild Anxiety'"", ""'Physics.Master.Moderate Anxiety'"", ""'Physics.Master.Multiple Choice'"", ""'Physics.Master.Severe Anxiety'"", ""'Physics.Master.Short Answer'"", ""'Physics.Master.Single Choice'"", ""'Physics.Master.True/False'"", ""'Physics.Middle School"", ""'Physics.Middle School'"", ""'Physics.Middle School.Mild Anxiety'"", ""'Physics.Middle School.Moderate Anxiety'"", ""'Physics.Middle School.Multiple Choice'"", ""'Physics.Middle School.Severe Anxiety'"", ""'Physics.Middle School.Short Answer'"", ""'Physics.Middle School.Single Choice'"", ""'Physics.Middle School.True/False'"", ""'Physics.PhD"", ""'Physics.PhD'"", ""'Physics.PhD.Mild Anxiety'"", ""'Physics.PhD.Moderate Anxiety'"", ""'Physics.PhD.Multiple Choice'"", ""'Physics.PhD.Severe Anxiety'"", ""'Physics.PhD.Short Answer'"", ""'Physics.PhD.Single Choice'"", ""'Physics.PhD.True/False'"", ""'Physics.Undergraduate"", ""'Physics.Undergraduate'"", ""'Physics.Undergraduate.Mild Anxiety'"", ""'Physics.Undergraduate.Moderate Anxiety'"", ""'Physics.Undergraduate.Multiple Choice'"", ""'Physics.Undergraduate.Severe Anxiety'"", ""'Physics.Undergraduate.Short Answer'"", ""'Physics.Undergraduate.Single Choice'"", ""'Physics.Undergraduate.True/False'"", ""'Psychology"", ""'Psychology.Master"", ""'Psychology.Master.Mild Anxiety'"", ""'Psychology.Master.Moderate Anxiety'"", ""'Psychology.Master.Multiple Choice'"", ""'Psychology.Master.Severe Anxiety'"", ""'Psychology.Master.Short Answer'"", ""'Psychology.Master.Single Choice'"", ""'Psychology.Master.True/False'"", ""'Psychology.PhD"", ""'Psychology.PhD.Mild Anxiety'"", ""'Psychology.PhD.Moderate Anxiety'"", ""'Psychology.PhD.Multiple Choice'"", ""'Psychology.PhD.Severe Anxiety'"", ""'Psychology.PhD.Short Answer'"", ""'Psychology.PhD.Single Choice'"", ""'Psychology.PhD.True/False'"", ""'Psychology.Undergraduate"", ""'Psychology.Undergraduate.Mild Anxiety'"", ""'Psychology.Undergraduate.Moderate Anxiety'"", ""'Psychology.Undergraduate.Multiple Choice'"", ""'Psychology.Undergraduate.Severe Anxiety'"", ""'Psychology.Undergraduate.Short Answer'"", ""'Psychology.Undergraduate.Single Choice'"", ""'Psychology.Undergraduate.True/False'"", ""'Public Administration"", ""'Public Administration.Master"", ""'Public Administration.Master.Mild Anxiety'"", ""'Public Administration.Master.Moderate Anxiety'"", ""'Public Administration.Master.Multiple Choice'"", ""'Public Administration.Master.Severe Anxiety'"", ""'Public Administration.Master.Short Answer'"", ""'Public Administration.Master.Single Choice'"", ""'Public Administration.Master.True/False'"", ""'Public Administration.PhD"", ""'Public Administration.PhD.Mild Anxiety'"", ""'Public Administration.PhD.Moderate Anxiety'"", ""'Public Administration.PhD.Multiple Choice'"", ""'Public Administration.PhD.Severe Anxiety'"", ""'Public Administration.PhD.Short Answer'"", ""'Public Administration.PhD.Single Choice'"", ""'Public Administration.PhD.True/False'"", ""'Public Administration.Undergraduate"", ""'Public Administration.Undergraduate.Mild Anxiety'"", ""'Public Administration.Undergraduate.Moderate Anxiety'"", ""'Public Administration.Undergraduate.Multiple Choice'"", ""'Public Administration.Undergraduate.Severe Anxiety'"", ""'Public Administration.Undergraduate.Short Answer'"", ""'Public Administration.Undergraduate.Single Choice'"", ""'Public Administration.Undergraduate.True/False'"", ""'Sociology"", ""'Sociology.Master"", ""'Sociology.Master.Mild Anxiety'"", ""'Sociology.Master.Moderate Anxiety'"", ""'Sociology.Master.Multiple Choice'"", ""'Sociology.Master.Severe Anxiety'"", ""'Sociology.Master.Short Answer'"", ""'Sociology.Master.Single Choice'"", ""'Sociology.Master.True/False'"", ""'Sociology.PhD"", ""'Sociology.PhD.Mild Anxiety'"", ""'Sociology.PhD.Moderate Anxiety'"", ""'Sociology.PhD.Multiple Choice'"", ""'Sociology.PhD.Severe Anxiety'"", ""'Sociology.PhD.Short Answer'"", ""'Sociology.PhD.Single Choice'"", ""'Sociology.PhD.True/False'"", ""'Sociology.Undergraduate"", ""'Sociology.Undergraduate.Mild Anxiety'"", ""'Sociology.Undergraduate.Moderate Anxiety'"", ""'Sociology.Undergraduate.Multiple Choice'"", ""'Sociology.Undergraduate.Severe Anxiety'"", ""'Sociology.Undergraduate.Short Answer'"", ""'Sociology.Undergraduate.Single Choice'"", ""'Sociology.Undergraduate.True/False'"", ""'Theoretical Economics"", ""'Theoretical Economics.Master"", ""'Theoretical Economics.Master.Mild Anxiety'"", ""'Theoretical Economics.Master.Moderate Anxiety'"", ""'Theoretical Economics.Master.Multiple Choice'"", ""'Theoretical Economics.Master.Severe Anxiety'"", ""'Theoretical Economics.Master.Short Answer'"", ""'Theoretical Economics.Master.Single Choice'"", ""'Theoretical Economics.Master.True/False'"", ""'Theoretical Economics.PhD"", ""'Theoretical Economics.PhD.Mild Anxiety'"", ""'Theoretical Economics.PhD.Moderate Anxiety'"", ""'Theoretical Economics.PhD.Multiple Choice'"", ""'Theoretical Economics.PhD.Severe Anxiety'"", ""'Theoretical Economics.PhD.Short Answer'"", ""'Theoretical Economics.PhD.Single Choice'"", ""'Theoretical Economics.PhD.True/False'"", ""'Theoretical Economics.Undergraduate"", ""'Theoretical Economics.Undergraduate'"", ""'Theoretical Economics.Undergraduate.Mild Anxiety'"", ""'Theoretical Economics.Undergraduate.Moderate Anxiety'"", ""'Theoretical Economics.Undergraduate.Multiple Choice'"", ""'Theoretical Economics.Undergraduate.Severe Anxiety'"", ""'Theoretical Economics.Undergraduate.Short Answer'"", ""'Theoretical Economics.Undergraduate.Single Choice'"", ""'Theoretical Economics.Undergraduate.True/False'"", ""'临床医学"", ""'临床医学.博士"", ""'临床医学.博士'"", ""'临床医学.博士.中度焦虑'"", ""'临床医学.博士.单选题'"", ""'临床医学.博士.多选题'"", ""'临床医学.博士.正常'"", ""'临床医学.博士.简答题'"", ""'临床医学.博士.轻度焦虑'"", ""'临床医学.博士.选择题'"", ""'临床医学.博士.重度焦虑'"", ""'临床医学.大学"", ""'临床医学.大学'"", ""'临床医学.大学.中度焦虑'"", ""'临床医学.大学.单选题'"", ""'临床医学.大学.多选题'"", ""'临床医学.大学.正常'"", ""'临床医学.大学.简答题'"", ""'临床医学.大学.轻度焦虑'"", ""'临床医学.大学.选择题'"", ""'临床医学.大学.重度焦虑'"", ""'临床医学.硕士"", ""'临床医学.硕士'"", ""'临床医学.硕士.中度焦虑'"", ""'临床医学.硕士.单选题'"", ""'临床医学.硕士.多选题'"", ""'临床医学.硕士.正常'"", ""'临床医学.硕士.简答题'"", ""'临床医学.硕士.轻度焦虑'"", ""'临床医学.硕士.选择题'"", ""'临床医学.硕士.重度焦虑'"", ""'体育教育学"", ""'体育教育学.博士"", ""'体育教育学.博士'"", ""'体育教育学.博士.中度焦虑'"", ""'体育教育学.博士.单选题'"", ""'体育教育学.博士.多选题'"", ""'体育教育学.博士.正常'"", ""'体育教育学.博士.简答题'"", ""'体育教育学.博士.轻度焦虑'"", ""'体育教育学.博士.选择题'"", ""'体育教育学.博士.重度焦虑'"", ""'体育教育学.大学"", ""'体育教育学.大学'"", ""'体育教育学.大学.中度焦虑'"", ""'体育教育学.大学.单选题'"", ""'体育教育学.大学.多选题'"", ""'体育教育学.大学.正常'"", ""'体育教育学.大学.简答题'"", ""'体育教育学.大学.轻度焦虑'"", ""'体育教育学.大学.选择题'"", ""'体育教育学.大学.重度焦虑'"", ""'体育教育学.硕士"", ""'体育教育学.硕士'"", ""'体育教育学.硕士.中度焦虑'"", ""'体育教育学.硕士.单选题'"", ""'体育教育学.硕士.多选题'"", ""'体育教育学.硕士.正常'"", ""'体育教育学.硕士.简答题'"", ""'体育教育学.硕士.轻度焦虑'"", ""'体育教育学.硕士.选择题'"", ""'体育教育学.硕士.重度焦虑'"", ""'作物科学"", ""'作物科学.博士"", ""'作物科学.博士'"", ""'作物科学.博士.中度焦虑'"", ""'作物科学.博士.单选题'"", ""'作物科学.博士.多选题'"", ""'作物科学.博士.正常'"", ""'作物科学.博士.简答题'"", ""'作物科学.博士.轻度焦虑'"", ""'作物科学.博士.选择题'"", ""'作物科学.博士.重度焦虑'"", ""'作物科学.大学"", ""'作物科学.大学'"", ""'作物科学.大学.中度焦虑'"", ""'作物科学.大学.单选题'"", ""'作物科学.大学.多选题'"", ""'作物科学.大学.正常'"", ""'作物科学.大学.简答题'"", ""'作物科学.大学.轻度焦虑'"", ""'作物科学.大学.选择题'"", ""'作物科学.大学.重度焦虑'"", ""'作物科学.硕士"", ""'作物科学.硕士'"", ""'作物科学.硕士.中度焦虑'"", ""'作物科学.硕士.单选题'"", ""'作物科学.硕士.多选题'"", ""'作物科学.硕士.正常'"", ""'作物科学.硕士.简答题'"", ""'作物科学.硕士.轻度焦虑'"", ""'作物科学.硕士.选择题'"", ""'作物科学.硕士.重度焦虑'"", ""'公共管理学"", ""'公共管理学.博士"", ""'公共管理学.博士'"", ""'公共管理学.博士.中度焦虑'"", ""'公共管理学.博士.单选题'"", ""'公共管理学.博士.多选题'"", ""'公共管理学.博士.正常'"", ""'公共管理学.博士.简答题'"", ""'公共管理学.博士.轻度焦虑'"", ""'公共管理学.博士.选择题'"", ""'公共管理学.博士.重度焦虑'"", ""'公共管理学.大学"", ""'公共管理学.大学'"", ""'公共管理学.大学.中度焦虑'"", ""'公共管理学.大学.单选题'"", ""'公共管理学.大学.多选题'"", ""'公共管理学.大学.正常'"", ""'公共管理学.大学.简答题'"", ""'公共管理学.大学.轻度焦虑'"", ""'公共管理学.大学.选择题'"", ""'公共管理学.大学.重度焦虑'"", ""'公共管理学.硕士"", ""'公共管理学.硕士'"", ""'公共管理学.硕士.中度焦虑'"", ""'公共管理学.硕士.单选题'"", ""'公共管理学.硕士.多选题'"", ""'公共管理学.硕士.正常'"", ""'公共管理学.硕士.简答题'"", ""'公共管理学.硕士.轻度焦虑'"", ""'公共管理学.硕士.选择题'"", ""'公共管理学.硕士.重度焦虑'"", ""'军事学"", ""'军事学.博士"", ""'军事学.博士'"", ""'军事学.博士.中度焦虑'"", ""'军事学.博士.单选题'"", ""'军事学.博士.多选题'"", ""'军事学.博士.正常'"", ""'军事学.博士.简答题'"", ""'军事学.博士.轻度焦虑'"", ""'军事学.博士.选择题'"", ""'军事学.博士.重度焦虑'"", ""'军事学.大学"", ""'军事学.大学'"", ""'军事学.大学.中度焦虑'"", ""'军事学.大学.单选题'"", ""'军事学.大学.多选题'"", ""'军事学.大学.正常'"", ""'军事学.大学.简答题'"", ""'军事学.大学.轻度焦虑'"", ""'军事学.大学.选择题'"", ""'军事学.大学.重度焦虑'"", ""'军事学.硕士"", ""'军事学.硕士'"", ""'军事学.硕士.中度焦虑'"", ""'军事学.硕士.单选题'"", ""'军事学.硕士.多选题'"", ""'军事学.硕士.正常'"", ""'军事学.硕士.简答题'"", ""'军事学.硕士.轻度焦虑'"", ""'军事学.硕士.选择题'"", ""'军事学.硕士.重度焦虑'"", ""'化学"", ""'化学.初中"", ""'化学.初中'"", ""'化学.初中.中度焦虑'"", ""'化学.初中.单选题'"", ""'化学.初中.多选题'"", ""'化学.初中.正常'"", ""'化学.初中.简答题'"", ""'化学.初中.轻度焦虑'"", ""'化学.初中.选择题'"", ""'化学.初中.重度焦虑'"", ""'化学.博士"", ""'化学.博士'"", ""'化学.博士.中度焦虑'"", ""'化学.博士.单选题'"", ""'化学.博士.多选题'"", ""'化学.博士.正常'"", ""'化学.博士.简答题'"", ""'化学.博士.轻度焦虑'"", ""'化学.博士.选择题'"", ""'化学.博士.重度焦虑'"", ""'化学.大学"", ""'化学.大学'"", ""'化学.大学.中度焦虑'"", ""'化学.大学.单选题'"", ""'化学.大学.多选题'"", ""'化学.大学.正常'"", ""'化学.大学.简答题'"", ""'化学.大学.轻度焦虑'"", ""'化学.大学.选择题'"", ""'化学.大学.重度焦虑'"", ""'化学.小学"", ""'化学.小学'"", ""'化学.小学.中度焦虑'"", ""'化学.小学.单选题'"", ""'化学.小学.多选题'"", ""'化学.小学.正常'"", ""'化学.小学.简答题'"", ""'化学.小学.轻度焦虑'"", ""'化学.小学.选择题'"", ""'化学.小学.重度焦虑'"", ""'化学.硕士"", ""'化学.硕士'"", ""'化学.硕士.中度焦虑'"", ""'化学.硕士.单选题'"", ""'化学.硕士.多选题'"", ""'化学.硕士.正常'"", ""'化学.硕士.简答题'"", ""'化学.硕士.轻度焦虑'"", ""'化学.硕士.选择题'"", ""'化学.硕士.重度焦虑'"", ""'化学.高中"", ""'化学.高中'"", ""'化学.高中.中度焦虑'"", ""'化学.高中.单选题'"", ""'化学.高中.多选题'"", ""'化学.高中.正常'"", ""'化学.高中.简答题'"", ""'化学.高中.轻度焦虑'"", ""'化学.高中.选择题'"", ""'化学.高中.重度焦虑'"", ""'历史"", ""'历史.初中"", ""'历史.初中'"", ""'历史.初中.中度焦虑'"", ""'历史.初中.单选题'"", ""'历史.初中.多选题'"", ""'历史.初中.正常'"", ""'历史.初中.简答题'"", ""'历史.初中.轻度焦虑'"", ""'历史.初中.选择题'"", ""'历史.初中.重度焦虑'"", ""'历史.小学"", ""'历史.小学'"", ""'历史.小学.中度焦虑'"", ""'历史.小学.单选题'"", ""'历史.小学.多选题'"", ""'历史.小学.正常'"", ""'历史.小学.简答题'"", ""'历史.小学.轻度焦虑'"", ""'历史.小学.选择题'"", ""'历史.小学.重度焦虑'"", ""'历史.高中"", ""'历史.高中'"", ""'历史.高中.中度焦虑'"", ""'历史.高中.单选题'"", ""'历史.高中.多选题'"", ""'历史.高中.正常'"", ""'历史.高中.简答题'"", ""'历史.高中.轻度焦虑'"", ""'历史.高中.选择题'"", ""'历史.高中.重度焦虑'"", ""'历史学"", ""'历史学.博士"", ""'历史学.博士'"", ""'历史学.博士.中度焦虑'"", ""'历史学.博士.单选题'"", ""'历史学.博士.多选题'"", ""'历史学.博士.正常'"", ""'历史学.博士.简答题'"", ""'历史学.博士.轻度焦虑'"", ""'历史学.博士.选择题'"", ""'历史学.博士.重度焦虑'"", ""'历史学.大学"", ""'历史学.大学'"", ""'历史学.大学.中度焦虑'"", ""'历史学.大学.单选题'"", ""'历史学.大学.多选题'"", ""'历史学.大学.正常'"", ""'历史学.大学.简答题'"", ""'历史学.大学.轻度焦虑'"", ""'历史学.大学.选择题'"", ""'历史学.大学.重度焦虑'"", ""'历史学.硕士"", ""'历史学.硕士'"", ""'历史学.硕士.中度焦虑'"", ""'历史学.硕士.单选题'"", ""'历史学.硕士.多选题'"", ""'历史学.硕士.正常'"", ""'历史学.硕士.简答题'"", ""'历史学.硕士.轻度焦虑'"", ""'历史学.硕士.选择题'"", ""'历史学.硕士.重度焦虑'"", ""'商业管理学"", ""'商业管理学.博士"", ""'商业管理学.博士'"", ""'商业管理学.博士.中度焦虑'"", ""'商业管理学.博士.单选题'"", ""'商业管理学.博士.多选题'"", ""'商业管理学.博士.正常'"", ""'商业管理学.博士.简答题'"", ""'商业管理学.博士.轻度焦虑'"", ""'商业管理学.博士.选择题'"", ""'商业管理学.博士.重度焦虑'"", ""'商业管理学.大学"", ""'商业管理学.大学'"", ""'商业管理学.大学.中度焦虑'"", ""'商业管理学.大学.单选题'"", ""'商业管理学.大学.多选题'"", ""'商业管理学.大学.正常'"", ""'商业管理学.大学.简答题'"", ""'商业管理学.大学.轻度焦虑'"", ""'商业管理学.大学.选择题'"", ""'商业管理学.大学.重度焦虑'"", ""'商业管理学.硕士"", ""'商业管理学.硕士'"", ""'商业管理学.硕士.中度焦虑'"", ""'商业管理学.硕士.单选题'"", ""'商业管理学.硕士.多选题'"", ""'商业管理学.硕士.正常'"", ""'商业管理学.硕士.简答题'"", ""'商业管理学.硕士.轻度焦虑'"", ""'商业管理学.硕士.选择题'"", ""'商业管理学.硕士.重度焦虑'"", ""'地理"", ""'地理.初中"", ""'地理.初中'"", ""'地理.初中.中度焦虑'"", ""'地理.初中.单选题'"", ""'地理.初中.多选题'"", ""'地理.初中.正常'"", ""'地理.初中.简答题'"", ""'地理.初中.轻度焦虑'"", ""'地理.初中.选择题'"", ""'地理.初中.重度焦虑'"", ""'地理.小学"", ""'地理.小学'"", ""'地理.小学.中度焦虑'"", ""'地理.小学.单选题'"", ""'地理.小学.多选题'"", ""'地理.小学.正常'"", ""'地理.小学.简答题'"", ""'地理.小学.轻度焦虑'"", ""'地理.小学.选择题'"", ""'地理.小学.重度焦虑'"", ""'地理.高中"", ""'地理.高中'"", ""'地理.高中.中度焦虑'"", ""'地理.高中.单选题'"", ""'地理.高中.多选题'"", ""'地理.高中.正常'"", ""'地理.高中.简答题'"", ""'地理.高中.轻度焦虑'"", ""'地理.高中.选择题'"", ""'地理.高中.重度焦虑'"", ""'基础医学"", ""'基础医学.博士"", ""'基础医学.博士'"", ""'基础医学.博士.中度焦虑'"", ""'基础医学.博士.单选题'"", ""'基础医学.博士.多选题'"", ""'基础医学.博士.正常'"", ""'基础医学.博士.简答题'"", ""'基础医学.博士.轻度焦虑'"", ""'基础医学.博士.选择题'"", ""'基础医学.博士.重度焦虑'"", ""'基础医学.大学"", ""'基础医学.大学'"", ""'基础医学.大学.中度焦虑'"", ""'基础医学.大学.单选题'"", ""'基础医学.大学.多选题'"", ""'基础医学.大学.正常'"", ""'基础医学.大学.简答题'"", ""'基础医学.大学.轻度焦虑'"", ""'基础医学.大学.选择题'"", ""'基础医学.大学.重度焦虑'"", ""'基础医学.硕士"", ""'基础医学.硕士'"", ""'基础医学.硕士.中度焦虑'"", ""'基础医学.硕士.单选题'"", ""'基础医学.硕士.多选题'"", ""'基础医学.硕士.正常'"", ""'基础医学.硕士.简答题'"", ""'基础医学.硕士.轻度焦虑'"", ""'基础医学.硕士.选择题'"", ""'基础医学.硕士.重度焦虑'"", ""'应用经济学"", ""'应用经济学.博士"", ""'应用经济学.博士'"", ""'应用经济学.博士.中度焦虑'"", ""'应用经济学.博士.单选题'"", ""'应用经济学.博士.多选题'"", ""'应用经济学.博士.正常'"", ""'应用经济学.博士.简答题'"", ""'应用经济学.博士.轻度焦虑'"", ""'应用经济学.博士.选择题'"", ""'应用经济学.博士.重度焦虑'"", ""'应用经济学.大学"", ""'应用经济学.大学'"", ""'应用经济学.大学.中度焦虑'"", ""'应用经济学.大学.单选题'"", ""'应用经济学.大学.多选题'"", ""'应用经济学.大学.正常'"", ""'应用经济学.大学.简答题'"", ""'应用经济学.大学.轻度焦虑'"", ""'应用经济学.大学.选择题'"", ""'应用经济学.大学.重度焦虑'"", ""'应用经济学.硕士"", ""'应用经济学.硕士'"", ""'应用经济学.硕士.中度焦虑'"", ""'应用经济学.硕士.单选题'"", ""'应用经济学.硕士.多选题'"", ""'应用经济学.硕士.简答题'"", ""'应用经济学.硕士.轻度焦虑'"", ""'应用经济学.硕士.选择题'"", ""'应用经济学.硕士.重度焦虑'"", ""'心理学"", ""'心理学.博士"", ""'心理学.博士'"", ""'心理学.博士.中度焦虑'"", ""'心理学.博士.单选题'"", ""'心理学.博士.多选题'"", ""'心理学.博士.正常'"", ""'心理学.博士.简答题'"", ""'心理学.博士.轻度焦虑'"", ""'心理学.博士.选择题'"", ""'心理学.博士.重度焦虑'"", ""'心理学.大学"", ""'心理学.大学'"", ""'心理学.大学.中度焦虑'"", ""'心理学.大学.单选题'"", ""'心理学.大学.多选题'"", ""'心理学.大学.简答题'"", ""'心理学.大学.轻度焦虑'"", ""'心理学.大学.选择题'"", ""'心理学.大学.重度焦虑'"", ""'心理学.硕士"", ""'心理学.硕士'"", ""'心理学.硕士.中度焦虑'"", ""'心理学.硕士.单选题'"", ""'心理学.硕士.多选题'"", ""'心理学.硕士.正常'"", ""'心理学.硕士.简答题'"", ""'心理学.硕士.轻度焦虑'"", ""'心理学.硕士.选择题'"", ""'心理学.硕士.重度焦虑'"", ""'数学"", ""'数学.初中"", ""'数学.初中'"", ""'数学.初中.中度焦虑'"", ""'数学.初中.单选题'"", ""'数学.初中.多选题'"", ""'数学.初中.正常'"", ""'数学.初中.简答题'"", ""'数学.初中.轻度焦虑'"", ""'数学.初中.选择题'"", ""'数学.初中.重度焦虑'"", ""'数学.博士"", ""'数学.博士'"", ""'数学.博士.中度焦虑'"", ""'数学.博士.单选题'"", ""'数学.博士.多选题'"", ""'数学.博士.正常'"", ""'数学.博士.简答题'"", ""'数学.博士.轻度焦虑'"", ""'数学.博士.选择题'"", ""'数学.博士.重度焦虑'"", ""'数学.大学"", ""'数学.大学'"", ""'数学.大学.中度焦虑'"", ""'数学.大学.单选题'"", ""'数学.大学.多选题'"", ""'数学.大学.正常'"", ""'数学.大学.简答题'"", ""'数学.大学.轻度焦虑'"", ""'数学.大学.选择题'"", ""'数学.大学.重度焦虑'"", ""'数学.小学"", ""'数学.小学'"", ""'数学.小学.中度焦虑'"", ""'数学.小学.单选题'"", ""'数学.小学.多选题'"", ""'数学.小学.正常'"", ""'数学.小学.简答题'"", ""'数学.小学.轻度焦虑'"", ""'数学.小学.选择题'"", ""'数学.小学.重度焦虑'"", ""'数学.硕士"", ""'数学.硕士'"", ""'数学.硕士.中度焦虑'"", ""'数学.硕士.单选题'"", ""'数学.硕士.多选题'"", ""'数学.硕士.正常'"", ""'数学.硕士.简答题'"", ""'数学.硕士.轻度焦虑'"", ""'数学.硕士.选择题'"", ""'数学.硕士.重度焦虑'"", ""'数学.高中"", ""'数学.高中'"", ""'数学.高中.中度焦虑'"", ""'数学.高中.单选题'"", ""'数学.高中.多选题'"", ""'数学.高中.正常'"", ""'数学.高中.简答题'"", ""'数学.高中.轻度焦虑'"", ""'数学.高中.选择题'"", ""'数学.高中.重度焦虑'"", ""'文学与艺术"", ""'文学与艺术.博士"", ""'文学与艺术.博士'"", ""'文学与艺术.博士.中度焦虑'"", ""'文学与艺术.博士.单选题'"", ""'文学与艺术.博士.多选题'"", ""'文学与艺术.博士.正常'"", ""'文学与艺术.博士.简答题'"", ""'文学与艺术.博士.轻度焦虑'"", ""'文学与艺术.博士.选择题'"", ""'文学与艺术.博士.重度焦虑'"", ""'文学与艺术.大学"", ""'文学与艺术.大学'"", ""'文学与艺术.大学.中度焦虑'"", ""'文学与艺术.大学.单选题'"", ""'文学与艺术.大学.多选题'"", ""'文学与艺术.大学.正常'"", ""'文学与艺术.大学.简答题'"", ""'文学与艺术.大学.轻度焦虑'"", ""'文学与艺术.大学.选择题'"", ""'文学与艺术.大学.重度焦虑'"", ""'文学与艺术.硕士"", ""'文学与艺术.硕士'"", ""'文学与艺术.硕士.中度焦虑'"", ""'文学与艺术.硕士.单选题'"", ""'文学与艺术.硕士.多选题'"", ""'文学与艺术.硕士.正常'"", ""'文学与艺术.硕士.简答题'"", ""'文学与艺术.硕士.轻度焦虑'"", ""'文学与艺术.硕士.选择题'"", ""'文学与艺术.硕士.重度焦虑'"", ""'普通教育学"", ""'普通教育学.博士"", ""'普通教育学.博士'"", ""'普通教育学.博士.中度焦虑'"", ""'普通教育学.博士.单选题'"", ""'普通教育学.博士.多选题'"", ""'普通教育学.博士.正常'"", ""'普通教育学.博士.简答题'"", ""'普通教育学.博士.轻度焦虑'"", ""'普通教育学.博士.选择题'"", ""'普通教育学.博士.重度焦虑'"", ""'普通教育学.大学"", ""'普通教育学.大学'"", ""'普通教育学.大学.中度焦虑'"", ""'普通教育学.大学.单选题'"", ""'普通教育学.大学.多选题'"", ""'普通教育学.大学.正常'"", ""'普通教育学.大学.简答题'"", ""'普通教育学.大学.轻度焦虑'"", ""'普通教育学.大学.选择题'"", ""'普通教育学.大学.重度焦虑'"", ""'普通教育学.硕士"", ""'普通教育学.硕士'"", ""'普通教育学.硕士.中度焦虑'"", ""'普通教育学.硕士.单选题'"", ""'普通教育学.硕士.多选题'"", ""'普通教育学.硕士.正常'"", ""'普通教育学.硕士.简答题'"", ""'普通教育学.硕士.轻度焦虑'"", ""'普通教育学.硕士.选择题'"", ""'普通教育学.硕士.重度焦虑'"", ""'水产养殖"", ""'水产养殖.博士"", ""'水产养殖.博士'"", ""'水产养殖.博士.中度焦虑'"", ""'水产养殖.博士.单选题'"", ""'水产养殖.博士.多选题'"", ""'水产养殖.博士.正常'"", ""'水产养殖.博士.简答题'"", ""'水产养殖.博士.轻度焦虑'"", ""'水产养殖.博士.选择题'"", ""'水产养殖.博士.重度焦虑'"", ""'水产养殖.大学"", ""'水产养殖.大学'"", ""'水产养殖.大学.中度焦虑'"", ""'水产养殖.大学.单选题'"", ""'水产养殖.大学.多选题'"", ""'水产养殖.大学.正常'"", ""'水产养殖.大学.简答题'"", ""'水产养殖.大学.轻度焦虑'"", ""'水产养殖.大学.选择题'"", ""'水产养殖.大学.重度焦虑'"", ""'水产养殖.硕士"", ""'水产养殖.硕士'"", ""'水产养殖.硕士.中度焦虑'"", ""'水产养殖.硕士.单选题'"", ""'水产养殖.硕士.多选题'"", ""'水产养殖.硕士.正常'"", ""'水产养殖.硕士.简答题'"", ""'水产养殖.硕士.轻度焦虑'"", ""'水产养殖.硕士.选择题'"", ""'水产养殖.硕士.重度焦虑'"", ""'法学"", ""'法学.博士"", ""'法学.博士'"", ""'法学.博士.中度焦虑'"", ""'法学.博士.单选题'"", ""'法学.博士.多选题'"", ""'法学.博士.正常'"", ""'法学.博士.简答题'"", ""'法学.博士.轻度焦虑'"", ""'法学.博士.选择题'"", ""'法学.博士.重度焦虑'"", ""'法学.大学"", ""'法学.大学'"", ""'法学.大学.中度焦虑'"", ""'法学.大学.单选题'"", ""'法学.大学.多选题'"", ""'法学.大学.正常'"", ""'法学.大学.简答题'"", ""'法学.大学.轻度焦虑'"", ""'法学.大学.选择题'"", ""'法学.大学.重度焦虑'"", ""'法学.硕士"", ""'法学.硕士'"", ""'法学.硕士.中度焦虑'"", ""'法学.硕士.单选题'"", ""'法学.硕士.多选题'"", ""'法学.硕士.正常'"", ""'法学.硕士.简答题'"", ""'法学.硕士.轻度焦虑'"", ""'法学.硕士.选择题'"", ""'法学.硕士.重度焦虑'"", ""'物理"", ""'物理.初中"", ""'物理.初中'"", ""'物理.初中.中度焦虑'"", ""'物理.初中.单选题'"", ""'物理.初中.多选题'"", ""'物理.初中.正常'"", ""'物理.初中.简答题'"", ""'物理.初中.轻度焦虑'"", ""'物理.初中.选择题'"", ""'物理.初中.重度焦虑'"", ""'物理.小学"", ""'物理.小学'"", ""'物理.小学.中度焦虑'"", ""'物理.小学.单选题'"", ""'物理.小学.多选题'"", ""'物理.小学.正常'"", ""'物理.小学.简答题'"", ""'物理.小学.轻度焦虑'"", ""'物理.小学.选择题'"", ""'物理.小学.重度焦虑'"", ""'物理.高中"", ""'物理.高中'"", ""'物理.高中.中度焦虑'"", ""'物理.高中.单选题'"", ""'物理.高中.多选题'"", ""'物理.高中.正常'"", ""'物理.高中.简答题'"", ""'物理.高中.轻度焦虑'"", ""'物理.高中.选择题'"", ""'物理.高中.重度焦虑'"", ""'物理学"", ""'物理学.博士"", ""'物理学.博士'"", ""'物理学.博士.中度焦虑'"", ""'物理学.博士.单选题'"", ""'物理学.博士.多选题'"", ""'物理学.博士.正常'"", ""'物理学.博士.简答题'"", ""'物理学.博士.轻度焦虑'"", ""'物理学.博士.选择题'"", ""'物理学.博士.重度焦虑'"", ""'物理学.大学"", ""'物理学.大学'"", ""'物理学.大学.中度焦虑'"", ""'物理学.大学.单选题'"", ""'物理学.大学.多选题'"", ""'物理学.大学.正常'"", ""'物理学.大学.简答题'"", ""'物理学.大学.轻度焦虑'"", ""'物理学.大学.选择题'"", ""'物理学.大学.重度焦虑'"", ""'物理学.硕士"", ""'物理学.硕士'"", ""'物理学.硕士.中度焦虑'"", ""'物理学.硕士.单选题'"", ""'物理学.硕士.多选题'"", ""'物理学.硕士.正常'"", ""'物理学.硕士.简答题'"", ""'物理学.硕士.轻度焦虑'"", ""'物理学.硕士.选择题'"", ""'物理学.硕士.重度焦虑'"", ""'理论经济学"", ""'理论经济学.博士"", ""'理论经济学.博士'"", ""'理论经济学.博士.中度焦虑'"", ""'理论经济学.博士.单选题'"", ""'理论经济学.博士.多选题'"", ""'理论经济学.博士.正常'"", ""'理论经济学.博士.简答题'"", ""'理论经济学.博士.轻度焦虑'"", ""'理论经济学.博士.选择题'"", ""'理论经济学.博士.重度焦虑'"", ""'理论经济学.大学"", ""'理论经济学.大学'"", ""'理论经济学.大学.中度焦虑'"", ""'理论经济学.大学.单选题'"", ""'理论经济学.大学.多选题'"", ""'理论经济学.大学.正常'"", ""'理论经济学.大学.简答题'"", ""'理论经济学.大学.轻度焦虑'"", ""'理论经济学.大学.选择题'"", ""'理论经济学.大学.重度焦虑'"", ""'理论经济学.硕士"", ""'理论经济学.硕士'"", ""'理论经济学.硕士.中度焦虑'"", ""'理论经济学.硕士.单选题'"", ""'理论经济学.硕士.多选题'"", ""'理论经济学.硕士.正常'"", ""'理论经济学.硕士.简答题'"", ""'理论经济学.硕士.轻度焦虑'"", ""'理论经济学.硕士.选择题'"", ""'理论经济学.硕士.重度焦虑'"", ""'生物"", ""'生物.初中"", ""'生物.初中'"", ""'生物.初中.中度焦虑'"", ""'生物.初中.单选题'"", ""'生物.初中.多选题'"", ""'生物.初中.正常'"", ""'生物.初中.简答题'"", ""'生物.初中.轻度焦虑'"", ""'生物.初中.选择题'"", ""'生物.初中.重度焦虑'"", ""'生物.小学"", ""'生物.小学'"", ""'生物.小学.中度焦虑'"", ""'生物.小学.单选题'"", ""'生物.小学.多选题'"", ""'生物.小学.正常'"", ""'生物.小学.简答题'"", ""'生物.小学.轻度焦虑'"", ""'生物.小学.选择题'"", ""'生物.小学.重度焦虑'"", ""'生物.高中"", ""'生物.高中'"", ""'生物.高中.中度焦虑'"", ""'生物.高中.单选题'"", ""'生物.高中.多选题'"", ""'生物.高中.正常'"", ""'生物.高中.简答题'"", ""'生物.高中.轻度焦虑'"", ""'生物.高中.选择题'"", ""'生物.高中.重度焦虑'"", ""'生物学"", ""'生物学.博士"", ""'生物学.博士'"", ""'生物学.博士.中度焦虑'"", ""'生物学.博士.单选题'"", ""'生物学.博士.多选题'"", ""'生物学.博士.正常'"", ""'生物学.博士.简答题'"", ""'生物学.博士.轻度焦虑'"", ""'生物学.博士.选择题'"", ""'生物学.博士.重度焦虑'"", ""'生物学.大学"", ""'生物学.大学'"", ""'生物学.大学.中度焦虑'"", ""'生物学.大学.单选题'"", ""'生物学.大学.多选题'"", ""'生物学.大学.正常'"", ""'生物学.大学.简答题'"", ""'生物学.大学.轻度焦虑'"", ""'生物学.大学.选择题'"", ""'生物学.大学.重度焦虑'"", ""'生物学.硕士"", ""'生物学.硕士'"", ""'生物学.硕士.中度焦虑'"", ""'生物学.硕士.单选题'"", ""'生物学.硕士.多选题'"", ""'生物学.硕士.正常'"", ""'生物学.硕士.简答题'"", ""'生物学.硕士.轻度焦虑'"", ""'生物学.硕士.选择题'"", ""'生物学.硕士.重度焦虑'"", ""'社会学"", ""'社会学.博士"", ""'社会学.博士'"", ""'社会学.博士.中度焦虑'"", ""'社会学.博士.单选题'"", ""'社会学.博士.多选题'"", ""'社会学.博士.正常'"", ""'社会学.博士.简答题'"", ""'社会学.博士.轻度焦虑'"", ""'社会学.博士.选择题'"", ""'社会学.博士.重度焦虑'"", ""'社会学.大学"", ""'社会学.大学'"", ""'社会学.大学.中度焦虑'"", ""'社会学.大学.单选题'"", ""'社会学.大学.多选题'"", ""'社会学.大学.正常'"", ""'社会学.大学.简答题'"", ""'社会学.大学.轻度焦虑'"", ""'社会学.大学.选择题'"", ""'社会学.大学.重度焦虑'"", ""'社会学.硕士"", ""'社会学.硕士'"", ""'社会学.硕士.中度焦虑'"", ""'社会学.硕士.单选题'"", ""'社会学.硕士.多选题'"", ""'社会学.硕士.正常'"", ""'社会学.硕士.简答题'"", ""'社会学.硕士.轻度焦虑'"", ""'社会学.硕士.选择题'"", ""'社会学.硕士.重度焦虑'"", ""'自动控制"", ""'自动控制.博士"", ""'自动控制.博士'"", ""'自动控制.博士.中度焦虑'"", ""'自动控制.博士.单选题'"", ""'自动控制.博士.多选题'"", ""'自动控制.博士.正常'"", ""'自动控制.博士.简答题'"", ""'自动控制.博士.轻度焦虑'"", ""'自动控制.博士.选择题'"", ""'自动控制.博士.重度焦虑'"", ""'自动控制.大学"", ""'自动控制.大学'"", ""'自动控制.大学.中度焦虑'"", ""'自动控制.大学.单选题'"", ""'自动控制.大学.多选题'"", ""'自动控制.大学.正常'"", ""'自动控制.大学.简答题'"", ""'自动控制.大学.轻度焦虑'"", ""'自动控制.大学.选择题'"", ""'自动控制.大学.重度焦虑'"", ""'自动控制.硕士"", ""'自动控制.硕士'"", ""'自动控制.硕士.中度焦虑'"", ""'自动控制.硕士.单选题'"", ""'自动控制.硕士.多选题'"", ""'自动控制.硕士.正常'"", ""'自动控制.硕士.简答题'"", ""'自动控制.硕士.轻度焦虑'"", ""'自动控制.硕士.选择题'"", ""'自动控制.硕士.重度焦虑'"", ""'英语"", ""'英语.初中"", ""'英语.初中'"", ""'英语.初中.中度焦虑'"", ""'英语.初中.单选题'"", ""'英语.初中.多选题'"", ""'英语.初中.正常'"", ""'英语.初中.简答题'"", ""'英语.初中.轻度焦虑'"", ""'英语.初中.选择题'"", ""'英语.初中.重度焦虑'"", ""'英语.小学"", ""'英语.小学'"", ""'英语.小学.中度焦虑'"", ""'英语.小学.单选题'"", ""'英语.小学.多选题'"", ""'英语.小学.正常'"", ""'英语.小学.简答题'"", ""'英语.小学.轻度焦虑'"", ""'英语.小学.选择题'"", ""'英语.小学.重度焦虑'"", ""'英语.高中"", ""'英语.高中'"", ""'英语.高中.中度焦虑'"", ""'英语.高中.单选题'"", ""'英语.高中.多选题'"", ""'英语.高中.正常'"", ""'英语.高中.简答题'"", ""'英语.高中.轻度焦虑'"", ""'英语.高中.选择题'"", ""'英语.高中.重度焦虑'"", ""'计算机科学"", ""'计算机科学.博士"", ""'计算机科学.博士'"", ""'计算机科学.博士.中度焦虑'"", ""'计算机科学.博士.单选题'"", ""'计算机科学.博士.多选题'"", ""'计算机科学.博士.正常'"", ""'计算机科学.博士.简答题'"", ""'计算机科学.博士.轻度焦虑'"", ""'计算机科学.博士.选择题'"", ""'计算机科学.博士.重度焦虑'"", ""'计算机科学.大学"", ""'计算机科学.大学'"", ""'计算机科学.大学.中度焦虑'"", ""'计算机科学.大学.单选题'"", ""'计算机科学.大学.多选题'"", ""'计算机科学.大学.正常'"", ""'计算机科学.大学.简答题'"", ""'计算机科学.大学.轻度焦虑'"", ""'计算机科学.大学.选择题'"", ""'计算机科学.大学.重度焦虑'"", ""'计算机科学.硕士"", ""'计算机科学.硕士'"", ""'计算机科学.硕士.中度焦虑'"", ""'计算机科学.硕士.单选题'"", ""'计算机科学.硕士.多选题'"", ""'计算机科学.硕士.正常'"", ""'计算机科学.硕士.简答题'"", ""'计算机科学.硕士.轻度焦虑'"", ""'计算机科学.硕士.选择题'"", ""'计算机科学.硕士.重度焦虑'"", ""'语文"", ""'语文.初中"", ""'语文.初中'"", ""'语文.初中.中度焦虑'"", ""'语文.初中.单选题'"", ""'语文.初中.多选题'"", ""'语文.初中.正常'"", ""'语文.初中.简答题'"", ""'语文.初中.轻度焦虑'"", ""'语文.初中.选择题'"", ""'语文.初中.重度焦虑'"", ""'语文.小学"", ""'语文.小学'"", ""'语文.小学.中度焦虑'"", ""'语文.小学.单选题'"", ""'语文.小学.多选题'"", ""'语文.小学.正常'"", ""'语文.小学.简答题'"", ""'语文.小学.轻度焦虑'"", ""'语文.小学.选择题'"", ""'语文.小学.重度焦虑'"", ""'语文.高中"", ""'语文.高中'"", ""'语文.高中.中度焦虑'"", ""'语文.高中.单选题'"", ""'语文.高中.多选题'"", ""'语文.高中.正常'"", ""'语文.高中.简答题'"", ""'语文.高中.轻度焦虑'"", ""'语文.高中.选择题'"", ""'语文.高中.重度焦虑'"", ""__key__""]",[],[],[],[],[],[],[],[],[],[],unknown,
categories/category_reorganized.json,14,"[""Elementary School"", ""High School"", ""Master"", ""Middle School"", ""PhD"", ""Undergraduate"", ""__key__"", ""初中"", ""博士"", ""大学"", ""小学"", ""硕士"", ""高中""]","{""Elementary School"": 0.5, ""High School"": 0.5, ""Master"": 0.5, ""Middle School"": 0.5, ""PhD"": 0.5, ""Undergraduate"": 0.5, ""__key__"": 1.0, ""初中"": 0.5, ""博士"": 0.5, ""大学"": 0.5, ""小学"": 0.5, ""硕士"": 0.5, ""高中"": 0.5}","[""Elementary School"", ""Elementary School.'Biology"", ""Elementary School.'Biology.Mild Anxiety'"", ""Elementary School.'Biology.Moderate Anxiety'"", ""Elementary School.'Biology.Multiple Choice'"", ""Elementary School.'Biology.Severe Anxiety'"", ""Elementary School.'Biology.Short Answer'"", ""Elementary School.'Biology.Single Choice'"", ""Elementary School.'Biology.True/False'"", ""Elementary School.'Chemistry"", ""Elementary School.'Chemistry.Mild Anxiety'"", ""Elementary School.'Chemistry.Moderate Anxiety'"", ""Elementary School.'Chemistry.Multiple Choice'"", ""Elementary School.'Chemistry.Severe Anxiety'"", ""Elementary School.'Chemistry.Short Answer'"", ""Elementary School.'Chemistry.Single Choice'"", ""Elementary School.'Chemistry.True/False'"", ""Elementary School.'Chinese"", ""Elementary School.'Chinese.Mild Anxiety'"", ""Elementary School.'Chinese.Moderate Anxiety'"", ""Elementary School.'Chinese.Severe Anxiety'"", ""Elementary School.'Chinese.Single Choice'"", ""Elementary School.'English"", ""Elementary School.'English.Mild Anxiety'"", ""Elementary School.'English.Moderate Anxiety'"", ""Elementary School.'English.Multiple Choice'"", ""Elementary School.'English.Severe Anxiety'"", ""Elementary School.'English.Short Answer'"", ""Elementary School.'English.Single Choice'"", ""Elementary School.'English.True/False'"", ""Elementary School.'Geography"", ""Elementary School.'Geography.Mild Anxiety'"", ""Elementary School.'Geography.Moderate Anxiety'"", ""Elementary School.'Geography.Multiple Choice'"", ""Elementary School.'Geography.Severe Anxiety'"", ""Elementary School.'Geography.Short Answer'"", ""Elementary School.'Geography.Single Choice'"", ""Elementary School.'Geography.True/False'"", ""Elementary School.'History"", ""Elementary School.'History.Mild Anxiety'"", ""Elementary School.'History.Moderate Anxiety'"", ""Elementary School.'History.Multiple Choice'"", ""Elementary School.'History.Severe Anxiety'"", ""Elementary School.'History.Short Answer'"", ""Elementary School.'History.Single Choice'"", ""Elementary School.'History.True/False'"", ""Elementary School.'Mathematics"", ""Elementary School.'Mathematics.Mild Anxiety'"", ""Elementary School.'Mathematics.Moderate Anxiety'"", ""Elementary School.'Mathematics.Multiple Choice'"", ""Elementary School.'Mathematics.Severe Anxiety'"", ""Elementary School.'Mathematics.Short Answer'"", ""Elementary School.'Mathematics.Single Choice'"", ""Elementary School.'Mathematics.True/False'"", ""Elementary School.'Physics"", ""Elementary School.'Physics.Mild Anxiety'"", ""Elementary School.'Physics.Moderate Anxiety'"", ""Elementary School.'Physics.Multiple Choice'"", ""Elementary School.'Physics.Severe Anxiety'"", ""Elementary School.'Physics.Short Answer'"", ""Elementary School.'Physics.Single Choice'"", ""Elementary School.'Physics.True/False'"", ""High School"", ""High School.'Biology"", ""High School.'Biology.Mild Anxiety'"", ""High School.'Biology.Moderate Anxiety'"", ""High School.'Biology.Multiple Choice'"", ""High School.'Biology.Severe Anxiety'"", ""High School.'Biology.Short Answer'"", ""High School.'Biology.Single Choice'"", ""High School.'Biology.True/False'"", ""High School.'Chemistry"", ""High School.'Chemistry.Mild Anxiety'"", ""High School.'Chemistry.Moderate Anxiety'"", ""High School.'Chemistry.Multiple Choice'"", ""High School.'Chemistry.Severe Anxiety'"", ""High School.'Chemistry.Short Answer'"", ""High School.'Chemistry.Single Choice'"", ""High School.'Chemistry.True/False'"", ""High School.'Chinese"", ""High School.'Chinese.Mild Anxiety'"", ""High School.'Chinese.Moderate Anxiety'"", ""High School.'Chinese.Multiple Choice'"", ""High School.'Chinese.Severe Anxiety'"", ""High School.'Chinese.Short Answer'"", ""High School.'Chinese.Single Choice'"", ""High School.'English"", ""High School.'English.Mild Anxiety'"", ""High School.'English.Moderate Anxiety'"", ""High School.'English.Multiple Choice'"", ""High School.'English.Severe Anxiety'"", ""High School.'English.Short Answer'"", ""High School.'English.Single Choice'"", ""High School.'English.True/False'"", ""High School.'Geography"", ""High School.'Geography.Mild Anxiety'"", ""High School.'Geography.Moderate Anxiety'"", ""High School.'Geography.Multiple Choice'"", ""High School.'Geography.Severe Anxiety'"", ""High School.'Geography.Short Answer'"", ""High School.'Geography.Single Choice'"", ""High School.'Geography.True/False'"", ""High School.'History"", ""High School.'History.Mild Anxiety'"", ""High School.'History.Moderate Anxiety'"", ""High School.'History.Multiple Choice'"", ""High School.'History.Severe Anxiety'"", ""High School.'History.Short Answer'"", ""High School.'History.Single Choice'"", ""High School.'History.True/False'"", ""High School.'Mathematics"", ""High School.'Mathematics.Mild Anxiety'"", ""High School.'Mathematics.Moderate Anxiety'"", ""High School.'Mathematics.Multiple Choice'"", ""High School.'Mathematics.Severe Anxiety'"", ""High School.'Mathematics.Short Answer'"", ""High School.'Mathematics.Single Choice'"", ""High School.'Mathematics.True/False'"", ""High School.'Physics"", ""High School.'Physics.Mild Anxiety'"", ""High School.'Physics.Moderate Anxiety'"", ""High School.'Physics.Multiple Choice'"", ""High School.'Physics.Severe Anxiety'"", ""High School.'Physics.Short Answer'"", ""High School.'Physics.Single Choice'"", ""High School.'Physics.True/False'"", ""Master"", ""Master.'Applied Economics"", ""Master.'Applied Economics.Mild Anxiety'"", ""Master.'Applied Economics.Moderate Anxiety'"", ""Master.'Applied Economics.Multiple Choice'"", ""Master.'Applied Economics.Severe Anxiety'"", ""Master.'Applied Economics.Short Answer'"", ""Master.'Applied Economics.Single Choice'"", ""Master.'Applied Economics.True/False'"", ""Master.'Aquaculture"", ""Master.'Aquaculture.Mild Anxiety'"", ""Master.'Aquaculture.Moderate Anxiety'"", ""Master.'Aquaculture.Multiple Choice'"", ""Master.'Aquaculture.Severe Anxiety'"", ""Master.'Aquaculture.Short Answer'"", ""Master.'Aquaculture.Single Choice'"", ""Master.'Aquaculture.True/False'"", ""Master.'Automation"", ""Master.'Automation.Mild Anxiety'"", ""Master.'Automation.Moderate Anxiety'"", ""Master.'Automation.Multiple Choice'"", ""Master.'Automation.Severe Anxiety'"", ""Master.'Automation.Short Answer'"", ""Master.'Automation.Single Choice'"", ""Master.'Automation.True/False'"", ""Master.'Basic Medicine"", ""Master.'Basic Medicine.Mild Anxiety'"", ""Master.'Basic Medicine.Moderate Anxiety'"", ""Master.'Basic Medicine.Multiple Choice'"", ""Master.'Basic Medicine.Severe Anxiety'"", ""Master.'Basic Medicine.Short Answer'"", ""Master.'Basic Medicine.Single Choice'"", ""Master.'Basic Medicine.True/False'"", ""Master.'Biology"", ""Master.'Biology.Mild Anxiety'"", ""Master.'Biology.Moderate Anxiety'"", ""Master.'Biology.Multiple Choice'"", ""Master.'Biology.Severe Anxiety'"", ""Master.'Biology.Short Answer'"", ""Master.'Biology.Single Choice'"", ""Master.'Biology.True/False'"", ""Master.'Business Administration"", ""Master.'Business Administration.Mild Anxiety'"", ""Master.'Business Administration.Moderate Anxiety'"", ""Master.'Business Administration.Multiple Choice'"", ""Master.'Business Administration.Severe Anxiety'"", ""Master.'Business Administration.Short Answer'"", ""Master.'Business Administration.Single Choice'"", ""Master.'Business Administration.True/False'"", ""Master.'Chemistry"", ""Master.'Chemistry.Mild Anxiety'"", ""Master.'Chemistry.Moderate Anxiety'"", ""Master.'Chemistry.Multiple Choice'"", ""Master.'Chemistry.Severe Anxiety'"", ""Master.'Chemistry.Short Answer'"", ""Master.'Chemistry.Single Choice'"", ""Master.'Chemistry.True/False'"", ""Master.'Clinical Medicine"", ""Master.'Clinical Medicine.Mild Anxiety'"", ""Master.'Clinical Medicine.Moderate Anxiety'"", ""Master.'Clinical Medicine.Multiple Choice'"", ""Master.'Clinical Medicine.Severe Anxiety'"", ""Master.'Clinical Medicine.Short Answer'"", ""Master.'Clinical Medicine.Single Choice'"", ""Master.'Clinical Medicine.True/False'"", ""Master.'Computer Science"", ""Master.'Computer Science.Mild Anxiety'"", ""Master.'Computer Science.Moderate Anxiety'"", ""Master.'Computer Science.Multiple Choice'"", ""Master.'Computer Science.Severe Anxiety'"", ""Master.'Computer Science.Short Answer'"", ""Master.'Computer Science.Single Choice'"", ""Master.'Computer Science.True/False'"", ""Master.'Crop Science"", ""Master.'Crop Science.Mild Anxiety'"", ""Master.'Crop Science.Moderate Anxiety'"", ""Master.'Crop Science.Multiple Choice'"", ""Master.'Crop Science.Severe Anxiety'"", ""Master.'Crop Science.Short Answer'"", ""Master.'Crop Science.Single Choice'"", ""Master.'Crop Science.True/False'"", ""Master.'General Pedagogy"", ""Master.'General Pedagogy.Mild Anxiety'"", ""Master.'General Pedagogy.Moderate Anxiety'"", ""Master.'General Pedagogy.Multiple Choice'"", ""Master.'General Pedagogy.Severe Anxiety'"", ""Master.'General Pedagogy.Short Answer'"", ""Master.'General Pedagogy.Single Choice'"", ""Master.'General Pedagogy.True/False'"", ""Master.'History"", ""Master.'History.Mild Anxiety'"", ""Master.'History.Moderate Anxiety'"", ""Master.'History.Multiple Choice'"", ""Master.'History.Severe Anxiety'"", ""Master.'History.Short Answer'"", ""Master.'History.Single Choice'"", ""Master.'History.True/False'"", ""Master.'Law"", ""Master.'Law.Mild Anxiety'"", ""Master.'Law.Moderate Anxiety'"", ""Master.'Law.Multiple Choice'"", ""Master.'Law.Severe Anxiety'"", ""Master.'Law.Short Answer'"", ""Master.'Law.Single Choice'"", ""Master.'Law.True/False'"", ""Master.'Literature and Art"", ""Master.'Literature and Art.Mild Anxiety'"", ""Master.'Literature and Art.Moderate Anxiety'"", ""Master.'Literature and Art.Multiple Choice'"", ""Master.'Literature and Art.Severe Anxiety'"", ""Master.'Literature and Art.Short Answer'"", ""Master.'Literature and Art.Single Choice'"", ""Master.'Literature and Art.True/False'"", ""Master.'Mathematics"", ""Master.'Mathematics.Mild Anxiety'"", ""Master.'Mathematics.Moderate Anxiety'"", ""Master.'Mathematics.Multiple Choice'"", ""Master.'Mathematics.Severe Anxiety'"", ""Master.'Mathematics.Short Answer'"", ""Master.'Mathematics.Single Choice'"", ""Master.'Mathematics.True/False'"", ""Master.'Military Science"", ""Master.'Military Science.Mild Anxiety'"", ""Master.'Military Science.Moderate Anxiety'"", ""Master.'Military Science.Multiple Choice'"", ""Master.'Military Science.Severe Anxiety'"", ""Master.'Military Science.Short Answer'"", ""Master.'Military Science.Single Choice'"", ""Master.'Military Science.True/False'"", ""Master.'Physical Education"", ""Master.'Physical Education.Mild Anxiety'"", ""Master.'Physical Education.Moderate Anxiety'"", ""Master.'Physical Education.Multiple Choice'"", ""Master.'Physical Education.Severe Anxiety'"", ""Master.'Physical Education.Short Answer'"", ""Master.'Physical Education.Single Choice'"", ""Master.'Physical Education.True/False'"", ""Master.'Physics"", ""Master.'Physics.Mild Anxiety'"", ""Master.'Physics.Moderate Anxiety'"", ""Master.'Physics.Multiple Choice'"", ""Master.'Physics.Severe Anxiety'"", ""Master.'Physics.Short Answer'"", ""Master.'Physics.Single Choice'"", ""Master.'Physics.True/False'"", ""Master.'Psychology"", ""Master.'Psychology.Mild Anxiety'"", ""Master.'Psychology.Moderate Anxiety'"", ""Master.'Psychology.Multiple Choice'"", ""Master.'Psychology.Severe Anxiety'"", ""Master.'Psychology.Short Answer'"", ""Master.'Psychology.Single Choice'"", ""Master.'Psychology.True/False'"", ""Master.'Public Administration"", ""Master.'Public Administration.Mild Anxiety'"", ""Master.'Public Administration.Moderate Anxiety'"", ""Master.'Public Administration.Multiple Choice'"", ""Master.'Public Administration.Severe Anxiety'"", ""Master.'Public Administration.Short Answer'"", ""Master.'Public Administration.Single Choice'"", ""Master.'Public Administration.True/False'"", ""Master.'Sociology"", ""Master.'Sociology.Mild Anxiety'"", ""Master.'Sociology.Moderate Anxiety'"", ""Master.'Sociology.Multiple Choice'"", ""Master.'Sociology.Severe Anxiety'"", ""Master.'Sociology.Short Answer'"", ""Master.'Sociology.Single Choice'"", ""Master.'Sociology.True/False'"", ""Master.'Theoretical Economics"", ""Master.'Theoretical Economics.Mild Anxiety'"", ""Master.'Theoretical Economics.Moderate Anxiety'"", ""Master.'Theoretical Economics.Multiple Choice'"", ""Master.'Theoretical Economics.Severe Anxiety'"", ""Master.'Theoretical Economics.Short Answer'"", ""Master.'Theoretical Economics.Single Choice'"", ""Master.'Theoretical Economics.True/False'"", ""Middle School"", ""Middle School.'Biology"", ""Middle School.'Biology.Mild Anxiety'"", ""Middle School.'Biology.Moderate Anxiety'"", ""Middle School.'Biology.Multiple Choice'"", ""Middle School.'Biology.Severe Anxiety'"", ""Middle School.'Biology.Short Answer'"", ""Middle School.'Biology.Single Choice'"", ""Middle School.'Biology.True/False'"", ""Middle School.'Chemistry"", ""Middle School.'Chemistry.Mild Anxiety'"", ""Middle School.'Chemistry.Moderate Anxiety'"", ""Middle School.'Chemistry.Multiple Choice'"", ""Middle School.'Chemistry.Severe Anxiety'"", ""Middle School.'Chemistry.Short Answer'"", ""Middle School.'Chemistry.Single Choice'"", ""Middle School.'Chemistry.True/False'"", ""Middle School.'Chinese"", ""Middle School.'Chinese.Mild Anxiety'"", ""Middle School.'Chinese.Moderate Anxiety'"", ""Middle School.'Chinese.Multiple Choice'"", ""Middle School.'Chinese.Severe Anxiety'"", ""Middle School.'Chinese.Short Answer'"", ""Middle School.'Chinese.Single Choice'"", ""Middle School.'Chinese.True/False'"", ""Middle School.'English"", ""Middle School.'English.Mild Anxiety'"", ""Middle School.'English.Moderate Anxiety'"", ""Middle School.'English.Multiple Choice'"", ""Middle School.'English.Severe Anxiety'"", ""Middle School.'English.Short Answer'"", ""Middle School.'English.Single Choice'"", ""Middle School.'English.True/False'"", ""Middle School.'Geography"", ""Middle School.'Geography.Mild Anxiety'"", ""Middle School.'Geography.Moderate Anxiety'"", ""Middle School.'Geography.Multiple Choice'"", ""Middle School.'Geography.Severe Anxiety'"", ""Middle School.'Geography.Short Answer'"", ""Middle School.'Geography.Single Choice'"", ""Middle School.'Geography.True/False'"", ""Middle School.'History"", ""Middle School.'History.Mild Anxiety'"", ""Middle School.'History.Moderate Anxiety'"", ""Middle School.'History.Multiple Choice'"", ""Middle School.'History.Severe Anxiety'"", ""Middle School.'History.Short Answer'"", ""Middle School.'History.Single Choice'"", ""Middle School.'History.True/False'"", ""Middle School.'Mathematics"", ""Middle School.'Mathematics.Mild Anxiety'"", ""Middle School.'Mathematics.Moderate Anxiety'"", ""Middle School.'Mathematics.Multiple Choice'"", ""Middle School.'Mathematics.Severe Anxiety'"", ""Middle School.'Mathematics.Short Answer'"", ""Middle School.'Mathematics.Single Choice'"", ""Middle School.'Mathematics.True/False'"", ""Middle School.'Physics"", ""Middle School.'Physics.Mild Anxiety'"", ""Middle School.'Physics.Moderate Anxiety'"", ""Middle School.'Physics.Multiple Choice'"", ""Middle School.'Physics.Severe Anxiety'"", ""Middle School.'Physics.Short Answer'"", ""Middle School.'Physics.Single Choice'"", ""Middle School.'Physics.True/False'"", ""PhD"", ""PhD.'Applied Economics"", ""PhD.'Applied Economics.Mild Anxiety'"", ""PhD.'Applied Economics.Moderate Anxiety'"", ""PhD.'Applied Economics.Multiple Choice'"", ""PhD.'Applied Economics.Severe Anxiety'"", ""PhD.'Applied Economics.Short Answer'"", ""PhD.'Applied Economics.Single Choice'"", ""PhD.'Applied Economics.True/False'"", ""PhD.'Aquaculture"", ""PhD.'Aquaculture.Mild Anxiety'"", ""PhD.'Aquaculture.Moderate Anxiety'"", ""PhD.'Aquaculture.Multiple Choice'"", ""PhD.'Aquaculture.Severe Anxiety'"", ""PhD.'Aquaculture.Short Answer'"", ""PhD.'Aquaculture.Single Choice'"", ""PhD.'Aquaculture.True/False'"", ""PhD.'Automation"", ""PhD.'Automation.Mild Anxiety'"", ""PhD.'Automation.Moderate Anxiety'"", ""PhD.'Automation.Multiple Choice'"", ""PhD.'Automation.Severe Anxiety'"", ""PhD.'Automation.Short Answer'"", ""PhD.'Automation.Single Choice'"", ""PhD.'Automation.True/False'"", ""PhD.'Basic Medicine"", ""PhD.'Basic Medicine.Mild Anxiety'"", ""PhD.'Basic Medicine.Moderate Anxiety'"", ""PhD.'Basic Medicine.Multiple Choice'"", ""PhD.'Basic Medicine.Severe Anxiety'"", ""PhD.'Basic Medicine.Short Answer'"", ""PhD.'Basic Medicine.Single Choice'"", ""PhD.'Basic Medicine.True/False'"", ""PhD.'Biology"", ""PhD.'Biology.Mild Anxiety'"", ""PhD.'Biology.Moderate Anxiety'"", ""PhD.'Biology.Multiple Choice'"", ""PhD.'Biology.Severe Anxiety'"", ""PhD.'Biology.Short Answer'"", ""PhD.'Biology.Single Choice'"", ""PhD.'Biology.True/False'"", ""PhD.'Business Administration"", ""PhD.'Business Administration.Mild Anxiety'"", ""PhD.'Business Administration.Moderate Anxiety'"", ""PhD.'Business Administration.Multiple Choice'"", ""PhD.'Business Administration.Severe Anxiety'"", ""PhD.'Business Administration.Short Answer'"", ""PhD.'Business Administration.Single Choice'"", ""PhD.'Business Administration.True/False'"", ""PhD.'Chemistry"", ""PhD.'Chemistry.Mild Anxiety'"", ""PhD.'Chemistry.Moderate Anxiety'"", ""PhD.'Chemistry.Multiple Choice'"", ""PhD.'Chemistry.Severe Anxiety'"", ""PhD.'Chemistry.Short Answer'"", ""PhD.'Chemistry.Single Choice'"", ""PhD.'Chemistry.True/False'"", ""PhD.'Clinical Medicine"", ""PhD.'Clinical Medicine.Mild Anxiety'"", ""PhD.'Clinical Medicine.Moderate Anxiety'"", ""PhD.'Clinical Medicine.Multiple Choice'"", ""PhD.'Clinical Medicine.Severe Anxiety'"", ""PhD.'Clinical Medicine.Short Answer'"", ""PhD.'Clinical Medicine.Single Choice'"", ""PhD.'Clinical Medicine.True/False'"", ""PhD.'Computer Science"", ""PhD.'Computer Science.Mild Anxiety'"", ""PhD.'Computer Science.Moderate Anxiety'"", ""PhD.'Computer Science.Multiple Choice'"", ""PhD.'Computer Science.Severe Anxiety'"", ""PhD.'Computer Science.Short Answer'"", ""PhD.'Computer Science.Single Choice'"", ""PhD.'Computer Science.True/False'"", ""PhD.'Crop Science"", ""PhD.'Crop Science.Mild Anxiety'"", ""PhD.'Crop Science.Moderate Anxiety'"", ""PhD.'Crop Science.Multiple Choice'"", ""PhD.'Crop Science.Severe Anxiety'"", ""PhD.'Crop Science.Short Answer'"", ""PhD.'Crop Science.Single Choice'"", ""PhD.'Crop Science.True/False'"", ""PhD.'General Pedagogy"", ""PhD.'General Pedagogy.Mild Anxiety'"", ""PhD.'General Pedagogy.Moderate Anxiety'"", ""PhD.'General Pedagogy.Multiple Choice'"", ""PhD.'General Pedagogy.Severe Anxiety'"", ""PhD.'General Pedagogy.Short Answer'"", ""PhD.'General Pedagogy.Single Choice'"", ""PhD.'General Pedagogy.True/False'"", ""PhD.'History"", ""PhD.'History.Mild Anxiety'"", ""PhD.'History.Moderate Anxiety'"", ""PhD.'History.Multiple Choice'"", ""PhD.'History.Severe Anxiety'"", ""PhD.'History.Short Answer'"", ""PhD.'History.Single Choice'"", ""PhD.'History.True/False'"", ""PhD.'Law"", ""PhD.'Law.Mild Anxiety'"", ""PhD.'Law.Moderate Anxiety'"", ""PhD.'Law.Multiple Choice'"", ""PhD.'Law.Severe Anxiety'"", ""PhD.'Law.Short Answer'"", ""PhD.'Law.Single Choice'"", ""PhD.'Law.True/False'"", ""PhD.'Literature and Art"", ""PhD.'Literature and Art.Mild Anxiety'"", ""PhD.'Literature and Art.Moderate Anxiety'"", ""PhD.'Literature and Art.Multiple Choice'"", ""PhD.'Literature and Art.Severe Anxiety'"", ""PhD.'Literature and Art.Short Answer'"", ""PhD.'Literature and Art.Single Choice'"", ""PhD.'Literature and Art.True/False'"", ""PhD.'Mathematics"", ""PhD.'Mathematics.Mild Anxiety'"", ""PhD.'Mathematics.Moderate Anxiety'"", ""PhD.'Mathematics.Multiple Choice'"", ""PhD.'Mathematics.Severe Anxiety'"", ""PhD.'Mathematics.Short Answer'"", ""PhD.'Mathematics.Single Choice'"", ""PhD.'Mathematics.True/False'"", ""PhD.'Military Science"", ""PhD.'Military Science.Mild Anxiety'"", ""PhD.'Military Science.Moderate Anxiety'"", ""PhD.'Military Science.Multiple Choice'"", ""PhD.'Military Science.Severe Anxiety'"", ""PhD.'Military Science.Short Answer'"", ""PhD.'Military Science.Single Choice'"", ""PhD.'Military Science.True/False'"", ""PhD.'Physical Education"", ""PhD.'Physical Education.Mild Anxiety'"", ""PhD.'Physical Education.Moderate Anxiety'"", ""PhD.'Physical Education.Multiple Choice'"", ""PhD.'Physical Education.Severe Anxiety'"", ""PhD.'Physical Education.Short Answer'"", ""PhD.'Physical Education.Single Choice'"", ""PhD.'Physical Education.True/False'"", ""PhD.'Physics"", ""PhD.'Physics.Mild Anxiety'"", ""PhD.'Physics.Moderate Anxiety'"", ""PhD.'Physics.Multiple Choice'"", ""PhD.'Physics.Severe Anxiety'"", ""PhD.'Physics.Short Answer'"", ""PhD.'Physics.Single Choice'"", ""PhD.'Physics.True/False'"", ""PhD.'Psychology"", ""PhD.'Psychology.Mild Anxiety'"", ""PhD.'Psychology.Moderate Anxiety'"", ""PhD.'Psychology.Multiple Choice'"", ""PhD.'Psychology.Severe Anxiety'"", ""PhD.'Psychology.Short Answer'"", ""PhD.'Psychology.Single Choice'"", ""PhD.'Psychology.True/False'"", ""PhD.'Public Administration"", ""PhD.'Public Administration.Mild Anxiety'"", ""PhD.'Public Administration.Moderate Anxiety'"", ""PhD.'Public Administration.Multiple Choice'"", ""PhD.'Public Administration.Severe Anxiety'"", ""PhD.'Public Administration.Short Answer'"", ""PhD.'Public Administration.Single Choice'"", ""PhD.'Public Administration.True/False'"", ""PhD.'Sociology"", ""PhD.'Sociology.Mild Anxiety'"", ""PhD.'Sociology.Moderate Anxiety'"", ""PhD.'Sociology.Multiple Choice'"", ""PhD.'Sociology.Severe Anxiety'"", ""PhD.'Sociology.Short Answer'"", ""PhD.'Sociology.Single Choice'"", ""PhD.'Sociology.True/False'"", ""PhD.'Theoretical Economics"", ""PhD.'Theoretical Economics.Mild Anxiety'"", ""PhD.'Theoretical Economics.Moderate Anxiety'"", ""PhD.'Theoretical Economics.Multiple Choice'"", ""PhD.'Theoretical Economics.Severe Anxiety'"", ""PhD.'Theoretical Economics.Short Answer'"", ""PhD.'Theoretical Economics.Single Choice'"", ""PhD.'Theoretical Economics.True/False'"", ""Undergraduate"", ""Undergraduate.'Applied Economics"", ""Undergraduate.'Applied Economics.Mild Anxiety'"", ""Undergraduate.'Applied Economics.Moderate Anxiety'"", ""Undergraduate.'Applied Economics.Multiple Choice'"", ""Undergraduate.'Applied Economics.Severe Anxiety'"", ""Undergraduate.'Applied Economics.Short Answer'"", ""Undergraduate.'Applied Economics.Single Choice'"", ""Undergraduate.'Applied Economics.True/False'"", ""Undergraduate.'Aquaculture"", ""Undergraduate.'Aquaculture.Mild Anxiety'"", ""Undergraduate.'Aquaculture.Moderate Anxiety'"", ""Undergraduate.'Aquaculture.Multiple Choice'"", ""Undergraduate.'Aquaculture.Severe Anxiety'"", ""Undergraduate.'Aquaculture.Short Answer'"", ""Undergraduate.'Aquaculture.Single Choice'"", ""Undergraduate.'Aquaculture.True/False'"", ""Undergraduate.'Automation"", ""Undergraduate.'Automation.Mild Anxiety'"", ""Undergraduate.'Automation.Moderate Anxiety'"", ""Undergraduate.'Automation.Multiple Choice'"", ""Undergraduate.'Automation.Severe Anxiety'"", ""Undergraduate.'Automation.Short Answer'"", ""Undergraduate.'Automation.Single Choice'"", ""Undergraduate.'Automation.True/False'"", ""Undergraduate.'Basic Medicine"", ""Undergraduate.'Basic Medicine.Mild Anxiety'"", ""Undergraduate.'Basic Medicine.Moderate Anxiety'"", ""Undergraduate.'Basic Medicine.Multiple Choice'"", ""Undergraduate.'Basic Medicine.Severe Anxiety'"", ""Undergraduate.'Basic Medicine.Short Answer'"", ""Undergraduate.'Basic Medicine.Single Choice'"", ""Undergraduate.'Basic Medicine.True/False'"", ""Undergraduate.'Biology"", ""Undergraduate.'Biology.Mild Anxiety'"", ""Undergraduate.'Biology.Moderate Anxiety'"", ""Undergraduate.'Biology.Multiple Choice'"", ""Undergraduate.'Biology.Severe Anxiety'"", ""Undergraduate.'Biology.Short Answer'"", ""Undergraduate.'Biology.Single Choice'"", ""Undergraduate.'Biology.True/False'"", ""Undergraduate.'Business Administration"", ""Undergraduate.'Business Administration.Mild Anxiety'"", ""Undergraduate.'Business Administration.Moderate Anxiety'"", ""Undergraduate.'Business Administration.Multiple Choice'"", ""Undergraduate.'Business Administration.Severe Anxiety'"", ""Undergraduate.'Business Administration.Short Answer'"", ""Undergraduate.'Business Administration.Single Choice'"", ""Undergraduate.'Business Administration.True/False'"", ""Undergraduate.'Chemistry"", ""Undergraduate.'Chemistry.Mild Anxiety'"", ""Undergraduate.'Chemistry.Moderate Anxiety'"", ""Undergraduate.'Chemistry.Multiple Choice'"", ""Undergraduate.'Chemistry.Severe Anxiety'"", ""Undergraduate.'Chemistry.Short Answer'"", ""Undergraduate.'Chemistry.Single Choice'"", ""Undergraduate.'Chemistry.True/False'"", ""Undergraduate.'Clinical Medicine"", ""Undergraduate.'Clinical Medicine.Mild Anxiety'"", ""Undergraduate.'Clinical Medicine.Moderate Anxiety'"", ""Undergraduate.'Clinical Medicine.Multiple Choice'"", ""Undergraduate.'Clinical Medicine.Severe Anxiety'"", ""Undergraduate.'Clinical Medicine.Short Answer'"", ""Undergraduate.'Clinical Medicine.Single Choice'"", ""Undergraduate.'Clinical Medicine.True/False'"", ""Undergraduate.'Computer Science"", ""Undergraduate.'Computer Science.Mild Anxiety'"", ""Undergraduate.'Computer Science.Moderate Anxiety'"", ""Undergraduate.'Computer Science.Multiple Choice'"", ""Undergraduate.'Computer Science.Severe Anxiety'"", ""Undergraduate.'Computer Science.Short Answer'"", ""Undergraduate.'Computer Science.Single Choice'"", ""Undergraduate.'Computer Science.True/False'"", ""Undergraduate.'Crop Science"", ""Undergraduate.'Crop Science.Mild Anxiety'"", ""Undergraduate.'Crop Science.Moderate Anxiety'"", ""Undergraduate.'Crop Science.Multiple Choice'"", ""Undergraduate.'Crop Science.Severe Anxiety'"", ""Undergraduate.'Crop Science.Short Answer'"", ""Undergraduate.'Crop Science.Single Choice'"", ""Undergraduate.'Crop Science.True/False'"", ""Undergraduate.'General Pedagogy"", ""Undergraduate.'General Pedagogy.Mild Anxiety'"", ""Undergraduate.'General Pedagogy.Moderate Anxiety'"", ""Undergraduate.'General Pedagogy.Multiple Choice'"", ""Undergraduate.'General Pedagogy.Severe Anxiety'"", ""Undergraduate.'General Pedagogy.Short Answer'"", ""Undergraduate.'General Pedagogy.Single Choice'"", ""Undergraduate.'General Pedagogy.True/False'"", ""Undergraduate.'History"", ""Undergraduate.'History.Mild Anxiety'"", ""Undergraduate.'History.Moderate Anxiety'"", ""Undergraduate.'History.Multiple Choice'"", ""Undergraduate.'History.Severe Anxiety'"", ""Undergraduate.'History.Short Answer'"", ""Undergraduate.'History.Single Choice'"", ""Undergraduate.'History.True/False'"", ""Undergraduate.'Law"", ""Undergraduate.'Law.Mild Anxiety'"", ""Undergraduate.'Law.Moderate Anxiety'"", ""Undergraduate.'Law.Multiple Choice'"", ""Undergraduate.'Law.Severe Anxiety'"", ""Undergraduate.'Law.Short Answer'"", ""Undergraduate.'Law.Single Choice'"", ""Undergraduate.'Law.True/False'"", ""Undergraduate.'Literature and Art"", ""Undergraduate.'Literature and Art.Mild Anxiety'"", ""Undergraduate.'Literature and Art.Moderate Anxiety'"", ""Undergraduate.'Literature and Art.Multiple Choice'"", ""Undergraduate.'Literature and Art.Severe Anxiety'"", ""Undergraduate.'Literature and Art.Short Answer'"", ""Undergraduate.'Literature and Art.Single Choice'"", ""Undergraduate.'Literature and Art.True/False'"", ""Undergraduate.'Mathematics"", ""Undergraduate.'Mathematics.Mild Anxiety'"", ""Undergraduate.'Mathematics.Moderate Anxiety'"", ""Undergraduate.'Mathematics.Multiple Choice'"", ""Undergraduate.'Mathematics.Severe Anxiety'"", ""Undergraduate.'Mathematics.Short Answer'"", ""Undergraduate.'Mathematics.Single Choice'"", ""Undergraduate.'Mathematics.True/False'"", ""Undergraduate.'Military Science"", ""Undergraduate.'Military Science.Mild Anxiety'"", ""Undergraduate.'Military Science.Moderate Anxiety'"", ""Undergraduate.'Military Science.Multiple Choice'"", ""Undergraduate.'Military Science.Severe Anxiety'"", ""Undergraduate.'Military Science.Short Answer'"", ""Undergraduate.'Military Science.Single Choice'"", ""Undergraduate.'Military Science.True/False'"", ""Undergraduate.'Physical Education"", ""Undergraduate.'Physical Education.Mild Anxiety'"", ""Undergraduate.'Physical Education.Moderate Anxiety'"", ""Undergraduate.'Physical Education.Multiple Choice'"", ""Undergraduate.'Physical Education.Severe Anxiety'"", ""Undergraduate.'Physical Education.Short Answer'"", ""Undergraduate.'Physical Education.Single Choice'"", ""Undergraduate.'Physical Education.True/False'"", ""Undergraduate.'Physics"", ""Undergraduate.'Physics.Mild Anxiety'"", ""Undergraduate.'Physics.Moderate Anxiety'"", ""Undergraduate.'Physics.Multiple Choice'"", ""Undergraduate.'Physics.Severe Anxiety'"", ""Undergraduate.'Physics.Short Answer'"", ""Undergraduate.'Physics.Single Choice'"", ""Undergraduate.'Physics.True/False'"", ""Undergraduate.'Psychology"", ""Undergraduate.'Psychology.Mild Anxiety'"", ""Undergraduate.'Psychology.Moderate Anxiety'"", ""Undergraduate.'Psychology.Multiple Choice'"", ""Undergraduate.'Psychology.Severe Anxiety'"", ""Undergraduate.'Psychology.Short Answer'"", ""Undergraduate.'Psychology.Single Choice'"", ""Undergraduate.'Psychology.True/False'"", ""Undergraduate.'Public Administration"", ""Undergraduate.'Public Administration.Mild Anxiety'"", ""Undergraduate.'Public Administration.Moderate Anxiety'"", ""Undergraduate.'Public Administration.Multiple Choice'"", ""Undergraduate.'Public Administration.Severe Anxiety'"", ""Undergraduate.'Public Administration.Short Answer'"", ""Undergraduate.'Public Administration.Single Choice'"", ""Undergraduate.'Public Administration.True/False'"", ""Undergraduate.'Sociology"", ""Undergraduate.'Sociology.Mild Anxiety'"", ""Undergraduate.'Sociology.Moderate Anxiety'"", ""Undergraduate.'Sociology.Multiple Choice'"", ""Undergraduate.'Sociology.Severe Anxiety'"", ""Undergraduate.'Sociology.Short Answer'"", ""Undergraduate.'Sociology.Single Choice'"", ""Undergraduate.'Sociology.True/False'"", ""Undergraduate.'Theoretical Economics"", ""Undergraduate.'Theoretical Economics.Mild Anxiety'"", ""Undergraduate.'Theoretical Economics.Moderate Anxiety'"", ""Undergraduate.'Theoretical Economics.Multiple Choice'"", ""Undergraduate.'Theoretical Economics.Severe Anxiety'"", ""Undergraduate.'Theoretical Economics.Short Answer'"", ""Undergraduate.'Theoretical Economics.Single Choice'"", ""Undergraduate.'Theoretical Economics.True/False'"", ""__key__"", ""初中"", ""初中.'化学"", ""初中.'化学.中度焦虑'"", ""初中.'化学.单选题'"", ""初中.'化学.多选题'"", ""初中.'化学.正常'"", ""初中.'化学.简答题'"", ""初中.'化学.轻度焦虑'"", ""初中.'化学.选择题'"", ""初中.'化学.重度焦虑'"", ""初中.'历史"", ""初中.'历史.中度焦虑'"", ""初中.'历史.单选题'"", ""初中.'历史.多选题'"", ""初中.'历史.正常'"", ""初中.'历史.简答题'"", ""初中.'历史.轻度焦虑'"", ""初中.'历史.选择题'"", ""初中.'历史.重度焦虑'"", ""初中.'地理"", ""初中.'地理.中度焦虑'"", ""初中.'地理.单选题'"", ""初中.'地理.多选题'"", ""初中.'地理.正常'"", ""初中.'地理.简答题'"", ""初中.'地理.轻度焦虑'"", ""初中.'地理.选择题'"", ""初中.'地理.重度焦虑'"", ""初中.'数学"", ""初中.'数学.中度焦虑'"", ""初中.'数学.单选题'"", ""初中.'数学.多选题'"", ""初中.'数学.正常'"", ""初中.'数学.简答题'"", ""初中.'数学.轻度焦虑'"", ""初中.'数学.选择题'"", ""初中.'数学.重度焦虑'"", ""初中.'物理"", ""初中.'物理.中度焦虑'"", ""初中.'物理.单选题'"", ""初中.'物理.多选题'"", ""初中.'物理.正常'"", ""初中.'物理.简答题'"", ""初中.'物理.轻度焦虑'"", ""初中.'物理.选择题'"", ""初中.'物理.重度焦虑'"", ""初中.'生物"", ""初中.'生物.中度焦虑'"", ""初中.'生物.单选题'"", ""初中.'生物.多选题'"", ""初中.'生物.正常'"", ""初中.'生物.简答题'"", ""初中.'生物.轻度焦虑'"", ""初中.'生物.选择题'"", ""初中.'生物.重度焦虑'"", ""初中.'英语"", ""初中.'英语.中度焦虑'"", ""初中.'英语.单选题'"", ""初中.'英语.多选题'"", ""初中.'英语.正常'"", ""初中.'英语.简答题'"", ""初中.'英语.轻度焦虑'"", ""初中.'英语.选择题'"", ""初中.'英语.重度焦虑'"", ""初中.'语文"", ""初中.'语文.中度焦虑'"", ""初中.'语文.单选题'"", ""初中.'语文.多选题'"", ""初中.'语文.正常'"", ""初中.'语文.简答题'"", ""初中.'语文.轻度焦虑'"", ""初中.'语文.选择题'"", ""初中.'语文.重度焦虑'"", ""博士"", ""博士.'临床医学"", ""博士.'临床医学.中度焦虑'"", ""博士.'临床医学.单选题'"", ""博士.'临床医学.多选题'"", ""博士.'临床医学.正常'"", ""博士.'临床医学.简答题'"", ""博士.'临床医学.轻度焦虑'"", ""博士.'临床医学.选择题'"", ""博士.'临床医学.重度焦虑'"", ""博士.'体育教育学"", ""博士.'体育教育学.中度焦虑'"", ""博士.'体育教育学.单选题'"", ""博士.'体育教育学.多选题'"", ""博士.'体育教育学.正常'"", ""博士.'体育教育学.简答题'"", ""博士.'体育教育学.轻度焦虑'"", ""博士.'体育教育学.选择题'"", ""博士.'体育教育学.重度焦虑'"", ""博士.'作物科学"", ""博士.'作物科学.中度焦虑'"", ""博士.'作物科学.单选题'"", ""博士.'作物科学.多选题'"", ""博士.'作物科学.正常'"", ""博士.'作物科学.简答题'"", ""博士.'作物科学.轻度焦虑'"", ""博士.'作物科学.选择题'"", ""博士.'作物科学.重度焦虑'"", ""博士.'公共管理学"", ""博士.'公共管理学.中度焦虑'"", ""博士.'公共管理学.单选题'"", ""博士.'公共管理学.多选题'"", ""博士.'公共管理学.正常'"", ""博士.'公共管理学.简答题'"", ""博士.'公共管理学.轻度焦虑'"", ""博士.'公共管理学.选择题'"", ""博士.'公共管理学.重度焦虑'"", ""博士.'军事学"", ""博士.'军事学.中度焦虑'"", ""博士.'军事学.单选题'"", ""博士.'军事学.多选题'"", ""博士.'军事学.正常'"", ""博士.'军事学.简答题'"", ""博士.'军事学.轻度焦虑'"", ""博士.'军事学.选择题'"", ""博士.'军事学.重度焦虑'"", ""博士.'化学"", ""博士.'化学.中度焦虑'"", ""博士.'化学.单选题'"", ""博士.'化学.多选题'"", ""博士.'化学.正常'"", ""博士.'化学.简答题'"", ""博士.'化学.轻度焦虑'"", ""博士.'化学.选择题'"", ""博士.'化学.重度焦虑'"", ""博士.'历史学"", ""博士.'历史学.中度焦虑'"", ""博士.'历史学.单选题'"", ""博士.'历史学.多选题'"", ""博士.'历史学.正常'"", ""博士.'历史学.简答题'"", ""博士.'历史学.轻度焦虑'"", ""博士.'历史学.选择题'"", ""博士.'历史学.重度焦虑'"", ""博士.'商业管理学"", ""博士.'商业管理学.中度焦虑'"", ""博士.'商业管理学.单选题'"", ""博士.'商业管理学.多选题'"", ""博士.'商业管理学.正常'"", ""博士.'商业管理学.简答题'"", ""博士.'商业管理学.轻度焦虑'"", ""博士.'商业管理学.选择题'"", ""博士.'商业管理学.重度焦虑'"", ""博士.'基础医学"", ""博士.'基础医学.中度焦虑'"", ""博士.'基础医学.单选题'"", ""博士.'基础医学.多选题'"", ""博士.'基础医学.正常'"", ""博士.'基础医学.简答题'"", ""博士.'基础医学.轻度焦虑'"", ""博士.'基础医学.选择题'"", ""博士.'基础医学.重度焦虑'"", ""博士.'应用经济学"", ""博士.'应用经济学.中度焦虑'"", ""博士.'应用经济学.单选题'"", ""博士.'应用经济学.多选题'"", ""博士.'应用经济学.正常'"", ""博士.'应用经济学.简答题'"", ""博士.'应用经济学.轻度焦虑'"", ""博士.'应用经济学.选择题'"", ""博士.'应用经济学.重度焦虑'"", ""博士.'心理学"", ""博士.'心理学.中度焦虑'"", ""博士.'心理学.单选题'"", ""博士.'心理学.多选题'"", ""博士.'心理学.正常'"", ""博士.'心理学.简答题'"", ""博士.'心理学.轻度焦虑'"", ""博士.'心理学.选择题'"", ""博士.'心理学.重度焦虑'"", ""博士.'数学"", ""博士.'数学.中度焦虑'"", ""博士.'数学.单选题'"", ""博士.'数学.多选题'"", ""博士.'数学.正常'"", ""博士.'数学.简答题'"", ""博士.'数学.轻度焦虑'"", ""博士.'数学.选择题'"", ""博士.'数学.重度焦虑'"", ""博士.'文学与艺术"", ""博士.'文学与艺术.中度焦虑'"", ""博士.'文学与艺术.单选题'"", ""博士.'文学与艺术.多选题'"", ""博士.'文学与艺术.正常'"", ""博士.'文学与艺术.简答题'"", ""博士.'文学与艺术.轻度焦虑'"", ""博士.'文学与艺术.选择题'"", ""博士.'文学与艺术.重度焦虑'"", ""博士.'普通教育学"", ""博士.'普通教育学.中度焦虑'"", ""博士.'普通教育学.单选题'"", ""博士.'普通教育学.多选题'"", ""博士.'普通教育学.正常'"", ""博士.'普通教育学.简答题'"", ""博士.'普通教育学.轻度焦虑'"", ""博士.'普通教育学.选择题'"", ""博士.'普通教育学.重度焦虑'"", ""博士.'水产养殖"", ""博士.'水产养殖.中度焦虑'"", ""博士.'水产养殖.单选题'"", ""博士.'水产养殖.多选题'"", ""博士.'水产养殖.正常'"", ""博士.'水产养殖.简答题'"", ""博士.'水产养殖.轻度焦虑'"", ""博士.'水产养殖.选择题'"", ""博士.'水产养殖.重度焦虑'"", ""博士.'法学"", ""博士.'法学.中度焦虑'"", ""博士.'法学.单选题'"", ""博士.'法学.多选题'"", ""博士.'法学.正常'"", ""博士.'法学.简答题'"", ""博士.'法学.轻度焦虑'"", ""博士.'法学.选择题'"", ""博士.'法学.重度焦虑'"", ""博士.'物理学"", ""博士.'物理学.中度焦虑'"", ""博士.'物理学.单选题'"", ""博士.'物理学.多选题'"", ""博士.'物理学.正常'"", ""博士.'物理学.简答题'"", ""博士.'物理学.轻度焦虑'"", ""博士.'物理学.选择题'"", ""博士.'物理学.重度焦虑'"", ""博士.'理论经济学"", ""博士.'理论经济学.中度焦虑'"", ""博士.'理论经济学.单选题'"", ""博士.'理论经济学.多选题'"", ""博士.'理论经济学.正常'"", ""博士.'理论经济学.简答题'"", ""博士.'理论经济学.轻度焦虑'"", ""博士.'理论经济学.选择题'"", ""博士.'理论经济学.重度焦虑'"", ""博士.'生物学"", ""博士.'生物学.中度焦虑'"", ""博士.'生物学.单选题'"", ""博士.'生物学.多选题'"", ""博士.'生物学.正常'"", ""博士.'生物学.简答题'"", ""博士.'生物学.轻度焦虑'"", ""博士.'生物学.选择题'"", ""博士.'生物学.重度焦虑'"", ""博士.'社会学"", ""博士.'社会学.中度焦虑'"", ""博士.'社会学.单选题'"", ""博士.'社会学.多选题'"", ""博士.'社会学.正常'"", ""博士.'社会学.简答题'"", ""博士.'社会学.轻度焦虑'"", ""博士.'社会学.选择题'"", ""博士.'社会学.重度焦虑'"", ""博士.'自动控制"", ""博士.'自动控制.中度焦虑'"", ""博士.'自动控制.单选题'"", ""博士.'自动控制.多选题'"", ""博士.'自动控制.正常'"", ""博士.'自动控制.简答题'"", ""博士.'自动控制.轻度焦虑'"", ""博士.'自动控制.选择题'"", ""博士.'自动控制.重度焦虑'"", ""博士.'计算机科学"", ""博士.'计算机科学.中度焦虑'"", ""博士.'计算机科学.单选题'"", ""博士.'计算机科学.多选题'"", ""博士.'计算机科学.正常'"", ""博士.'计算机科学.简答题'"", ""博士.'计算机科学.轻度焦虑'"", ""博士.'计算机科学.选择题'"", ""博士.'计算机科学.重度焦虑'"", ""大学"", ""大学.'临床医学"", ""大学.'临床医学.中度焦虑'"", ""大学.'临床医学.单选题'"", ""大学.'临床医学.多选题'"", ""大学.'临床医学.正常'"", ""大学.'临床医学.简答题'"", ""大学.'临床医学.轻度焦虑'"", ""大学.'临床医学.选择题'"", ""大学.'临床医学.重度焦虑'"", ""大学.'体育教育学"", ""大学.'体育教育学.中度焦虑'"", ""大学.'体育教育学.单选题'"", ""大学.'体育教育学.多选题'"", ""大学.'体育教育学.正常'"", ""大学.'体育教育学.简答题'"", ""大学.'体育教育学.轻度焦虑'"", ""大学.'体育教育学.选择题'"", ""大学.'体育教育学.重度焦虑'"", ""大学.'作物科学"", ""大学.'作物科学.中度焦虑'"", ""大学.'作物科学.单选题'"", ""大学.'作物科学.多选题'"", ""大学.'作物科学.正常'"", ""大学.'作物科学.简答题'"", ""大学.'作物科学.轻度焦虑'"", ""大学.'作物科学.选择题'"", ""大学.'作物科学.重度焦虑'"", ""大学.'公共管理学"", ""大学.'公共管理学.中度焦虑'"", ""大学.'公共管理学.单选题'"", ""大学.'公共管理学.多选题'"", ""大学.'公共管理学.正常'"", ""大学.'公共管理学.简答题'"", ""大学.'公共管理学.轻度焦虑'"", ""大学.'公共管理学.选择题'"", ""大学.'公共管理学.重度焦虑'"", ""大学.'军事学"", ""大学.'军事学.中度焦虑'"", ""大学.'军事学.单选题'"", ""大学.'军事学.多选题'"", ""大学.'军事学.正常'"", ""大学.'军事学.简答题'"", ""大学.'军事学.轻度焦虑'"", ""大学.'军事学.选择题'"", ""大学.'军事学.重度焦虑'"", ""大学.'化学"", ""大学.'化学.中度焦虑'"", ""大学.'化学.单选题'"", ""大学.'化学.多选题'"", ""大学.'化学.正常'"", ""大学.'化学.简答题'"", ""大学.'化学.轻度焦虑'"", ""大学.'化学.选择题'"", ""大学.'化学.重度焦虑'"", ""大学.'历史学"", ""大学.'历史学.中度焦虑'"", ""大学.'历史学.单选题'"", ""大学.'历史学.多选题'"", ""大学.'历史学.正常'"", ""大学.'历史学.简答题'"", ""大学.'历史学.轻度焦虑'"", ""大学.'历史学.选择题'"", ""大学.'历史学.重度焦虑'"", ""大学.'商业管理学"", ""大学.'商业管理学.中度焦虑'"", ""大学.'商业管理学.单选题'"", ""大学.'商业管理学.多选题'"", ""大学.'商业管理学.正常'"", ""大学.'商业管理学.简答题'"", ""大学.'商业管理学.轻度焦虑'"", ""大学.'商业管理学.选择题'"", ""大学.'商业管理学.重度焦虑'"", ""大学.'基础医学"", ""大学.'基础医学.中度焦虑'"", ""大学.'基础医学.单选题'"", ""大学.'基础医学.多选题'"", ""大学.'基础医学.正常'"", ""大学.'基础医学.简答题'"", ""大学.'基础医学.轻度焦虑'"", ""大学.'基础医学.选择题'"", ""大学.'基础医学.重度焦虑'"", ""大学.'应用经济学"", ""大学.'应用经济学.中度焦虑'"", ""大学.'应用经济学.单选题'"", ""大学.'应用经济学.多选题'"", ""大学.'应用经济学.正常'"", ""大学.'应用经济学.简答题'"", ""大学.'应用经济学.轻度焦虑'"", ""大学.'应用经济学.选择题'"", ""大学.'应用经济学.重度焦虑'"", ""大学.'心理学"", ""大学.'心理学.中度焦虑'"", ""大学.'心理学.单选题'"", ""大学.'心理学.多选题'"", ""大学.'心理学.简答题'"", ""大学.'心理学.轻度焦虑'"", ""大学.'心理学.选择题'"", ""大学.'心理学.重度焦虑'"", ""大学.'数学"", ""大学.'数学.中度焦虑'"", ""大学.'数学.单选题'"", ""大学.'数学.多选题'"", ""大学.'数学.正常'"", ""大学.'数学.简答题'"", ""大学.'数学.轻度焦虑'"", ""大学.'数学.选择题'"", ""大学.'数学.重度焦虑'"", ""大学.'文学与艺术"", ""大学.'文学与艺术.中度焦虑'"", ""大学.'文学与艺术.单选题'"", ""大学.'文学与艺术.多选题'"", ""大学.'文学与艺术.正常'"", ""大学.'文学与艺术.简答题'"", ""大学.'文学与艺术.轻度焦虑'"", ""大学.'文学与艺术.选择题'"", ""大学.'文学与艺术.重度焦虑'"", ""大学.'普通教育学"", ""大学.'普通教育学.中度焦虑'"", ""大学.'普通教育学.单选题'"", ""大学.'普通教育学.多选题'"", ""大学.'普通教育学.正常'"", ""大学.'普通教育学.简答题'"", ""大学.'普通教育学.轻度焦虑'"", ""大学.'普通教育学.选择题'"", ""大学.'普通教育学.重度焦虑'"", ""大学.'水产养殖"", ""大学.'水产养殖.中度焦虑'"", ""大学.'水产养殖.单选题'"", ""大学.'水产养殖.多选题'"", ""大学.'水产养殖.正常'"", ""大学.'水产养殖.简答题'"", ""大学.'水产养殖.轻度焦虑'"", ""大学.'水产养殖.选择题'"", ""大学.'水产养殖.重度焦虑'"", ""大学.'法学"", ""大学.'法学.中度焦虑'"", ""大学.'法学.单选题'"", ""大学.'法学.多选题'"", ""大学.'法学.正常'"", ""大学.'法学.简答题'"", ""大学.'法学.轻度焦虑'"", ""大学.'法学.选择题'"", ""大学.'法学.重度焦虑'"", ""大学.'物理学"", ""大学.'物理学.中度焦虑'"", ""大学.'物理学.单选题'"", ""大学.'物理学.多选题'"", ""大学.'物理学.正常'"", ""大学.'物理学.简答题'"", ""大学.'物理学.轻度焦虑'"", ""大学.'物理学.选择题'"", ""大学.'物理学.重度焦虑'"", ""大学.'理论经济学"", ""大学.'理论经济学.中度焦虑'"", ""大学.'理论经济学.单选题'"", ""大学.'理论经济学.多选题'"", ""大学.'理论经济学.正常'"", ""大学.'理论经济学.简答题'"", ""大学.'理论经济学.轻度焦虑'"", ""大学.'理论经济学.选择题'"", ""大学.'理论经济学.重度焦虑'"", ""大学.'生物学"", ""大学.'生物学.中度焦虑'"", ""大学.'生物学.单选题'"", ""大学.'生物学.多选题'"", ""大学.'生物学.正常'"", ""大学.'生物学.简答题'"", ""大学.'生物学.轻度焦虑'"", ""大学.'生物学.选择题'"", ""大学.'生物学.重度焦虑'"", ""大学.'社会学"", ""大学.'社会学.中度焦虑'"", ""大学.'社会学.单选题'"", ""大学.'社会学.多选题'"", ""大学.'社会学.正常'"", ""大学.'社会学.简答题'"", ""大学.'社会学.轻度焦虑'"", ""大学.'社会学.选择题'"", ""大学.'社会学.重度焦虑'"", ""大学.'自动控制"", ""大学.'自动控制.中度焦虑'"", ""大学.'自动控制.单选题'"", ""大学.'自动控制.多选题'"", ""大学.'自动控制.正常'"", ""大学.'自动控制.简答题'"", ""大学.'自动控制.轻度焦虑'"", ""大学.'自动控制.选择题'"", ""大学.'自动控制.重度焦虑'"", ""大学.'计算机科学"", ""大学.'计算机科学.中度焦虑'"", ""大学.'计算机科学.单选题'"", ""大学.'计算机科学.多选题'"", ""大学.'计算机科学.正常'"", ""大学.'计算机科学.简答题'"", ""大学.'计算机科学.轻度焦虑'"", ""大学.'计算机科学.选择题'"", ""大学.'计算机科学.重度焦虑'"", ""小学"", ""小学.'化学"", ""小学.'化学.中度焦虑'"", ""小学.'化学.单选题'"", ""小学.'化学.多选题'"", ""小学.'化学.正常'"", ""小学.'化学.简答题'"", ""小学.'化学.轻度焦虑'"", ""小学.'化学.选择题'"", ""小学.'化学.重度焦虑'"", ""小学.'历史"", ""小学.'历史.中度焦虑'"", ""小学.'历史.单选题'"", ""小学.'历史.多选题'"", ""小学.'历史.正常'"", ""小学.'历史.简答题'"", ""小学.'历史.轻度焦虑'"", ""小学.'历史.选择题'"", ""小学.'历史.重度焦虑'"", ""小学.'地理"", ""小学.'地理.中度焦虑'"", ""小学.'地理.单选题'"", ""小学.'地理.多选题'"", ""小学.'地理.正常'"", ""小学.'地理.简答题'"", ""小学.'地理.轻度焦虑'"", ""小学.'地理.选择题'"", ""小学.'地理.重度焦虑'"", ""小学.'数学"", ""小学.'数学.中度焦虑'"", ""小学.'数学.单选题'"", ""小学.'数学.多选题'"", ""小学.'数学.正常'"", ""小学.'数学.简答题'"", ""小学.'数学.轻度焦虑'"", ""小学.'数学.选择题'"", ""小学.'数学.重度焦虑'"", ""小学.'物理"", ""小学.'物理.中度焦虑'"", ""小学.'物理.单选题'"", ""小学.'物理.多选题'"", ""小学.'物理.正常'"", ""小学.'物理.简答题'"", ""小学.'物理.轻度焦虑'"", ""小学.'物理.选择题'"", ""小学.'物理.重度焦虑'"", ""小学.'生物"", ""小学.'生物.中度焦虑'"", ""小学.'生物.单选题'"", ""小学.'生物.多选题'"", ""小学.'生物.正常'"", ""小学.'生物.简答题'"", ""小学.'生物.轻度焦虑'"", ""小学.'生物.选择题'"", ""小学.'生物.重度焦虑'"", ""小学.'英语"", ""小学.'英语.中度焦虑'"", ""小学.'英语.单选题'"", ""小学.'英语.多选题'"", ""小学.'英语.正常'"", ""小学.'英语.简答题'"", ""小学.'英语.轻度焦虑'"", ""小学.'英语.选择题'"", ""小学.'英语.重度焦虑'"", ""小学.'语文"", ""小学.'语文.中度焦虑'"", ""小学.'语文.单选题'"", ""小学.'语文.多选题'"", ""小学.'语文.正常'"", ""小学.'语文.简答题'"", ""小学.'语文.轻度焦虑'"", ""小学.'语文.选择题'"", ""小学.'语文.重度焦虑'"", ""硕士"", ""硕士.'临床医学"", ""硕士.'临床医学.中度焦虑'"", ""硕士.'临床医学.单选题'"", ""硕士.'临床医学.多选题'"", ""硕士.'临床医学.正常'"", ""硕士.'临床医学.简答题'"", ""硕士.'临床医学.轻度焦虑'"", ""硕士.'临床医学.选择题'"", ""硕士.'临床医学.重度焦虑'"", ""硕士.'体育教育学"", ""硕士.'体育教育学.中度焦虑'"", ""硕士.'体育教育学.单选题'"", ""硕士.'体育教育学.多选题'"", ""硕士.'体育教育学.正常'"", ""硕士.'体育教育学.简答题'"", ""硕士.'体育教育学.轻度焦虑'"", ""硕士.'体育教育学.选择题'"", ""硕士.'体育教育学.重度焦虑'"", ""硕士.'作物科学"", ""硕士.'作物科学.中度焦虑'"", ""硕士.'作物科学.单选题'"", ""硕士.'作物科学.多选题'"", ""硕士.'作物科学.正常'"", ""硕士.'作物科学.简答题'"", ""硕士.'作物科学.轻度焦虑'"", ""硕士.'作物科学.选择题'"", ""硕士.'作物科学.重度焦虑'"", ""硕士.'公共管理学"", ""硕士.'公共管理学.中度焦虑'"", ""硕士.'公共管理学.单选题'"", ""硕士.'公共管理学.多选题'"", ""硕士.'公共管理学.正常'"", ""硕士.'公共管理学.简答题'"", ""硕士.'公共管理学.轻度焦虑'"", ""硕士.'公共管理学.选择题'"", ""硕士.'公共管理学.重度焦虑'"", ""硕士.'军事学"", ""硕士.'军事学.中度焦虑'"", ""硕士.'军事学.单选题'"", ""硕士.'军事学.多选题'"", ""硕士.'军事学.正常'"", ""硕士.'军事学.简答题'"", ""硕士.'军事学.轻度焦虑'"", ""硕士.'军事学.选择题'"", ""硕士.'军事学.重度焦虑'"", ""硕士.'化学"", ""硕士.'化学.中度焦虑'"", ""硕士.'化学.单选题'"", ""硕士.'化学.多选题'"", ""硕士.'化学.正常'"", ""硕士.'化学.简答题'"", ""硕士.'化学.轻度焦虑'"", ""硕士.'化学.选择题'"", ""硕士.'化学.重度焦虑'"", ""硕士.'历史学"", ""硕士.'历史学.中度焦虑'"", ""硕士.'历史学.单选题'"", ""硕士.'历史学.多选题'"", ""硕士.'历史学.正常'"", ""硕士.'历史学.简答题'"", ""硕士.'历史学.轻度焦虑'"", ""硕士.'历史学.选择题'"", ""硕士.'历史学.重度焦虑'"", ""硕士.'商业管理学"", ""硕士.'商业管理学.中度焦虑'"", ""硕士.'商业管理学.单选题'"", ""硕士.'商业管理学.多选题'"", ""硕士.'商业管理学.正常'"", ""硕士.'商业管理学.简答题'"", ""硕士.'商业管理学.轻度焦虑'"", ""硕士.'商业管理学.选择题'"", ""硕士.'商业管理学.重度焦虑'"", ""硕士.'基础医学"", ""硕士.'基础医学.中度焦虑'"", ""硕士.'基础医学.单选题'"", ""硕士.'基础医学.多选题'"", ""硕士.'基础医学.正常'"", ""硕士.'基础医学.简答题'"", ""硕士.'基础医学.轻度焦虑'"", ""硕士.'基础医学.选择题'"", ""硕士.'基础医学.重度焦虑'"", ""硕士.'应用经济学"", ""硕士.'应用经济学.中度焦虑'"", ""硕士.'应用经济学.单选题'"", ""硕士.'应用经济学.多选题'"", ""硕士.'应用经济学.简答题'"", ""硕士.'应用经济学.轻度焦虑'"", ""硕士.'应用经济学.选择题'"", ""硕士.'应用经济学.重度焦虑'"", ""硕士.'心理学"", ""硕士.'心理学.中度焦虑'"", ""硕士.'心理学.单选题'"", ""硕士.'心理学.多选题'"", ""硕士.'心理学.正常'"", ""硕士.'心理学.简答题'"", ""硕士.'心理学.轻度焦虑'"", ""硕士.'心理学.选择题'"", ""硕士.'心理学.重度焦虑'"", ""硕士.'数学"", ""硕士.'数学.中度焦虑'"", ""硕士.'数学.单选题'"", ""硕士.'数学.多选题'"", ""硕士.'数学.正常'"", ""硕士.'数学.简答题'"", ""硕士.'数学.轻度焦虑'"", ""硕士.'数学.选择题'"", ""硕士.'数学.重度焦虑'"", ""硕士.'文学与艺术"", ""硕士.'文学与艺术.中度焦虑'"", ""硕士.'文学与艺术.单选题'"", ""硕士.'文学与艺术.多选题'"", ""硕士.'文学与艺术.正常'"", ""硕士.'文学与艺术.简答题'"", ""硕士.'文学与艺术.轻度焦虑'"", ""硕士.'文学与艺术.选择题'"", ""硕士.'文学与艺术.重度焦虑'"", ""硕士.'普通教育学"", ""硕士.'普通教育学.中度焦虑'"", ""硕士.'普通教育学.单选题'"", ""硕士.'普通教育学.多选题'"", ""硕士.'普通教育学.正常'"", ""硕士.'普通教育学.简答题'"", ""硕士.'普通教育学.轻度焦虑'"", ""硕士.'普通教育学.选择题'"", ""硕士.'普通教育学.重度焦虑'"", ""硕士.'水产养殖"", ""硕士.'水产养殖.中度焦虑'"", ""硕士.'水产养殖.单选题'"", ""硕士.'水产养殖.多选题'"", ""硕士.'水产养殖.正常'"", ""硕士.'水产养殖.简答题'"", ""硕士.'水产养殖.轻度焦虑'"", ""硕士.'水产养殖.选择题'"", ""硕士.'水产养殖.重度焦虑'"", ""硕士.'法学"", ""硕士.'法学.中度焦虑'"", ""硕士.'法学.单选题'"", ""硕士.'法学.多选题'"", ""硕士.'法学.正常'"", ""硕士.'法学.简答题'"", ""硕士.'法学.轻度焦虑'"", ""硕士.'法学.选择题'"", ""硕士.'法学.重度焦虑'"", ""硕士.'物理学"", ""硕士.'物理学.中度焦虑'"", ""硕士.'物理学.单选题'"", ""硕士.'物理学.多选题'"", ""硕士.'物理学.正常'"", ""硕士.'物理学.简答题'"", ""硕士.'物理学.轻度焦虑'"", ""硕士.'物理学.选择题'"", ""硕士.'物理学.重度焦虑'"", ""硕士.'理论经济学"", ""硕士.'理论经济学.中度焦虑'"", ""硕士.'理论经济学.单选题'"", ""硕士.'理论经济学.多选题'"", ""硕士.'理论经济学.正常'"", ""硕士.'理论经济学.简答题'"", ""硕士.'理论经济学.轻度焦虑'"", ""硕士.'理论经济学.选择题'"", ""硕士.'理论经济学.重度焦虑'"", ""硕士.'生物学"", ""硕士.'生物学.中度焦虑'"", ""硕士.'生物学.单选题'"", ""硕士.'生物学.多选题'"", ""硕士.'生物学.正常'"", ""硕士.'生物学.简答题'"", ""硕士.'生物学.轻度焦虑'"", ""硕士.'生物学.选择题'"", ""硕士.'生物学.重度焦虑'"", ""硕士.'社会学"", ""硕士.'社会学.中度焦虑'"", ""硕士.'社会学.单选题'"", ""硕士.'社会学.多选题'"", ""硕士.'社会学.正常'"", ""硕士.'社会学.简答题'"", ""硕士.'社会学.轻度焦虑'"", ""硕士.'社会学.选择题'"", ""硕士.'社会学.重度焦虑'"", ""硕士.'自动控制"", ""硕士.'自动控制.中度焦虑'"", ""硕士.'自动控制.单选题'"", ""硕士.'自动控制.多选题'"", ""硕士.'自动控制.正常'"", ""硕士.'自动控制.简答题'"", ""硕士.'自动控制.轻度焦虑'"", ""硕士.'自动控制.选择题'"", ""硕士.'自动控制.重度焦虑'"", ""硕士.'计算机科学"", ""硕士.'计算机科学.中度焦虑'"", ""硕士.'计算机科学.单选题'"", ""硕士.'计算机科学.多选题'"", ""硕士.'计算机科学.正常'"", ""硕士.'计算机科学.简答题'"", ""硕士.'计算机科学.轻度焦虑'"", ""硕士.'计算机科学.选择题'"", ""硕士.'计算机科学.重度焦虑'"", ""高中"", ""高中.'化学"", ""高中.'化学.中度焦虑'"", ""高中.'化学.单选题'"", ""高中.'化学.多选题'"", ""高中.'化学.正常'"", ""高中.'化学.简答题'"", ""高中.'化学.轻度焦虑'"", ""高中.'化学.选择题'"", ""高中.'化学.重度焦虑'"", ""高中.'历史"", ""高中.'历史.中度焦虑'"", ""高中.'历史.单选题'"", ""高中.'历史.多选题'"", ""高中.'历史.正常'"", ""高中.'历史.简答题'"", ""高中.'历史.轻度焦虑'"", ""高中.'历史.选择题'"", ""高中.'历史.重度焦虑'"", ""高中.'地理"", ""高中.'地理.中度焦虑'"", ""高中.'地理.单选题'"", ""高中.'地理.多选题'"", ""高中.'地理.正常'"", ""高中.'地理.简答题'"", ""高中.'地理.轻度焦虑'"", ""高中.'地理.选择题'"", ""高中.'地理.重度焦虑'"", ""高中.'数学"", ""高中.'数学.中度焦虑'"", ""高中.'数学.单选题'"", ""高中.'数学.多选题'"", ""高中.'数学.正常'"", ""高中.'数学.简答题'"", ""高中.'数学.轻度焦虑'"", ""高中.'数学.选择题'"", ""高中.'数学.重度焦虑'"", ""高中.'物理"", ""高中.'物理.中度焦虑'"", ""高中.'物理.单选题'"", ""高中.'物理.多选题'"", ""高中.'物理.正常'"", ""高中.'物理.简答题'"", ""高中.'物理.轻度焦虑'"", ""高中.'物理.选择题'"", ""高中.'物理.重度焦虑'"", ""高中.'生物"", ""高中.'生物.中度焦虑'"", ""高中.'生物.单选题'"", ""高中.'生物.多选题'"", ""高中.'生物.正常'"", ""高中.'生物.简答题'"", ""高中.'生物.轻度焦虑'"", ""高中.'生物.选择题'"", ""高中.'生物.重度焦虑'"", ""高中.'英语"", ""高中.'英语.中度焦虑'"", ""高中.'英语.单选题'"", ""高中.'英语.多选题'"", ""高中.'英语.正常'"", ""高中.'英语.简答题'"", ""高中.'英语.轻度焦虑'"", ""高中.'英语.选择题'"", ""高中.'英语.重度焦虑'"", ""高中.'语文"", ""高中.'语文.中度焦虑'"", ""高中.'语文.单选题'"", ""高中.'语文.多选题'"", ""高中.'语文.正常'"", ""高中.'语文.简答题'"", ""高中.'语文.轻度焦虑'"", ""高中.'语文.选择题'"", ""高中.'语文.重度焦虑'""]",[],[],[],[],[],[],[],[],[],[],unknown,
correlation-testset/corr_res_kendall_split_and_fill/EduBenchEvaluator_EduBenchEvaluator.json,14,"[""__key__"", ""__value__""]","{""__key__"": 1.0, ""__value__"": 1.0}","[""__key__"", ""__value__"", ""__value__[]""]",[],[],[],[],[],[],[],[],[],[],llm_judge_output,
correlation-testset/corr_res_kendall_split_and_fill/EduBenchEvaluator_deepseek-r1.json,14,"[""__key__"", ""__value__""]","{""__key__"": 1.0, ""__value__"": 1.0}","[""__key__"", ""__value__"", ""__value__[]""]",[],[],[],[],[],[],[],[],[],[],llm_judge_output,
correlation-testset/corr_res_kendall_split_and_fill/EduBenchEvaluator_deepseek-v3.json,14,"[""__key__"", ""__value__""]","{""__key__"": 1.0, ""__value__"": 1.0}","[""__key__"", ""__value__"", ""__value__[]""]",[],[],[],[],[],[],[],[],[],[],llm_judge_output,
correlation-testset/corr_res_kendall_split_and_fill/EduBenchEvaluator_gpt-4o.json,14,"[""__key__"", ""__value__""]","{""__key__"": 1.0, ""__value__"": 1.0}","[""__key__"", ""__value__"", ""__value__[]""]",[],[],[],[],[],[],[],[],[],[],llm_judge_output,
correlation-testset/corr_res_kendall_split_and_fill/EduBenchEvaluator_human_1.json,14,"[""__key__"", ""__value__""]","{""__key__"": 1.0, ""__value__"": 1.0}","[""__key__"", ""__value__"", ""__value__[]""]",[],[],[],[],[],[],[],[],[],[],llm_judge_output,
correlation-testset/corr_res_kendall_split_and_fill/EduBenchEvaluator_human_2.json,14,"[""__key__"", ""__value__""]","{""__key__"": 1.0, ""__value__"": 1.0}","[""__key__"", ""__value__"", ""__value__[]""]",[],[],[],[],[],[],[],[],[],[],llm_judge_output,
correlation-testset/corr_res_kendall_split_and_fill/EduBenchEvaluator_human_3.json,14,"[""__key__"", ""__value__""]","{""__key__"": 1.0, ""__value__"": 1.0}","[""__key__"", ""__value__"", ""__value__[]""]",[],[],[],[],[],[],[],[],[],[],llm_judge_output,
correlation-testset/corr_res_kendall_split_and_fill/EduBenchEvaluator_human_mean.json,14,"[""__key__"", ""__value__""]","{""__key__"": 1.0, ""__value__"": 1.0}","[""__key__"", ""__value__"", ""__value__[]""]",[],[],[],[],[],[],[],[],[],[],llm_judge_output,
correlation-testset/corr_res_kendall_split_and_fill/EduBenchEvaluator_qwq-plus.json,14,"[""__key__"", ""__value__""]","{""__key__"": 1.0, ""__value__"": 1.0}","[""__key__"", ""__value__"", ""__value__[]""]",[],[],[],[],[],[],[],[],[],[],llm_judge_output,
correlation-testset/corr_res_kendall_split_and_fill/deepseek-r1_EduBenchEvaluator.json,14,"[""__key__"", ""__value__""]","{""__key__"": 1.0, ""__value__"": 1.0}","[""__key__"", ""__value__"", ""__value__[]""]",[],[],[],[],[],[],[],[],[],[],llm_judge_output,
correlation-testset/corr_res_kendall_split_and_fill/deepseek-r1_deepseek-r1.json,14,"[""__key__"", ""__value__""]","{""__key__"": 1.0, ""__value__"": 1.0}","[""__key__"", ""__value__"", ""__value__[]""]",[],[],[],[],[],[],[],[],[],[],unknown,
correlation-testset/corr_res_kendall_split_and_fill/deepseek-r1_deepseek-v3.json,14,"[""__key__"", ""__value__""]","{""__key__"": 1.0, ""__value__"": 1.0}","[""__key__"", ""__value__"", ""__value__[]""]",[],[],[],[],[],[],[],[],[],[],unknown,
correlation-testset/corr_res_kendall_split_and_fill/deepseek-r1_gpt-4o.json,14,"[""__key__"", ""__value__""]","{""__key__"": 1.0, ""__value__"": 1.0}","[""__key__"", ""__value__"", ""__value__[]""]",[],[],[],[],[],[],[],[],[],[],unknown,
correlation-testset/corr_res_kendall_split_and_fill/deepseek-r1_human_1.json,14,"[""__key__"", ""__value__""]","{""__key__"": 1.0, ""__value__"": 1.0}","[""__key__"", ""__value__"", ""__value__[]""]",[],[],[],[],[],[],[],[],[],[],unknown,
correlation-testset/corr_res_kendall_split_and_fill/deepseek-r1_human_2.json,14,"[""__key__"", ""__value__""]","{""__key__"": 1.0, ""__value__"": 1.0}","[""__key__"", ""__value__"", ""__value__[]""]",[],[],[],[],[],[],[],[],[],[],unknown,
correlation-testset/corr_res_kendall_split_and_fill/deepseek-r1_human_3.json,14,"[""__key__"", ""__value__""]","{""__key__"": 1.0, ""__value__"": 1.0}","[""__key__"", ""__value__"", ""__value__[]""]",[],[],[],[],[],[],[],[],[],[],unknown,
correlation-testset/corr_res_kendall_split_and_fill/deepseek-r1_human_mean.json,14,"[""__key__"", ""__value__""]","{""__key__"": 1.0, ""__value__"": 1.0}","[""__key__"", ""__value__"", ""__value__[]""]",[],[],[],[],[],[],[],[],[],[],unknown,
correlation-testset/corr_res_kendall_split_and_fill/deepseek-r1_qwq-plus.json,14,"[""__key__"", ""__value__""]","{""__key__"": 1.0, ""__value__"": 1.0}","[""__key__"", ""__value__"", ""__value__[]""]",[],[],[],[],[],[],[],[],[],[],unknown,
correlation-testset/corr_res_kendall_split_and_fill/deepseek-v3_EduBenchEvaluator.json,14,"[""__key__"", ""__value__""]","{""__key__"": 1.0, ""__value__"": 1.0}","[""__key__"", ""__value__"", ""__value__[]""]",[],[],[],[],[],[],[],[],[],[],llm_judge_output,
correlation-testset/corr_res_kendall_split_and_fill/deepseek-v3_deepseek-r1.json,14,"[""__key__"", ""__value__""]","{""__key__"": 1.0, ""__value__"": 1.0}","[""__key__"", ""__value__"", ""__value__[]""]",[],[],[],[],[],[],[],[],[],[],unknown,
correlation-testset/corr_res_kendall_split_and_fill/deepseek-v3_deepseek-v3.json,14,"[""__key__"", ""__value__""]","{""__key__"": 1.0, ""__value__"": 1.0}","[""__key__"", ""__value__"", ""__value__[]""]",[],[],[],[],[],[],[],[],[],[],unknown,
correlation-testset/corr_res_kendall_split_and_fill/deepseek-v3_gpt-4o.json,14,"[""__key__"", ""__value__""]","{""__key__"": 1.0, ""__value__"": 1.0}","[""__key__"", ""__value__"", ""__value__[]""]",[],[],[],[],[],[],[],[],[],[],unknown,
correlation-testset/corr_res_kendall_split_and_fill/deepseek-v3_human_1.json,14,"[""__key__"", ""__value__""]","{""__key__"": 1.0, ""__value__"": 1.0}","[""__key__"", ""__value__"", ""__value__[]""]",[],[],[],[],[],[],[],[],[],[],unknown,
correlation-testset/corr_res_kendall_split_and_fill/deepseek-v3_human_2.json,14,"[""__key__"", ""__value__""]","{""__key__"": 1.0, ""__value__"": 1.0}","[""__key__"", ""__value__"", ""__value__[]""]",[],[],[],[],[],[],[],[],[],[],unknown,
correlation-testset/corr_res_kendall_split_and_fill/deepseek-v3_human_3.json,14,"[""__key__"", ""__value__""]","{""__key__"": 1.0, ""__value__"": 1.0}","[""__key__"", ""__value__"", ""__value__[]""]",[],[],[],[],[],[],[],[],[],[],unknown,
correlation-testset/corr_res_kendall_split_and_fill/deepseek-v3_human_mean.json,14,"[""__key__"", ""__value__""]","{""__key__"": 1.0, ""__value__"": 1.0}","[""__key__"", ""__value__"", ""__value__[]""]",[],[],[],[],[],[],[],[],[],[],unknown,
correlation-testset/corr_res_kendall_split_and_fill/deepseek-v3_qwq-plus.json,14,"[""__key__"", ""__value__""]","{""__key__"": 1.0, ""__value__"": 1.0}","[""__key__"", ""__value__"", ""__value__[]""]",[],[],[],[],[],[],[],[],[],[],unknown,
correlation-testset/corr_res_kendall_split_and_fill/gpt-4o_EduBenchEvaluator.json,14,"[""__key__"", ""__value__""]","{""__key__"": 1.0, ""__value__"": 1.0}","[""__key__"", ""__value__"", ""__value__[]""]",[],[],[],[],[],[],[],[],[],[],llm_judge_output,
correlation-testset/corr_res_kendall_split_and_fill/gpt-4o_deepseek-r1.json,14,"[""__key__"", ""__value__""]","{""__key__"": 1.0, ""__value__"": 1.0}","[""__key__"", ""__value__"", ""__value__[]""]",[],[],[],[],[],[],[],[],[],[],unknown,
correlation-testset/corr_res_kendall_split_and_fill/gpt-4o_deepseek-v3.json,14,"[""__key__"", ""__value__""]","{""__key__"": 1.0, ""__value__"": 1.0}","[""__key__"", ""__value__"", ""__value__[]""]",[],[],[],[],[],[],[],[],[],[],unknown,
correlation-testset/corr_res_kendall_split_and_fill/gpt-4o_gpt-4o.json,14,"[""__key__"", ""__value__""]","{""__key__"": 1.0, ""__value__"": 1.0}","[""__key__"", ""__value__"", ""__value__[]""]",[],[],[],[],[],[],[],[],[],[],unknown,
correlation-testset/corr_res_kendall_split_and_fill/gpt-4o_human_1.json,14,"[""__key__"", ""__value__""]","{""__key__"": 1.0, ""__value__"": 1.0}","[""__key__"", ""__value__"", ""__value__[]""]",[],[],[],[],[],[],[],[],[],[],unknown,
correlation-testset/corr_res_kendall_split_and_fill/gpt-4o_human_2.json,14,"[""__key__"", ""__value__""]","{""__key__"": 1.0, ""__value__"": 1.0}","[""__key__"", ""__value__"", ""__value__[]""]",[],[],[],[],[],[],[],[],[],[],unknown,
correlation-testset/corr_res_kendall_split_and_fill/gpt-4o_human_3.json,14,"[""__key__"", ""__value__""]","{""__key__"": 1.0, ""__value__"": 1.0}","[""__key__"", ""__value__"", ""__value__[]""]",[],[],[],[],[],[],[],[],[],[],unknown,
correlation-testset/corr_res_kendall_split_and_fill/gpt-4o_human_mean.json,14,"[""__key__"", ""__value__""]","{""__key__"": 1.0, ""__value__"": 1.0}","[""__key__"", ""__value__"", ""__value__[]""]",[],[],[],[],[],[],[],[],[],[],unknown,
correlation-testset/corr_res_kendall_split_and_fill/gpt-4o_qwq-plus.json,14,"[""__key__"", ""__value__""]","{""__key__"": 1.0, ""__value__"": 1.0}","[""__key__"", ""__value__"", ""__value__[]""]",[],[],[],[],[],[],[],[],[],[],unknown,
correlation-testset/corr_res_kendall_split_and_fill/human_1_EduBenchEvaluator.json,14,"[""__key__"", ""__value__""]","{""__key__"": 1.0, ""__value__"": 1.0}","[""__key__"", ""__value__"", ""__value__[]""]",[],[],[],[],[],[],[],[],[],[],llm_judge_output,
correlation-testset/corr_res_kendall_split_and_fill/human_1_deepseek-r1.json,14,"[""__key__"", ""__value__""]","{""__key__"": 1.0, ""__value__"": 1.0}","[""__key__"", ""__value__"", ""__value__[]""]",[],[],[],[],[],[],[],[],[],[],unknown,
correlation-testset/corr_res_kendall_split_and_fill/human_1_deepseek-v3.json,14,"[""__key__"", ""__value__""]","{""__key__"": 1.0, ""__value__"": 1.0}","[""__key__"", ""__value__"", ""__value__[]""]",[],[],[],[],[],[],[],[],[],[],unknown,
correlation-testset/corr_res_kendall_split_and_fill/human_1_gpt-4o.json,14,"[""__key__"", ""__value__""]","{""__key__"": 1.0, ""__value__"": 1.0}","[""__key__"", ""__value__"", ""__value__[]""]",[],[],[],[],[],[],[],[],[],[],unknown,
correlation-testset/corr_res_kendall_split_and_fill/human_1_human_1.json,14,"[""__key__"", ""__value__""]","{""__key__"": 1.0, ""__value__"": 1.0}","[""__key__"", ""__value__"", ""__value__[]""]",[],[],[],[],[],[],[],[],[],[],unknown,
correlation-testset/corr_res_kendall_split_and_fill/human_1_human_2.json,14,"[""__key__"", ""__value__""]","{""__key__"": 1.0, ""__value__"": 1.0}","[""__key__"", ""__value__"", ""__value__[]""]",[],[],[],[],[],[],[],[],[],[],unknown,
correlation-testset/corr_res_kendall_split_and_fill/human_1_human_3.json,14,"[""__key__"", ""__value__""]","{""__key__"": 1.0, ""__value__"": 1.0}","[""__key__"", ""__value__"", ""__value__[]""]",[],[],[],[],[],[],[],[],[],[],unknown,
correlation-testset/corr_res_kendall_split_and_fill/human_1_human_mean.json,14,"[""__key__"", ""__value__""]","{""__key__"": 1.0, ""__value__"": 1.0}","[""__key__"", ""__value__"", ""__value__[]""]",[],[],[],[],[],[],[],[],[],[],unknown,
correlation-testset/corr_res_kendall_split_and_fill/human_1_qwq-plus.json,14,"[""__key__"", ""__value__""]","{""__key__"": 1.0, ""__value__"": 1.0}","[""__key__"", ""__value__"", ""__value__[]""]",[],[],[],[],[],[],[],[],[],[],unknown,
correlation-testset/corr_res_kendall_split_and_fill/human_2_EduBenchEvaluator.json,14,"[""__key__"", ""__value__""]","{""__key__"": 1.0, ""__value__"": 1.0}","[""__key__"", ""__value__"", ""__value__[]""]",[],[],[],[],[],[],[],[],[],[],llm_judge_output,
correlation-testset/corr_res_kendall_split_and_fill/human_2_deepseek-r1.json,14,"[""__key__"", ""__value__""]","{""__key__"": 1.0, ""__value__"": 1.0}","[""__key__"", ""__value__"", ""__value__[]""]",[],[],[],[],[],[],[],[],[],[],unknown,
correlation-testset/corr_res_kendall_split_and_fill/human_2_deepseek-v3.json,14,"[""__key__"", ""__value__""]","{""__key__"": 1.0, ""__value__"": 1.0}","[""__key__"", ""__value__"", ""__value__[]""]",[],[],[],[],[],[],[],[],[],[],unknown,
correlation-testset/corr_res_kendall_split_and_fill/human_2_gpt-4o.json,14,"[""__key__"", ""__value__""]","{""__key__"": 1.0, ""__value__"": 1.0}","[""__key__"", ""__value__"", ""__value__[]""]",[],[],[],[],[],[],[],[],[],[],unknown,
correlation-testset/corr_res_kendall_split_and_fill/human_2_human_1.json,14,"[""__key__"", ""__value__""]","{""__key__"": 1.0, ""__value__"": 1.0}","[""__key__"", ""__value__"", ""__value__[]""]",[],[],[],[],[],[],[],[],[],[],unknown,
correlation-testset/corr_res_kendall_split_and_fill/human_2_human_2.json,14,"[""__key__"", ""__value__""]","{""__key__"": 1.0, ""__value__"": 1.0}","[""__key__"", ""__value__"", ""__value__[]""]",[],[],[],[],[],[],[],[],[],[],unknown,
correlation-testset/corr_res_kendall_split_and_fill/human_2_human_3.json,14,"[""__key__"", ""__value__""]","{""__key__"": 1.0, ""__value__"": 1.0}","[""__key__"", ""__value__"", ""__value__[]""]",[],[],[],[],[],[],[],[],[],[],unknown,
correlation-testset/corr_res_kendall_split_and_fill/human_2_human_mean.json,14,"[""__key__"", ""__value__""]","{""__key__"": 1.0, ""__value__"": 1.0}","[""__key__"", ""__value__"", ""__value__[]""]",[],[],[],[],[],[],[],[],[],[],unknown,
correlation-testset/corr_res_kendall_split_and_fill/human_2_qwq-plus.json,14,"[""__key__"", ""__value__""]","{""__key__"": 1.0, ""__value__"": 1.0}","[""__key__"", ""__value__"", ""__value__[]""]",[],[],[],[],[],[],[],[],[],[],unknown,
correlation-testset/corr_res_kendall_split_and_fill/human_3_EduBenchEvaluator.json,14,"[""__key__"", ""__value__""]","{""__key__"": 1.0, ""__value__"": 1.0}","[""__key__"", ""__value__"", ""__value__[]""]",[],[],[],[],[],[],[],[],[],[],llm_judge_output,
correlation-testset/corr_res_kendall_split_and_fill/human_3_deepseek-r1.json,14,"[""__key__"", ""__value__""]","{""__key__"": 1.0, ""__value__"": 1.0}","[""__key__"", ""__value__"", ""__value__[]""]",[],[],[],[],[],[],[],[],[],[],unknown,
correlation-testset/corr_res_kendall_split_and_fill/human_3_deepseek-v3.json,14,"[""__key__"", ""__value__""]","{""__key__"": 1.0, ""__value__"": 1.0}","[""__key__"", ""__value__"", ""__value__[]""]",[],[],[],[],[],[],[],[],[],[],unknown,
correlation-testset/corr_res_kendall_split_and_fill/human_3_gpt-4o.json,14,"[""__key__"", ""__value__""]","{""__key__"": 1.0, ""__value__"": 1.0}","[""__key__"", ""__value__"", ""__value__[]""]",[],[],[],[],[],[],[],[],[],[],unknown,
correlation-testset/corr_res_kendall_split_and_fill/human_3_human_1.json,14,"[""__key__"", ""__value__""]","{""__key__"": 1.0, ""__value__"": 1.0}","[""__key__"", ""__value__"", ""__value__[]""]",[],[],[],[],[],[],[],[],[],[],unknown,
correlation-testset/corr_res_kendall_split_and_fill/human_3_human_2.json,14,"[""__key__"", ""__value__""]","{""__key__"": 1.0, ""__value__"": 1.0}","[""__key__"", ""__value__"", ""__value__[]""]",[],[],[],[],[],[],[],[],[],[],unknown,
correlation-testset/corr_res_kendall_split_and_fill/human_3_human_3.json,14,"[""__key__"", ""__value__""]","{""__key__"": 1.0, ""__value__"": 1.0}","[""__key__"", ""__value__"", ""__value__[]""]",[],[],[],[],[],[],[],[],[],[],unknown,
correlation-testset/corr_res_kendall_split_and_fill/human_3_human_mean.json,14,"[""__key__"", ""__value__""]","{""__key__"": 1.0, ""__value__"": 1.0}","[""__key__"", ""__value__"", ""__value__[]""]",[],[],[],[],[],[],[],[],[],[],unknown,
correlation-testset/corr_res_kendall_split_and_fill/human_3_qwq-plus.json,14,"[""__key__"", ""__value__""]","{""__key__"": 1.0, ""__value__"": 1.0}","[""__key__"", ""__value__"", ""__value__[]""]",[],[],[],[],[],[],[],[],[],[],unknown,
correlation-testset/corr_res_kendall_split_and_fill/human_mean_EduBenchEvaluator.json,14,"[""__key__"", ""__value__""]","{""__key__"": 1.0, ""__value__"": 1.0}","[""__key__"", ""__value__"", ""__value__[]""]",[],[],[],[],[],[],[],[],[],[],llm_judge_output,
correlation-testset/corr_res_kendall_split_and_fill/human_mean_deepseek-r1.json,14,"[""__key__"", ""__value__""]","{""__key__"": 1.0, ""__value__"": 1.0}","[""__key__"", ""__value__"", ""__value__[]""]",[],[],[],[],[],[],[],[],[],[],unknown,
correlation-testset/corr_res_kendall_split_and_fill/human_mean_deepseek-v3.json,14,"[""__key__"", ""__value__""]","{""__key__"": 1.0, ""__value__"": 1.0}","[""__key__"", ""__value__"", ""__value__[]""]",[],[],[],[],[],[],[],[],[],[],unknown,
correlation-testset/corr_res_kendall_split_and_fill/human_mean_gpt-4o.json,14,"[""__key__"", ""__value__""]","{""__key__"": 1.0, ""__value__"": 1.0}","[""__key__"", ""__value__"", ""__value__[]""]",[],[],[],[],[],[],[],[],[],[],unknown,
correlation-testset/corr_res_kendall_split_and_fill/human_mean_human_1.json,14,"[""__key__"", ""__value__""]","{""__key__"": 1.0, ""__value__"": 1.0}","[""__key__"", ""__value__"", ""__value__[]""]",[],[],[],[],[],[],[],[],[],[],unknown,
correlation-testset/corr_res_kendall_split_and_fill/human_mean_human_2.json,14,"[""__key__"", ""__value__""]","{""__key__"": 1.0, ""__value__"": 1.0}","[""__key__"", ""__value__"", ""__value__[]""]",[],[],[],[],[],[],[],[],[],[],unknown,
correlation-testset/corr_res_kendall_split_and_fill/human_mean_human_3.json,14,"[""__key__"", ""__value__""]","{""__key__"": 1.0, ""__value__"": 1.0}","[""__key__"", ""__value__"", ""__value__[]""]",[],[],[],[],[],[],[],[],[],[],unknown,
correlation-testset/corr_res_kendall_split_and_fill/human_mean_human_mean.json,14,"[""__key__"", ""__value__""]","{""__key__"": 1.0, ""__value__"": 1.0}","[""__key__"", ""__value__"", ""__value__[]""]",[],[],[],[],[],[],[],[],[],[],unknown,
correlation-testset/corr_res_kendall_split_and_fill/human_mean_qwq-plus.json,14,"[""__key__"", ""__value__""]","{""__key__"": 1.0, ""__value__"": 1.0}","[""__key__"", ""__value__"", ""__value__[]""]",[],[],[],[],[],[],[],[],[],[],unknown,
correlation-testset/corr_res_kendall_split_and_fill/qwq-plus_EduBenchEvaluator.json,14,"[""__key__"", ""__value__""]","{""__key__"": 1.0, ""__value__"": 1.0}","[""__key__"", ""__value__"", ""__value__[]""]",[],[],[],[],[],[],[],[],[],[],llm_judge_output,
correlation-testset/corr_res_kendall_split_and_fill/qwq-plus_deepseek-r1.json,14,"[""__key__"", ""__value__""]","{""__key__"": 1.0, ""__value__"": 1.0}","[""__key__"", ""__value__"", ""__value__[]""]",[],[],[],[],[],[],[],[],[],[],unknown,
correlation-testset/corr_res_kendall_split_and_fill/qwq-plus_deepseek-v3.json,14,"[""__key__"", ""__value__""]","{""__key__"": 1.0, ""__value__"": 1.0}","[""__key__"", ""__value__"", ""__value__[]""]",[],[],[],[],[],[],[],[],[],[],unknown,
correlation-testset/corr_res_kendall_split_and_fill/qwq-plus_gpt-4o.json,14,"[""__key__"", ""__value__""]","{""__key__"": 1.0, ""__value__"": 1.0}","[""__key__"", ""__value__"", ""__value__[]""]",[],[],[],[],[],[],[],[],[],[],unknown,
correlation-testset/corr_res_kendall_split_and_fill/qwq-plus_human_1.json,14,"[""__key__"", ""__value__""]","{""__key__"": 1.0, ""__value__"": 1.0}","[""__key__"", ""__value__"", ""__value__[]""]",[],[],[],[],[],[],[],[],[],[],unknown,
correlation-testset/corr_res_kendall_split_and_fill/qwq-plus_human_2.json,14,"[""__key__"", ""__value__""]","{""__key__"": 1.0, ""__value__"": 1.0}","[""__key__"", ""__value__"", ""__value__[]""]",[],[],[],[],[],[],[],[],[],[],unknown,
correlation-testset/corr_res_kendall_split_and_fill/qwq-plus_human_3.json,14,"[""__key__"", ""__value__""]","{""__key__"": 1.0, ""__value__"": 1.0}","[""__key__"", ""__value__"", ""__value__[]""]",[],[],[],[],[],[],[],[],[],[],unknown,
correlation-testset/corr_res_kendall_split_and_fill/qwq-plus_human_mean.json,14,"[""__key__"", ""__value__""]","{""__key__"": 1.0, ""__value__"": 1.0}","[""__key__"", ""__value__"", ""__value__[]""]",[],[],[],[],[],[],[],[],[],[],unknown,
correlation-testset/corr_res_kendall_split_and_fill/qwq-plus_qwq-plus.json,14,"[""__key__"", ""__value__""]","{""__key__"": 1.0, ""__value__"": 1.0}","[""__key__"", ""__value__"", ""__value__[]""]",[],[],[],[],[],[],[],[],[],[],unknown,
correlation/corr_res_kendall_split_and_fill/EduBenchEvaluator_EduBenchEvaluator.json,14,"[""__key__"", ""__value__""]","{""__key__"": 1.0, ""__value__"": 1.0}","[""__key__"", ""__value__"", ""__value__[]""]",[],[],[],[],[],[],[],[],[],[],llm_judge_output,
correlation/corr_res_kendall_split_and_fill/EduBenchEvaluator_deepseek-r1.json,14,"[""__key__"", ""__value__""]","{""__key__"": 1.0, ""__value__"": 1.0}","[""__key__"", ""__value__"", ""__value__[]""]",[],[],[],[],[],[],[],[],[],[],llm_judge_output,
correlation/corr_res_kendall_split_and_fill/EduBenchEvaluator_deepseek-v3.json,14,"[""__key__"", ""__value__""]","{""__key__"": 1.0, ""__value__"": 1.0}","[""__key__"", ""__value__"", ""__value__[]""]",[],[],[],[],[],[],[],[],[],[],llm_judge_output,
correlation/corr_res_kendall_split_and_fill/EduBenchEvaluator_gpt-4o.json,14,"[""__key__"", ""__value__""]","{""__key__"": 1.0, ""__value__"": 1.0}","[""__key__"", ""__value__"", ""__value__[]""]",[],[],[],[],[],[],[],[],[],[],llm_judge_output,
correlation/corr_res_kendall_split_and_fill/EduBenchEvaluator_human_1.json,14,"[""__key__"", ""__value__""]","{""__key__"": 1.0, ""__value__"": 1.0}","[""__key__"", ""__value__"", ""__value__[]""]",[],[],[],[],[],[],[],[],[],[],llm_judge_output,
correlation/corr_res_kendall_split_and_fill/EduBenchEvaluator_human_2.json,14,"[""__key__"", ""__value__""]","{""__key__"": 1.0, ""__value__"": 1.0}","[""__key__"", ""__value__"", ""__value__[]""]",[],[],[],[],[],[],[],[],[],[],llm_judge_output,
correlation/corr_res_kendall_split_and_fill/EduBenchEvaluator_human_3.json,14,"[""__key__"", ""__value__""]","{""__key__"": 1.0, ""__value__"": 1.0}","[""__key__"", ""__value__"", ""__value__[]""]",[],[],[],[],[],[],[],[],[],[],llm_judge_output,
correlation/corr_res_kendall_split_and_fill/EduBenchEvaluator_human_mean.json,14,"[""__key__"", ""__value__""]","{""__key__"": 1.0, ""__value__"": 1.0}","[""__key__"", ""__value__"", ""__value__[]""]",[],[],[],[],[],[],[],[],[],[],llm_judge_output,
correlation/corr_res_kendall_split_and_fill/EduBenchEvaluator_qwq-plus.json,14,"[""__key__"", ""__value__""]","{""__key__"": 1.0, ""__value__"": 1.0}","[""__key__"", ""__value__"", ""__value__[]""]",[],[],[],[],[],[],[],[],[],[],llm_judge_output,
correlation/corr_res_kendall_split_and_fill/deepseek-r1_EduBenchEvaluator.json,14,"[""__key__"", ""__value__""]","{""__key__"": 1.0, ""__value__"": 1.0}","[""__key__"", ""__value__"", ""__value__[]""]",[],[],[],[],[],[],[],[],[],[],llm_judge_output,
correlation/corr_res_kendall_split_and_fill/deepseek-r1_deepseek-r1.json,14,"[""__key__"", ""__value__""]","{""__key__"": 1.0, ""__value__"": 1.0}","[""__key__"", ""__value__"", ""__value__[]""]",[],[],[],[],[],[],[],[],[],[],unknown,
correlation/corr_res_kendall_split_and_fill/deepseek-r1_deepseek-v3.json,14,"[""__key__"", ""__value__""]","{""__key__"": 1.0, ""__value__"": 1.0}","[""__key__"", ""__value__"", ""__value__[]""]",[],[],[],[],[],[],[],[],[],[],unknown,
correlation/corr_res_kendall_split_and_fill/deepseek-r1_gpt-4o.json,14,"[""__key__"", ""__value__""]","{""__key__"": 1.0, ""__value__"": 1.0}","[""__key__"", ""__value__"", ""__value__[]""]",[],[],[],[],[],[],[],[],[],[],unknown,
correlation/corr_res_kendall_split_and_fill/deepseek-r1_human_1.json,14,"[""__key__"", ""__value__""]","{""__key__"": 1.0, ""__value__"": 1.0}","[""__key__"", ""__value__"", ""__value__[]""]",[],[],[],[],[],[],[],[],[],[],unknown,
correlation/corr_res_kendall_split_and_fill/deepseek-r1_human_2.json,14,"[""__key__"", ""__value__""]","{""__key__"": 1.0, ""__value__"": 1.0}","[""__key__"", ""__value__"", ""__value__[]""]",[],[],[],[],[],[],[],[],[],[],unknown,
correlation/corr_res_kendall_split_and_fill/deepseek-r1_human_3.json,14,"[""__key__"", ""__value__""]","{""__key__"": 1.0, ""__value__"": 1.0}","[""__key__"", ""__value__"", ""__value__[]""]",[],[],[],[],[],[],[],[],[],[],unknown,
correlation/corr_res_kendall_split_and_fill/deepseek-r1_human_mean.json,14,"[""__key__"", ""__value__""]","{""__key__"": 1.0, ""__value__"": 1.0}","[""__key__"", ""__value__"", ""__value__[]""]",[],[],[],[],[],[],[],[],[],[],unknown,
correlation/corr_res_kendall_split_and_fill/deepseek-r1_qwq-plus.json,14,"[""__key__"", ""__value__""]","{""__key__"": 1.0, ""__value__"": 1.0}","[""__key__"", ""__value__"", ""__value__[]""]",[],[],[],[],[],[],[],[],[],[],unknown,
correlation/corr_res_kendall_split_and_fill/deepseek-v3_EduBenchEvaluator.json,14,"[""__key__"", ""__value__""]","{""__key__"": 1.0, ""__value__"": 1.0}","[""__key__"", ""__value__"", ""__value__[]""]",[],[],[],[],[],[],[],[],[],[],llm_judge_output,
correlation/corr_res_kendall_split_and_fill/deepseek-v3_deepseek-r1.json,14,"[""__key__"", ""__value__""]","{""__key__"": 1.0, ""__value__"": 1.0}","[""__key__"", ""__value__"", ""__value__[]""]",[],[],[],[],[],[],[],[],[],[],unknown,
correlation/corr_res_kendall_split_and_fill/deepseek-v3_deepseek-v3.json,14,"[""__key__"", ""__value__""]","{""__key__"": 1.0, ""__value__"": 1.0}","[""__key__"", ""__value__"", ""__value__[]""]",[],[],[],[],[],[],[],[],[],[],unknown,
correlation/corr_res_kendall_split_and_fill/deepseek-v3_gpt-4o.json,14,"[""__key__"", ""__value__""]","{""__key__"": 1.0, ""__value__"": 1.0}","[""__key__"", ""__value__"", ""__value__[]""]",[],[],[],[],[],[],[],[],[],[],unknown,
correlation/corr_res_kendall_split_and_fill/deepseek-v3_human_1.json,14,"[""__key__"", ""__value__""]","{""__key__"": 1.0, ""__value__"": 1.0}","[""__key__"", ""__value__"", ""__value__[]""]",[],[],[],[],[],[],[],[],[],[],unknown,
correlation/corr_res_kendall_split_and_fill/deepseek-v3_human_2.json,14,"[""__key__"", ""__value__""]","{""__key__"": 1.0, ""__value__"": 1.0}","[""__key__"", ""__value__"", ""__value__[]""]",[],[],[],[],[],[],[],[],[],[],unknown,
correlation/corr_res_kendall_split_and_fill/deepseek-v3_human_3.json,14,"[""__key__"", ""__value__""]","{""__key__"": 1.0, ""__value__"": 1.0}","[""__key__"", ""__value__"", ""__value__[]""]",[],[],[],[],[],[],[],[],[],[],unknown,
correlation/corr_res_kendall_split_and_fill/deepseek-v3_human_mean.json,14,"[""__key__"", ""__value__""]","{""__key__"": 1.0, ""__value__"": 1.0}","[""__key__"", ""__value__"", ""__value__[]""]",[],[],[],[],[],[],[],[],[],[],unknown,
correlation/corr_res_kendall_split_and_fill/deepseek-v3_qwq-plus.json,14,"[""__key__"", ""__value__""]","{""__key__"": 1.0, ""__value__"": 1.0}","[""__key__"", ""__value__"", ""__value__[]""]",[],[],[],[],[],[],[],[],[],[],unknown,
correlation/corr_res_kendall_split_and_fill/gpt-4o_EduBenchEvaluator.json,14,"[""__key__"", ""__value__""]","{""__key__"": 1.0, ""__value__"": 1.0}","[""__key__"", ""__value__"", ""__value__[]""]",[],[],[],[],[],[],[],[],[],[],llm_judge_output,
correlation/corr_res_kendall_split_and_fill/gpt-4o_deepseek-r1.json,14,"[""__key__"", ""__value__""]","{""__key__"": 1.0, ""__value__"": 1.0}","[""__key__"", ""__value__"", ""__value__[]""]",[],[],[],[],[],[],[],[],[],[],unknown,
correlation/corr_res_kendall_split_and_fill/gpt-4o_deepseek-v3.json,14,"[""__key__"", ""__value__""]","{""__key__"": 1.0, ""__value__"": 1.0}","[""__key__"", ""__value__"", ""__value__[]""]",[],[],[],[],[],[],[],[],[],[],unknown,
correlation/corr_res_kendall_split_and_fill/gpt-4o_gpt-4o.json,14,"[""__key__"", ""__value__""]","{""__key__"": 1.0, ""__value__"": 1.0}","[""__key__"", ""__value__"", ""__value__[]""]",[],[],[],[],[],[],[],[],[],[],unknown,
correlation/corr_res_kendall_split_and_fill/gpt-4o_human_1.json,14,"[""__key__"", ""__value__""]","{""__key__"": 1.0, ""__value__"": 1.0}","[""__key__"", ""__value__"", ""__value__[]""]",[],[],[],[],[],[],[],[],[],[],unknown,
correlation/corr_res_kendall_split_and_fill/gpt-4o_human_2.json,14,"[""__key__"", ""__value__""]","{""__key__"": 1.0, ""__value__"": 1.0}","[""__key__"", ""__value__"", ""__value__[]""]",[],[],[],[],[],[],[],[],[],[],unknown,
correlation/corr_res_kendall_split_and_fill/gpt-4o_human_3.json,14,"[""__key__"", ""__value__""]","{""__key__"": 1.0, ""__value__"": 1.0}","[""__key__"", ""__value__"", ""__value__[]""]",[],[],[],[],[],[],[],[],[],[],unknown,
correlation/corr_res_kendall_split_and_fill/gpt-4o_human_mean.json,14,"[""__key__"", ""__value__""]","{""__key__"": 1.0, ""__value__"": 1.0}","[""__key__"", ""__value__"", ""__value__[]""]",[],[],[],[],[],[],[],[],[],[],unknown,
correlation/corr_res_kendall_split_and_fill/gpt-4o_qwq-plus.json,14,"[""__key__"", ""__value__""]","{""__key__"": 1.0, ""__value__"": 1.0}","[""__key__"", ""__value__"", ""__value__[]""]",[],[],[],[],[],[],[],[],[],[],unknown,
correlation/corr_res_kendall_split_and_fill/human_1_EduBenchEvaluator.json,14,"[""__key__"", ""__value__""]","{""__key__"": 1.0, ""__value__"": 1.0}","[""__key__"", ""__value__"", ""__value__[]""]",[],[],[],[],[],[],[],[],[],[],llm_judge_output,
correlation/corr_res_kendall_split_and_fill/human_1_deepseek-r1.json,14,"[""__key__"", ""__value__""]","{""__key__"": 1.0, ""__value__"": 1.0}","[""__key__"", ""__value__"", ""__value__[]""]",[],[],[],[],[],[],[],[],[],[],unknown,
correlation/corr_res_kendall_split_and_fill/human_1_deepseek-v3.json,14,"[""__key__"", ""__value__""]","{""__key__"": 1.0, ""__value__"": 1.0}","[""__key__"", ""__value__"", ""__value__[]""]",[],[],[],[],[],[],[],[],[],[],unknown,
correlation/corr_res_kendall_split_and_fill/human_1_gpt-4o.json,14,"[""__key__"", ""__value__""]","{""__key__"": 1.0, ""__value__"": 1.0}","[""__key__"", ""__value__"", ""__value__[]""]",[],[],[],[],[],[],[],[],[],[],unknown,
correlation/corr_res_kendall_split_and_fill/human_1_human_1.json,14,"[""__key__"", ""__value__""]","{""__key__"": 1.0, ""__value__"": 1.0}","[""__key__"", ""__value__"", ""__value__[]""]",[],[],[],[],[],[],[],[],[],[],unknown,
correlation/corr_res_kendall_split_and_fill/human_1_human_2.json,14,"[""__key__"", ""__value__""]","{""__key__"": 1.0, ""__value__"": 1.0}","[""__key__"", ""__value__"", ""__value__[]""]",[],[],[],[],[],[],[],[],[],[],unknown,
correlation/corr_res_kendall_split_and_fill/human_1_human_3.json,14,"[""__key__"", ""__value__""]","{""__key__"": 1.0, ""__value__"": 1.0}","[""__key__"", ""__value__"", ""__value__[]""]",[],[],[],[],[],[],[],[],[],[],unknown,
correlation/corr_res_kendall_split_and_fill/human_1_human_mean.json,14,"[""__key__"", ""__value__""]","{""__key__"": 1.0, ""__value__"": 1.0}","[""__key__"", ""__value__"", ""__value__[]""]",[],[],[],[],[],[],[],[],[],[],unknown,
correlation/corr_res_kendall_split_and_fill/human_1_qwq-plus.json,14,"[""__key__"", ""__value__""]","{""__key__"": 1.0, ""__value__"": 1.0}","[""__key__"", ""__value__"", ""__value__[]""]",[],[],[],[],[],[],[],[],[],[],unknown,
correlation/corr_res_kendall_split_and_fill/human_2_EduBenchEvaluator.json,14,"[""__key__"", ""__value__""]","{""__key__"": 1.0, ""__value__"": 1.0}","[""__key__"", ""__value__"", ""__value__[]""]",[],[],[],[],[],[],[],[],[],[],llm_judge_output,
correlation/corr_res_kendall_split_and_fill/human_2_deepseek-r1.json,14,"[""__key__"", ""__value__""]","{""__key__"": 1.0, ""__value__"": 1.0}","[""__key__"", ""__value__"", ""__value__[]""]",[],[],[],[],[],[],[],[],[],[],unknown,
correlation/corr_res_kendall_split_and_fill/human_2_deepseek-v3.json,14,"[""__key__"", ""__value__""]","{""__key__"": 1.0, ""__value__"": 1.0}","[""__key__"", ""__value__"", ""__value__[]""]",[],[],[],[],[],[],[],[],[],[],unknown,
correlation/corr_res_kendall_split_and_fill/human_2_gpt-4o.json,14,"[""__key__"", ""__value__""]","{""__key__"": 1.0, ""__value__"": 1.0}","[""__key__"", ""__value__"", ""__value__[]""]",[],[],[],[],[],[],[],[],[],[],unknown,
correlation/corr_res_kendall_split_and_fill/human_2_human_1.json,14,"[""__key__"", ""__value__""]","{""__key__"": 1.0, ""__value__"": 1.0}","[""__key__"", ""__value__"", ""__value__[]""]",[],[],[],[],[],[],[],[],[],[],unknown,
correlation/corr_res_kendall_split_and_fill/human_2_human_2.json,14,"[""__key__"", ""__value__""]","{""__key__"": 1.0, ""__value__"": 1.0}","[""__key__"", ""__value__"", ""__value__[]""]",[],[],[],[],[],[],[],[],[],[],unknown,
correlation/corr_res_kendall_split_and_fill/human_2_human_3.json,14,"[""__key__"", ""__value__""]","{""__key__"": 1.0, ""__value__"": 1.0}","[""__key__"", ""__value__"", ""__value__[]""]",[],[],[],[],[],[],[],[],[],[],unknown,
correlation/corr_res_kendall_split_and_fill/human_2_human_mean.json,14,"[""__key__"", ""__value__""]","{""__key__"": 1.0, ""__value__"": 1.0}","[""__key__"", ""__value__"", ""__value__[]""]",[],[],[],[],[],[],[],[],[],[],unknown,
correlation/corr_res_kendall_split_and_fill/human_2_qwq-plus.json,14,"[""__key__"", ""__value__""]","{""__key__"": 1.0, ""__value__"": 1.0}","[""__key__"", ""__value__"", ""__value__[]""]",[],[],[],[],[],[],[],[],[],[],unknown,
correlation/corr_res_kendall_split_and_fill/human_3_EduBenchEvaluator.json,14,"[""__key__"", ""__value__""]","{""__key__"": 1.0, ""__value__"": 1.0}","[""__key__"", ""__value__"", ""__value__[]""]",[],[],[],[],[],[],[],[],[],[],llm_judge_output,
correlation/corr_res_kendall_split_and_fill/human_3_deepseek-r1.json,14,"[""__key__"", ""__value__""]","{""__key__"": 1.0, ""__value__"": 1.0}","[""__key__"", ""__value__"", ""__value__[]""]",[],[],[],[],[],[],[],[],[],[],unknown,
correlation/corr_res_kendall_split_and_fill/human_3_deepseek-v3.json,14,"[""__key__"", ""__value__""]","{""__key__"": 1.0, ""__value__"": 1.0}","[""__key__"", ""__value__"", ""__value__[]""]",[],[],[],[],[],[],[],[],[],[],unknown,
correlation/corr_res_kendall_split_and_fill/human_3_gpt-4o.json,14,"[""__key__"", ""__value__""]","{""__key__"": 1.0, ""__value__"": 1.0}","[""__key__"", ""__value__"", ""__value__[]""]",[],[],[],[],[],[],[],[],[],[],unknown,
correlation/corr_res_kendall_split_and_fill/human_3_human_1.json,14,"[""__key__"", ""__value__""]","{""__key__"": 1.0, ""__value__"": 1.0}","[""__key__"", ""__value__"", ""__value__[]""]",[],[],[],[],[],[],[],[],[],[],unknown,
correlation/corr_res_kendall_split_and_fill/human_3_human_2.json,14,"[""__key__"", ""__value__""]","{""__key__"": 1.0, ""__value__"": 1.0}","[""__key__"", ""__value__"", ""__value__[]""]",[],[],[],[],[],[],[],[],[],[],unknown,
correlation/corr_res_kendall_split_and_fill/human_3_human_3.json,14,"[""__key__"", ""__value__""]","{""__key__"": 1.0, ""__value__"": 1.0}","[""__key__"", ""__value__"", ""__value__[]""]",[],[],[],[],[],[],[],[],[],[],unknown,
correlation/corr_res_kendall_split_and_fill/human_3_human_mean.json,14,"[""__key__"", ""__value__""]","{""__key__"": 1.0, ""__value__"": 1.0}","[""__key__"", ""__value__"", ""__value__[]""]",[],[],[],[],[],[],[],[],[],[],unknown,
correlation/corr_res_kendall_split_and_fill/human_3_qwq-plus.json,14,"[""__key__"", ""__value__""]","{""__key__"": 1.0, ""__value__"": 1.0}","[""__key__"", ""__value__"", ""__value__[]""]",[],[],[],[],[],[],[],[],[],[],unknown,
correlation/corr_res_kendall_split_and_fill/human_mean_EduBenchEvaluator.json,14,"[""__key__"", ""__value__""]","{""__key__"": 1.0, ""__value__"": 1.0}","[""__key__"", ""__value__"", ""__value__[]""]",[],[],[],[],[],[],[],[],[],[],llm_judge_output,
correlation/corr_res_kendall_split_and_fill/human_mean_deepseek-r1.json,14,"[""__key__"", ""__value__""]","{""__key__"": 1.0, ""__value__"": 1.0}","[""__key__"", ""__value__"", ""__value__[]""]",[],[],[],[],[],[],[],[],[],[],unknown,
correlation/corr_res_kendall_split_and_fill/human_mean_deepseek-v3.json,14,"[""__key__"", ""__value__""]","{""__key__"": 1.0, ""__value__"": 1.0}","[""__key__"", ""__value__"", ""__value__[]""]",[],[],[],[],[],[],[],[],[],[],unknown,
correlation/corr_res_kendall_split_and_fill/human_mean_gpt-4o.json,14,"[""__key__"", ""__value__""]","{""__key__"": 1.0, ""__value__"": 1.0}","[""__key__"", ""__value__"", ""__value__[]""]",[],[],[],[],[],[],[],[],[],[],unknown,
correlation/corr_res_kendall_split_and_fill/human_mean_human_1.json,14,"[""__key__"", ""__value__""]","{""__key__"": 1.0, ""__value__"": 1.0}","[""__key__"", ""__value__"", ""__value__[]""]",[],[],[],[],[],[],[],[],[],[],unknown,
correlation/corr_res_kendall_split_and_fill/human_mean_human_2.json,14,"[""__key__"", ""__value__""]","{""__key__"": 1.0, ""__value__"": 1.0}","[""__key__"", ""__value__"", ""__value__[]""]",[],[],[],[],[],[],[],[],[],[],unknown,
correlation/corr_res_kendall_split_and_fill/human_mean_human_3.json,14,"[""__key__"", ""__value__""]","{""__key__"": 1.0, ""__value__"": 1.0}","[""__key__"", ""__value__"", ""__value__[]""]",[],[],[],[],[],[],[],[],[],[],unknown,
correlation/corr_res_kendall_split_and_fill/human_mean_human_mean.json,14,"[""__key__"", ""__value__""]","{""__key__"": 1.0, ""__value__"": 1.0}","[""__key__"", ""__value__"", ""__value__[]""]",[],[],[],[],[],[],[],[],[],[],unknown,
correlation/corr_res_kendall_split_and_fill/human_mean_qwq-plus.json,14,"[""__key__"", ""__value__""]","{""__key__"": 1.0, ""__value__"": 1.0}","[""__key__"", ""__value__"", ""__value__[]""]",[],[],[],[],[],[],[],[],[],[],unknown,
correlation/corr_res_kendall_split_and_fill/qwq-plus_EduBenchEvaluator.json,14,"[""__key__"", ""__value__""]","{""__key__"": 1.0, ""__value__"": 1.0}","[""__key__"", ""__value__"", ""__value__[]""]",[],[],[],[],[],[],[],[],[],[],llm_judge_output,
correlation/corr_res_kendall_split_and_fill/qwq-plus_deepseek-r1.json,14,"[""__key__"", ""__value__""]","{""__key__"": 1.0, ""__value__"": 1.0}","[""__key__"", ""__value__"", ""__value__[]""]",[],[],[],[],[],[],[],[],[],[],unknown,
correlation/corr_res_kendall_split_and_fill/qwq-plus_deepseek-v3.json,14,"[""__key__"", ""__value__""]","{""__key__"": 1.0, ""__value__"": 1.0}","[""__key__"", ""__value__"", ""__value__[]""]",[],[],[],[],[],[],[],[],[],[],unknown,
correlation/corr_res_kendall_split_and_fill/qwq-plus_gpt-4o.json,14,"[""__key__"", ""__value__""]","{""__key__"": 1.0, ""__value__"": 1.0}","[""__key__"", ""__value__"", ""__value__[]""]",[],[],[],[],[],[],[],[],[],[],unknown,
correlation/corr_res_kendall_split_and_fill/qwq-plus_human_1.json,14,"[""__key__"", ""__value__""]","{""__key__"": 1.0, ""__value__"": 1.0}","[""__key__"", ""__value__"", ""__value__[]""]",[],[],[],[],[],[],[],[],[],[],unknown,
correlation/corr_res_kendall_split_and_fill/qwq-plus_human_2.json,14,"[""__key__"", ""__value__""]","{""__key__"": 1.0, ""__value__"": 1.0}","[""__key__"", ""__value__"", ""__value__[]""]",[],[],[],[],[],[],[],[],[],[],unknown,
correlation/corr_res_kendall_split_and_fill/qwq-plus_human_3.json,14,"[""__key__"", ""__value__""]","{""__key__"": 1.0, ""__value__"": 1.0}","[""__key__"", ""__value__"", ""__value__[]""]",[],[],[],[],[],[],[],[],[],[],unknown,
correlation/corr_res_kendall_split_and_fill/qwq-plus_human_mean.json,14,"[""__key__"", ""__value__""]","{""__key__"": 1.0, ""__value__"": 1.0}","[""__key__"", ""__value__"", ""__value__[]""]",[],[],[],[],[],[],[],[],[],[],unknown,
correlation/corr_res_kendall_split_and_fill/qwq-plus_qwq-plus.json,14,"[""__key__"", ""__value__""]","{""__key__"": 1.0, ""__value__"": 1.0}","[""__key__"", ""__value__"", ""__value__[]""]",[],[],[],[],[],[],[],[],[],[],unknown,
deepseek-r1_merged.jsonl,990,"[""model"", ""question"", ""response"", ""score""]","{""model"": 1.0, ""question"": 1.0, ""response"": 1.0, ""score"": 1.0}","[""model"", ""question"", ""response"", ""score"", ""score.Basic Factual Accuracy"", ""score.Clarity, Simplicity & Inspiration"", ""score.Content Relevance & Scope Control"", ""score.Domain Knowledge Accuracy"", ""score.Error Identification & Correction Precision"", ""score.Higher-Order Thinking & Skill Development"", ""score.Instruction Following & Task Completion"", ""score.Motivation, Guidance & Positive Feedback"", ""score.Personalization, Adaptation & Learning Support"", ""score.Reasoning Process Rigor"", ""score.Role & Tone Consistency"", ""score.Scenario Element Integration"", ""score.个性化适应与学习支持"", ""score.促进高阶思维与能力发展"", ""score.内容相关性与范围控制"", ""score.场景要素融合度"", ""score.基础事实准确性"", ""score.指令遵循与任务完成"", ""score.推理过程严谨性"", ""score.清晰易懂与表达启发"", ""score.激励引导与积极反馈"", ""score.角色与口吻一致性"", ""score.错误识别与纠正精确性"", ""score.领域知识专业性""]","[""score""]","[""question""]","[""response""]",[],[],[],[],"[""model""]",[],[],unknown,
deepseek_output/deepseek_generated_20251124_204411.jsonl,164,"[""GenerationIndex"", ""GenerationTime"", ""GradingCriteria"", ""Language"", ""Level"", ""PersonalizedFeedback"", ""Question"", ""QuestionType"", ""Score"", ""ScoringDetails"", ""StandardAnswer"", ""StudentAnswer"", ""Subject""]","{""GenerationIndex"": 1.0, ""GenerationTime"": 1.0, ""GradingCriteria"": 1.0, ""Language"": 1.0, ""Level"": 1.0, ""PersonalizedFeedback"": 1.0, ""Question"": 1.0, ""QuestionType"": 1.0, ""Score"": 1.0, ""ScoringDetails"": 1.0, ""StandardAnswer"": 1.0, ""StudentAnswer"": 1.0, ""Subject"": 1.0}","[""GenerationIndex"", ""GenerationTime"", ""GradingCriteria"", ""Language"", ""Level"", ""PersonalizedFeedback"", ""Question"", ""QuestionType"", ""Score"", ""ScoringDetails"", ""StandardAnswer"", ""StudentAnswer"", ""Subject""]","[""Score""]","[""Question"", ""QuestionType""]","[""StandardAnswer"", ""StudentAnswer""]","[""GradingCriteria""]","[""Subject""]",[],"[""Language""]",[],[],[],unknown,
deepseek_output/en_judge_20251109_221657.jsonl,173,"[""GenerationIndex"", ""GenerationTime"", ""GradingCriteria"", ""Language"", ""Level"", ""PersonalizedFeedback"", ""Question"", ""QuestionType"", ""Score"", ""ScoringDetails"", ""StandardAnswer"", ""StudentAnswer"", ""Subject""]","{""GenerationIndex"": 1.0, ""GenerationTime"": 1.0, ""GradingCriteria"": 1.0, ""Language"": 1.0, ""Level"": 1.0, ""PersonalizedFeedback"": 1.0, ""Question"": 1.0, ""QuestionType"": 1.0, ""Score"": 1.0, ""ScoringDetails"": 1.0, ""StandardAnswer"": 1.0, ""StudentAnswer"": 1.0, ""Subject"": 1.0}","[""GenerationIndex"", ""GenerationTime"", ""GradingCriteria"", ""Language"", ""Level"", ""PersonalizedFeedback"", ""Question"", ""QuestionType"", ""Score"", ""ScoringDetails"", ""StandardAnswer"", ""StudentAnswer"", ""Subject""]","[""Score""]","[""Question"", ""QuestionType""]","[""StandardAnswer"", ""StudentAnswer""]","[""GradingCriteria""]","[""Subject""]",[],"[""Language""]",[],[],[],llm_judge_output,
deepseek_output/judge-1-process.jsonl,189,"[""GradingCriteria"", ""Language"", ""Level"", ""PersonalizedFeedback"", ""Question"", ""QuestionType"", ""Score"", ""ScoringDetails"", ""StandardAnswer"", ""StudentAnswer"", ""Subject""]","{""GradingCriteria"": 1.0, ""Language"": 1.0, ""Level"": 1.0, ""PersonalizedFeedback"": 1.0, ""Question"": 1.0, ""QuestionType"": 1.0, ""Score"": 1.0, ""ScoringDetails"": 1.0, ""StandardAnswer"": 1.0, ""StudentAnswer"": 1.0, ""Subject"": 1.0}","[""GradingCriteria"", ""Language"", ""Level"", ""PersonalizedFeedback"", ""Question"", ""QuestionType"", ""Score"", ""ScoringDetails"", ""StandardAnswer"", ""StudentAnswer"", ""Subject""]","[""Score""]","[""Question"", ""QuestionType""]","[""StandardAnswer"", ""StudentAnswer""]","[""GradingCriteria""]","[""Subject""]",[],"[""Language""]",[],[],[],llm_judge_output,
deepseek_output/judge-2-process.jsonl,186,"[""EducationalLevel"", ""GradingCriteria"", ""Language"", ""PersonalizedFeedback"", ""Question"", ""QuestionType"", ""Score"", ""ScoringDetails"", ""StandardAnswer"", ""StudentAnswer"", ""Subject""]","{""EducationalLevel"": 1.0, ""GradingCriteria"": 1.0, ""Language"": 1.0, ""PersonalizedFeedback"": 1.0, ""Question"": 1.0, ""QuestionType"": 1.0, ""Score"": 1.0, ""ScoringDetails"": 1.0, ""StandardAnswer"": 1.0, ""StudentAnswer"": 1.0, ""Subject"": 1.0}","[""EducationalLevel"", ""GradingCriteria"", ""Language"", ""PersonalizedFeedback"", ""Question"", ""QuestionType"", ""Score"", ""ScoringDetails"", ""StandardAnswer"", ""StudentAnswer"", ""Subject""]","[""Score""]","[""Question"", ""QuestionType""]","[""StandardAnswer"", ""StudentAnswer""]","[""GradingCriteria""]","[""Subject""]",[],"[""Language""]",[],[],[],llm_judge_output,
deepseek_output/processed_excel_data_1.jsonl,129,"[""id"", ""level"", ""model"", ""question"", ""response"", ""scores""]","{""id"": 1.0, ""level"": 1.0, ""model"": 1.0, ""question"": 1.0, ""response"": 1.0, ""scores"": 1.0}","[""id"", ""level"", ""model"", ""question"", ""response"", ""scores"", ""scores[]"", ""scores[].criterion"", ""scores[].reason"", ""scores[].score""]","[""scores""]","[""question""]","[""response""]",[],[],[],[],"[""model""]",[],[],unknown,
deepseek_output/processed_excel_data_1_en.jsonl,64,"[""id"", ""level"", ""model"", ""question"", ""response"", ""scores""]","{""id"": 1.0, ""level"": 1.0, ""model"": 1.0, ""question"": 1.0, ""response"": 1.0, ""scores"": 1.0}","[""id"", ""level"", ""model"", ""question"", ""response"", ""scores"", ""scores[]"", ""scores[].criterion"", ""scores[].reason"", ""scores[].score""]","[""scores""]","[""question""]","[""response""]",[],[],[],[],"[""model""]",[],[],unknown,
deepseek_output/processed_excel_data_1_zh.jsonl,65,"[""id"", ""level"", ""model"", ""question"", ""response"", ""scores""]","{""id"": 1.0, ""level"": 1.0, ""model"": 1.0, ""question"": 1.0, ""response"": 1.0, ""scores"": 1.0}","[""id"", ""level"", ""model"", ""question"", ""response"", ""scores"", ""scores[]"", ""scores[].criterion"", ""scores[].reason"", ""scores[].score""]","[""scores""]","[""question""]","[""response""]",[],[],[],[],"[""model""]",[],[],unknown,
deepseek_output/processed_excel_data_2.jsonl,659,"[""model"", ""principle"", ""question"", ""reason"", ""response"", ""score""]","{""model"": 1.0, ""principle"": 1.0, ""question"": 1.0, ""reason"": 1.0, ""response"": 1.0, ""score"": 1.0}","[""model"", ""principle"", ""question"", ""reason"", ""response"", ""score""]","[""score""]","[""question""]","[""response""]","[""principle""]",[],[],[],"[""model""]",[],[],unknown,
deepseek_output/processed_excel_data_2_en.jsonl,331,"[""model"", ""principle"", ""question"", ""reason"", ""response"", ""score""]","{""model"": 1.0, ""principle"": 1.0, ""question"": 1.0, ""reason"": 1.0, ""response"": 1.0, ""score"": 1.0}","[""model"", ""principle"", ""question"", ""reason"", ""response"", ""score""]","[""score""]","[""question""]","[""response""]","[""principle""]",[],[],[],"[""model""]",[],[],unknown,
deepseek_output/processed_excel_data_2_zh.jsonl,328,"[""model"", ""principle"", ""question"", ""reason"", ""response"", ""score""]","{""model"": 1.0, ""principle"": 1.0, ""question"": 1.0, ""reason"": 1.0, ""response"": 1.0, ""score"": 1.0}","[""model"", ""principle"", ""question"", ""reason"", ""response"", ""score""]","[""score""]","[""question""]","[""response""]","[""principle""]",[],[],[],"[""model""]",[],[],unknown,
deepseek_output/unique_questions.jsonl,25,"[""GradingCriteria"", ""Language"", ""Level"", ""PersonalizedFeedback"", ""Question"", ""QuestionType"", ""Score"", ""ScoringDetails"", ""StandardAnswer"", ""StudentAnswer"", ""Subject""]","{""GradingCriteria"": 1.0, ""Language"": 1.0, ""Level"": 1.0, ""PersonalizedFeedback"": 1.0, ""Question"": 1.0, ""QuestionType"": 1.0, ""Score"": 1.0, ""ScoringDetails"": 1.0, ""StandardAnswer"": 1.0, ""StudentAnswer"": 1.0, ""Subject"": 1.0}","[""GradingCriteria"", ""Language"", ""Level"", ""PersonalizedFeedback"", ""Question"", ""QuestionType"", ""Score"", ""ScoringDetails"", ""StandardAnswer"", ""StudentAnswer"", ""Subject""]","[""Score""]","[""Question"", ""QuestionType""]","[""StandardAnswer"", ""StudentAnswer""]","[""GradingCriteria""]","[""Subject""]",[],"[""Language""]",[],[],[],unknown,
deepseek_output/zh_judge_20251109_223622.jsonl,234,"[""GenerationIndex"", ""GenerationTime"", ""GradingCriteria"", ""Language"", ""Level"", ""PersonalizedFeedback"", ""Question"", ""QuestionType"", ""Score"", ""ScoringDetails"", ""StandardAnswer"", ""StudentAnswer"", ""Subject""]","{""GenerationIndex"": 1.0, ""GenerationTime"": 1.0, ""GradingCriteria"": 1.0, ""Language"": 1.0, ""Level"": 1.0, ""PersonalizedFeedback"": 1.0, ""Question"": 1.0, ""QuestionType"": 1.0, ""Score"": 1.0, ""ScoringDetails"": 1.0, ""StandardAnswer"": 1.0, ""StudentAnswer"": 1.0, ""Subject"": 1.0}","[""GenerationIndex"", ""GenerationTime"", ""GradingCriteria"", ""Language"", ""Level"", ""PersonalizedFeedback"", ""Question"", ""QuestionType"", ""Score"", ""ScoringDetails"", ""StandardAnswer"", ""StudentAnswer"", ""Subject""]","[""Score""]","[""Question"", ""QuestionType""]","[""StandardAnswer"", ""StudentAnswer""]","[""GradingCriteria""]","[""Subject""]",[],"[""Language""]",[],[],[],llm_judge_output,
download_raw/deepseek-r1_merged.jsonl,990,"[""model"", ""question"", ""response"", ""score""]","{""model"": 1.0, ""question"": 1.0, ""response"": 1.0, ""score"": 1.0}","[""model"", ""question"", ""response"", ""score"", ""score.Basic Factual Accuracy"", ""score.Clarity, Simplicity & Inspiration"", ""score.Content Relevance & Scope Control"", ""score.Domain Knowledge Accuracy"", ""score.Error Identification & Correction Precision"", ""score.Higher-Order Thinking & Skill Development"", ""score.Instruction Following & Task Completion"", ""score.Motivation, Guidance & Positive Feedback"", ""score.Personalization, Adaptation & Learning Support"", ""score.Reasoning Process Rigor"", ""score.Role & Tone Consistency"", ""score.Scenario Element Integration"", ""score.个性化适应与学习支持"", ""score.促进高阶思维与能力发展"", ""score.内容相关性与范围控制"", ""score.场景要素融合度"", ""score.基础事实准确性"", ""score.指令遵循与任务完成"", ""score.推理过程严谨性"", ""score.清晰易懂与表达启发"", ""score.激励引导与积极反馈"", ""score.角色与口吻一致性"", ""score.错误识别与纠正精确性"", ""score.领域知识专业性""]","[""score""]","[""question""]","[""response""]",[],[],[],[],"[""model""]",[],[],official_raw,
download_raw/deepseek-r1_pointwise_filtered_en_data_sampled.jsonl,495,"[""model"", ""question"", ""response"", ""score""]","{""model"": 1.0, ""question"": 1.0, ""response"": 1.0, ""score"": 1.0}","[""model"", ""question"", ""response"", ""score""]","[""score""]","[""question""]","[""response""]",[],[],[],[],"[""model""]",[],[],synthetic_or_augmented,
download_raw/deepseek-r1_pointwise_filtered_zh_data_sampled.jsonl,495,"[""model"", ""question"", ""response"", ""score""]","{""model"": 1.0, ""question"": 1.0, ""response"": 1.0, ""score"": 1.0}","[""model"", ""question"", ""response"", ""score""]","[""score""]","[""question""]","[""response""]",[],[],[],[],"[""model""]",[],[],synthetic_or_augmented,
download_raw/deepseek-v3_merged.jsonl,990,"[""model"", ""question"", ""response"", ""score""]","{""model"": 1.0, ""question"": 1.0, ""response"": 1.0, ""score"": 1.0}","[""model"", ""question"", ""response"", ""score"", ""score.Basic Factual Accuracy"", ""score.Basic_Factual_Accuracy"", ""score.Clarity, Simplicity & Inspiration"", ""score.Content Relevance & Scope Control"", ""score.Content_Relevance_&_Scope_Control"", ""score.Domain Knowledge Accuracy"", ""score.Error Identification & Correction Precision"", ""score.Error_Identification_&_Correction_Precision"", ""score.Higher-Order Thinking & Skill Development"", ""score.Instruction Following & Task Completion"", ""score.Instruction_Following_&_Task_Completion"", ""score.Motivation, Guidance & Positive Feedback"", ""score.Motivation,_Guidance_&_Positive_Feedback"", ""score.Personalization, Adaptation & Learning Support"", ""score.Reasoning Process Rigor"", ""score.Reasoning_Process_Rigor"", ""score.Role & Tone Consistency"", ""score.Scenario Element Integration"", ""score.个性化适应与学习支持"", ""score.促进高阶思维与能力发展"", ""score.内容相关性与范围控制"", ""score.场景要素融合度"", ""score.基础事实准确性"", ""score.指令遵循与任务完成"", ""score.推理过程严谨性"", ""score.清晰易懂与表达启发"", ""score.激励引导与积极反馈"", ""score.角色与口吻一致性"", ""score.错误识别与纠正精确性"", ""score.领域知识专业性""]","[""score""]","[""question""]","[""response""]",[],[],[],[],"[""model""]",[],[],official_raw,
download_raw/deepseek-v3_pointwise_filtered_en_data_sampled.jsonl,495,"[""model"", ""question"", ""response"", ""score""]","{""model"": 1.0, ""question"": 1.0, ""response"": 1.0, ""score"": 1.0}","[""model"", ""question"", ""response"", ""score""]","[""score""]","[""question""]","[""response""]",[],[],[],[],"[""model""]",[],[],synthetic_or_augmented,
download_raw/deepseek-v3_pointwise_filtered_zh_data_sampled.jsonl,495,"[""model"", ""question"", ""response"", ""score""]","{""model"": 1.0, ""question"": 1.0, ""response"": 1.0, ""score"": 1.0}","[""model"", ""question"", ""response"", ""score""]","[""score""]","[""question""]","[""response""]",[],[],[],[],"[""model""]",[],[],synthetic_or_augmented,
download_raw/gpt-4o_merged.jsonl,990,"[""model"", ""question"", ""response"", ""score""]","{""model"": 1.0, ""question"": 1.0, ""response"": 1.0, ""score"": 1.0}","[""model"", ""question"", ""response"", ""score"", ""score.Basic Factual Accuracy"", ""score.Clarity, Simplicity & Inspiration"", ""score.Content Relevance & Scope Control"", ""score.Domain Knowledge Accuracy"", ""score.Error Identification & Correction Precision"", ""score.Higher-Order Thinking & Skill Development"", ""score.Instruction Following & Task Completion"", ""score.Motivation, Guidance & Positive Feedback"", ""score.Personalization, Adaptation & Learning Support"", ""score.Reasoning Process Rigor"", ""score.Role & Tone Consistency"", ""score.Scenario Element Integration"", ""score.个性化适应与学习支持"", ""score.促进高阶思维与能力发展"", ""score.内容相关性与范围控制"", ""score.场景要素融合度"", ""score.基础事实准确性"", ""score.指令遵循与任务完成"", ""score.推理过程严谨性"", ""score.清晰易懂与表达启发"", ""score.激励引导与积极反馈"", ""score.角色与口吻一致性"", ""score.错误识别与纠正精确性"", ""score.领域知识专业性""]","[""score""]","[""question""]","[""response""]",[],[],[],[],"[""model""]",[],[],official_raw,
download_raw/gpt-4o_pointwise_filtered_en_data_sampled.jsonl,495,"[""model"", ""question"", ""response"", ""score""]","{""model"": 1.0, ""question"": 1.0, ""response"": 1.0, ""score"": 1.0}","[""model"", ""question"", ""response"", ""score""]","[""score""]","[""question""]","[""response""]",[],[],[],[],"[""model""]",[],[],synthetic_or_augmented,
download_raw/gpt-4o_pointwise_filtered_zh_data_sampled.jsonl,495,"[""model"", ""question"", ""response"", ""score""]","{""model"": 1.0, ""question"": 1.0, ""response"": 1.0, ""score"": 1.0}","[""model"", ""question"", ""response"", ""score""]","[""score""]","[""question""]","[""response""]",[],[],[],[],"[""model""]",[],[],synthetic_or_augmented,
download_raw/grouped_by_metric.jsonl,240,"[""average_score"", ""eval_model"", ""gen_model"", ""metrics""]","{""average_score"": 1.0, ""eval_model"": 1.0, ""gen_model"": 1.0, ""metrics"": 1.0}","[""average_score"", ""eval_model"", ""gen_model"", ""metrics""]","[""average_score""]",[],[],"[""metrics""]",[],[],[],"[""eval_model"", ""gen_model""]",[],"[""eval_model""]",official_raw,
download_raw/grouped_by_task.jsonl,180,"[""average_score"", ""eval_model"", ""gen_model"", ""task""]","{""average_score"": 1.0, ""eval_model"": 1.0, ""gen_model"": 1.0, ""task"": 1.0}","[""average_score"", ""eval_model"", ""gen_model"", ""task""]","[""average_score""]",[],[],[],[],"[""task""]",[],"[""eval_model"", ""gen_model""]",[],"[""eval_model""]",official_raw,
download_raw/qwq-plus_merged.jsonl,990,"[""model"", ""question"", ""response"", ""score""]","{""model"": 1.0, ""question"": 1.0, ""response"": 1.0, ""score"": 1.0}","[""model"", ""question"", ""response"", ""score"", ""score.Accuracy"", ""score.Accuracy_of_Definition"", ""score.Additional (if needed)"", ""score.Basic Factual Accuracy"", ""score.Clarity"", ""score.Clarity, Simplicity & Inspiration"", ""score.Comprehensensiveness_of_Answer"", ""score.Comprehension"", ""score.Content Relevance & Scope Control"", ""score.Depth"", ""score.Domain Knowledge Accuracy"", ""score.Error Identification & Correction Precision"", ""score.Explanation_Clarity"", ""score.Formatting Compliance"", ""score.Higher-Order Thinking & Skill Development"", ""score.Instruction Following & Task Completion"", ""score.Motivation, Guidance & Positive Feedback"", ""score.Personalization, Adaptation & Learning Support"", ""score.Reasoning Process Rigor"", ""score.Relevance_of_Example"", ""score.Role & Tone Consistency"", ""score.Scenario Element Integration"", ""score.个性化适应与学习支持"", ""score.促进高阶思维与能力发展"", ""score.内容相关性与范围控制"", ""score.场景要素融合度"", ""score.基础事实准确性"", ""score.指令遵循与任务完成"", ""score.推理过程严谨性"", ""score.清晰易懂与表达启发"", ""score.激励引导与积极反馈"", ""score.角色与口吻一致性"", ""score.错误识别与纠正精确性"", ""score.领域知识专业性"", ""score.（保留示例中的第四项但无需评分）""]","[""score""]","[""question""]","[""response""]",[],[],[],[],"[""model""]",[],[],official_raw,
download_raw/qwq-plus_pointwise_filtered_en_data_sampled.jsonl,495,"[""model"", ""question"", ""response"", ""score""]","{""model"": 1.0, ""question"": 1.0, ""response"": 1.0, ""score"": 1.0}","[""model"", ""question"", ""response"", ""score""]","[""score""]","[""question""]","[""response""]",[],[],[],[],"[""model""]",[],[],synthetic_or_augmented,
download_raw/qwq-plus_pointwise_filtered_zh_data_sampled.jsonl,495,"[""model"", ""question"", ""response"", ""score""]","{""model"": 1.0, ""question"": 1.0, ""response"": 1.0, ""score"": 1.0}","[""model"", ""question"", ""response"", ""score""]","[""score""]","[""question""]","[""response""]",[],[],[],[],"[""model""]",[],[],synthetic_or_augmented,
edu-data-synthesis-main/data/criteria/metrics_en_whiten.json,12,"[""__key__"", ""description"", ""name"", ""rules""]","{""__key__"": 1.0, ""description"": 1.0, ""name"": 1.0, ""rules"": 1.0}","[""__key__"", ""description"", ""name"", ""rules"", ""rules[]""]",[],[],[],[],[],[],[],[],[],[],unknown,
edu-data-synthesis-main/data/criteria/metrics_map.json,9,"[""__key__"", ""__value__""]","{""__key__"": 1.0, ""__value__"": 1.0}","[""__key__"", ""__value__"", ""__value__[]""]",[],[],[],[],[],[],[],[],[],[],script_or_config,
edu-data-synthesis-main/data/criteria/metrics_old.json,3,"[""description"", ""metric"", ""sub_metrics""]","{""description"": 1.0, ""metric"": 1.0, ""sub_metrics"": 1.0}","[""description"", ""metric"", ""sub_metrics"", ""sub_metrics[]"", ""sub_metrics[].description"", ""sub_metrics[].levels"", ""sub_metrics[].levels[]"", ""sub_metrics[].metric""]",[],[],[],"[""metric"", ""sub_metrics""]",[],[],[],[],[],[],unknown,
edu-data-synthesis-main/data/criteria/metrics_zh_whiten.json,12,"[""__key__"", ""description"", ""name"", ""rules""]","{""__key__"": 1.0, ""description"": 1.0, ""name"": 1.0, ""rules"": 1.0}","[""__key__"", ""description"", ""name"", ""rules"", ""rules[]""]",[],[],[],[],[],[],[],[],[],[],unknown,
edu-data-synthesis-main/data/eval_data/eval_samples.jsonl,3100,"[""eval"", ""gen"", ""id"", ""language"", ""message"", ""scores"", ""task""]","{""eval"": 1.0, ""gen"": 1.0, ""id"": 1.0, ""language"": 1.0, ""message"": 1.0, ""scores"": 1.0, ""task"": 1.0}","[""eval"", ""gen"", ""id"", ""language"", ""message"", ""message[]"", ""message[].content"", ""message[].role"", ""scores"", ""scores[]"", ""scores[].criterion"", ""scores[].reason"", ""scores[].score"", ""task""]","[""scores""]",[],[],[],[],"[""task""]","[""language""]",[],[],"[""eval""]",unknown,
edu-data-synthesis-main/data/eval_data/train_eval_data.jsonl,1782,"[""eval"", ""gen"", ""id"", ""language"", ""message"", ""scores"", ""task""]","{""eval"": 1.0, ""gen"": 1.0, ""id"": 1.0, ""language"": 1.0, ""message"": 1.0, ""scores"": 1.0, ""task"": 1.0}","[""eval"", ""gen"", ""id"", ""language"", ""message"", ""message[]"", ""message[].content"", ""message[].role"", ""scores"", ""scores[]"", ""scores[].criterion"", ""scores[].reason"", ""scores[].score"", ""task""]","[""scores""]",[],[],[],[],"[""task""]","[""language""]",[],[],"[""eval""]",unknown,
edu-data-synthesis-main/data/eval_data/val_eval_data.jsonl,1188,"[""eval"", ""gen"", ""id"", ""language"", ""message"", ""scores"", ""task""]","{""eval"": 1.0, ""gen"": 1.0, ""id"": 1.0, ""language"": 1.0, ""message"": 1.0, ""scores"": 1.0, ""task"": 1.0}","[""eval"", ""gen"", ""id"", ""language"", ""message"", ""message[]"", ""message[].content"", ""message[].role"", ""scores"", ""scores[]"", ""scores[].criterion"", ""scores[].reason"", ""scores[].score"", ""task""]","[""scores""]",[],[],[],[],"[""task""]","[""language""]",[],[],"[""eval""]",unknown,
edu-data-synthesis-main/data/scenario/scenarios_en.json,9,"[""__key__"", ""description"", ""task""]","{""__key__"": 1.0, ""description"": 1.0, ""task"": 1.0}","[""__key__"", ""description"", ""task""]",[],[],[],[],[],"[""task""]",[],[],[],[],unknown,
edu-data-synthesis-main/data/scenario/scenarios_zh.json,9,"[""__key__"", ""description"", ""task""]","{""__key__"": 1.0, ""description"": 1.0, ""task"": 1.0}","[""__key__"", ""description"", ""task""]",[],[],[],[],[],"[""task""]",[],[],[],[],unknown,
edu-data-synthesis-main/data/zh/cjeval.jsonl,26136,"[""analysis"", ""answer"", ""difficulty"", ""knowledges"", ""level"", ""question"", ""source"", ""subject"", ""type""]","{""analysis"": 1.0, ""answer"": 1.0, ""difficulty"": 1.0, ""knowledges"": 1.0, ""level"": 1.0, ""question"": 1.0, ""source"": 1.0, ""subject"": 1.0, ""type"": 1.0}","[""analysis"", ""analysis.(1)"", ""analysis.(2)"", ""analysis.(3)"", ""analysis.(4)"", ""analysis.0"", ""analysis.1"", ""analysis.2"", ""analysis.3"", ""analysis.4"", ""analysis.5"", ""analysis.6"", ""analysis.7"", ""analysis.改写后解析"", ""analysis.（1）"", ""analysis.（2）"", ""analysis.（3）"", ""analysis[]"", ""analysis[].answer"", ""analysis[].question"", ""answer"", ""answer[]"", ""answer[].(1)"", ""answer[].(2)"", ""answer[].1"", ""answer[].2"", ""answer[].3"", ""answer[].a"", ""answer[].b"", ""answer[].c"", ""answer[].β的值"", ""answer[].主要成分"", ""answer[].双腿酸痛原因"", ""answer[].反应方程式"", ""answer[].头晕乏力缓解解释"", ""answer[].消化开始部位"", ""answer[].溶质质量分数"", ""answer[].组编号"", ""answer[].谷薯类食物主要含有"", ""answer[].青少年饮食建议"", ""answer[].（1）"", ""answer[].（2）"", ""answer[][]"", ""difficulty"", ""knowledges"", ""knowledges[]"", ""level"", ""question"", ""question.ques_analyze"", ""question.ques_answer"", ""question.ques_content"", ""question.ques_type"", ""question.段落"", ""question.段落[]"", ""question.选项"", ""question.选项[]"", ""question.问题"", ""question.问题[]"", ""question.题目"", ""question.题目内容"", ""source"", ""subject"", ""type""]",[],"[""question""]","[""answer""]",[],"[""knowledges"", ""subject""]",[],[],[],[],[],unknown,
edu-data-synthesis-main/data/zh/gaokao-bench.jsonl,3126,"[""analysis"", ""answer"", ""category"", ""level"", ""question"", ""score"", ""source"", ""subject"", ""type"", ""year""]","{""analysis"": 1.0, ""answer"": 1.0, ""category"": 1.0, ""level"": 1.0, ""question"": 1.0, ""score"": 1.0, ""source"": 1.0, ""subject"": 1.0, ""type"": 1.0, ""year"": 1.0}","[""analysis"", ""answer"", ""answer[]"", ""category"", ""level"", ""question"", ""score"", ""source"", ""subject"", ""type"", ""year""]","[""score""]","[""question""]","[""answer""]",[],"[""subject""]",[],[],[],[],[],unknown,
edu-data-synthesis-main/init_workflows/init_evaluation_workflow_1_1.json,4,"[""__key__"", ""__value__"", ""evaluate_0"", ""input"", ""output""]","{""__key__"": 1.0, ""__value__"": 0.75, ""evaluate_0"": 0.25, ""input"": 0.25, ""output"": 0.25}","[""__key__"", ""__value__"", ""__value__[]"", ""__value__[][]"", ""evaluate_0"", ""evaluate_0.class_module"", ""evaluate_0.class_name"", ""evaluate_0.model_name"", ""evaluate_0.name"", ""input"", ""input.class_module"", ""input.class_name"", ""input.model_name"", ""input.name"", ""output"", ""output.class_module"", ""output.class_name"", ""output.model_name"", ""output.name""]","[""evaluate_0""]",[],"[""output""]",[],[],[],[],[],[],"[""evaluate_0"", ""evaluate_0.class_module"", ""evaluate_0.class_name"", ""evaluate_0.model_name"", ""evaluate_0.name""]",unknown,
edu-data-synthesis-main/test_workflow.json,4,"[""__key__"", ""__value__"", ""evaluate_0"", ""input"", ""output""]","{""__key__"": 1.0, ""__value__"": 0.75, ""evaluate_0"": 0.25, ""input"": 0.25, ""output"": 0.25}","[""__key__"", ""__value__"", ""__value__[]"", ""__value__[][]"", ""evaluate_0"", ""evaluate_0.class_module"", ""evaluate_0.class_name"", ""evaluate_0.fewshot_metadatas"", ""evaluate_0.model_name"", ""evaluate_0.name"", ""evaluate_0.tools"", ""input"", ""input.class_module"", ""input.class_name"", ""input.model_name"", ""input.name"", ""input.tools"", ""output"", ""output.class_module"", ""output.class_name"", ""output.model_name"", ""output.name"", ""output.tools""]","[""evaluate_0""]",[],"[""output""]",[],[],[],[],[],[],"[""evaluate_0"", ""evaluate_0.class_module"", ""evaluate_0.class_name"", ""evaluate_0.fewshot_metadatas"", ""evaluate_0.model_name"", ""evaluate_0.name"", ""evaluate_0.tools""]",unknown,
few-shots-zh-6.json,12,"[""__key__"", ""description"", ""examples"", ""name"", ""rules""]","{""__key__"": 1.0, ""description"": 1.0, ""examples"": 0.1667, ""name"": 0.8333, ""rules"": 1.0}","[""__key__"", ""description"", ""examples"", ""examples[]"", ""examples[].reason"", ""examples[].response"", ""examples[].score"", ""name"", ""rules"", ""rules[]""]",[],[],[],[],[],[],[],[],[],[],unknown,
groupby_metric_qwq_eval_en.jsonl,2709,"[""model"", ""principle"", ""question"", ""reason"", ""response"", ""score""]","{""model"": 1.0, ""principle"": 1.0, ""question"": 1.0, ""reason"": 1.0, ""response"": 1.0, ""score"": 1.0}","[""model"", ""principle"", ""question"", ""reason"", ""response"", ""score""]","[""score""]","[""question""]","[""response""]","[""principle""]",[],[],[],"[""model""]",[],[],llm_judge_output,
groupby_metric_qwq_eval_zh.jsonl,2732,"[""model"", ""principle"", ""question"", ""reason"", ""response"", ""score""]","{""model"": 1.0, ""principle"": 1.0, ""question"": 1.0, ""reason"": 1.0, ""response"": 1.0, ""score"": 1.0}","[""model"", ""principle"", ""question"", ""reason"", ""response"", ""score""]","[""score""]","[""question""]","[""response""]","[""principle""]",[],[],[],"[""model""]",[],[],llm_judge_output,
groupby_metric_r1_eval_en.jsonl,2767,"[""model"", ""principle"", ""question"", ""reason"", ""response"", ""score""]","{""model"": 1.0, ""principle"": 1.0, ""question"": 1.0, ""reason"": 1.0, ""response"": 1.0, ""score"": 1.0}","[""model"", ""principle"", ""question"", ""reason"", ""response"", ""score""]","[""score""]","[""question""]","[""response""]","[""principle""]",[],[],[],"[""model""]",[],[],llm_judge_output,
groupby_metric_r1_eval_zh.jsonl,2624,"[""model"", ""principle"", ""question"", ""reason"", ""response"", ""score""]","{""model"": 1.0, ""principle"": 1.0, ""question"": 1.0, ""reason"": 1.0, ""response"": 1.0, ""score"": 1.0}","[""model"", ""principle"", ""question"", ""reason"", ""response"", ""score""]","[""score""]","[""question""]","[""response""]","[""principle""]",[],[],[],"[""model""]",[],[],llm_judge_output,
groupby_metric_v3_eval_en.jsonl,2785,"[""model"", ""principle"", ""question"", ""reason"", ""response"", ""score""]","{""model"": 1.0, ""principle"": 1.0, ""question"": 1.0, ""reason"": 1.0, ""response"": 1.0, ""score"": 1.0}","[""model"", ""principle"", ""question"", ""reason"", ""response"", ""score""]","[""score""]","[""question""]","[""response""]","[""principle""]",[],[],[],"[""model""]",[],[],llm_judge_output,
groupby_metric_v3_eval_zh.jsonl,2805,"[""model"", ""principle"", ""question"", ""reason"", ""response"", ""score""]","{""model"": 1.0, ""principle"": 1.0, ""question"": 1.0, ""reason"": 1.0, ""response"": 1.0, ""score"": 1.0}","[""model"", ""principle"", ""question"", ""reason"", ""response"", ""score""]","[""score""]","[""question""]","[""response""]","[""principle""]",[],[],[],"[""model""]",[],[],llm_judge_output,
human_1.jsonl,3366,"[""model"", ""principle"", ""question"", ""reason"", ""response"", ""score""]","{""model"": 1.0, ""principle"": 1.0, ""question"": 1.0, ""reason"": 1.0, ""response"": 1.0, ""score"": 1.0}","[""model"", ""principle"", ""question"", ""reason"", ""response"", ""score""]","[""score""]","[""question""]","[""response""]","[""principle""]",[],[],[],"[""model""]",[],[],human_annotation,
human_2.jsonl,3366,"[""model"", ""principle"", ""question"", ""reason"", ""response"", ""score""]","{""model"": 1.0, ""principle"": 1.0, ""question"": 1.0, ""reason"": 1.0, ""response"": 1.0, ""score"": 1.0}","[""model"", ""principle"", ""question"", ""reason"", ""response"", ""score""]","[""score""]","[""question""]","[""response""]","[""principle""]",[],[],[],"[""model""]",[],[],human_annotation,
human_3.jsonl,3366,"[""model"", ""principle"", ""question"", ""reason"", ""response"", ""score""]","{""model"": 1.0, ""principle"": 1.0, ""question"": 1.0, ""reason"": 1.0, ""response"": 1.0, ""score"": 1.0}","[""model"", ""principle"", ""question"", ""reason"", ""response"", ""score""]","[""score""]","[""question""]","[""response""]","[""principle""]",[],[],[],"[""model""]",[],[],human_annotation,
human_sampled_eval_sft_criteria_test.json,3274,"[""input"", ""instruction"", ""output""]","{""input"": 1.0, ""instruction"": 1.0, ""output"": 1.0}","[""input"", ""instruction"", ""output""]",[],"[""instruction""]","[""output""]",[],[],[],[],[],[],[],synthetic_or_augmented,
merge_design.json,18,"[""__key__"", ""higher education"", ""k12 level""]","{""__key__"": 1.0, ""higher education"": 1.0, ""k12 level"": 1.0}","[""__key__"", ""higher education"", ""higher education.Applied Economics'"", ""higher education.Aquaculture'"", ""higher education.Automation'"", ""higher education.Basic Medicine'"", ""higher education.Biology'"", ""higher education.Business Administration'"", ""higher education.Chemistry'"", ""higher education.Clinical Medicine'"", ""higher education.Computer Science'"", ""higher education.Crop Science'"", ""higher education.General Pedagogy'"", ""higher education.History'"", ""higher education.Law'"", ""higher education.Literature and Art'"", ""higher education.Mathematics'"", ""higher education.Military Science'"", ""higher education.Physical Education'"", ""higher education.Physics'"", ""higher education.Psychology'"", ""higher education.Public Administration'"", ""higher education.Sociology'"", ""higher education.Theoretical Economics'"", ""higher education.临床医学'"", ""higher education.体育教育学'"", ""higher education.作物科学'"", ""higher education.公共管理学'"", ""higher education.军事学'"", ""higher education.化学'"", ""higher education.历史学'"", ""higher education.商业管理学'"", ""higher education.基础医学'"", ""higher education.应用经济学'"", ""higher education.心理学'"", ""higher education.数学'"", ""higher education.文学与艺术'"", ""higher education.普通教育学'"", ""higher education.水产养殖'"", ""higher education.法学'"", ""higher education.物理学'"", ""higher education.理论经济学'"", ""higher education.生物学'"", ""higher education.社会学'"", ""higher education.自动控制'"", ""higher education.计算机科学'"", ""k12 level"", ""k12 level.Geography'"", ""k12 level.化学'"", ""k12 level.历史'"", ""k12 level.地理'"", ""k12 level.数学'"", ""k12 level.物理'"", ""k12 level.生物'"", ""k12 level.英语'"", ""k12 level.语文'""]",[],[],[],[],[],[],[],[],[],[],unknown,
merge_human_metric.jsonl,7549,"[""eval"", ""model"", ""principle"", ""question"", ""reason"", ""response"", ""score"", ""score_mean""]","{""eval"": 1.0, ""model"": 1.0, ""principle"": 1.0, ""question"": 1.0, ""reason"": 1.0, ""response"": 1.0, ""score"": 1.0, ""score_mean"": 1.0}","[""eval"", ""model"", ""principle"", ""question"", ""reason"", ""response"", ""score"", ""score_mean""]","[""score"", ""score_mean""]","[""question""]","[""response""]","[""principle""]",[],[],[],"[""model""]",[],"[""eval""]",merged_human_metric,
merge_human_metric_strict_en.jsonl,2202,"[""eval"", ""model"", ""principle"", ""question"", ""reason"", ""response"", ""score""]","{""eval"": 1.0, ""model"": 1.0, ""principle"": 1.0, ""question"": 1.0, ""reason"": 1.0, ""response"": 1.0, ""score"": 1.0}","[""eval"", ""model"", ""principle"", ""question"", ""reason"", ""response"", ""score""]","[""score""]","[""question""]","[""response""]","[""principle""]",[],[],[],"[""model""]",[],"[""eval""]",merged_human_metric,
merge_human_metric_strict_zh.jsonl,2585,"[""eval"", ""model"", ""principle"", ""question"", ""reason"", ""response"", ""score""]","{""eval"": 1.0, ""model"": 1.0, ""principle"": 1.0, ""question"": 1.0, ""reason"": 1.0, ""response"": 1.0, ""score"": 1.0}","[""eval"", ""model"", ""principle"", ""question"", ""reason"", ""response"", ""score""]","[""score""]","[""question""]","[""response""]","[""principle""]",[],[],[],"[""model""]",[],"[""eval""]",merged_human_metric,
merge_model_metric.jsonl,6661,"[""eval"", ""model"", ""principle"", ""question"", ""reason"", ""response"", ""score"", ""score_mean""]","{""eval"": 1.0, ""model"": 1.0, ""principle"": 1.0, ""question"": 1.0, ""reason"": 1.0, ""response"": 1.0, ""score"": 1.0, ""score_mean"": 1.0}","[""eval"", ""model"", ""principle"", ""question"", ""reason"", ""response"", ""score"", ""score_mean""]","[""score"", ""score_mean""]","[""question""]","[""response""]","[""principle""]",[],[],[],"[""model""]",[],"[""eval""]",llm_judge_output,
metrics_map.json,9,"[""__key__"", ""__value__""]","{""__key__"": 1.0, ""__value__"": 1.0}","[""__key__"", ""__value__"", ""__value__[]""]",[],[],[],[],[],[],[],[],[],[],script_or_config,
qwen_output/en_judge_20251109_205311.jsonl,0,[],{},[],[],[],[],[],[],[],[],[],[],[],llm_judge_output,
report/results_merge_enriched.jsonl,5536,"[""answer"", ""anxiety_level"", ""education_level"", ""education_level_unified"", ""evaluate"", ""is_test_set"", ""knowledge_point"", ""language"", ""levels"", ""metric"", ""metric_unified"", ""model"", ""question"", ""question_type"", ""question_type_EN"", ""question_type_ZH"", ""subject"", ""subject_unified"", ""task""]","{""answer"": 1.0, ""anxiety_level"": 0.0992, ""education_level"": 1.0, ""education_level_unified"": 1.0, ""evaluate"": 1.0, ""is_test_set"": 1.0, ""knowledge_point"": 0.2583, ""language"": 1.0, ""levels"": 1.0, ""metric"": 1.0, ""metric_unified"": 1.0, ""model"": 1.0, ""question"": 1.0, ""question_type"": 0.7542, ""question_type_EN"": 1.0, ""question_type_ZH"": 1.0, ""subject"": 1.0, ""subject_unified"": 1.0, ""task"": 1.0}","[""answer"", ""anxiety_level"", ""education_level"", ""education_level_unified"", ""evaluate"", ""evaluate.EduBenchEvaluator"", ""evaluate.deepseek-r1"", ""evaluate.deepseek-v3"", ""evaluate.gpt-4o"", ""evaluate.human_1"", ""evaluate.human_2"", ""evaluate.human_3"", ""evaluate.qwq-plus"", ""is_test_set"", ""knowledge_point"", ""language"", ""levels"", ""levels[]"", ""metric"", ""metric_unified"", ""model"", ""question"", ""question_type"", ""question_type_EN"", ""question_type_ZH"", ""subject"", ""subject_unified"", ""task""]","[""evaluate""]","[""question"", ""question_type"", ""question_type_EN"", ""question_type_ZH""]","[""answer""]","[""metric"", ""metric_unified""]","[""knowledge_point"", ""subject"", ""subject_unified""]","[""task""]","[""language""]","[""model""]","[""evaluate.human_1"", ""evaluate.human_2"", ""evaluate.human_3""]","[""evaluate"", ""evaluate.EduBenchEvaluator"", ""evaluate.deepseek-r1"", ""evaluate.deepseek-v3"", ""evaluate.gpt-4o"", ""evaluate.human_1"", ""evaluate.human_2"", ""evaluate.human_3"", ""evaluate.qwq-plus""]",unknown,
report/results_test.jsonl,2218,"[""answer"", ""anxiety_level"", ""education_level"", ""education_level_unified"", ""evaluate"", ""is_test_set"", ""knowledge_point"", ""language"", ""levels"", ""metric"", ""metric_unified"", ""model"", ""question"", ""question_type"", ""question_type_EN"", ""question_type_ZH"", ""subject"", ""subject_unified"", ""task""]","{""answer"": 1.0, ""anxiety_level"": 0.0784, ""education_level"": 1.0, ""education_level_unified"": 1.0, ""evaluate"": 1.0, ""is_test_set"": 1.0, ""knowledge_point"": 0.2994, ""language"": 1.0, ""levels"": 1.0, ""metric"": 1.0, ""metric_unified"": 1.0, ""model"": 1.0, ""question"": 1.0, ""question_type"": 0.7565, ""question_type_EN"": 1.0, ""question_type_ZH"": 1.0, ""subject"": 1.0, ""subject_unified"": 1.0, ""task"": 1.0}","[""answer"", ""anxiety_level"", ""education_level"", ""education_level_unified"", ""evaluate"", ""evaluate.EduBenchEvaluator"", ""evaluate.deepseek-r1"", ""evaluate.deepseek-v3"", ""evaluate.gpt-4o"", ""evaluate.human_1"", ""evaluate.human_2"", ""evaluate.human_3"", ""evaluate.qwq-plus"", ""is_test_set"", ""knowledge_point"", ""language"", ""levels"", ""levels[]"", ""metric"", ""metric_unified"", ""model"", ""question"", ""question_type"", ""question_type_EN"", ""question_type_ZH"", ""subject"", ""subject_unified"", ""task""]","[""evaluate""]","[""question"", ""question_type"", ""question_type_EN"", ""question_type_ZH""]","[""answer""]","[""metric"", ""metric_unified""]","[""knowledge_point"", ""subject"", ""subject_unified""]","[""task""]","[""language""]","[""model""]","[""evaluate.human_1"", ""evaluate.human_2"", ""evaluate.human_3""]","[""evaluate"", ""evaluate.EduBenchEvaluator"", ""evaluate.deepseek-r1"", ""evaluate.deepseek-v3"", ""evaluate.gpt-4o"", ""evaluate.human_1"", ""evaluate.human_2"", ""evaluate.human_3"", ""evaluate.qwq-plus""]",unknown,
report/results_train.jsonl,3318,"[""answer"", ""anxiety_level"", ""education_level"", ""education_level_unified"", ""evaluate"", ""is_test_set"", ""knowledge_point"", ""language"", ""levels"", ""metric"", ""metric_unified"", ""model"", ""question"", ""question_type"", ""question_type_EN"", ""question_type_ZH"", ""subject"", ""subject_unified"", ""task""]","{""answer"": 1.0, ""anxiety_level"": 0.113, ""education_level"": 1.0, ""education_level_unified"": 1.0, ""evaluate"": 1.0, ""is_test_set"": 1.0, ""knowledge_point"": 0.2309, ""language"": 1.0, ""levels"": 1.0, ""metric"": 1.0, ""metric_unified"": 1.0, ""model"": 1.0, ""question"": 1.0, ""question_type"": 0.7526, ""question_type_EN"": 1.0, ""question_type_ZH"": 1.0, ""subject"": 1.0, ""subject_unified"": 1.0, ""task"": 1.0}","[""answer"", ""anxiety_level"", ""education_level"", ""education_level_unified"", ""evaluate"", ""evaluate.EduBenchEvaluator"", ""evaluate.deepseek-r1"", ""evaluate.deepseek-v3"", ""evaluate.gpt-4o"", ""evaluate.human_1"", ""evaluate.human_2"", ""evaluate.human_3"", ""evaluate.qwq-plus"", ""is_test_set"", ""knowledge_point"", ""language"", ""levels"", ""levels[]"", ""metric"", ""metric_unified"", ""model"", ""question"", ""question_type"", ""question_type_EN"", ""question_type_ZH"", ""subject"", ""subject_unified"", ""task""]","[""evaluate""]","[""question"", ""question_type"", ""question_type_EN"", ""question_type_ZH""]","[""answer""]","[""metric"", ""metric_unified""]","[""knowledge_point"", ""subject"", ""subject_unified""]","[""task""]","[""language""]","[""model""]","[""evaluate.human_1"", ""evaluate.human_2"", ""evaluate.human_3""]","[""evaluate"", ""evaluate.EduBenchEvaluator"", ""evaluate.deepseek-r1"", ""evaluate.deepseek-v3"", ""evaluate.gpt-4o"", ""evaluate.human_1"", ""evaluate.human_2"", ""evaluate.human_3"", ""evaluate.qwq-plus""]",unknown,
report/test_unmatched_in_jsonl.json,601,"[""answer"", ""levels"", ""metric"", ""question"", ""reason"", ""score""]","{""answer"": 1.0, ""levels"": 1.0, ""metric"": 1.0, ""question"": 1.0, ""reason"": 1.0, ""score"": 1.0}","[""answer"", ""levels"", ""levels[]"", ""metric"", ""question"", ""reason"", ""score""]","[""score""]","[""question""]","[""answer""]","[""metric""]",[],[],[],[],[],[],unknown,
results_merge.jsonl,5536,"[""answer"", ""evaluate"", ""levels"", ""metric"", ""model"", ""question"", ""task""]","{""answer"": 1.0, ""evaluate"": 1.0, ""levels"": 1.0, ""metric"": 1.0, ""model"": 1.0, ""question"": 1.0, ""task"": 1.0}","[""answer"", ""evaluate"", ""evaluate.EduBenchEvaluator"", ""evaluate.deepseek-r1"", ""evaluate.deepseek-v3"", ""evaluate.gpt-4o"", ""evaluate.human_1"", ""evaluate.human_2"", ""evaluate.human_3"", ""evaluate.qwq-plus"", ""levels"", ""levels[]"", ""metric"", ""model"", ""question"", ""task""]","[""evaluate""]","[""question""]","[""answer""]","[""metric""]",[],"[""task""]",[],"[""model""]","[""evaluate.human_1"", ""evaluate.human_2"", ""evaluate.human_3""]","[""evaluate"", ""evaluate.EduBenchEvaluator"", ""evaluate.deepseek-r1"", ""evaluate.deepseek-v3"", ""evaluate.gpt-4o"", ""evaluate.human_1"", ""evaluate.human_2"", ""evaluate.human_3"", ""evaluate.qwq-plus""]",merged_human_metric,
sampled_merge_50_new.json,6000,"[""input"", ""instruction"", ""output""]","{""input"": 1.0, ""instruction"": 1.0, ""output"": 1.0}","[""input"", ""instruction"", ""output""]",[],"[""instruction""]","[""output""]",[],[],[],[],[],[],[],synthetic_or_augmented,
sampled_merge_50_new_swift.json,6000,"[""messages"", ""solution""]","{""messages"": 1.0, ""solution"": 1.0}","[""messages"", ""messages[]"", ""messages[].content"", ""messages[].role"", ""solution""]",[],[],[],[],[],[],[],[],[],[],synthetic_or_augmented,
train/answer_0_model_0.json,5,"[""__key__"", ""__value__""]","{""__key__"": 1.0, ""__value__"": 1.0}","[""__key__"", ""__value__"", ""__value__[]""]",[],[],[],[],[],[],[],[],[],[],unknown,
train/dataset_info.json,92,"[""__key__"", ""columns"", ""file_name"", ""folder"", ""formatting"", ""hf_hub_url"", ""ms_hub_url"", ""ranking"", ""script_url"", ""subset"", ""tags""]","{""__key__"": 1.0, ""columns"": 0.4891, ""file_name"": 0.1957, ""folder"": 0.0109, ""formatting"": 0.3152, ""hf_hub_url"": 0.7609, ""ms_hub_url"": 0.3696, ""ranking"": 0.0978, ""script_url"": 0.0326, ""subset"": 0.0761, ""tags"": 0.1087}","[""__key__"", ""columns"", ""columns.chosen"", ""columns.history"", ""columns.images"", ""columns.kto_tag"", ""columns.messages"", ""columns.prompt"", ""columns.rejected"", ""columns.response"", ""columns.system"", ""columns.tools"", ""file_name"", ""folder"", ""formatting"", ""hf_hub_url"", ""ms_hub_url"", ""ranking"", ""script_url"", ""subset"", ""tags"", ""tags.assistant_tag"", ""tags.content_tag"", ""tags.role_tag"", ""tags.user_tag""]",[],[],[],[],[],[],[],[],[],[],unknown,
train/human_sampled_eval_sft.json,2970,"[""input"", ""instruction"", ""output""]","{""input"": 1.0, ""instruction"": 1.0, ""output"": 1.0}","[""input"", ""instruction"", ""output""]",[],"[""instruction""]","[""output""]",[],[],[],[],[],[],[],synthetic_or_augmented,
按生成模型分类/deepseek-r1_group_by_metric.jsonl,2758,"[""model"", ""principle"", ""question"", ""reason"", ""response"", ""score""]","{""model"": 1.0, ""principle"": 1.0, ""question"": 1.0, ""reason"": 1.0, ""response"": 1.0, ""score"": 1.0}","[""model"", ""principle"", ""question"", ""reason"", ""response"", ""score""]","[""score""]","[""question""]","[""response""]","[""principle""]",[],[],[],"[""model""]",[],[],unknown,
按生成模型分类/deepseek-v3_group_by_metric.jsonl,2767,"[""model"", ""principle"", ""question"", ""reason"", ""response"", ""score""]","{""model"": 1.0, ""principle"": 1.0, ""question"": 1.0, ""reason"": 1.0, ""response"": 1.0, ""score"": 1.0}","[""model"", ""principle"", ""question"", ""reason"", ""response"", ""score""]","[""score""]","[""question""]","[""response""]","[""principle""]",[],[],[],"[""model""]",[],[],unknown,
按生成模型分类/qwen-max_group_by_metric.jsonl,2712,"[""model"", ""principle"", ""question"", ""reason"", ""response"", ""score""]","{""model"": 1.0, ""principle"": 1.0, ""question"": 1.0, ""reason"": 1.0, ""response"": 1.0, ""score"": 1.0}","[""model"", ""principle"", ""question"", ""reason"", ""response"", ""score""]","[""score""]","[""question""]","[""response""]","[""principle""]",[],[],[],"[""model""]",[],[],unknown,
按生成模型分类/qwen2.5-14b-instruct_group_by_metric.jsonl,2691,"[""model"", ""principle"", ""question"", ""reason"", ""response"", ""score""]","{""model"": 1.0, ""principle"": 1.0, ""question"": 1.0, ""reason"": 1.0, ""response"": 1.0, ""score"": 1.0}","[""model"", ""principle"", ""question"", ""reason"", ""response"", ""score""]","[""score""]","[""question""]","[""response""]","[""principle""]",[],[],[],"[""model""]",[],[],unknown,
按生成模型分类/qwen2.5-7b-instruct_group_by_metric.jsonl,2744,"[""model"", ""principle"", ""question"", ""reason"", ""response"", ""score""]","{""model"": 1.0, ""principle"": 1.0, ""question"": 1.0, ""reason"": 1.0, ""response"": 1.0, ""score"": 1.0}","[""model"", ""principle"", ""question"", ""reason"", ""response"", ""score""]","[""score""]","[""question""]","[""response""]","[""principle""]",[],[],[],"[""model""]",[],[],unknown,
