case_sample_id,control_sample_id,match_rank,match_score,same_metric,same_language,same_subject,same_boundary_key,same_rubric_hash,answer_length_gap,case_gold_label,case_pred_label,control_gold_label,control_pred_label,case_s,control_s,s_gap_control_minus_case,case_g_i3,control_g_i3,g_i3_gap_control_minus_case,case_question,case_answer,control_answer,rubric
f93c70f6bc17688bb1aa72c33100e1716657dc59,e6875b7f437b1b12babd7dc0342ecd844d65689a,1,234.1511015625,True,True,True,True,True,117,2,5,5,5,3.484375,1.1015625,-2.3828125,7.111941052057631,4.35830679947216,-2.7536342525854707,"Subject:History
Education Level:PhD
Question:Which of the following historians is best known for pioneering the Annales School of historical writing, which emphasized long-term social history?
A) Marc Bloch
B) E. H. Carr
C) Leopold von Ranke
D) Fernand Braudel
. Please generate the corresponding answer based on the question. ""Answer"":, in JSON format.","```json
{
    ""Answer"": {
        ""question"": ""Which of the following historians is best known for pioneering the Annales School of historical writing, which emphasized long-term social history?"",
        ""options"": {
            ""A"": ""Marc Bloch"",
            ""B"": ""E. H. Carr"",
            ""C"": ""Leopold von Ranke"",
            ""D"": ""Fernand Braudel""
        },
        ""correct_answer"": ""A) Marc Bloch"",
        ""explanation"": ""Marc Bloch, along with Lucien Febvre, co-founded the Annales School in 1929. The school revolutionized historical study by prioritizing long-term social and economic structures (the 'longue durée') over traditional political narratives. While Fernand Braudel (D) later became a leading figure of the Annales School, Bloch is recognized as its pioneer. E. H. Carr (B) focused on historiography and Soviet history, and Leopold von Ranke (C) emphasized empirical political history, contrasting with the Annales approach.""
    }
}
```","```json
{
  ""Answer"": ""D) Fernand Braudel""
}
```","[""5: Content is highly relevant to the specified topic/theme/question; strictly within required difficulty/scope/discipline without redundant or irrelevant information."", ""4: Overall relevance is high; scope control is good with possibly a small amount of slightly off-topic or mildly overreaching information."", ""3: Mostly relevant, but includes some off-topic or out-of-scope content; scope control needs improvement."", ""2: Poor relevance; includes a significant amount of irrelevant information or is largely outside scope."", ""1: Content is largely irrelevant or completely outside the specified scope.""]"
f93c70f6bc17688bb1aa72c33100e1716657dc59,276ef7d9aadd5735ceac2d05c26067a283767c12,2,234.05109375,True,True,True,True,True,119,2,5,5,5,3.484375,1.09375,-2.390625,7.111941052057631,4.34927849044729,-2.762662561610341,"Subject:History
Education Level:PhD
Question:Which of the following historians is best known for pioneering the Annales School of historical writing, which emphasized long-term social history?
A) Marc Bloch
B) E. H. Carr
C) Leopold von Ranke
D) Fernand Braudel
. Please generate the corresponding answer based on the question. ""Answer"":, in JSON format.","```json
{
    ""Answer"": {
        ""question"": ""Which of the following historians is best known for pioneering the Annales School of historical writing, which emphasized long-term social history?"",
        ""options"": {
            ""A"": ""Marc Bloch"",
            ""B"": ""E. H. Carr"",
            ""C"": ""Leopold von Ranke"",
            ""D"": ""Fernand Braudel""
        },
        ""correct_answer"": ""A) Marc Bloch"",
        ""explanation"": ""Marc Bloch, along with Lucien Febvre, co-founded the Annales School in 1929. The school revolutionized historical study by prioritizing long-term social and economic structures (the 'longue durée') over traditional political narratives. While Fernand Braudel (D) later became a leading figure of the Annales School, Bloch is recognized as its pioneer. E. H. Carr (B) focused on historiography and Soviet history, and Leopold von Ranke (C) emphasized empirical political history, contrasting with the Annales approach.""
    }
}
```","{
  ""answer"": ""D) Fernand Braudel""
}","[""5: Content is highly relevant to the specified topic/theme/question; strictly within required difficulty/scope/discipline without redundant or irrelevant information."", ""4: Overall relevance is high; scope control is good with possibly a small amount of slightly off-topic or mildly overreaching information."", ""3: Mostly relevant, but includes some off-topic or out-of-scope content; scope control needs improvement."", ""2: Poor relevance; includes a significant amount of irrelevant information or is largely outside scope."", ""1: Content is largely irrelevant or completely outside the specified scope.""]"
f93c70f6bc17688bb1aa72c33100e1716657dc59,1ca4631202d9b8c6ab5a90eb3e5165a88638131e,3,234.0510859375,True,True,True,True,True,119,2,5,5,5,3.484375,1.0859375,-2.3984375,7.111941052057631,4.3402501814224195,-2.7716908706352115,"Subject:History
Education Level:PhD
Question:Which of the following historians is best known for pioneering the Annales School of historical writing, which emphasized long-term social history?
A) Marc Bloch
B) E. H. Carr
C) Leopold von Ranke
D) Fernand Braudel
. Please generate the corresponding answer based on the question. ""Answer"":, in JSON format.","```json
{
    ""Answer"": {
        ""question"": ""Which of the following historians is best known for pioneering the Annales School of historical writing, which emphasized long-term social history?"",
        ""options"": {
            ""A"": ""Marc Bloch"",
            ""B"": ""E. H. Carr"",
            ""C"": ""Leopold von Ranke"",
            ""D"": ""Fernand Braudel""
        },
        ""correct_answer"": ""A) Marc Bloch"",
        ""explanation"": ""Marc Bloch, along with Lucien Febvre, co-founded the Annales School in 1929. The school revolutionized historical study by prioritizing long-term social and economic structures (the 'longue durée') over traditional political narratives. While Fernand Braudel (D) later became a leading figure of the Annales School, Bloch is recognized as its pioneer. E. H. Carr (B) focused on historiography and Soviet history, and Leopold von Ranke (C) emphasized empirical political history, contrasting with the Annales approach.""
    }
}
```","{
  ""Answer"": ""D) Fernand Braudel""
}","[""5: Content is highly relevant to the specified topic/theme/question; strictly within required difficulty/scope/discipline without redundant or irrelevant information."", ""4: Overall relevance is high; scope control is good with possibly a small amount of slightly off-topic or mildly overreaching information."", ""3: Mostly relevant, but includes some off-topic or out-of-scope content; scope control needs improvement."", ""2: Poor relevance; includes a significant amount of irrelevant information or is largely outside scope."", ""1: Content is largely irrelevant or completely outside the specified scope.""]"
ec3c258a92d9ea146d07d5b2d54170aa37b10793,a69763703e28ba45687d29d852189c8fe82119d1,1,234.15090625000002,True,True,True,True,True,117,2,5,5,5,3.40625,0.90625,-2.5,5.9488724012749685,3.5134298940079702,-2.4354425072669983,"Subject:History
Education Level:PhD
Question:Which of the following historians is best known for pioneering the Annales School of historical writing, which emphasized long-term social history?
A) Marc Bloch
B) E. H. Carr
C) Leopold von Ranke
D) Fernand Braudel
. Please generate the corresponding answer based on the question. ""Answer"":, in JSON format.","```json
{
    ""Answer"": {
        ""question"": ""Which of the following historians is best known for pioneering the Annales School of historical writing, which emphasized long-term social history?"",
        ""options"": {
            ""A"": ""Marc Bloch"",
            ""B"": ""E. H. Carr"",
            ""C"": ""Leopold von Ranke"",
            ""D"": ""Fernand Braudel""
        },
        ""correct_answer"": ""A) Marc Bloch"",
        ""explanation"": ""Marc Bloch, along with Lucien Febvre, co-founded the Annales School in 1929. The school revolutionized historical study by prioritizing long-term social and economic structures (the 'longue durée') over traditional political narratives. While Fernand Braudel (D) later became a leading figure of the Annales School, Bloch is recognized as its pioneer. E. H. Carr (B) focused on historiography and Soviet history, and Leopold von Ranke (C) emphasized empirical political history, contrasting with the Annales approach.""
    }
}
```","```json
{
  ""Answer"": ""D) Fernand Braudel""
}
```","[""5: All stated factual elements (definitions, formulas, dates, terms, syntax, etc.) are completely accurate."", ""4: Vast majority of facts are correct; possibly contains very minor, non-critical typos or omissions."", ""3: Most facts are correct, but there are some notable factual errors that require review."", ""2: Contains several or key factual inaccuracies; information is not trustworthy."", ""1: Riddled with factual errors; information is completely incorrect or misleading.""]"
ec3c258a92d9ea146d07d5b2d54170aa37b10793,4db2dec4d98ab6e294ef19dd64c116bca9f781e5,2,234.05091015625,True,True,True,True,True,119,2,5,5,5,3.40625,0.91015625,-2.49609375,5.9488724012749685,3.517235272925575,-2.4316371283493936,"Subject:History
Education Level:PhD
Question:Which of the following historians is best known for pioneering the Annales School of historical writing, which emphasized long-term social history?
A) Marc Bloch
B) E. H. Carr
C) Leopold von Ranke
D) Fernand Braudel
. Please generate the corresponding answer based on the question. ""Answer"":, in JSON format.","```json
{
    ""Answer"": {
        ""question"": ""Which of the following historians is best known for pioneering the Annales School of historical writing, which emphasized long-term social history?"",
        ""options"": {
            ""A"": ""Marc Bloch"",
            ""B"": ""E. H. Carr"",
            ""C"": ""Leopold von Ranke"",
            ""D"": ""Fernand Braudel""
        },
        ""correct_answer"": ""A) Marc Bloch"",
        ""explanation"": ""Marc Bloch, along with Lucien Febvre, co-founded the Annales School in 1929. The school revolutionized historical study by prioritizing long-term social and economic structures (the 'longue durée') over traditional political narratives. While Fernand Braudel (D) later became a leading figure of the Annales School, Bloch is recognized as its pioneer. E. H. Carr (B) focused on historiography and Soviet history, and Leopold von Ranke (C) emphasized empirical political history, contrasting with the Annales approach.""
    }
}
```","{
  ""answer"": ""D) Fernand Braudel""
}","[""5: All stated factual elements (definitions, formulas, dates, terms, syntax, etc.) are completely accurate."", ""4: Vast majority of facts are correct; possibly contains very minor, non-critical typos or omissions."", ""3: Most facts are correct, but there are some notable factual errors that require review."", ""2: Contains several or key factual inaccuracies; information is not trustworthy."", ""1: Riddled with factual errors; information is completely incorrect or misleading.""]"
ec3c258a92d9ea146d07d5b2d54170aa37b10793,b0d71b8770992f24db4e73ecdaecf45b5d9a650a,3,234.05088281250002,True,True,True,True,True,119,2,5,5,5,3.40625,0.8828125,-2.5234375,5.9488724012749685,3.490597620502342,-2.4582747807726264,"Subject:History
Education Level:PhD
Question:Which of the following historians is best known for pioneering the Annales School of historical writing, which emphasized long-term social history?
A) Marc Bloch
B) E. H. Carr
C) Leopold von Ranke
D) Fernand Braudel
. Please generate the corresponding answer based on the question. ""Answer"":, in JSON format.","```json
{
    ""Answer"": {
        ""question"": ""Which of the following historians is best known for pioneering the Annales School of historical writing, which emphasized long-term social history?"",
        ""options"": {
            ""A"": ""Marc Bloch"",
            ""B"": ""E. H. Carr"",
            ""C"": ""Leopold von Ranke"",
            ""D"": ""Fernand Braudel""
        },
        ""correct_answer"": ""A) Marc Bloch"",
        ""explanation"": ""Marc Bloch, along with Lucien Febvre, co-founded the Annales School in 1929. The school revolutionized historical study by prioritizing long-term social and economic structures (the 'longue durée') over traditional political narratives. While Fernand Braudel (D) later became a leading figure of the Annales School, Bloch is recognized as its pioneer. E. H. Carr (B) focused on historiography and Soviet history, and Leopold von Ranke (C) emphasized empirical political history, contrasting with the Annales approach.""
    }
}
```","{
  ""Answer"": ""D) Fernand Braudel""
}","[""5: All stated factual elements (definitions, formulas, dates, terms, syntax, etc.) are completely accurate."", ""4: Vast majority of facts are correct; possibly contains very minor, non-critical typos or omissions."", ""3: Most facts are correct, but there are some notable factual errors that require review."", ""2: Contains several or key factual inaccuracies; information is not trustworthy."", ""1: Riddled with factual errors; information is completely incorrect or misleading.""]"
308181498ec49e2d421c165fdf652ef8991f34f9,f139d0a733e08fab9604f98e1c086625d1f681f0,1,188.4011953125,True,True,True,False,True,32,2,5,4,4,2.078125,1.1953125,-0.8828125,5.378181591014709,1.6540665405939876,-3.724115050420721,"Question: Which of the following is a primary role of a marketing manager in an organization?
Original Answer: Managing the financial accounts of the organization.
You are providing error-correction services for the student's response. Based on this question and the original answer, provide the ""Corrected Answer"" and ""Error Explanation"", in JSON format.","```json
{
  ""Corrected Answer"": ""Developing and implementing marketing strategies to promote the organization's products or services."",
  ""Error Explanation"": ""The original answer incorrectly identifies managing financial accounts as a primary role of a marketing manager. This responsibility typically falls under the finance or accounting department. A marketing manager's primary role involves overseeing marketing campaigns, conducting market research, managing branding efforts, and strategizing to drive customer engagement and sales, rather than handling financial accounts.""
}
```","```json
{
  ""Score"": 8,
  ""Scoring Details"": {
    ""Understanding of SWOT Analysis"": 2,
    ""Explanation of Importance in Strategic Planning"": 2,
    ""Clarity and Conciseness"": 2,
    ""Relevance to the Question"": 2
  },
  ""Personalized Feedback"": ""Your answer provides a good basic understanding of SWOT analysis and its relevance to strategic planning. However, it could be improved by elaborating on how each component (strengths, weaknesses, opportunities, threats) specifically contributes to strategic planning. Additionally, providing an example or a more detailed explanation of how SWOT analysis informs decision-making would enhance the depth of your response. Keep up the good work, and consider adding more detail to fully address the question.""
}
```","[""5: Fully understood and precisely executed all instructions; achieved core task with perfect accuracy; output format is fully compliant."", ""4: Accurately understood main instructions and correctly completed the task; core goals are well achieved; format is mostly correct with only minor omissions or deviations."", ""3: Understood the general intent but may miss some details; task largely completed but with some inaccuracies or omissions; formatting attempts present but with notable flaws."", ""2: Misunderstood part of the instruction; low task completion or major errors; formatting mostly incorrect."", ""1: Completely misunderstood or ignored instructions; task not completed or totally incorrect; formatting is chaotic or irrelevant.""]"
308181498ec49e2d421c165fdf652ef8991f34f9,4dd02cc677565b675307c1d1329f08feef7b06f6,2,186.152546875,True,True,True,False,True,77,2,5,4,5,2.078125,2.546875,0.46875,5.378181591014709,3.3264480003293215,-2.0517335906853873,"Question: Which of the following is a primary role of a marketing manager in an organization?
Original Answer: Managing the financial accounts of the organization.
You are providing error-correction services for the student's response. Based on this question and the original answer, provide the ""Corrected Answer"" and ""Error Explanation"", in JSON format.","```json
{
  ""Corrected Answer"": ""Developing and implementing marketing strategies to promote the organization's products or services."",
  ""Error Explanation"": ""The original answer incorrectly identifies managing financial accounts as a primary role of a marketing manager. This responsibility typically falls under the finance or accounting department. A marketing manager's primary role involves overseeing marketing campaigns, conducting market research, managing branding efforts, and strategizing to drive customer engagement and sales, rather than handling financial accounts.""
}
```","{
  ""Score"": 8,
  ""Scoring Details"": {
    ""Definition (4/5)"": ""The student accurately defined SWOT analysis and its four components (strengths, weaknesses, opportunities, threats). Minor deduction for not explicitly stating that strengths/weaknesses are internal and opportunities/threats are external."",
    ""Purpose (2/3)"": ""The student correctly linked SWOT to strategic planning and decision-making but did not elaborate on how it bridges internal capabilities with external possibilities (e.g., aligning resources with market trends)."",
    ""Depth (1.5/2)"": ""The answer was concise but lacked examples or specific strategic outcomes (e.g., risk mitigation, competitive advantage)."",
    ""Clarity (0.5/0)"": ""No issues here—the response was clear and well-structured.""
  },
  ""Personalized Feedback"": ""Good job defining SWOT analysis and its role in strategic planning! To improve, explicitly differentiate internal (strengths/weaknesses) and external (opportunities/threats) factors. Add examples of how SWOT informs strategies—like leveraging a strength to seize an opportunity or addressing a weakness to avoid a threat. This will deepen your explanation and showcase practical application.""
}","[""5: Fully understood and precisely executed all instructions; achieved core task with perfect accuracy; output format is fully compliant."", ""4: Accurately understood main instructions and correctly completed the task; core goals are well achieved; format is mostly correct with only minor omissions or deviations."", ""3: Understood the general intent but may miss some details; task largely completed but with some inaccuracies or omissions; formatting attempts present but with notable flaws."", ""2: Misunderstood part of the instruction; low task completion or major errors; formatting mostly incorrect."", ""1: Completely misunderstood or ignored instructions; task not completed or totally incorrect; formatting is chaotic or irrelevant.""]"
308181498ec49e2d421c165fdf652ef8991f34f9,20b6c353348bf6455daf7c488443ac92d0d10f09,3,186.1514765625,True,True,True,False,True,77,2,5,4,4,2.078125,1.4765625,-0.6015625,5.378181591014709,2.0020765553366004,-3.3761050356781084,"Question: Which of the following is a primary role of a marketing manager in an organization?
Original Answer: Managing the financial accounts of the organization.
You are providing error-correction services for the student's response. Based on this question and the original answer, provide the ""Corrected Answer"" and ""Error Explanation"", in JSON format.","```json
{
  ""Corrected Answer"": ""Developing and implementing marketing strategies to promote the organization's products or services."",
  ""Error Explanation"": ""The original answer incorrectly identifies managing financial accounts as a primary role of a marketing manager. This responsibility typically falls under the finance or accounting department. A marketing manager's primary role involves overseeing marketing campaigns, conducting market research, managing branding efforts, and strategizing to drive customer engagement and sales, rather than handling financial accounts.""
}
```","```json
{
  ""Score"": 4,
  ""Scoring Details"": {
    ""Correctness"": 3,
    ""Completeness"": 2,
    ""Clarity"": 3
  },
  ""Personalized Feedback"": [
    {
      ""Type"": ""Correctness"",
      ""Feedback"": ""The definition provided is mostly correct, but it could be more precise. SWOT stands for Strengths, Weaknesses, Opportunities, and Threats. The student correctly identified the purpose of the analysis, but the term 'factors' might be too broad without specifying they are internal (strengths and weaknesses) and external (opportunities and threats).""
    },
    {
      ""Type"": ""Completeness"",
      ""Feedback"": ""The answer could be more comprehensive. It would be beneficial to include examples of how each aspect (strengths, weaknesses, opportunities, threats) can influence a business strategy and why this analysis is crucial for decision-making.""
    },
    {
      ""Type"": ""Clarity"",
      ""Feedback"": ""The explanation is clear and understandable. However, it could be enhanced by providing a bit more context or a simple example to illustrate the practical application of SWOT analysis in strategic planning.""
    }
  ]
}
```","[""5: Fully understood and precisely executed all instructions; achieved core task with perfect accuracy; output format is fully compliant."", ""4: Accurately understood main instructions and correctly completed the task; core goals are well achieved; format is mostly correct with only minor omissions or deviations."", ""3: Understood the general intent but may miss some details; task largely completed but with some inaccuracies or omissions; formatting attempts present but with notable flaws."", ""2: Misunderstood part of the instruction; low task completion or major errors; formatting mostly incorrect."", ""1: Completely misunderstood or ignored instructions; task not completed or totally incorrect; formatting is chaotic or irrelevant.""]"
a9fb1437d7ef739f816e75d995054de210ca96a8,f139d0a733e08fab9604f98e1c086625d1f681f0,1,189.1511953125,True,True,True,False,True,17,2,5,4,4,1.921875,1.1953125,-0.7265625,5.115307747702445,1.6540665405939876,-3.4612412071084577,"Question: Which of the following is a primary role of a marketing manager in an organization?
Original Answer: Managing the financial accounts of the organization.
You are providing error-correction services for the student's response. Based on this question and the original answer, provide the ""Corrected Answer"" and ""Error Explanation"", in JSON format.","```json
{
  ""Corrected Answer"": ""A primary role of a marketing manager in an organization is to develop and implement marketing strategies to promote products or services, manage marketing campaigns, and oversee the marketing team."",
  ""Error Explanation"": ""The original answer is incorrect because it states that the primary role of a marketing manager is to manage financial accounts. This is actually a task more commonly associated with a finance or accounting manager. A marketing manager focuses on marketing activities such as strategy development, campaign management, and team leadership.""
}
```","```json
{
  ""Score"": 8,
  ""Scoring Details"": {
    ""Understanding of SWOT Analysis"": 2,
    ""Explanation of Importance in Strategic Planning"": 2,
    ""Clarity and Conciseness"": 2,
    ""Relevance to the Question"": 2
  },
  ""Personalized Feedback"": ""Your answer provides a good basic understanding of SWOT analysis and its relevance to strategic planning. However, it could be improved by elaborating on how each component (strengths, weaknesses, opportunities, threats) specifically contributes to strategic planning. Additionally, providing an example or a more detailed explanation of how SWOT analysis informs decision-making would enhance the depth of your response. Keep up the good work, and consider adding more detail to fully address the question.""
}
```","[""5: Fully understood and precisely executed all instructions; achieved core task with perfect accuracy; output format is fully compliant."", ""4: Accurately understood main instructions and correctly completed the task; core goals are well achieved; format is mostly correct with only minor omissions or deviations."", ""3: Understood the general intent but may miss some details; task largely completed but with some inaccuracies or omissions; formatting attempts present but with notable flaws."", ""2: Misunderstood part of the instruction; low task completion or major errors; formatting mostly incorrect."", ""1: Completely misunderstood or ignored instructions; task not completed or totally incorrect; formatting is chaotic or irrelevant.""]"
a9fb1437d7ef739f816e75d995054de210ca96a8,4dd02cc677565b675307c1d1329f08feef7b06f6,2,186.902546875,True,True,True,False,True,62,2,5,4,5,1.921875,2.546875,0.625,5.115307747702445,3.3264480003293215,-1.7888597473731238,"Question: Which of the following is a primary role of a marketing manager in an organization?
Original Answer: Managing the financial accounts of the organization.
You are providing error-correction services for the student's response. Based on this question and the original answer, provide the ""Corrected Answer"" and ""Error Explanation"", in JSON format.","```json
{
  ""Corrected Answer"": ""A primary role of a marketing manager in an organization is to develop and implement marketing strategies to promote products or services, manage marketing campaigns, and oversee the marketing team."",
  ""Error Explanation"": ""The original answer is incorrect because it states that the primary role of a marketing manager is to manage financial accounts. This is actually a task more commonly associated with a finance or accounting manager. A marketing manager focuses on marketing activities such as strategy development, campaign management, and team leadership.""
}
```","{
  ""Score"": 8,
  ""Scoring Details"": {
    ""Definition (4/5)"": ""The student accurately defined SWOT analysis and its four components (strengths, weaknesses, opportunities, threats). Minor deduction for not explicitly stating that strengths/weaknesses are internal and opportunities/threats are external."",
    ""Purpose (2/3)"": ""The student correctly linked SWOT to strategic planning and decision-making but did not elaborate on how it bridges internal capabilities with external possibilities (e.g., aligning resources with market trends)."",
    ""Depth (1.5/2)"": ""The answer was concise but lacked examples or specific strategic outcomes (e.g., risk mitigation, competitive advantage)."",
    ""Clarity (0.5/0)"": ""No issues here—the response was clear and well-structured.""
  },
  ""Personalized Feedback"": ""Good job defining SWOT analysis and its role in strategic planning! To improve, explicitly differentiate internal (strengths/weaknesses) and external (opportunities/threats) factors. Add examples of how SWOT informs strategies—like leveraging a strength to seize an opportunity or addressing a weakness to avoid a threat. This will deepen your explanation and showcase practical application.""
}","[""5: Fully understood and precisely executed all instructions; achieved core task with perfect accuracy; output format is fully compliant."", ""4: Accurately understood main instructions and correctly completed the task; core goals are well achieved; format is mostly correct with only minor omissions or deviations."", ""3: Understood the general intent but may miss some details; task largely completed but with some inaccuracies or omissions; formatting attempts present but with notable flaws."", ""2: Misunderstood part of the instruction; low task completion or major errors; formatting mostly incorrect."", ""1: Completely misunderstood or ignored instructions; task not completed or totally incorrect; formatting is chaotic or irrelevant.""]"
a9fb1437d7ef739f816e75d995054de210ca96a8,20b6c353348bf6455daf7c488443ac92d0d10f09,3,186.9014765625,True,True,True,False,True,62,2,5,4,4,1.921875,1.4765625,-0.4453125,5.115307747702445,2.0020765553366004,-3.113231192365845,"Question: Which of the following is a primary role of a marketing manager in an organization?
Original Answer: Managing the financial accounts of the organization.
You are providing error-correction services for the student's response. Based on this question and the original answer, provide the ""Corrected Answer"" and ""Error Explanation"", in JSON format.","```json
{
  ""Corrected Answer"": ""A primary role of a marketing manager in an organization is to develop and implement marketing strategies to promote products or services, manage marketing campaigns, and oversee the marketing team."",
  ""Error Explanation"": ""The original answer is incorrect because it states that the primary role of a marketing manager is to manage financial accounts. This is actually a task more commonly associated with a finance or accounting manager. A marketing manager focuses on marketing activities such as strategy development, campaign management, and team leadership.""
}
```","```json
{
  ""Score"": 4,
  ""Scoring Details"": {
    ""Correctness"": 3,
    ""Completeness"": 2,
    ""Clarity"": 3
  },
  ""Personalized Feedback"": [
    {
      ""Type"": ""Correctness"",
      ""Feedback"": ""The definition provided is mostly correct, but it could be more precise. SWOT stands for Strengths, Weaknesses, Opportunities, and Threats. The student correctly identified the purpose of the analysis, but the term 'factors' might be too broad without specifying they are internal (strengths and weaknesses) and external (opportunities and threats).""
    },
    {
      ""Type"": ""Completeness"",
      ""Feedback"": ""The answer could be more comprehensive. It would be beneficial to include examples of how each aspect (strengths, weaknesses, opportunities, threats) can influence a business strategy and why this analysis is crucial for decision-making.""
    },
    {
      ""Type"": ""Clarity"",
      ""Feedback"": ""The explanation is clear and understandable. However, it could be enhanced by providing a bit more context or a simple example to illustrate the practical application of SWOT analysis in strategic planning.""
    }
  ]
}
```","[""5: Fully understood and precisely executed all instructions; achieved core task with perfect accuracy; output format is fully compliant."", ""4: Accurately understood main instructions and correctly completed the task; core goals are well achieved; format is mostly correct with only minor omissions or deviations."", ""3: Understood the general intent but may miss some details; task largely completed but with some inaccuracies or omissions; formatting attempts present but with notable flaws."", ""2: Misunderstood part of the instruction; low task completion or major errors; formatting mostly incorrect."", ""1: Completely misunderstood or ignored instructions; task not completed or totally incorrect; formatting is chaotic or irrelevant.""]"
f45ee7ba1b382a63c9d4d3f14889365d54dc1cbd,0a12a95fbc5fd52ee81bec06be2ae22570f04ad6,1,188.401265625,True,True,True,False,True,32,2,5,5,4,2.171875,1.265625,-0.90625,4.9111726975677925,1.977126807244531,-2.9340458903232616,"Question: Which of the following is a primary role of a marketing manager in an organization?
Original Answer: Managing the financial accounts of the organization.
You are providing error-correction services for the student's response. Based on this question and the original answer, provide the ""Corrected Answer"" and ""Error Explanation"", in JSON format.","```json
{
  ""Corrected Answer"": ""Developing and implementing marketing strategies to promote the organization's products or services."",
  ""Error Explanation"": ""The original answer incorrectly identifies managing financial accounts as a primary role of a marketing manager. This responsibility typically falls under the finance or accounting department. A marketing manager's primary role involves overseeing marketing campaigns, conducting market research, managing branding efforts, and strategizing to drive customer engagement and sales, rather than handling financial accounts.""
}
```","```json
{
  ""Score"": 8,
  ""Scoring Details"": {
    ""Understanding of SWOT Analysis"": 2,
    ""Explanation of Importance in Strategic Planning"": 2,
    ""Clarity and Conciseness"": 2,
    ""Relevance to the Question"": 2
  },
  ""Personalized Feedback"": ""Your answer provides a good basic understanding of SWOT analysis and its relevance to strategic planning. However, it could be improved by elaborating on how each component (strengths, weaknesses, opportunities, threats) specifically contributes to strategic planning. Additionally, providing an example or a more detailed explanation of how SWOT analysis informs decision-making would enhance the depth of your response. Keep up the good work, and consider adding more detail to fully address the question.""
}
```","[""5: Precisely identified all errors (no omission or false positives); provided completely correct, clear, and optimal correction suggestions."", ""4: Correctly located most major errors; suggestions are generally accurate and effective with only minor omissions or less-than-perfect advice."", ""3: Identified some errors but with clear omissions or false positives; suggestions are partially correct but may lack clarity, completeness or optimality."", ""2: Inaccurate error detection with critical omissions or many false positives; suggestions contain errors or are hard to comprehend."", ""1: Completely failed to detect errors; provided entirely incorrect or misleading correction advice.""]"
f45ee7ba1b382a63c9d4d3f14889365d54dc1cbd,c16017c2c5c9fec5267f5e92076110262ad72098,2,186.15256250000002,True,True,True,False,True,77,2,5,5,5,2.171875,2.5625,0.390625,4.9111726975677925,3.4310700002033627,-1.4801026973644298,"Question: Which of the following is a primary role of a marketing manager in an organization?
Original Answer: Managing the financial accounts of the organization.
You are providing error-correction services for the student's response. Based on this question and the original answer, provide the ""Corrected Answer"" and ""Error Explanation"", in JSON format.","```json
{
  ""Corrected Answer"": ""Developing and implementing marketing strategies to promote the organization's products or services."",
  ""Error Explanation"": ""The original answer incorrectly identifies managing financial accounts as a primary role of a marketing manager. This responsibility typically falls under the finance or accounting department. A marketing manager's primary role involves overseeing marketing campaigns, conducting market research, managing branding efforts, and strategizing to drive customer engagement and sales, rather than handling financial accounts.""
}
```","{
  ""Score"": 8,
  ""Scoring Details"": {
    ""Definition (4/5)"": ""The student accurately defined SWOT analysis and its four components (strengths, weaknesses, opportunities, threats). Minor deduction for not explicitly stating that strengths/weaknesses are internal and opportunities/threats are external."",
    ""Purpose (2/3)"": ""The student correctly linked SWOT to strategic planning and decision-making but did not elaborate on how it bridges internal capabilities with external possibilities (e.g., aligning resources with market trends)."",
    ""Depth (1.5/2)"": ""The answer was concise but lacked examples or specific strategic outcomes (e.g., risk mitigation, competitive advantage)."",
    ""Clarity (0.5/0)"": ""No issues here—the response was clear and well-structured.""
  },
  ""Personalized Feedback"": ""Good job defining SWOT analysis and its role in strategic planning! To improve, explicitly differentiate internal (strengths/weaknesses) and external (opportunities/threats) factors. Add examples of how SWOT informs strategies—like leveraging a strength to seize an opportunity or addressing a weakness to avoid a threat. This will deepen your explanation and showcase practical application.""
}","[""5: Precisely identified all errors (no omission or false positives); provided completely correct, clear, and optimal correction suggestions."", ""4: Correctly located most major errors; suggestions are generally accurate and effective with only minor omissions or less-than-perfect advice."", ""3: Identified some errors but with clear omissions or false positives; suggestions are partially correct but may lack clarity, completeness or optimality."", ""2: Inaccurate error detection with critical omissions or many false positives; suggestions contain errors or are hard to comprehend."", ""1: Completely failed to detect errors; provided entirely incorrect or misleading correction advice.""]"
f45ee7ba1b382a63c9d4d3f14889365d54dc1cbd,8cb9efe829771844b2e4a666ca9af11f790b84b2,3,186.151515625,True,True,True,False,True,77,2,5,5,4,2.171875,1.515625,-0.65625,4.9111726975677925,2.257405013116113,-2.6537676844516795,"Question: Which of the following is a primary role of a marketing manager in an organization?
Original Answer: Managing the financial accounts of the organization.
You are providing error-correction services for the student's response. Based on this question and the original answer, provide the ""Corrected Answer"" and ""Error Explanation"", in JSON format.","```json
{
  ""Corrected Answer"": ""Developing and implementing marketing strategies to promote the organization's products or services."",
  ""Error Explanation"": ""The original answer incorrectly identifies managing financial accounts as a primary role of a marketing manager. This responsibility typically falls under the finance or accounting department. A marketing manager's primary role involves overseeing marketing campaigns, conducting market research, managing branding efforts, and strategizing to drive customer engagement and sales, rather than handling financial accounts.""
}
```","```json
{
  ""Score"": 4,
  ""Scoring Details"": {
    ""Correctness"": 3,
    ""Completeness"": 2,
    ""Clarity"": 3
  },
  ""Personalized Feedback"": [
    {
      ""Type"": ""Correctness"",
      ""Feedback"": ""The definition provided is mostly correct, but it could be more precise. SWOT stands for Strengths, Weaknesses, Opportunities, and Threats. The student correctly identified the purpose of the analysis, but the term 'factors' might be too broad without specifying they are internal (strengths and weaknesses) and external (opportunities and threats).""
    },
    {
      ""Type"": ""Completeness"",
      ""Feedback"": ""The answer could be more comprehensive. It would be beneficial to include examples of how each aspect (strengths, weaknesses, opportunities, threats) can influence a business strategy and why this analysis is crucial for decision-making.""
    },
    {
      ""Type"": ""Clarity"",
      ""Feedback"": ""The explanation is clear and understandable. However, it could be enhanced by providing a bit more context or a simple example to illustrate the practical application of SWOT analysis in strategic planning.""
    }
  ]
}
```","[""5: Precisely identified all errors (no omission or false positives); provided completely correct, clear, and optimal correction suggestions."", ""4: Correctly located most major errors; suggestions are generally accurate and effective with only minor omissions or less-than-perfect advice."", ""3: Identified some errors but with clear omissions or false positives; suggestions are partially correct but may lack clarity, completeness or optimality."", ""2: Inaccurate error detection with critical omissions or many false positives; suggestions contain errors or are hard to comprehend."", ""1: Completely failed to detect errors; provided entirely incorrect or misleading correction advice.""]"
60084a95316f0f87040c9c1c0c24a16be077aa06,f139d0a733e08fab9604f98e1c086625d1f681f0,1,188.3011953125,True,True,True,False,True,34,2,5,4,4,1.7421875,1.1953125,-0.546875,4.813002827893342,1.6540665405939876,-3.1589362872993547,"Question: Which of the following is a primary role of a marketing manager in an organization?
Original Answer: Managing the financial accounts of the organization.
You are providing error-correction services for the student's response. Based on this question and the original answer, provide the ""Corrected Answer"" and ""Error Explanation"", in JSON format.","```json
{
  ""Corrected Answer"": ""Developing and implementing marketing strategies to promote the organization's products or services."",
  ""Error Explanation"": ""The original answer incorrectly identifies managing financial accounts as the primary role of a marketing manager. This responsibility typically falls under the purview of a financial manager or accountant. The primary role of a marketing manager is to develop and execute marketing strategies to enhance the organization's market presence and drive sales.""
}
```","```json
{
  ""Score"": 8,
  ""Scoring Details"": {
    ""Understanding of SWOT Analysis"": 2,
    ""Explanation of Importance in Strategic Planning"": 2,
    ""Clarity and Conciseness"": 2,
    ""Relevance to the Question"": 2
  },
  ""Personalized Feedback"": ""Your answer provides a good basic understanding of SWOT analysis and its relevance to strategic planning. However, it could be improved by elaborating on how each component (strengths, weaknesses, opportunities, threats) specifically contributes to strategic planning. Additionally, providing an example or a more detailed explanation of how SWOT analysis informs decision-making would enhance the depth of your response. Keep up the good work, and consider adding more detail to fully address the question.""
}
```","[""5: Fully understood and precisely executed all instructions; achieved core task with perfect accuracy; output format is fully compliant."", ""4: Accurately understood main instructions and correctly completed the task; core goals are well achieved; format is mostly correct with only minor omissions or deviations."", ""3: Understood the general intent but may miss some details; task largely completed but with some inaccuracies or omissions; formatting attempts present but with notable flaws."", ""2: Misunderstood part of the instruction; low task completion or major errors; formatting mostly incorrect."", ""1: Completely misunderstood or ignored instructions; task not completed or totally incorrect; formatting is chaotic or irrelevant.""]"
60084a95316f0f87040c9c1c0c24a16be077aa06,4dd02cc677565b675307c1d1329f08feef7b06f6,2,186.05254687500002,True,True,True,False,True,79,2,5,4,5,1.7421875,2.546875,0.8046875,4.813002827893342,3.3264480003293215,-1.4865548275640208,"Question: Which of the following is a primary role of a marketing manager in an organization?
Original Answer: Managing the financial accounts of the organization.
You are providing error-correction services for the student's response. Based on this question and the original answer, provide the ""Corrected Answer"" and ""Error Explanation"", in JSON format.","```json
{
  ""Corrected Answer"": ""Developing and implementing marketing strategies to promote the organization's products or services."",
  ""Error Explanation"": ""The original answer incorrectly identifies managing financial accounts as the primary role of a marketing manager. This responsibility typically falls under the purview of a financial manager or accountant. The primary role of a marketing manager is to develop and execute marketing strategies to enhance the organization's market presence and drive sales.""
}
```","{
  ""Score"": 8,
  ""Scoring Details"": {
    ""Definition (4/5)"": ""The student accurately defined SWOT analysis and its four components (strengths, weaknesses, opportunities, threats). Minor deduction for not explicitly stating that strengths/weaknesses are internal and opportunities/threats are external."",
    ""Purpose (2/3)"": ""The student correctly linked SWOT to strategic planning and decision-making but did not elaborate on how it bridges internal capabilities with external possibilities (e.g., aligning resources with market trends)."",
    ""Depth (1.5/2)"": ""The answer was concise but lacked examples or specific strategic outcomes (e.g., risk mitigation, competitive advantage)."",
    ""Clarity (0.5/0)"": ""No issues here—the response was clear and well-structured.""
  },
  ""Personalized Feedback"": ""Good job defining SWOT analysis and its role in strategic planning! To improve, explicitly differentiate internal (strengths/weaknesses) and external (opportunities/threats) factors. Add examples of how SWOT informs strategies—like leveraging a strength to seize an opportunity or addressing a weakness to avoid a threat. This will deepen your explanation and showcase practical application.""
}","[""5: Fully understood and precisely executed all instructions; achieved core task with perfect accuracy; output format is fully compliant."", ""4: Accurately understood main instructions and correctly completed the task; core goals are well achieved; format is mostly correct with only minor omissions or deviations."", ""3: Understood the general intent but may miss some details; task largely completed but with some inaccuracies or omissions; formatting attempts present but with notable flaws."", ""2: Misunderstood part of the instruction; low task completion or major errors; formatting mostly incorrect."", ""1: Completely misunderstood or ignored instructions; task not completed or totally incorrect; formatting is chaotic or irrelevant.""]"
60084a95316f0f87040c9c1c0c24a16be077aa06,20b6c353348bf6455daf7c488443ac92d0d10f09,3,186.0514765625,True,True,True,False,True,79,2,5,4,4,1.7421875,1.4765625,-0.265625,4.813002827893342,2.0020765553366004,-2.810926272556742,"Question: Which of the following is a primary role of a marketing manager in an organization?
Original Answer: Managing the financial accounts of the organization.
You are providing error-correction services for the student's response. Based on this question and the original answer, provide the ""Corrected Answer"" and ""Error Explanation"", in JSON format.","```json
{
  ""Corrected Answer"": ""Developing and implementing marketing strategies to promote the organization's products or services."",
  ""Error Explanation"": ""The original answer incorrectly identifies managing financial accounts as the primary role of a marketing manager. This responsibility typically falls under the purview of a financial manager or accountant. The primary role of a marketing manager is to develop and execute marketing strategies to enhance the organization's market presence and drive sales.""
}
```","```json
{
  ""Score"": 4,
  ""Scoring Details"": {
    ""Correctness"": 3,
    ""Completeness"": 2,
    ""Clarity"": 3
  },
  ""Personalized Feedback"": [
    {
      ""Type"": ""Correctness"",
      ""Feedback"": ""The definition provided is mostly correct, but it could be more precise. SWOT stands for Strengths, Weaknesses, Opportunities, and Threats. The student correctly identified the purpose of the analysis, but the term 'factors' might be too broad without specifying they are internal (strengths and weaknesses) and external (opportunities and threats).""
    },
    {
      ""Type"": ""Completeness"",
      ""Feedback"": ""The answer could be more comprehensive. It would be beneficial to include examples of how each aspect (strengths, weaknesses, opportunities, threats) can influence a business strategy and why this analysis is crucial for decision-making.""
    },
    {
      ""Type"": ""Clarity"",
      ""Feedback"": ""The explanation is clear and understandable. However, it could be enhanced by providing a bit more context or a simple example to illustrate the practical application of SWOT analysis in strategic planning.""
    }
  ]
}
```","[""5: Fully understood and precisely executed all instructions; achieved core task with perfect accuracy; output format is fully compliant."", ""4: Accurately understood main instructions and correctly completed the task; core goals are well achieved; format is mostly correct with only minor omissions or deviations."", ""3: Understood the general intent but may miss some details; task largely completed but with some inaccuracies or omissions; formatting attempts present but with notable flaws."", ""2: Misunderstood part of the instruction; low task completion or major errors; formatting mostly incorrect."", ""1: Completely misunderstood or ignored instructions; task not completed or totally incorrect; formatting is chaotic or irrelevant.""]"
6b1d22832f8c2d9e51459ade117c52581ec16bf8,f139d0a733e08fab9604f98e1c086625d1f681f0,1,188.10119531249998,True,True,True,False,True,38,2,5,4,4,1.609375,1.1953125,-0.4140625,4.589560061077918,1.6540665405939876,-2.9354935204839308,"Question: Which of the following is a primary role of a marketing manager in an organization?
Original Answer: Managing the financial accounts of the organization.
You are providing error-correction services for the student's response. Based on this question and the original answer, provide the ""Corrected Answer"" and ""Error Explanation"", in JSON format.","```json
{
  ""Corrected Answer"": ""Developing and implementing marketing strategies to promote the organization's products or services."",
  ""Error Explanation"": ""The original answer, 'Managing the financial accounts of the organization,' is incorrect. This task is typically associated with a finance manager or an accountant. A primary role of a marketing manager involves developing and executing marketing plans and strategies aimed at increasing brand awareness, customer engagement, and sales.""
}
```","```json
{
  ""Score"": 8,
  ""Scoring Details"": {
    ""Understanding of SWOT Analysis"": 2,
    ""Explanation of Importance in Strategic Planning"": 2,
    ""Clarity and Conciseness"": 2,
    ""Relevance to the Question"": 2
  },
  ""Personalized Feedback"": ""Your answer provides a good basic understanding of SWOT analysis and its relevance to strategic planning. However, it could be improved by elaborating on how each component (strengths, weaknesses, opportunities, threats) specifically contributes to strategic planning. Additionally, providing an example or a more detailed explanation of how SWOT analysis informs decision-making would enhance the depth of your response. Keep up the good work, and consider adding more detail to fully address the question.""
}
```","[""5: Fully understood and precisely executed all instructions; achieved core task with perfect accuracy; output format is fully compliant."", ""4: Accurately understood main instructions and correctly completed the task; core goals are well achieved; format is mostly correct with only minor omissions or deviations."", ""3: Understood the general intent but may miss some details; task largely completed but with some inaccuracies or omissions; formatting attempts present but with notable flaws."", ""2: Misunderstood part of the instruction; low task completion or major errors; formatting mostly incorrect."", ""1: Completely misunderstood or ignored instructions; task not completed or totally incorrect; formatting is chaotic or irrelevant.""]"
6b1d22832f8c2d9e51459ade117c52581ec16bf8,4dd02cc677565b675307c1d1329f08feef7b06f6,2,185.852546875,True,True,True,False,True,83,2,5,4,5,1.609375,2.546875,0.9375,4.589560061077918,3.3264480003293215,-1.2631120607485968,"Question: Which of the following is a primary role of a marketing manager in an organization?
Original Answer: Managing the financial accounts of the organization.
You are providing error-correction services for the student's response. Based on this question and the original answer, provide the ""Corrected Answer"" and ""Error Explanation"", in JSON format.","```json
{
  ""Corrected Answer"": ""Developing and implementing marketing strategies to promote the organization's products or services."",
  ""Error Explanation"": ""The original answer, 'Managing the financial accounts of the organization,' is incorrect. This task is typically associated with a finance manager or an accountant. A primary role of a marketing manager involves developing and executing marketing plans and strategies aimed at increasing brand awareness, customer engagement, and sales.""
}
```","{
  ""Score"": 8,
  ""Scoring Details"": {
    ""Definition (4/5)"": ""The student accurately defined SWOT analysis and its four components (strengths, weaknesses, opportunities, threats). Minor deduction for not explicitly stating that strengths/weaknesses are internal and opportunities/threats are external."",
    ""Purpose (2/3)"": ""The student correctly linked SWOT to strategic planning and decision-making but did not elaborate on how it bridges internal capabilities with external possibilities (e.g., aligning resources with market trends)."",
    ""Depth (1.5/2)"": ""The answer was concise but lacked examples or specific strategic outcomes (e.g., risk mitigation, competitive advantage)."",
    ""Clarity (0.5/0)"": ""No issues here—the response was clear and well-structured.""
  },
  ""Personalized Feedback"": ""Good job defining SWOT analysis and its role in strategic planning! To improve, explicitly differentiate internal (strengths/weaknesses) and external (opportunities/threats) factors. Add examples of how SWOT informs strategies—like leveraging a strength to seize an opportunity or addressing a weakness to avoid a threat. This will deepen your explanation and showcase practical application.""
}","[""5: Fully understood and precisely executed all instructions; achieved core task with perfect accuracy; output format is fully compliant."", ""4: Accurately understood main instructions and correctly completed the task; core goals are well achieved; format is mostly correct with only minor omissions or deviations."", ""3: Understood the general intent but may miss some details; task largely completed but with some inaccuracies or omissions; formatting attempts present but with notable flaws."", ""2: Misunderstood part of the instruction; low task completion or major errors; formatting mostly incorrect."", ""1: Completely misunderstood or ignored instructions; task not completed or totally incorrect; formatting is chaotic or irrelevant.""]"
6b1d22832f8c2d9e51459ade117c52581ec16bf8,20b6c353348bf6455daf7c488443ac92d0d10f09,3,185.85147656249998,True,True,True,False,True,83,2,5,4,4,1.609375,1.4765625,-0.1328125,4.589560061077918,2.0020765553366004,-2.587483505741318,"Question: Which of the following is a primary role of a marketing manager in an organization?
Original Answer: Managing the financial accounts of the organization.
You are providing error-correction services for the student's response. Based on this question and the original answer, provide the ""Corrected Answer"" and ""Error Explanation"", in JSON format.","```json
{
  ""Corrected Answer"": ""Developing and implementing marketing strategies to promote the organization's products or services."",
  ""Error Explanation"": ""The original answer, 'Managing the financial accounts of the organization,' is incorrect. This task is typically associated with a finance manager or an accountant. A primary role of a marketing manager involves developing and executing marketing plans and strategies aimed at increasing brand awareness, customer engagement, and sales.""
}
```","```json
{
  ""Score"": 4,
  ""Scoring Details"": {
    ""Correctness"": 3,
    ""Completeness"": 2,
    ""Clarity"": 3
  },
  ""Personalized Feedback"": [
    {
      ""Type"": ""Correctness"",
      ""Feedback"": ""The definition provided is mostly correct, but it could be more precise. SWOT stands for Strengths, Weaknesses, Opportunities, and Threats. The student correctly identified the purpose of the analysis, but the term 'factors' might be too broad without specifying they are internal (strengths and weaknesses) and external (opportunities and threats).""
    },
    {
      ""Type"": ""Completeness"",
      ""Feedback"": ""The answer could be more comprehensive. It would be beneficial to include examples of how each aspect (strengths, weaknesses, opportunities, threats) can influence a business strategy and why this analysis is crucial for decision-making.""
    },
    {
      ""Type"": ""Clarity"",
      ""Feedback"": ""The explanation is clear and understandable. However, it could be enhanced by providing a bit more context or a simple example to illustrate the practical application of SWOT analysis in strategic planning.""
    }
  ]
}
```","[""5: Fully understood and precisely executed all instructions; achieved core task with perfect accuracy; output format is fully compliant."", ""4: Accurately understood main instructions and correctly completed the task; core goals are well achieved; format is mostly correct with only minor omissions or deviations."", ""3: Understood the general intent but may miss some details; task largely completed but with some inaccuracies or omissions; formatting attempts present but with notable flaws."", ""2: Misunderstood part of the instruction; low task completion or major errors; formatting mostly incorrect."", ""1: Completely misunderstood or ignored instructions; task not completed or totally incorrect; formatting is chaotic or irrelevant.""]"
02257ff2c77501987e43989cc8c71a017fb39dad,f139d0a733e08fab9604f98e1c086625d1f681f0,1,187.6511953125,True,True,True,False,True,47,2,5,4,4,1.5390625,1.1953125,-0.34375,4.4712668315874,1.6540665405939876,-2.817200290993412,"Question: Which of the following is a primary role of a marketing manager in an organization?
Original Answer: Managing the financial accounts of the organization.
You are providing error-correction services for the student's response. Based on this question and the original answer, provide the ""Corrected Answer"" and ""Error Explanation"", in JSON format.","{
  ""Corrected Answer"": ""Planning and executing marketing strategies to promote products or services."",
  ""Error Explanation"": ""The original answer incorrectly identifies managing financial accounts as a primary role of a marketing manager. This task is more closely associated with finance or accounting departments. A marketing manager focuses on planning and implementing marketing strategies aimed at promoting products or services.""
}","```json
{
  ""Score"": 8,
  ""Scoring Details"": {
    ""Understanding of SWOT Analysis"": 2,
    ""Explanation of Importance in Strategic Planning"": 2,
    ""Clarity and Conciseness"": 2,
    ""Relevance to the Question"": 2
  },
  ""Personalized Feedback"": ""Your answer provides a good basic understanding of SWOT analysis and its relevance to strategic planning. However, it could be improved by elaborating on how each component (strengths, weaknesses, opportunities, threats) specifically contributes to strategic planning. Additionally, providing an example or a more detailed explanation of how SWOT analysis informs decision-making would enhance the depth of your response. Keep up the good work, and consider adding more detail to fully address the question.""
}
```","[""5: Fully understood and precisely executed all instructions; achieved core task with perfect accuracy; output format is fully compliant."", ""4: Accurately understood main instructions and correctly completed the task; core goals are well achieved; format is mostly correct with only minor omissions or deviations."", ""3: Understood the general intent but may miss some details; task largely completed but with some inaccuracies or omissions; formatting attempts present but with notable flaws."", ""2: Misunderstood part of the instruction; low task completion or major errors; formatting mostly incorrect."", ""1: Completely misunderstood or ignored instructions; task not completed or totally incorrect; formatting is chaotic or irrelevant.""]"
02257ff2c77501987e43989cc8c71a017fb39dad,4dd02cc677565b675307c1d1329f08feef7b06f6,2,185.402546875,True,True,True,False,True,92,2,5,4,5,1.5390625,2.546875,1.0078125,4.4712668315874,3.3264480003293215,-1.1448188312580783,"Question: Which of the following is a primary role of a marketing manager in an organization?
Original Answer: Managing the financial accounts of the organization.
You are providing error-correction services for the student's response. Based on this question and the original answer, provide the ""Corrected Answer"" and ""Error Explanation"", in JSON format.","{
  ""Corrected Answer"": ""Planning and executing marketing strategies to promote products or services."",
  ""Error Explanation"": ""The original answer incorrectly identifies managing financial accounts as a primary role of a marketing manager. This task is more closely associated with finance or accounting departments. A marketing manager focuses on planning and implementing marketing strategies aimed at promoting products or services.""
}","{
  ""Score"": 8,
  ""Scoring Details"": {
    ""Definition (4/5)"": ""The student accurately defined SWOT analysis and its four components (strengths, weaknesses, opportunities, threats). Minor deduction for not explicitly stating that strengths/weaknesses are internal and opportunities/threats are external."",
    ""Purpose (2/3)"": ""The student correctly linked SWOT to strategic planning and decision-making but did not elaborate on how it bridges internal capabilities with external possibilities (e.g., aligning resources with market trends)."",
    ""Depth (1.5/2)"": ""The answer was concise but lacked examples or specific strategic outcomes (e.g., risk mitigation, competitive advantage)."",
    ""Clarity (0.5/0)"": ""No issues here—the response was clear and well-structured.""
  },
  ""Personalized Feedback"": ""Good job defining SWOT analysis and its role in strategic planning! To improve, explicitly differentiate internal (strengths/weaknesses) and external (opportunities/threats) factors. Add examples of how SWOT informs strategies—like leveraging a strength to seize an opportunity or addressing a weakness to avoid a threat. This will deepen your explanation and showcase practical application.""
}","[""5: Fully understood and precisely executed all instructions; achieved core task with perfect accuracy; output format is fully compliant."", ""4: Accurately understood main instructions and correctly completed the task; core goals are well achieved; format is mostly correct with only minor omissions or deviations."", ""3: Understood the general intent but may miss some details; task largely completed but with some inaccuracies or omissions; formatting attempts present but with notable flaws."", ""2: Misunderstood part of the instruction; low task completion or major errors; formatting mostly incorrect."", ""1: Completely misunderstood or ignored instructions; task not completed or totally incorrect; formatting is chaotic or irrelevant.""]"
02257ff2c77501987e43989cc8c71a017fb39dad,20b6c353348bf6455daf7c488443ac92d0d10f09,3,185.4014765625,True,True,True,False,True,92,2,5,4,4,1.5390625,1.4765625,-0.0625,4.4712668315874,2.0020765553366004,-2.4691902762507993,"Question: Which of the following is a primary role of a marketing manager in an organization?
Original Answer: Managing the financial accounts of the organization.
You are providing error-correction services for the student's response. Based on this question and the original answer, provide the ""Corrected Answer"" and ""Error Explanation"", in JSON format.","{
  ""Corrected Answer"": ""Planning and executing marketing strategies to promote products or services."",
  ""Error Explanation"": ""The original answer incorrectly identifies managing financial accounts as a primary role of a marketing manager. This task is more closely associated with finance or accounting departments. A marketing manager focuses on planning and implementing marketing strategies aimed at promoting products or services.""
}","```json
{
  ""Score"": 4,
  ""Scoring Details"": {
    ""Correctness"": 3,
    ""Completeness"": 2,
    ""Clarity"": 3
  },
  ""Personalized Feedback"": [
    {
      ""Type"": ""Correctness"",
      ""Feedback"": ""The definition provided is mostly correct, but it could be more precise. SWOT stands for Strengths, Weaknesses, Opportunities, and Threats. The student correctly identified the purpose of the analysis, but the term 'factors' might be too broad without specifying they are internal (strengths and weaknesses) and external (opportunities and threats).""
    },
    {
      ""Type"": ""Completeness"",
      ""Feedback"": ""The answer could be more comprehensive. It would be beneficial to include examples of how each aspect (strengths, weaknesses, opportunities, threats) can influence a business strategy and why this analysis is crucial for decision-making.""
    },
    {
      ""Type"": ""Clarity"",
      ""Feedback"": ""The explanation is clear and understandable. However, it could be enhanced by providing a bit more context or a simple example to illustrate the practical application of SWOT analysis in strategic planning.""
    }
  ]
}
```","[""5: Fully understood and precisely executed all instructions; achieved core task with perfect accuracy; output format is fully compliant."", ""4: Accurately understood main instructions and correctly completed the task; core goals are well achieved; format is mostly correct with only minor omissions or deviations."", ""3: Understood the general intent but may miss some details; task largely completed but with some inaccuracies or omissions; formatting attempts present but with notable flaws."", ""2: Misunderstood part of the instruction; low task completion or major errors; formatting mostly incorrect."", ""1: Completely misunderstood or ignored instructions; task not completed or totally incorrect; formatting is chaotic or irrelevant.""]"
760fc72a43fcce0f05f6e57f16c28416ee7a2536,0a12a95fbc5fd52ee81bec06be2ae22570f04ad6,1,188.301265625,True,True,True,False,True,34,2,5,5,4,1.84375,1.265625,-0.578125,4.428238723674269,1.977126807244531,-2.4511119164297384,"Question: Which of the following is a primary role of a marketing manager in an organization?
Original Answer: Managing the financial accounts of the organization.
You are providing error-correction services for the student's response. Based on this question and the original answer, provide the ""Corrected Answer"" and ""Error Explanation"", in JSON format.","```json
{
  ""Corrected Answer"": ""Developing and implementing marketing strategies to promote the organization's products or services."",
  ""Error Explanation"": ""The original answer incorrectly identifies managing financial accounts as the primary role of a marketing manager. This responsibility typically falls under the purview of a financial manager or accountant. The primary role of a marketing manager is to develop and execute marketing strategies to enhance the organization's market presence and drive sales.""
}
```","```json
{
  ""Score"": 8,
  ""Scoring Details"": {
    ""Understanding of SWOT Analysis"": 2,
    ""Explanation of Importance in Strategic Planning"": 2,
    ""Clarity and Conciseness"": 2,
    ""Relevance to the Question"": 2
  },
  ""Personalized Feedback"": ""Your answer provides a good basic understanding of SWOT analysis and its relevance to strategic planning. However, it could be improved by elaborating on how each component (strengths, weaknesses, opportunities, threats) specifically contributes to strategic planning. Additionally, providing an example or a more detailed explanation of how SWOT analysis informs decision-making would enhance the depth of your response. Keep up the good work, and consider adding more detail to fully address the question.""
}
```","[""5: Precisely identified all errors (no omission or false positives); provided completely correct, clear, and optimal correction suggestions."", ""4: Correctly located most major errors; suggestions are generally accurate and effective with only minor omissions or less-than-perfect advice."", ""3: Identified some errors but with clear omissions or false positives; suggestions are partially correct but may lack clarity, completeness or optimality."", ""2: Inaccurate error detection with critical omissions or many false positives; suggestions contain errors or are hard to comprehend."", ""1: Completely failed to detect errors; provided entirely incorrect or misleading correction advice.""]"
760fc72a43fcce0f05f6e57f16c28416ee7a2536,c16017c2c5c9fec5267f5e92076110262ad72098,2,186.05256250000002,True,True,True,False,True,79,2,5,5,5,1.84375,2.5625,0.71875,4.428238723674269,3.4310700002033627,-0.9971687234709066,"Question: Which of the following is a primary role of a marketing manager in an organization?
Original Answer: Managing the financial accounts of the organization.
You are providing error-correction services for the student's response. Based on this question and the original answer, provide the ""Corrected Answer"" and ""Error Explanation"", in JSON format.","```json
{
  ""Corrected Answer"": ""Developing and implementing marketing strategies to promote the organization's products or services."",
  ""Error Explanation"": ""The original answer incorrectly identifies managing financial accounts as the primary role of a marketing manager. This responsibility typically falls under the purview of a financial manager or accountant. The primary role of a marketing manager is to develop and execute marketing strategies to enhance the organization's market presence and drive sales.""
}
```","{
  ""Score"": 8,
  ""Scoring Details"": {
    ""Definition (4/5)"": ""The student accurately defined SWOT analysis and its four components (strengths, weaknesses, opportunities, threats). Minor deduction for not explicitly stating that strengths/weaknesses are internal and opportunities/threats are external."",
    ""Purpose (2/3)"": ""The student correctly linked SWOT to strategic planning and decision-making but did not elaborate on how it bridges internal capabilities with external possibilities (e.g., aligning resources with market trends)."",
    ""Depth (1.5/2)"": ""The answer was concise but lacked examples or specific strategic outcomes (e.g., risk mitigation, competitive advantage)."",
    ""Clarity (0.5/0)"": ""No issues here—the response was clear and well-structured.""
  },
  ""Personalized Feedback"": ""Good job defining SWOT analysis and its role in strategic planning! To improve, explicitly differentiate internal (strengths/weaknesses) and external (opportunities/threats) factors. Add examples of how SWOT informs strategies—like leveraging a strength to seize an opportunity or addressing a weakness to avoid a threat. This will deepen your explanation and showcase practical application.""
}","[""5: Precisely identified all errors (no omission or false positives); provided completely correct, clear, and optimal correction suggestions."", ""4: Correctly located most major errors; suggestions are generally accurate and effective with only minor omissions or less-than-perfect advice."", ""3: Identified some errors but with clear omissions or false positives; suggestions are partially correct but may lack clarity, completeness or optimality."", ""2: Inaccurate error detection with critical omissions or many false positives; suggestions contain errors or are hard to comprehend."", ""1: Completely failed to detect errors; provided entirely incorrect or misleading correction advice.""]"
760fc72a43fcce0f05f6e57f16c28416ee7a2536,8cb9efe829771844b2e4a666ca9af11f790b84b2,3,186.051515625,True,True,True,False,True,79,2,5,5,4,1.84375,1.515625,-0.328125,4.428238723674269,2.257405013116113,-2.1708337105581563,"Question: Which of the following is a primary role of a marketing manager in an organization?
Original Answer: Managing the financial accounts of the organization.
You are providing error-correction services for the student's response. Based on this question and the original answer, provide the ""Corrected Answer"" and ""Error Explanation"", in JSON format.","```json
{
  ""Corrected Answer"": ""Developing and implementing marketing strategies to promote the organization's products or services."",
  ""Error Explanation"": ""The original answer incorrectly identifies managing financial accounts as the primary role of a marketing manager. This responsibility typically falls under the purview of a financial manager or accountant. The primary role of a marketing manager is to develop and execute marketing strategies to enhance the organization's market presence and drive sales.""
}
```","```json
{
  ""Score"": 4,
  ""Scoring Details"": {
    ""Correctness"": 3,
    ""Completeness"": 2,
    ""Clarity"": 3
  },
  ""Personalized Feedback"": [
    {
      ""Type"": ""Correctness"",
      ""Feedback"": ""The definition provided is mostly correct, but it could be more precise. SWOT stands for Strengths, Weaknesses, Opportunities, and Threats. The student correctly identified the purpose of the analysis, but the term 'factors' might be too broad without specifying they are internal (strengths and weaknesses) and external (opportunities and threats).""
    },
    {
      ""Type"": ""Completeness"",
      ""Feedback"": ""The answer could be more comprehensive. It would be beneficial to include examples of how each aspect (strengths, weaknesses, opportunities, threats) can influence a business strategy and why this analysis is crucial for decision-making.""
    },
    {
      ""Type"": ""Clarity"",
      ""Feedback"": ""The explanation is clear and understandable. However, it could be enhanced by providing a bit more context or a simple example to illustrate the practical application of SWOT analysis in strategic planning.""
    }
  ]
}
```","[""5: Precisely identified all errors (no omission or false positives); provided completely correct, clear, and optimal correction suggestions."", ""4: Correctly located most major errors; suggestions are generally accurate and effective with only minor omissions or less-than-perfect advice."", ""3: Identified some errors but with clear omissions or false positives; suggestions are partially correct but may lack clarity, completeness or optimality."", ""2: Inaccurate error detection with critical omissions or many false positives; suggestions contain errors or are hard to comprehend."", ""1: Completely failed to detect errors; provided entirely incorrect or misleading correction advice.""]"
3783f563820e72434b75d23f81fd58fb010931f7,e6875b7f437b1b12babd7dc0342ecd844d65689a,1,240.0011015625,True,True,True,True,True,0,2,5,5,5,1.109375,1.1015625,-0.0078125,4.367335108497031,4.35830679947216,-0.009028309024870396,"Subject:History
Education Level:PhD
Question:Which of the following historians is best known for pioneering the Annales School of historical writing, which emphasized long-term social history?
A) Marc Bloch
B) E. H. Carr
C) Leopold von Ranke
D) Fernand Braudel
. Please generate the corresponding answer based on the question. ""Answer"":, in JSON format.","```json
{
  ""Answer"": ""A) Marc Bloch""
}
```","```json
{
  ""Answer"": ""D) Fernand Braudel""
}
```","[""5: Content is highly relevant to the specified topic/theme/question; strictly within required difficulty/scope/discipline without redundant or irrelevant information."", ""4: Overall relevance is high; scope control is good with possibly a small amount of slightly off-topic or mildly overreaching information."", ""3: Mostly relevant, but includes some off-topic or out-of-scope content; scope control needs improvement."", ""2: Poor relevance; includes a significant amount of irrelevant information or is largely outside scope."", ""1: Content is largely irrelevant or completely outside the specified scope.""]"
3783f563820e72434b75d23f81fd58fb010931f7,276ef7d9aadd5735ceac2d05c26067a283767c12,2,239.90109375,True,True,True,True,True,2,2,5,5,5,1.109375,1.09375,-0.015625,4.367335108497031,4.34927849044729,-0.01805661804974079,"Subject:History
Education Level:PhD
Question:Which of the following historians is best known for pioneering the Annales School of historical writing, which emphasized long-term social history?
A) Marc Bloch
B) E. H. Carr
C) Leopold von Ranke
D) Fernand Braudel
. Please generate the corresponding answer based on the question. ""Answer"":, in JSON format.","```json
{
  ""Answer"": ""A) Marc Bloch""
}
```","{
  ""answer"": ""D) Fernand Braudel""
}","[""5: Content is highly relevant to the specified topic/theme/question; strictly within required difficulty/scope/discipline without redundant or irrelevant information."", ""4: Overall relevance is high; scope control is good with possibly a small amount of slightly off-topic or mildly overreaching information."", ""3: Mostly relevant, but includes some off-topic or out-of-scope content; scope control needs improvement."", ""2: Poor relevance; includes a significant amount of irrelevant information or is largely outside scope."", ""1: Content is largely irrelevant or completely outside the specified scope.""]"
3783f563820e72434b75d23f81fd58fb010931f7,1ca4631202d9b8c6ab5a90eb3e5165a88638131e,3,239.9010859375,True,True,True,True,True,2,2,5,5,5,1.109375,1.0859375,-0.0234375,4.367335108497031,4.3402501814224195,-0.027084927074611187,"Subject:History
Education Level:PhD
Question:Which of the following historians is best known for pioneering the Annales School of historical writing, which emphasized long-term social history?
A) Marc Bloch
B) E. H. Carr
C) Leopold von Ranke
D) Fernand Braudel
. Please generate the corresponding answer based on the question. ""Answer"":, in JSON format.","```json
{
  ""Answer"": ""A) Marc Bloch""
}
```","{
  ""Answer"": ""D) Fernand Braudel""
}","[""5: Content is highly relevant to the specified topic/theme/question; strictly within required difficulty/scope/discipline without redundant or irrelevant information."", ""4: Overall relevance is high; scope control is good with possibly a small amount of slightly off-topic or mildly overreaching information."", ""3: Mostly relevant, but includes some off-topic or out-of-scope content; scope control needs improvement."", ""2: Poor relevance; includes a significant amount of irrelevant information or is largely outside scope."", ""1: Content is largely irrelevant or completely outside the specified scope.""]"
d827928fc39a06825d345c6f8c0685eba89b65cd,0a12a95fbc5fd52ee81bec06be2ae22570f04ad6,1,188.101265625,True,True,True,False,True,38,2,5,5,4,1.7265625,1.265625,-0.4609375,4.255762304426582,1.977126807244531,-2.2786354971820515,"Question: Which of the following is a primary role of a marketing manager in an organization?
Original Answer: Managing the financial accounts of the organization.
You are providing error-correction services for the student's response. Based on this question and the original answer, provide the ""Corrected Answer"" and ""Error Explanation"", in JSON format.","```json
{
  ""Corrected Answer"": ""Developing and implementing marketing strategies to promote the organization's products or services."",
  ""Error Explanation"": ""The original answer, 'Managing the financial accounts of the organization,' is incorrect. This task is typically associated with a finance manager or an accountant. A primary role of a marketing manager involves developing and executing marketing plans and strategies aimed at increasing brand awareness, customer engagement, and sales.""
}
```","```json
{
  ""Score"": 8,
  ""Scoring Details"": {
    ""Understanding of SWOT Analysis"": 2,
    ""Explanation of Importance in Strategic Planning"": 2,
    ""Clarity and Conciseness"": 2,
    ""Relevance to the Question"": 2
  },
  ""Personalized Feedback"": ""Your answer provides a good basic understanding of SWOT analysis and its relevance to strategic planning. However, it could be improved by elaborating on how each component (strengths, weaknesses, opportunities, threats) specifically contributes to strategic planning. Additionally, providing an example or a more detailed explanation of how SWOT analysis informs decision-making would enhance the depth of your response. Keep up the good work, and consider adding more detail to fully address the question.""
}
```","[""5: Precisely identified all errors (no omission or false positives); provided completely correct, clear, and optimal correction suggestions."", ""4: Correctly located most major errors; suggestions are generally accurate and effective with only minor omissions or less-than-perfect advice."", ""3: Identified some errors but with clear omissions or false positives; suggestions are partially correct but may lack clarity, completeness or optimality."", ""2: Inaccurate error detection with critical omissions or many false positives; suggestions contain errors or are hard to comprehend."", ""1: Completely failed to detect errors; provided entirely incorrect or misleading correction advice.""]"
d827928fc39a06825d345c6f8c0685eba89b65cd,c16017c2c5c9fec5267f5e92076110262ad72098,2,185.8525625,True,True,True,False,True,83,2,5,5,5,1.7265625,2.5625,0.8359375,4.255762304426582,3.4310700002033627,-0.8246923042232197,"Question: Which of the following is a primary role of a marketing manager in an organization?
Original Answer: Managing the financial accounts of the organization.
You are providing error-correction services for the student's response. Based on this question and the original answer, provide the ""Corrected Answer"" and ""Error Explanation"", in JSON format.","```json
{
  ""Corrected Answer"": ""Developing and implementing marketing strategies to promote the organization's products or services."",
  ""Error Explanation"": ""The original answer, 'Managing the financial accounts of the organization,' is incorrect. This task is typically associated with a finance manager or an accountant. A primary role of a marketing manager involves developing and executing marketing plans and strategies aimed at increasing brand awareness, customer engagement, and sales.""
}
```","{
  ""Score"": 8,
  ""Scoring Details"": {
    ""Definition (4/5)"": ""The student accurately defined SWOT analysis and its four components (strengths, weaknesses, opportunities, threats). Minor deduction for not explicitly stating that strengths/weaknesses are internal and opportunities/threats are external."",
    ""Purpose (2/3)"": ""The student correctly linked SWOT to strategic planning and decision-making but did not elaborate on how it bridges internal capabilities with external possibilities (e.g., aligning resources with market trends)."",
    ""Depth (1.5/2)"": ""The answer was concise but lacked examples or specific strategic outcomes (e.g., risk mitigation, competitive advantage)."",
    ""Clarity (0.5/0)"": ""No issues here—the response was clear and well-structured.""
  },
  ""Personalized Feedback"": ""Good job defining SWOT analysis and its role in strategic planning! To improve, explicitly differentiate internal (strengths/weaknesses) and external (opportunities/threats) factors. Add examples of how SWOT informs strategies—like leveraging a strength to seize an opportunity or addressing a weakness to avoid a threat. This will deepen your explanation and showcase practical application.""
}","[""5: Precisely identified all errors (no omission or false positives); provided completely correct, clear, and optimal correction suggestions."", ""4: Correctly located most major errors; suggestions are generally accurate and effective with only minor omissions or less-than-perfect advice."", ""3: Identified some errors but with clear omissions or false positives; suggestions are partially correct but may lack clarity, completeness or optimality."", ""2: Inaccurate error detection with critical omissions or many false positives; suggestions contain errors or are hard to comprehend."", ""1: Completely failed to detect errors; provided entirely incorrect or misleading correction advice.""]"
d827928fc39a06825d345c6f8c0685eba89b65cd,8cb9efe829771844b2e4a666ca9af11f790b84b2,3,185.851515625,True,True,True,False,True,83,2,5,5,4,1.7265625,1.515625,-0.2109375,4.255762304426582,2.257405013116113,-1.9983572913104695,"Question: Which of the following is a primary role of a marketing manager in an organization?
Original Answer: Managing the financial accounts of the organization.
You are providing error-correction services for the student's response. Based on this question and the original answer, provide the ""Corrected Answer"" and ""Error Explanation"", in JSON format.","```json
{
  ""Corrected Answer"": ""Developing and implementing marketing strategies to promote the organization's products or services."",
  ""Error Explanation"": ""The original answer, 'Managing the financial accounts of the organization,' is incorrect. This task is typically associated with a finance manager or an accountant. A primary role of a marketing manager involves developing and executing marketing plans and strategies aimed at increasing brand awareness, customer engagement, and sales.""
}
```","```json
{
  ""Score"": 4,
  ""Scoring Details"": {
    ""Correctness"": 3,
    ""Completeness"": 2,
    ""Clarity"": 3
  },
  ""Personalized Feedback"": [
    {
      ""Type"": ""Correctness"",
      ""Feedback"": ""The definition provided is mostly correct, but it could be more precise. SWOT stands for Strengths, Weaknesses, Opportunities, and Threats. The student correctly identified the purpose of the analysis, but the term 'factors' might be too broad without specifying they are internal (strengths and weaknesses) and external (opportunities and threats).""
    },
    {
      ""Type"": ""Completeness"",
      ""Feedback"": ""The answer could be more comprehensive. It would be beneficial to include examples of how each aspect (strengths, weaknesses, opportunities, threats) can influence a business strategy and why this analysis is crucial for decision-making.""
    },
    {
      ""Type"": ""Clarity"",
      ""Feedback"": ""The explanation is clear and understandable. However, it could be enhanced by providing a bit more context or a simple example to illustrate the practical application of SWOT analysis in strategic planning.""
    }
  ]
}
```","[""5: Precisely identified all errors (no omission or false positives); provided completely correct, clear, and optimal correction suggestions."", ""4: Correctly located most major errors; suggestions are generally accurate and effective with only minor omissions or less-than-perfect advice."", ""3: Identified some errors but with clear omissions or false positives; suggestions are partially correct but may lack clarity, completeness or optimality."", ""2: Inaccurate error detection with critical omissions or many false positives; suggestions contain errors or are hard to comprehend."", ""1: Completely failed to detect errors; provided entirely incorrect or misleading correction advice.""]"
9ab1bf35a1c05a0d05b45d75620e919312780063,b6f21ab2a58616e1c3b9b47d7afafb3f3bdb406c,1,234.15081640625002,True,True,True,True,True,117,2,5,5,5,3.078125,0.81640625,-2.26171875,4.207854952200165,2.1841711832702515,-2.0236837689299136,"Subject:History
Education Level:PhD
Question:Which of the following historians is best known for pioneering the Annales School of historical writing, which emphasized long-term social history?
A) Marc Bloch
B) E. H. Carr
C) Leopold von Ranke
D) Fernand Braudel
. Please generate the corresponding answer based on the question. ""Answer"":, in JSON format.","```json
{
    ""Answer"": {
        ""question"": ""Which of the following historians is best known for pioneering the Annales School of historical writing, which emphasized long-term social history?"",
        ""options"": {
            ""A"": ""Marc Bloch"",
            ""B"": ""E. H. Carr"",
            ""C"": ""Leopold von Ranke"",
            ""D"": ""Fernand Braudel""
        },
        ""correct_answer"": ""A) Marc Bloch"",
        ""explanation"": ""Marc Bloch, along with Lucien Febvre, co-founded the Annales School in 1929. The school revolutionized historical study by prioritizing long-term social and economic structures (the 'longue durée') over traditional political narratives. While Fernand Braudel (D) later became a leading figure of the Annales School, Bloch is recognized as its pioneer. E. H. Carr (B) focused on historiography and Soviet history, and Leopold von Ranke (C) emphasized empirical political history, contrasting with the Annales approach.""
    }
}
```","```json
{
  ""Answer"": ""D) Fernand Braudel""
}
```","[""5: Fully understood and precisely executed all instructions; achieved core task with perfect accuracy; output format is fully compliant."", ""4: Accurately understood main instructions and correctly completed the task; core goals are well achieved; format is mostly correct with only minor omissions or deviations."", ""3: Understood the general intent but may miss some details; task largely completed but with some inaccuracies or omissions; formatting attempts present but with notable flaws."", ""2: Misunderstood part of the instruction; low task completion or major errors; formatting mostly incorrect."", ""1: Completely misunderstood or ignored instructions; task not completed or totally incorrect; formatting is chaotic or irrelevant.""]"
9ab1bf35a1c05a0d05b45d75620e919312780063,0525eeb3debdf218d99f9fb489738873d8788cea,2,234.05079296875002,True,True,True,True,True,119,2,5,5,5,3.078125,0.79296875,-2.28515625,4.207854952200165,2.1632003670119104,-2.0446545851882547,"Subject:History
Education Level:PhD
Question:Which of the following historians is best known for pioneering the Annales School of historical writing, which emphasized long-term social history?
A) Marc Bloch
B) E. H. Carr
C) Leopold von Ranke
D) Fernand Braudel
. Please generate the corresponding answer based on the question. ""Answer"":, in JSON format.","```json
{
    ""Answer"": {
        ""question"": ""Which of the following historians is best known for pioneering the Annales School of historical writing, which emphasized long-term social history?"",
        ""options"": {
            ""A"": ""Marc Bloch"",
            ""B"": ""E. H. Carr"",
            ""C"": ""Leopold von Ranke"",
            ""D"": ""Fernand Braudel""
        },
        ""correct_answer"": ""A) Marc Bloch"",
        ""explanation"": ""Marc Bloch, along with Lucien Febvre, co-founded the Annales School in 1929. The school revolutionized historical study by prioritizing long-term social and economic structures (the 'longue durée') over traditional political narratives. While Fernand Braudel (D) later became a leading figure of the Annales School, Bloch is recognized as its pioneer. E. H. Carr (B) focused on historiography and Soviet history, and Leopold von Ranke (C) emphasized empirical political history, contrasting with the Annales approach.""
    }
}
```","{
  ""answer"": ""D) Fernand Braudel""
}","[""5: Fully understood and precisely executed all instructions; achieved core task with perfect accuracy; output format is fully compliant."", ""4: Accurately understood main instructions and correctly completed the task; core goals are well achieved; format is mostly correct with only minor omissions or deviations."", ""3: Understood the general intent but may miss some details; task largely completed but with some inaccuracies or omissions; formatting attempts present but with notable flaws."", ""2: Misunderstood part of the instruction; low task completion or major errors; formatting mostly incorrect."", ""1: Completely misunderstood or ignored instructions; task not completed or totally incorrect; formatting is chaotic or irrelevant.""]"
9ab1bf35a1c05a0d05b45d75620e919312780063,84e9eae8bd763da23ac2be7f583337182ba740ad,3,234.05077734375,True,True,True,True,True,119,2,5,5,5,3.078125,0.77734375,-2.30078125,4.207854952200165,2.149219822839683,-2.058635129360482,"Subject:History
Education Level:PhD
Question:Which of the following historians is best known for pioneering the Annales School of historical writing, which emphasized long-term social history?
A) Marc Bloch
B) E. H. Carr
C) Leopold von Ranke
D) Fernand Braudel
. Please generate the corresponding answer based on the question. ""Answer"":, in JSON format.","```json
{
    ""Answer"": {
        ""question"": ""Which of the following historians is best known for pioneering the Annales School of historical writing, which emphasized long-term social history?"",
        ""options"": {
            ""A"": ""Marc Bloch"",
            ""B"": ""E. H. Carr"",
            ""C"": ""Leopold von Ranke"",
            ""D"": ""Fernand Braudel""
        },
        ""correct_answer"": ""A) Marc Bloch"",
        ""explanation"": ""Marc Bloch, along with Lucien Febvre, co-founded the Annales School in 1929. The school revolutionized historical study by prioritizing long-term social and economic structures (the 'longue durée') over traditional political narratives. While Fernand Braudel (D) later became a leading figure of the Annales School, Bloch is recognized as its pioneer. E. H. Carr (B) focused on historiography and Soviet history, and Leopold von Ranke (C) emphasized empirical political history, contrasting with the Annales approach.""
    }
}
```","{
  ""Answer"": ""D) Fernand Braudel""
}","[""5: Fully understood and precisely executed all instructions; achieved core task with perfect accuracy; output format is fully compliant."", ""4: Accurately understood main instructions and correctly completed the task; core goals are well achieved; format is mostly correct with only minor omissions or deviations."", ""3: Understood the general intent but may miss some details; task largely completed but with some inaccuracies or omissions; formatting attempts present but with notable flaws."", ""2: Misunderstood part of the instruction; low task completion or major errors; formatting mostly incorrect."", ""1: Completely misunderstood or ignored instructions; task not completed or totally incorrect; formatting is chaotic or irrelevant.""]"
28cb100bda849f499ad3ad11500b7d1b494be4a7,0a12a95fbc5fd52ee81bec06be2ae22570f04ad6,1,187.651265625,True,True,True,False,True,47,2,5,5,4,1.6328125,1.265625,-0.3671875,4.117781169028433,1.977126807244531,-2.140654361783902,"Question: Which of the following is a primary role of a marketing manager in an organization?
Original Answer: Managing the financial accounts of the organization.
You are providing error-correction services for the student's response. Based on this question and the original answer, provide the ""Corrected Answer"" and ""Error Explanation"", in JSON format.","{
  ""Corrected Answer"": ""Planning and executing marketing strategies to promote products or services."",
  ""Error Explanation"": ""The original answer incorrectly identifies managing financial accounts as a primary role of a marketing manager. This task is more closely associated with finance or accounting departments. A marketing manager focuses on planning and implementing marketing strategies aimed at promoting products or services.""
}","```json
{
  ""Score"": 8,
  ""Scoring Details"": {
    ""Understanding of SWOT Analysis"": 2,
    ""Explanation of Importance in Strategic Planning"": 2,
    ""Clarity and Conciseness"": 2,
    ""Relevance to the Question"": 2
  },
  ""Personalized Feedback"": ""Your answer provides a good basic understanding of SWOT analysis and its relevance to strategic planning. However, it could be improved by elaborating on how each component (strengths, weaknesses, opportunities, threats) specifically contributes to strategic planning. Additionally, providing an example or a more detailed explanation of how SWOT analysis informs decision-making would enhance the depth of your response. Keep up the good work, and consider adding more detail to fully address the question.""
}
```","[""5: Precisely identified all errors (no omission or false positives); provided completely correct, clear, and optimal correction suggestions."", ""4: Correctly located most major errors; suggestions are generally accurate and effective with only minor omissions or less-than-perfect advice."", ""3: Identified some errors but with clear omissions or false positives; suggestions are partially correct but may lack clarity, completeness or optimality."", ""2: Inaccurate error detection with critical omissions or many false positives; suggestions contain errors or are hard to comprehend."", ""1: Completely failed to detect errors; provided entirely incorrect or misleading correction advice.""]"
28cb100bda849f499ad3ad11500b7d1b494be4a7,c16017c2c5c9fec5267f5e92076110262ad72098,2,185.40256250000002,True,True,True,False,True,92,2,5,5,5,1.6328125,2.5625,0.9296875,4.117781169028433,3.4310700002033627,-0.6867111688250702,"Question: Which of the following is a primary role of a marketing manager in an organization?
Original Answer: Managing the financial accounts of the organization.
You are providing error-correction services for the student's response. Based on this question and the original answer, provide the ""Corrected Answer"" and ""Error Explanation"", in JSON format.","{
  ""Corrected Answer"": ""Planning and executing marketing strategies to promote products or services."",
  ""Error Explanation"": ""The original answer incorrectly identifies managing financial accounts as a primary role of a marketing manager. This task is more closely associated with finance or accounting departments. A marketing manager focuses on planning and implementing marketing strategies aimed at promoting products or services.""
}","{
  ""Score"": 8,
  ""Scoring Details"": {
    ""Definition (4/5)"": ""The student accurately defined SWOT analysis and its four components (strengths, weaknesses, opportunities, threats). Minor deduction for not explicitly stating that strengths/weaknesses are internal and opportunities/threats are external."",
    ""Purpose (2/3)"": ""The student correctly linked SWOT to strategic planning and decision-making but did not elaborate on how it bridges internal capabilities with external possibilities (e.g., aligning resources with market trends)."",
    ""Depth (1.5/2)"": ""The answer was concise but lacked examples or specific strategic outcomes (e.g., risk mitigation, competitive advantage)."",
    ""Clarity (0.5/0)"": ""No issues here—the response was clear and well-structured.""
  },
  ""Personalized Feedback"": ""Good job defining SWOT analysis and its role in strategic planning! To improve, explicitly differentiate internal (strengths/weaknesses) and external (opportunities/threats) factors. Add examples of how SWOT informs strategies—like leveraging a strength to seize an opportunity or addressing a weakness to avoid a threat. This will deepen your explanation and showcase practical application.""
}","[""5: Precisely identified all errors (no omission or false positives); provided completely correct, clear, and optimal correction suggestions."", ""4: Correctly located most major errors; suggestions are generally accurate and effective with only minor omissions or less-than-perfect advice."", ""3: Identified some errors but with clear omissions or false positives; suggestions are partially correct but may lack clarity, completeness or optimality."", ""2: Inaccurate error detection with critical omissions or many false positives; suggestions contain errors or are hard to comprehend."", ""1: Completely failed to detect errors; provided entirely incorrect or misleading correction advice.""]"
28cb100bda849f499ad3ad11500b7d1b494be4a7,8cb9efe829771844b2e4a666ca9af11f790b84b2,3,185.401515625,True,True,True,False,True,92,2,5,5,4,1.6328125,1.515625,-0.1171875,4.117781169028433,2.257405013116113,-1.86037615591232,"Question: Which of the following is a primary role of a marketing manager in an organization?
Original Answer: Managing the financial accounts of the organization.
You are providing error-correction services for the student's response. Based on this question and the original answer, provide the ""Corrected Answer"" and ""Error Explanation"", in JSON format.","{
  ""Corrected Answer"": ""Planning and executing marketing strategies to promote products or services."",
  ""Error Explanation"": ""The original answer incorrectly identifies managing financial accounts as a primary role of a marketing manager. This task is more closely associated with finance or accounting departments. A marketing manager focuses on planning and implementing marketing strategies aimed at promoting products or services.""
}","```json
{
  ""Score"": 4,
  ""Scoring Details"": {
    ""Correctness"": 3,
    ""Completeness"": 2,
    ""Clarity"": 3
  },
  ""Personalized Feedback"": [
    {
      ""Type"": ""Correctness"",
      ""Feedback"": ""The definition provided is mostly correct, but it could be more precise. SWOT stands for Strengths, Weaknesses, Opportunities, and Threats. The student correctly identified the purpose of the analysis, but the term 'factors' might be too broad without specifying they are internal (strengths and weaknesses) and external (opportunities and threats).""
    },
    {
      ""Type"": ""Completeness"",
      ""Feedback"": ""The answer could be more comprehensive. It would be beneficial to include examples of how each aspect (strengths, weaknesses, opportunities, threats) can influence a business strategy and why this analysis is crucial for decision-making.""
    },
    {
      ""Type"": ""Clarity"",
      ""Feedback"": ""The explanation is clear and understandable. However, it could be enhanced by providing a bit more context or a simple example to illustrate the practical application of SWOT analysis in strategic planning.""
    }
  ]
}
```","[""5: Precisely identified all errors (no omission or false positives); provided completely correct, clear, and optimal correction suggestions."", ""4: Correctly located most major errors; suggestions are generally accurate and effective with only minor omissions or less-than-perfect advice."", ""3: Identified some errors but with clear omissions or false positives; suggestions are partially correct but may lack clarity, completeness or optimality."", ""2: Inaccurate error detection with critical omissions or many false positives; suggestions contain errors or are hard to comprehend."", ""1: Completely failed to detect errors; provided entirely incorrect or misleading correction advice.""]"
a7f69c77078e9926635bb2b77ebdd28d5733ae36,56cd7d501fa0da131b89c0094fd3a0e81eaf6ef3,1,169.95301562499998,True,True,False,False,True,1,2,4,5,4,2.359375,3.015625,0.65625,4.039592166582452,4.475355199770092,0.43576303318764076,"Question: Which of the following is a primary role of a marketing manager in an organization?
Original Answer: Managing the financial accounts of the organization.
You are providing error-correction services for the student's response. Based on this question and the original answer, provide the ""Corrected Answer"" and ""Error Explanation"", in JSON format.","```json
{
  ""Corrected Answer"": ""Developing and implementing marketing strategies to promote the organization's products or services."",
  ""Error Explanation"": ""The original answer incorrectly identifies managing financial accounts as a primary role of a marketing manager. This responsibility typically falls under the finance or accounting department. A marketing manager's primary role involves overseeing marketing campaigns, conducting market research, managing branding efforts, and strategizing to drive customer engagement and sales, rather than handling financial accounts.""
}
```","```json
{
  ""Corrected Answer"": ""Sociocultural Theory"",
  ""Error Explanation"": ""The original answer, 'Cognitive Load Theory,' is incorrect because it focuses on the amount of information that working memory can handle at one time, rather than the role of social interaction in cognitive development. The correct answer is 'Sociocultural Theory,' which was developed by Lev Vygotsky. This theory emphasizes the importance of social interaction, cultural tools, and collaborative learning in the development of cognitive abilities.""
}
```","[""5: Extremely clear and concise explanations; fully accessible for target learners; vibrant and engaging delivery that inspires deep thought and interest."", ""4: Clear and easy to understand; appropriate for learner level; somewhat thought-provoking and can trigger reflection."", ""3: Generally understandable but may be wordy, complex, or dull; limited inspirational impact."", ""2: Lacks clarity; uses excessive jargon or complex structures; difficult to comprehend; uninspiring."", ""1: Confusing and hard to follow; disregards learner needs; offers no inspiration and may cause confusion.""]"
a7f69c77078e9926635bb2b77ebdd28d5733ae36,417b3acdb47d8f3efe175fc86ed792809a4b6476,2,169.951015625,True,True,False,False,True,1,2,4,4,4,2.359375,1.015625,-1.34375,4.039592166582452,1.2270450448611427,-2.812547121721309,"Question: Which of the following is a primary role of a marketing manager in an organization?
Original Answer: Managing the financial accounts of the organization.
You are providing error-correction services for the student's response. Based on this question and the original answer, provide the ""Corrected Answer"" and ""Error Explanation"", in JSON format.","```json
{
  ""Corrected Answer"": ""Developing and implementing marketing strategies to promote the organization's products or services."",
  ""Error Explanation"": ""The original answer incorrectly identifies managing financial accounts as a primary role of a marketing manager. This responsibility typically falls under the finance or accounting department. A marketing manager's primary role involves overseeing marketing campaigns, conducting market research, managing branding efforts, and strategizing to drive customer engagement and sales, rather than handling financial accounts.""
}
```","```json
{
  ""Question"": ""Which principle of war involves concentrating combat power at the decisive place and time to achieve overwhelming effects against the enemy?"",
  ""Provided Reasoning"": ""The correct answer is the principle of mass. This principle emphasizes the importance of assembling and employing superior combat power relative to the enemy at the critical time and place. It ensures that military forces can decisively defeat the enemy through numerical or qualitative superiority.""
}
```","[""5: Extremely clear and concise explanations; fully accessible for target learners; vibrant and engaging delivery that inspires deep thought and interest."", ""4: Clear and easy to understand; appropriate for learner level; somewhat thought-provoking and can trigger reflection."", ""3: Generally understandable but may be wordy, complex, or dull; limited inspirational impact."", ""2: Lacks clarity; uses excessive jargon or complex structures; difficult to comprehend; uninspiring."", ""1: Confusing and hard to follow; disregards learner needs; offers no inspiration and may cause confusion.""]"
a7f69c77078e9926635bb2b77ebdd28d5733ae36,5eb8c53e3c4907a01f2b56b7834d0e69e8fdfcba,3,169.902765625,True,True,False,False,True,2,2,4,4,4,2.359375,2.765625,0.40625,4.039592166582452,4.0306543626347775,-0.008937803947674183,"Question: Which of the following is a primary role of a marketing manager in an organization?
Original Answer: Managing the financial accounts of the organization.
You are providing error-correction services for the student's response. Based on this question and the original answer, provide the ""Corrected Answer"" and ""Error Explanation"", in JSON format.","```json
{
  ""Corrected Answer"": ""Developing and implementing marketing strategies to promote the organization's products or services."",
  ""Error Explanation"": ""The original answer incorrectly identifies managing financial accounts as a primary role of a marketing manager. This responsibility typically falls under the finance or accounting department. A marketing manager's primary role involves overseeing marketing campaigns, conducting market research, managing branding efforts, and strategizing to drive customer engagement and sales, rather than handling financial accounts.""
}
```","```json
{
  ""Corrected Answer"": ""Social Constructivism"",
  ""Error Explanation"": ""Cognitive Load Theory focuses on the amount of information that working memory can hold at one time, and how to manage this load for effective learning. The theory that emphasizes the role of social interaction in cognitive development is Social Constructivism, which was largely developed by Lev Vygotsky. This theory suggests that learning is a collaborative process and that knowledge is constructed through interactions with others.""
}
```","[""5: Extremely clear and concise explanations; fully accessible for target learners; vibrant and engaging delivery that inspires deep thought and interest."", ""4: Clear and easy to understand; appropriate for learner level; somewhat thought-provoking and can trigger reflection."", ""3: Generally understandable but may be wordy, complex, or dull; limited inspirational impact."", ""2: Lacks clarity; uses excessive jargon or complex structures; difficult to comprehend; uninspiring."", ""1: Confusing and hard to follow; disregards learner needs; offers no inspiration and may cause confusion.""]"
a30876aee5bfcd792a475f60264f22dfc7b74b91,a69763703e28ba45687d29d852189c8fe82119d1,1,240.00090625,True,True,True,True,True,0,2,5,5,5,0.90234375,0.90625,0.00390625,3.5096245150903655,3.5134298940079702,0.003805378917604685,"Subject:History
Education Level:PhD
Question:Which of the following historians is best known for pioneering the Annales School of historical writing, which emphasized long-term social history?
A) Marc Bloch
B) E. H. Carr
C) Leopold von Ranke
D) Fernand Braudel
. Please generate the corresponding answer based on the question. ""Answer"":, in JSON format.","```json
{
  ""Answer"": ""A) Marc Bloch""
}
```","```json
{
  ""Answer"": ""D) Fernand Braudel""
}
```","[""5: All stated factual elements (definitions, formulas, dates, terms, syntax, etc.) are completely accurate."", ""4: Vast majority of facts are correct; possibly contains very minor, non-critical typos or omissions."", ""3: Most facts are correct, but there are some notable factual errors that require review."", ""2: Contains several or key factual inaccuracies; information is not trustworthy."", ""1: Riddled with factual errors; information is completely incorrect or misleading.""]"
a30876aee5bfcd792a475f60264f22dfc7b74b91,4db2dec4d98ab6e294ef19dd64c116bca9f781e5,2,239.90091015625,True,True,True,True,True,2,2,5,5,5,0.90234375,0.91015625,0.0078125,3.5096245150903655,3.517235272925575,0.00761075783520937,"Subject:History
Education Level:PhD
Question:Which of the following historians is best known for pioneering the Annales School of historical writing, which emphasized long-term social history?
A) Marc Bloch
B) E. H. Carr
C) Leopold von Ranke
D) Fernand Braudel
. Please generate the corresponding answer based on the question. ""Answer"":, in JSON format.","```json
{
  ""Answer"": ""A) Marc Bloch""
}
```","{
  ""answer"": ""D) Fernand Braudel""
}","[""5: All stated factual elements (definitions, formulas, dates, terms, syntax, etc.) are completely accurate."", ""4: Vast majority of facts are correct; possibly contains very minor, non-critical typos or omissions."", ""3: Most facts are correct, but there are some notable factual errors that require review."", ""2: Contains several or key factual inaccuracies; information is not trustworthy."", ""1: Riddled with factual errors; information is completely incorrect or misleading.""]"
a30876aee5bfcd792a475f60264f22dfc7b74b91,b0d71b8770992f24db4e73ecdaecf45b5d9a650a,3,239.90088281250002,True,True,True,True,True,2,2,5,5,5,0.90234375,0.8828125,-0.01953125,3.5096245150903655,3.490597620502342,-0.019026894588023424,"Subject:History
Education Level:PhD
Question:Which of the following historians is best known for pioneering the Annales School of historical writing, which emphasized long-term social history?
A) Marc Bloch
B) E. H. Carr
C) Leopold von Ranke
D) Fernand Braudel
. Please generate the corresponding answer based on the question. ""Answer"":, in JSON format.","```json
{
  ""Answer"": ""A) Marc Bloch""
}
```","{
  ""Answer"": ""D) Fernand Braudel""
}","[""5: All stated factual elements (definitions, formulas, dates, terms, syntax, etc.) are completely accurate."", ""4: Vast majority of facts are correct; possibly contains very minor, non-critical typos or omissions."", ""3: Most facts are correct, but there are some notable factual errors that require review."", ""2: Contains several or key factual inaccuracies; information is not trustworthy."", ""1: Riddled with factual errors; information is completely incorrect or misleading.""]"
1bdcdd67d27147705080e74bea8e7252e9ce95bb,417b3acdb47d8f3efe175fc86ed792809a4b6476,1,169.951015625,True,True,False,False,True,1,2,4,4,4,2.0,1.015625,-0.984375,3.38862892534803,1.2270450448611427,-2.161583880486887,"Question: Which of the following is a primary role of a marketing manager in an organization?
Original Answer: Managing the financial accounts of the organization.
You are providing error-correction services for the student's response. Based on this question and the original answer, provide the ""Corrected Answer"" and ""Error Explanation"", in JSON format.","```json
{
  ""Corrected Answer"": ""Developing and implementing marketing strategies to promote the organization's products or services."",
  ""Error Explanation"": ""The original answer incorrectly identifies managing financial accounts as the primary role of a marketing manager. This responsibility typically falls under the purview of a financial manager or accountant. The primary role of a marketing manager is to develop and execute marketing strategies to enhance the organization's market presence and drive sales.""
}
```","```json
{
  ""Question"": ""Which principle of war involves concentrating combat power at the decisive place and time to achieve overwhelming effects against the enemy?"",
  ""Provided Reasoning"": ""The correct answer is the principle of mass. This principle emphasizes the importance of assembling and employing superior combat power relative to the enemy at the critical time and place. It ensures that military forces can decisively defeat the enemy through numerical or qualitative superiority.""
}
```","[""5: Extremely clear and concise explanations; fully accessible for target learners; vibrant and engaging delivery that inspires deep thought and interest."", ""4: Clear and easy to understand; appropriate for learner level; somewhat thought-provoking and can trigger reflection."", ""3: Generally understandable but may be wordy, complex, or dull; limited inspirational impact."", ""2: Lacks clarity; uses excessive jargon or complex structures; difficult to comprehend; uninspiring."", ""1: Confusing and hard to follow; disregards learner needs; offers no inspiration and may cause confusion.""]"
1bdcdd67d27147705080e74bea8e7252e9ce95bb,56cd7d501fa0da131b89c0094fd3a0e81eaf6ef3,2,169.85301562499998,True,True,False,False,True,3,2,4,5,4,2.0,3.015625,1.015625,3.38862892534803,4.475355199770092,1.0867262744220625,"Question: Which of the following is a primary role of a marketing manager in an organization?
Original Answer: Managing the financial accounts of the organization.
You are providing error-correction services for the student's response. Based on this question and the original answer, provide the ""Corrected Answer"" and ""Error Explanation"", in JSON format.","```json
{
  ""Corrected Answer"": ""Developing and implementing marketing strategies to promote the organization's products or services."",
  ""Error Explanation"": ""The original answer incorrectly identifies managing financial accounts as the primary role of a marketing manager. This responsibility typically falls under the purview of a financial manager or accountant. The primary role of a marketing manager is to develop and execute marketing strategies to enhance the organization's market presence and drive sales.""
}
```","```json
{
  ""Corrected Answer"": ""Sociocultural Theory"",
  ""Error Explanation"": ""The original answer, 'Cognitive Load Theory,' is incorrect because it focuses on the amount of information that working memory can handle at one time, rather than the role of social interaction in cognitive development. The correct answer is 'Sociocultural Theory,' which was developed by Lev Vygotsky. This theory emphasizes the importance of social interaction, cultural tools, and collaborative learning in the development of cognitive abilities.""
}
```","[""5: Extremely clear and concise explanations; fully accessible for target learners; vibrant and engaging delivery that inspires deep thought and interest."", ""4: Clear and easy to understand; appropriate for learner level; somewhat thought-provoking and can trigger reflection."", ""3: Generally understandable but may be wordy, complex, or dull; limited inspirational impact."", ""2: Lacks clarity; uses excessive jargon or complex structures; difficult to comprehend; uninspiring."", ""1: Confusing and hard to follow; disregards learner needs; offers no inspiration and may cause confusion.""]"
1bdcdd67d27147705080e74bea8e7252e9ce95bb,5eb8c53e3c4907a01f2b56b7834d0e69e8fdfcba,3,169.802765625,True,True,False,False,True,4,2,4,4,4,2.0,2.765625,0.765625,3.38862892534803,4.0306543626347775,0.6420254372867475,"Question: Which of the following is a primary role of a marketing manager in an organization?
Original Answer: Managing the financial accounts of the organization.
You are providing error-correction services for the student's response. Based on this question and the original answer, provide the ""Corrected Answer"" and ""Error Explanation"", in JSON format.","```json
{
  ""Corrected Answer"": ""Developing and implementing marketing strategies to promote the organization's products or services."",
  ""Error Explanation"": ""The original answer incorrectly identifies managing financial accounts as the primary role of a marketing manager. This responsibility typically falls under the purview of a financial manager or accountant. The primary role of a marketing manager is to develop and execute marketing strategies to enhance the organization's market presence and drive sales.""
}
```","```json
{
  ""Corrected Answer"": ""Social Constructivism"",
  ""Error Explanation"": ""Cognitive Load Theory focuses on the amount of information that working memory can hold at one time, and how to manage this load for effective learning. The theory that emphasizes the role of social interaction in cognitive development is Social Constructivism, which was largely developed by Lev Vygotsky. This theory suggests that learning is a collaborative process and that knowledge is constructed through interactions with others.""
}
```","[""5: Extremely clear and concise explanations; fully accessible for target learners; vibrant and engaging delivery that inspires deep thought and interest."", ""4: Clear and easy to understand; appropriate for learner level; somewhat thought-provoking and can trigger reflection."", ""3: Generally understandable but may be wordy, complex, or dull; limited inspirational impact."", ""2: Lacks clarity; uses excessive jargon or complex structures; difficult to comprehend; uninspiring."", ""1: Confusing and hard to follow; disregards learner needs; offers no inspiration and may cause confusion.""]"
c8f82a756a23aa9b5e70f52f867ac392e2aec089,6d6f7be3fb57fe5e5321a97ebeb38411d25dc945,1,169.952671875,True,True,False,False,True,1,2,4,5,5,1.8671875,2.671875,0.8046875,3.148055553587483,3.8685097920414933,0.7204542384540105,"Question: Which of the following is a primary role of a marketing manager in an organization?
Original Answer: Managing the financial accounts of the organization.
You are providing error-correction services for the student's response. Based on this question and the original answer, provide the ""Corrected Answer"" and ""Error Explanation"", in JSON format.","```json
{
  ""Corrected Answer"": ""Developing and implementing marketing strategies to promote the organization's products or services."",
  ""Error Explanation"": ""The original answer, 'Managing the financial accounts of the organization,' is incorrect. This task is typically associated with a finance manager or an accountant. A primary role of a marketing manager involves developing and executing marketing plans and strategies aimed at increasing brand awareness, customer engagement, and sales.""
}
```","{
    ""Corrected Answer"": ""The market price remains unchanged."",
    ""Error Explanation"": ""In a perfectly competitive market, individual firms are price takers, meaning they cannot influence the market price. The market price is determined by the intersection of total market supply and demand. A single firm's output decision is too insignificant to affect the overall market supply, so increasing its output has no impact on the equilibrium price.""
}","[""5: Extremely clear and concise explanations; fully accessible for target learners; vibrant and engaging delivery that inspires deep thought and interest."", ""4: Clear and easy to understand; appropriate for learner level; somewhat thought-provoking and can trigger reflection."", ""3: Generally understandable but may be wordy, complex, or dull; limited inspirational impact."", ""2: Lacks clarity; uses excessive jargon or complex structures; difficult to comprehend; uninspiring."", ""1: Confusing and hard to follow; disregards learner needs; offers no inspiration and may cause confusion.""]"
c8f82a756a23aa9b5e70f52f867ac392e2aec089,f8bf4aa0d0c24fa970a3d47004236f3fb8ebe12e,2,169.80240625000002,True,True,False,False,True,4,2,4,4,4,1.8671875,2.40625,0.5390625,3.148055553587483,3.428361771878315,0.280306218290832,"Question: Which of the following is a primary role of a marketing manager in an organization?
Original Answer: Managing the financial accounts of the organization.
You are providing error-correction services for the student's response. Based on this question and the original answer, provide the ""Corrected Answer"" and ""Error Explanation"", in JSON format.","```json
{
  ""Corrected Answer"": ""Developing and implementing marketing strategies to promote the organization's products or services."",
  ""Error Explanation"": ""The original answer, 'Managing the financial accounts of the organization,' is incorrect. This task is typically associated with a finance manager or an accountant. A primary role of a marketing manager involves developing and executing marketing plans and strategies aimed at increasing brand awareness, customer engagement, and sales.""
}
```","```json
{
  ""Corrected Answer"": ""The market price will remain unchanged."",
  ""Error Explanation"": ""In a perfectly competitive market, individual firms are price takers, meaning they cannot influence the market price by changing their output. The market price is determined by the overall supply and demand in the market. Therefore, if a single firm increases its output, it will not affect the market price.""
}
```","[""5: Extremely clear and concise explanations; fully accessible for target learners; vibrant and engaging delivery that inspires deep thought and interest."", ""4: Clear and easy to understand; appropriate for learner level; somewhat thought-provoking and can trigger reflection."", ""3: Generally understandable but may be wordy, complex, or dull; limited inspirational impact."", ""2: Lacks clarity; uses excessive jargon or complex structures; difficult to comprehend; uninspiring."", ""1: Confusing and hard to follow; disregards learner needs; offers no inspiration and may cause confusion.""]"
c8f82a756a23aa9b5e70f52f867ac392e2aec089,417b3acdb47d8f3efe175fc86ed792809a4b6476,3,169.751015625,True,True,False,False,True,5,2,4,4,4,1.8671875,1.015625,-0.8515625,3.148055553587483,1.2270450448611427,-1.92101050872634,"Question: Which of the following is a primary role of a marketing manager in an organization?
Original Answer: Managing the financial accounts of the organization.
You are providing error-correction services for the student's response. Based on this question and the original answer, provide the ""Corrected Answer"" and ""Error Explanation"", in JSON format.","```json
{
  ""Corrected Answer"": ""Developing and implementing marketing strategies to promote the organization's products or services."",
  ""Error Explanation"": ""The original answer, 'Managing the financial accounts of the organization,' is incorrect. This task is typically associated with a finance manager or an accountant. A primary role of a marketing manager involves developing and executing marketing plans and strategies aimed at increasing brand awareness, customer engagement, and sales.""
}
```","```json
{
  ""Question"": ""Which principle of war involves concentrating combat power at the decisive place and time to achieve overwhelming effects against the enemy?"",
  ""Provided Reasoning"": ""The correct answer is the principle of mass. This principle emphasizes the importance of assembling and employing superior combat power relative to the enemy at the critical time and place. It ensures that military forces can decisively defeat the enemy through numerical or qualitative superiority.""
}
```","[""5: Extremely clear and concise explanations; fully accessible for target learners; vibrant and engaging delivery that inspires deep thought and interest."", ""4: Clear and easy to understand; appropriate for learner level; somewhat thought-provoking and can trigger reflection."", ""3: Generally understandable but may be wordy, complex, or dull; limited inspirational impact."", ""2: Lacks clarity; uses excessive jargon or complex structures; difficult to comprehend; uninspiring."", ""1: Confusing and hard to follow; disregards learner needs; offers no inspiration and may cause confusion.""]"
e9b358073140893a17f069d26d8fe2adc338f088,9da3acd35ee7f98e3174d64e473ec0e7368b7282,1,170.00084375,True,True,False,False,True,0,2,4,4,4,1.8125,0.84375,-0.96875,3.048995929921375,0.5004208367802221,-2.548575093141153,"Question: Which of the following is a primary role of a marketing manager in an organization?
Original Answer: Managing the financial accounts of the organization.
You are providing error-correction services for the student's response. Based on this question and the original answer, provide the ""Corrected Answer"" and ""Error Explanation"", in JSON format.","{
  ""Corrected Answer"": ""Planning and executing marketing strategies to promote products or services."",
  ""Error Explanation"": ""The original answer incorrectly identifies managing financial accounts as a primary role of a marketing manager. This task is more closely associated with finance or accounting departments. A marketing manager focuses on planning and implementing marketing strategies aimed at promoting products or services.""
}","```json
{
  ""Question"": ""Where does the process of photosynthesis primarily occur in plant cells?"",
  ""Provided Reasoning"": ""Photosynthesis is the process by which green plants, algae, and some bacteria convert light energy into chemical energy stored in glucose. This process takes place primarily in the chloroplasts of plant cells, which contain the pigment chlorophyll that captures light energy.""
}
```","[""5: Extremely clear and concise explanations; fully accessible for target learners; vibrant and engaging delivery that inspires deep thought and interest."", ""4: Clear and easy to understand; appropriate for learner level; somewhat thought-provoking and can trigger reflection."", ""3: Generally understandable but may be wordy, complex, or dull; limited inspirational impact."", ""2: Lacks clarity; uses excessive jargon or complex structures; difficult to comprehend; uninspiring."", ""1: Confusing and hard to follow; disregards learner needs; offers no inspiration and may cause confusion.""]"
e9b358073140893a17f069d26d8fe2adc338f088,89790e6344a0762a5402a95789244565e99e1042,2,169.9525,True,True,False,False,True,1,2,4,4,4,1.8125,2.5,0.6875,3.048995929921375,3.5581597231785054,0.5091637932571302,"Question: Which of the following is a primary role of a marketing manager in an organization?
Original Answer: Managing the financial accounts of the organization.
You are providing error-correction services for the student's response. Based on this question and the original answer, provide the ""Corrected Answer"" and ""Error Explanation"", in JSON format.","{
  ""Corrected Answer"": ""Planning and executing marketing strategies to promote products or services."",
  ""Error Explanation"": ""The original answer incorrectly identifies managing financial accounts as a primary role of a marketing manager. This task is more closely associated with finance or accounting departments. A marketing manager focuses on planning and implementing marketing strategies aimed at promoting products or services.""
}","{
  ""Corrected Answer"": ""Social Constructivism"",
  ""Error Explanation"": ""The original answer, 'Cognitive Load Theory,' is incorrect because it focuses on the amount of mental processing involved in working memory and does not emphasize the role of social interaction in cognitive development. The theory that does emphasize social interaction in cognitive development is Social Constructivism, which was developed by Lev Vygotsky.""
}","[""5: Extremely clear and concise explanations; fully accessible for target learners; vibrant and engaging delivery that inspires deep thought and interest."", ""4: Clear and easy to understand; appropriate for learner level; somewhat thought-provoking and can trigger reflection."", ""3: Generally understandable but may be wordy, complex, or dull; limited inspirational impact."", ""2: Lacks clarity; uses excessive jargon or complex structures; difficult to comprehend; uninspiring."", ""1: Confusing and hard to follow; disregards learner needs; offers no inspiration and may cause confusion.""]"
e9b358073140893a17f069d26d8fe2adc338f088,22ef4391e2317071d735cc89cefc61714f67ab96,3,169.951953125,True,True,False,False,True,1,2,4,4,4,1.8125,1.953125,0.140625,3.048995929921375,2.6775210315999516,-0.37147489832142355,"Question: Which of the following is a primary role of a marketing manager in an organization?
Original Answer: Managing the financial accounts of the organization.
You are providing error-correction services for the student's response. Based on this question and the original answer, provide the ""Corrected Answer"" and ""Error Explanation"", in JSON format.","{
  ""Corrected Answer"": ""Planning and executing marketing strategies to promote products or services."",
  ""Error Explanation"": ""The original answer incorrectly identifies managing financial accounts as a primary role of a marketing manager. This task is more closely associated with finance or accounting departments. A marketing manager focuses on planning and implementing marketing strategies aimed at promoting products or services.""
}","{
  ""Corrected Answer"": ""The market price will not change."",
  ""Error Explanation"": ""In a perfectly competitive market, no single firm has the power to influence the market price. Therefore, if one firm increases its output, it does not affect the overall market price. The price remains determined by the interaction of aggregate supply and demand in the market.""
}","[""5: Extremely clear and concise explanations; fully accessible for target learners; vibrant and engaging delivery that inspires deep thought and interest."", ""4: Clear and easy to understand; appropriate for learner level; somewhat thought-provoking and can trigger reflection."", ""3: Generally understandable but may be wordy, complex, or dull; limited inspirational impact."", ""2: Lacks clarity; uses excessive jargon or complex structures; difficult to comprehend; uninspiring."", ""1: Confusing and hard to follow; disregards learner needs; offers no inspiration and may cause confusion.""]"
abd894527f401792d7a5cb4438ee15420de3ea1d,35ddcedc9d91d33995989073e9ea8a7a3dc79463,1,188.40075781250002,True,True,True,False,True,32,2,5,4,4,1.65625,0.7578125,-0.8984375,2.9385900846883146,0.05904766674973416,-2.8795424179385805,"Question: Which of the following is a primary role of a marketing manager in an organization?
Original Answer: Managing the financial accounts of the organization.
You are providing error-correction services for the student's response. Based on this question and the original answer, provide the ""Corrected Answer"" and ""Error Explanation"", in JSON format.","```json
{
  ""Corrected Answer"": ""Developing and implementing marketing strategies to promote the organization's products or services."",
  ""Error Explanation"": ""The original answer incorrectly identifies managing financial accounts as a primary role of a marketing manager. This responsibility typically falls under the finance or accounting department. A marketing manager's primary role involves overseeing marketing campaigns, conducting market research, managing branding efforts, and strategizing to drive customer engagement and sales, rather than handling financial accounts.""
}
```","```json
{
  ""Score"": 8,
  ""Scoring Details"": {
    ""Understanding of SWOT Analysis"": 2,
    ""Explanation of Importance in Strategic Planning"": 2,
    ""Clarity and Conciseness"": 2,
    ""Relevance to the Question"": 2
  },
  ""Personalized Feedback"": ""Your answer provides a good basic understanding of SWOT analysis and its relevance to strategic planning. However, it could be improved by elaborating on how each component (strengths, weaknesses, opportunities, threats) specifically contributes to strategic planning. Additionally, providing an example or a more detailed explanation of how SWOT analysis informs decision-making would enhance the depth of your response. Keep up the good work, and consider adding more detail to fully address the question.""
}
```","[""5: Reasoning is complete, clear, and rigorous; all steps are correct; arguments are strong and free of logical fallacies."", ""4: Reasoning is largely correct and logically coherent with minor issues in individual steps or details that do not affect the conclusion."", ""3: Reasoning is visible but contains unclear logic, missing steps, or insufficient argumentation, affecting the overall outcome."", ""2: Reasoning has major logical flaws, confusion in steps, or critical omissions; reliability is low."", ""1: Virtually no valid reasoning; logic is chaotic; steps are incorrect or irrelevant.""]"
abd894527f401792d7a5cb4438ee15420de3ea1d,75c703cb64c32588bbfec08a053b275976121fdd,2,186.15225,True,True,True,False,True,77,2,5,4,4,1.65625,2.25,0.59375,2.9385900846883146,1.062501267901439,-1.8760888167868757,"Question: Which of the following is a primary role of a marketing manager in an organization?
Original Answer: Managing the financial accounts of the organization.
You are providing error-correction services for the student's response. Based on this question and the original answer, provide the ""Corrected Answer"" and ""Error Explanation"", in JSON format.","```json
{
  ""Corrected Answer"": ""Developing and implementing marketing strategies to promote the organization's products or services."",
  ""Error Explanation"": ""The original answer incorrectly identifies managing financial accounts as a primary role of a marketing manager. This responsibility typically falls under the finance or accounting department. A marketing manager's primary role involves overseeing marketing campaigns, conducting market research, managing branding efforts, and strategizing to drive customer engagement and sales, rather than handling financial accounts.""
}
```","{
  ""Score"": 8,
  ""Scoring Details"": {
    ""Definition (4/5)"": ""The student accurately defined SWOT analysis and its four components (strengths, weaknesses, opportunities, threats). Minor deduction for not explicitly stating that strengths/weaknesses are internal and opportunities/threats are external."",
    ""Purpose (2/3)"": ""The student correctly linked SWOT to strategic planning and decision-making but did not elaborate on how it bridges internal capabilities with external possibilities (e.g., aligning resources with market trends)."",
    ""Depth (1.5/2)"": ""The answer was concise but lacked examples or specific strategic outcomes (e.g., risk mitigation, competitive advantage)."",
    ""Clarity (0.5/0)"": ""No issues here—the response was clear and well-structured.""
  },
  ""Personalized Feedback"": ""Good job defining SWOT analysis and its role in strategic planning! To improve, explicitly differentiate internal (strengths/weaknesses) and external (opportunities/threats) factors. Add examples of how SWOT informs strategies—like leveraging a strength to seize an opportunity or addressing a weakness to avoid a threat. This will deepen your explanation and showcase practical application.""
}","[""5: Reasoning is complete, clear, and rigorous; all steps are correct; arguments are strong and free of logical fallacies."", ""4: Reasoning is largely correct and logically coherent with minor issues in individual steps or details that do not affect the conclusion."", ""3: Reasoning is visible but contains unclear logic, missing steps, or insufficient argumentation, affecting the overall outcome."", ""2: Reasoning has major logical flaws, confusion in steps, or critical omissions; reliability is low."", ""1: Virtually no valid reasoning; logic is chaotic; steps are incorrect or irrelevant.""]"
abd894527f401792d7a5cb4438ee15420de3ea1d,e8eaac2d34fe22bfaeea169dbdf5be45c09c1213,3,186.15117968750002,True,True,True,False,True,77,2,5,4,4,1.65625,1.1796875,-0.4765625,2.9385900846883146,0.34274659063555646,-2.595843494052758,"Question: Which of the following is a primary role of a marketing manager in an organization?
Original Answer: Managing the financial accounts of the organization.
You are providing error-correction services for the student's response. Based on this question and the original answer, provide the ""Corrected Answer"" and ""Error Explanation"", in JSON format.","```json
{
  ""Corrected Answer"": ""Developing and implementing marketing strategies to promote the organization's products or services."",
  ""Error Explanation"": ""The original answer incorrectly identifies managing financial accounts as a primary role of a marketing manager. This responsibility typically falls under the finance or accounting department. A marketing manager's primary role involves overseeing marketing campaigns, conducting market research, managing branding efforts, and strategizing to drive customer engagement and sales, rather than handling financial accounts.""
}
```","```json
{
  ""Score"": 4,
  ""Scoring Details"": {
    ""Correctness"": 3,
    ""Completeness"": 2,
    ""Clarity"": 3
  },
  ""Personalized Feedback"": [
    {
      ""Type"": ""Correctness"",
      ""Feedback"": ""The definition provided is mostly correct, but it could be more precise. SWOT stands for Strengths, Weaknesses, Opportunities, and Threats. The student correctly identified the purpose of the analysis, but the term 'factors' might be too broad without specifying they are internal (strengths and weaknesses) and external (opportunities and threats).""
    },
    {
      ""Type"": ""Completeness"",
      ""Feedback"": ""The answer could be more comprehensive. It would be beneficial to include examples of how each aspect (strengths, weaknesses, opportunities, threats) can influence a business strategy and why this analysis is crucial for decision-making.""
    },
    {
      ""Type"": ""Clarity"",
      ""Feedback"": ""The explanation is clear and understandable. However, it could be enhanced by providing a bit more context or a simple example to illustrate the practical application of SWOT analysis in strategic planning.""
    }
  ]
}
```","[""5: Reasoning is complete, clear, and rigorous; all steps are correct; arguments are strong and free of logical fallacies."", ""4: Reasoning is largely correct and logically coherent with minor issues in individual steps or details that do not affect the conclusion."", ""3: Reasoning is visible but contains unclear logic, missing steps, or insufficient argumentation, affecting the overall outcome."", ""2: Reasoning has major logical flaws, confusion in steps, or critical omissions; reliability is low."", ""1: Virtually no valid reasoning; logic is chaotic; steps are incorrect or irrelevant.""]"
b6b6dda03618d53072e9cb795d23ca1a8dc79a57,35ddcedc9d91d33995989073e9ea8a7a3dc79463,1,188.30075781250002,True,True,True,False,True,34,2,5,4,4,1.2890625,0.7578125,-0.53125,2.495372748488137,0.05904766674973416,-2.436325081738403,"Question: Which of the following is a primary role of a marketing manager in an organization?
Original Answer: Managing the financial accounts of the organization.
You are providing error-correction services for the student's response. Based on this question and the original answer, provide the ""Corrected Answer"" and ""Error Explanation"", in JSON format.","```json
{
  ""Corrected Answer"": ""Developing and implementing marketing strategies to promote the organization's products or services."",
  ""Error Explanation"": ""The original answer incorrectly identifies managing financial accounts as the primary role of a marketing manager. This responsibility typically falls under the purview of a financial manager or accountant. The primary role of a marketing manager is to develop and execute marketing strategies to enhance the organization's market presence and drive sales.""
}
```","```json
{
  ""Score"": 8,
  ""Scoring Details"": {
    ""Understanding of SWOT Analysis"": 2,
    ""Explanation of Importance in Strategic Planning"": 2,
    ""Clarity and Conciseness"": 2,
    ""Relevance to the Question"": 2
  },
  ""Personalized Feedback"": ""Your answer provides a good basic understanding of SWOT analysis and its relevance to strategic planning. However, it could be improved by elaborating on how each component (strengths, weaknesses, opportunities, threats) specifically contributes to strategic planning. Additionally, providing an example or a more detailed explanation of how SWOT analysis informs decision-making would enhance the depth of your response. Keep up the good work, and consider adding more detail to fully address the question.""
}
```","[""5: Reasoning is complete, clear, and rigorous; all steps are correct; arguments are strong and free of logical fallacies."", ""4: Reasoning is largely correct and logically coherent with minor issues in individual steps or details that do not affect the conclusion."", ""3: Reasoning is visible but contains unclear logic, missing steps, or insufficient argumentation, affecting the overall outcome."", ""2: Reasoning has major logical flaws, confusion in steps, or critical omissions; reliability is low."", ""1: Virtually no valid reasoning; logic is chaotic; steps are incorrect or irrelevant.""]"
b6b6dda03618d53072e9cb795d23ca1a8dc79a57,75c703cb64c32588bbfec08a053b275976121fdd,2,186.05225000000002,True,True,True,False,True,79,2,5,4,4,1.2890625,2.25,0.9609375,2.495372748488137,1.062501267901439,-1.432871480586698,"Question: Which of the following is a primary role of a marketing manager in an organization?
Original Answer: Managing the financial accounts of the organization.
You are providing error-correction services for the student's response. Based on this question and the original answer, provide the ""Corrected Answer"" and ""Error Explanation"", in JSON format.","```json
{
  ""Corrected Answer"": ""Developing and implementing marketing strategies to promote the organization's products or services."",
  ""Error Explanation"": ""The original answer incorrectly identifies managing financial accounts as the primary role of a marketing manager. This responsibility typically falls under the purview of a financial manager or accountant. The primary role of a marketing manager is to develop and execute marketing strategies to enhance the organization's market presence and drive sales.""
}
```","{
  ""Score"": 8,
  ""Scoring Details"": {
    ""Definition (4/5)"": ""The student accurately defined SWOT analysis and its four components (strengths, weaknesses, opportunities, threats). Minor deduction for not explicitly stating that strengths/weaknesses are internal and opportunities/threats are external."",
    ""Purpose (2/3)"": ""The student correctly linked SWOT to strategic planning and decision-making but did not elaborate on how it bridges internal capabilities with external possibilities (e.g., aligning resources with market trends)."",
    ""Depth (1.5/2)"": ""The answer was concise but lacked examples or specific strategic outcomes (e.g., risk mitigation, competitive advantage)."",
    ""Clarity (0.5/0)"": ""No issues here—the response was clear and well-structured.""
  },
  ""Personalized Feedback"": ""Good job defining SWOT analysis and its role in strategic planning! To improve, explicitly differentiate internal (strengths/weaknesses) and external (opportunities/threats) factors. Add examples of how SWOT informs strategies—like leveraging a strength to seize an opportunity or addressing a weakness to avoid a threat. This will deepen your explanation and showcase practical application.""
}","[""5: Reasoning is complete, clear, and rigorous; all steps are correct; arguments are strong and free of logical fallacies."", ""4: Reasoning is largely correct and logically coherent with minor issues in individual steps or details that do not affect the conclusion."", ""3: Reasoning is visible but contains unclear logic, missing steps, or insufficient argumentation, affecting the overall outcome."", ""2: Reasoning has major logical flaws, confusion in steps, or critical omissions; reliability is low."", ""1: Virtually no valid reasoning; logic is chaotic; steps are incorrect or irrelevant.""]"
b6b6dda03618d53072e9cb795d23ca1a8dc79a57,e8eaac2d34fe22bfaeea169dbdf5be45c09c1213,3,186.05117968750002,True,True,True,False,True,79,2,5,4,4,1.2890625,1.1796875,-0.109375,2.495372748488137,0.34274659063555646,-2.1526261578525805,"Question: Which of the following is a primary role of a marketing manager in an organization?
Original Answer: Managing the financial accounts of the organization.
You are providing error-correction services for the student's response. Based on this question and the original answer, provide the ""Corrected Answer"" and ""Error Explanation"", in JSON format.","```json
{
  ""Corrected Answer"": ""Developing and implementing marketing strategies to promote the organization's products or services."",
  ""Error Explanation"": ""The original answer incorrectly identifies managing financial accounts as the primary role of a marketing manager. This responsibility typically falls under the purview of a financial manager or accountant. The primary role of a marketing manager is to develop and execute marketing strategies to enhance the organization's market presence and drive sales.""
}
```","```json
{
  ""Score"": 4,
  ""Scoring Details"": {
    ""Correctness"": 3,
    ""Completeness"": 2,
    ""Clarity"": 3
  },
  ""Personalized Feedback"": [
    {
      ""Type"": ""Correctness"",
      ""Feedback"": ""The definition provided is mostly correct, but it could be more precise. SWOT stands for Strengths, Weaknesses, Opportunities, and Threats. The student correctly identified the purpose of the analysis, but the term 'factors' might be too broad without specifying they are internal (strengths and weaknesses) and external (opportunities and threats).""
    },
    {
      ""Type"": ""Completeness"",
      ""Feedback"": ""The answer could be more comprehensive. It would be beneficial to include examples of how each aspect (strengths, weaknesses, opportunities, threats) can influence a business strategy and why this analysis is crucial for decision-making.""
    },
    {
      ""Type"": ""Clarity"",
      ""Feedback"": ""The explanation is clear and understandable. However, it could be enhanced by providing a bit more context or a simple example to illustrate the practical application of SWOT analysis in strategic planning.""
    }
  ]
}
```","[""5: Reasoning is complete, clear, and rigorous; all steps are correct; arguments are strong and free of logical fallacies."", ""4: Reasoning is largely correct and logically coherent with minor issues in individual steps or details that do not affect the conclusion."", ""3: Reasoning is visible but contains unclear logic, missing steps, or insufficient argumentation, affecting the overall outcome."", ""2: Reasoning has major logical flaws, confusion in steps, or critical omissions; reliability is low."", ""1: Virtually no valid reasoning; logic is chaotic; steps are incorrect or irrelevant.""]"
6304a049e36db27cde8ac17418f406f0b8d94687,12bcd4b81301c8060ad287927889a9a1b7c967ea,1,182.3555625,True,True,True,False,True,153,2,4,4,5,2.296875,5.5625,3.265625,2.445794850980292,7.003270252964853,4.557475401984561,"Question: Which of the following is a primary role of a marketing manager in an organization?
Original Answer: Managing the financial accounts of the organization.
You are providing error-correction services for the student's response. Based on this question and the original answer, provide the ""Corrected Answer"" and ""Error Explanation"", in JSON format.","```json
{
  ""Corrected Answer"": ""Developing and implementing marketing strategies to promote the organization's products or services."",
  ""Error Explanation"": ""The original answer incorrectly identifies managing financial accounts as a primary role of a marketing manager. This responsibility typically falls under the finance or accounting department. A marketing manager's primary role involves overseeing marketing campaigns, conducting market research, managing branding efforts, and strategizing to drive customer engagement and sales, rather than handling financial accounts.""
}
```","```json
{
  ""personalized_learning_content"": [
    {
      ""task_title"": ""Qualitative Case Study Analysis"",
      ""description"": ""Analyze 3 case studies on corporate governance failures using qualitative methods (e.g., thematic analysis, interviews). Submit a report highlighting patterns, stakeholder perspectives, and regulatory gaps."",
      ""deadline"": ""3 weeks"",
      ""objective"": ""Develop qualitative research skills by interpreting non-numerical data and contextual factors.""
    },
    {
      ""task_title"": ""Literature Synthesis on Financial Regulation"",
      ""description"": ""Review 10 recent academic papers on financial regulation trends. Create a comparative table summarizing methodologies, findings, and gaps, with a focus on qualitative approaches."",
      ""deadline"": ""2 weeks"",
      ""objective"": ""Strengthen theoretical grounding in financial regulation while identifying opportunities for qualitative research.""
    },
    {
      ""task_title"": ""Hybrid Methodology Workshop"",
      ""description"": ""Attend a workshop on mixed-methods research design. Draft a proposal for a PhD project combining quantitative data (e.g., financial metrics) with qualitative interviews."",
      ""deadline"": ""4 weeks"",
      ""objective"": ""Bridge quantitative strengths with qualitative improvement by integrating both methodologies.""
    },
    {
      ""task_title"": ""Peer Discussion Forum Participation"",
      ""description"": ""Lead 2 group discussions on corporate governance case studies. Prepare open-ended questions to debate ethical, cultural, and regulatory implications."",
      ""deadline"": ""Ongoing (weekly)"",
      ""objective"": ""Leverage discussion-based learning to deepen qualitative critical thinking.""
    },
    {
      ""task_title"": ""Expert Interview Simulation"",
      ""description"": ""Conduct mock interviews with peers acting as corporate board members/regulators. Transcribe and code responses to identify governance themes."",
      ""deadline"": ""2 weeks"",
      ""objective"": ""Practice qualitative data collection and coding techniques in a realistic setting.""
    }
  ]
}
```","[""5: Fully integrated all key scenario elements (e.g., student history, learning preferences); output is highly personalized and well-matched to the teaching context."", ""4: Used major scenario elements effectively; response is targeted, possibly overlooks minor details but does not affect overall results."", ""3: Some use of scenario information, but integration is shallow; personalization or contextual fit is average."", ""2: Only surface-level reference to scenario information; did not integrate core elements effectively; weak contextual connection."", ""1: Completely ignored scenario-specific information; output is generic, templated, and irrelevant to the scenario.""]"
6304a049e36db27cde8ac17418f406f0b8d94687,3983592200e1e021b9b0d50bee40b71f248583d6,2,182.05173437500002,True,True,True,False,True,159,2,4,4,4,2.296875,1.734375,-0.5625,2.445794850980292,1.4150422675380696,-1.0307525834422222,"Question: Which of the following is a primary role of a marketing manager in an organization?
Original Answer: Managing the financial accounts of the organization.
You are providing error-correction services for the student's response. Based on this question and the original answer, provide the ""Corrected Answer"" and ""Error Explanation"", in JSON format.","```json
{
  ""Corrected Answer"": ""Developing and implementing marketing strategies to promote the organization's products or services."",
  ""Error Explanation"": ""The original answer incorrectly identifies managing financial accounts as a primary role of a marketing manager. This responsibility typically falls under the finance or accounting department. A marketing manager's primary role involves overseeing marketing campaigns, conducting market research, managing branding efforts, and strategizing to drive customer engagement and sales, rather than handling financial accounts.""
}
```","Here's a JSON formatted response with personalized learning content or tasks based on Alex Johnson's student profile:

```json
{
  ""Student"": {
    ""Name"": ""Alex Johnson"",
    ""Age"": 32,
    ""Background"": ""Alex has a background in finance and has worked in investment banking for 6 years before pursuing a PhD in Business Administration."",
    ""Research Interests"": ""Corporate governance and financial regulation"",
    ""Learning Style"": ""Prefers reading case studies and engaging in discussions"",
    ""Strengths"": ""Strong analytical skills, high proficiency in quantitative methods"",
    ""Areas for Improvement"": ""Needs to develop more qualitative research skills"",
    ""Personalized Learning Content"": [
      {
        ""Task"": ""Read and analyze case studies on corporate governance failures in large corporations"",
        ""Objective"": ""To understand the practical implications of poor corporate governance""
      },
      {
        ""Task"": ""Engage in a discussion forum about recent financial regulations and their impact on corporate governance"",
        ""Objective"": ""To enhance understanding through peer interaction and diverse viewpoints""
      },
      {
        ""Task"": ""Attend a workshop on qualitative research methods in business administration"",
        ""Objective"": ""To improve qualitative research skills""
      },
      {
        ""Task"": ""Participate in a research project focusing on the effectiveness of financial regulations in different countries"",
        ""Objective"": ""To apply both qualitative and quantitative research methods in a real-world context""
      }
    ]
  }
}
```

This JSON object provides a structured overview of personalized learning content tailored to Alex's background, interests, and areas for improvement. Each task is designed to leverage Alex's strengths while addressing his need to develop qualitative research skills.","[""5: Fully integrated all key scenario elements (e.g., student history, learning preferences); output is highly personalized and well-matched to the teaching context."", ""4: Used major scenario elements effectively; response is targeted, possibly overlooks minor details but does not affect overall results."", ""3: Some use of scenario information, but integration is shallow; personalization or contextual fit is average."", ""2: Only surface-level reference to scenario information; did not integrate core elements effectively; weak contextual connection."", ""1: Completely ignored scenario-specific information; output is generic, templated, and irrelevant to the scenario.""]"
6304a049e36db27cde8ac17418f406f0b8d94687,996947257b8dd730b64898e3de4ac96ce6bf2bc6,3,180.353109375,True,True,True,False,True,193,2,4,5,4,2.296875,3.109375,0.8125,2.445794850980292,3.422242523528098,0.9764476725478062,"Question: Which of the following is a primary role of a marketing manager in an organization?
Original Answer: Managing the financial accounts of the organization.
You are providing error-correction services for the student's response. Based on this question and the original answer, provide the ""Corrected Answer"" and ""Error Explanation"", in JSON format.","```json
{
  ""Corrected Answer"": ""Developing and implementing marketing strategies to promote the organization's products or services."",
  ""Error Explanation"": ""The original answer incorrectly identifies managing financial accounts as a primary role of a marketing manager. This responsibility typically falls under the finance or accounting department. A marketing manager's primary role involves overseeing marketing campaigns, conducting market research, managing branding efforts, and strategizing to drive customer engagement and sales, rather than handling financial accounts.""
}
```","```json
{
  ""Student"": {
    ""Name"": ""Alex Johnson"",
    ""Age"": 32,
    ""Background"": ""Alex has a background in finance and has worked in investment banking for 6 years before pursuing a PhD in Business Administration."",
    ""Research Interests"": ""Corporate governance and financial regulation"",
    ""Learning Style"": ""Prefers reading case studies and engaging in discussions"",
    ""Strengths"": ""Strong analytical skills, high proficiency in quantitative methods"",
    ""Areas for Improvement"": ""Needs to develop more qualitative research skills""
  },
  ""Personalized Learning Content"": [
    {
      ""Topic"": ""Corporate Governance Frameworks"",
      ""Content"": ""Read the case study of 'Enron Corporation's collapse due to poor corporate governance' and discuss how quantitative metrics could have been used to predict the risks."",
      ""Type"": ""Case Study & Discussion""
    },
    {
      ""Topic"": ""Qualitative Analysis Techniques"",
      ""Content"": ""Attend a workshop on qualitative research methods and participate in group discussions to practice analyzing qualitative data related to corporate governance and financial regulation."",
      ""Type"": ""Workshop & Discussion""
    },
    {
      ""Topic"": ""Financial Regulation Case Studies"",
      ""Content"": ""Review historical case studies on significant changes in financial regulations and their impact on corporate governance practices. Prepare a presentation on one of these cases focusing on qualitative aspects."",
      ""Type"": ""Reading & Presentation""
    },
    {
      ""Topic"": ""Interdisciplinary Research Methods"",
      ""Content"": ""Participate in an interdisciplinary seminar where you can learn from experts in law, sociology, and political science about their approaches to studying corporate governance and financial regulation."",
      ""Type"": ""Seminar & Discussion""
    },
    {
      ""Topic"": ""Empirical Research in Corporate Governance"",
      ""Content"": ""Conduct a small-scale empirical research project using both quantitative and qualitative methods to explore a specific aspect of corporate governance. Focus on developing your qualitative analysis skills."",
      ""Type"": ""Research Project""
    }
  ]
}
```","[""5: Fully integrated all key scenario elements (e.g., student history, learning preferences); output is highly personalized and well-matched to the teaching context."", ""4: Used major scenario elements effectively; response is targeted, possibly overlooks minor details but does not affect overall results."", ""3: Some use of scenario information, but integration is shallow; personalization or contextual fit is average."", ""2: Only surface-level reference to scenario information; did not integrate core elements effectively; weak contextual connection."", ""1: Completely ignored scenario-specific information; output is generic, templated, and irrelevant to the scenario.""]"
057fb10dadb0ef587ef63e8c0692fb069e747f33,35ddcedc9d91d33995989073e9ea8a7a3dc79463,1,188.1007578125,True,True,True,False,True,38,2,5,4,4,1.1796875,0.7578125,-0.421875,2.36335056323702,0.05904766674973416,-2.304302896487286,"Question: Which of the following is a primary role of a marketing manager in an organization?
Original Answer: Managing the financial accounts of the organization.
You are providing error-correction services for the student's response. Based on this question and the original answer, provide the ""Corrected Answer"" and ""Error Explanation"", in JSON format.","```json
{
  ""Corrected Answer"": ""Developing and implementing marketing strategies to promote the organization's products or services."",
  ""Error Explanation"": ""The original answer, 'Managing the financial accounts of the organization,' is incorrect. This task is typically associated with a finance manager or an accountant. A primary role of a marketing manager involves developing and executing marketing plans and strategies aimed at increasing brand awareness, customer engagement, and sales.""
}
```","```json
{
  ""Score"": 8,
  ""Scoring Details"": {
    ""Understanding of SWOT Analysis"": 2,
    ""Explanation of Importance in Strategic Planning"": 2,
    ""Clarity and Conciseness"": 2,
    ""Relevance to the Question"": 2
  },
  ""Personalized Feedback"": ""Your answer provides a good basic understanding of SWOT analysis and its relevance to strategic planning. However, it could be improved by elaborating on how each component (strengths, weaknesses, opportunities, threats) specifically contributes to strategic planning. Additionally, providing an example or a more detailed explanation of how SWOT analysis informs decision-making would enhance the depth of your response. Keep up the good work, and consider adding more detail to fully address the question.""
}
```","[""5: Reasoning is complete, clear, and rigorous; all steps are correct; arguments are strong and free of logical fallacies."", ""4: Reasoning is largely correct and logically coherent with minor issues in individual steps or details that do not affect the conclusion."", ""3: Reasoning is visible but contains unclear logic, missing steps, or insufficient argumentation, affecting the overall outcome."", ""2: Reasoning has major logical flaws, confusion in steps, or critical omissions; reliability is low."", ""1: Virtually no valid reasoning; logic is chaotic; steps are incorrect or irrelevant.""]"
057fb10dadb0ef587ef63e8c0692fb069e747f33,75c703cb64c32588bbfec08a053b275976121fdd,2,185.85225,True,True,True,False,True,83,2,5,4,4,1.1796875,2.25,1.0703125,2.36335056323702,1.062501267901439,-1.3008492953355812,"Question: Which of the following is a primary role of a marketing manager in an organization?
Original Answer: Managing the financial accounts of the organization.
You are providing error-correction services for the student's response. Based on this question and the original answer, provide the ""Corrected Answer"" and ""Error Explanation"", in JSON format.","```json
{
  ""Corrected Answer"": ""Developing and implementing marketing strategies to promote the organization's products or services."",
  ""Error Explanation"": ""The original answer, 'Managing the financial accounts of the organization,' is incorrect. This task is typically associated with a finance manager or an accountant. A primary role of a marketing manager involves developing and executing marketing plans and strategies aimed at increasing brand awareness, customer engagement, and sales.""
}
```","{
  ""Score"": 8,
  ""Scoring Details"": {
    ""Definition (4/5)"": ""The student accurately defined SWOT analysis and its four components (strengths, weaknesses, opportunities, threats). Minor deduction for not explicitly stating that strengths/weaknesses are internal and opportunities/threats are external."",
    ""Purpose (2/3)"": ""The student correctly linked SWOT to strategic planning and decision-making but did not elaborate on how it bridges internal capabilities with external possibilities (e.g., aligning resources with market trends)."",
    ""Depth (1.5/2)"": ""The answer was concise but lacked examples or specific strategic outcomes (e.g., risk mitigation, competitive advantage)."",
    ""Clarity (0.5/0)"": ""No issues here—the response was clear and well-structured.""
  },
  ""Personalized Feedback"": ""Good job defining SWOT analysis and its role in strategic planning! To improve, explicitly differentiate internal (strengths/weaknesses) and external (opportunities/threats) factors. Add examples of how SWOT informs strategies—like leveraging a strength to seize an opportunity or addressing a weakness to avoid a threat. This will deepen your explanation and showcase practical application.""
}","[""5: Reasoning is complete, clear, and rigorous; all steps are correct; arguments are strong and free of logical fallacies."", ""4: Reasoning is largely correct and logically coherent with minor issues in individual steps or details that do not affect the conclusion."", ""3: Reasoning is visible but contains unclear logic, missing steps, or insufficient argumentation, affecting the overall outcome."", ""2: Reasoning has major logical flaws, confusion in steps, or critical omissions; reliability is low."", ""1: Virtually no valid reasoning; logic is chaotic; steps are incorrect or irrelevant.""]"
057fb10dadb0ef587ef63e8c0692fb069e747f33,e8eaac2d34fe22bfaeea169dbdf5be45c09c1213,3,185.8511796875,True,True,True,False,True,83,2,5,4,4,1.1796875,1.1796875,0.0,2.36335056323702,0.34274659063555646,-2.0206039726014637,"Question: Which of the following is a primary role of a marketing manager in an organization?
Original Answer: Managing the financial accounts of the organization.
You are providing error-correction services for the student's response. Based on this question and the original answer, provide the ""Corrected Answer"" and ""Error Explanation"", in JSON format.","```json
{
  ""Corrected Answer"": ""Developing and implementing marketing strategies to promote the organization's products or services."",
  ""Error Explanation"": ""The original answer, 'Managing the financial accounts of the organization,' is incorrect. This task is typically associated with a finance manager or an accountant. A primary role of a marketing manager involves developing and executing marketing plans and strategies aimed at increasing brand awareness, customer engagement, and sales.""
}
```","```json
{
  ""Score"": 4,
  ""Scoring Details"": {
    ""Correctness"": 3,
    ""Completeness"": 2,
    ""Clarity"": 3
  },
  ""Personalized Feedback"": [
    {
      ""Type"": ""Correctness"",
      ""Feedback"": ""The definition provided is mostly correct, but it could be more precise. SWOT stands for Strengths, Weaknesses, Opportunities, and Threats. The student correctly identified the purpose of the analysis, but the term 'factors' might be too broad without specifying they are internal (strengths and weaknesses) and external (opportunities and threats).""
    },
    {
      ""Type"": ""Completeness"",
      ""Feedback"": ""The answer could be more comprehensive. It would be beneficial to include examples of how each aspect (strengths, weaknesses, opportunities, threats) can influence a business strategy and why this analysis is crucial for decision-making.""
    },
    {
      ""Type"": ""Clarity"",
      ""Feedback"": ""The explanation is clear and understandable. However, it could be enhanced by providing a bit more context or a simple example to illustrate the practical application of SWOT analysis in strategic planning.""
    }
  ]
}
```","[""5: Reasoning is complete, clear, and rigorous; all steps are correct; arguments are strong and free of logical fallacies."", ""4: Reasoning is largely correct and logically coherent with minor issues in individual steps or details that do not affect the conclusion."", ""3: Reasoning is visible but contains unclear logic, missing steps, or insufficient argumentation, affecting the overall outcome."", ""2: Reasoning has major logical flaws, confusion in steps, or critical omissions; reliability is low."", ""1: Virtually no valid reasoning; logic is chaotic; steps are incorrect or irrelevant.""]"
04bfbf54a7eeef628f3799e10e300520dcee17ca,b43d9b8275ccda915b2b0cc0c468fa462f5ddcd7,1,239.90145312500002,True,True,True,True,True,2,2,4,4,4,2.796875,1.453125,-1.34375,2.2138718277151384,1.0239193517650165,-1.1899524759501219,"问题：解释为什么基因编辑技术可以用于提高作物抗病能力，并举例说明一个成功的应用案例。
学生的答案：基因编辑技术通过精确修改作物的基因组，可以提高抗病能力。CRISPR-Cas9是一种常用的基因编辑工具，通过识别和切割特定的DNA序列，使科研人员能够插入、删除或替换疾病相关的基因，从而增强植物的免疫反应。一个成功的应用案例是基因编辑改善水稻对稻瘟病的抵抗力，这是一种由真菌引起的毁灭性疾病。科学家利用CRISPR-Cas9编辑OsSWEET13基因，从而阻止病原体破坏水稻细胞的糖运输，增强水稻的抗病性能，结果在实验中显示出显著的抗病能力提高。
请根据问题和学生答案给出""评分"":""评分细节"":""个性化反馈"":,以json格式返回","```json
{
  ""评分"": 5,
  ""评分细节"": {
    ""解释部分"": 2,
    ""案例部分"": 2,
    ""结构与逻辑"": 1
  },
  ""个性化反馈"": ""你的答案准确阐述了基因编辑技术（CRISPR-Cas9）通过靶向修饰基因组增强作物抗病性的核心机制，并提供了水稻OsSWEET13基因编辑对抗稻瘟病的典型案例。答案结构清晰，科学术语使用得当。若能在以下方面补充会更完善：（1）简要说明植物抗病基因的两种类型（R基因/PR蛋白相关基因）；（2）提及病原体通过效应蛋白靶向SWEET基因的分子互作机制；（3）说明该技术相比传统育种的优势（如不引入外源DNA）。总体而言，这是一个优秀的回答。""
}
```","```json
{
  ""评分"": 9,
  ""评分细节"": {
    ""准确性"": 10,
    ""完整性"": 9,
    ""清晰度"": 9,
    ""相关性"": 10
  },
  ""个性化反馈"": ""你的答案准确地解释了基因编辑技术如何提高作物抗病能力，并提供了一个具体的成功应用案例。CRISPR-Cas9技术的描述清晰且相关，案例选择也非常恰当。唯一可以改进的地方是进一步解释OsSWEET13基因的具体作用机制，以增强答案的完整性。总体来说，你的回答非常出色，继续保持！""
}
```","[""5分： 完全理解并精准执行所有指令，完美达成核心任务目标，格式完全符合要求。"", ""4分： 准确理解主要指令，正确执行任务，核心目标达成度高，格式基本符合要求，可能有极少细节遗漏或偏差。"", ""3分： 理解了指令大意但可能忽略部分细节，任务基本完成但存在一些不准确或遗漏之处，格式有明显尝试但存在较多偏差。"", ""2分： 对指令理解有偏差，任务完成度低或有严重错误，格式多数不符合要求。"", ""1分： 完全误解或无视指令，任务未完成或完全错误，格式混乱或不相关。""]"
04bfbf54a7eeef628f3799e10e300520dcee17ca,72a5f93f185d9c264ece068480a741b1fde467cc,2,239.8013515625,True,True,True,True,True,4,2,4,4,4,2.796875,1.3515625,-1.4453125,2.2138718277151384,0.9339810832339026,-1.2798907444812357,"问题：解释为什么基因编辑技术可以用于提高作物抗病能力，并举例说明一个成功的应用案例。
学生的答案：基因编辑技术通过精确修改作物的基因组，可以提高抗病能力。CRISPR-Cas9是一种常用的基因编辑工具，通过识别和切割特定的DNA序列，使科研人员能够插入、删除或替换疾病相关的基因，从而增强植物的免疫反应。一个成功的应用案例是基因编辑改善水稻对稻瘟病的抵抗力，这是一种由真菌引起的毁灭性疾病。科学家利用CRISPR-Cas9编辑OsSWEET13基因，从而阻止病原体破坏水稻细胞的糖运输，增强水稻的抗病性能，结果在实验中显示出显著的抗病能力提高。
请根据问题和学生答案给出""评分"":""评分细节"":""个性化反馈"":,以json格式返回","```json
{
  ""评分"": 5,
  ""评分细节"": {
    ""解释部分"": 2,
    ""案例部分"": 2,
    ""结构与逻辑"": 1
  },
  ""个性化反馈"": ""你的答案准确阐述了基因编辑技术（CRISPR-Cas9）通过靶向修饰基因组增强作物抗病性的核心机制，并提供了水稻OsSWEET13基因编辑对抗稻瘟病的典型案例。答案结构清晰，科学术语使用得当。若能在以下方面补充会更完善：（1）简要说明植物抗病基因的两种类型（R基因/PR蛋白相关基因）；（2）提及病原体通过效应蛋白靶向SWEET基因的分子互作机制；（3）说明该技术相比传统育种的优势（如不引入外源DNA）。总体而言，这是一个优秀的回答。""
}
```","```json
{
  ""评分"": 8,
  ""评分细节"": {
    ""准确性"": 7,
    ""完整性"": 8,
    ""深度"": 6
  },
  ""个性化反馈"": [
    ""准确性方面：您的回答基本准确，提到了基因编辑技术可以通过修改作物的基因组来提高其抗病能力，也正确地介绍了CRISPR-Cas9作为基因编辑工具的应用。但是，您提到的OsSWEET13基因的具体功能需要进一步确认，该基因主要与细胞间的糖分运输有关，但其直接关联到抗病性还需具体研究支持。"",
    ""完整性方面：您的回答涵盖了基因编辑技术的基本原理以及一个具体的成功应用案例，这部分内容较为全面。"",
    ""深度方面：您可以更深入地探讨基因编辑技术的具体过程，例如如何选择正确的靶点、如何验证编辑后的效果等。此外，也可以介绍更多的成功应用案例，以展示基因编辑技术在农业上的广泛应用。""
  ]
}
```","[""5分： 完全理解并精准执行所有指令，完美达成核心任务目标，格式完全符合要求。"", ""4分： 准确理解主要指令，正确执行任务，核心目标达成度高，格式基本符合要求，可能有极少细节遗漏或偏差。"", ""3分： 理解了指令大意但可能忽略部分细节，任务基本完成但存在一些不准确或遗漏之处，格式有明显尝试但存在较多偏差。"", ""2分： 对指令理解有偏差，任务完成度低或有严重错误，格式多数不符合要求。"", ""1分： 完全误解或无视指令，任务未完成或完全错误，格式混乱或不相关。""]"
04bfbf54a7eeef628f3799e10e300520dcee17ca,7c9d89348cf2e2abaca9c93771205bb3de4c18db,3,170.00051171875,True,True,False,False,True,0,2,4,5,5,2.796875,0.51171875,-2.28515625,2.2138718277151384,4.508343562627601,2.294471734912463,"问题：解释为什么基因编辑技术可以用于提高作物抗病能力，并举例说明一个成功的应用案例。
学生的答案：基因编辑技术通过精确修改作物的基因组，可以提高抗病能力。CRISPR-Cas9是一种常用的基因编辑工具，通过识别和切割特定的DNA序列，使科研人员能够插入、删除或替换疾病相关的基因，从而增强植物的免疫反应。一个成功的应用案例是基因编辑改善水稻对稻瘟病的抵抗力，这是一种由真菌引起的毁灭性疾病。科学家利用CRISPR-Cas9编辑OsSWEET13基因，从而阻止病原体破坏水稻细胞的糖运输，增强水稻的抗病性能，结果在实验中显示出显著的抗病能力提高。
请根据问题和学生答案给出""评分"":""评分细节"":""个性化反馈"":,以json格式返回","```json
{
  ""评分"": 5,
  ""评分细节"": {
    ""解释部分"": 2,
    ""案例部分"": 2,
    ""结构与逻辑"": 1
  },
  ""个性化反馈"": ""你的答案准确阐述了基因编辑技术（CRISPR-Cas9）通过靶向修饰基因组增强作物抗病性的核心机制，并提供了水稻OsSWEET13基因编辑对抗稻瘟病的典型案例。答案结构清晰，科学术语使用得当。若能在以下方面补充会更完善：（1）简要说明植物抗病基因的两种类型（R基因/PR蛋白相关基因）；（2）提及病原体通过效应蛋白靶向SWEET基因的分子互作机制；（3）说明该技术相比传统育种的优势（如不引入外源DNA）。总体而言，这是一个优秀的回答。""
}
```","```json
{
  ""问题"": ""小明在操场上踢足球，足球从静止开始滚动，最后又停了下来。请简要描述足球在滚动过程中受到的力，并解释为什么足球最终会停下来。"",
  ""提供的思路"": [
    ""1. 分析足球从静止到滚动时受到的力，如小明的踢力。"",
    ""2. 考虑足球在滚动过程中受到的摩擦力，包括地面和空气的阻力。"",
    ""3. 解释这些力如何影响足球的运动状态，最终导致足球停下来。"",
    ""4. 可以结合牛顿第一定律（惯性定律）来进一步解释。""
  ]
}
```","[""5分： 完全理解并精准执行所有指令，完美达成核心任务目标，格式完全符合要求。"", ""4分： 准确理解主要指令，正确执行任务，核心目标达成度高，格式基本符合要求，可能有极少细节遗漏或偏差。"", ""3分： 理解了指令大意但可能忽略部分细节，任务基本完成但存在一些不准确或遗漏之处，格式有明显尝试但存在较多偏差。"", ""2分： 对指令理解有偏差，任务完成度低或有严重错误，格式多数不符合要求。"", ""1分： 完全误解或无视指令，任务未完成或完全错误，格式混乱或不相关。""]"
bb99da8830bc11b1828c4a9637d65ecb7ee71420,12bcd4b81301c8060ad287927889a9a1b7c967ea,1,182.2555625,True,True,True,False,True,155,2,4,4,5,1.8828125,5.5625,3.6796875,1.8804980995332699,7.003270252964853,5.122772153431583,"Question: Which of the following is a primary role of a marketing manager in an organization?
Original Answer: Managing the financial accounts of the organization.
You are providing error-correction services for the student's response. Based on this question and the original answer, provide the ""Corrected Answer"" and ""Error Explanation"", in JSON format.","```json
{
  ""Corrected Answer"": ""Developing and implementing marketing strategies to promote the organization's products or services."",
  ""Error Explanation"": ""The original answer incorrectly identifies managing financial accounts as the primary role of a marketing manager. This responsibility typically falls under the purview of a financial manager or accountant. The primary role of a marketing manager is to develop and execute marketing strategies to enhance the organization's market presence and drive sales.""
}
```","```json
{
  ""personalized_learning_content"": [
    {
      ""task_title"": ""Qualitative Case Study Analysis"",
      ""description"": ""Analyze 3 case studies on corporate governance failures using qualitative methods (e.g., thematic analysis, interviews). Submit a report highlighting patterns, stakeholder perspectives, and regulatory gaps."",
      ""deadline"": ""3 weeks"",
      ""objective"": ""Develop qualitative research skills by interpreting non-numerical data and contextual factors.""
    },
    {
      ""task_title"": ""Literature Synthesis on Financial Regulation"",
      ""description"": ""Review 10 recent academic papers on financial regulation trends. Create a comparative table summarizing methodologies, findings, and gaps, with a focus on qualitative approaches."",
      ""deadline"": ""2 weeks"",
      ""objective"": ""Strengthen theoretical grounding in financial regulation while identifying opportunities for qualitative research.""
    },
    {
      ""task_title"": ""Hybrid Methodology Workshop"",
      ""description"": ""Attend a workshop on mixed-methods research design. Draft a proposal for a PhD project combining quantitative data (e.g., financial metrics) with qualitative interviews."",
      ""deadline"": ""4 weeks"",
      ""objective"": ""Bridge quantitative strengths with qualitative improvement by integrating both methodologies.""
    },
    {
      ""task_title"": ""Peer Discussion Forum Participation"",
      ""description"": ""Lead 2 group discussions on corporate governance case studies. Prepare open-ended questions to debate ethical, cultural, and regulatory implications."",
      ""deadline"": ""Ongoing (weekly)"",
      ""objective"": ""Leverage discussion-based learning to deepen qualitative critical thinking.""
    },
    {
      ""task_title"": ""Expert Interview Simulation"",
      ""description"": ""Conduct mock interviews with peers acting as corporate board members/regulators. Transcribe and code responses to identify governance themes."",
      ""deadline"": ""2 weeks"",
      ""objective"": ""Practice qualitative data collection and coding techniques in a realistic setting.""
    }
  ]
}
```","[""5: Fully integrated all key scenario elements (e.g., student history, learning preferences); output is highly personalized and well-matched to the teaching context."", ""4: Used major scenario elements effectively; response is targeted, possibly overlooks minor details but does not affect overall results."", ""3: Some use of scenario information, but integration is shallow; personalization or contextual fit is average."", ""2: Only surface-level reference to scenario information; did not integrate core elements effectively; weak contextual connection."", ""1: Completely ignored scenario-specific information; output is generic, templated, and irrelevant to the scenario.""]"
bb99da8830bc11b1828c4a9637d65ecb7ee71420,3983592200e1e021b9b0d50bee40b71f248583d6,2,181.951734375,True,True,True,False,True,161,2,4,4,4,1.8828125,1.734375,-0.1484375,1.8804980995332699,1.4150422675380696,-0.46545583199520024,"Question: Which of the following is a primary role of a marketing manager in an organization?
Original Answer: Managing the financial accounts of the organization.
You are providing error-correction services for the student's response. Based on this question and the original answer, provide the ""Corrected Answer"" and ""Error Explanation"", in JSON format.","```json
{
  ""Corrected Answer"": ""Developing and implementing marketing strategies to promote the organization's products or services."",
  ""Error Explanation"": ""The original answer incorrectly identifies managing financial accounts as the primary role of a marketing manager. This responsibility typically falls under the purview of a financial manager or accountant. The primary role of a marketing manager is to develop and execute marketing strategies to enhance the organization's market presence and drive sales.""
}
```","Here's a JSON formatted response with personalized learning content or tasks based on Alex Johnson's student profile:

```json
{
  ""Student"": {
    ""Name"": ""Alex Johnson"",
    ""Age"": 32,
    ""Background"": ""Alex has a background in finance and has worked in investment banking for 6 years before pursuing a PhD in Business Administration."",
    ""Research Interests"": ""Corporate governance and financial regulation"",
    ""Learning Style"": ""Prefers reading case studies and engaging in discussions"",
    ""Strengths"": ""Strong analytical skills, high proficiency in quantitative methods"",
    ""Areas for Improvement"": ""Needs to develop more qualitative research skills"",
    ""Personalized Learning Content"": [
      {
        ""Task"": ""Read and analyze case studies on corporate governance failures in large corporations"",
        ""Objective"": ""To understand the practical implications of poor corporate governance""
      },
      {
        ""Task"": ""Engage in a discussion forum about recent financial regulations and their impact on corporate governance"",
        ""Objective"": ""To enhance understanding through peer interaction and diverse viewpoints""
      },
      {
        ""Task"": ""Attend a workshop on qualitative research methods in business administration"",
        ""Objective"": ""To improve qualitative research skills""
      },
      {
        ""Task"": ""Participate in a research project focusing on the effectiveness of financial regulations in different countries"",
        ""Objective"": ""To apply both qualitative and quantitative research methods in a real-world context""
      }
    ]
  }
}
```

This JSON object provides a structured overview of personalized learning content tailored to Alex's background, interests, and areas for improvement. Each task is designed to leverage Alex's strengths while addressing his need to develop qualitative research skills.","[""5: Fully integrated all key scenario elements (e.g., student history, learning preferences); output is highly personalized and well-matched to the teaching context."", ""4: Used major scenario elements effectively; response is targeted, possibly overlooks minor details but does not affect overall results."", ""3: Some use of scenario information, but integration is shallow; personalization or contextual fit is average."", ""2: Only surface-level reference to scenario information; did not integrate core elements effectively; weak contextual connection."", ""1: Completely ignored scenario-specific information; output is generic, templated, and irrelevant to the scenario.""]"
bb99da8830bc11b1828c4a9637d65ecb7ee71420,996947257b8dd730b64898e3de4ac96ce6bf2bc6,3,180.253109375,True,True,True,False,True,195,2,4,5,4,1.8828125,3.109375,1.2265625,1.8804980995332699,3.422242523528098,1.5417444239948281,"Question: Which of the following is a primary role of a marketing manager in an organization?
Original Answer: Managing the financial accounts of the organization.
You are providing error-correction services for the student's response. Based on this question and the original answer, provide the ""Corrected Answer"" and ""Error Explanation"", in JSON format.","```json
{
  ""Corrected Answer"": ""Developing and implementing marketing strategies to promote the organization's products or services."",
  ""Error Explanation"": ""The original answer incorrectly identifies managing financial accounts as the primary role of a marketing manager. This responsibility typically falls under the purview of a financial manager or accountant. The primary role of a marketing manager is to develop and execute marketing strategies to enhance the organization's market presence and drive sales.""
}
```","```json
{
  ""Student"": {
    ""Name"": ""Alex Johnson"",
    ""Age"": 32,
    ""Background"": ""Alex has a background in finance and has worked in investment banking for 6 years before pursuing a PhD in Business Administration."",
    ""Research Interests"": ""Corporate governance and financial regulation"",
    ""Learning Style"": ""Prefers reading case studies and engaging in discussions"",
    ""Strengths"": ""Strong analytical skills, high proficiency in quantitative methods"",
    ""Areas for Improvement"": ""Needs to develop more qualitative research skills""
  },
  ""Personalized Learning Content"": [
    {
      ""Topic"": ""Corporate Governance Frameworks"",
      ""Content"": ""Read the case study of 'Enron Corporation's collapse due to poor corporate governance' and discuss how quantitative metrics could have been used to predict the risks."",
      ""Type"": ""Case Study & Discussion""
    },
    {
      ""Topic"": ""Qualitative Analysis Techniques"",
      ""Content"": ""Attend a workshop on qualitative research methods and participate in group discussions to practice analyzing qualitative data related to corporate governance and financial regulation."",
      ""Type"": ""Workshop & Discussion""
    },
    {
      ""Topic"": ""Financial Regulation Case Studies"",
      ""Content"": ""Review historical case studies on significant changes in financial regulations and their impact on corporate governance practices. Prepare a presentation on one of these cases focusing on qualitative aspects."",
      ""Type"": ""Reading & Presentation""
    },
    {
      ""Topic"": ""Interdisciplinary Research Methods"",
      ""Content"": ""Participate in an interdisciplinary seminar where you can learn from experts in law, sociology, and political science about their approaches to studying corporate governance and financial regulation."",
      ""Type"": ""Seminar & Discussion""
    },
    {
      ""Topic"": ""Empirical Research in Corporate Governance"",
      ""Content"": ""Conduct a small-scale empirical research project using both quantitative and qualitative methods to explore a specific aspect of corporate governance. Focus on developing your qualitative analysis skills."",
      ""Type"": ""Research Project""
    }
  ]
}
```","[""5: Fully integrated all key scenario elements (e.g., student history, learning preferences); output is highly personalized and well-matched to the teaching context."", ""4: Used major scenario elements effectively; response is targeted, possibly overlooks minor details but does not affect overall results."", ""3: Some use of scenario information, but integration is shallow; personalization or contextual fit is average."", ""2: Only surface-level reference to scenario information; did not integrate core elements effectively; weak contextual connection."", ""1: Completely ignored scenario-specific information; output is generic, templated, and irrelevant to the scenario.""]"
ab6c4ba7b5065f647c29431814feeb3a00e9c7b0,12bcd4b81301c8060ad287927889a9a1b7c967ea,1,182.0555625,True,True,True,False,True,159,2,4,4,5,1.7109375,5.5625,3.8515625,1.6458466178005438,7.003270252964853,5.357423635164309,"Question: Which of the following is a primary role of a marketing manager in an organization?
Original Answer: Managing the financial accounts of the organization.
You are providing error-correction services for the student's response. Based on this question and the original answer, provide the ""Corrected Answer"" and ""Error Explanation"", in JSON format.","```json
{
  ""Corrected Answer"": ""Developing and implementing marketing strategies to promote the organization's products or services."",
  ""Error Explanation"": ""The original answer, 'Managing the financial accounts of the organization,' is incorrect. This task is typically associated with a finance manager or an accountant. A primary role of a marketing manager involves developing and executing marketing plans and strategies aimed at increasing brand awareness, customer engagement, and sales.""
}
```","```json
{
  ""personalized_learning_content"": [
    {
      ""task_title"": ""Qualitative Case Study Analysis"",
      ""description"": ""Analyze 3 case studies on corporate governance failures using qualitative methods (e.g., thematic analysis, interviews). Submit a report highlighting patterns, stakeholder perspectives, and regulatory gaps."",
      ""deadline"": ""3 weeks"",
      ""objective"": ""Develop qualitative research skills by interpreting non-numerical data and contextual factors.""
    },
    {
      ""task_title"": ""Literature Synthesis on Financial Regulation"",
      ""description"": ""Review 10 recent academic papers on financial regulation trends. Create a comparative table summarizing methodologies, findings, and gaps, with a focus on qualitative approaches."",
      ""deadline"": ""2 weeks"",
      ""objective"": ""Strengthen theoretical grounding in financial regulation while identifying opportunities for qualitative research.""
    },
    {
      ""task_title"": ""Hybrid Methodology Workshop"",
      ""description"": ""Attend a workshop on mixed-methods research design. Draft a proposal for a PhD project combining quantitative data (e.g., financial metrics) with qualitative interviews."",
      ""deadline"": ""4 weeks"",
      ""objective"": ""Bridge quantitative strengths with qualitative improvement by integrating both methodologies.""
    },
    {
      ""task_title"": ""Peer Discussion Forum Participation"",
      ""description"": ""Lead 2 group discussions on corporate governance case studies. Prepare open-ended questions to debate ethical, cultural, and regulatory implications."",
      ""deadline"": ""Ongoing (weekly)"",
      ""objective"": ""Leverage discussion-based learning to deepen qualitative critical thinking.""
    },
    {
      ""task_title"": ""Expert Interview Simulation"",
      ""description"": ""Conduct mock interviews with peers acting as corporate board members/regulators. Transcribe and code responses to identify governance themes."",
      ""deadline"": ""2 weeks"",
      ""objective"": ""Practice qualitative data collection and coding techniques in a realistic setting.""
    }
  ]
}
```","[""5: Fully integrated all key scenario elements (e.g., student history, learning preferences); output is highly personalized and well-matched to the teaching context."", ""4: Used major scenario elements effectively; response is targeted, possibly overlooks minor details but does not affect overall results."", ""3: Some use of scenario information, but integration is shallow; personalization or contextual fit is average."", ""2: Only surface-level reference to scenario information; did not integrate core elements effectively; weak contextual connection."", ""1: Completely ignored scenario-specific information; output is generic, templated, and irrelevant to the scenario.""]"
ab6c4ba7b5065f647c29431814feeb3a00e9c7b0,3983592200e1e021b9b0d50bee40b71f248583d6,2,181.751734375,True,True,True,False,True,165,2,4,4,4,1.7109375,1.734375,0.0234375,1.6458466178005438,1.4150422675380696,-0.23080435026247414,"Question: Which of the following is a primary role of a marketing manager in an organization?
Original Answer: Managing the financial accounts of the organization.
You are providing error-correction services for the student's response. Based on this question and the original answer, provide the ""Corrected Answer"" and ""Error Explanation"", in JSON format.","```json
{
  ""Corrected Answer"": ""Developing and implementing marketing strategies to promote the organization's products or services."",
  ""Error Explanation"": ""The original answer, 'Managing the financial accounts of the organization,' is incorrect. This task is typically associated with a finance manager or an accountant. A primary role of a marketing manager involves developing and executing marketing plans and strategies aimed at increasing brand awareness, customer engagement, and sales.""
}
```","Here's a JSON formatted response with personalized learning content or tasks based on Alex Johnson's student profile:

```json
{
  ""Student"": {
    ""Name"": ""Alex Johnson"",
    ""Age"": 32,
    ""Background"": ""Alex has a background in finance and has worked in investment banking for 6 years before pursuing a PhD in Business Administration."",
    ""Research Interests"": ""Corporate governance and financial regulation"",
    ""Learning Style"": ""Prefers reading case studies and engaging in discussions"",
    ""Strengths"": ""Strong analytical skills, high proficiency in quantitative methods"",
    ""Areas for Improvement"": ""Needs to develop more qualitative research skills"",
    ""Personalized Learning Content"": [
      {
        ""Task"": ""Read and analyze case studies on corporate governance failures in large corporations"",
        ""Objective"": ""To understand the practical implications of poor corporate governance""
      },
      {
        ""Task"": ""Engage in a discussion forum about recent financial regulations and their impact on corporate governance"",
        ""Objective"": ""To enhance understanding through peer interaction and diverse viewpoints""
      },
      {
        ""Task"": ""Attend a workshop on qualitative research methods in business administration"",
        ""Objective"": ""To improve qualitative research skills""
      },
      {
        ""Task"": ""Participate in a research project focusing on the effectiveness of financial regulations in different countries"",
        ""Objective"": ""To apply both qualitative and quantitative research methods in a real-world context""
      }
    ]
  }
}
```

This JSON object provides a structured overview of personalized learning content tailored to Alex's background, interests, and areas for improvement. Each task is designed to leverage Alex's strengths while addressing his need to develop qualitative research skills.","[""5: Fully integrated all key scenario elements (e.g., student history, learning preferences); output is highly personalized and well-matched to the teaching context."", ""4: Used major scenario elements effectively; response is targeted, possibly overlooks minor details but does not affect overall results."", ""3: Some use of scenario information, but integration is shallow; personalization or contextual fit is average."", ""2: Only surface-level reference to scenario information; did not integrate core elements effectively; weak contextual connection."", ""1: Completely ignored scenario-specific information; output is generic, templated, and irrelevant to the scenario.""]"
ab6c4ba7b5065f647c29431814feeb3a00e9c7b0,996947257b8dd730b64898e3de4ac96ce6bf2bc6,3,180.05310937500002,True,True,True,False,True,199,2,4,5,4,1.7109375,3.109375,1.3984375,1.6458466178005438,3.422242523528098,1.7763959057275542,"Question: Which of the following is a primary role of a marketing manager in an organization?
Original Answer: Managing the financial accounts of the organization.
You are providing error-correction services for the student's response. Based on this question and the original answer, provide the ""Corrected Answer"" and ""Error Explanation"", in JSON format.","```json
{
  ""Corrected Answer"": ""Developing and implementing marketing strategies to promote the organization's products or services."",
  ""Error Explanation"": ""The original answer, 'Managing the financial accounts of the organization,' is incorrect. This task is typically associated with a finance manager or an accountant. A primary role of a marketing manager involves developing and executing marketing plans and strategies aimed at increasing brand awareness, customer engagement, and sales.""
}
```","```json
{
  ""Student"": {
    ""Name"": ""Alex Johnson"",
    ""Age"": 32,
    ""Background"": ""Alex has a background in finance and has worked in investment banking for 6 years before pursuing a PhD in Business Administration."",
    ""Research Interests"": ""Corporate governance and financial regulation"",
    ""Learning Style"": ""Prefers reading case studies and engaging in discussions"",
    ""Strengths"": ""Strong analytical skills, high proficiency in quantitative methods"",
    ""Areas for Improvement"": ""Needs to develop more qualitative research skills""
  },
  ""Personalized Learning Content"": [
    {
      ""Topic"": ""Corporate Governance Frameworks"",
      ""Content"": ""Read the case study of 'Enron Corporation's collapse due to poor corporate governance' and discuss how quantitative metrics could have been used to predict the risks."",
      ""Type"": ""Case Study & Discussion""
    },
    {
      ""Topic"": ""Qualitative Analysis Techniques"",
      ""Content"": ""Attend a workshop on qualitative research methods and participate in group discussions to practice analyzing qualitative data related to corporate governance and financial regulation."",
      ""Type"": ""Workshop & Discussion""
    },
    {
      ""Topic"": ""Financial Regulation Case Studies"",
      ""Content"": ""Review historical case studies on significant changes in financial regulations and their impact on corporate governance practices. Prepare a presentation on one of these cases focusing on qualitative aspects."",
      ""Type"": ""Reading & Presentation""
    },
    {
      ""Topic"": ""Interdisciplinary Research Methods"",
      ""Content"": ""Participate in an interdisciplinary seminar where you can learn from experts in law, sociology, and political science about their approaches to studying corporate governance and financial regulation."",
      ""Type"": ""Seminar & Discussion""
    },
    {
      ""Topic"": ""Empirical Research in Corporate Governance"",
      ""Content"": ""Conduct a small-scale empirical research project using both quantitative and qualitative methods to explore a specific aspect of corporate governance. Focus on developing your qualitative analysis skills."",
      ""Type"": ""Research Project""
    }
  ]
}
```","[""5: Fully integrated all key scenario elements (e.g., student history, learning preferences); output is highly personalized and well-matched to the teaching context."", ""4: Used major scenario elements effectively; response is targeted, possibly overlooks minor details but does not affect overall results."", ""3: Some use of scenario information, but integration is shallow; personalization or contextual fit is average."", ""2: Only surface-level reference to scenario information; did not integrate core elements effectively; weak contextual connection."", ""1: Completely ignored scenario-specific information; output is generic, templated, and irrelevant to the scenario.""]"
fceb9659e6f4b3b5648c977ec612b79ae8a6ae29,12bcd4b81301c8060ad287927889a9a1b7c967ea,1,181.6055625,True,True,True,False,True,168,2,4,4,5,1.6640625,5.5625,3.8984375,1.581850759146164,7.003270252964853,5.421419493818689,"Question: Which of the following is a primary role of a marketing manager in an organization?
Original Answer: Managing the financial accounts of the organization.
You are providing error-correction services for the student's response. Based on this question and the original answer, provide the ""Corrected Answer"" and ""Error Explanation"", in JSON format.","{
  ""Corrected Answer"": ""Planning and executing marketing strategies to promote products or services."",
  ""Error Explanation"": ""The original answer incorrectly identifies managing financial accounts as a primary role of a marketing manager. This task is more closely associated with finance or accounting departments. A marketing manager focuses on planning and implementing marketing strategies aimed at promoting products or services.""
}","```json
{
  ""personalized_learning_content"": [
    {
      ""task_title"": ""Qualitative Case Study Analysis"",
      ""description"": ""Analyze 3 case studies on corporate governance failures using qualitative methods (e.g., thematic analysis, interviews). Submit a report highlighting patterns, stakeholder perspectives, and regulatory gaps."",
      ""deadline"": ""3 weeks"",
      ""objective"": ""Develop qualitative research skills by interpreting non-numerical data and contextual factors.""
    },
    {
      ""task_title"": ""Literature Synthesis on Financial Regulation"",
      ""description"": ""Review 10 recent academic papers on financial regulation trends. Create a comparative table summarizing methodologies, findings, and gaps, with a focus on qualitative approaches."",
      ""deadline"": ""2 weeks"",
      ""objective"": ""Strengthen theoretical grounding in financial regulation while identifying opportunities for qualitative research.""
    },
    {
      ""task_title"": ""Hybrid Methodology Workshop"",
      ""description"": ""Attend a workshop on mixed-methods research design. Draft a proposal for a PhD project combining quantitative data (e.g., financial metrics) with qualitative interviews."",
      ""deadline"": ""4 weeks"",
      ""objective"": ""Bridge quantitative strengths with qualitative improvement by integrating both methodologies.""
    },
    {
      ""task_title"": ""Peer Discussion Forum Participation"",
      ""description"": ""Lead 2 group discussions on corporate governance case studies. Prepare open-ended questions to debate ethical, cultural, and regulatory implications."",
      ""deadline"": ""Ongoing (weekly)"",
      ""objective"": ""Leverage discussion-based learning to deepen qualitative critical thinking.""
    },
    {
      ""task_title"": ""Expert Interview Simulation"",
      ""description"": ""Conduct mock interviews with peers acting as corporate board members/regulators. Transcribe and code responses to identify governance themes."",
      ""deadline"": ""2 weeks"",
      ""objective"": ""Practice qualitative data collection and coding techniques in a realistic setting.""
    }
  ]
}
```","[""5: Fully integrated all key scenario elements (e.g., student history, learning preferences); output is highly personalized and well-matched to the teaching context."", ""4: Used major scenario elements effectively; response is targeted, possibly overlooks minor details but does not affect overall results."", ""3: Some use of scenario information, but integration is shallow; personalization or contextual fit is average."", ""2: Only surface-level reference to scenario information; did not integrate core elements effectively; weak contextual connection."", ""1: Completely ignored scenario-specific information; output is generic, templated, and irrelevant to the scenario.""]"
fceb9659e6f4b3b5648c977ec612b79ae8a6ae29,3983592200e1e021b9b0d50bee40b71f248583d6,2,181.30173437500002,True,True,True,False,True,174,2,4,4,4,1.6640625,1.734375,0.0703125,1.581850759146164,1.4150422675380696,-0.1668084916080943,"Question: Which of the following is a primary role of a marketing manager in an organization?
Original Answer: Managing the financial accounts of the organization.
You are providing error-correction services for the student's response. Based on this question and the original answer, provide the ""Corrected Answer"" and ""Error Explanation"", in JSON format.","{
  ""Corrected Answer"": ""Planning and executing marketing strategies to promote products or services."",
  ""Error Explanation"": ""The original answer incorrectly identifies managing financial accounts as a primary role of a marketing manager. This task is more closely associated with finance or accounting departments. A marketing manager focuses on planning and implementing marketing strategies aimed at promoting products or services.""
}","Here's a JSON formatted response with personalized learning content or tasks based on Alex Johnson's student profile:

```json
{
  ""Student"": {
    ""Name"": ""Alex Johnson"",
    ""Age"": 32,
    ""Background"": ""Alex has a background in finance and has worked in investment banking for 6 years before pursuing a PhD in Business Administration."",
    ""Research Interests"": ""Corporate governance and financial regulation"",
    ""Learning Style"": ""Prefers reading case studies and engaging in discussions"",
    ""Strengths"": ""Strong analytical skills, high proficiency in quantitative methods"",
    ""Areas for Improvement"": ""Needs to develop more qualitative research skills"",
    ""Personalized Learning Content"": [
      {
        ""Task"": ""Read and analyze case studies on corporate governance failures in large corporations"",
        ""Objective"": ""To understand the practical implications of poor corporate governance""
      },
      {
        ""Task"": ""Engage in a discussion forum about recent financial regulations and their impact on corporate governance"",
        ""Objective"": ""To enhance understanding through peer interaction and diverse viewpoints""
      },
      {
        ""Task"": ""Attend a workshop on qualitative research methods in business administration"",
        ""Objective"": ""To improve qualitative research skills""
      },
      {
        ""Task"": ""Participate in a research project focusing on the effectiveness of financial regulations in different countries"",
        ""Objective"": ""To apply both qualitative and quantitative research methods in a real-world context""
      }
    ]
  }
}
```

This JSON object provides a structured overview of personalized learning content tailored to Alex's background, interests, and areas for improvement. Each task is designed to leverage Alex's strengths while addressing his need to develop qualitative research skills.","[""5: Fully integrated all key scenario elements (e.g., student history, learning preferences); output is highly personalized and well-matched to the teaching context."", ""4: Used major scenario elements effectively; response is targeted, possibly overlooks minor details but does not affect overall results."", ""3: Some use of scenario information, but integration is shallow; personalization or contextual fit is average."", ""2: Only surface-level reference to scenario information; did not integrate core elements effectively; weak contextual connection."", ""1: Completely ignored scenario-specific information; output is generic, templated, and irrelevant to the scenario.""]"
fceb9659e6f4b3b5648c977ec612b79ae8a6ae29,b3cf682236b1e8b8ca71935908d13ff6aeec9772,3,180.004375,True,True,True,False,True,249,2,4,4,5,1.6640625,4.375,2.7109375,1.581850759146164,5.269779122791647,3.687928363645483,"Question: Which of the following is a primary role of a marketing manager in an organization?
Original Answer: Managing the financial accounts of the organization.
You are providing error-correction services for the student's response. Based on this question and the original answer, provide the ""Corrected Answer"" and ""Error Explanation"", in JSON format.","{
  ""Corrected Answer"": ""Planning and executing marketing strategies to promote products or services."",
  ""Error Explanation"": ""The original answer incorrectly identifies managing financial accounts as a primary role of a marketing manager. This task is more closely associated with finance or accounting departments. A marketing manager focuses on planning and implementing marketing strategies aimed at promoting products or services.""
}","```json
{
  ""Student"": ""Alex Johnson"",
  ""Personalized Learning Content or Tasks"": [
    {
      ""Task_Type"": ""Reading Assignment"",
      ""Description"": ""Read and analyze a series of case studies on corporate governance failures and successes. Focus on the role of financial regulation in these cases."",
      ""Resources"": [
        ""Case Study: Enron's Collapse and the Role of Financial Regulation"",
        ""Case Study: The Impact of Sarbanes-Oxley Act on Corporate Governance""
      ],
      ""Objective"": ""To deepen understanding of how financial regulations impact corporate governance through real-world examples.""
    },
    {
      ""Task_Type"": ""Discussion Session"",
      ""Description"": ""Participate in a structured discussion with peers and faculty on the implications of recent changes in financial regulation for corporate governance. Prepare to present your insights from the case studies and engage in a critical dialogue."",
      ""Resources"": [
        ""Recent Regulatory Changes in the Financial Sector (PDF)"",
        ""Discussion Guide: Key Questions and Talking Points""
      ],
      ""Objective"": ""To enhance analytical skills and the ability to articulate complex ideas, while also developing qualitative research skills through peer interaction.""
    },
    {
      ""Task_Type"": ""Qualitative Research Workshop"",
      ""Description"": ""Attend a workshop focused on qualitative research methods, including interviews, focus groups, and content analysis. Practice these methods by conducting a small-scale study on a topic related to corporate governance and financial regulation."",
      ""Resources"": [
        ""Introduction to Qualitative Research Methods (Online Course)"",
        ""Guide to Conducting Interviews and Focus Groups""
      ],
      ""Objective"": ""To build qualitative research skills and gain hands-on experience in applying these methods to a relevant topic.""
    },
    {
      ""Task_Type"": ""Analytical Report"",
      ""Description"": ""Write an analytical report that synthesizes the findings from the case studies, discussions, and qualitative research. The report should include both quantitative and qualitative data, and provide recommendations for improving corporate governance practices."",
      ""Resources"": [
        ""Report Writing Template"",
        ""Guidelines for Incorporating Quantitative and Qualitative Data""
      ],
      ""Objective"": ""To integrate and apply both quantitative and qualitative research skills, and to produce a comprehensive and well-structured report.""
    }
  ]
}
```","[""5: Fully integrated all key scenario elements (e.g., student history, learning preferences); output is highly personalized and well-matched to the teaching context."", ""4: Used major scenario elements effectively; response is targeted, possibly overlooks minor details but does not affect overall results."", ""3: Some use of scenario information, but integration is shallow; personalization or contextual fit is average."", ""2: Only surface-level reference to scenario information; did not integrate core elements effectively; weak contextual connection."", ""1: Completely ignored scenario-specific information; output is generic, templated, and irrelevant to the scenario.""]"
46e715a2df1e392b0e0ddb3fee67f5a339e5e608,a575b0012cf5329def9f19bf58328a443b54ffe8,1,239.1026875,True,True,True,True,True,18,2,4,4,4,1.6640625,2.6875,1.0234375,0.0057903842944142525,1.1290663218069312,1.123275937512517,"Question: Explain the concept of SWOT analysis and its importance in strategic planning.
Student's Answer: SWOT analysis is a tool used to identify the strengths, weaknesses, opportunities, and threats of a business. It helps in understanding the internal and external factors that can impact the business strategy. By analyzing these factors, a company can better plan its strategic objectives and make informed decisions.
Please provide ""Score"", ""Scoring Details"", and ""Personalized Feedback"" based on the question and student's answer, in JSON format.","```json
{
  ""Score"": 3,
  ""Scoring_Details"": {
    ""Accuracy"": 2,
    ""Comprehensiveness"": 1,
    ""Clarity"": 2
  },
  ""Personalized_Feedback"": ""Your explanation of SWOT analysis is quite accurate and clear, touching upon the key elements of identifying internal (strengths and weaknesses) and external (opportunities and threats) factors. However, to enhance your answer, consider elaborating more on how each component contributes to strategic planning. For instance, how do strengths and opportunities help capitalize on market advantages, or how do weaknesses and threats guide risk mitigation strategies? This additional detail would make your response more comprehensive.""
}
```

Explanation:
- **Accuracy**: The student correctly defines what SWOT analysis entails and its purpose in strategic planning.
- **Comprehensiveness**: While the answer covers the basic components of SWOT analysis, it lacks specific examples or deeper insights into how each factor influences strategic decision-making.
- **Clarity**: The answer is straightforward and easy to understand, which is positive.

The feedback suggests areas for improvement, encouraging the student to delve deeper into the application and implications of SWOT analysis in strategic planning.","{
  ""Score"": 8,
  ""Scoring Details"": {
    ""Definition (4/5)"": ""The student accurately defined SWOT analysis and its four components (strengths, weaknesses, opportunities, threats). Minor deduction for not explicitly stating that strengths/weaknesses are internal and opportunities/threats are external."",
    ""Purpose (2/3)"": ""The student correctly linked SWOT to strategic planning and decision-making but did not elaborate on how it bridges internal capabilities with external possibilities (e.g., aligning resources with market trends)."",
    ""Depth (1.5/2)"": ""The answer was concise but lacked examples or specific strategic outcomes (e.g., risk mitigation, competitive advantage)."",
    ""Clarity (0.5/0)"": ""No issues here—the response was clear and well-structured.""
  },
  ""Personalized Feedback"": ""Good job defining SWOT analysis and its role in strategic planning! To improve, explicitly differentiate internal (strengths/weaknesses) and external (opportunities/threats) factors. Add examples of how SWOT informs strategies—like leveraging a strength to seize an opportunity or addressing a weakness to avoid a threat. This will deepen your explanation and showcase practical application.""
}","[""5: Strongly supportive and encouraging; consistently uses constructive and positive language; offers highly effective heuristic guidance instead of simply giving answers."", ""4: Generally supportive tone and positive language; provides useful guidance though occasionally too direct."", ""3: A mix of encouragement and neutral/critical language; guidance is inconsistent—sometimes helpful, sometimes overly direct or lacking."", ""2: Lacks encouragement and support; language is neutral or mildly negative; rarely guides, often just answers or remains unhelpful."", ""1: Negative or discouraging tone; no motivation or support; fails to guide or gives misleading suggestions.""]"
46e715a2df1e392b0e0ddb3fee67f5a339e5e608,169c6de36f9ec41994ebc46f238086bca687a0d1,2,169.95334375,True,True,False,False,True,1,2,4,4,4,1.6640625,3.34375,1.6796875,0.0057903842944142525,2.8704885500878845,2.8646981657934703,"Question: Explain the concept of SWOT analysis and its importance in strategic planning.
Student's Answer: SWOT analysis is a tool used to identify the strengths, weaknesses, opportunities, and threats of a business. It helps in understanding the internal and external factors that can impact the business strategy. By analyzing these factors, a company can better plan its strategic objectives and make informed decisions.
Please provide ""Score"", ""Scoring Details"", and ""Personalized Feedback"" based on the question and student's answer, in JSON format.","```json
{
  ""Score"": 3,
  ""Scoring_Details"": {
    ""Accuracy"": 2,
    ""Comprehensiveness"": 1,
    ""Clarity"": 2
  },
  ""Personalized_Feedback"": ""Your explanation of SWOT analysis is quite accurate and clear, touching upon the key elements of identifying internal (strengths and weaknesses) and external (opportunities and threats) factors. However, to enhance your answer, consider elaborating more on how each component contributes to strategic planning. For instance, how do strengths and opportunities help capitalize on market advantages, or how do weaknesses and threats guide risk mitigation strategies? This additional detail would make your response more comprehensive.""
}
```

Explanation:
- **Accuracy**: The student correctly defines what SWOT analysis entails and its purpose in strategic planning.
- **Comprehensiveness**: While the answer covers the basic components of SWOT analysis, it lacks specific examples or deeper insights into how each factor influences strategic decision-making.
- **Clarity**: The answer is straightforward and easy to understand, which is positive.

The feedback suggests areas for improvement, encouraging the student to delve deeper into the application and implications of SWOT analysis in strategic planning.","```json
{
  ""Score"": 0,
  ""Scoring Details"": {
    ""Correctness"": 0,
    ""Explanation"": ""The artwork 'The Persistence of Memory' by Salvador Dalí is not from the Renaissance period. It is a well-known surrealist painting created in 1931, which places it firmly in the 20th century. A correct answer would have identified a work such as 'Mona Lisa' by Leonardo da Vinci or 'The School of Athens' by Raphael, both of which are recognized masterpieces from the Renaissance period.""
  },
  ""Personalized Feedback"": ""It seems there might be some confusion regarding the time periods of different art movements. The Renaissance period, which spans roughly from the 14th to the 17th century, includes works by artists like Leonardo da Vinci, Michelangelo, and Raphael. 'The Persistence of Memory' is a fascinating piece but belongs to the Surrealist movement of the 20th century. For future reference, try to associate each artwork with its corresponding art movement and historical period. This will help you in identifying and understanding the context and significance of various artworks.""
}
```","[""5: Strongly supportive and encouraging; consistently uses constructive and positive language; offers highly effective heuristic guidance instead of simply giving answers."", ""4: Generally supportive tone and positive language; provides useful guidance though occasionally too direct."", ""3: A mix of encouragement and neutral/critical language; guidance is inconsistent—sometimes helpful, sometimes overly direct or lacking."", ""2: Lacks encouragement and support; language is neutral or mildly negative; rarely guides, often just answers or remains unhelpful."", ""1: Negative or discouraging tone; no motivation or support; fails to guide or gives misleading suggestions.""]"
46e715a2df1e392b0e0ddb3fee67f5a339e5e608,942977edb2d26a4d17407d33ccb5194ae2f8771e,3,169.75271875,True,True,False,False,True,5,2,4,5,4,1.6640625,2.71875,1.0546875,0.0057903842944142525,2.919964141671244,2.9141737573768296,"Question: Explain the concept of SWOT analysis and its importance in strategic planning.
Student's Answer: SWOT analysis is a tool used to identify the strengths, weaknesses, opportunities, and threats of a business. It helps in understanding the internal and external factors that can impact the business strategy. By analyzing these factors, a company can better plan its strategic objectives and make informed decisions.
Please provide ""Score"", ""Scoring Details"", and ""Personalized Feedback"" based on the question and student's answer, in JSON format.","```json
{
  ""Score"": 3,
  ""Scoring_Details"": {
    ""Accuracy"": 2,
    ""Comprehensiveness"": 1,
    ""Clarity"": 2
  },
  ""Personalized_Feedback"": ""Your explanation of SWOT analysis is quite accurate and clear, touching upon the key elements of identifying internal (strengths and weaknesses) and external (opportunities and threats) factors. However, to enhance your answer, consider elaborating more on how each component contributes to strategic planning. For instance, how do strengths and opportunities help capitalize on market advantages, or how do weaknesses and threats guide risk mitigation strategies? This additional detail would make your response more comprehensive.""
}
```

Explanation:
- **Accuracy**: The student correctly defines what SWOT analysis entails and its purpose in strategic planning.
- **Comprehensiveness**: While the answer covers the basic components of SWOT analysis, it lacks specific examples or deeper insights into how each factor influences strategic decision-making.
- **Clarity**: The answer is straightforward and easy to understand, which is positive.

The feedback suggests areas for improvement, encouraging the student to delve deeper into the application and implications of SWOT analysis in strategic planning.","{
  ""Emotional_State_Analysis"": {
    ""Current_Feelings"": ""The student is experiencing mild anxiety primarily due to the academic workload in their Clinical Medicine program. They express concern over balancing lectures, labs, and exam preparation."",
    ""Underlying_Issues"": [""Feeling overwhelmed by the amount of work"", ""Worrying about performance during exams"", ""Concerns about falling behind""],
    ""Impact_on_Wellbeing"": ""The anxiety may affect the student's ability to focus, study effectively, and maintain a healthy lifestyle.""
  },
  ""Comfort_and_Advice"": {
    ""Immediate_Comfort"": ""It's important to acknowledge your feelings and recognize that many students experience similar challenges. You're not alone in feeling this way."",
    ""Strategies_to_Manage_Anxiety"": [
      ""Break down large tasks into smaller, manageable steps"",
      ""Create a realistic schedule that includes breaks and leisure time"",
      ""Practice relaxation techniques such as deep breathing or mindfulness exercises"",
      ""Seek support from peers, tutors, or a counselor""
    ],
    ""Long_Term_Support"": ""Consider speaking with an academic advisor to discuss your workload and explore any available resources or accommodations. Additionally, maintaining regular physical activity and a balanced diet can significantly impact your mental health.""
  }
}","[""5: Strongly supportive and encouraging; consistently uses constructive and positive language; offers highly effective heuristic guidance instead of simply giving answers."", ""4: Generally supportive tone and positive language; provides useful guidance though occasionally too direct."", ""3: A mix of encouragement and neutral/critical language; guidance is inconsistent—sometimes helpful, sometimes overly direct or lacking."", ""2: Lacks encouragement and support; language is neutral or mildly negative; rarely guides, often just answers or remains unhelpful."", ""1: Negative or discouraging tone; no motivation or support; fails to guide or gives misleading suggestions.""]"
