synthetic_plan_id,synthetic_id,source_record_id,source_split,source_file,source_row_index,source_question_key,source_triple_key,question,rubric_text,target_label_5,planned_target_label_5,language,metric_canonical,error_type,planned_error_type,current_label_5,human_label_5,scenario_canonical,subject_canonical,education_level_canonical,selected,selected_for_generation,allowed_for_training,selection_status,question_overlap_with_dev,question_overlap_with_test,triple_overlap_with_dev,triple_overlap_with_test,record_overlap_with_dev,record_overlap_with_test,source_question_in_dev,source_question_in_test,source_triple_in_dev,source_triple_in_test,source_risk_level,batch96_source_question_reuse_count,topup1_source_question_reuse_count,source_reuse_status,question_preview,source_answer_preview,rubric_preview,selection_notes
topup1_001,syn_64a051119661e4f4,5572a79822dc1f11167f3d9b6dc19fb1eac3be4a,train,results_merge.jsonl,1904,5ffceb52c2088afbfedd9d157f13a2b675c5dc95,e2522e4177721c93f870ef914831e0a3d8fc3b9b,"Question: Which of the following principles is most closely associated with the doctrine of 'stare decisis' in common law systems?

Please provide reasoning based on this question. Do not provide the answer directly.. ""Reasoning Provided"":, return in JSON format","[""5: Reasoning is complete, clear, and rigorous; all steps are correct; arguments are strong and free of logical fallacies."", ""4: Reasoning is largely correct and logically coherent with minor issues in individual steps or details that do not affect the conclusion."", ""3: Reasoning is visible but contains unclear logic, missing steps, or insufficient argumentation, affecting the overall outcome."", ""2: Reasoning has major logical flaws, confusion in steps, or critical omissions; reliability is low."", ""1: Virtually no valid reasoning; logic is chaotic; steps are incorrect or irrelevant.""]",3,3,en,Reasoning Process Rigor,reasoning_gap,reasoning_gap,5,5,Idea Provision,Law,Master,True,True,True,exact_metric_language,False,False,False,False,False,False,False,False,False,False,LOW,0,1,new_question_not_used_by_batch96,"Question: Which of the following principles is most closely associated with the doctrine of 'stare decisis' in common law systems?\n\nPlease provide reasoning based on this question. Do not provide the answer directly.. ""Reasoning Provided"":, return in JSON format","{\n""reasoning"": ""The principle in question pertains to the doctrine of 'stare decisis', which is fundamental in common law systems. This doctrine emphasizes the importance of consistency and predictability in legal rulings by requiring courts to follow the precedents set by higher courts within the same jurisdiction. It ensures that similar cases are decided in a similar manner, thereby promoting fairness and stability in the legal system.""\n}","[""5: Reasoning is complete, clear, and rigorous; all steps are correct; arguments are strong and free of logical fallacies."", ""4: Reasoning is largely correct and logically coherent with minor issues in individual steps or details that do not affect the conclusion."", ""3: Reasoning is visible but contains unclear logic, missing steps, or insufficient argumentation, affecting the overall outcome."", ""2: Reasoning has major logical flaws, confusion in steps, or critical omissions; reliability is low."", ""1: Virtually no valid reasoning; logic is chaotic; steps are incorrect or irrelevant.""]",question_seed42/train source; batch96 source question reuse minimized and recorded
topup1_002,syn_e6b7a0dd034b4e91,302305f5444e1ac0dc68d37d52566734942ef44b,train,results_merge.jsonl,3026,b06d28e5864bc255da6f173e9c0968968b7c4bae,2a51d956d026061c41fe8c3bf930787c5c6253f7,"学生画像：学生的画像：{'姓名': '陈伟', '年龄': 25, '性别': '男', '学习背景': '本科毕业于军事战略学专业', '兴趣': ['战术分析', '无人机技术', '国际军事合作'], '目标': '成为一名优秀的军事顾问', '学习方式': '喜欢自主学习和小组讨论，适应能力强', '优势': ['逻辑思维能力强', '能够快速理解复杂概念'], '弱点': ['对历史背景了解不足', '实践经验缺乏']}
请根据学生画像，为每位学生生成 ‘个性化的学习内容或任务’:,以json格式返回","[""5分： 充分融合所有关键场景要素（如学生历史、学习偏好等），输出高度个性化，并与教学情境高度匹配。"", ""4分： 有效使用主要场景要素，回答具有针对性；可能遗漏少量细节，但不影响整体效果。"", ""3分： 使用了部分场景信息，但融合较浅；个性化程度或情境契合度一般。"", ""2分： 仅表层提及场景信息，未有效融合核心要素；与上下文连接较弱。"", ""1分： 完全忽视场景特定信息；输出通用、模板化，且与场景不相关。""]",2,2,zh,Scenario Element Integration,scenario_mismatch,scenario_mismatch,5,5,Personalized Learning Support,Military Science,Master,True,True,True,exact_metric_language,False,False,False,False,False,False,False,False,False,False,LOW,0,1,new_question_not_used_by_batch96,"学生画像：学生的画像：{'姓名': '陈伟', '年龄': 25, '性别': '男', '学习背景': '本科毕业于军事战略学专业', '兴趣': ['战术分析', '无人机技术', '国际军事合作'], '目标': '成为一名优秀的军事顾问', '学习方式': '喜欢自主学习和小组讨论，适应能力强', '优势': ['逻辑思维能力强', '能够快速理解复杂概念'], '弱点': ['对历史背景了解不足', '实践经验缺乏']}\n请根据学生画像，为每位学生生成 ‘个性化的学习内容或任务’:,以json格式返回","```json\n{\n  ""个性化学习内容与任务"": {\n    ""历史背景强化"": {\n      ""目标"": ""弥补历史知识不足，提升战略决策深度"",\n      ""任务"": [\n        {\n          ""名称"": ""20世纪经典战役分析"",\n          ""内容"": ""每周深度研究1场战役(如斯大林格勒/中途岛战役)"",\n          ""方式"": ""自主研究+提交3000字分析报告"",\n          ""输出要求"": ""需包含政治背景/战术选择/关键转折点分析""\n        },\n        {\n          ""名称"": ""军事战略演变研究"",\n          ""内容"": ""梳理从克劳塞维茨到现代网络中心战的战略思想演进"",\n          ""方式"": ""制作时间轴图谱+小组研讨会展示""\n        }\n      ]\n    },\n    ""战术能力提升"": {\n      ""目标"": ""强化战术分析与现代技术结合能力"",\n      ""任务"": [\n        {\n          ""名称"": ""无人机战术沙盘推演"",\n          ""内容"": ""使用MATLAB/Python构建无人机突防模型"",\n          ""要求"": ""需考虑电磁干扰/地形规避/集群协同因素"",\n          ""交付物"": ""可运行的仿真模型+推演视频""\n        },\n        {\n          ""名称"": ""多兵种协同模拟"",\n...","[""5分： 充分融合所有关键场景要素（如学生历史、学习偏好等），输出高度个性化，并与教学情境高度匹配。"", ""4分： 有效使用主要场景要素，回答具有针对性；可能遗漏少量细节，但不影响整体效果。"", ""3分： 使用了部分场景信息，但融合较浅；个性化程度或情境契合度一般。"", ""2分： 仅表层提及场景信息，未有效融合核心要素；与上下文连接较弱。"", ""1分： 完全忽视场景特定信息；输出通用、模板化，且与场景不相关。""]",question_seed42/train source; batch96 source question reuse minimized and recorded
topup1_003,syn_ab8e5113eaae2056,34ae1095cbe70ede9cdefcccbf7c5f3eb8d2bfd5,train,results_merge.jsonl,268,5a8663d57769fe35066bd7a0879ffa16b30fef1f,b22abf8cff88ce66cd5bbdbecd2b280533df8e4e,"Student Profile: Student Profile: {'Name': 'Alex Johnson', 'Year': 'Sophomore', 'Major': 'Chemical Engineering', 'Strengths': ['Strong analytical skills', 'Good grasp of chemical equations'], 'Weaknesses': ['Struggles with organic chemistry concepts', 'Needs improvement in laboratory techniques'], 'Interests': ['Renewable energy', 'Environmental chemistry'], 'Learning Style': 'Visual and Kinesthetic', 'Preferred Study Time': 'Evenings'}
Based on the student profile, generate 'personalized learning content or tasks' for each student, returning the result in JSON format.","[""5: Highly personalized content/advice/feedback based on student level/traits/needs; resource and learning path suggestions are accurate, practical, and valuable."", ""4: Demonstrates some adaptation to student situation; provides relevant learning advice or resources with good utility."", ""3: Attempts personalization but with limited effectiveness; recommendations are generic and of limited value."", ""2: Little to no personalization; output is the same for everyone; learning support is insufficient or unrelated."", ""1: No personalization; output may conflict with student needs; offers no or incorrect learning support.""]",1,1,en,"Personalization, Adaptation & Learning Support",scenario_mismatch,scenario_mismatch,5,5,Personalized Learning Support,Chemistry,Undergraduate,True,True,True,exact_metric_language,False,False,False,False,False,False,False,False,False,False,LOW,0,1,new_question_not_used_by_batch96,"Student Profile: Student Profile: {'Name': 'Alex Johnson', 'Year': 'Sophomore', 'Major': 'Chemical Engineering', 'Strengths': ['Strong analytical skills', 'Good grasp of chemical equations'], 'Weaknesses': ['Struggles with organic chemistry concepts', 'Needs improvement in laboratory techniques'], 'Interests': ['Renewable energy', 'Environmental chemistry'], 'Learning Style': 'Visual and Kinesthetic', 'Preferred Study Time': 'Evenings'}\nBased on the student profile, generate 'personalized learning content or tasks' for each student, returning the result in JSON format.","```json\n{\n  ""Student"": ""Alex Johnson"",\n  ""Year"": ""Sophomore"",\n  ""Major"": ""Chemical Engineering"",\n  ""Personalized Learning Content and Tasks"": [\n    {\n      ""Category"": ""Organic Chemistry Concepts"",\n      ""Content"": ""Interactive Video Tutorials on Organic Chemistry Reactions"",\n      ""Description"": ""A series of interactive video tutorials that visually explain the mechanisms and reactions in organic chemistry. These videos include step-by-step animations and real-life examples to help Alex better understand the concepts."",\n      ""Tasks"": [\n        ""Watch and take notes on the first 5 video tutorials, focusing on key reaction mechanisms."",\n        ""Complete the embedded quizzes a...","[""5: Highly personalized content/advice/feedback based on student level/traits/needs; resource and learning path suggestions are accurate, practical, and valuable."", ""4: Demonstrates some adaptation to student situation; provides relevant learning advice or resources with good utility."", ""3: Attempts personalization but with limited effectiveness; recommendations are generic and of limited value."", ""2: Little to no personalization; output is the same for everyone; learning support is insufficient or unrelated."", ""1: No personalization; output may conflict with student needs; offers no or incorrect learning support.""]",question_seed42/train source; batch96 source question reuse minimized and recorded
topup1_004,syn_a03796263c002965,3d2083c6a186c89781966b80499d6d527830bfc7,train,results_merge.jsonl,4253,71a14244232914c689e46f4d03977b3ac0067a23,0d7d0cc5bdd9118f182a7fcdff9d86f8a80c4ee2,"知识点：线粒体功能与生物能量代谢调控
请根据这个知识点给出""教学素材"":教学素材需要包括教学目标、重点难点、课堂活动设计等,以json格式返回","[""5分： 交互或内容设计巧妙，能显著促进学生的批判性思维、创新思维、问题解决或知识迁移应用能力（例如通过开放性问题、对比分析、案例探究、项目式任务等）。"", ""4分： 能提出引导性问题或设计有一定挑战性的任务，对培养学生的高阶思维和能力（如分析、评估、应用）有积极作用。"", ""3分： 在促进高阶思维方面有所尝试（如提出一些简单的思考题），但深度和广度有限，效果不明显，整体仍偏重知识复述或简单应用。"", ""2分： 交互或内容主要停留在基础知识记忆和理解层面，很少或未能涉及需要高阶思维的活动或问题。"", ""1分： 完全忽视高阶思维培养，仅限于死记硬背或简单重复，甚至可能因提供过于简化或固化的答案而阻碍思维发展。""]",1,1,zh,Higher-Order Thinking & Skill Development,reasoning_gap,reasoning_gap,5,5,Teaching Material Generation,Biology,PhD,True,True,True,exact_metric_language,False,False,False,False,False,False,False,False,False,False,LOW,0,1,new_question_not_used_by_batch96,"知识点：线粒体功能与生物能量代谢调控\n请根据这个知识点给出""教学素材"":教学素材需要包括教学目标、重点难点、课堂活动设计等,以json格式返回","```json\n{\n  ""teaching_materials"": {\n    ""teaching_objectives"": {\n      ""knowledge"": [\n        ""掌握线粒体的结构与功能，包括内膜、外膜、基质和嵴的作用"",\n        ""理解ATP合成的基本过程（糖酵解、三羧酸循环、电子传递链与氧化磷酸化）"",\n        ""阐明生物能量代谢调控的分子机制（如ATP/ADP比值、钙离子信号、激素调控）""\n      ],\n      ""ability"": [\n        ""能分析线粒体功能障碍对细胞能量代谢的影响"",\n        ""运用代谢调控原理解释疾病案例（如线粒体肌病、甲状腺功能亢进）""\n      ],\n      ""emotion"": [\n        ""通过能量代谢的动态平衡理解生命系统的精密性"",\n        ""培养通过实验数据推导生物学原理的科学思维""\n      ]\n    },\n    ""key_points"": [\n      ""线粒体嵴结构与ATP合成效率的关系"",\n      ""电子传递链中质子梯度的建立与ATP合酶工作机制"",\n      ""AMPK/mTOR信号通路在能量代谢调控中的作用""\n    ],\n    ""difficult_points"": [\n      ""化学渗透假说的跨膜质子动力势抽象概念"",\n      ""氧化磷酸化与底物水平磷酸化的本质区别"",\n      ""代谢调控网络的多层次整合（细胞器间、系统器官间）""\n    ],...","[""5分： 交互或内容设计巧妙，能显著促进学生的批判性思维、创新思维、问题解决或知识迁移应用能力（例如通过开放性问题、对比分析、案例探究、项目式任务等）。"", ""4分： 能提出引导性问题或设计有一定挑战性的任务，对培养学生的高阶思维和能力（如分析、评估、应用）有积极作用。"", ""3分： 在促进高阶思维方面有所尝试（如提出一些简单的思考题），但深度和广度有限，效果不明显，整体仍偏重知识复述或简单应用。"", ""2分： 交互或内容主要停留在基础知识记忆和理解层面，很少或未能涉及需要高阶思维的活动或问题。"", ""1分： 完全忽视高阶思维培养，仅限于死记硬背或简单重复，甚至可能因提供过于简化或固化的答案而阻碍思维发展。""]",question_seed42/train source; batch96 source question reuse minimized and recorded
topup1_005,syn_d9c58250dd342177,000b1f47c21ee93516a424f0cba80a7188cf3e6f,train,results_merge.jsonl,1729,0e09c1d8b75a16ca2c50f1bccf73028ae1d691ea,4e7c9d0a360e3a31b5e304d688a4787981c62150,"Question: Explain the concept of Nash Equilibrium in game theory and provide an example.
Student's Answer: Nash Equilibrium is a situation in a game where each player's strategy is optimal given the strategies of all other players. No player can benefit by changing their strategy while the other players keep theirs unchanged. An example would be the Prisoner's Dilemma, where both prisoners choose to betray each other although they would receive a better outcome if they both stayed silent.
Please provide ""Score"", ""Scoring Details"", and ""Personalized Feedback"" based on the question and student's answer, in JSON format.","[""5: Precisely identified all errors (no omission or false positives); provided completely correct, clear, and optimal correction suggestions."", ""4: Correctly located most major errors; suggestions are generally accurate and effective with only minor omissions or less-than-perfect advice."", ""3: Identified some errors but with clear omissions or false positives; suggestions are partially correct but may lack clarity, completeness or optimality."", ""2: Inaccurate error detection with critical omissions or many false positives; suggestions contain errors or are hard to comprehend."", ""1: Completely failed to detect errors; provided entirely incorrect or misleading correction advice.""]",2,2,en,Error Identification & Correction Precision,factual_error,factual_error,5,5,Automatic Grading,Theoretical Economics,Undergraduate,True,True,True,exact_metric_language,False,False,False,False,False,False,False,False,False,False,LOW,1,1,question_reused_recorded,"Question: Explain the concept of Nash Equilibrium in game theory and provide an example.\nStudent's Answer: Nash Equilibrium is a situation in a game where each player's strategy is optimal given the strategies of all other players. No player can benefit by changing their strategy while the other players keep theirs unchanged. An example would be the Prisoner's Dilemma, where both prisoners choose to betray each other although they would receive a better outcome if they both stayed silent.\nPlease provide ""Score"", ""Scoring Details"", and ""Personalized Feedback"" based on the question and student's answer, in JSON format.","{\n  ""Score"": 10,\n  ""Scoring Details"": {\n    ""Explanation"": 5,\n    ""Example"": 5\n  },\n  ""Personalized Feedback"": ""Your answer accurately defines Nash Equilibrium and correctly identifies the Prisoner's Dilemma as an example. You captured the essence of Nash Equilibrium by emphasizing that no player benefits from unilaterally changing their strategy. The example is well-chosen and highlights the tension between individual rationality (betrayal) and collective benefit (mutual silence). To deepen understanding, consider explaining why mutual betrayal is the equilibrium despite the better collective outcome: each prisoner acts in self-interest, fearing the other might betray them. This re...","[""5: Precisely identified all errors (no omission or false positives); provided completely correct, clear, and optimal correction suggestions."", ""4: Correctly located most major errors; suggestions are generally accurate and effective with only minor omissions or less-than-perfect advice."", ""3: Identified some errors but with clear omissions or false positives; suggestions are partially correct but may lack clarity, completeness or optimality."", ""2: Inaccurate error detection with critical omissions or many false positives; suggestions contain errors or are hard to comprehend."", ""1: Completely failed to detect errors; provided entirely incorrect or misleading correction advice.""]",question_seed42/train source; batch96 source question reuse minimized and recorded
topup1_006,syn_b903719364178d75,017b36d1dcb5ac4eb79d1b467f6bf1403d6b7fef,train,results_merge.jsonl,4804,ac1c8ccfcd59afb588cbe2e820ef540a695ec312,843c40d9980c58de414507ffadaf69f1227b3024,"学科:临床医学
学制级别:硕士
问题：以下哪种药物最常用于治疗急性心肌梗死？
A) 阿司匹林
B) 布洛芬
C) 对乙酰氨基酚
D) 洛伐他汀
.请根据问题生成对应的答案。""答案"":,以json格式返回","[""5分： 完全理解并精准执行所有指令，完美达成核心任务目标，格式完全符合要求。"", ""4分： 准确理解主要指令，正确执行任务，核心目标达成度高，格式基本符合要求，可能有极少细节遗漏或偏差。"", ""3分： 理解了指令大意但可能忽略部分细节，任务基本完成但存在一些不准确或遗漏之处，格式有明显尝试但存在较多偏差。"", ""2分： 对指令理解有偏差，任务完成度低或有严重错误，格式多数不符合要求。"", ""1分： 完全误解或无视指令，任务未完成或完全错误，格式混乱或不相关。""]",1,1,zh,Instruction Following & Task Completion,instruction_violation,instruction_violation,5,5,Question Answering,Clinical Medicine,Master,True,True,True,exact_metric_language,False,False,False,False,False,False,False,False,False,False,LOW,0,1,new_question_not_used_by_batch96,"学科:临床医学\n学制级别:硕士\n问题：以下哪种药物最常用于治疗急性心肌梗死？\nA) 阿司匹林\nB) 布洛芬\nC) 对乙酰氨基酚\nD) 洛伐他汀\n.请根据问题生成对应的答案。""答案"":,以json格式返回","```json\n{\n  ""答案"": ""A) 阿司匹林""\n}\n```","[""5分： 完全理解并精准执行所有指令，完美达成核心任务目标，格式完全符合要求。"", ""4分： 准确理解主要指令，正确执行任务，核心目标达成度高，格式基本符合要求，可能有极少细节遗漏或偏差。"", ""3分： 理解了指令大意但可能忽略部分细节，任务基本完成但存在一些不准确或遗漏之处，格式有明显尝试但存在较多偏差。"", ""2分： 对指令理解有偏差，任务完成度低或有严重错误，格式多数不符合要求。"", ""1分： 完全误解或无视指令，任务未完成或完全错误，格式混乱或不相关。""]",question_seed42/train source; batch96 source question reuse minimized and recorded
topup1_007,syn_fdf358c5d7a0a1d0,0324a98cd6c00ebf2855741ebecf0ef4df31541f,train,results_merge.jsonl,1323,1fbaba4fd0689522a2df03a5be806cfca5328f00,52f8a79182d8909afd92d7cc7c7e4853951cde81,"Subject:Crop Science
Education Level:Undergraduate
Question:Which of the following is a primary macronutrient essential for plant growth?
A) Iron
B) Magnesium
C) Nitrogen
D) Zinc
. Please generate the corresponding answer based on the question. ""Answer"":, in JSON format.","[""5: All stated factual elements (definitions, formulas, dates, terms, syntax, etc.) are completely accurate."", ""4: Vast majority of facts are correct; possibly contains very minor, non-critical typos or omissions."", ""3: Most facts are correct, but there are some notable factual errors that require review."", ""2: Contains several or key factual inaccuracies; information is not trustworthy."", ""1: Riddled with factual errors; information is completely incorrect or misleading.""]",2,2,en,Basic Factual Accuracy,factual_error,factual_error,5,5,Question Answering,Crop Science,Undergraduate,True,True,True,exact_metric_language,False,False,False,False,False,False,False,False,False,False,LOW,0,1,new_question_not_used_by_batch96,"Subject:Crop Science\nEducation Level:Undergraduate\nQuestion:Which of the following is a primary macronutrient essential for plant growth?\nA) Iron\nB) Magnesium\nC) Nitrogen\nD) Zinc\n. Please generate the corresponding answer based on the question. ""Answer"":, in JSON format.","```json\n{\n    ""Answer"": ""C) Nitrogen""\n}\n```","[""5: All stated factual elements (definitions, formulas, dates, terms, syntax, etc.) are completely accurate."", ""4: Vast majority of facts are correct; possibly contains very minor, non-critical typos or omissions."", ""3: Most facts are correct, but there are some notable factual errors that require review."", ""2: Contains several or key factual inaccuracies; information is not trustworthy."", ""1: Riddled with factual errors; information is completely incorrect or misleading.""]",question_seed42/train source; batch96 source question reuse minimized and recorded
topup1_008,syn_3ff1653acea6d08f,437db53a30a26792bb14154993b13937737325e5,train,results_merge.jsonl,5206,b0ec9ece1525000e58e3539446f4c4e03dc1c08f,e4a480ac0f14a2b30c8c9d47ca19777df2e4e98a,"学科:基础医学
学制级别:硕士
知识点：肌肉收缩的生理机制
问题类型：多选题
.请根据学科,学制级别,知识点,问题类型生成一个对应的问题。""问题""和""提供的思路"":,以json格式返回","[""5分： 在专业领域知识运用上不仅准确，且展现出恰当的深度和严谨性，符合行业标准或学术规范。"", ""4分： 专业知识运用准确，体现了较好的专业水准，但在深度或某些细节的严谨性上略有不足，不影响核心正确性。"", ""3分： 专业知识运用基本准确，但显得较为表层或不够严谨，可能存在一些非核心概念的混淆或遗漏。"", ""2分： 专业知识运用存在明显错误或重大遗漏，体现出专业性不足。"", ""1分： 专业知识运用方面存在严重错误，完全不符合专业标准，可能产生误导。""]",1,1,zh,Domain Knowledge Accuracy,factual_error,factual_error,5,5,Question Generation,Basic Medicine,Master,True,True,True,exact_metric_language,False,False,False,False,False,False,False,False,False,False,LOW,0,1,new_question_not_used_by_batch96,"学科:基础医学\n学制级别:硕士\n知识点：肌肉收缩的生理机制\n问题类型：多选题\n.请根据学科,学制级别,知识点,问题类型生成一个对应的问题。""问题""和""提供的思路"":,以json格式返回","```json\n{\n  ""question"": ""下列关于肌肉收缩的生理机制描述正确的是：\nA. 肌肉收缩是由肌球蛋白头部的ATP酶活性引起的\nB. 横桥的摆动需要Ca2+的参与\nC. 钙泵的作用是将肌浆网中的Ca2+泵出细胞外\nD. 肌钙蛋白与Ca2+结合后会改变其构象，暴露出肌动蛋白上的位点\nE. 肌肉松弛时，肌球蛋白头部不再具有ATP酶活性"",\n  ""provided_thoughts"": ""1. 肌肉收缩涉及肌丝滑行理论，其中横桥的摆动是关键步骤。\n2. Ca2+在肌肉收缩过程中起着至关重要的作用，它能触发肌丝滑行。\n3. 钙泵负责恢复肌浆网中Ca2+的浓度，对于肌肉松弛至关重要。\n4. 肌钙蛋白是调节蛋白的一部分，其构象变化直接影响肌肉收缩状态。\n5. 肌球蛋白头部的ATP酶活性在肌肉收缩和松弛过程中都存在，只是在不同阶段表现出不同的功能。""\n}\n```","[""5分： 在专业领域知识运用上不仅准确，且展现出恰当的深度和严谨性，符合行业标准或学术规范。"", ""4分： 专业知识运用准确，体现了较好的专业水准，但在深度或某些细节的严谨性上略有不足，不影响核心正确性。"", ""3分： 专业知识运用基本准确，但显得较为表层或不够严谨，可能存在一些非核心概念的混淆或遗漏。"", ""2分： 专业知识运用存在明显错误或重大遗漏，体现出专业性不足。"", ""1分： 专业知识运用方面存在严重错误，完全不符合专业标准，可能产生误导。""]",question_seed42/train source; batch96 source question reuse minimized and recorded
topup1_009,syn_ddce8babbd410ae8,0362a81a2b2675a908b5f959600c1d353d74b7ba,train,results_merge.jsonl,2577,e8d93a13ed675a8345513b981af0583044d0c9d6,1dccd0a5666dd683f20aba84bd03d96dad8a5bba,"Knowledge Point: Mechanisms of Drug Resistance in Cancer Therapy
Based on this knowledge point, provide ""Teaching Materials"": Teaching materials should include teaching objectives, key points and difficulties, classroom activity design, etc., in JSON format.","[""5: Excellent role-playing (e.g., teacher/TA); language style, professionalism, and tone (e.g., encouraging/serious) are perfectly aligned with the assumed role and audience."", ""4: Role and tone are mostly consistent and appropriate for the scenario, with minor deviation in individual expressions."", ""3: Attempts to match the role and tone can be seen, but overall consistency is weak; some expressions are disconnected from the role/scenario."", ""2: Significant mismatch in role and tone; comes across as unnatural or inconsistent."", ""1: No reflection of assigned role/tone; expression entirely inconsistent with the scenario.""]",2,2,en,Role & Tone Consistency,scenario_mismatch,scenario_mismatch,5,5,Teaching Material Generation,Clinical Medicine,PhD,True,True,True,exact_metric_language,False,False,False,False,False,False,False,False,False,False,LOW,1,1,question_reused_recorded,"Knowledge Point: Mechanisms of Drug Resistance in Cancer Therapy\nBased on this knowledge point, provide ""Teaching Materials"": Teaching materials should include teaching objectives, key points and difficulties, classroom activity design, etc., in JSON format.","```json\n{\n  ""teaching_materials"": {\n    ""topic"": ""Mechanisms of Drug Resistance in Cancer Therapy"",\n    ""teaching_objectives"": [\n      ""Understand the primary biological mechanisms underlying drug resistance in cancer therapy."",\n      ""Analyze how genetic, epigenetic, and microenvironmental factors contribute to resistance."",\n      ""Evaluate strategies to overcome or mitigate drug resistance in clinical settings.""\n    ],\n    ""key_points"": [\n      ""Genetic mutations (e.g., target gene alterations, activation of bypass pathways)."",\n      ""Drug efflux pumps (e.g., ABC transporters like P-glycoprotein)."",\n      ""Enhanced DNA repair mechanisms (e.g., upregulation of BRCA1/2 in resp...","[""5: Excellent role-playing (e.g., teacher/TA); language style, professionalism, and tone (e.g., encouraging/serious) are perfectly aligned with the assumed role and audience."", ""4: Role and tone are mostly consistent and appropriate for the scenario, with minor deviation in individual expressions."", ""3: Attempts to match the role and tone can be seen, but overall consistency is weak; some expressions are disconnected from the role/scenario."", ""2: Significant mismatch in role and tone; comes across as unnatural or inconsistent."", ""1: No reflection of assigned role/tone; expression entirely inconsistent with the scenario.""]",question_seed42/train source; batch96 source question reuse minimized and recorded
topup1_010,syn_c44c53fcc8e7b186,32755a88f95099cbe22dbb740f36df80db79d035,train,results_merge.jsonl,4769,3b26f4f8f9f7314ee644e63efa2173afbb702c33,73ece2a29bb6fe23ee117f26a9e704301f675fe7,"学科:法学
学制级别:博士
问题：在国际法中，以下哪一个原则主要用于解决国家之间的领土争端？
A. 不干涉内政原则
B. 自决原则
C. 先占原则
D. 互惠原则
.请根据问题生成对应的答案。""答案"":,以json格式返回","[""5分： 内容与指定知识点/主题/问题高度相关，且严格控制在要求的难度、范围、学科内，无冗余或无关信息。"", ""4分： 内容主体相关，范围控制良好，可能包含极少量轻微超纲或关联度稍弱的信息。"", ""3分： 内容大部分相关，但包含一些偏离主题或超出范围的部分，范围控制不够精确。"", ""2分： 内容相关性较差，包含较多无关信息，或严重超出指定范围。"", ""1分： 内容基本不相关，或完全脱离指定范围。""]",1,1,zh,Content Relevance & Scope Control,scenario_mismatch,scenario_mismatch,5,5,Question Answering,Law,PhD,True,True,True,exact_metric_language,False,False,False,False,False,False,False,False,False,False,LOW,0,1,new_question_not_used_by_batch96,"学科:法学\n学制级别:博士\n问题：在国际法中，以下哪一个原则主要用于解决国家之间的领土争端？\nA. 不干涉内政原则\nB. 自决原则\nC. 先占原则\nD. 互惠原则\n.请根据问题生成对应的答案。""答案"":,以json格式返回","```json\n{\n  ""答案"": ""C. 先占原则""\n}\n```","[""5分： 内容与指定知识点/主题/问题高度相关，且严格控制在要求的难度、范围、学科内，无冗余或无关信息。"", ""4分： 内容主体相关，范围控制良好，可能包含极少量轻微超纲或关联度稍弱的信息。"", ""3分： 内容大部分相关，但包含一些偏离主题或超出范围的部分，范围控制不够精确。"", ""2分： 内容相关性较差，包含较多无关信息，或严重超出指定范围。"", ""1分： 内容基本不相关，或完全脱离指定范围。""]",question_seed42/train source; batch96 source question reuse minimized and recorded
topup1_011,syn_f9045c70f9e59db2,be5c761a83d8b78bed82641067f5c9456c069602,train,results_merge.jsonl,1461,6ee4a63a27ca8efb648e5b9a6d471b40f538089f,e9ef9ec506a3052f156de1474c8b38345450b1aa,"Subject:Sociology
Education Level:PhD
Knowledge Point:The concept of 'social capital' has been extensively discussed in the field of sociology, particularly in relation to community development, socio-economic mobility, and collective action. Social capital refers to the networks of relationships among people who work in a particular society, enabling that society to function effectively.
Question Type:Multiple Choice
.Generate a corresponding question based on subject, education level, knowledge point, and question type. Return ""Question"" and ""Provided Reasoning"" in JSON format.","[""5: Extremely clear and concise explanations; fully accessible for target learners; vibrant and engaging delivery that inspires deep thought and interest."", ""4: Clear and easy to understand; appropriate for learner level; somewhat thought-provoking and can trigger reflection."", ""3: Generally understandable but may be wordy, complex, or dull; limited inspirational impact."", ""2: Lacks clarity; uses excessive jargon or complex structures; difficult to comprehend; uninspiring."", ""1: Confusing and hard to follow; disregards learner needs; offers no inspiration and may cause confusion.""]",3,3,en,"Clarity, Simplicity & Inspiration",superficial_fluency,superficial_fluency,5,5,Question Generation,Sociology,PhD,True,True,True,exact_metric_language,False,False,False,False,False,False,False,False,False,False,LOW,0,1,new_question_not_used_by_batch96,"Subject:Sociology\nEducation Level:PhD\nKnowledge Point:The concept of 'social capital' has been extensively discussed in the field of sociology, particularly in relation to community development, socio-economic mobility, and collective action. Social capital refers to the networks of relationships among people who work in a particular society, enabling that society to function effectively.\nQuestion Type:Multiple Choice\n.Generate a corresponding question based on subject, education level, knowledge point, and question type. Return ""Question"" and ""Provided Reasoning"" in JSON format.","```json\n{\n  ""Question"": ""Which of the following best describes the concept of 'social capital' in sociology?"",\n  ""Options"": [\n    ""A. The financial resources available to individuals within a community."",\n    ""B. The networks of relationships among people that enable a society to function effectively."",\n    ""C. The physical infrastructure that supports community activities."",\n    ""D. The educational attainment of individuals within a society.""\n  ],\n  ""Correct Answer"": ""B. The networks of relationships among people that enable a society to function effectively."",\n  ""Provided Reasoning"": ""The concept of 'social capital' in sociology refers to the networks of relationships among pe...","[""5: Extremely clear and concise explanations; fully accessible for target learners; vibrant and engaging delivery that inspires deep thought and interest."", ""4: Clear and easy to understand; appropriate for learner level; somewhat thought-provoking and can trigger reflection."", ""3: Generally understandable but may be wordy, complex, or dull; limited inspirational impact."", ""2: Lacks clarity; uses excessive jargon or complex structures; difficult to comprehend; uninspiring."", ""1: Confusing and hard to follow; disregards learner needs; offers no inspiration and may cause confusion.""]",question_seed42/train source; batch96 source question reuse minimized and recorded
topup1_012,syn_4bee753e70b6e3e2,0347526cae737a75caf2cfaa5723714c406643db,train,results_merge.jsonl,3176,ac5843a5b2798e8500cac73be37d8147d820498f,af5c26751d5d18082798f4f4ff488df5a07374b0,"问题：以下哪项是公共管理学中对公共政策评估的主要方法之一？
A) 实验设计
B) 案例研究
C) 文献综述
D) 参与观察
原答案：C) 文献综述
你为学生的回答进行纠错服务.请根据这个问题和原答案给出""纠错后答案""和""纠错说明"":,以json格式返回","[""5分： 始终体现出强烈的鼓励和支持态度，语言积极、富有建设性；在需要时提供非常有效的启发式引导，而非直接给答案。"", ""4分： 整体体现出鼓励和支持，语言积极正面；能提供有效的引导，偶尔可能过于直接。"", ""3分： 兼具鼓励和中性/批评性语言，积极性一般；引导有时有效，有时直接给答案或引导不足。"", ""2分： 缺乏鼓励和支持，语言偏中性甚至略显负面；很少提供有效引导，倾向于直接给答案或不给帮助。"", ""1分： 语言消极、打击性强，完全没有鼓励；无视引导需求，或提供错误引导。""]",2,2,zh,"Motivation, Guidance & Positive Feedback",scenario_mismatch,scenario_mismatch,5,5,Error Correction,Public Administration,Master,True,True,True,exact_metric_language,False,False,False,False,False,False,False,False,False,False,LOW,1,1,question_reused_recorded,"问题：以下哪项是公共管理学中对公共政策评估的主要方法之一？\nA) 实验设计\nB) 案例研究\nC) 文献综述\nD) 参与观察\n原答案：C) 文献综述\n你为学生的回答进行纠错服务.请根据这个问题和原答案给出""纠错后答案""和""纠错说明"":,以json格式返回","```json\n{\n  ""纠错后答案"": ""A) 实验设计"",\n  ""纠错说明"": ""在公共管理学中，公共政策评估的主要方法包括实验设计、案例研究、文献综述以及参与观察等多种。但是，实验设计作为一种能够通过控制变量来更准确地测量政策效果的方法，在科学性和严谨性上具有独特优势，因此它被广泛认为是进行公共政策评估时非常关键的一种方法。虽然文献综述（原答案）也是重要的研究工具，用于总结已有研究成果或理论框架，但它更多地被视为一种辅助性的研究手段，而非直接的政策效果评估方法。""\n}\n```\n\n请注意，这里的“纠错后答案”选择了“A) 实验设计”，这并不意味着其他选项如B) 案例研究或D) 参与观察不重要；它们同样是非常有效的评估方法，但在公共管理领域内，实验设计因其能够提供因果关系的证据而被特别重视。此外，根据具体的研究目的和条件，不同的评估方法可能更适合于不同的场景。","[""5分： 始终体现出强烈的鼓励和支持态度，语言积极、富有建设性；在需要时提供非常有效的启发式引导，而非直接给答案。"", ""4分： 整体体现出鼓励和支持，语言积极正面；能提供有效的引导，偶尔可能过于直接。"", ""3分： 兼具鼓励和中性/批评性语言，积极性一般；引导有时有效，有时直接给答案或引导不足。"", ""2分： 缺乏鼓励和支持，语言偏中性甚至略显负面；很少提供有效引导，倾向于直接给答案或不给帮助。"", ""1分： 语言消极、打击性强，完全没有鼓励；无视引导需求，或提供错误引导。""]",question_seed42/train source; batch96 source question reuse minimized and recorded
topup1_013,syn_c5618ca59a76311b,602ea8d46e1e4f17289f336d602ae07c5c72b34c,train,results_merge.jsonl,1960,ffed2f3bb93a32c1cf81521951774f896b3283f4,4e3063c21844ae01040a8796bb54f2187adbe44a,"Question: Which part of the plant is responsible for photosynthesis?
A) Roots
B) Stems
C) Leaves
D) Flowers

Please provide reasoning based on this question. Do not provide the answer directly.. ""Reasoning Provided"":, return in JSON format","[""5: Reasoning is complete, clear, and rigorous; all steps are correct; arguments are strong and free of logical fallacies."", ""4: Reasoning is largely correct and logically coherent with minor issues in individual steps or details that do not affect the conclusion."", ""3: Reasoning is visible but contains unclear logic, missing steps, or insufficient argumentation, affecting the overall outcome."", ""2: Reasoning has major logical flaws, confusion in steps, or critical omissions; reliability is low."", ""1: Virtually no valid reasoning; logic is chaotic; steps are incorrect or irrelevant.""]",1,1,en,Reasoning Process Rigor,overconfident_wrong,overconfident_wrong,5,5,Idea Provision,Biology,Elementary School,True,True,True,exact_metric_language,False,False,False,False,False,False,False,False,False,False,LOW,0,1,new_question_not_used_by_batch96,"Question: Which part of the plant is responsible for photosynthesis?\nA) Roots\nB) Stems\nC) Leaves\nD) Flowers\n\nPlease provide reasoning based on this question. Do not provide the answer directly.. ""Reasoning Provided"":, return in JSON format","```json\n{\n  ""Reasoning Provided"": {\n    ""Photosynthesis Process"": ""Photosynthesis converts sunlight into energy using chlorophyll, requiring light, carbon dioxide, and water."",\n    ""Roots Function"": ""Roots anchor the plant and absorb water/nutrients but lack chlorophyll and light exposure, ruling out A."",\n    ""Stems Function"": ""Stems transport nutrients and may photosynthesize in some plants (e.g., cacti), but are not the primary site in most plants, making B less likely."",\n    ""Leaves Function"": ""Leaves contain abundant chlorophyll, have structures like stomata for gas exchange, and are adapted for maximizing sunlight absorption, strongly supporting C."",\n    ""Flowers Function"": ""F...","[""5: Reasoning is complete, clear, and rigorous; all steps are correct; arguments are strong and free of logical fallacies."", ""4: Reasoning is largely correct and logically coherent with minor issues in individual steps or details that do not affect the conclusion."", ""3: Reasoning is visible but contains unclear logic, missing steps, or insufficient argumentation, affecting the overall outcome."", ""2: Reasoning has major logical flaws, confusion in steps, or critical omissions; reliability is low."", ""1: Virtually no valid reasoning; logic is chaotic; steps are incorrect or irrelevant.""]",question_seed42/train source; batch96 source question reuse minimized and recorded
topup1_014,syn_17e4d0eb7d0b3af3,38b214286b896f02b51b78a48a6a75d346b49638,train,results_merge.jsonl,5274,b1cd0c51d55f036fd0656bc090e26097d4fdc971,0fb86115569be1daf5e6460973f57b2627ca5816,"{'姓名': '张伟', '年龄': 20, '年级': '大二', '专业': '经济学', '学习目标': '理解理论经济学中的市场结构与策略行为', '当前能力水平': '具有基础的微观经济学知识，欠缺高级数学分析能力', '知识薄弱点': ['博弈论', '信息不对称'], '学习习惯': '喜欢通过阅读相关研究论文来加深理解，习惯用在线课程平台学习', '兴趣': ['市场动向分析', '公司竞争策略']}
请根据学生画像给出""学习路径规划建议"":和""个性化意见生成"":,以json格式返回","[""5分： 充分融合所有关键场景要素（如学生历史、学习偏好等），输出高度个性化，并与教学情境高度匹配。"", ""4分： 有效使用主要场景要素，回答具有针对性；可能遗漏少量细节，但不影响整体效果。"", ""3分： 使用了部分场景信息，但融合较浅；个性化程度或情境契合度一般。"", ""2分： 仅表层提及场景信息，未有效融合核心要素；与上下文连接较弱。"", ""1分： 完全忽视场景特定信息；输出通用、模板化，且与场景不相关。""]",2,2,zh,Scenario Element Integration,instruction_violation,instruction_violation,5,5,Personalized Content Creation,Theoretical Economics,Undergraduate,True,True,True,exact_metric_language,False,False,False,False,False,False,False,False,False,False,LOW,0,1,new_question_not_used_by_batch96,"{'姓名': '张伟', '年龄': 20, '年级': '大二', '专业': '经济学', '学习目标': '理解理论经济学中的市场结构与策略行为', '当前能力水平': '具有基础的微观经济学知识，欠缺高级数学分析能力', '知识薄弱点': ['博弈论', '信息不对称'], '学习习惯': '喜欢通过阅读相关研究论文来加深理解，习惯用在线课程平台学习', '兴趣': ['市场动向分析', '公司竞争策略']}\n请根据学生画像给出""学习路径规划建议"":和""个性化意见生成"":,以json格式返回","```json\n{\n  ""学习路径规划建议"": {\n    ""阶段一: 数学基础强化"": {\n      ""内容"": ""重点补充博弈论与信息不对称所需的数学工具，如微积分、概率论与统计学基础"",\n      ""推荐资源"": [\n        ""Coursera《经济学数学方法》"",\n        ""MIT OpenCourseWare 单变量微积分课程"",\n        ""《经济学的分析方法》前四章""\n      ],\n      ""时间规划"": ""4-6周，每周8小时""\n    },\n    ""阶段二: 核心理论构建"": {\n      ""内容"": [\n        ""市场结构理论：完全竞争/垄断/寡头模型"",\n        ""策略行为分析：纳什均衡、序贯博弈"",\n        ""信息经济学：逆向选择与道德风险机制""\n      ],\n      ""学习方法"": [\n        ""结合《微观经济理论》(Mas-Colell)第12章精读"",\n        ""通过EdX平台《博弈论入门》进行系统学习"",\n        ""研读Akerlof《柠檬市场》经典论文""\n      ]\n    },\n    ""阶段三: 应用实践阶段"": {\n      ""项目建议"": [\n        ""航空公司价格战博弈矩阵建模"",\n        ""二手市场信息不对称案例研究"",\n        ""互联网平台企业的竞争策略分析""\n      ],\n      ""实践工具"": [\n        ""Python博...","[""5分： 充分融合所有关键场景要素（如学生历史、学习偏好等），输出高度个性化，并与教学情境高度匹配。"", ""4分： 有效使用主要场景要素，回答具有针对性；可能遗漏少量细节，但不影响整体效果。"", ""3分： 使用了部分场景信息，但融合较浅；个性化程度或情境契合度一般。"", ""2分： 仅表层提及场景信息，未有效融合核心要素；与上下文连接较弱。"", ""1分： 完全忽视场景特定信息；输出通用、模板化，且与场景不相关。""]",question_seed42/train source; batch96 source question reuse minimized and recorded
topup1_015,syn_474f5bc9c39e3e24,381c1561829c0ca1e85c97e4f4ddaf9b8b9a9af3,train,results_merge.jsonl,77,002cfcd8c1ac3ea32c6f46646c8bc2e1059c0500,df35daf7a55e40abb7ce5ed6e30ad14a22e808bb,"{'Name': 'Alex Johnson', 'Age': 20, 'Current Skill Level': 'Intermediate', 'Learning Goals': ['Understand cellular biology', 'Master genetics concepts', 'Prepare for advanced ecology coursework'], 'Study Habits': ['Visual learner', 'Prefers hands-on activities', 'Studies best in short bursts'], 'Weak Points': ['Struggles with understanding complex genetic processes', 'Needs improvement in data analysis and interpretation']}
Based on the student profile, provide ""Learning Path Planning"" and ""Personalized Recommendations"", returned in JSON format.","[""5: Highly personalized content/advice/feedback based on student level/traits/needs; resource and learning path suggestions are accurate, practical, and valuable."", ""4: Demonstrates some adaptation to student situation; provides relevant learning advice or resources with good utility."", ""3: Attempts personalization but with limited effectiveness; recommendations are generic and of limited value."", ""2: Little to no personalization; output is the same for everyone; learning support is insufficient or unrelated."", ""1: No personalization; output may conflict with student needs; offers no or incorrect learning support.""]",1,1,en,"Personalization, Adaptation & Learning Support",rubric_violation,rubric_violation,5,5,Personalized Content Creation,Biology,Undergraduate,True,True,True,exact_metric_language,False,False,False,False,False,False,False,False,False,False,LOW,0,1,new_question_not_used_by_batch96,"{'Name': 'Alex Johnson', 'Age': 20, 'Current Skill Level': 'Intermediate', 'Learning Goals': ['Understand cellular biology', 'Master genetics concepts', 'Prepare for advanced ecology coursework'], 'Study Habits': ['Visual learner', 'Prefers hands-on activities', 'Studies best in short bursts'], 'Weak Points': ['Struggles with understanding complex genetic processes', 'Needs improvement in data analysis and interpretation']}\nBased on the student profile, provide ""Learning Path Planning"" and ""Personalized Recommendations"", returned in JSON format.","```json\n{\n  ""Learning Path Planning"": {\n    ""Phase 1: Foundational Understanding (Weeks 1-3)"": {\n      ""Focus"": ""Cellular Biology Basics"",\n      ""Activities"": [\n        ""Interactive 3D models of cell structures (aligns with visual learning)"",\n        ""Short video lectures on cell division, organelles, and metabolism"",\n        ""Hands-on activities like creating cell models or virtual lab simulations""\n      ]\n    },\n    ""Phase 2: Genetics Mastery (Weeks 4-6)"": {\n      ""Focus"": ""Breaking Down Complex Genetic Processes"",\n      ""Activities"": [\n        ""Step-by-step animated tutorials on DNA replication and gene expression"",\n        ""Gamified problem-solving for Mendelian and non...","[""5: Highly personalized content/advice/feedback based on student level/traits/needs; resource and learning path suggestions are accurate, practical, and valuable."", ""4: Demonstrates some adaptation to student situation; provides relevant learning advice or resources with good utility."", ""3: Attempts personalization but with limited effectiveness; recommendations are generic and of limited value."", ""2: Little to no personalization; output is the same for everyone; learning support is insufficient or unrelated."", ""1: No personalization; output may conflict with student needs; offers no or incorrect learning support.""]",question_seed42/train source; batch96 source question reuse minimized and recorded
topup1_016,syn_c628956bb1807258,646597e5f4a9c67947cbb466d0d185c8f1eb1da6,train,results_merge.jsonl,4507,fcd6d60d8b3907f5bf7d20b172f2b8629e417e40,2020864af4b852a79a873f22df5e3e1f1854990e,"知识点：光合作用在作物生长中的作用
请根据这个知识点给出""教学素材"":教学素材需要包括教学目标、重点难点、课堂活动设计等,以json格式返回","[""5分： 交互或内容设计巧妙，能显著促进学生的批判性思维、创新思维、问题解决或知识迁移应用能力（例如通过开放性问题、对比分析、案例探究、项目式任务等）。"", ""4分： 能提出引导性问题或设计有一定挑战性的任务，对培养学生的高阶思维和能力（如分析、评估、应用）有积极作用。"", ""3分： 在促进高阶思维方面有所尝试（如提出一些简单的思考题），但深度和广度有限，效果不明显，整体仍偏重知识复述或简单应用。"", ""2分： 交互或内容主要停留在基础知识记忆和理解层面，很少或未能涉及需要高阶思维的活动或问题。"", ""1分： 完全忽视高阶思维培养，仅限于死记硬背或简单重复，甚至可能因提供过于简化或固化的答案而阻碍思维发展。""]",2,2,zh,Higher-Order Thinking & Skill Development,superficial_fluency,superficial_fluency,5,5,Teaching Material Generation,Crop Science,Undergraduate,True,True,True,exact_metric_language,False,False,False,False,False,False,False,False,False,False,LOW,0,1,new_question_not_used_by_batch96,"知识点：光合作用在作物生长中的作用\n请根据这个知识点给出""教学素材"":教学素材需要包括教学目标、重点难点、课堂活动设计等,以json格式返回","```json\n{\n  ""教学素材"": {\n    ""教学目标"": {\n      ""知识目标"": [\n        ""理解光合作用的基本过程及其在作物生长中的关键作用。"",\n        ""掌握光合作用中光反应与暗反应的物质与能量转换关系。"",\n        ""认识环境因素（光照、温度、CO₂浓度等）对光合作用的影响。""\n      ],\n      ""能力目标"": [\n        ""通过实验设计分析光合作用对作物产量的影响。"",\n        ""能够结合农业生产实例，提出优化光合作用效率的措施。""\n      ],\n      ""情感目标"": [\n        ""激发对生命科学的好奇心，培养环保与可持续发展的意识。"",\n        ""体会科学知识与农业生产的紧密联系。""\n      ]\n    },\n    ""重点难点"": {\n      ""教学重点"": [\n        ""光合作用的过程及其对作物能量积累的意义。"",\n        ""光合作用与作物产量形成的关系。""\n      ],\n      ""教学难点"": [\n        ""光反应与暗反应的动态协同机制。"",\n        ""如何将光合作用原理应用于实际农业生产（如大棚种植、合理密植）。""\n      ]\n    },\n    ""课堂活动设计"": [\n      {\n        ""活动名称"": ""情境导入——为什么农作物能增产？"",\n        ""活动内容"": ""展示不同光照条件下水稻产量的对比图，引导学生思考光合...","[""5分： 交互或内容设计巧妙，能显著促进学生的批判性思维、创新思维、问题解决或知识迁移应用能力（例如通过开放性问题、对比分析、案例探究、项目式任务等）。"", ""4分： 能提出引导性问题或设计有一定挑战性的任务，对培养学生的高阶思维和能力（如分析、评估、应用）有积极作用。"", ""3分： 在促进高阶思维方面有所尝试（如提出一些简单的思考题），但深度和广度有限，效果不明显，整体仍偏重知识复述或简单应用。"", ""2分： 交互或内容主要停留在基础知识记忆和理解层面，很少或未能涉及需要高阶思维的活动或问题。"", ""1分： 完全忽视高阶思维培养，仅限于死记硬背或简单重复，甚至可能因提供过于简化或固化的答案而阻碍思维发展。""]",question_seed42/train source; batch96 source question reuse minimized and recorded
topup1_017,syn_ce5eb00c1e951598,03c02b32f53105706e139a71aaa785183488cd6e,train,results_merge.jsonl,818,578358b94591dcdb7b73304c5498c56a12d9c95d,f6d47b25090935a73d546d6f0dbfedd744db15f3,"Question: Which legal principle is primarily concerned with the prevention of double jeopardy in the United States?
Original Answer: The principle of stare decisis.
You are providing error-correction services for the student's response. Based on this question and the original answer, provide the ""Corrected Answer"" and ""Error Explanation"", in JSON format.","[""5: Precisely identified all errors (no omission or false positives); provided completely correct, clear, and optimal correction suggestions."", ""4: Correctly located most major errors; suggestions are generally accurate and effective with only minor omissions or less-than-perfect advice."", ""3: Identified some errors but with clear omissions or false positives; suggestions are partially correct but may lack clarity, completeness or optimality."", ""2: Inaccurate error detection with critical omissions or many false positives; suggestions contain errors or are hard to comprehend."", ""1: Completely failed to detect errors; provided entirely incorrect or misleading correction advice.""]",1,1,en,Error Identification & Correction Precision,reasoning_gap,reasoning_gap,5,5,Error Correction,Law,PhD,True,True,True,exact_metric_language,False,False,False,False,False,False,False,False,False,False,LOW,1,1,question_reused_recorded,"Question: Which legal principle is primarily concerned with the prevention of double jeopardy in the United States?\nOriginal Answer: The principle of stare decisis.\nYou are providing error-correction services for the student's response. Based on this question and the original answer, provide the ""Corrected Answer"" and ""Error Explanation"", in JSON format.","```json\n{\n  ""Corrected Answer"": ""The principle of double jeopardy."",\n  ""Error Explanation"": ""The original answer, 'The principle of stare decisis,' is incorrect. Stare decisis refers to the legal principle where courts follow precedents set by previous decisions. The principle that prevents an individual from being tried twice for the same offense is known as the principle of double jeopardy, which is protected under the Fifth Amendment of the U.S. Constitution.""\n}\n```","[""5: Precisely identified all errors (no omission or false positives); provided completely correct, clear, and optimal correction suggestions."", ""4: Correctly located most major errors; suggestions are generally accurate and effective with only minor omissions or less-than-perfect advice."", ""3: Identified some errors but with clear omissions or false positives; suggestions are partially correct but may lack clarity, completeness or optimality."", ""2: Inaccurate error detection with critical omissions or many false positives; suggestions contain errors or are hard to comprehend."", ""1: Completely failed to detect errors; provided entirely incorrect or misleading correction advice.""]",question_seed42/train source; batch96 source question reuse minimized and recorded
topup1_018,syn_9d5b2985c8265bbb,17f8d9a64e6c4f3c76aaf3036c19d92284104f26,train,results_merge.jsonl,2946,f9a3b1ea300bc14ffd7aaea8a710311b094d2ca2,e8fb7b4e0efe6c1a34770d9c4dd16be569ad764d,"学生画像：学生的画像：{'姓名': '张伟', '年龄': 28, '学习背景': '在教育学领域有丰富的研究经历，尤其关注学生的个体差异和教育公平问题。已发表多篇相关论文。', '学习风格': '偏好阅读学术期刊和参与教育研讨会，喜欢通过讨论深化理解，比较善于理论联系实际。', '个人兴趣': '对教育技术在教师培训中的应用感兴趣，积极参与相关项目和会议。'}
请根据学生画像，为每位学生生成 ‘个性化的学习内容或任务’:,以json格式返回","[""5分： 完全理解并精准执行所有指令，完美达成核心任务目标，格式完全符合要求。"", ""4分： 准确理解主要指令，正确执行任务，核心目标达成度高，格式基本符合要求，可能有极少细节遗漏或偏差。"", ""3分： 理解了指令大意但可能忽略部分细节，任务基本完成但存在一些不准确或遗漏之处，格式有明显尝试但存在较多偏差。"", ""2分： 对指令理解有偏差，任务完成度低或有严重错误，格式多数不符合要求。"", ""1分： 完全误解或无视指令，任务未完成或完全错误，格式混乱或不相关。""]",2,2,zh,Instruction Following & Task Completion,rubric_violation,rubric_violation,5,5,Personalized Learning Support,General Pedagogy,PhD,True,True,True,exact_metric_language,False,False,False,False,False,False,False,False,False,False,LOW,0,1,new_question_not_used_by_batch96,"学生画像：学生的画像：{'姓名': '张伟', '年龄': 28, '学习背景': '在教育学领域有丰富的研究经历，尤其关注学生的个体差异和教育公平问题。已发表多篇相关论文。', '学习风格': '偏好阅读学术期刊和参与教育研讨会，喜欢通过讨论深化理解，比较善于理论联系实际。', '个人兴趣': '对教育技术在教师培训中的应用感兴趣，积极参与相关项目和会议。'}\n请根据学生画像，为每位学生生成 ‘个性化的学习内容或任务’:,以json格式返回","```json\n{\n    ""个性化学习内容或任务"": [\n        {\n            ""任务名称"": ""教育技术应用案例研究"",\n            ""任务描述"": ""针对教育技术在教师培训中的实际应用，选择3个不同国家/地区的案例进行深度分析，重点关注技术工具如何解决个体差异问题。要求结合教育公平理论框架撰写对比研究报告（5000字以上）。"",\n            ""学习资源"": [\n                ""近3年SSCI期刊中教育技术实证研究论文"",\n                ""OECD教师数字化能力发展报告(2023)"",\n                ""全球教育技术峰会 keynote演讲录像""\n            ],\n            ""输出要求"": {\n                ""形式"": ""学术论文格式"",\n                ""交付节点"": ""每2周提交进展报告"",\n                ""终稿期限"": ""2024-03-15""\n            }\n        },\n        {\n            ""任务名称"": ""智能教育系统原型设计"",\n            ""任务描述"": ""基于自适应学习理论，设计面向教师培训的AI辅助系统原型。需包含：1) 差异化需求诊断模块 2) 个性化资源推荐算法流程图 3) 培训效果追踪仪表盘。要求至少使用2种学习分析技术。"",\n            ""实践环节"": {\n ...","[""5分： 完全理解并精准执行所有指令，完美达成核心任务目标，格式完全符合要求。"", ""4分： 准确理解主要指令，正确执行任务，核心目标达成度高，格式基本符合要求，可能有极少细节遗漏或偏差。"", ""3分： 理解了指令大意但可能忽略部分细节，任务基本完成但存在一些不准确或遗漏之处，格式有明显尝试但存在较多偏差。"", ""2分： 对指令理解有偏差，任务完成度低或有严重错误，格式多数不符合要求。"", ""1分： 完全误解或无视指令，任务未完成或完全错误，格式混乱或不相关。""]",question_seed42/train source; batch96 source question reuse minimized and recorded
topup1_019,syn_2efb7595a6014495,06182b69887f1f9fc61ce436086b6aa11d23d78e,train,results_merge.jsonl,1269,14e6dfb98fe659be9bca96d36b8e8c3b5beda0d4,8a68cb482713e30d26b58793a93869ba84d2c2db,"Subject:Computer Science
Education Level:Undergraduate
Question:What is the time complexity of the quicksort algorithm in the average case scenario?
. Please generate the corresponding answer based on the question. ""Answer"":, in JSON format.","[""5: All stated factual elements (definitions, formulas, dates, terms, syntax, etc.) are completely accurate."", ""4: Vast majority of facts are correct; possibly contains very minor, non-critical typos or omissions."", ""3: Most facts are correct, but there are some notable factual errors that require review."", ""2: Contains several or key factual inaccuracies; information is not trustworthy."", ""1: Riddled with factual errors; information is completely incorrect or misleading.""]",1,1,en,Basic Factual Accuracy,overconfident_wrong,overconfident_wrong,5,5,Question Answering,Computer Science,Undergraduate,True,True,True,exact_metric_language,False,False,False,False,False,False,False,False,False,False,LOW,0,1,new_question_not_used_by_batch96,"Subject:Computer Science\nEducation Level:Undergraduate\nQuestion:What is the time complexity of the quicksort algorithm in the average case scenario?\n. Please generate the corresponding answer based on the question. ""Answer"":, in JSON format.","```json\n{\n  ""Answer"": {\n    ""Time_Complexity_Average_Case"": ""O(n log n)""\n  }\n}\n```","[""5: All stated factual elements (definitions, formulas, dates, terms, syntax, etc.) are completely accurate."", ""4: Vast majority of facts are correct; possibly contains very minor, non-critical typos or omissions."", ""3: Most facts are correct, but there are some notable factual errors that require review."", ""2: Contains several or key factual inaccuracies; information is not trustworthy."", ""1: Riddled with factual errors; information is completely incorrect or misleading.""]",question_seed42/train source; batch96 source question reuse minimized and recorded
topup1_020,syn_58374adc56028e6f,27b5c2047f48a22dcb942daf7c553c87ed4e24b3,train,results_merge.jsonl,4251,71a14244232914c689e46f4d03977b3ac0067a23,21f6490a5f6c910404a2540094c5073c045b40ba,"知识点：线粒体功能与生物能量代谢调控
请根据这个知识点给出""教学素材"":教学素材需要包括教学目标、重点难点、课堂活动设计等,以json格式返回","[""5分： 在专业领域知识运用上不仅准确，且展现出恰当的深度和严谨性，符合行业标准或学术规范。"", ""4分： 专业知识运用准确，体现了较好的专业水准，但在深度或某些细节的严谨性上略有不足，不影响核心正确性。"", ""3分： 专业知识运用基本准确，但显得较为表层或不够严谨，可能存在一些非核心概念的混淆或遗漏。"", ""2分： 专业知识运用存在明显错误或重大遗漏，体现出专业性不足。"", ""1分： 专业知识运用方面存在严重错误，完全不符合专业标准，可能产生误导。""]",3,3,zh,Domain Knowledge Accuracy,rubric_violation,rubric_violation,5,5,Teaching Material Generation,Biology,PhD,True,True,True,exact_metric_language,False,False,False,False,False,False,False,False,False,False,LOW,0,2,question_reused_recorded,"知识点：线粒体功能与生物能量代谢调控\n请根据这个知识点给出""教学素材"":教学素材需要包括教学目标、重点难点、课堂活动设计等,以json格式返回","```json\n{\n  ""teaching_materials"": {\n    ""teaching_objectives"": {\n      ""knowledge"": [\n        ""掌握线粒体的结构与功能，包括内膜、外膜、基质和嵴的作用"",\n        ""理解ATP合成的基本过程（糖酵解、三羧酸循环、电子传递链与氧化磷酸化）"",\n        ""阐明生物能量代谢调控的分子机制（如ATP/ADP比值、钙离子信号、激素调控）""\n      ],\n      ""ability"": [\n        ""能分析线粒体功能障碍对细胞能量代谢的影响"",\n        ""运用代谢调控原理解释疾病案例（如线粒体肌病、甲状腺功能亢进）""\n      ],\n      ""emotion"": [\n        ""通过能量代谢的动态平衡理解生命系统的精密性"",\n        ""培养通过实验数据推导生物学原理的科学思维""\n      ]\n    },\n    ""key_points"": [\n      ""线粒体嵴结构与ATP合成效率的关系"",\n      ""电子传递链中质子梯度的建立与ATP合酶工作机制"",\n      ""AMPK/mTOR信号通路在能量代谢调控中的作用""\n    ],\n    ""difficult_points"": [\n      ""化学渗透假说的跨膜质子动力势抽象概念"",\n      ""氧化磷酸化与底物水平磷酸化的本质区别"",\n      ""代谢调控网络的多层次整合（细胞器间、系统器官间）""\n    ],...","[""5分： 在专业领域知识运用上不仅准确，且展现出恰当的深度和严谨性，符合行业标准或学术规范。"", ""4分： 专业知识运用准确，体现了较好的专业水准，但在深度或某些细节的严谨性上略有不足，不影响核心正确性。"", ""3分： 专业知识运用基本准确，但显得较为表层或不够严谨，可能存在一些非核心概念的混淆或遗漏。"", ""2分： 专业知识运用存在明显错误或重大遗漏，体现出专业性不足。"", ""1分： 专业知识运用方面存在严重错误，完全不符合专业标准，可能产生误导。""]",question_seed42/train source; batch96 source question reuse minimized and recorded
topup1_021,syn_0f9237dda99ba663,12326b370deba9d6576e667938f836f2c5fdbe73,train,results_merge.jsonl,2654,cf0e05444342b05701ff29112942cd664a17fda4,9bea7db19ab04d99fc6a96f25032d3ba220a5407,"Knowledge Point: The Influence of Surrealism on Modern Literature
Based on this knowledge point, provide ""Teaching Materials"": Teaching materials should include teaching objectives, key points and difficulties, classroom activity design, etc., in JSON format.","[""5: Excellent role-playing (e.g., teacher/TA); language style, professionalism, and tone (e.g., encouraging/serious) are perfectly aligned with the assumed role and audience."", ""4: Role and tone are mostly consistent and appropriate for the scenario, with minor deviation in individual expressions."", ""3: Attempts to match the role and tone can be seen, but overall consistency is weak; some expressions are disconnected from the role/scenario."", ""2: Significant mismatch in role and tone; comes across as unnatural or inconsistent."", ""1: No reflection of assigned role/tone; expression entirely inconsistent with the scenario.""]",2,2,en,Role & Tone Consistency,superficial_fluency,superficial_fluency,5,5,Teaching Material Generation,Literature and Art,Master,True,True,True,exact_metric_language,False,False,False,False,False,False,False,False,False,False,LOW,1,1,question_reused_recorded,"Knowledge Point: The Influence of Surrealism on Modern Literature\nBased on this knowledge point, provide ""Teaching Materials"": Teaching materials should include teaching objectives, key points and difficulties, classroom activity design, etc., in JSON format.","```json\n{\n  ""teachingMaterials"": {\n    ""knowledgePoint"": ""The Influence of Surrealism on Modern Literature"",\n    ""teachingObjectives"": [\n      ""Understand the core concepts and characteristics of Surrealism."",\n      ""Analyze how Surrealism has influenced modern literature in terms of style, themes, and narrative techniques."",\n      ""Compare and contrast Surrealist literary works with those from other literary movements.""\n    ],\n    ""keyPoints"": [\n      ""Surrealism's emphasis on the power of the subconscious mind."",\n      ""Use of dreams, symbolism, and irrationality in Surrealist literature."",\n      ""Influence of Freudian psychoanalysis on Surrealist thought and writing.""\n    ...","[""5: Excellent role-playing (e.g., teacher/TA); language style, professionalism, and tone (e.g., encouraging/serious) are perfectly aligned with the assumed role and audience."", ""4: Role and tone are mostly consistent and appropriate for the scenario, with minor deviation in individual expressions."", ""3: Attempts to match the role and tone can be seen, but overall consistency is weak; some expressions are disconnected from the role/scenario."", ""2: Significant mismatch in role and tone; comes across as unnatural or inconsistent."", ""1: No reflection of assigned role/tone; expression entirely inconsistent with the scenario.""]",question_seed42/train source; batch96 source question reuse minimized and recorded
topup1_022,syn_f6c77f4160acfa10,44b4cbcc1fdb5e7ab478e056b458e08c5b3883f9,train,results_merge.jsonl,4877,3f583749c39a53d68120dd4302b4c6888f5dd6d7,fdd4325b2469a441daae0b8e8a5b38eb527043b6,"学科:物理学
学制级别:博士
问题：在广义相对论的框架下，以下哪种情况最有可能导致时空奇点的出现？
A) 电磁场的存在
B) 大质量恒星的核心塌缩
C) 宇宙学常数为零
D) 低能粒子在真空中的运动
.请根据问题生成对应的答案。""答案"":,以json格式返回","[""5分： 内容与指定知识点/主题/问题高度相关，且严格控制在要求的难度、范围、学科内，无冗余或无关信息。"", ""4分： 内容主体相关，范围控制良好，可能包含极少量轻微超纲或关联度稍弱的信息。"", ""3分： 内容大部分相关，但包含一些偏离主题或超出范围的部分，范围控制不够精确。"", ""2分： 内容相关性较差，包含较多无关信息，或严重超出指定范围。"", ""1分： 内容基本不相关，或完全脱离指定范围。""]",1,1,zh,Content Relevance & Scope Control,rubric_violation,rubric_violation,5,5,Question Answering,Physics,PhD,True,True,True,exact_metric_language,False,False,False,False,False,False,False,False,False,False,LOW,0,1,new_question_not_used_by_batch96,"学科:物理学\n学制级别:博士\n问题：在广义相对论的框架下，以下哪种情况最有可能导致时空奇点的出现？\nA) 电磁场的存在\nB) 大质量恒星的核心塌缩\nC) 宇宙学常数为零\nD) 低能粒子在真空中的运动\n.请根据问题生成对应的答案。""答案"":,以json格式返回","```json\n{\n  ""答案"": ""B) 大质量恒星的核心塌缩""\n}\n```","[""5分： 内容与指定知识点/主题/问题高度相关，且严格控制在要求的难度、范围、学科内，无冗余或无关信息。"", ""4分： 内容主体相关，范围控制良好，可能包含极少量轻微超纲或关联度稍弱的信息。"", ""3分： 内容大部分相关，但包含一些偏离主题或超出范围的部分，范围控制不够精确。"", ""2分： 内容相关性较差，包含较多无关信息，或严重超出指定范围。"", ""1分： 内容基本不相关，或完全脱离指定范围。""]",question_seed42/train source; batch96 source question reuse minimized and recorded
topup1_023,syn_0ab3671227c94e1c,c6a2aacc2b379a7431a3892c09d64b39c6b2ff5b,train,results_merge.jsonl,1437,5f10a3a85e0efd1be4f1e1773e836f0ef17e29b2,a8a0785425686b5db9bd884309a594f8c733f48e,"Subject:Physical Education
Education Level:Undergraduate
Knowledge Point:The FITT principle is a foundational concept in physical education that stands for Frequency, Intensity, Time, and Type. It is used to structure exercise programs to improve fitness levels effectively.
Question Type:Short Answer
.Generate a corresponding question based on subject, education level, knowledge point, and question type. Return ""Question"" and ""Provided Reasoning"" in JSON format.","[""5: Extremely clear and concise explanations; fully accessible for target learners; vibrant and engaging delivery that inspires deep thought and interest."", ""4: Clear and easy to understand; appropriate for learner level; somewhat thought-provoking and can trigger reflection."", ""3: Generally understandable but may be wordy, complex, or dull; limited inspirational impact."", ""2: Lacks clarity; uses excessive jargon or complex structures; difficult to comprehend; uninspiring."", ""1: Confusing and hard to follow; disregards learner needs; offers no inspiration and may cause confusion.""]",2,2,en,"Clarity, Simplicity & Inspiration",rubric_violation,rubric_violation,5,5,Question Generation,Physical Education,Undergraduate,True,True,True,exact_metric_language,False,False,False,False,False,False,False,False,False,False,LOW,0,1,new_question_not_used_by_batch96,"Subject:Physical Education\nEducation Level:Undergraduate\nKnowledge Point:The FITT principle is a foundational concept in physical education that stands for Frequency, Intensity, Time, and Type. It is used to structure exercise programs to improve fitness levels effectively.\nQuestion Type:Short Answer\n.Generate a corresponding question based on subject, education level, knowledge point, and question type. Return ""Question"" and ""Provided Reasoning"" in JSON format.","```json\n{\n  ""Question"": ""Explain how the FITT principle can be applied to design a weekly exercise program for improving cardiovascular fitness. Provide specific examples for each component of FITT."",\n  ""Provided Reasoning"": ""This question requires students to understand and apply the FITT principle (Frequency, Intensity, Time, and Type) in a practical context. By asking them to design a weekly exercise program, it tests their ability to integrate all four components effectively. This is appropriate for an undergraduate level, as it not only assesses their knowledge of the principle but also their ability to apply it in a real-world scenario, which is a key skill in physical education....","[""5: Extremely clear and concise explanations; fully accessible for target learners; vibrant and engaging delivery that inspires deep thought and interest."", ""4: Clear and easy to understand; appropriate for learner level; somewhat thought-provoking and can trigger reflection."", ""3: Generally understandable but may be wordy, complex, or dull; limited inspirational impact."", ""2: Lacks clarity; uses excessive jargon or complex structures; difficult to comprehend; uninspiring."", ""1: Confusing and hard to follow; disregards learner needs; offers no inspiration and may cause confusion.""]",question_seed42/train source; batch96 source question reuse minimized and recorded
topup1_024,syn_e8a3cfc76a320e4c,07a9883089c759edc2978f3ee1f4bf2c3cad79f3,train,results_merge.jsonl,3948,60286ca13f8911fb790079d9f9c83f8858745790,e48dca64125e59c6f42a12df73a8e3886e450c1f,"问题：以下哪些选项是化学反应速率的影响因素？（可多选）
A. 反应物的浓度
B. 温度
C. 反应物的颜色
D. 催化剂的存在
E. 反应物的物理状态
学生的答案：A, B, D, E
请根据问题和学生答案给出""评分"":""评分细节"":""个性化反馈"":,以json格式返回","[""5分： 始终体现出强烈的鼓励和支持态度，语言积极、富有建设性；在需要时提供非常有效的启发式引导，而非直接给答案。"", ""4分： 整体体现出鼓励和支持，语言积极正面；能提供有效的引导，偶尔可能过于直接。"", ""3分： 兼具鼓励和中性/批评性语言，积极性一般；引导有时有效，有时直接给答案或引导不足。"", ""2分： 缺乏鼓励和支持，语言偏中性甚至略显负面；很少提供有效引导，倾向于直接给答案或不给帮助。"", ""1分： 语言消极、打击性强，完全没有鼓励；无视引导需求，或提供错误引导。""]",1,1,zh,"Motivation, Guidance & Positive Feedback",superficial_fluency,superficial_fluency,5,5,Automatic Grading,Chemistry,Undergraduate,True,True,True,exact_metric_language,False,False,False,False,False,False,False,False,False,False,LOW,1,1,question_reused_recorded,"问题：以下哪些选项是化学反应速率的影响因素？（可多选）\nA. 反应物的浓度\nB. 温度\nC. 反应物的颜色\nD. 催化剂的存在\nE. 反应物的物理状态\n学生的答案：A, B, D, E\n请根据问题和学生答案给出""评分"":""评分细节"":""个性化反馈"":,以json格式返回","```json\n{\n  ""评分"": ""正确"",\n  ""评分细节"": {\n    ""正确选项"": [""A"", ""B"", ""D"", ""E""],\n    ""学生答案"": [""A"", ""B"", ""D"", ""E""],\n    ""得分"": ""4/4""\n  },\n  ""个性化反馈"": ""你的答案完全正确！化学反应速率的主要影响因素包括反应物的浓度（A）、温度（B）、催化剂的存在（D）以及反应物的物理状态（E）。浓度越高或温度升高会加快反应速率；催化剂通过降低活化能显著提高反应速率；而物理状态（如固体表面积或物质形态）会影响反应物接触面积，从而影响速率。反应物的颜色（C）通常与吸光性质相关，但不会直接改变反应速率，因此不属于影响因素。继续保持对核心概念的清晰理解！""\n}\n```","[""5分： 始终体现出强烈的鼓励和支持态度，语言积极、富有建设性；在需要时提供非常有效的启发式引导，而非直接给答案。"", ""4分： 整体体现出鼓励和支持，语言积极正面；能提供有效的引导，偶尔可能过于直接。"", ""3分： 兼具鼓励和中性/批评性语言，积极性一般；引导有时有效，有时直接给答案或引导不足。"", ""2分： 缺乏鼓励和支持，语言偏中性甚至略显负面；很少提供有效引导，倾向于直接给答案或不给帮助。"", ""1分： 语言消极、打击性强，完全没有鼓励；无视引导需求，或提供错误引导。""]",question_seed42/train source; batch96 source question reuse minimized and recorded
topup1_025,syn_cbd90ce7ccdea557,bd3a9465eb5bc64d41fca6a99e39db5c4265b031,train,results_merge.jsonl,1218,50a125b94d56b250cab34175d4465b85ca2df963,91f8b7455780ddb9cbdc2bec9bd2041c79c07853,"Subject:Psychology
Education Level:PhD
Question:Which of the following theories best explains the mechanism of action of selective serotonin reuptake inhibitors (SSRIs) in the treatment of depression?
A) Dopamine Hypothesis
B) Monoamine Hypothesis
C) Neurogenesis Hypothesis
D) Glutamate Hypothesis
. Please generate the corresponding answer based on the question. ""Answer"":, in JSON format.","[""5: Reasoning is complete, clear, and rigorous; all steps are correct; arguments are strong and free of logical fallacies."", ""4: Reasoning is largely correct and logically coherent with minor issues in individual steps or details that do not affect the conclusion."", ""3: Reasoning is visible but contains unclear logic, missing steps, or insufficient argumentation, affecting the overall outcome."", ""2: Reasoning has major logical flaws, confusion in steps, or critical omissions; reliability is low."", ""1: Virtually no valid reasoning; logic is chaotic; steps are incorrect or irrelevant.""]",1,1,en,Reasoning Process Rigor,reasoning_gap,reasoning_gap,5,5,Question Answering,Psychology,PhD,True,True,True,exact_metric_language,False,False,False,False,False,False,False,False,False,False,LOW,0,1,new_question_not_used_by_batch96,"Subject:Psychology\nEducation Level:PhD\nQuestion:Which of the following theories best explains the mechanism of action of selective serotonin reuptake inhibitors (SSRIs) in the treatment of depression?\nA) Dopamine Hypothesis\nB) Monoamine Hypothesis\nC) Neurogenesis Hypothesis\nD) Glutamate Hypothesis\n. Please generate the corresponding answer based on the question. ""Answer"":, in JSON format.","{\n  ""answer"": ""B) Monoamine Hypothesis""\n}\n\nThe Monoamine Hypothesis is the theory that best explains the mechanism of action of SSRIs (Selective Serotonin Reuptake Inhibitors) in treating depression. SSRIs work by increasing the levels of serotonin in the synaptic cleft by blocking the reuptake of serotonin into the presynaptic neuron. This leads to increased neurotransmission and helps alleviate depressive symptoms, aligning with the Monoamine Hypothesis which suggests that depression is caused by a deficiency in certain neurotransmitters such as serotonin, norepinephrine, and dopamine.","[""5: Reasoning is complete, clear, and rigorous; all steps are correct; arguments are strong and free of logical fallacies."", ""4: Reasoning is largely correct and logically coherent with minor issues in individual steps or details that do not affect the conclusion."", ""3: Reasoning is visible but contains unclear logic, missing steps, or insufficient argumentation, affecting the overall outcome."", ""2: Reasoning has major logical flaws, confusion in steps, or critical omissions; reliability is low."", ""1: Virtually no valid reasoning; logic is chaotic; steps are incorrect or irrelevant.""]",question_seed42/train source; batch96 source question reuse minimized and recorded
topup1_026,syn_cc5e9dc8648f82e4,4298ddb0e25d6d75573725a9310be8d8ffc626ac,train,results_merge.jsonl,5343,243249d9a8128e00cdd7251efbe5c28ecff3443b,e029c9f012950dd28ceae19c0befc650ceb16f8b,"{'姓名': '张伟', '年级': '大四', '学校': '某知名医学院', '当前能力水平': '具备扎实的基础医学知识，临床技能较为薄弱', '学习目标': '提高临床诊断能力，准备考取执业医师资格证', '知识薄弱点': ['心血管系统疾病诊断', '影像学基础', '药理学应用'], '学习习惯': '习惯于通过视频学习，偏好高效的学习方法，通常在晚上学习'}
请根据学生画像给出""学习路径规划建议"":和""个性化意见生成"":,以json格式返回","[""5分： 充分融合所有关键场景要素（如学生历史、学习偏好等），输出高度个性化，并与教学情境高度匹配。"", ""4分： 有效使用主要场景要素，回答具有针对性；可能遗漏少量细节，但不影响整体效果。"", ""3分： 使用了部分场景信息，但融合较浅；个性化程度或情境契合度一般。"", ""2分： 仅表层提及场景信息，未有效融合核心要素；与上下文连接较弱。"", ""1分： 完全忽视场景特定信息；输出通用、模板化，且与场景不相关。""]",2,2,zh,Scenario Element Integration,scenario_mismatch,scenario_mismatch,5,5,Personalized Content Creation,Clinical Medicine,Master,True,True,True,exact_metric_language,False,False,False,False,False,False,False,False,False,False,LOW,0,1,new_question_not_used_by_batch96,"{'姓名': '张伟', '年级': '大四', '学校': '某知名医学院', '当前能力水平': '具备扎实的基础医学知识，临床技能较为薄弱', '学习目标': '提高临床诊断能力，准备考取执业医师资格证', '知识薄弱点': ['心血管系统疾病诊断', '影像学基础', '药理学应用'], '学习习惯': '习惯于通过视频学习，偏好高效的学习方法，通常在晚上学习'}\n请根据学生画像给出""学习路径规划建议"":和""个性化意见生成"":,以json格式返回","```json\n{\n  ""学习路径规划建议"": {\n    ""阶段一 (1-2个月): 基础巩固与理论学习"": [\n      ""心血管系统疾病诊断: 系统学习《心血管内科学》教材，结合《某机构临床诊断技能视频课程》重点章节，每周完成3个真实病例分析（推荐使用梅奥诊所病例库）。"",\n      ""影像学基础: 完成《Radiopaedia基础影像解读》系列视频学习（每日1小时），配合《影像解剖图谱》APP进行三维结构认知，每周参与1次在线读片会。"",\n      ""药理学应用: 通过《临床药理思维导图》视频课程建立知识框架，重点掌握50种核心药物的适应症、禁忌症（使用Anki记忆卡片）""\n    ],\n    ""阶段二 (1个月): 临床思维强化"": [\n      ""注册AMBOSS临床决策模拟系统，每日完成2个跨学科病例诊断"",\n      ""参加《新英格兰医学杂志》临床病理讨论会（CPC）线上版，学习专家诊断逻辑"",\n      ""使用诊断树工具培养结构化思维，建立鉴别诊断清单模板""\n    ],\n    ""阶段三 (考前1个月): 应试能力提升"": [\n      ""执业医师资格考试真题精讲直播课（晚间8-10点时段）"",\n      ""组建5人学习小组进行症状鉴别诊断的头脑风暴"",\n      ""模拟考试环境进行病史采集OSCE演练（使用医考帮APP）""\n    ]\n  },\n  ""个性化意见生成"": {\n    ""资源适配建议"": [\n      ""推荐订阅《医学界医生站》心血管专题视频合集（符合视频学习偏好）"",\n...","[""5分： 充分融合所有关键场景要素（如学生历史、学习偏好等），输出高度个性化，并与教学情境高度匹配。"", ""4分： 有效使用主要场景要素，回答具有针对性；可能遗漏少量细节，但不影响整体效果。"", ""3分： 使用了部分场景信息，但融合较浅；个性化程度或情境契合度一般。"", ""2分： 仅表层提及场景信息，未有效融合核心要素；与上下文连接较弱。"", ""1分： 完全忽视场景特定信息；输出通用、模板化，且与场景不相关。""]",question_seed42/train source; batch96 source question reuse minimized and recorded
topup1_027,syn_d909597516f27285,3f8524e7c94e5b282e3b234ca6eb54e28b4e9186,train,results_merge.jsonl,455,1c479437e0c6c2e19ef2890cc3d18c071dc7bd4e,9073d7fa59ac6e85cc76232d0a88909bba3fbaf1,"Student Profile: Student Profile: {'Name': 'John Doe', 'Academic Background': ""Bachelor's degree in Political Science"", 'Learning Style': 'Visual and Analytical', 'Interests': 'Military strategy, international relations, defense technologies', 'Strengths': 'Strong critical thinking, effective communication, adept at data analysis', 'Areas for Improvement': 'Needs more exposure to practical fieldwork, time management'}
Based on the student profile, generate 'personalized learning content or tasks' for each student, returning the result in JSON format.","[""5: Highly personalized content/advice/feedback based on student level/traits/needs; resource and learning path suggestions are accurate, practical, and valuable."", ""4: Demonstrates some adaptation to student situation; provides relevant learning advice or resources with good utility."", ""3: Attempts personalization but with limited effectiveness; recommendations are generic and of limited value."", ""2: Little to no personalization; output is the same for everyone; learning support is insufficient or unrelated."", ""1: No personalization; output may conflict with student needs; offers no or incorrect learning support.""]",1,1,en,"Personalization, Adaptation & Learning Support",scenario_mismatch,scenario_mismatch,5,5,Personalized Learning Support,Military Science,Master,True,True,True,exact_metric_language,False,False,False,False,False,False,False,False,False,False,LOW,0,1,new_question_not_used_by_batch96,"Student Profile: Student Profile: {'Name': 'John Doe', 'Academic Background': ""Bachelor's degree in Political Science"", 'Learning Style': 'Visual and Analytical', 'Interests': 'Military strategy, international relations, defense technologies', 'Strengths': 'Strong critical thinking, effective communication, adept at data analysis', 'Areas for Improvement': 'Needs more exposure to practical fieldwork, time management'}\nBased on the student profile, generate 'personalized learning content or tasks' for each student, returning the result in JSON format.","```json\n{\n  ""personalized_learning_content"": [\n    {\n      ""category"": ""Military Strategy"",\n      ""tasks"": [\n        {\n          ""title"": ""Case Study Analysis of Modern Military Campaigns"",\n          ""description"": ""Analyze 2-3 modern military campaigns (e.g., Gulf War, Ukraine Conflict) using visual aids like battle maps and infographics. Submit a report highlighting strategic decisions, outcomes, and lessons learned."",\n          ""resources"": [\n            ""Documentary videos on military campaigns"",\n            ""Declassified military strategy documents"",\n            ""Interactive battle map software""\n          ],\n          ""objectives"": [\n            ""Enhance analytical ski...","[""5: Highly personalized content/advice/feedback based on student level/traits/needs; resource and learning path suggestions are accurate, practical, and valuable."", ""4: Demonstrates some adaptation to student situation; provides relevant learning advice or resources with good utility."", ""3: Attempts personalization but with limited effectiveness; recommendations are generic and of limited value."", ""2: Little to no personalization; output is the same for everyone; learning support is insufficient or unrelated."", ""1: No personalization; output may conflict with student needs; offers no or incorrect learning support.""]",question_seed42/train source; batch96 source question reuse minimized and recorded
topup1_028,syn_2f3e35dd9cd103d9,b45fad06b090ad80523f055dc1cc05c8041a5c6d,train,results_merge.jsonl,2839,0d15c361c4d8191bd918c895893f7acb5b4970f8,7a6df3e5a6a92ceb47b5fe1e5779184f062b1aca,"学生画像：学生的画像：{'姓名': '李华', '年龄': 21, '专业年级': '水产养殖专业三年级', '学习风格': '喜欢实践操作，动手能力强', '兴趣': '对鱼类繁殖和养殖技术感兴趣', '挑战': '理论知识消化较慢，需要更多视觉化材料', '目标': '希望在毕业前能够独立设计一个水产养殖方案'}
请根据学生画像，为每位学生生成 ‘个性化的学习内容或任务’:,以json格式返回","[""5分： 交互或内容设计巧妙，能显著促进学生的批判性思维、创新思维、问题解决或知识迁移应用能力（例如通过开放性问题、对比分析、案例探究、项目式任务等）。"", ""4分： 能提出引导性问题或设计有一定挑战性的任务，对培养学生的高阶思维和能力（如分析、评估、应用）有积极作用。"", ""3分： 在促进高阶思维方面有所尝试（如提出一些简单的思考题），但深度和广度有限，效果不明显，整体仍偏重知识复述或简单应用。"", ""2分： 交互或内容主要停留在基础知识记忆和理解层面，很少或未能涉及需要高阶思维的活动或问题。"", ""1分： 完全忽视高阶思维培养，仅限于死记硬背或简单重复，甚至可能因提供过于简化或固化的答案而阻碍思维发展。""]",2,2,zh,Higher-Order Thinking & Skill Development,reasoning_gap,reasoning_gap,5,5,Personalized Learning Support,Aquaculture,Undergraduate,True,True,True,exact_metric_language,False,False,False,False,False,False,False,False,False,False,LOW,0,1,new_question_not_used_by_batch96,"学生画像：学生的画像：{'姓名': '李华', '年龄': 21, '专业年级': '水产养殖专业三年级', '学习风格': '喜欢实践操作，动手能力强', '兴趣': '对鱼类繁殖和养殖技术感兴趣', '挑战': '理论知识消化较慢，需要更多视觉化材料', '目标': '希望在毕业前能够独立设计一个水产养殖方案'}\n请根据学生画像，为每位学生生成 ‘个性化的学习内容或任务’:,以json格式返回","```json\n{\n  ""个性化学习内容与任务"": {\n    ""学生信息"": {\n      ""姓名"": ""李华"",\n      ""年龄"": 21,\n      ""专业年级"": ""水产养殖专业三年级"",\n      ""学习目标"": ""毕业前独立设计水产养殖方案""\n    },\n    ""学习计划"": [\n      {\n        ""阶段"": ""基础巩固"",\n        ""周期"": ""4周"",\n        ""学习内容"": [\n          {\n            ""主题"": ""鱼类繁殖生理学可视化学习"",\n            ""形式"": ""3D动画视频+互动图表"",\n            ""资源"": [""鱼类性腺发育动态模型"", ""受精过程模拟程序""],\n            ""任务"": ""制作繁殖关键环节流程图""\n          },\n          {\n            ""主题"": ""养殖系统元件认知"",\n            ""形式"": ""虚拟养殖场AR体验"",\n            ""资源"": [""智能投喂系统拆解演示"", ""水循环装置工作原理动画""],\n            ""任务"": ""搭建简易过滤系统实物模型""\n          }\n        ]\n      },\n      {\n        ""阶段"": ""技术深化"",\n        ""周期"": ""6周"",\n        ""实践项目"": [\n          {\n      ...","[""5分： 交互或内容设计巧妙，能显著促进学生的批判性思维、创新思维、问题解决或知识迁移应用能力（例如通过开放性问题、对比分析、案例探究、项目式任务等）。"", ""4分： 能提出引导性问题或设计有一定挑战性的任务，对培养学生的高阶思维和能力（如分析、评估、应用）有积极作用。"", ""3分： 在促进高阶思维方面有所尝试（如提出一些简单的思考题），但深度和广度有限，效果不明显，整体仍偏重知识复述或简单应用。"", ""2分： 交互或内容主要停留在基础知识记忆和理解层面，很少或未能涉及需要高阶思维的活动或问题。"", ""1分： 完全忽视高阶思维培养，仅限于死记硬背或简单重复，甚至可能因提供过于简化或固化的答案而阻碍思维发展。""]",question_seed42/train source; batch96 source question reuse minimized and recorded
topup1_029,syn_12d490329bb72ec3,10c69dd1e604977b423b722728a48a4f826a5590,train,results_merge.jsonl,449,ba35192a049e868eedae5ba310638e7e75c9f363,236884b36948d312595175d0de67ac2bfb93dd5b,"Question: Which of the following is the primary function of hemoglobin in the human body?
Original Answer: To fight infections by destroying bacteria.
You are providing error-correction services for the student's response. Based on this question and the original answer, provide the ""Corrected Answer"" and ""Error Explanation"", in JSON format.","[""5: Precisely identified all errors (no omission or false positives); provided completely correct, clear, and optimal correction suggestions."", ""4: Correctly located most major errors; suggestions are generally accurate and effective with only minor omissions or less-than-perfect advice."", ""3: Identified some errors but with clear omissions or false positives; suggestions are partially correct but may lack clarity, completeness or optimality."", ""2: Inaccurate error detection with critical omissions or many false positives; suggestions contain errors or are hard to comprehend."", ""1: Completely failed to detect errors; provided entirely incorrect or misleading correction advice.""]",1,1,en,Error Identification & Correction Precision,factual_error,factual_error,5,5,Error Correction,Basic Medicine,Undergraduate,True,True,True,exact_metric_language,False,False,False,False,False,False,False,False,False,False,LOW,1,1,question_reused_recorded,"Question: Which of the following is the primary function of hemoglobin in the human body?\nOriginal Answer: To fight infections by destroying bacteria.\nYou are providing error-correction services for the student's response. Based on this question and the original answer, provide the ""Corrected Answer"" and ""Error Explanation"", in JSON format.","```json\n{\n  ""Corrected Answer"": ""The primary function of hemoglobin in the human body is to transport oxygen from the lungs to the body's tissues and carbon dioxide from the tissues to the lungs."",\n  ""Error Explanation"": ""The original answer is incorrect because hemoglobin does not fight infections or destroy bacteria. Hemoglobin is a protein in red blood cells that binds to oxygen in the lungs and carries it throughout the body to cells and tissues that need it for energy production. It also picks up carbon dioxide as a waste product and returns it to the lungs for exhalation.""\n}\n```","[""5: Precisely identified all errors (no omission or false positives); provided completely correct, clear, and optimal correction suggestions."", ""4: Correctly located most major errors; suggestions are generally accurate and effective with only minor omissions or less-than-perfect advice."", ""3: Identified some errors but with clear omissions or false positives; suggestions are partially correct but may lack clarity, completeness or optimality."", ""2: Inaccurate error detection with critical omissions or many false positives; suggestions contain errors or are hard to comprehend."", ""1: Completely failed to detect errors; provided entirely incorrect or misleading correction advice.""]",question_seed42/train source; batch96 source question reuse minimized and recorded
topup1_030,syn_d22595274ccdc069,3d58d2275fa85f29612bbef5ede9feac61a3fdf0,train,results_merge.jsonl,2879,c367d1e3134b022584248f014a7b59640f1df7fb,7f7065068292960761dd9dec39bffd6bb23d3a6c,"学生画像：学生的画像：{'姓名': '王小明', '年龄': 21, '年级': '大三', '专业': '临床医学', '学习风格': '偏好视觉学习', '兴趣': '外科手术、病理学', '当前挑战': '在解剖学应用上有困难', '目标': '提高解剖学的实际应用能力'}
请根据学生画像，为每位学生生成 ‘个性化的学习内容或任务’:,以json格式返回","[""5分： 完全理解并精准执行所有指令，完美达成核心任务目标，格式完全符合要求。"", ""4分： 准确理解主要指令，正确执行任务，核心目标达成度高，格式基本符合要求，可能有极少细节遗漏或偏差。"", ""3分： 理解了指令大意但可能忽略部分细节，任务基本完成但存在一些不准确或遗漏之处，格式有明显尝试但存在较多偏差。"", ""2分： 对指令理解有偏差，任务完成度低或有严重错误，格式多数不符合要求。"", ""1分： 完全误解或无视指令，任务未完成或完全错误，格式混乱或不相关。""]",3,3,zh,Instruction Following & Task Completion,instruction_violation,instruction_violation,5,5,Personalized Learning Support,Clinical Medicine,Undergraduate,True,True,True,exact_metric_language,False,False,False,False,False,False,False,False,False,False,LOW,0,1,new_question_not_used_by_batch96,"学生画像：学生的画像：{'姓名': '王小明', '年龄': 21, '年级': '大三', '专业': '临床医学', '学习风格': '偏好视觉学习', '兴趣': '外科手术、病理学', '当前挑战': '在解剖学应用上有困难', '目标': '提高解剖学的实际应用能力'}\n请根据学生画像，为每位学生生成 ‘个性化的学习内容或任务’:,以json格式返回","```json\n{\n  ""个性化学习内容与任务"": {\n    ""学习资源推荐"": [\n      {\n        ""类型"": ""三维解剖软件"",\n        ""名称"": ""AnatomyLearning3D"",\n        ""描述"": ""通过交互式3D模型强化肌肉、神经、血管的空间关系认知"",\n        ""关联兴趣"": ""外科手术"",\n        ""使用频率"": ""每日30分钟""\n      },\n      {\n        ""类型"": ""手术录像解析"",\n        ""名称"": ""外科手术实景视频库"",\n        ""描述"": ""标注关键解剖结构的手术视频，特别关注腹腔镜与胸腔镜术式"",\n        ""重点标注"": ""重要血管/神经走行变异识别""\n      }\n    ],\n    ""实践任务体系"": [\n      {\n        ""任务类型"": ""解剖图谱绘制"",\n        ""要求"": ""手绘/数位板绘制包含肌群、血管、神经的复合结构图"",\n        ""交付标准"": ""标注5处临床手术关键标志点"",\n        ""周期"": ""每周2个器官系统""\n      },\n      {\n        ""任务类型"": ""病例逆向推导"",\n        ""案例示例"": ""胰腺癌Whipple术式解剖要点"",\n        ""任务目标"": ""根据术后并发症反推术中可能损伤的结构"",\n        ""输出形式"": ""三维模型标注报告""\n      }\n...","[""5分： 完全理解并精准执行所有指令，完美达成核心任务目标，格式完全符合要求。"", ""4分： 准确理解主要指令，正确执行任务，核心目标达成度高，格式基本符合要求，可能有极少细节遗漏或偏差。"", ""3分： 理解了指令大意但可能忽略部分细节，任务基本完成但存在一些不准确或遗漏之处，格式有明显尝试但存在较多偏差。"", ""2分： 对指令理解有偏差，任务完成度低或有严重错误，格式多数不符合要求。"", ""1分： 完全误解或无视指令，任务未完成或完全错误，格式混乱或不相关。""]",question_seed42/train source; batch96 source question reuse minimized and recorded
topup1_031,syn_3278d14812e13a3c,0676331be88dbae14fe2c13e851ee2124e60a350,train,results_merge.jsonl,1103,7bdbfc3be37d434120cd61c75738b9ba4e2b67ad,7584e8d4bf751b98c0393e80aaacf6d155747205,"Subject:Applied Economics
Education Level:Undergraduate
Question:Which of the following is considered a limitation of using Gross Domestic Product (GDP) as a measure of economic welfare?
A) GDP accounts for income distribution among residents of a country.
B) GDP includes non-market transactions such as volunteer work and household labor.
C) GDP does not account for environmental degradation and resource depletion.
D) GDP measures the total market value of all final goods and services produced in a country.
. Please generate the corresponding answer based on the question. ""Answer"":, in JSON format.","[""5: All stated factual elements (definitions, formulas, dates, terms, syntax, etc.) are completely accurate."", ""4: Vast majority of facts are correct; possibly contains very minor, non-critical typos or omissions."", ""3: Most facts are correct, but there are some notable factual errors that require review."", ""2: Contains several or key factual inaccuracies; information is not trustworthy."", ""1: Riddled with factual errors; information is completely incorrect or misleading.""]",2,2,en,Basic Factual Accuracy,factual_error,factual_error,5,5,Question Answering,Applied Economics,Undergraduate,True,True,True,exact_metric_language,False,False,False,False,False,False,False,False,False,False,LOW,0,1,new_question_not_used_by_batch96,"Subject:Applied Economics\nEducation Level:Undergraduate\nQuestion:Which of the following is considered a limitation of using Gross Domestic Product (GDP) as a measure of economic welfare?\nA) GDP accounts for income distribution among residents of a country.\nB) GDP includes non-market transactions such as volunteer work and household labor.\nC) GDP does not account for environmental degradation and resource depletion.\nD) GDP measures the total market value of all final goods and services produced in a country.\n. Please generate the corresponding answer based on the question. ""Answer"":, in JSON format.","```json\n{\n  ""Answer"": ""C) GDP does not account for environmental degradation and resource depletion.""\n}\n```","[""5: All stated factual elements (definitions, formulas, dates, terms, syntax, etc.) are completely accurate."", ""4: Vast majority of facts are correct; possibly contains very minor, non-critical typos or omissions."", ""3: Most facts are correct, but there are some notable factual errors that require review."", ""2: Contains several or key factual inaccuracies; information is not trustworthy."", ""1: Riddled with factual errors; information is completely incorrect or misleading.""]",question_seed42/train source; batch96 source question reuse minimized and recorded
topup1_032,syn_36a1996a75b828e5,683d2f42ca8c29403b989b7c29b400a94246210f,train,results_merge.jsonl,4505,fcd6d60d8b3907f5bf7d20b172f2b8629e417e40,1a5c49d4a0761d3678f60d9fbe39d3d13b412eec,"知识点：光合作用在作物生长中的作用
请根据这个知识点给出""教学素材"":教学素材需要包括教学目标、重点难点、课堂活动设计等,以json格式返回","[""5分： 在专业领域知识运用上不仅准确，且展现出恰当的深度和严谨性，符合行业标准或学术规范。"", ""4分： 专业知识运用准确，体现了较好的专业水准，但在深度或某些细节的严谨性上略有不足，不影响核心正确性。"", ""3分： 专业知识运用基本准确，但显得较为表层或不够严谨，可能存在一些非核心概念的混淆或遗漏。"", ""2分： 专业知识运用存在明显错误或重大遗漏，体现出专业性不足。"", ""1分： 专业知识运用方面存在严重错误，完全不符合专业标准，可能产生误导。""]",1,1,zh,Domain Knowledge Accuracy,factual_error,factual_error,5,5,Teaching Material Generation,Crop Science,Undergraduate,True,True,True,exact_metric_language,False,False,False,False,False,False,False,False,False,False,LOW,0,2,question_reused_recorded,"知识点：光合作用在作物生长中的作用\n请根据这个知识点给出""教学素材"":教学素材需要包括教学目标、重点难点、课堂活动设计等,以json格式返回","```json\n{\n  ""教学素材"": {\n    ""教学目标"": {\n      ""知识目标"": [\n        ""理解光合作用的基本过程及其在作物生长中的关键作用。"",\n        ""掌握光合作用中光反应与暗反应的物质与能量转换关系。"",\n        ""认识环境因素（光照、温度、CO₂浓度等）对光合作用的影响。""\n      ],\n      ""能力目标"": [\n        ""通过实验设计分析光合作用对作物产量的影响。"",\n        ""能够结合农业生产实例，提出优化光合作用效率的措施。""\n      ],\n      ""情感目标"": [\n        ""激发对生命科学的好奇心，培养环保与可持续发展的意识。"",\n        ""体会科学知识与农业生产的紧密联系。""\n      ]\n    },\n    ""重点难点"": {\n      ""教学重点"": [\n        ""光合作用的过程及其对作物能量积累的意义。"",\n        ""光合作用与作物产量形成的关系。""\n      ],\n      ""教学难点"": [\n        ""光反应与暗反应的动态协同机制。"",\n        ""如何将光合作用原理应用于实际农业生产（如大棚种植、合理密植）。""\n      ]\n    },\n    ""课堂活动设计"": [\n      {\n        ""活动名称"": ""情境导入——为什么农作物能增产？"",\n        ""活动内容"": ""展示不同光照条件下水稻产量的对比图，引导学生思考光合...","[""5分： 在专业领域知识运用上不仅准确，且展现出恰当的深度和严谨性，符合行业标准或学术规范。"", ""4分： 专业知识运用准确，体现了较好的专业水准，但在深度或某些细节的严谨性上略有不足，不影响核心正确性。"", ""3分： 专业知识运用基本准确，但显得较为表层或不够严谨，可能存在一些非核心概念的混淆或遗漏。"", ""2分： 专业知识运用存在明显错误或重大遗漏，体现出专业性不足。"", ""1分： 专业知识运用方面存在严重错误，完全不符合专业标准，可能产生误导。""]",question_seed42/train source; batch96 source question reuse minimized and recorded
topup1_033,syn_ebc0a8a975cc787b,1536b1dea98b5811c4fb9279bde7f526ed04fd34,train,results_merge.jsonl,2139,5869d39b967206a8fc1c0ce82c2c96a58047d0ec,d915ed4a13e2c1918e242ba0196d5406fa0baea0,"Anxiety Level: Mild Anxiety
Dialogue with Student: [{'Agent': 'Hi! How are you feeling today? Is there anything on your mind?'}, {'Student': ""Hey, I'm doing okay, but I'm a little anxious about my upcoming exams. It's a lot to handle.""}, {'Agent': 'I understand. Exams can definitely be stressful. Is there anything specific about the exams that is making you feel anxious?'}, {'Student': ""Well, it's mostly the amount of information I need to memorize and apply. Plus, I feel like I need to perform well to meet my own expectations.""}, {'Agent': ""It sounds like you're putting a lot of pressure on yourself. It's normal to feel this way, especially when you care about your performance.""}]
Based on the student's emotional state and conversation, provide ""Emotional State Analysis"" and ""Comfort & Advice"", in JSON format.","[""5: Excellent role-playing (e.g., teacher/TA); language style, professionalism, and tone (e.g., encouraging/serious) are perfectly aligned with the assumed role and audience."", ""4: Role and tone are mostly consistent and appropriate for the scenario, with minor deviation in individual expressions."", ""3: Attempts to match the role and tone can be seen, but overall consistency is weak; some expressions are disconnected from the role/scenario."", ""2: Significant mismatch in role and tone; comes across as unnatural or inconsistent."", ""1: No reflection of assigned role/tone; expression entirely inconsistent with the scenario.""]",2,2,en,Role & Tone Consistency,scenario_mismatch,scenario_mismatch,5,5,Emotional Support,Military Science,Undergraduate,True,True,True,exact_metric_language,False,False,False,False,False,False,False,False,False,False,LOW,1,1,question_reused_recorded,"Anxiety Level: Mild Anxiety\nDialogue with Student: [{'Agent': 'Hi! How are you feeling today? Is there anything on your mind?'}, {'Student': ""Hey, I'm doing okay, but I'm a little anxious about my upcoming exams. It's a lot to handle.""}, {'Agent': 'I understand. Exams can definitely be stressful. Is there anything specific about the exams that is making you feel anxious?'}, {'Student': ""Well, it's mostly the amount of information I need to memorize and apply. Plus, I feel like I need to perform well to meet my own expectations.""}, {'Agent': ""It sounds like you're putting a lot of pressure on yourself. It's normal to feel this way, especially when you care about your performance.""}]\nBase...","```json\n{\n  ""Emotional State Analysis"": {\n    ""Emotion"": ""Mild Anxiety"",\n    ""Triggers"": [\n      ""Upcoming exams"",\n      ""Amount of information to memorize and apply"",\n      ""Pressure to meet personal expectations""\n    ],\n    ""Indicators"": [\n      ""Expressed concern about exams"",\n      ""Feeling overwhelmed by the workload"",\n      ""Self-imposed pressure to perform well""\n    ]\n  },\n  ""Comfort & Advice"": {\n    ""Comfort"": [\n      ""It's completely normal to feel anxious about exams, especially when you care about doing well."",\n      ""Remember that you're not alone in feeling this way—many students experience similar stress during exam periods."",\n      ""Take comfort in knowin...","[""5: Excellent role-playing (e.g., teacher/TA); language style, professionalism, and tone (e.g., encouraging/serious) are perfectly aligned with the assumed role and audience."", ""4: Role and tone are mostly consistent and appropriate for the scenario, with minor deviation in individual expressions."", ""3: Attempts to match the role and tone can be seen, but overall consistency is weak; some expressions are disconnected from the role/scenario."", ""2: Significant mismatch in role and tone; comes across as unnatural or inconsistent."", ""1: No reflection of assigned role/tone; expression entirely inconsistent with the scenario.""]",question_seed42/train source; batch96 source question reuse minimized and recorded
topup1_034,syn_4e153454ae5ce6e7,2028177caba4c7b9ca22db03d06854693496dc69,train,results_merge.jsonl,4817,ac1c8ccfcd59afb588cbe2e820ef540a695ec312,020e971275a02ce0fe4eb71ab464aee7d652831d,"学科:临床医学
学制级别:硕士
问题：以下哪种药物最常用于治疗急性心肌梗死？
A) 阿司匹林
B) 布洛芬
C) 对乙酰氨基酚
D) 洛伐他汀
.请根据问题生成对应的答案。""答案"":,以json格式返回","[""5分： 内容与指定知识点/主题/问题高度相关，且严格控制在要求的难度、范围、学科内，无冗余或无关信息。"", ""4分： 内容主体相关，范围控制良好，可能包含极少量轻微超纲或关联度稍弱的信息。"", ""3分： 内容大部分相关，但包含一些偏离主题或超出范围的部分，范围控制不够精确。"", ""2分： 内容相关性较差，包含较多无关信息，或严重超出指定范围。"", ""1分： 内容基本不相关，或完全脱离指定范围。""]",1,1,zh,Content Relevance & Scope Control,scenario_mismatch,scenario_mismatch,5,5,Question Answering,Clinical Medicine,Master,True,True,True,exact_metric_language,False,False,False,False,False,False,False,False,False,False,LOW,0,2,question_reused_recorded,"学科:临床医学\n学制级别:硕士\n问题：以下哪种药物最常用于治疗急性心肌梗死？\nA) 阿司匹林\nB) 布洛芬\nC) 对乙酰氨基酚\nD) 洛伐他汀\n.请根据问题生成对应的答案。""答案"":,以json格式返回","```json\n{""答案"": ""A) 阿司匹林""}\n```","[""5分： 内容与指定知识点/主题/问题高度相关，且严格控制在要求的难度、范围、学科内，无冗余或无关信息。"", ""4分： 内容主体相关，范围控制良好，可能包含极少量轻微超纲或关联度稍弱的信息。"", ""3分： 内容大部分相关，但包含一些偏离主题或超出范围的部分，范围控制不够精确。"", ""2分： 内容相关性较差，包含较多无关信息，或严重超出指定范围。"", ""1分： 内容基本不相关，或完全脱离指定范围。""]",question_seed42/train source; batch96 source question reuse minimized and recorded
topup1_035,syn_4dab6f759c80ff24,bae9775470c6253a4c23a83a357107a5763490ee,train,results_merge.jsonl,2054,5ffceb52c2088afbfedd9d157f13a2b675c5dc95,c2d31952d808afdbdcf53d6fc9f2ed91e8231062,"Question: Which of the following principles is most closely associated with the doctrine of 'stare decisis' in common law systems?

Please provide reasoning based on this question. Do not provide the answer directly.. ""Reasoning Provided"":, return in JSON format","[""5: Extremely clear and concise explanations; fully accessible for target learners; vibrant and engaging delivery that inspires deep thought and interest."", ""4: Clear and easy to understand; appropriate for learner level; somewhat thought-provoking and can trigger reflection."", ""3: Generally understandable but may be wordy, complex, or dull; limited inspirational impact."", ""2: Lacks clarity; uses excessive jargon or complex structures; difficult to comprehend; uninspiring."", ""1: Confusing and hard to follow; disregards learner needs; offers no inspiration and may cause confusion.""]",2,2,en,"Clarity, Simplicity & Inspiration",superficial_fluency,superficial_fluency,5,5,Idea Provision,Law,Master,True,True,True,exact_metric_language,False,False,False,False,False,False,False,False,False,False,LOW,0,2,question_reused_recorded,"Question: Which of the following principles is most closely associated with the doctrine of 'stare decisis' in common law systems?\n\nPlease provide reasoning based on this question. Do not provide the answer directly.. ""Reasoning Provided"":, return in JSON format","```json\n{\n  ""Reasoning Provided"": {\n    ""Key Terms"": {\n      ""Stare Decisis"": ""Latin for 'to stand by things decided,' a doctrine where courts follow precedents from prior decisions."",\n      ""Common Law Systems"": ""Legal systems where law is developed through judicial decisions alongside statutes.""\n    },\n    ""Core Concept"": ""Stare decisis ensures consistency, predictability, and fairness by requiring courts to adhere to prior rulings in similar cases."",\n    ""Analysis of Principles"": {\n      ""Relevant Principles"": [\n        ""Precedent/Adherence to Precedent: Directly tied to following prior judicial decisions."",\n        ""Certainty/Consistency in Law: Achieved through uniform app...","[""5: Extremely clear and concise explanations; fully accessible for target learners; vibrant and engaging delivery that inspires deep thought and interest."", ""4: Clear and easy to understand; appropriate for learner level; somewhat thought-provoking and can trigger reflection."", ""3: Generally understandable but may be wordy, complex, or dull; limited inspirational impact."", ""2: Lacks clarity; uses excessive jargon or complex structures; difficult to comprehend; uninspiring."", ""1: Confusing and hard to follow; disregards learner needs; offers no inspiration and may cause confusion.""]",question_seed42/train source; batch96 source question reuse minimized and recorded
topup1_036,syn_479b00d974b86df2,0ff4f9708d87027bec197db32c08a85bd8c4688a,train,results_merge.jsonl,4571,45442251171c1d3111ce5a7fbf8f6ec696ceee0a,b5c72cbe797efe085186031342f44047fef9453f,"焦虑程度：重度焦虑
对话内容：学生：我最近总是觉得很害怕，语文课上也总是紧张，担心自己读不好。
智能体：我听到你的担心了，这种感觉很难受。能告诉我是什么让你特别害怕吗？
学生：我总觉得老师会批评我，还有同学们会笑话我。
智能体：感谢你的分享，这种担心确实让人很紧张。但我相信老师和同学们都希望你能进步，而不是批评或嘲笑你。你有没有尝试过和老师或家长聊聊这些感受呢？
请根据学生情绪状态和对话给出""情绪状态分析"":和""安慰与建议"":,以json格式返回","[""5分： 始终体现出强烈的鼓励和支持态度，语言积极、富有建设性；在需要时提供非常有效的启发式引导，而非直接给答案。"", ""4分： 整体体现出鼓励和支持，语言积极正面；能提供有效的引导，偶尔可能过于直接。"", ""3分： 兼具鼓励和中性/批评性语言，积极性一般；引导有时有效，有时直接给答案或引导不足。"", ""2分： 缺乏鼓励和支持，语言偏中性甚至略显负面；很少提供有效引导，倾向于直接给答案或不给帮助。"", ""1分： 语言消极、打击性强，完全没有鼓励；无视引导需求，或提供错误引导。""]",1,1,zh,"Motivation, Guidance & Positive Feedback",scenario_mismatch,scenario_mismatch,5,5,Emotional Support,Literature and Art,Master,True,True,True,exact_metric_language,False,False,False,False,False,False,False,False,False,False,LOW,1,1,question_reused_recorded,"焦虑程度：重度焦虑\n对话内容：学生：我最近总是觉得很害怕，语文课上也总是紧张，担心自己读不好。\n智能体：我听到你的担心了，这种感觉很难受。能告诉我是什么让你特别害怕吗？\n学生：我总觉得老师会批评我，还有同学们会笑话我。\n智能体：感谢你的分享，这种担心确实让人很紧张。但我相信老师和同学们都希望你能进步，而不是批评或嘲笑你。你有没有尝试过和老师或家长聊聊这些感受呢？\n请根据学生情绪状态和对话给出""情绪状态分析"":和""安慰与建议"":,以json格式返回","```json\n{\n  ""情绪状态分析"": {\n    ""主要情绪"": [""紧张"", ""害怕"", ""担心被否定""],\n    ""具体表现"": [\n      ""对课堂朗读产生过度焦虑反应"",\n      ""存在预期性焦虑（提前担忧负面结果）"",\n      ""对他人评价过度敏感"",\n      ""可能存在自我价值感动摇""\n    ],\n    ""潜在认知模式"": [\n      ""灾难化思维（预设最坏结果）"",\n      ""读心倾向（假定他人负面评价）"",\n      ""全或无思维（认为表现必须完美）""\n    ]\n  },\n  ""安慰与建议"": {\n    ""即时安抚"": [\n      ""这种忐忑感是成长中的常见挑战，很多同学都有类似体验"",\n      ""你的勇气已经体现在愿意表达这份不安上"",\n      ""课堂表现≠个人价值，老师更关注的是你的学习态度""\n    ],\n    ""行为策略"": [\n      ""渐进暴露练习：先在小组成员面前朗读，逐步扩大听众范围"",\n      ""课前3分钟478呼吸法（吸气4秒-屏息7秒-呼气8秒）"",\n      ""准备专属能量词卡（如'我在进步'）置于课本扉页""\n    ],\n    ""认知调整"": [\n      ""制作'积极反馈记录本'，真实记录他人反应（发现与想象的差异）"",\n      ""区分'事实'与'想象'：列出朗读时实际发生的事/他人具体言行"",\n      ""用'暂时还没做到'替代'我做不好'的表述方式""\n    ],\n    ""支持系统建立...","[""5分： 始终体现出强烈的鼓励和支持态度，语言积极、富有建设性；在需要时提供非常有效的启发式引导，而非直接给答案。"", ""4分： 整体体现出鼓励和支持，语言积极正面；能提供有效的引导，偶尔可能过于直接。"", ""3分： 兼具鼓励和中性/批评性语言，积极性一般；引导有时有效，有时直接给答案或引导不足。"", ""2分： 缺乏鼓励和支持，语言偏中性甚至略显负面；很少提供有效引导，倾向于直接给答案或不给帮助。"", ""1分： 语言消极、打击性强，完全没有鼓励；无视引导需求，或提供错误引导。""]",question_seed42/train source; batch96 source question reuse minimized and recorded
topup1_037,syn_d9bc587bccdbb9d3,ef9d8c887671734015ba92f7beda303a40f412cc,train,results_merge.jsonl,1806,ffed2f3bb93a32c1cf81521951774f896b3283f4,83ac56520b94a31e16e6d8e9938508e6b1086625,"Question: Which part of the plant is responsible for photosynthesis?
A) Roots
B) Stems
C) Leaves
D) Flowers

Please provide reasoning based on this question. Do not provide the answer directly.. ""Reasoning Provided"":, return in JSON format","[""5: Reasoning is complete, clear, and rigorous; all steps are correct; arguments are strong and free of logical fallacies."", ""4: Reasoning is largely correct and logically coherent with minor issues in individual steps or details that do not affect the conclusion."", ""3: Reasoning is visible but contains unclear logic, missing steps, or insufficient argumentation, affecting the overall outcome."", ""2: Reasoning has major logical flaws, confusion in steps, or critical omissions; reliability is low."", ""1: Virtually no valid reasoning; logic is chaotic; steps are incorrect or irrelevant.""]",2,2,en,Reasoning Process Rigor,overconfident_wrong,overconfident_wrong,5,5,Idea Provision,Biology,Elementary School,True,True,True,exact_metric_language,False,False,False,False,False,False,False,False,False,False,LOW,0,2,question_reused_recorded,"Question: Which part of the plant is responsible for photosynthesis?\nA) Roots\nB) Stems\nC) Leaves\nD) Flowers\n\nPlease provide reasoning based on this question. Do not provide the answer directly.. ""Reasoning Provided"":, return in JSON format","{\n  ""reasoning"": ""Photosynthesis is the process by which plants convert light energy into chemical energy. It primarily occurs in the chloroplasts of plant cells, which are found predominantly in the leaves. Leaves have a high concentration of chlorophyll, the green pigment that captures light energy, and they contain a large surface area for maximizing light exposure. Roots absorb water and nutrients, stems transport these resources and provide structural support, and flowers are involved in reproductive processes, but none of these parts are directly responsible for the conversion of light into chemical energy.""\n}","[""5: Reasoning is complete, clear, and rigorous; all steps are correct; arguments are strong and free of logical fallacies."", ""4: Reasoning is largely correct and logically coherent with minor issues in individual steps or details that do not affect the conclusion."", ""3: Reasoning is visible but contains unclear logic, missing steps, or insufficient argumentation, affecting the overall outcome."", ""2: Reasoning has major logical flaws, confusion in steps, or critical omissions; reliability is low."", ""1: Virtually no valid reasoning; logic is chaotic; steps are incorrect or irrelevant.""]",question_seed42/train source; batch96 source question reuse minimized and recorded
topup1_038,syn_590d274f7ebaada5,76cdeb3d77092d92ebf9c7e4e9a68abbc10372bf,train,results_merge.jsonl,5265,8c51b91e5c0d36420c85385bea7e5a144e2dbb2c,52d78d54af90f1fedf3d663caf35d398e246bfbb,"{'姓名': '张伟', '年级': '大四', '专业': '临床医学', '当前能力水平': {'理论知识': '较强', '临床技能': '中等', '科研能力': '较弱', '沟通与人际交往能力': '强'}, '学习目标': '准备研究生入学考试，增强临床实习经验，提高科研能力', '知识薄弱点': ['临床技能操作', '科研设计与数据分析'], '学习习惯': '喜欢通过案例学习，重视实践，定期复习'}
请根据学生画像给出""学习路径规划建议"":和""个性化意见生成"":,以json格式返回","[""5分： 充分融合所有关键场景要素（如学生历史、学习偏好等），输出高度个性化，并与教学情境高度匹配。"", ""4分： 有效使用主要场景要素，回答具有针对性；可能遗漏少量细节，但不影响整体效果。"", ""3分： 使用了部分场景信息，但融合较浅；个性化程度或情境契合度一般。"", ""2分： 仅表层提及场景信息，未有效融合核心要素；与上下文连接较弱。"", ""1分： 完全忽视场景特定信息；输出通用、模板化，且与场景不相关。""]",1,1,zh,Scenario Element Integration,instruction_violation,instruction_violation,5,5,Personalized Content Creation,Clinical Medicine,Undergraduate,True,True,True,exact_metric_language,False,False,False,False,False,False,False,False,False,False,LOW,0,1,new_question_not_used_by_batch96,"{'姓名': '张伟', '年级': '大四', '专业': '临床医学', '当前能力水平': {'理论知识': '较强', '临床技能': '中等', '科研能力': '较弱', '沟通与人际交往能力': '强'}, '学习目标': '准备研究生入学考试，增强临床实习经验，提高科研能力', '知识薄弱点': ['临床技能操作', '科研设计与数据分析'], '学习习惯': '喜欢通过案例学习，重视实践，定期复习'}\n请根据学生画像给出""学习路径规划建议"":和""个性化意见生成"":,以json格式返回","```json\n{\n  ""学习路径规划建议"": {\n    ""阶段一（1-3个月）"": {\n      ""研究生考试准备"": [\n        ""重点强化专业核心课程（如内科学、外科学、病理学）的系统复习"",\n        ""每周安排3次模拟考试训练，针对历年真题进行题型分析"",\n        ""组建学习小组定期开展病例讨论，结合理论知识解决临床问题""\n      ],\n      ""临床技能提升"": [\n        ""在实习中主动申请操作机会（如问诊、体格检查、基础手术操作）"",\n        ""每周观摩2次主治医师诊疗过程并撰写观察笔记"",\n        ""利用虚拟仿真平台进行急救技能专项训练""\n      ]\n    },\n    ""阶段二（4-6个月）"": {\n      ""科研能力培养"": [\n        ""参加医学院SPSS/R语言数据分析工作坊"",\n        ""选择1-2个临床案例开展回顾性研究设计"",\n        ""定期参加科室科研例会学习论文写作规范""\n      ],\n      ""综合能力整合"": [\n        ""将考研复习与临床实习结合，建立病例-理论双向索引笔记"",\n        ""开展床边教学实践，培养临床思维表达能力"",\n        ""参与跨科室会诊积累复杂病例处理经验""\n      ]\n    },\n    ""阶段三（7-12个月）"": {\n      ""冲刺强化"": [\n        ""进行考研全真模考与错题专项突破"",\n        ...","[""5分： 充分融合所有关键场景要素（如学生历史、学习偏好等），输出高度个性化，并与教学情境高度匹配。"", ""4分： 有效使用主要场景要素，回答具有针对性；可能遗漏少量细节，但不影响整体效果。"", ""3分： 使用了部分场景信息，但融合较浅；个性化程度或情境契合度一般。"", ""2分： 仅表层提及场景信息，未有效融合核心要素；与上下文连接较弱。"", ""1分： 完全忽视场景特定信息；输出通用、模板化，且与场景不相关。""]",question_seed42/train source; batch96 source question reuse minimized and recorded
topup1_039,syn_ca2d2d8df57c2c42,7073c82cd9bf9cb523e855ec7578c31a064b29db,train,results_merge.jsonl,14,71e2133d3049be048126f45752ada952a3208a9f,580fd6dcbdd1b124d4dea1564d1b1d8329450ef8,"{'Name': 'Alex Johnson', 'Age': 19, 'Current Education Level': 'Undergraduate, Year 1', 'Current Skill Level': 'Introductory Physics', 'Learning Goals': 'To gain a comprehensive understanding of classical mechanics and prepare for advanced topics in electromagnetism.', 'Study Habits': 'Prefers visual learning with the aid of diagrams and videos, often studies in short, focused sessions, benefits from practical exercises.'}
Based on the student profile, provide ""Learning Path Planning"" and ""Personalized Recommendations"", returned in JSON format.","[""5: Highly personalized content/advice/feedback based on student level/traits/needs; resource and learning path suggestions are accurate, practical, and valuable."", ""4: Demonstrates some adaptation to student situation; provides relevant learning advice or resources with good utility."", ""3: Attempts personalization but with limited effectiveness; recommendations are generic and of limited value."", ""2: Little to no personalization; output is the same for everyone; learning support is insufficient or unrelated."", ""1: No personalization; output may conflict with student needs; offers no or incorrect learning support.""]",3,3,en,"Personalization, Adaptation & Learning Support",rubric_violation,rubric_violation,5,5,Personalized Content Creation,Physics,High School,True,True,True,exact_metric_language,False,False,False,False,False,False,False,False,False,False,LOW,0,1,new_question_not_used_by_batch96,"{'Name': 'Alex Johnson', 'Age': 19, 'Current Education Level': 'Undergraduate, Year 1', 'Current Skill Level': 'Introductory Physics', 'Learning Goals': 'To gain a comprehensive understanding of classical mechanics and prepare for advanced topics in electromagnetism.', 'Study Habits': 'Prefers visual learning with the aid of diagrams and videos, often studies in short, focused sessions, benefits from practical exercises.'}\nBased on the student profile, provide ""Learning Path Planning"" and ""Personalized Recommendations"", returned in JSON format.","```json\n{\n  ""StudentProfile"": {\n    ""Name"": ""Alex Johnson"",\n    ""Age"": 19,\n    ""CurrentEducationLevel"": ""Undergraduate, Year 1"",\n    ""CurrentSkillLevel"": ""Introductory Physics"",\n    ""LearningGoals"": [\n      ""Gain a comprehensive understanding of classical mechanics"",\n      ""Prepare for advanced topics in electromagnetism""\n    ],\n    ""StudyHabits"": {\n      ""VisualLearning"": true,\n      ""ShortFocusedSessions"": true,\n      ""BenefitsFromPracticalExercises"": true\n    }\n  },\n  ""LearningPathPlanning"": {\n    ""Phase1"": {\n      ""Duration"": ""3 months"",\n      ""Focus"": ""Classical Mechanics"",\n      ""Modules"": [\n        ""Mechanics Fundamentals"",\n        ""Kinematics"",\n        ""Dyn...","[""5: Highly personalized content/advice/feedback based on student level/traits/needs; resource and learning path suggestions are accurate, practical, and valuable."", ""4: Demonstrates some adaptation to student situation; provides relevant learning advice or resources with good utility."", ""3: Attempts personalization but with limited effectiveness; recommendations are generic and of limited value."", ""2: Little to no personalization; output is the same for everyone; learning support is insufficient or unrelated."", ""1: No personalization; output may conflict with student needs; offers no or incorrect learning support.""]",question_seed42/train source; batch96 source question reuse minimized and recorded
topup1_040,syn_c20781c5a46e3f8b,c1b7a9357fa61aef8b5f191d05a26c185c789e42,train,results_merge.jsonl,3028,b06d28e5864bc255da6f173e9c0968968b7c4bae,ef0f25a97c663acffd2f08d260b787e7ce30a293,"学生画像：学生的画像：{'姓名': '陈伟', '年龄': 25, '性别': '男', '学习背景': '本科毕业于军事战略学专业', '兴趣': ['战术分析', '无人机技术', '国际军事合作'], '目标': '成为一名优秀的军事顾问', '学习方式': '喜欢自主学习和小组讨论，适应能力强', '优势': ['逻辑思维能力强', '能够快速理解复杂概念'], '弱点': ['对历史背景了解不足', '实践经验缺乏']}
请根据学生画像，为每位学生生成 ‘个性化的学习内容或任务’:,以json格式返回","[""5分： 交互或内容设计巧妙，能显著促进学生的批判性思维、创新思维、问题解决或知识迁移应用能力（例如通过开放性问题、对比分析、案例探究、项目式任务等）。"", ""4分： 能提出引导性问题或设计有一定挑战性的任务，对培养学生的高阶思维和能力（如分析、评估、应用）有积极作用。"", ""3分： 在促进高阶思维方面有所尝试（如提出一些简单的思考题），但深度和广度有限，效果不明显，整体仍偏重知识复述或简单应用。"", ""2分： 交互或内容主要停留在基础知识记忆和理解层面，很少或未能涉及需要高阶思维的活动或问题。"", ""1分： 完全忽视高阶思维培养，仅限于死记硬背或简单重复，甚至可能因提供过于简化或固化的答案而阻碍思维发展。""]",2,2,zh,Higher-Order Thinking & Skill Development,superficial_fluency,superficial_fluency,5,5,Personalized Learning Support,Military Science,Master,True,True,True,exact_metric_language,False,False,False,False,False,False,False,False,False,False,LOW,0,2,question_reused_recorded,"学生画像：学生的画像：{'姓名': '陈伟', '年龄': 25, '性别': '男', '学习背景': '本科毕业于军事战略学专业', '兴趣': ['战术分析', '无人机技术', '国际军事合作'], '目标': '成为一名优秀的军事顾问', '学习方式': '喜欢自主学习和小组讨论，适应能力强', '优势': ['逻辑思维能力强', '能够快速理解复杂概念'], '弱点': ['对历史背景了解不足', '实践经验缺乏']}\n请根据学生画像，为每位学生生成 ‘个性化的学习内容或任务’:,以json格式返回","```json\n{\n  ""个性化学习内容与任务"": {\n    ""历史背景强化"": {\n      ""目标"": ""弥补历史知识不足，提升战略决策深度"",\n      ""任务"": [\n        {\n          ""名称"": ""20世纪经典战役分析"",\n          ""内容"": ""每周深度研究1场战役(如斯大林格勒/中途岛战役)"",\n          ""方式"": ""自主研究+提交3000字分析报告"",\n          ""输出要求"": ""需包含政治背景/战术选择/关键转折点分析""\n        },\n        {\n          ""名称"": ""军事战略演变研究"",\n          ""内容"": ""梳理从克劳塞维茨到现代网络中心战的战略思想演进"",\n          ""方式"": ""制作时间轴图谱+小组研讨会展示""\n        }\n      ]\n    },\n    ""战术能力提升"": {\n      ""目标"": ""强化战术分析与现代技术结合能力"",\n      ""任务"": [\n        {\n          ""名称"": ""无人机战术沙盘推演"",\n          ""内容"": ""使用MATLAB/Python构建无人机突防模型"",\n          ""要求"": ""需考虑电磁干扰/地形规避/集群协同因素"",\n          ""交付物"": ""可运行的仿真模型+推演视频""\n        },\n        {\n          ""名称"": ""多兵种协同模拟"",\n...","[""5分： 交互或内容设计巧妙，能显著促进学生的批判性思维、创新思维、问题解决或知识迁移应用能力（例如通过开放性问题、对比分析、案例探究、项目式任务等）。"", ""4分： 能提出引导性问题或设计有一定挑战性的任务，对培养学生的高阶思维和能力（如分析、评估、应用）有积极作用。"", ""3分： 在促进高阶思维方面有所尝试（如提出一些简单的思考题），但深度和广度有限，效果不明显，整体仍偏重知识复述或简单应用。"", ""2分： 交互或内容主要停留在基础知识记忆和理解层面，很少或未能涉及需要高阶思维的活动或问题。"", ""1分： 完全忽视高阶思维培养，仅限于死记硬背或简单重复，甚至可能因提供过于简化或固化的答案而阻碍思维发展。""]",question_seed42/train source; batch96 source question reuse minimized and recorded
topup1_041,syn_68fdc3e75f2311dd,111cc146fbf9b404326f503217c116f472118344,train,results_merge.jsonl,1063,474e1de7818e5730139801b4f471b28d6fa78a15,19fd8f7658376553fd3fce9039e89dfd80e8fdf6,"Question: True or False: The sum of the interior angles of a triangle is 180 degrees.
Student's Answer: True
Please provide ""Score"", ""Scoring Details"", and ""Personalized Feedback"" based on the question and student's answer, in JSON format.","[""5: Precisely identified all errors (no omission or false positives); provided completely correct, clear, and optimal correction suggestions."", ""4: Correctly located most major errors; suggestions are generally accurate and effective with only minor omissions or less-than-perfect advice."", ""3: Identified some errors but with clear omissions or false positives; suggestions are partially correct but may lack clarity, completeness or optimality."", ""2: Inaccurate error detection with critical omissions or many false positives; suggestions contain errors or are hard to comprehend."", ""1: Completely failed to detect errors; provided entirely incorrect or misleading correction advice.""]",1,1,en,Error Identification & Correction Precision,reasoning_gap,reasoning_gap,5,5,Automatic Grading,Mathematics,High School,True,True,True,exact_metric_language,False,False,False,False,False,False,False,False,False,False,LOW,1,1,question_reused_recorded,"Question: True or False: The sum of the interior angles of a triangle is 180 degrees.\nStudent's Answer: True\nPlease provide ""Score"", ""Scoring Details"", and ""Personalized Feedback"" based on the question and student's answer, in JSON format.","```json\n{\n  ""Score"": 100,\n  ""Scoring Details"": {\n    ""Correctness"": true,\n    ""Explanation"": ""The student's answer is correct. The sum of the interior angles of any triangle is indeed always 180 degrees.""\n  },\n  ""Personalized Feedback"": {\n    ""Text"": ""Great job! Your understanding of basic geometric principles is accurate. Keep up the good work!"",\n    ""Suggestions"": [\n      ""Remember that this property holds true for all types of triangles, whether they are right-angled, equilateral, isosceles, or scalene."",\n      ""You might also want to explore why this is the case using angle sum properties and parallel lines to deepen your comprehension.""\n    ]\n  }\n}\n```","[""5: Precisely identified all errors (no omission or false positives); provided completely correct, clear, and optimal correction suggestions."", ""4: Correctly located most major errors; suggestions are generally accurate and effective with only minor omissions or less-than-perfect advice."", ""3: Identified some errors but with clear omissions or false positives; suggestions are partially correct but may lack clarity, completeness or optimality."", ""2: Inaccurate error detection with critical omissions or many false positives; suggestions contain errors or are hard to comprehend."", ""1: Completely failed to detect errors; provided entirely incorrect or misleading correction advice.""]",question_seed42/train source; batch96 source question reuse minimized and recorded
topup1_042,syn_80c6f8b8d38880e5,4d5f81c9fba8114db6cb89094cf1d27ae57f1157,train,results_merge.jsonl,5378,b41417d0f25ab052a4185dc7dc78a8fac8c8bf74,b5c0cefa4433a17b78a56868ede7951333279513,"{'姓名': '张伟', '年级': '大三', '学校': '某知名大学', '专业': '公共管理学', '当前能力水平': '中等', '学习目标': '提高理论知识与实践应用能力，准备研究生入学考试', '知识薄弱点': ['政策分析', '公共财政'], '学习习惯': '习惯于晚上学习，经常通过阅读文献和参与讨论来理解知识'}
请根据学生画像给出""学习路径规划建议"":和""个性化意见生成"":,以json格式返回","[""5分： 完全理解并精准执行所有指令，完美达成核心任务目标，格式完全符合要求。"", ""4分： 准确理解主要指令，正确执行任务，核心目标达成度高，格式基本符合要求，可能有极少细节遗漏或偏差。"", ""3分： 理解了指令大意但可能忽略部分细节，任务基本完成但存在一些不准确或遗漏之处，格式有明显尝试但存在较多偏差。"", ""2分： 对指令理解有偏差，任务完成度低或有严重错误，格式多数不符合要求。"", ""1分： 完全误解或无视指令，任务未完成或完全错误，格式混乱或不相关。""]",2,2,zh,Instruction Following & Task Completion,rubric_violation,rubric_violation,5,5,Personalized Content Creation,Public Administration,PhD,True,True,True,exact_metric_language,False,False,False,False,False,False,False,False,False,False,LOW,0,1,new_question_not_used_by_batch96,"{'姓名': '张伟', '年级': '大三', '学校': '某知名大学', '专业': '公共管理学', '当前能力水平': '中等', '学习目标': '提高理论知识与实践应用能力，准备研究生入学考试', '知识薄弱点': ['政策分析', '公共财政'], '学习习惯': '习惯于晚上学习，经常通过阅读文献和参与讨论来理解知识'}\n请根据学生画像给出""学习路径规划建议"":和""个性化意见生成"":,以json格式返回","```json\n{\n  ""学习路径规划建议"": {\n    ""总体目标"": ""提高公共管理学理论知识与实践应用能力，为研究生入学考试做准备。"",\n    ""阶段一：基础知识巩固（1-2个月）"": {\n      ""活动"": [\n        ""系统复习公共管理学基础课程，重点加强政策分析和公共财政的知识点。"",\n        ""每天安排至少2小时阅读相关教材或专业书籍，特别是针对薄弱领域的内容。"",\n        ""参加在线开放课程或讲座，如Coursera、edX上关于公共管理和政策制定的课程。""\n      ],\n      ""资源推荐"": [""《公共管理学》教科书"", ""《公共财政学原理》""]\n    },\n    ""阶段二：深度理解与应用（3-4个月）"": {\n      ""活动"": [\n        ""选择几个案例进行深入研究，特别是那些涉及到复杂政策分析或公共财政挑战的例子。"",\n        ""每周至少参与一次线上/线下讨论会或者学术沙龙，分享自己的见解并听取他人意见。"",\n        ""尝试撰写一篇关于特定公共政策问题的研究报告，锻炼综合运用所学知识的能力。""\n      ],\n      ""资源推荐"": [""中国知网(CNKI)上的相关论文"", ""国内外公共政策案例库""]\n    },\n    ""阶段三：备考冲刺（5-6个月）"": {\n      ""活动"": [\n        ""根据目标院校的研究生招生要求，开始针对性地复习历年真题。"",\n        ""参加模拟考试，并对成绩进行分析，找出...","[""5分： 完全理解并精准执行所有指令，完美达成核心任务目标，格式完全符合要求。"", ""4分： 准确理解主要指令，正确执行任务，核心目标达成度高，格式基本符合要求，可能有极少细节遗漏或偏差。"", ""3分： 理解了指令大意但可能忽略部分细节，任务基本完成但存在一些不准确或遗漏之处，格式有明显尝试但存在较多偏差。"", ""2分： 对指令理解有偏差，任务完成度低或有严重错误，格式多数不符合要求。"", ""1分： 完全误解或无视指令，任务未完成或完全错误，格式混乱或不相关。""]",question_seed42/train source; batch96 source question reuse minimized and recorded
topup1_043,syn_910856812ac73ff2,0d18b6a4fcc3f565c4e66c5971c244303af1f766,train,results_merge.jsonl,1429,5f10a3a85e0efd1be4f1e1773e836f0ef17e29b2,e6a16a4d5ff3dfe1712faa29c76daf7fad7a8093,"Subject:Physical Education
Education Level:Undergraduate
Knowledge Point:The FITT principle is a foundational concept in physical education that stands for Frequency, Intensity, Time, and Type. It is used to structure exercise programs to improve fitness levels effectively.
Question Type:Short Answer
.Generate a corresponding question based on subject, education level, knowledge point, and question type. Return ""Question"" and ""Provided Reasoning"" in JSON format.","[""5: All stated factual elements (definitions, formulas, dates, terms, syntax, etc.) are completely accurate."", ""4: Vast majority of facts are correct; possibly contains very minor, non-critical typos or omissions."", ""3: Most facts are correct, but there are some notable factual errors that require review."", ""2: Contains several or key factual inaccuracies; information is not trustworthy."", ""1: Riddled with factual errors; information is completely incorrect or misleading.""]",1,1,en,Basic Factual Accuracy,overconfident_wrong,overconfident_wrong,5,5,Question Generation,Physical Education,Undergraduate,True,True,True,exact_metric_language,False,False,False,False,False,False,False,False,False,False,LOW,0,2,question_reused_recorded,"Subject:Physical Education\nEducation Level:Undergraduate\nKnowledge Point:The FITT principle is a foundational concept in physical education that stands for Frequency, Intensity, Time, and Type. It is used to structure exercise programs to improve fitness levels effectively.\nQuestion Type:Short Answer\n.Generate a corresponding question based on subject, education level, knowledge point, and question type. Return ""Question"" and ""Provided Reasoning"" in JSON format.","```json\n{\n  ""Question"": ""What does the FITT principle stand for in physical education, and how is it used to structure exercise programs?"",\n  ""ProvidedReasoning"": ""This question tests the undergraduate student's understanding of the fundamental concepts in physical education related to exercise programming. It requires the student to define the acronym FITT and explain its application in designing effective fitness programs.""\n}\n```","[""5: All stated factual elements (definitions, formulas, dates, terms, syntax, etc.) are completely accurate."", ""4: Vast majority of facts are correct; possibly contains very minor, non-critical typos or omissions."", ""3: Most facts are correct, but there are some notable factual errors that require review."", ""2: Contains several or key factual inaccuracies; information is not trustworthy."", ""1: Riddled with factual errors; information is completely incorrect or misleading.""]",question_seed42/train source; batch96 source question reuse minimized and recorded
topup1_044,syn_423c40a47b522798,a96b1a7e7d42f774fe681bd7af6e781cec74cc5a,train,results_merge.jsonl,5179,b0ec9ece1525000e58e3539446f4c4e03dc1c08f,ce14da3dce4b6d20ea98ca9e981cd981dc567478,"学科:基础医学
学制级别:硕士
知识点：肌肉收缩的生理机制
问题类型：多选题
.请根据学科,学制级别,知识点,问题类型生成一个对应的问题。""问题""和""提供的思路"":,以json格式返回","[""5分： 在专业领域知识运用上不仅准确，且展现出恰当的深度和严谨性，符合行业标准或学术规范。"", ""4分： 专业知识运用准确，体现了较好的专业水准，但在深度或某些细节的严谨性上略有不足，不影响核心正确性。"", ""3分： 专业知识运用基本准确，但显得较为表层或不够严谨，可能存在一些非核心概念的混淆或遗漏。"", ""2分： 专业知识运用存在明显错误或重大遗漏，体现出专业性不足。"", ""1分： 专业知识运用方面存在严重错误，完全不符合专业标准，可能产生误导。""]",2,2,zh,Domain Knowledge Accuracy,rubric_violation,rubric_violation,5,5,Question Generation,Basic Medicine,Master,True,True,True,exact_metric_language,False,False,False,False,False,False,False,False,False,False,LOW,0,2,question_reused_recorded,"学科:基础医学\n学制级别:硕士\n知识点：肌肉收缩的生理机制\n问题类型：多选题\n.请根据学科,学制级别,知识点,问题类型生成一个对应的问题。""问题""和""提供的思路"":,以json格式返回","```json\n{\n  ""问题"": ""关于肌肉收缩的生理机制，以下哪些描述是正确的？"",\n  ""提供的思路"": [\n    ""肌肉收缩的基本单位是肌原纤维，主要由肌动蛋白和肌球蛋白组成。"",\n    ""钙离子在肌肉收缩过程中起关键作用，它通过与肌钙蛋白结合，暴露肌动蛋白上的结合位点。"",\n    ""ATP是肌肉收缩的直接能源，它通过水解为ADP和磷酸释放能量。"",\n    ""神经冲动的传递通过神经-肌肉接头，导致肌质网释放钙离子。"",\n    ""肌肉收缩时，肌球蛋白头部与肌动蛋白结合，形成横桥，产生收缩力。""\n  ]\n}\n```","[""5分： 在专业领域知识运用上不仅准确，且展现出恰当的深度和严谨性，符合行业标准或学术规范。"", ""4分： 专业知识运用准确，体现了较好的专业水准，但在深度或某些细节的严谨性上略有不足，不影响核心正确性。"", ""3分： 专业知识运用基本准确，但显得较为表层或不够严谨，可能存在一些非核心概念的混淆或遗漏。"", ""2分： 专业知识运用存在明显错误或重大遗漏，体现出专业性不足。"", ""1分： 专业知识运用方面存在严重错误，完全不符合专业标准，可能产生误导。""]",question_seed42/train source; batch96 source question reuse minimized and recorded
topup1_045,syn_58592d189b714034,1bdbe6d931ecc56955eea8ed81a363365ed28da9,train,results_merge.jsonl,2282,b7036c32a59491e7304339cad703b6953309017b,8f4b6f4a31beba1d00263e02687f301da88a1b19,"Anxiety Level: Moderate Anxiety
Dialogue with Student: [{'Agent': 'Hi there! How are you feeling about your Computer Science studies lately?'}, {'Student': ""Honestly, I'm feeling a bit overwhelmed. There are so many concepts to grasp, and I feel like I'm falling behind.""}, {'Agent': ""It sounds like you're dealing with a lot right now. Can you tell me more about what's making you feel overwhelmed?""}, {'Student': ""I think it's mainly the algorithms class. The assignments are tough, and sometimes I struggle to understand the lectures.""}, {'Agent': ""That sounds challenging! It's okay to feel this way when tackling complex subjects. Have you considered reaching out to your professor or classmates for help?""}, {'Student': ""I've thought about it, but I'm worried they'll think I'm not smart enough to be in the class.""}, {'Agent': ""It's completely normal to seek help, and doing so shows that you're committed to learning. Many students feel the same way and benefit from collaboration and support.""}]
Based on the student's emotional state and conversation, provide ""Emotional State Analysis"" and ""Comfort & Advice"", in JSON format.","[""5: Excellent role-playing (e.g., teacher/TA); language style, professionalism, and tone (e.g., encouraging/serious) are perfectly aligned with the assumed role and audience."", ""4: Role and tone are mostly consistent and appropriate for the scenario, with minor deviation in individual expressions."", ""3: Attempts to match the role and tone can be seen, but overall consistency is weak; some expressions are disconnected from the role/scenario."", ""2: Significant mismatch in role and tone; comes across as unnatural or inconsistent."", ""1: No reflection of assigned role/tone; expression entirely inconsistent with the scenario.""]",1,1,en,Role & Tone Consistency,superficial_fluency,superficial_fluency,5,5,Emotional Support,Computer Science,Undergraduate,True,True,True,exact_metric_language,False,False,False,False,False,False,False,False,False,False,LOW,1,1,question_reused_recorded,"Anxiety Level: Moderate Anxiety\nDialogue with Student: [{'Agent': 'Hi there! How are you feeling about your Computer Science studies lately?'}, {'Student': ""Honestly, I'm feeling a bit overwhelmed. There are so many concepts to grasp, and I feel like I'm falling behind.""}, {'Agent': ""It sounds like you're dealing with a lot right now. Can you tell me more about what's making you feel overwhelmed?""}, {'Student': ""I think it's mainly the algorithms class. The assignments are tough, and sometimes I struggle to understand the lectures.""}, {'Agent': ""That sounds challenging! It's okay to feel this way when tackling complex subjects. Have you considered reaching out to your professor or classm...","```json\n{\n  ""EmotionalStateAnalysis"": {\n    ""OverallEmotion"": ""Anxiety"",\n    ""LevelOfAnxiety"": ""Moderate"",\n    ""SpecificConcerns"": [\n      ""Feeling overwhelmed by the volume and complexity of course material, particularly in algorithms."",\n      ""Fear of being perceived as not smart enough, which hinders seeking help.""\n    ],\n    ""ImpactOnStudies"": ""The student feels like they are falling behind, indicating that their anxiety is affecting their academic performance and confidence.""\n  },\n  ""ComfortAndAdvice"": {\n    ""Reassurance"": ""It's completely normal to find some subjects challenging, especially in a field as complex as Computer Science. Many students, even those who excel, f...","[""5: Excellent role-playing (e.g., teacher/TA); language style, professionalism, and tone (e.g., encouraging/serious) are perfectly aligned with the assumed role and audience."", ""4: Role and tone are mostly consistent and appropriate for the scenario, with minor deviation in individual expressions."", ""3: Attempts to match the role and tone can be seen, but overall consistency is weak; some expressions are disconnected from the role/scenario."", ""2: Significant mismatch in role and tone; comes across as unnatural or inconsistent."", ""1: No reflection of assigned role/tone; expression entirely inconsistent with the scenario.""]",question_seed42/train source; batch96 source question reuse minimized and recorded
topup1_046,syn_ed3d5e1e61100c64,4622cfaeee381397df1162d10d99e6e1b1078983,train,results_merge.jsonl,4761,3b26f4f8f9f7314ee644e63efa2173afbb702c33,4b91094f571fe7788759b1a90a1b789d6943f04c,"学科:法学
学制级别:博士
问题：在国际法中，以下哪一个原则主要用于解决国家之间的领土争端？
A. 不干涉内政原则
B. 自决原则
C. 先占原则
D. 互惠原则
.请根据问题生成对应的答案。""答案"":,以json格式返回","[""5分： 内容与指定知识点/主题/问题高度相关，且严格控制在要求的难度、范围、学科内，无冗余或无关信息。"", ""4分： 内容主体相关，范围控制良好，可能包含极少量轻微超纲或关联度稍弱的信息。"", ""3分： 内容大部分相关，但包含一些偏离主题或超出范围的部分，范围控制不够精确。"", ""2分： 内容相关性较差，包含较多无关信息，或严重超出指定范围。"", ""1分： 内容基本不相关，或完全脱离指定范围。""]",2,2,zh,Content Relevance & Scope Control,rubric_violation,rubric_violation,5,5,Question Answering,Law,PhD,True,True,True,exact_metric_language,False,False,False,False,False,False,False,False,False,False,LOW,0,2,question_reused_recorded,"学科:法学\n学制级别:博士\n问题：在国际法中，以下哪一个原则主要用于解决国家之间的领土争端？\nA. 不干涉内政原则\nB. 自决原则\nC. 先占原则\nD. 互惠原则\n.请根据问题生成对应的答案。""答案"":,以json格式返回","```json\n{\n  ""答案"": ""C. 先占原则""\n}\n```\n\n说明：在国际法中，先占原则是指一个国家可以通过有效占领无主地来取得该土地的主权。虽然这个原则在现代应用较少，因为它假设了存在真正的“无主地”，但在历史上它确实是解决领土归属问题的一种方式。不过，在当前处理国家间领土争端时，更常用的原则包括但不限于通过谈判、调解、仲裁或司法裁决等方式和平解决争议。其他选项如不干涉内政原则更多涉及到尊重国家主权和独立；自决原则主要涉及人民选择自己的政治地位及发展经济、社会与文化权利；而互惠原则则多用于国际贸易等领域，强调双方利益上的相互给予。因此，根据题目要求最直接相关的为“先占原则”。但需要注意的是，实际解决领土争端时会综合考虑多种因素和原则。","[""5分： 内容与指定知识点/主题/问题高度相关，且严格控制在要求的难度、范围、学科内，无冗余或无关信息。"", ""4分： 内容主体相关，范围控制良好，可能包含极少量轻微超纲或关联度稍弱的信息。"", ""3分： 内容大部分相关，但包含一些偏离主题或超出范围的部分，范围控制不够精确。"", ""2分： 内容相关性较差，包含较多无关信息，或严重超出指定范围。"", ""1分： 内容基本不相关，或完全脱离指定范围。""]",question_seed42/train source; batch96 source question reuse minimized and recorded
topup1_047,syn_c1faddf0cfc4620a,e98b094c029bf347ca75c308dd14f3f833129a30,train,results_merge.jsonl,1419,6ee4a63a27ca8efb648e5b9a6d471b40f538089f,4478fefdfa73bb94c2dfc295525c057b4a66da91,"Subject:Sociology
Education Level:PhD
Knowledge Point:The concept of 'social capital' has been extensively discussed in the field of sociology, particularly in relation to community development, socio-economic mobility, and collective action. Social capital refers to the networks of relationships among people who work in a particular society, enabling that society to function effectively.
Question Type:Multiple Choice
.Generate a corresponding question based on subject, education level, knowledge point, and question type. Return ""Question"" and ""Provided Reasoning"" in JSON format.","[""5: Extremely clear and concise explanations; fully accessible for target learners; vibrant and engaging delivery that inspires deep thought and interest."", ""4: Clear and easy to understand; appropriate for learner level; somewhat thought-provoking and can trigger reflection."", ""3: Generally understandable but may be wordy, complex, or dull; limited inspirational impact."", ""2: Lacks clarity; uses excessive jargon or complex structures; difficult to comprehend; uninspiring."", ""1: Confusing and hard to follow; disregards learner needs; offers no inspiration and may cause confusion.""]",1,1,en,"Clarity, Simplicity & Inspiration",rubric_violation,rubric_violation,5,5,Question Generation,Sociology,PhD,True,True,True,exact_metric_language,False,False,False,False,False,False,False,False,False,False,LOW,0,2,question_reused_recorded,"Subject:Sociology\nEducation Level:PhD\nKnowledge Point:The concept of 'social capital' has been extensively discussed in the field of sociology, particularly in relation to community development, socio-economic mobility, and collective action. Social capital refers to the networks of relationships among people who work in a particular society, enabling that society to function effectively.\nQuestion Type:Multiple Choice\n.Generate a corresponding question based on subject, education level, knowledge point, and question type. Return ""Question"" and ""Provided Reasoning"" in JSON format.","```json\n{\n  ""Question"": ""Which of the following best describes the concept of social capital in sociology?"",\n  ""Options"": [\n    {\n      ""Option"": ""The financial resources available within a community"",\n      ""Correct"": false,\n      ""Reasoning"": ""Social capital is not about financial resources but about the networks of relationships.""\n    },\n    {\n      ""Option"": ""The networks of relationships among people that facilitate collective action and social cohesion"",\n      ""Correct"": true,\n      ""Reasoning"": ""This accurately captures the essence of social capital as it pertains to community development and collective action.""\n    },\n    {\n      ""Option"": ""The cultural norms and va...","[""5: Extremely clear and concise explanations; fully accessible for target learners; vibrant and engaging delivery that inspires deep thought and interest."", ""4: Clear and easy to understand; appropriate for learner level; somewhat thought-provoking and can trigger reflection."", ""3: Generally understandable but may be wordy, complex, or dull; limited inspirational impact."", ""2: Lacks clarity; uses excessive jargon or complex structures; difficult to comprehend; uninspiring."", ""1: Confusing and hard to follow; disregards learner needs; offers no inspiration and may cause confusion.""]",question_seed42/train source; batch96 source question reuse minimized and recorded
topup1_048,syn_948fe3a58e394c70,2d057314dd8d04f9f96925378bd8e75d4fe5329e,train,results_merge.jsonl,3833,0a3152b6a40fc98b07a15855ba40ec0882507e78,25ad6409559b1cd7d686bef61de4ea0481897175,"问题：在研究中世纪封建制度发展的过程中，下列哪些因素对其演变起到了关键作用？（可选择多个）
A. 农奴制
B. 城市化进程
C. 十字军东征
D. 文艺复兴
E. 黑死病的流行
F. 军事科技的进步
学生的答案：['A', 'C', 'E', 'F']
请根据问题和学生答案给出""评分"":""评分细节"":""个性化反馈"":,以json格式返回","[""5分： 始终体现出强烈的鼓励和支持态度，语言积极、富有建设性；在需要时提供非常有效的启发式引导，而非直接给答案。"", ""4分： 整体体现出鼓励和支持，语言积极正面；能提供有效的引导，偶尔可能过于直接。"", ""3分： 兼具鼓励和中性/批评性语言，积极性一般；引导有时有效，有时直接给答案或引导不足。"", ""2分： 缺乏鼓励和支持，语言偏中性甚至略显负面；很少提供有效引导，倾向于直接给答案或不给帮助。"", ""1分： 语言消极、打击性强，完全没有鼓励；无视引导需求，或提供错误引导。""]",1,1,zh,"Motivation, Guidance & Positive Feedback",superficial_fluency,superficial_fluency,5,5,Automatic Grading,History,PhD,True,True,True,exact_metric_language,False,False,False,False,False,False,False,False,False,False,LOW,1,1,question_reused_recorded,"问题：在研究中世纪封建制度发展的过程中，下列哪些因素对其演变起到了关键作用？（可选择多个）\nA. 农奴制\nB. 城市化进程\nC. 十字军东征\nD. 文艺复兴\nE. 黑死病的流行\nF. 军事科技的进步\n学生的答案：['A', 'C', 'E', 'F']\n请根据问题和学生答案给出""评分"":""评分细节"":""个性化反馈"":,以json格式返回","```json\n{\n  ""评分"": 1.0,\n  ""评分细节"": {\n    ""A"": 1.0,\n    ""C"": 1.0,\n    ""E"": 1.0,\n    ""F"": 1.0\n  },\n  ""个性化反馈"": ""你的答案完全正确！农奴制（A）是中世纪封建制度的核心组成部分，十字军东征（C）通过促进贸易和思想的交流对封建制度产生了深远影响，黑死病的流行（E）导致人口锐减，从而削弱了封建制度的基础，军事科技的进步（F）则改变了战争的方式，影响了封建领主的力量对比。这些都确实在中世纪封建制度的演变中起到了关键作用。继续保持这种深入的分析和理解！""\n}\n```","[""5分： 始终体现出强烈的鼓励和支持态度，语言积极、富有建设性；在需要时提供非常有效的启发式引导，而非直接给答案。"", ""4分： 整体体现出鼓励和支持，语言积极正面；能提供有效的引导，偶尔可能过于直接。"", ""3分： 兼具鼓励和中性/批评性语言，积极性一般；引导有时有效，有时直接给答案或引导不足。"", ""2分： 缺乏鼓励和支持，语言偏中性甚至略显负面；很少提供有效引导，倾向于直接给答案或不给帮助。"", ""1分： 语言消极、打击性强，完全没有鼓励；无视引导需求，或提供错误引导。""]",question_seed42/train source; batch96 source question reuse minimized and recorded
topup1_049,syn_1ba9732d05f26b84,ffbcfd835bce6f2c49e6ba425055824d75949505,train,results_merge.jsonl,1308,14e6dfb98fe659be9bca96d36b8e8c3b5beda0d4,48399d06893100197f6b1da606024f29bc5a0faf,"Subject:Computer Science
Education Level:Undergraduate
Question:What is the time complexity of the quicksort algorithm in the average case scenario?
. Please generate the corresponding answer based on the question. ""Answer"":, in JSON format.","[""5: Reasoning is complete, clear, and rigorous; all steps are correct; arguments are strong and free of logical fallacies."", ""4: Reasoning is largely correct and logically coherent with minor issues in individual steps or details that do not affect the conclusion."", ""3: Reasoning is visible but contains unclear logic, missing steps, or insufficient argumentation, affecting the overall outcome."", ""2: Reasoning has major logical flaws, confusion in steps, or critical omissions; reliability is low."", ""1: Virtually no valid reasoning; logic is chaotic; steps are incorrect or irrelevant.""]",3,3,en,Reasoning Process Rigor,reasoning_gap,reasoning_gap,2,2,Question Answering,Computer Science,Undergraduate,True,True,True,exact_metric_language,False,False,False,False,False,False,False,False,False,False,LOW,0,2,question_reused_recorded,"Subject:Computer Science\nEducation Level:Undergraduate\nQuestion:What is the time complexity of the quicksort algorithm in the average case scenario?\n. Please generate the corresponding answer based on the question. ""Answer"":, in JSON format.","```json\n{\n  ""Answer"": {\n    ""time_complexity"": {\n      ""average_case"": ""O(n log n)"",\n      ""explanation"": ""Quicksort's average case time complexity is O(n log n) due to the algorithm's divide-and-conquer strategy. On average, the pivot selection divides the array into two roughly equal parts, leading to logarithmic recursion depth. Each partitioning step takes linear time (O(n)), resulting in an overall complexity of O(n log n). This assumes balanced partitioning, which is statistically likely with random pivot selection.""\n    }\n  }\n}\n```","[""5: Reasoning is complete, clear, and rigorous; all steps are correct; arguments are strong and free of logical fallacies."", ""4: Reasoning is largely correct and logically coherent with minor issues in individual steps or details that do not affect the conclusion."", ""3: Reasoning is visible but contains unclear logic, missing steps, or insufficient argumentation, affecting the overall outcome."", ""2: Reasoning has major logical flaws, confusion in steps, or critical omissions; reliability is low."", ""1: Virtually no valid reasoning; logic is chaotic; steps are incorrect or irrelevant.""]",question_seed42/train source; batch96 source question reuse minimized and recorded
topup1_050,syn_8660738a698640bb,93e0cf99ea78765ddbd3758d57f96393bf76e6cf,train,results_merge.jsonl,5388,017b79ae37affb7019266860fa78173a21364493,d1784b80d2406ace8faa366295117da7e45f9a46,"{'姓名': '李明', '年龄': 16, '年级': '高一', '当前能力水平': {'物理基础知识': '中等', '数学应用能力': '较强', '实验动手能力': '较弱'}, '学习目标': '提高物理成绩，准备参加市级物理竞赛', '知识薄弱点': ['力学概念和应用', '电磁学基础'], '学习习惯': '喜欢通过视频学习，不擅长笔记整理'}
请根据学生画像给出""学习路径规划建议"":和""个性化意见生成"":,以json格式返回","[""5分： 充分融合所有关键场景要素（如学生历史、学习偏好等），输出高度个性化，并与教学情境高度匹配。"", ""4分： 有效使用主要场景要素，回答具有针对性；可能遗漏少量细节，但不影响整体效果。"", ""3分： 使用了部分场景信息，但融合较浅；个性化程度或情境契合度一般。"", ""2分： 仅表层提及场景信息，未有效融合核心要素；与上下文连接较弱。"", ""1分： 完全忽视场景特定信息；输出通用、模板化，且与场景不相关。""]",2,2,zh,Scenario Element Integration,scenario_mismatch,scenario_mismatch,5,5,Personalized Content Creation,Physics,PhD,True,True,True,exact_metric_language,False,False,False,False,False,False,False,False,False,False,LOW,0,1,new_question_not_used_by_batch96,"{'姓名': '李明', '年龄': 16, '年级': '高一', '当前能力水平': {'物理基础知识': '中等', '数学应用能力': '较强', '实验动手能力': '较弱'}, '学习目标': '提高物理成绩，准备参加市级物理竞赛', '知识薄弱点': ['力学概念和应用', '电磁学基础'], '学习习惯': '喜欢通过视频学习，不擅长笔记整理'}\n请根据学生画像给出""学习路径规划建议"":和""个性化意见生成"":,以json格式返回","```json\n{\n  ""学习路径规划建议"": {\n    ""阶段一（1-2个月）"": {\n      ""目标"": ""巩固基础，补足薄弱点"",\n      ""具体措施"": [\n        ""通过视频课程（如可汗学院、竞赛网课）系统学习力学与电磁学基础概念"",\n        ""结合教材完成章节配套基础习题（推荐《高中物理竞赛教程·基础篇》）"",\n        ""每周完成2套力学专题训练，重点突破受力分析与运动学综合题""\n      ]\n    },\n    ""阶段二（3-4个月）"": {\n      ""目标"": ""强化应用能力，提升解题技巧"",\n      ""具体措施"": [\n        ""开展专题突破训练：机械能守恒、电磁感应等重点模块"",\n        ""结合数学优势开展建模训练（如用微元法解变加速问题）"",\n        ""开始接触近三年市级竞赛真题，分析命题规律""\n      ]\n    },\n    ""阶段三（5-6个月）"": {\n      ""目标"": ""综合拔高与实验强化"",\n      ""具体措施"": [\n        ""进行全真模拟考试（含实验操作部分）"",\n        ""参加实验特训班提升动手能力（建议选择周末短期集训）"",\n        ""建立错题本数字化系统（使用Notion/印象笔记分类整理）""\n      ]\n    }\n  },\n  ""个性化意见生成"": {\n    ""学习方式优化"": [\n      ""将视频学习与交互式笔记结合：观看时用屏幕截图+语音批注代替...","[""5分： 充分融合所有关键场景要素（如学生历史、学习偏好等），输出高度个性化，并与教学情境高度匹配。"", ""4分： 有效使用主要场景要素，回答具有针对性；可能遗漏少量细节，但不影响整体效果。"", ""3分： 使用了部分场景信息，但融合较浅；个性化程度或情境契合度一般。"", ""2分： 仅表层提及场景信息，未有效融合核心要素；与上下文连接较弱。"", ""1分： 完全忽视场景特定信息；输出通用、模板化，且与场景不相关。""]",question_seed42/train source; batch96 source question reuse minimized and recorded
topup1_051,syn_10968aaef5a24c6d,770ee7e1bed99bb78ec374fd894d3666a6c2b37f,train,results_merge.jsonl,166,804029b5d919d29e068ec94c9a5ba55942e9caf1,a0abed6d8a118249c0e776581749fb9e3be837c0,"Student Profile: Student Profile: {'Name': 'Alex Johnson', 'Age': 20, 'Year': 'Junior', 'Background': 'Strong interest in social justice and community engagement, prefers hands-on learning experiences.', 'Learning Style': 'Kinesthetic and visual learner', 'Academic Strengths': 'Critical thinking, problem-solving', 'Areas for Improvement': 'Time management, academic writing'}
Based on the student profile, generate 'personalized learning content or tasks' for each student, returning the result in JSON format.","[""5: Highly personalized content/advice/feedback based on student level/traits/needs; resource and learning path suggestions are accurate, practical, and valuable."", ""4: Demonstrates some adaptation to student situation; provides relevant learning advice or resources with good utility."", ""3: Attempts personalization but with limited effectiveness; recommendations are generic and of limited value."", ""2: Little to no personalization; output is the same for everyone; learning support is insufficient or unrelated."", ""1: No personalization; output may conflict with student needs; offers no or incorrect learning support.""]",1,1,en,"Personalization, Adaptation & Learning Support",scenario_mismatch,scenario_mismatch,5,5,Personalized Learning Support,Sociology,Undergraduate,True,True,True,exact_metric_language,False,False,False,False,False,False,False,False,False,False,LOW,0,1,new_question_not_used_by_batch96,"Student Profile: Student Profile: {'Name': 'Alex Johnson', 'Age': 20, 'Year': 'Junior', 'Background': 'Strong interest in social justice and community engagement, prefers hands-on learning experiences.', 'Learning Style': 'Kinesthetic and visual learner', 'Academic Strengths': 'Critical thinking, problem-solving', 'Areas for Improvement': 'Time management, academic writing'}\nBased on the student profile, generate 'personalized learning content or tasks' for each student, returning the result in JSON format.","Based on Alex Johnson's profile, here is a personalized learning content or task suggestion in JSON format:\n\n```json\n{\n  ""Student"": {\n    ""Name"": ""Alex Johnson"",\n    ""Age"": 20,\n    ""Year"": ""Junior""\n  },\n  ""Personalized_Learning_Content"": [\n    {\n      ""Category"": ""Social Justice"",\n      ""Description"": ""Participate in a community service project related to social justice, such as organizing a food drive or participating in a local advocacy group."",\n      ""Type"": ""Hands-On"",\n      ""Duration"": ""1 month"",\n      ""Expected_Outcome"": ""Enhance understanding of social justice issues and develop leadership skills through direct engagement.""\n    },\n    {\n      ""Category"": ""Critical...","[""5: Highly personalized content/advice/feedback based on student level/traits/needs; resource and learning path suggestions are accurate, practical, and valuable."", ""4: Demonstrates some adaptation to student situation; provides relevant learning advice or resources with good utility."", ""3: Attempts personalization but with limited effectiveness; recommendations are generic and of limited value."", ""2: Little to no personalization; output is the same for everyone; learning support is insufficient or unrelated."", ""1: No personalization; output may conflict with student needs; offers no or incorrect learning support.""]",question_seed42/train source; batch96 source question reuse minimized and recorded
topup1_052,syn_013d89c4f04ce9be,ca9eb3da0308b6cca07a230f49f922056ff78882,train,results_merge.jsonl,2950,f9a3b1ea300bc14ffd7aaea8a710311b094d2ca2,82803f4f8111ba5ed6ad0dddd611c76f7c5b6399,"学生画像：学生的画像：{'姓名': '张伟', '年龄': 28, '学习背景': '在教育学领域有丰富的研究经历，尤其关注学生的个体差异和教育公平问题。已发表多篇相关论文。', '学习风格': '偏好阅读学术期刊和参与教育研讨会，喜欢通过讨论深化理解，比较善于理论联系实际。', '个人兴趣': '对教育技术在教师培训中的应用感兴趣，积极参与相关项目和会议。'}
请根据学生画像，为每位学生生成 ‘个性化的学习内容或任务’:,以json格式返回","[""5分： 交互或内容设计巧妙，能显著促进学生的批判性思维、创新思维、问题解决或知识迁移应用能力（例如通过开放性问题、对比分析、案例探究、项目式任务等）。"", ""4分： 能提出引导性问题或设计有一定挑战性的任务，对培养学生的高阶思维和能力（如分析、评估、应用）有积极作用。"", ""3分： 在促进高阶思维方面有所尝试（如提出一些简单的思考题），但深度和广度有限，效果不明显，整体仍偏重知识复述或简单应用。"", ""2分： 交互或内容主要停留在基础知识记忆和理解层面，很少或未能涉及需要高阶思维的活动或问题。"", ""1分： 完全忽视高阶思维培养，仅限于死记硬背或简单重复，甚至可能因提供过于简化或固化的答案而阻碍思维发展。""]",2,2,zh,Higher-Order Thinking & Skill Development,reasoning_gap,reasoning_gap,5,5,Personalized Learning Support,General Pedagogy,PhD,True,True,True,exact_metric_language,False,False,False,False,False,False,False,False,False,False,LOW,0,2,question_reused_recorded,"学生画像：学生的画像：{'姓名': '张伟', '年龄': 28, '学习背景': '在教育学领域有丰富的研究经历，尤其关注学生的个体差异和教育公平问题。已发表多篇相关论文。', '学习风格': '偏好阅读学术期刊和参与教育研讨会，喜欢通过讨论深化理解，比较善于理论联系实际。', '个人兴趣': '对教育技术在教师培训中的应用感兴趣，积极参与相关项目和会议。'}\n请根据学生画像，为每位学生生成 ‘个性化的学习内容或任务’:,以json格式返回","```json\n{\n    ""个性化学习内容或任务"": [\n        {\n            ""任务名称"": ""教育技术应用案例研究"",\n            ""任务描述"": ""针对教育技术在教师培训中的实际应用，选择3个不同国家/地区的案例进行深度分析，重点关注技术工具如何解决个体差异问题。要求结合教育公平理论框架撰写对比研究报告（5000字以上）。"",\n            ""学习资源"": [\n                ""近3年SSCI期刊中教育技术实证研究论文"",\n                ""OECD教师数字化能力发展报告(2023)"",\n                ""全球教育技术峰会 keynote演讲录像""\n            ],\n            ""输出要求"": {\n                ""形式"": ""学术论文格式"",\n                ""交付节点"": ""每2周提交进展报告"",\n                ""终稿期限"": ""2024-03-15""\n            }\n        },\n        {\n            ""任务名称"": ""智能教育系统原型设计"",\n            ""任务描述"": ""基于自适应学习理论，设计面向教师培训的AI辅助系统原型。需包含：1) 差异化需求诊断模块 2) 个性化资源推荐算法流程图 3) 培训效果追踪仪表盘。要求至少使用2种学习分析技术。"",\n            ""实践环节"": {\n ...","[""5分： 交互或内容设计巧妙，能显著促进学生的批判性思维、创新思维、问题解决或知识迁移应用能力（例如通过开放性问题、对比分析、案例探究、项目式任务等）。"", ""4分： 能提出引导性问题或设计有一定挑战性的任务，对培养学生的高阶思维和能力（如分析、评估、应用）有积极作用。"", ""3分： 在促进高阶思维方面有所尝试（如提出一些简单的思考题），但深度和广度有限，效果不明显，整体仍偏重知识复述或简单应用。"", ""2分： 交互或内容主要停留在基础知识记忆和理解层面，很少或未能涉及需要高阶思维的活动或问题。"", ""1分： 完全忽视高阶思维培养，仅限于死记硬背或简单重复，甚至可能因提供过于简化或固化的答案而阻碍思维发展。""]",question_seed42/train source; batch96 source question reuse minimized and recorded
topup1_053,syn_d7163efb908d7fae,1487ffd12cd512927020b7b8bc059e7f975650e0,train,results_merge.jsonl,520,4313f036000c452831d9baa30d1ba9a9a6cc0647,06d29ac269555d0cc807a7bc5ed30910e68d711b,"Question: Explain the difference between a stack and a queue data structure.
Original Answer: A stack is a data structure that follows the First In, First Out (FIFO) principle, while a queue follows the Last In, First Out (LIFO) principle.
You are providing error-correction services for the student's response. Based on this question and the original answer, provide the ""Corrected Answer"" and ""Error Explanation"", in JSON format.","[""5: Precisely identified all errors (no omission or false positives); provided completely correct, clear, and optimal correction suggestions."", ""4: Correctly located most major errors; suggestions are generally accurate and effective with only minor omissions or less-than-perfect advice."", ""3: Identified some errors but with clear omissions or false positives; suggestions are partially correct but may lack clarity, completeness or optimality."", ""2: Inaccurate error detection with critical omissions or many false positives; suggestions contain errors or are hard to comprehend."", ""1: Completely failed to detect errors; provided entirely incorrect or misleading correction advice.""]",1,1,en,Error Identification & Correction Precision,factual_error,factual_error,5,5,Error Correction,Computer Science,Undergraduate,True,True,True,exact_metric_language,False,False,False,False,False,False,False,False,False,False,LOW,2,1,question_reused_recorded,"Question: Explain the difference between a stack and a queue data structure.\nOriginal Answer: A stack is a data structure that follows the First In, First Out (FIFO) principle, while a queue follows the Last In, First Out (LIFO) principle.\nYou are providing error-correction services for the student's response. Based on this question and the original answer, provide the ""Corrected Answer"" and ""Error Explanation"", in JSON format.","```json\n{\n  ""Corrected Answer"": ""A stack is a data structure that follows the Last In, First Out (LIFO) principle, while a queue follows the First In, First Out (FIFO) principle."",\n  ""Error Explanation"": ""The original answer incorrectly described the principles of stack and queue. A stack operates on the LIFO principle, meaning the last element added to the stack is the first one to be removed. Conversely, a queue operates on the FIFO principle, where the first element added is the first one to be removed.""\n}\n```","[""5: Precisely identified all errors (no omission or false positives); provided completely correct, clear, and optimal correction suggestions."", ""4: Correctly located most major errors; suggestions are generally accurate and effective with only minor omissions or less-than-perfect advice."", ""3: Identified some errors but with clear omissions or false positives; suggestions are partially correct but may lack clarity, completeness or optimality."", ""2: Inaccurate error detection with critical omissions or many false positives; suggestions contain errors or are hard to comprehend."", ""1: Completely failed to detect errors; provided entirely incorrect or misleading correction advice.""]",question_seed42/train source; batch96 source question reuse minimized and recorded
topup1_054,syn_95138f70f148b5cc,6ad3c71761839044aa80dd5904b2d2677136b125,train,results_merge.jsonl,5369,62ac2dade9d7c2fe950fbee7347d622a834f6a94,de129a89b9c0122e9c2c89c87ef1f22d12ddc4f0,"{'姓名': '李华', '年龄': 21, '专业': '商业管理学', '年级': '大三', '当前能力水平': {'经济学基础': '较好', '财务管理': '中等', '市场营销': '较弱', '战略管理': '较弱'}, '学习目标': '扎实掌握商业管理核心概念，提升实践应用能力，准备商科硕士申请', '知识薄弱点': ['市场营销', '战略管理'], '学习习惯': '喜欢通过案例分析学习，容易被实际问题驱动去探索知识，偏好小组讨论'}
请根据学生画像给出""学习路径规划建议"":和""个性化意见生成"":,以json格式返回","[""5分： 完全理解并精准执行所有指令，完美达成核心任务目标，格式完全符合要求。"", ""4分： 准确理解主要指令，正确执行任务，核心目标达成度高，格式基本符合要求，可能有极少细节遗漏或偏差。"", ""3分： 理解了指令大意但可能忽略部分细节，任务基本完成但存在一些不准确或遗漏之处，格式有明显尝试但存在较多偏差。"", ""2分： 对指令理解有偏差，任务完成度低或有严重错误，格式多数不符合要求。"", ""1分： 完全误解或无视指令，任务未完成或完全错误，格式混乱或不相关。""]",2,2,zh,Instruction Following & Task Completion,instruction_violation,instruction_violation,5,5,Personalized Content Creation,Business Administration,Undergraduate,True,True,True,exact_metric_language,False,False,False,False,False,False,False,False,False,False,LOW,0,1,new_question_not_used_by_batch96,"{'姓名': '李华', '年龄': 21, '专业': '商业管理学', '年级': '大三', '当前能力水平': {'经济学基础': '较好', '财务管理': '中等', '市场营销': '较弱', '战略管理': '较弱'}, '学习目标': '扎实掌握商业管理核心概念，提升实践应用能力，准备商科硕士申请', '知识薄弱点': ['市场营销', '战略管理'], '学习习惯': '喜欢通过案例分析学习，容易被实际问题驱动去探索知识，偏好小组讨论'}\n请根据学生画像给出""学习路径规划建议"":和""个性化意见生成"":,以json格式返回","```json\n{\n  ""学习路径规划建议"": {\n    ""阶段目标"": [\n      {\n        ""阶段"": ""短期（1-3个月）"",\n        ""重点"": ""强化薄弱领域（市场营销、战略管理）"",\n        ""学习内容"": [\n          ""系统学习市场营销基础理论（如4P、消费者行为分析）"",\n          ""掌握战略管理核心框架（如SWOT、波特五力模型）"",\n          ""通过经典案例（如可口可乐vs百事可乐）理解知识应用""\n        ],\n        ""推荐资源"": [\n          ""教材《市场营销原理》（菲利普·科特勒）"",\n          ""Coursera《商业战略基础》（伊利诺伊大学）"",\n          ""哈佛商学院战略管理案例集""\n        ]\n      },\n      {\n        ""阶段"": ""中期（3-6个月）"",\n        ""重点"": ""核心能力整合与实践"",\n        ""学习内容"": [\n          ""跨学科案例分析（如企业并购中的财务与战略整合）"",\n          ""参与商业模拟竞赛（如GMC国际企业管理挑战赛）"",\n          ""学习商业数据分析工具（Excel高级功能、Tableau）""\n        ]\n      },\n      {\n        ""阶段"": ""长期（6个月+）"",\n        ""重点"": ""硕士申请准备与高阶能力构建"",\n...","[""5分： 完全理解并精准执行所有指令，完美达成核心任务目标，格式完全符合要求。"", ""4分： 准确理解主要指令，正确执行任务，核心目标达成度高，格式基本符合要求，可能有极少细节遗漏或偏差。"", ""3分： 理解了指令大意但可能忽略部分细节，任务基本完成但存在一些不准确或遗漏之处，格式有明显尝试但存在较多偏差。"", ""2分： 对指令理解有偏差，任务完成度低或有严重错误，格式多数不符合要求。"", ""1分： 完全误解或无视指令，任务未完成或完全错误，格式混乱或不相关。""]",question_seed42/train source; batch96 source question reuse minimized and recorded
topup1_055,syn_5af692af1e1a0585,1e5f46496daabd6884033cd3c484a9b8b705d9f1,train,results_merge.jsonl,1229,50a125b94d56b250cab34175d4465b85ca2df963,e46b7d653cd3c85796a7299461d0791752ef4009,"Subject:Psychology
Education Level:PhD
Question:Which of the following theories best explains the mechanism of action of selective serotonin reuptake inhibitors (SSRIs) in the treatment of depression?
A) Dopamine Hypothesis
B) Monoamine Hypothesis
C) Neurogenesis Hypothesis
D) Glutamate Hypothesis
. Please generate the corresponding answer based on the question. ""Answer"":, in JSON format.","[""5: All stated factual elements (definitions, formulas, dates, terms, syntax, etc.) are completely accurate."", ""4: Vast majority of facts are correct; possibly contains very minor, non-critical typos or omissions."", ""3: Most facts are correct, but there are some notable factual errors that require review."", ""2: Contains several or key factual inaccuracies; information is not trustworthy."", ""1: Riddled with factual errors; information is completely incorrect or misleading.""]",1,1,en,Basic Factual Accuracy,factual_error,factual_error,5,5,Question Answering,Psychology,PhD,True,True,True,exact_metric_language,False,False,False,False,False,False,False,False,False,False,LOW,0,2,question_reused_recorded,"Subject:Psychology\nEducation Level:PhD\nQuestion:Which of the following theories best explains the mechanism of action of selective serotonin reuptake inhibitors (SSRIs) in the treatment of depression?\nA) Dopamine Hypothesis\nB) Monoamine Hypothesis\nC) Neurogenesis Hypothesis\nD) Glutamate Hypothesis\n. Please generate the corresponding answer based on the question. ""Answer"":, in JSON format.","```json\n{\n    ""Answer"": ""B) Monoamine Hypothesis""\n}\n```","[""5: All stated factual elements (definitions, formulas, dates, terms, syntax, etc.) are completely accurate."", ""4: Vast majority of facts are correct; possibly contains very minor, non-critical typos or omissions."", ""3: Most facts are correct, but there are some notable factual errors that require review."", ""2: Contains several or key factual inaccuracies; information is not trustworthy."", ""1: Riddled with factual errors; information is completely incorrect or misleading.""]",question_seed42/train source; batch96 source question reuse minimized and recorded
topup1_056,syn_c940ed18425dce60,d3e806fceea250a148c92f5c5790d6d6355bb5d2,train,results_merge.jsonl,5270,b0ec9ece1525000e58e3539446f4c4e03dc1c08f,699c9e6d99bd4582d9b747e986c7fc46642f5436,"学科:基础医学
学制级别:硕士
知识点：肌肉收缩的生理机制
问题类型：多选题
.请根据学科,学制级别,知识点,问题类型生成一个对应的问题。""问题""和""提供的思路"":,以json格式返回","[""5分： 在专业领域知识运用上不仅准确，且展现出恰当的深度和严谨性，符合行业标准或学术规范。"", ""4分： 专业知识运用准确，体现了较好的专业水准，但在深度或某些细节的严谨性上略有不足，不影响核心正确性。"", ""3分： 专业知识运用基本准确，但显得较为表层或不够严谨，可能存在一些非核心概念的混淆或遗漏。"", ""2分： 专业知识运用存在明显错误或重大遗漏，体现出专业性不足。"", ""1分： 专业知识运用方面存在严重错误，完全不符合专业标准，可能产生误导。""]",2,2,zh,Domain Knowledge Accuracy,factual_error,factual_error,5,5,Question Generation,Basic Medicine,Master,True,True,True,exact_metric_language,False,False,False,False,False,False,False,False,False,False,LOW,0,3,question_reused_recorded,"学科:基础医学\n学制级别:硕士\n知识点：肌肉收缩的生理机制\n问题类型：多选题\n.请根据学科,学制级别,知识点,问题类型生成一个对应的问题。""问题""和""提供的思路"":,以json格式返回","```json\n{\n  ""问题"": ""骨骼肌收缩过程中，下列哪些步骤是必须的？"",\n  ""提供的思路"": {\n    ""正确选项"": [\n      ""A. 动作电位沿横小管传至三联体，触发肌质网释放Ca²⁺"",\n      ""B. Ca²⁺与肌钙蛋白结合，导致原肌球蛋白构象改变"",\n      ""C. 肌球蛋白横桥与肌动蛋白活性位点结合并发生摆动"",\n      ""D. ATP分解供能驱动横桥与肌动蛋白分离""\n    ],\n    ""错误选项"": [\n      ""E. Na⁺内流引发肌细胞膜去极化"",\n      ""F. Ca²⁺通过主动转运进入线粒体储存""\n    ],\n    ""解析"": [\n      ""A正确：横小管传递动作电位至三联体是肌质网释放Ca²⁺的关键触发机制（电-机械耦联）。"",\n      ""B正确：Ca²⁺结合肌钙蛋白是暴露肌动蛋白结合位点的必要条件（化学耦联）。"",\n      ""C正确：横桥与肌动蛋白结合及摆动是肌肉缩短的直接动力来源（横桥循环）。"",\n      ""D正确：ATP分解既为横桥复位供能，也是横桥与肌动蛋白分离的必要条件。"",\n      ""E错误：骨骼肌动作电位主要由Na⁺内流引发，但此步骤属于兴奋产生阶段，非收缩本身的必须步骤。"",\n      ""F错误：Ca²⁺通过肌质网钙泵回收，而非进入线粒体。""\n    ]\n  }\n}\n```","[""5分： 在专业领域知识运用上不仅准确，且展现出恰当的深度和严谨性，符合行业标准或学术规范。"", ""4分： 专业知识运用准确，体现了较好的专业水准，但在深度或某些细节的严谨性上略有不足，不影响核心正确性。"", ""3分： 专业知识运用基本准确，但显得较为表层或不够严谨，可能存在一些非核心概念的混淆或遗漏。"", ""2分： 专业知识运用存在明显错误或重大遗漏，体现出专业性不足。"", ""1分： 专业知识运用方面存在严重错误，完全不符合专业标准，可能产生误导。""]",question_seed42/train source; batch96 source question reuse minimized and recorded
topup1_057,syn_989cdd9f040e1967,26ac050d0cffd4c5b2cff3f07119a444d88ed28c,train,results_merge.jsonl,2453,abe822573a551a67d264f0c08aca2db02c10a1d1,2784533e457d06e00e3afbbb10053bb57de6be6e,"Anxiety Level: Moderate Anxiety
Dialogue with Student: [""Agent: Hey there! How's your day going?"", ""Student: Hi, it's been a bit stressful honestly. I'm trying to keep up with my Physics coursework."", ""Agent: I understand. Physics can be challenging. What's been the most stressful part for you?"", ""Student: It's mainly the problem-solving part. I get anxious when I can't find the right solution quickly."", ""Agent: It's completely normal to feel that way. Physics problems can be complex and require time to think through. Have you tried breaking them into smaller parts?"", 'Student: I usually try to, but sometimes I get stuck and it feels overwhelming.', ""Agent: That's a common hurdle. Maybe you could set aside specific times for problem-solving to help manage the stress. Have you considered study groups or asking for help from your peers or professors?"", ""Student: I've thought about study groups but I'm not sure how effective they'd be."", 'Agent: Study groups can be really beneficial as they offer different perspectives and explanations. Plus, discussing problems with others might make them seem less daunting. It could be worth trying.']
Based on the student's emotional state and conversation, provide ""Emotional State Analysis"" and ""Comfort & Advice"", in JSON format.","[""5: Excellent role-playing (e.g., teacher/TA); language style, professionalism, and tone (e.g., encouraging/serious) are perfectly aligned with the assumed role and audience."", ""4: Role and tone are mostly consistent and appropriate for the scenario, with minor deviation in individual expressions."", ""3: Attempts to match the role and tone can be seen, but overall consistency is weak; some expressions are disconnected from the role/scenario."", ""2: Significant mismatch in role and tone; comes across as unnatural or inconsistent."", ""1: No reflection of assigned role/tone; expression entirely inconsistent with the scenario.""]",1,1,en,Role & Tone Consistency,scenario_mismatch,scenario_mismatch,5,5,Emotional Support,Physics,Undergraduate,True,True,True,exact_metric_language,False,False,False,False,False,False,False,False,False,False,LOW,1,1,question_reused_recorded,"Anxiety Level: Moderate Anxiety\nDialogue with Student: [""Agent: Hey there! How's your day going?"", ""Student: Hi, it's been a bit stressful honestly. I'm trying to keep up with my Physics coursework."", ""Agent: I understand. Physics can be challenging. What's been the most stressful part for you?"", ""Student: It's mainly the problem-solving part. I get anxious when I can't find the right solution quickly."", ""Agent: It's completely normal to feel that way. Physics problems can be complex and require time to think through. Have you tried breaking them into smaller parts?"", 'Student: I usually try to, but sometimes I get stuck and it feels overwhelming.', ""Agent: That's a common hurdle. Maybe ...","```json\n{\n  ""Emotional State Analysis"": {\n    ""Anxiety Level"": ""Moderate Anxiety"",\n    ""Primary Emotions"": [""Stress"", ""Frustration"", ""Overwhelm"", ""Uncertainty""],\n    ""Triggers"": [\n      ""Difficulty in solving physics problems efficiently"",\n      ""Perceived pressure to find solutions quickly"",\n      ""Feeling stuck in problem-solving process"",\n      ""Ambivalence about effectiveness of study groups""\n    ],\n    ""Cognitive Patterns"": [\n      ""All-or-nothing thinking about problem-solving success"",\n      ""Time pressure anxiety impacting performance"",\n      ""Social hesitation in seeking academic support"",\n      ""Task magnification of complex problems""\n    ]\n  },\n  ""Comfort & Ad...","[""5: Excellent role-playing (e.g., teacher/TA); language style, professionalism, and tone (e.g., encouraging/serious) are perfectly aligned with the assumed role and audience."", ""4: Role and tone are mostly consistent and appropriate for the scenario, with minor deviation in individual expressions."", ""3: Attempts to match the role and tone can be seen, but overall consistency is weak; some expressions are disconnected from the role/scenario."", ""2: Significant mismatch in role and tone; comes across as unnatural or inconsistent."", ""1: No reflection of assigned role/tone; expression entirely inconsistent with the scenario.""]",question_seed42/train source; batch96 source question reuse minimized and recorded
topup1_058,syn_01372d09c1b9d3da,4b71fcef3339c09c5b1317a918c5f19c90067ba6,train,results_merge.jsonl,4893,3f583749c39a53d68120dd4302b4c6888f5dd6d7,fdd4325b2469a441daae0b8e8a5b38eb527043b6,"学科:物理学
学制级别:博士
问题：在广义相对论的框架下，以下哪种情况最有可能导致时空奇点的出现？
A) 电磁场的存在
B) 大质量恒星的核心塌缩
C) 宇宙学常数为零
D) 低能粒子在真空中的运动
.请根据问题生成对应的答案。""答案"":,以json格式返回","[""5分： 内容与指定知识点/主题/问题高度相关，且严格控制在要求的难度、范围、学科内，无冗余或无关信息。"", ""4分： 内容主体相关，范围控制良好，可能包含极少量轻微超纲或关联度稍弱的信息。"", ""3分： 内容大部分相关，但包含一些偏离主题或超出范围的部分，范围控制不够精确。"", ""2分： 内容相关性较差，包含较多无关信息，或严重超出指定范围。"", ""1分： 内容基本不相关，或完全脱离指定范围。""]",3,3,zh,Content Relevance & Scope Control,scenario_mismatch,scenario_mismatch,5,5,Question Answering,Physics,PhD,True,True,True,exact_metric_language,False,False,False,False,False,False,False,False,False,False,LOW,0,2,question_reused_recorded,"学科:物理学\n学制级别:博士\n问题：在广义相对论的框架下，以下哪种情况最有可能导致时空奇点的出现？\nA) 电磁场的存在\nB) 大质量恒星的核心塌缩\nC) 宇宙学常数为零\nD) 低能粒子在真空中的运动\n.请根据问题生成对应的答案。""答案"":,以json格式返回","```json\n{\n  ""答案"": ""B) 大质量恒星的核心塌缩""\n}\n```","[""5分： 内容与指定知识点/主题/问题高度相关，且严格控制在要求的难度、范围、学科内，无冗余或无关信息。"", ""4分： 内容主体相关，范围控制良好，可能包含极少量轻微超纲或关联度稍弱的信息。"", ""3分： 内容大部分相关，但包含一些偏离主题或超出范围的部分，范围控制不够精确。"", ""2分： 内容相关性较差，包含较多无关信息，或严重超出指定范围。"", ""1分： 内容基本不相关，或完全脱离指定范围。""]",question_seed42/train source; batch96 source question reuse minimized and recorded
topup1_059,syn_2308ebd4bd7b7d70,235942a10bcdd39b506ac461bb6f25b990202dd2,train,results_merge.jsonl,1905,5ffceb52c2088afbfedd9d157f13a2b675c5dc95,539bceb83b63cc7370444bf5641c086591dfabcf,"Question: Which of the following principles is most closely associated with the doctrine of 'stare decisis' in common law systems?

Please provide reasoning based on this question. Do not provide the answer directly.. ""Reasoning Provided"":, return in JSON format","[""5: Extremely clear and concise explanations; fully accessible for target learners; vibrant and engaging delivery that inspires deep thought and interest."", ""4: Clear and easy to understand; appropriate for learner level; somewhat thought-provoking and can trigger reflection."", ""3: Generally understandable but may be wordy, complex, or dull; limited inspirational impact."", ""2: Lacks clarity; uses excessive jargon or complex structures; difficult to comprehend; uninspiring."", ""1: Confusing and hard to follow; disregards learner needs; offers no inspiration and may cause confusion.""]",2,2,en,"Clarity, Simplicity & Inspiration",superficial_fluency,superficial_fluency,4,4,Idea Provision,Law,Master,True,True,True,exact_metric_language,False,False,False,False,False,False,False,False,False,False,LOW,0,3,question_reused_recorded,"Question: Which of the following principles is most closely associated with the doctrine of 'stare decisis' in common law systems?\n\nPlease provide reasoning based on this question. Do not provide the answer directly.. ""Reasoning Provided"":, return in JSON format","{\n""reasoning"": ""The principle in question pertains to the doctrine of 'stare decisis', which is fundamental in common law systems. This doctrine emphasizes the importance of consistency and predictability in legal rulings by requiring courts to follow the precedents set by higher courts within the same jurisdiction. It ensures that similar cases are decided in a similar manner, thereby promoting fairness and stability in the legal system.""\n}","[""5: Extremely clear and concise explanations; fully accessible for target learners; vibrant and engaging delivery that inspires deep thought and interest."", ""4: Clear and easy to understand; appropriate for learner level; somewhat thought-provoking and can trigger reflection."", ""3: Generally understandable but may be wordy, complex, or dull; limited inspirational impact."", ""2: Lacks clarity; uses excessive jargon or complex structures; difficult to comprehend; uninspiring."", ""1: Confusing and hard to follow; disregards learner needs; offers no inspiration and may cause confusion.""]",question_seed42/train source; batch96 source question reuse minimized and recorded
topup1_060,syn_3d301fac367e28b1,2e079bf506520e485e90907407d5696636c704b6,train,results_merge.jsonl,4531,722cfc9e7bb30f489a7ef180b5212de2e8b65630,3c0f2f157fbc63ee49911162c2a37e04f7c82154,"焦虑程度：中度焦虑
对话内容：学生：我觉得语文课好难，我总是记不住那些生字和课文。
智能体：我能理解你的感受，学习新东西有时候确实会让人感到压力。你觉得是哪个方面让你特别难记住？是生字还是课文内容？
学生：都有一点，我总是在考试的时候想不起来。
智能体：听起来你在考试的时候感到紧张，这可能影响了你的记忆。我们可以试试一些记忆技巧，比如分段记忆或者用故事来帮助记忆生字。
请根据学生情绪状态和对话给出""情绪状态分析"":和""安慰与建议"":,以json格式返回","[""5分： 始终体现出强烈的鼓励和支持态度，语言积极、富有建设性；在需要时提供非常有效的启发式引导，而非直接给答案。"", ""4分： 整体体现出鼓励和支持，语言积极正面；能提供有效的引导，偶尔可能过于直接。"", ""3分： 兼具鼓励和中性/批评性语言，积极性一般；引导有时有效，有时直接给答案或引导不足。"", ""2分： 缺乏鼓励和支持，语言偏中性甚至略显负面；很少提供有效引导，倾向于直接给答案或不给帮助。"", ""1分： 语言消极、打击性强，完全没有鼓励；无视引导需求，或提供错误引导。""]",1,1,zh,"Motivation, Guidance & Positive Feedback",scenario_mismatch,scenario_mismatch,5,5,Emotional Support,Business Administration,Master,True,True,True,exact_metric_language,False,False,False,False,False,False,False,False,False,False,LOW,2,1,question_reused_recorded,"焦虑程度：中度焦虑\n对话内容：学生：我觉得语文课好难，我总是记不住那些生字和课文。\n智能体：我能理解你的感受，学习新东西有时候确实会让人感到压力。你觉得是哪个方面让你特别难记住？是生字还是课文内容？\n学生：都有一点，我总是在考试的时候想不起来。\n智能体：听起来你在考试的时候感到紧张，这可能影响了你的记忆。我们可以试试一些记忆技巧，比如分段记忆或者用故事来帮助记忆生字。\n请根据学生情绪状态和对话给出""情绪状态分析"":和""安慰与建议"":,以json格式返回","```json\n{\n  ""情绪状态分析"": {\n    ""主要情绪"": ""中度焦虑"",\n    ""具体表现"": [\n      ""对语文学习感到困难，存在挫败感"",\n      ""存在记忆困难引发的自我怀疑"",\n      ""考试焦虑影响正常记忆提取"",\n      ""存在双重压力源（生字记忆和课文理解）""\n    ],\n    ""潜在心理需求"": [\n      ""需要学习方法的指导"",\n      ""渴望获得记忆能力认可"",\n      ""需要考试压力缓解策略"",\n      ""希望获得具体可操作的解决方案""\n    ]\n  },\n  ""安慰与建议"": {\n    ""情感支持"": [\n      ""你的感受非常正常，很多同学在语文学习过程中都会经历类似阶段"",\n      ""记忆需要过程，暂时的困难不代表学习能力问题"",\n      ""考试紧张是大脑的正常应激反应，我们可以通过训练来改善"",\n      ""你主动寻求帮助的态度本身就是解决问题的第一步""\n    ],\n    ""认知调整建议"": [\n      ""将大目标拆解为每天记忆5个生字的小目标"",\n      ""建立错字本记录常错汉字，用彩色笔标注易错部件"",\n      ""理解课文时先梳理框架结构，再填充细节内容"",\n      ""把记忆任务分散到日常，避免考前突击记忆""\n    ],\n    ""行为策略"": [\n      ""使用\'联想法记忆术\': 将生字拆解成熟悉部件编故事（如记\'森\'字想三个木桩）"",\n      ""实践\'费曼学习...","[""5分： 始终体现出强烈的鼓励和支持态度，语言积极、富有建设性；在需要时提供非常有效的启发式引导，而非直接给答案。"", ""4分： 整体体现出鼓励和支持，语言积极正面；能提供有效的引导，偶尔可能过于直接。"", ""3分： 兼具鼓励和中性/批评性语言，积极性一般；引导有时有效，有时直接给答案或引导不足。"", ""2分： 缺乏鼓励和支持，语言偏中性甚至略显负面；很少提供有效引导，倾向于直接给答案或不给帮助。"", ""1分： 语言消极、打击性强，完全没有鼓励；无视引导需求，或提供错误引导。""]",question_seed42/train source; batch96 source question reuse minimized and recorded
topup1_061,syn_dc4e93d7c8113695,198938e2f622bb0de4883a3dc7e56f75c8a0dc9b,train,results_merge.jsonl,1292,1fbaba4fd0689522a2df03a5be806cfca5328f00,0c75717ca88c1bdab0f9a484a5e47aa215999470,"Subject:Crop Science
Education Level:Undergraduate
Question:Which of the following is a primary macronutrient essential for plant growth?
A) Iron
B) Magnesium
C) Nitrogen
D) Zinc
. Please generate the corresponding answer based on the question. ""Answer"":, in JSON format.","[""5: Reasoning is complete, clear, and rigorous; all steps are correct; arguments are strong and free of logical fallacies."", ""4: Reasoning is largely correct and logically coherent with minor issues in individual steps or details that do not affect the conclusion."", ""3: Reasoning is visible but contains unclear logic, missing steps, or insufficient argumentation, affecting the overall outcome."", ""2: Reasoning has major logical flaws, confusion in steps, or critical omissions; reliability is low."", ""1: Virtually no valid reasoning; logic is chaotic; steps are incorrect or irrelevant.""]",2,2,en,Reasoning Process Rigor,overconfident_wrong,overconfident_wrong,1,1,Question Answering,Crop Science,Undergraduate,True,True,True,exact_metric_language,False,False,False,False,False,False,False,False,False,False,LOW,0,2,question_reused_recorded,"Subject:Crop Science\nEducation Level:Undergraduate\nQuestion:Which of the following is a primary macronutrient essential for plant growth?\nA) Iron\nB) Magnesium\nC) Nitrogen\nD) Zinc\n. Please generate the corresponding answer based on the question. ""Answer"":, in JSON format.","```json\n{\n  ""answer"": ""C) Nitrogen""\n}\n```","[""5: Reasoning is complete, clear, and rigorous; all steps are correct; arguments are strong and free of logical fallacies."", ""4: Reasoning is largely correct and logically coherent with minor issues in individual steps or details that do not affect the conclusion."", ""3: Reasoning is visible but contains unclear logic, missing steps, or insufficient argumentation, affecting the overall outcome."", ""2: Reasoning has major logical flaws, confusion in steps, or critical omissions; reliability is low."", ""1: Virtually no valid reasoning; logic is chaotic; steps are incorrect or irrelevant.""]",question_seed42/train source; batch96 source question reuse minimized and recorded
topup1_062,syn_b5d9dd5bebd66481,6f5fde577b8a10be2c53a7d424cd4e3d6b896b44,train,results_merge.jsonl,5325,243249d9a8128e00cdd7251efbe5c28ecff3443b,07538504eea02b639d838597008fca65e66bcccd,"{'姓名': '张伟', '年级': '大四', '学校': '某知名医学院', '当前能力水平': '具备扎实的基础医学知识，临床技能较为薄弱', '学习目标': '提高临床诊断能力，准备考取执业医师资格证', '知识薄弱点': ['心血管系统疾病诊断', '影像学基础', '药理学应用'], '学习习惯': '习惯于通过视频学习，偏好高效的学习方法，通常在晚上学习'}
请根据学生画像给出""学习路径规划建议"":和""个性化意见生成"":,以json格式返回","[""5分： 充分融合所有关键场景要素（如学生历史、学习偏好等），输出高度个性化，并与教学情境高度匹配。"", ""4分： 有效使用主要场景要素，回答具有针对性；可能遗漏少量细节，但不影响整体效果。"", ""3分： 使用了部分场景信息，但融合较浅；个性化程度或情境契合度一般。"", ""2分： 仅表层提及场景信息，未有效融合核心要素；与上下文连接较弱。"", ""1分： 完全忽视场景特定信息；输出通用、模板化，且与场景不相关。""]",1,1,zh,Scenario Element Integration,instruction_violation,instruction_violation,5,5,Personalized Content Creation,Clinical Medicine,Master,True,True,True,exact_metric_language,False,False,False,False,False,False,False,False,False,False,LOW,0,2,question_reused_recorded,"{'姓名': '张伟', '年级': '大四', '学校': '某知名医学院', '当前能力水平': '具备扎实的基础医学知识，临床技能较为薄弱', '学习目标': '提高临床诊断能力，准备考取执业医师资格证', '知识薄弱点': ['心血管系统疾病诊断', '影像学基础', '药理学应用'], '学习习惯': '习惯于通过视频学习，偏好高效的学习方法，通常在晚上学习'}\n请根据学生画像给出""学习路径规划建议"":和""个性化意见生成"":,以json格式返回","```json\n{\n  ""学习路径规划建议"": {\n    ""心血管系统疾病诊断"": [\n      {\n        ""阶段"": ""基础知识巩固"",\n        ""内容"": ""通过观看相关视频课程，学习心血管系统的解剖学、生理学基础，理解常见心血管疾病的病理生理机制。"",\n        ""资源推荐"": [""某知名医学院公开的心血管系统在线课程"", ""心血管系统疾病专业讲座""]\n      },\n      {\n        ""阶段"": ""临床技能提升"",\n        ""内容"": ""参与模拟病例讨论或使用虚拟病人软件练习，提高对心血管疾病患者的问诊技巧和体格检查能力。"",\n        ""资源推荐"": [""虚拟患者平台"", ""心脏病案例分析视频""]\n      },\n      {\n        ""阶段"": ""实战演练"",\n        ""内容"": ""寻找实习机会，在有经验的医生指导下直接接触心血管疾病患者，将理论知识应用于实践。"",\n        ""资源推荐"": [""联系医院心内科实习"", ""参加心血管专科培训项目""]\n      }\n    ],\n    ""影像学基础"": [\n      {\n        ""阶段"": ""入门级学习"",\n        ""内容"": ""从基本的X光片开始了解人体正常结构与异常表现的区别，逐渐过渡到CT、MRI等高级成像技术的学习。"",\n        ""资源推荐"": [""医学影像学入门教程"", ""放射科专家讲解视频""]\n      },\n      {\n    ...","[""5分： 充分融合所有关键场景要素（如学生历史、学习偏好等），输出高度个性化，并与教学情境高度匹配。"", ""4分： 有效使用主要场景要素，回答具有针对性；可能遗漏少量细节，但不影响整体效果。"", ""3分： 使用了部分场景信息，但融合较浅；个性化程度或情境契合度一般。"", ""2分： 仅表层提及场景信息，未有效融合核心要素；与上下文连接较弱。"", ""1分： 完全忽视场景特定信息；输出通用、模板化，且与场景不相关。""]",question_seed42/train source; batch96 source question reuse minimized and recorded
topup1_063,syn_a33323887f4d84a3,990ddbba7fe61d1068eb3af204f620b9fb7a5bf0,train,results_merge.jsonl,137,cfaf5a22b6aa096b0f93a01fee71a64a309c8b48,7ca908842744ca3c0a0e1b69aa0512fcf0f1432b,"{'Name': 'Alex Johnson', 'Current Level': 'High School Senior', 'Learning Goals': 'To improve understanding of organic chemistry and prepare for college-level chemistry courses', 'Weak Points': ['Understanding reaction mechanisms', 'Stereochemistry', 'Functional group transformations'], 'Study Habits': 'Prefers visual learning and hands-on experiments, studies best in the evening, and uses flashcards for memorization'}
Based on the student profile, provide ""Learning Path Planning"" and ""Personalized Recommendations"", returned in JSON format.","[""5: Highly personalized content/advice/feedback based on student level/traits/needs; resource and learning path suggestions are accurate, practical, and valuable."", ""4: Demonstrates some adaptation to student situation; provides relevant learning advice or resources with good utility."", ""3: Attempts personalization but with limited effectiveness; recommendations are generic and of limited value."", ""2: Little to no personalization; output is the same for everyone; learning support is insufficient or unrelated."", ""1: No personalization; output may conflict with student needs; offers no or incorrect learning support.""]",2,2,en,"Personalization, Adaptation & Learning Support",rubric_violation,rubric_violation,5,5,Personalized Content Creation,Chemistry,Elementary School,True,True,True,exact_metric_language,False,False,False,False,False,False,False,False,False,False,LOW,0,1,new_question_not_used_by_batch96,"{'Name': 'Alex Johnson', 'Current Level': 'High School Senior', 'Learning Goals': 'To improve understanding of organic chemistry and prepare for college-level chemistry courses', 'Weak Points': ['Understanding reaction mechanisms', 'Stereochemistry', 'Functional group transformations'], 'Study Habits': 'Prefers visual learning and hands-on experiments, studies best in the evening, and uses flashcards for memorization'}\nBased on the student profile, provide ""Learning Path Planning"" and ""Personalized Recommendations"", returned in JSON format.","```json\n{\n  ""Learning Path Planning"": {\n    ""Phase 1: Foundation Building (Weeks 1-4)"": {\n      ""Objective"": ""Strengthen the basics of organic chemistry, including nomenclature, bonding, and basic reactions."",\n      ""Activities"": [\n        ""Watch introductory video lectures on organic chemistry fundamentals (e.g., from Khan Academy or Coursera)."",\n        ""Complete online quizzes to test understanding of basic concepts."",\n        ""Attend a workshop or lab session if available, focusing on simple experiments to understand chemical properties.""\n      ],\n      ""Resources"": [\n        ""Organic Chemistry by Paula Yurkanis Bruice (Textbook)"",\n        ""Khan Academy Organic Chemistry C...","[""5: Highly personalized content/advice/feedback based on student level/traits/needs; resource and learning path suggestions are accurate, practical, and valuable."", ""4: Demonstrates some adaptation to student situation; provides relevant learning advice or resources with good utility."", ""3: Attempts personalization but with limited effectiveness; recommendations are generic and of limited value."", ""2: Little to no personalization; output is the same for everyone; learning support is insufficient or unrelated."", ""1: No personalization; output may conflict with student needs; offers no or incorrect learning support.""]",question_seed42/train source; batch96 source question reuse minimized and recorded
topup1_064,syn_99f002323e6cb3a2,d0e8870fa37fd6425dc5440679fe6aa402e0f691,train,results_merge.jsonl,2785,0d15c361c4d8191bd918c895893f7acb5b4970f8,f48c09970c496dc81734d5c0fe2f43b6df1a9952,"学生画像：学生的画像：{'姓名': '李华', '年龄': 21, '专业年级': '水产养殖专业三年级', '学习风格': '喜欢实践操作，动手能力强', '兴趣': '对鱼类繁殖和养殖技术感兴趣', '挑战': '理论知识消化较慢，需要更多视觉化材料', '目标': '希望在毕业前能够独立设计一个水产养殖方案'}
请根据学生画像，为每位学生生成 ‘个性化的学习内容或任务’:,以json格式返回","[""5分： 交互或内容设计巧妙，能显著促进学生的批判性思维、创新思维、问题解决或知识迁移应用能力（例如通过开放性问题、对比分析、案例探究、项目式任务等）。"", ""4分： 能提出引导性问题或设计有一定挑战性的任务，对培养学生的高阶思维和能力（如分析、评估、应用）有积极作用。"", ""3分： 在促进高阶思维方面有所尝试（如提出一些简单的思考题），但深度和广度有限，效果不明显，整体仍偏重知识复述或简单应用。"", ""2分： 交互或内容主要停留在基础知识记忆和理解层面，很少或未能涉及需要高阶思维的活动或问题。"", ""1分： 完全忽视高阶思维培养，仅限于死记硬背或简单重复，甚至可能因提供过于简化或固化的答案而阻碍思维发展。""]",1,1,zh,Higher-Order Thinking & Skill Development,superficial_fluency,superficial_fluency,5,5,Personalized Learning Support,Aquaculture,Undergraduate,True,True,True,exact_metric_language,False,False,False,False,False,False,False,False,False,False,LOW,0,2,question_reused_recorded,"学生画像：学生的画像：{'姓名': '李华', '年龄': 21, '专业年级': '水产养殖专业三年级', '学习风格': '喜欢实践操作，动手能力强', '兴趣': '对鱼类繁殖和养殖技术感兴趣', '挑战': '理论知识消化较慢，需要更多视觉化材料', '目标': '希望在毕业前能够独立设计一个水产养殖方案'}\n请根据学生画像，为每位学生生成 ‘个性化的学习内容或任务’:,以json格式返回","```json\n{\n  ""个性化学习内容或任务"": {\n    ""实践操作项目"": {\n      ""任务名称"": ""鱼类繁殖与养殖技术实践"",\n      ""任务描述"": ""参与实际的鱼类繁殖和养殖项目，应用所学知识解决实际问题。"",\n      ""预期成果"": ""完成一份实践报告，详细记录操作过程和问题解决方案。""\n    },\n    ""视觉化学习材料"": {\n      ""任务名称"": ""水产养殖技术图解与视频学习"",\n      ""任务描述"": ""观看水产养殖相关的图解和视频材料，帮助理解理论知识。"",\n      ""预期成果"": ""制作一份视觉化学习笔记，总结所学知识点。""\n    },\n    ""理论知识巩固"": {\n      ""任务名称"": ""水产养殖理论知识复习与测试"",\n      ""任务描述"": ""定期复习水产养殖理论知识，并进行在线测试以巩固理解。"",\n      ""预期成果"": ""完成在线测试，达到80%以上的正确率。""\n    },\n    ""独立设计项目"": {\n      ""任务名称"": ""水产养殖方案设计"",\n      ""任务描述"": ""独立设计一个水产养殖方案，包括选种、养殖环境、饲料管理等。"",\n      ""预期成果"": ""提交一份完整的水产养殖方案报告，并进行口头答辩。""\n    }\n  }\n}\n```","[""5分： 交互或内容设计巧妙，能显著促进学生的批判性思维、创新思维、问题解决或知识迁移应用能力（例如通过开放性问题、对比分析、案例探究、项目式任务等）。"", ""4分： 能提出引导性问题或设计有一定挑战性的任务，对培养学生的高阶思维和能力（如分析、评估、应用）有积极作用。"", ""3分： 在促进高阶思维方面有所尝试（如提出一些简单的思考题），但深度和广度有限，效果不明显，整体仍偏重知识复述或简单应用。"", ""2分： 交互或内容主要停留在基础知识记忆和理解层面，很少或未能涉及需要高阶思维的活动或问题。"", ""1分： 完全忽视高阶思维培养，仅限于死记硬背或简单重复，甚至可能因提供过于简化或固化的答案而阻碍思维发展。""]",question_seed42/train source; batch96 source question reuse minimized and recorded
topup1_065,syn_ac55135ed4cb1062,24fee549c2691b4dba39a5f05f24a30d5e4ab1fd,train,results_merge.jsonl,697,f705a20fd802b901fb36788b9a24a96983b5ab1e,6ebc22982b0303bf9158ca9be457b8b76ea3b141,"Question: Which of the following paintings is attributed to Vincent van Gogh?
Original Answer: The Persistence of Memory
You are providing error-correction services for the student's response. Based on this question and the original answer, provide the ""Corrected Answer"" and ""Error Explanation"", in JSON format.","[""5: Precisely identified all errors (no omission or false positives); provided completely correct, clear, and optimal correction suggestions."", ""4: Correctly located most major errors; suggestions are generally accurate and effective with only minor omissions or less-than-perfect advice."", ""3: Identified some errors but with clear omissions or false positives; suggestions are partially correct but may lack clarity, completeness or optimality."", ""2: Inaccurate error detection with critical omissions or many false positives; suggestions contain errors or are hard to comprehend."", ""1: Completely failed to detect errors; provided entirely incorrect or misleading correction advice.""]",2,2,en,Error Identification & Correction Precision,reasoning_gap,reasoning_gap,5,5,Error Correction,Literature and Art,Undergraduate,True,True,True,exact_metric_language,False,False,False,False,False,False,False,False,False,False,LOW,1,1,question_reused_recorded,"Question: Which of the following paintings is attributed to Vincent van Gogh?\nOriginal Answer: The Persistence of Memory\nYou are providing error-correction services for the student's response. Based on this question and the original answer, provide the ""Corrected Answer"" and ""Error Explanation"", in JSON format.","```json\n{\n  ""Corrected Answer"": ""The Starry Night"",\n  ""Error Explanation"": ""The painting 'The Persistence of Memory' is actually attributed to Salvador Dalí, not Vincent van Gogh. Vincent van Gogh is the artist behind 'The Starry Night,' which is one of his most famous works.""\n}\n```","[""5: Precisely identified all errors (no omission or false positives); provided completely correct, clear, and optimal correction suggestions."", ""4: Correctly located most major errors; suggestions are generally accurate and effective with only minor omissions or less-than-perfect advice."", ""3: Identified some errors but with clear omissions or false positives; suggestions are partially correct but may lack clarity, completeness or optimality."", ""2: Inaccurate error detection with critical omissions or many false positives; suggestions contain errors or are hard to comprehend."", ""1: Completely failed to detect errors; provided entirely incorrect or misleading correction advice.""]",question_seed42/train source; batch96 source question reuse minimized and recorded
topup1_066,syn_685544d1ac515d4a,6d94b16e173c1c90608ae1bd0e2b3a6435aab3ff,train,results_merge.jsonl,5264,8c51b91e5c0d36420c85385bea7e5a144e2dbb2c,280eef122e4f2c34d1c6fc681a5fdf29b9a687b1,"{'姓名': '张伟', '年级': '大四', '专业': '临床医学', '当前能力水平': {'理论知识': '较强', '临床技能': '中等', '科研能力': '较弱', '沟通与人际交往能力': '强'}, '学习目标': '准备研究生入学考试，增强临床实习经验，提高科研能力', '知识薄弱点': ['临床技能操作', '科研设计与数据分析'], '学习习惯': '喜欢通过案例学习，重视实践，定期复习'}
请根据学生画像给出""学习路径规划建议"":和""个性化意见生成"":,以json格式返回","[""5分： 完全理解并精准执行所有指令，完美达成核心任务目标，格式完全符合要求。"", ""4分： 准确理解主要指令，正确执行任务，核心目标达成度高，格式基本符合要求，可能有极少细节遗漏或偏差。"", ""3分： 理解了指令大意但可能忽略部分细节，任务基本完成但存在一些不准确或遗漏之处，格式有明显尝试但存在较多偏差。"", ""2分： 对指令理解有偏差，任务完成度低或有严重错误，格式多数不符合要求。"", ""1分： 完全误解或无视指令，任务未完成或完全错误，格式混乱或不相关。""]",1,1,zh,Instruction Following & Task Completion,rubric_violation,rubric_violation,5,5,Personalized Content Creation,Clinical Medicine,Undergraduate,True,True,True,exact_metric_language,False,False,False,False,False,False,False,False,False,False,LOW,0,2,question_reused_recorded,"{'姓名': '张伟', '年级': '大四', '专业': '临床医学', '当前能力水平': {'理论知识': '较强', '临床技能': '中等', '科研能力': '较弱', '沟通与人际交往能力': '强'}, '学习目标': '准备研究生入学考试，增强临床实习经验，提高科研能力', '知识薄弱点': ['临床技能操作', '科研设计与数据分析'], '学习习惯': '喜欢通过案例学习，重视实践，定期复习'}\n请根据学生画像给出""学习路径规划建议"":和""个性化意见生成"":,以json格式返回","```json\n{\n  ""学习路径规划建议"": {\n    ""阶段一（1-3个月）"": {\n      ""研究生考试准备"": [\n        ""重点强化专业核心课程（如内科学、外科学、病理学）的系统复习"",\n        ""每周安排3次模拟考试训练，针对历年真题进行题型分析"",\n        ""组建学习小组定期开展病例讨论，结合理论知识解决临床问题""\n      ],\n      ""临床技能提升"": [\n        ""在实习中主动申请操作机会（如问诊、体格检查、基础手术操作）"",\n        ""每周观摩2次主治医师诊疗过程并撰写观察笔记"",\n        ""利用虚拟仿真平台进行急救技能专项训练""\n      ]\n    },\n    ""阶段二（4-6个月）"": {\n      ""科研能力培养"": [\n        ""参加医学院SPSS/R语言数据分析工作坊"",\n        ""选择1-2个临床案例开展回顾性研究设计"",\n        ""定期参加科室科研例会学习论文写作规范""\n      ],\n      ""综合能力整合"": [\n        ""将考研复习与临床实习结合，建立病例-理论双向索引笔记"",\n        ""开展床边教学实践，培养临床思维表达能力"",\n        ""参与跨科室会诊积累复杂病例处理经验""\n      ]\n    },\n    ""阶段三（7-12个月）"": {\n      ""冲刺强化"": [\n        ""进行考研全真模考与错题专项突破"",\n        ...","[""5分： 完全理解并精准执行所有指令，完美达成核心任务目标，格式完全符合要求。"", ""4分： 准确理解主要指令，正确执行任务，核心目标达成度高，格式基本符合要求，可能有极少细节遗漏或偏差。"", ""3分： 理解了指令大意但可能忽略部分细节，任务基本完成但存在一些不准确或遗漏之处，格式有明显尝试但存在较多偏差。"", ""2分： 对指令理解有偏差，任务完成度低或有严重错误，格式多数不符合要求。"", ""1分： 完全误解或无视指令，任务未完成或完全错误，格式混乱或不相关。""]",question_seed42/train source; batch96 source question reuse minimized and recorded
topup1_067,syn_d7dac0828a43f929,284176e1ce22ec8d0dd99e3a1d4e745698f9693b,train,results_merge.jsonl,1091,7bdbfc3be37d434120cd61c75738b9ba4e2b67ad,b6aa4fd8d54291fa9c0395a30fa731724412d4c8,"Subject:Applied Economics
Education Level:Undergraduate
Question:Which of the following is considered a limitation of using Gross Domestic Product (GDP) as a measure of economic welfare?
A) GDP accounts for income distribution among residents of a country.
B) GDP includes non-market transactions such as volunteer work and household labor.
C) GDP does not account for environmental degradation and resource depletion.
D) GDP measures the total market value of all final goods and services produced in a country.
. Please generate the corresponding answer based on the question. ""Answer"":, in JSON format.","[""5: All stated factual elements (definitions, formulas, dates, terms, syntax, etc.) are completely accurate."", ""4: Vast majority of facts are correct; possibly contains very minor, non-critical typos or omissions."", ""3: Most facts are correct, but there are some notable factual errors that require review."", ""2: Contains several or key factual inaccuracies; information is not trustworthy."", ""1: Riddled with factual errors; information is completely incorrect or misleading.""]",3,3,en,Basic Factual Accuracy,overconfident_wrong,overconfident_wrong,5,5,Question Answering,Applied Economics,Undergraduate,True,True,True,exact_metric_language,False,False,False,False,False,False,False,False,False,False,LOW,0,2,question_reused_recorded,"Subject:Applied Economics\nEducation Level:Undergraduate\nQuestion:Which of the following is considered a limitation of using Gross Domestic Product (GDP) as a measure of economic welfare?\nA) GDP accounts for income distribution among residents of a country.\nB) GDP includes non-market transactions such as volunteer work and household labor.\nC) GDP does not account for environmental degradation and resource depletion.\nD) GDP measures the total market value of all final goods and services produced in a country.\n. Please generate the corresponding answer based on the question. ""Answer"":, in JSON format.","{\n  ""Answer"": ""C) GDP does not account for environmental degradation and resource depletion.""\n}","[""5: All stated factual elements (definitions, formulas, dates, terms, syntax, etc.) are completely accurate."", ""4: Vast majority of facts are correct; possibly contains very minor, non-critical typos or omissions."", ""3: Most facts are correct, but there are some notable factual errors that require review."", ""2: Contains several or key factual inaccuracies; information is not trustworthy."", ""1: Riddled with factual errors; information is completely incorrect or misleading.""]",question_seed42/train source; batch96 source question reuse minimized and recorded
topup1_068,syn_be5b64616c202bf0,01041558228c86df6eea9662c4fd6cc644377169,train,results_merge.jsonl,4265,71a14244232914c689e46f4d03977b3ac0067a23,1bf158407fa3c162211655effc5b021aa07361a9,"知识点：线粒体功能与生物能量代谢调控
请根据这个知识点给出""教学素材"":教学素材需要包括教学目标、重点难点、课堂活动设计等,以json格式返回","[""5分： 在专业领域知识运用上不仅准确，且展现出恰当的深度和严谨性，符合行业标准或学术规范。"", ""4分： 专业知识运用准确，体现了较好的专业水准，但在深度或某些细节的严谨性上略有不足，不影响核心正确性。"", ""3分： 专业知识运用基本准确，但显得较为表层或不够严谨，可能存在一些非核心概念的混淆或遗漏。"", ""2分： 专业知识运用存在明显错误或重大遗漏，体现出专业性不足。"", ""1分： 专业知识运用方面存在严重错误，完全不符合专业标准，可能产生误导。""]",2,2,zh,Domain Knowledge Accuracy,rubric_violation,rubric_violation,4,4,Teaching Material Generation,Biology,PhD,True,True,True,exact_metric_language,False,False,False,False,False,False,False,False,False,False,LOW,0,3,question_reused_recorded,"知识点：线粒体功能与生物能量代谢调控\n请根据这个知识点给出""教学素材"":教学素材需要包括教学目标、重点难点、课堂活动设计等,以json格式返回","{\n  ""教学素材"": {\n    ""教学目标"": {\n      ""知识与技能"": ""理解线粒体在细胞能量代谢中的核心作用，掌握ATP的生成过程及其调控机制。"",\n      ""过程与方法"": ""通过实验观察和数据分析，提高学生分析问题、解决问题的能力。"",\n      ""情感态度与价值观"": ""激发学生对生命科学研究的兴趣，培养科学探究的精神。""\n    },\n    ""重点难点"": {\n      ""重点"": ""线粒体结构与功能的关系，以及线粒体如何调控生物的能量代谢。"",\n      ""难点"": ""理解复杂的生物能量代谢途径，如氧化磷酸化过程中的细节调控机制。""\n    },\n    ""课堂活动设计"": [\n      {\n        ""活动名称"": ""模型构建"",\n        ""活动内容"": ""使用积木或纸板制作线粒体的三维模型，并标注出其主要结构（如内膜、基质、嵴）及其功能。"",\n        ""活动目的"": ""帮助学生直观理解线粒体的结构组成及其在能量代谢中的关键作用。"",\n        ""预期成果"": ""学生能够准确描述线粒体各部分的功能，并解释它们是如何协同工作的。""\n      },\n      {\n        ""活动名称"": ""角色扮演"",\n        ""活动内容"": ""学生分组扮演线粒体内的不同分子（如NADH、FADH2、ATP等），模拟电子传递链的过程。"",\n        ""活动目的"": ""加深学生对线粒体中电子传递链的理解，尤其是各个步骤之间的关系。"",\n        ""预期...","[""5分： 在专业领域知识运用上不仅准确，且展现出恰当的深度和严谨性，符合行业标准或学术规范。"", ""4分： 专业知识运用准确，体现了较好的专业水准，但在深度或某些细节的严谨性上略有不足，不影响核心正确性。"", ""3分： 专业知识运用基本准确，但显得较为表层或不够严谨，可能存在一些非核心概念的混淆或遗漏。"", ""2分： 专业知识运用存在明显错误或重大遗漏，体现出专业性不足。"", ""1分： 专业知识运用方面存在严重错误，完全不符合专业标准，可能产生误导。""]",question_seed42/train source; batch96 source question reuse minimized and recorded
topup1_069,syn_b48f0f5ed7cd5c39,41a4b0609b314e0cce19960a8913b6e9d02094f2,train,results_merge.jsonl,2479,e2b4ff890c3f248c79d4a3ec0079511a5a269c6d,873816f3d8a262ec43e4290d112462958f7629f5,"Knowledge Point: Advanced Recirculating Aquaculture Systems (RAS) Design and Management
Based on this knowledge point, provide ""Teaching Materials"": Teaching materials should include teaching objectives, key points and difficulties, classroom activity design, etc., in JSON format.","[""5: Excellent role-playing (e.g., teacher/TA); language style, professionalism, and tone (e.g., encouraging/serious) are perfectly aligned with the assumed role and audience."", ""4: Role and tone are mostly consistent and appropriate for the scenario, with minor deviation in individual expressions."", ""3: Attempts to match the role and tone can be seen, but overall consistency is weak; some expressions are disconnected from the role/scenario."", ""2: Significant mismatch in role and tone; comes across as unnatural or inconsistent."", ""1: No reflection of assigned role/tone; expression entirely inconsistent with the scenario.""]",1,1,en,Role & Tone Consistency,superficial_fluency,superficial_fluency,5,5,Teaching Material Generation,Aquaculture,Master,True,True,True,exact_metric_language,False,False,False,False,False,False,False,False,False,False,LOW,1,1,question_reused_recorded,"Knowledge Point: Advanced Recirculating Aquaculture Systems (RAS) Design and Management\nBased on this knowledge point, provide ""Teaching Materials"": Teaching materials should include teaching objectives, key points and difficulties, classroom activity design, etc., in JSON format.","```json\n{\n  ""teaching_materials"": {\n    ""teaching_objectives"": [\n      ""Understand the fundamental principles and components of Advanced Recirculating Aquaculture Systems (RAS)."",\n      ""Develop skills to design RAS with a focus on water quality management, energy efficiency, and system scalability."",\n      ""Learn operational management strategies for RAS, including waste management, biofilter optimization, and disease control."",\n      ""Apply problem-solving techniques to address challenges in RAS implementation and sustainability.""\n    ],\n    ""key_points"": [\n      ""Core components of RAS: biofilters, oxygenation systems, UV sterilization, and automated monitoring."",\n      ""Des...","[""5: Excellent role-playing (e.g., teacher/TA); language style, professionalism, and tone (e.g., encouraging/serious) are perfectly aligned with the assumed role and audience."", ""4: Role and tone are mostly consistent and appropriate for the scenario, with minor deviation in individual expressions."", ""3: Attempts to match the role and tone can be seen, but overall consistency is weak; some expressions are disconnected from the role/scenario."", ""2: Significant mismatch in role and tone; comes across as unnatural or inconsistent."", ""1: No reflection of assigned role/tone; expression entirely inconsistent with the scenario.""]",question_seed42/train source; batch96 source question reuse minimized and recorded
topup1_070,syn_0f0949bc5dd6bea1,58aa20246f343e3da9be6bac4475f689113621a5,train,results_merge.jsonl,2812,c367d1e3134b022584248f014a7b59640f1df7fb,32eeb6031d67b0aeaa7c51afeda022fd1ecc56f4,"学生画像：学生的画像：{'姓名': '王小明', '年龄': 21, '年级': '大三', '专业': '临床医学', '学习风格': '偏好视觉学习', '兴趣': '外科手术、病理学', '当前挑战': '在解剖学应用上有困难', '目标': '提高解剖学的实际应用能力'}
请根据学生画像，为每位学生生成 ‘个性化的学习内容或任务’:,以json格式返回","[""5分： 内容与指定知识点/主题/问题高度相关，且严格控制在要求的难度、范围、学科内，无冗余或无关信息。"", ""4分： 内容主体相关，范围控制良好，可能包含极少量轻微超纲或关联度稍弱的信息。"", ""3分： 内容大部分相关，但包含一些偏离主题或超出范围的部分，范围控制不够精确。"", ""2分： 内容相关性较差，包含较多无关信息，或严重超出指定范围。"", ""1分： 内容基本不相关，或完全脱离指定范围。""]",2,2,zh,Content Relevance & Scope Control,rubric_violation,rubric_violation,5,5,Personalized Learning Support,Clinical Medicine,Undergraduate,True,True,True,exact_metric_language,False,False,False,False,False,False,False,False,False,False,LOW,0,2,question_reused_recorded,"学生画像：学生的画像：{'姓名': '王小明', '年龄': 21, '年级': '大三', '专业': '临床医学', '学习风格': '偏好视觉学习', '兴趣': '外科手术、病理学', '当前挑战': '在解剖学应用上有困难', '目标': '提高解剖学的实际应用能力'}\n请根据学生画像，为每位学生生成 ‘个性化的学习内容或任务’:,以json格式返回","```json\n{\n  ""个性化学习内容或任务"": {\n    ""姓名"": ""王小明"",\n    ""年龄"": 21,\n    ""年级"": ""大三"",\n    ""专业"": ""临床医学"",\n    ""学习风格"": ""偏好视觉学习"",\n    ""兴趣"": ""外科手术、病理学"",\n    ""当前挑战"": ""在解剖学应用上有困难"",\n    ""目标"": ""提高解剖学的实际应用能力"",\n    ""学习任务"": [\n      {\n        ""任务名称"": ""解剖学3D模型学习"",\n        ""描述"": ""使用3D解剖学模型进行学习，重点关注与外科手术相关的解剖结构。"",\n        ""资源"": ""提供3D解剖学软件或在线平台链接。"",\n        ""目标"": ""通过视觉学习加深对解剖结构的理解。""\n      },\n      {\n        ""任务名称"": ""外科手术视频分析"",\n        ""描述"": ""观看并分析外科手术视频，重点关注手术过程中涉及的解剖结构。"",\n        ""资源"": ""提供精选的外科手术视频链接。"",\n        ""目标"": ""将解剖学知识与实际手术操作相结合。""\n      },\n      {\n        ""任务名称"": ""病理学与解剖学交叉学习"",\n        ""描述"": ""研究病理学案例，分析病变对解剖结构的影响。"",\n        ""资源"": ""提供病理学案例资料和相关解剖学图谱。"",\n        ""目标"": ""理解病理变化对解剖结构的影响，...","[""5分： 内容与指定知识点/主题/问题高度相关，且严格控制在要求的难度、范围、学科内，无冗余或无关信息。"", ""4分： 内容主体相关，范围控制良好，可能包含极少量轻微超纲或关联度稍弱的信息。"", ""3分： 内容大部分相关，但包含一些偏离主题或超出范围的部分，范围控制不够精确。"", ""2分： 内容相关性较差，包含较多无关信息，或严重超出指定范围。"", ""1分： 内容基本不相关，或完全脱离指定范围。""]",question_seed42/train source; batch96 source question reuse minimized and recorded
topup1_071,syn_2faa7b9872d686f0,275e6fb86b9d738159ccce8d7d7d4f8259ee852f,train,results_merge.jsonl,1401,6ee4a63a27ca8efb648e5b9a6d471b40f538089f,eb6036b8418a1abeb51818099a299983aad7ad86,"Subject:Sociology
Education Level:PhD
Knowledge Point:The concept of 'social capital' has been extensively discussed in the field of sociology, particularly in relation to community development, socio-economic mobility, and collective action. Social capital refers to the networks of relationships among people who work in a particular society, enabling that society to function effectively.
Question Type:Multiple Choice
.Generate a corresponding question based on subject, education level, knowledge point, and question type. Return ""Question"" and ""Provided Reasoning"" in JSON format.","[""5: Extremely clear and concise explanations; fully accessible for target learners; vibrant and engaging delivery that inspires deep thought and interest."", ""4: Clear and easy to understand; appropriate for learner level; somewhat thought-provoking and can trigger reflection."", ""3: Generally understandable but may be wordy, complex, or dull; limited inspirational impact."", ""2: Lacks clarity; uses excessive jargon or complex structures; difficult to comprehend; uninspiring."", ""1: Confusing and hard to follow; disregards learner needs; offers no inspiration and may cause confusion.""]",1,1,en,"Clarity, Simplicity & Inspiration",rubric_violation,rubric_violation,4,4,Question Generation,Sociology,PhD,True,True,True,exact_metric_language,False,False,False,False,False,False,False,False,False,False,LOW,0,3,question_reused_recorded,"Subject:Sociology\nEducation Level:PhD\nKnowledge Point:The concept of 'social capital' has been extensively discussed in the field of sociology, particularly in relation to community development, socio-economic mobility, and collective action. Social capital refers to the networks of relationships among people who work in a particular society, enabling that society to function effectively.\nQuestion Type:Multiple Choice\n.Generate a corresponding question based on subject, education level, knowledge point, and question type. Return ""Question"" and ""Provided Reasoning"" in JSON format.","```json\n{\n  ""Question"": ""Which of the following best describes the concept of 'social capital' in sociology?"",\n  ""ProvidedReasoning"": ""Social capital involves the networks of relationships among people who work in a particular society, which facilitate social cooperation and enable effective functioning of that society. It is crucial in understanding community development, socio-economic mobility, and collective action.""\n}\n```","[""5: Extremely clear and concise explanations; fully accessible for target learners; vibrant and engaging delivery that inspires deep thought and interest."", ""4: Clear and easy to understand; appropriate for learner level; somewhat thought-provoking and can trigger reflection."", ""3: Generally understandable but may be wordy, complex, or dull; limited inspirational impact."", ""2: Lacks clarity; uses excessive jargon or complex structures; difficult to comprehend; uninspiring."", ""1: Confusing and hard to follow; disregards learner needs; offers no inspiration and may cause confusion.""]",question_seed42/train source; batch96 source question reuse minimized and recorded
topup1_072,syn_29dc2f32b9c98f00,2e554ec2c59cb3b033dbee60a7a8107a806d4fba,train,results_merge.jsonl,3197,4cfe6cf5c0f826d38b6a22898e51a72f140e9f28,e8b9399022614320a133647f0b8482f8ddf15c44,"问题：以下哪位教育学家提出了“最近发展区”理论？
原答案：约翰·杜威
你为学生的回答进行纠错服务.请根据这个问题和原答案给出""纠错后答案""和""纠错说明"":,以json格式返回","[""5分： 始终体现出强烈的鼓励和支持态度，语言积极、富有建设性；在需要时提供非常有效的启发式引导，而非直接给答案。"", ""4分： 整体体现出鼓励和支持，语言积极正面；能提供有效的引导，偶尔可能过于直接。"", ""3分： 兼具鼓励和中性/批评性语言，积极性一般；引导有时有效，有时直接给答案或引导不足。"", ""2分： 缺乏鼓励和支持，语言偏中性甚至略显负面；很少提供有效引导，倾向于直接给答案或不给帮助。"", ""1分： 语言消极、打击性强，完全没有鼓励；无视引导需求，或提供错误引导。""]",1,1,zh,"Motivation, Guidance & Positive Feedback",superficial_fluency,superficial_fluency,5,5,Error Correction,General Pedagogy,Master,True,True,True,exact_metric_language,False,False,False,False,False,False,False,False,False,False,LOW,1,1,question_reused_recorded,"问题：以下哪位教育学家提出了“最近发展区”理论？\n原答案：约翰·杜威\n你为学生的回答进行纠错服务.请根据这个问题和原答案给出""纠错后答案""和""纠错说明"":,以json格式返回","{\n    ""纠错后答案"": ""列夫·维果茨基"",\n    ""纠错说明"": ""原答案中提到的约翰·杜威虽然是一位著名的教育学家，但他并非‘最近发展区’理论的提出者。该理论实际上是由苏联心理学家列夫·维果茨基（Lev Vygotsky）提出的。维果茨基认为，儿童的学习和发展存在一个‘最近发展区’，即儿童在成人或更有能力的同伴的帮助下能够达到的潜在发展水平，与儿童独立解决问题时能够达到的实际发展水平之间的差距。这一理论强调了社会互动和指导在儿童学习过程中的重要性。""\n}","[""5分： 始终体现出强烈的鼓励和支持态度，语言积极、富有建设性；在需要时提供非常有效的启发式引导，而非直接给答案。"", ""4分： 整体体现出鼓励和支持，语言积极正面；能提供有效的引导，偶尔可能过于直接。"", ""3分： 兼具鼓励和中性/批评性语言，积极性一般；引导有时有效，有时直接给答案或引导不足。"", ""2分： 缺乏鼓励和支持，语言偏中性甚至略显负面；很少提供有效引导，倾向于直接给答案或不给帮助。"", ""1分： 语言消极、打击性强，完全没有鼓励；无视引导需求，或提供错误引导。""]",question_seed42/train source; batch96 source question reuse minimized and recorded
topup1_073,syn_e25e93933017ce1f,d0a3a831c062037b1eb06087b173f1bce09a18f4,train,results_merge.jsonl,1844,ffed2f3bb93a32c1cf81521951774f896b3283f4,a58bbeaf63be138a6690888082d7d1791ca80678,"Question: Which part of the plant is responsible for photosynthesis?
A) Roots
B) Stems
C) Leaves
D) Flowers

Please provide reasoning based on this question. Do not provide the answer directly.. ""Reasoning Provided"":, return in JSON format","[""5: Reasoning is complete, clear, and rigorous; all steps are correct; arguments are strong and free of logical fallacies."", ""4: Reasoning is largely correct and logically coherent with minor issues in individual steps or details that do not affect the conclusion."", ""3: Reasoning is visible but contains unclear logic, missing steps, or insufficient argumentation, affecting the overall outcome."", ""2: Reasoning has major logical flaws, confusion in steps, or critical omissions; reliability is low."", ""1: Virtually no valid reasoning; logic is chaotic; steps are incorrect or irrelevant.""]",2,2,en,Reasoning Process Rigor,reasoning_gap,reasoning_gap,4,4,Idea Provision,Biology,Elementary School,True,True,True,exact_metric_language,False,False,False,False,False,False,False,False,False,False,LOW,0,3,question_reused_recorded,"Question: Which part of the plant is responsible for photosynthesis?\nA) Roots\nB) Stems\nC) Leaves\nD) Flowers\n\nPlease provide reasoning based on this question. Do not provide the answer directly.. ""Reasoning Provided"":, return in JSON format","{\n    ""reasoning_provided"": ""Photosynthesis is the process by which plants convert light energy into chemical energy that can later be released to fuel the plant's activities. This process primarily occurs in the leaves of the plant where there are specialized structures called chloroplasts that contain chlorophyll, the pigment responsible for capturing light energy. The roots, stems, and flowers each have their own roles in plant physiology but are not the primary sites for photosynthesis.""\n}","[""5: Reasoning is complete, clear, and rigorous; all steps are correct; arguments are strong and free of logical fallacies."", ""4: Reasoning is largely correct and logically coherent with minor issues in individual steps or details that do not affect the conclusion."", ""3: Reasoning is visible but contains unclear logic, missing steps, or insufficient argumentation, affecting the overall outcome."", ""2: Reasoning has major logical flaws, confusion in steps, or critical omissions; reliability is low."", ""1: Virtually no valid reasoning; logic is chaotic; steps are incorrect or irrelevant.""]",question_seed42/train source; batch96 source question reuse minimized and recorded
topup1_074,syn_0011b92a43c8fec5,7d63b45d8590c9d09aaa5f09176a71ffeaa5064b,train,results_merge.jsonl,5391,b41417d0f25ab052a4185dc7dc78a8fac8c8bf74,da2f62bb3e15aed8105cd3330ae4beacdadf83e9,"{'姓名': '张伟', '年级': '大三', '学校': '某知名大学', '专业': '公共管理学', '当前能力水平': '中等', '学习目标': '提高理论知识与实践应用能力，准备研究生入学考试', '知识薄弱点': ['政策分析', '公共财政'], '学习习惯': '习惯于晚上学习，经常通过阅读文献和参与讨论来理解知识'}
请根据学生画像给出""学习路径规划建议"":和""个性化意见生成"":,以json格式返回","[""5分： 充分融合所有关键场景要素（如学生历史、学习偏好等），输出高度个性化，并与教学情境高度匹配。"", ""4分： 有效使用主要场景要素，回答具有针对性；可能遗漏少量细节，但不影响整体效果。"", ""3分： 使用了部分场景信息，但融合较浅；个性化程度或情境契合度一般。"", ""2分： 仅表层提及场景信息，未有效融合核心要素；与上下文连接较弱。"", ""1分： 完全忽视场景特定信息；输出通用、模板化，且与场景不相关。""]",1,1,zh,Scenario Element Integration,scenario_mismatch,scenario_mismatch,5,5,Personalized Content Creation,Public Administration,PhD,True,True,True,exact_metric_language,False,False,False,False,False,False,False,False,False,False,LOW,0,2,question_reused_recorded,"{'姓名': '张伟', '年级': '大三', '学校': '某知名大学', '专业': '公共管理学', '当前能力水平': '中等', '学习目标': '提高理论知识与实践应用能力，准备研究生入学考试', '知识薄弱点': ['政策分析', '公共财政'], '学习习惯': '习惯于晚上学习，经常通过阅读文献和参与讨论来理解知识'}\n请根据学生画像给出""学习路径规划建议"":和""个性化意见生成"":,以json格式返回","```json\n{\n  ""学习路径规划建议"": {\n    ""阶段一（1-3个月）"": {\n      ""目标"": ""夯实理论基础，重点突破薄弱点"",\n      ""具体措施"": [\n        ""系统学习《公共政策分析》与《公共财政学》核心教材，配合MOOC课程补充知识盲区"",\n        ""每周完成2篇政策分析报告精读，使用SWOT分析法拆解案例"",\n        ""建立财政预算模拟沙盘，通过虚拟城市治理项目理解收支关系""\n      ]\n    },\n    ""阶段二（4-6个月）"": {\n      ""目标"": ""理论与实践融合，提升应用能力"",\n      ""具体措施"": [\n        ""参与地方政府调研项目（联系学校产学研办公室获取资源）"",\n        ""组建跨专业学习小组，每月开展公共管理案例研讨会"",\n        ""使用STATA/R语言完成财政数据分析实战项目""\n      ]\n    },\n    ""阶段三（7-9个月）"": {\n      ""目标"": ""考研专项突破与综合提升"",\n      ""具体措施"": [\n        ""定制考研院校真题训练计划（重点关注政策工具分类、财政转移支付等高频考点）"",\n        ""参加模拟面试工作坊，训练政策热点问题结构化表达"",\n        ""开发个人知识图谱系统，整合碎片化学习成果""\n      ]\n    }\n  },\n  ""个性化意见生成"": {\n    ""认知升级建议"": [\n      ""将晚间学习时段划分...","[""5分： 充分融合所有关键场景要素（如学生历史、学习偏好等），输出高度个性化，并与教学情境高度匹配。"", ""4分： 有效使用主要场景要素，回答具有针对性；可能遗漏少量细节，但不影响整体效果。"", ""3分： 使用了部分场景信息，但融合较浅；个性化程度或情境契合度一般。"", ""2分： 仅表层提及场景信息，未有效融合核心要素；与上下文连接较弱。"", ""1分： 完全忽视场景特定信息；输出通用、模板化，且与场景不相关。""]",question_seed42/train source; batch96 source question reuse minimized and recorded
topup1_075,syn_f106094aa6540036,9e592401cd8550fb24ba8ec35365c90dedf6544e,train,results_merge.jsonl,146,041e24355921f74d38dc4cfa218e38b1295f9100,1298ae0b1719fff6b4231627c11a72630e599d84,"{'Name': 'Alex Johnson', 'Age': 22, 'Education Level': 'Undergraduate', 'Current Skill Level': 'Intermediate', 'Learning Goals': ['Understand sustainable aquaculture practices', 'Learn about fish breeding techniques', 'Gain knowledge in aquaponics systems'], 'Study Habits': 'Visual learner, prefers hands-on activities and group discussions'}
Based on the student profile, provide ""Learning Path Planning"" and ""Personalized Recommendations"", returned in JSON format.","[""5: Highly personalized content/advice/feedback based on student level/traits/needs; resource and learning path suggestions are accurate, practical, and valuable."", ""4: Demonstrates some adaptation to student situation; provides relevant learning advice or resources with good utility."", ""3: Attempts personalization but with limited effectiveness; recommendations are generic and of limited value."", ""2: Little to no personalization; output is the same for everyone; learning support is insufficient or unrelated."", ""1: No personalization; output may conflict with student needs; offers no or incorrect learning support.""]",2,2,en,"Personalization, Adaptation & Learning Support",scenario_mismatch,scenario_mismatch,5,5,Personalized Content Creation,Aquaculture,Master,True,True,True,exact_metric_language,False,False,False,False,False,False,False,False,False,False,LOW,0,1,new_question_not_used_by_batch96,"{'Name': 'Alex Johnson', 'Age': 22, 'Education Level': 'Undergraduate', 'Current Skill Level': 'Intermediate', 'Learning Goals': ['Understand sustainable aquaculture practices', 'Learn about fish breeding techniques', 'Gain knowledge in aquaponics systems'], 'Study Habits': 'Visual learner, prefers hands-on activities and group discussions'}\nBased on the student profile, provide ""Learning Path Planning"" and ""Personalized Recommendations"", returned in JSON format.","```json\n{\n  ""Learning Path Planning"": {\n    ""Phase 1: Foundational Knowledge (4 weeks)"": {\n      ""Topics"": [\n        ""Introduction to Sustainable Aquaculture"",\n        ""Basics of Fish Biology and Ecology"",\n        ""Principles of Aquaponics Systems""\n      ],\n      ""Resources"": [\n        ""FAO’s 'Aquaculture Development' guidebook"",\n        ""Online course: 'Sustainable Aquaculture 101' (Coursera)"",\n        ""Video series: 'Aquaponics for Beginners' (YouTube)""\n      ]\n    },\n    ""Phase 2: Intermediate Skills (6 weeks)"": {\n      ""Topics"": [\n        ""Advanced Fish Breeding Techniques"",\n        ""Water Quality Management in Aquaculture"",\n        ""Design and Maintenance of Aquapo...","[""5: Highly personalized content/advice/feedback based on student level/traits/needs; resource and learning path suggestions are accurate, practical, and valuable."", ""4: Demonstrates some adaptation to student situation; provides relevant learning advice or resources with good utility."", ""3: Attempts personalization but with limited effectiveness; recommendations are generic and of limited value."", ""2: Little to no personalization; output is the same for everyone; learning support is insufficient or unrelated."", ""1: No personalization; output may conflict with student needs; offers no or incorrect learning support.""]",question_seed42/train source; batch96 source question reuse minimized and recorded
topup1_076,syn_77789910fe9cd23b,e86f7b0f83da83c581b140411499ab906e953497,train,results_merge.jsonl,2883,c367d1e3134b022584248f014a7b59640f1df7fb,27b8ff8de03a31e2238d9c159a2b22e0ffcb5601,"学生画像：学生的画像：{'姓名': '王小明', '年龄': 21, '年级': '大三', '专业': '临床医学', '学习风格': '偏好视觉学习', '兴趣': '外科手术、病理学', '当前挑战': '在解剖学应用上有困难', '目标': '提高解剖学的实际应用能力'}
请根据学生画像，为每位学生生成 ‘个性化的学习内容或任务’:,以json格式返回","[""5分： 交互或内容设计巧妙，能显著促进学生的批判性思维、创新思维、问题解决或知识迁移应用能力（例如通过开放性问题、对比分析、案例探究、项目式任务等）。"", ""4分： 能提出引导性问题或设计有一定挑战性的任务，对培养学生的高阶思维和能力（如分析、评估、应用）有积极作用。"", ""3分： 在促进高阶思维方面有所尝试（如提出一些简单的思考题），但深度和广度有限，效果不明显，整体仍偏重知识复述或简单应用。"", ""2分： 交互或内容主要停留在基础知识记忆和理解层面，很少或未能涉及需要高阶思维的活动或问题。"", ""1分： 完全忽视高阶思维培养，仅限于死记硬背或简单重复，甚至可能因提供过于简化或固化的答案而阻碍思维发展。""]",1,1,zh,Higher-Order Thinking & Skill Development,reasoning_gap,reasoning_gap,5,5,Personalized Learning Support,Clinical Medicine,Undergraduate,True,True,True,exact_metric_language,False,False,False,False,False,False,False,False,False,False,LOW,0,3,question_reused_recorded,"学生画像：学生的画像：{'姓名': '王小明', '年龄': 21, '年级': '大三', '专业': '临床医学', '学习风格': '偏好视觉学习', '兴趣': '外科手术、病理学', '当前挑战': '在解剖学应用上有困难', '目标': '提高解剖学的实际应用能力'}\n请根据学生画像，为每位学生生成 ‘个性化的学习内容或任务’:,以json格式返回","```json\n{\n  ""个性化学习内容与任务"": {\n    ""学习资源推荐"": [\n      {\n        ""类型"": ""三维解剖软件"",\n        ""名称"": ""AnatomyLearning3D"",\n        ""描述"": ""通过交互式3D模型强化肌肉、神经、血管的空间关系认知"",\n        ""关联兴趣"": ""外科手术"",\n        ""使用频率"": ""每日30分钟""\n      },\n      {\n        ""类型"": ""手术录像解析"",\n        ""名称"": ""外科手术实景视频库"",\n        ""描述"": ""标注关键解剖结构的手术视频，特别关注腹腔镜与胸腔镜术式"",\n        ""重点标注"": ""重要血管/神经走行变异识别""\n      }\n    ],\n    ""实践任务体系"": [\n      {\n        ""任务类型"": ""解剖图谱绘制"",\n        ""要求"": ""手绘/数位板绘制包含肌群、血管、神经的复合结构图"",\n        ""交付标准"": ""标注5处临床手术关键标志点"",\n        ""周期"": ""每周2个器官系统""\n      },\n      {\n        ""任务类型"": ""病例逆向推导"",\n        ""案例示例"": ""胰腺癌Whipple术式解剖要点"",\n        ""任务目标"": ""根据术后并发症反推术中可能损伤的结构"",\n        ""输出形式"": ""三维模型标注报告""\n      }\n...","[""5分： 交互或内容设计巧妙，能显著促进学生的批判性思维、创新思维、问题解决或知识迁移应用能力（例如通过开放性问题、对比分析、案例探究、项目式任务等）。"", ""4分： 能提出引导性问题或设计有一定挑战性的任务，对培养学生的高阶思维和能力（如分析、评估、应用）有积极作用。"", ""3分： 在促进高阶思维方面有所尝试（如提出一些简单的思考题），但深度和广度有限，效果不明显，整体仍偏重知识复述或简单应用。"", ""2分： 交互或内容主要停留在基础知识记忆和理解层面，很少或未能涉及需要高阶思维的活动或问题。"", ""1分： 完全忽视高阶思维培养，仅限于死记硬背或简单重复，甚至可能因提供过于简化或固化的答案而阻碍思维发展。""]",question_seed42/train source; batch96 source question reuse minimized and recorded
topup1_077,syn_988b0321243c2f1f,27b5e246feb3bc800292dfe680622e404c0cfe87,train,results_merge.jsonl,1829,dd136878ae93aa36b80dca8d0b02cf25011b6f5e,aa8d4054268a1301b3a0b6083ed1fe6a8ef67164,"Question: Explain the role of microRNAs in the regulation of gene expression in eukaryotic cells.
Student's Answer: MicroRNAs (miRNAs) are small, non-coding RNA molecules that play a crucial role in regulating gene expression in eukaryotic cells. They primarily function by binding to complementary sequences on target messenger RNA (mRNA) transcripts, usually resulting in gene silencing. This silencing occurs through two main mechanisms: mRNA degradation and translational repression. When miRNAs pair with their target mRNA with perfect or near-perfect complementarity, the mRNA is usually cleaved and degraded. When the pairing is imperfect, translation of the mRNA is typically repressed. Additionally, miRNAs are involved in various cellular processes such as development, differentiation, apoptosis, and metabolism. Dysregulation of miRNA expression has been linked to numerous diseases, including cancer.
Please provide ""Score"", ""Scoring Details"", and ""Personalized Feedback"" based on the question and student's answer, in JSON format.","[""5: Precisely identified all errors (no omission or false positives); provided completely correct, clear, and optimal correction suggestions."", ""4: Correctly located most major errors; suggestions are generally accurate and effective with only minor omissions or less-than-perfect advice."", ""3: Identified some errors but with clear omissions or false positives; suggestions are partially correct but may lack clarity, completeness or optimality."", ""2: Inaccurate error detection with critical omissions or many false positives; suggestions contain errors or are hard to comprehend."", ""1: Completely failed to detect errors; provided entirely incorrect or misleading correction advice.""]",3,3,en,Error Identification & Correction Precision,factual_error,factual_error,5,5,Automatic Grading,Biology,PhD,True,True,True,exact_metric_language,False,False,False,False,False,False,False,False,False,False,LOW,1,1,question_reused_recorded,"Question: Explain the role of microRNAs in the regulation of gene expression in eukaryotic cells.\nStudent's Answer: MicroRNAs (miRNAs) are small, non-coding RNA molecules that play a crucial role in regulating gene expression in eukaryotic cells. They primarily function by binding to complementary sequences on target messenger RNA (mRNA) transcripts, usually resulting in gene silencing. This silencing occurs through two main mechanisms: mRNA degradation and translational repression. When miRNAs pair with their target mRNA with perfect or near-perfect complementarity, the mRNA is usually cleaved and degraded. When the pairing is imperfect, translation of the mRNA is typically repressed. A...","{\n  ""Score"": 90,\n  ""Scoring Details"": {\n    ""Completeness"": 4.5,\n    ""Accuracy"": 5.0,\n    ""Clarity"": 4.5,\n    ""Depth"": 4.0,\n    ""Relevance"": 5.0\n  },\n  ""Personalized Feedback"": ""Your answer effectively outlines the core role of microRNAs (miRNAs) in gene regulation, including their mechanisms of action (degradation vs. translational repression) and their biological significance. Well done on distinguishing between perfect and imperfect complementarity! To improve, consider expanding on (1) miRNA biogenesis (e.g., processing by Drosha/Dicer) and (2) their association with the RISC complex, which is critical for their silencing function. Additionally, briefly mentioning how miRNAs ...","[""5: Precisely identified all errors (no omission or false positives); provided completely correct, clear, and optimal correction suggestions."", ""4: Correctly located most major errors; suggestions are generally accurate and effective with only minor omissions or less-than-perfect advice."", ""3: Identified some errors but with clear omissions or false positives; suggestions are partially correct but may lack clarity, completeness or optimality."", ""2: Inaccurate error detection with critical omissions or many false positives; suggestions contain errors or are hard to comprehend."", ""1: Completely failed to detect errors; provided entirely incorrect or misleading correction advice.""]",question_seed42/train source; batch96 source question reuse minimized and recorded
topup1_078,syn_f162d350ed691e85,898d76916f3037c7f404dcdf2d1a69f123463afa,train,results_merge.jsonl,5387,017b79ae37affb7019266860fa78173a21364493,6f02369c3e060ae31b4d227a547659ed85b7c6f1,"{'姓名': '李明', '年龄': 16, '年级': '高一', '当前能力水平': {'物理基础知识': '中等', '数学应用能力': '较强', '实验动手能力': '较弱'}, '学习目标': '提高物理成绩，准备参加市级物理竞赛', '知识薄弱点': ['力学概念和应用', '电磁学基础'], '学习习惯': '喜欢通过视频学习，不擅长笔记整理'}
请根据学生画像给出""学习路径规划建议"":和""个性化意见生成"":,以json格式返回","[""5分： 完全理解并精准执行所有指令，完美达成核心任务目标，格式完全符合要求。"", ""4分： 准确理解主要指令，正确执行任务，核心目标达成度高，格式基本符合要求，可能有极少细节遗漏或偏差。"", ""3分： 理解了指令大意但可能忽略部分细节，任务基本完成但存在一些不准确或遗漏之处，格式有明显尝试但存在较多偏差。"", ""2分： 对指令理解有偏差，任务完成度低或有严重错误，格式多数不符合要求。"", ""1分： 完全误解或无视指令，任务未完成或完全错误，格式混乱或不相关。""]",2,2,zh,Instruction Following & Task Completion,instruction_violation,instruction_violation,5,5,Personalized Content Creation,Physics,PhD,True,True,True,exact_metric_language,False,False,False,False,False,False,False,False,False,False,LOW,0,2,question_reused_recorded,"{'姓名': '李明', '年龄': 16, '年级': '高一', '当前能力水平': {'物理基础知识': '中等', '数学应用能力': '较强', '实验动手能力': '较弱'}, '学习目标': '提高物理成绩，准备参加市级物理竞赛', '知识薄弱点': ['力学概念和应用', '电磁学基础'], '学习习惯': '喜欢通过视频学习，不擅长笔记整理'}\n请根据学生画像给出""学习路径规划建议"":和""个性化意见生成"":,以json格式返回","```json\n{\n  ""学习路径规划建议"": {\n    ""阶段一（1-2个月）"": {\n      ""目标"": ""巩固基础，补足薄弱点"",\n      ""具体措施"": [\n        ""通过视频课程（如可汗学院、竞赛网课）系统学习力学与电磁学基础概念"",\n        ""结合教材完成章节配套基础习题（推荐《高中物理竞赛教程·基础篇》）"",\n        ""每周完成2套力学专题训练，重点突破受力分析与运动学综合题""\n      ]\n    },\n    ""阶段二（3-4个月）"": {\n      ""目标"": ""强化应用能力，提升解题技巧"",\n      ""具体措施"": [\n        ""开展专题突破训练：机械能守恒、电磁感应等重点模块"",\n        ""结合数学优势开展建模训练（如用微元法解变加速问题）"",\n        ""开始接触近三年市级竞赛真题，分析命题规律""\n      ]\n    },\n    ""阶段三（5-6个月）"": {\n      ""目标"": ""综合拔高与实验强化"",\n      ""具体措施"": [\n        ""进行全真模拟考试（含实验操作部分）"",\n        ""参加实验特训班提升动手能力（建议选择周末短期集训）"",\n        ""建立错题本数字化系统（使用Notion/印象笔记分类整理）""\n      ]\n    }\n  },\n  ""个性化意见生成"": {\n    ""学习方式优化"": [\n      ""将视频学习与交互式笔记结合：观看时用屏幕截图+语音批注代替...","[""5分： 完全理解并精准执行所有指令，完美达成核心任务目标，格式完全符合要求。"", ""4分： 准确理解主要指令，正确执行任务，核心目标达成度高，格式基本符合要求，可能有极少细节遗漏或偏差。"", ""3分： 理解了指令大意但可能忽略部分细节，任务基本完成但存在一些不准确或遗漏之处，格式有明显尝试但存在较多偏差。"", ""2分： 对指令理解有偏差，任务完成度低或有严重错误，格式多数不符合要求。"", ""1分： 完全误解或无视指令，任务未完成或完全错误，格式混乱或不相关。""]",question_seed42/train source; batch96 source question reuse minimized and recorded
topup1_079,syn_1319374d554f0612,0d3d26eb6ae560df73695cf8821dbc5429e0dcba,train,results_merge.jsonl,1435,5f10a3a85e0efd1be4f1e1773e836f0ef17e29b2,24fe8de7cf7d4506f221e59153dc5fc20b5b5e09,"Subject:Physical Education
Education Level:Undergraduate
Knowledge Point:The FITT principle is a foundational concept in physical education that stands for Frequency, Intensity, Time, and Type. It is used to structure exercise programs to improve fitness levels effectively.
Question Type:Short Answer
.Generate a corresponding question based on subject, education level, knowledge point, and question type. Return ""Question"" and ""Provided Reasoning"" in JSON format.","[""5: All stated factual elements (definitions, formulas, dates, terms, syntax, etc.) are completely accurate."", ""4: Vast majority of facts are correct; possibly contains very minor, non-critical typos or omissions."", ""3: Most facts are correct, but there are some notable factual errors that require review."", ""2: Contains several or key factual inaccuracies; information is not trustworthy."", ""1: Riddled with factual errors; information is completely incorrect or misleading.""]",1,1,en,Basic Factual Accuracy,factual_error,factual_error,5,5,Question Generation,Physical Education,Undergraduate,True,True,True,exact_metric_language,False,False,False,False,False,False,False,False,False,False,LOW,0,3,question_reused_recorded,"Subject:Physical Education\nEducation Level:Undergraduate\nKnowledge Point:The FITT principle is a foundational concept in physical education that stands for Frequency, Intensity, Time, and Type. It is used to structure exercise programs to improve fitness levels effectively.\nQuestion Type:Short Answer\n.Generate a corresponding question based on subject, education level, knowledge point, and question type. Return ""Question"" and ""Provided Reasoning"" in JSON format.","```json\n{\n  ""Question"": ""Explain how the FITT principle can be applied to design a weekly exercise program for improving cardiovascular fitness. Provide specific examples for each component of FITT."",\n  ""Provided Reasoning"": ""This question requires students to understand and apply the FITT principle (Frequency, Intensity, Time, and Type) in a practical context. By asking them to design a weekly exercise program, it tests their ability to integrate all four components effectively. This is appropriate for an undergraduate level, as it not only assesses their knowledge of the principle but also their ability to apply it in a real-world scenario, which is a key skill in physical education....","[""5: All stated factual elements (definitions, formulas, dates, terms, syntax, etc.) are completely accurate."", ""4: Vast majority of facts are correct; possibly contains very minor, non-critical typos or omissions."", ""3: Most facts are correct, but there are some notable factual errors that require review."", ""2: Contains several or key factual inaccuracies; information is not trustworthy."", ""1: Riddled with factual errors; information is completely incorrect or misleading.""]",question_seed42/train source; batch96 source question reuse minimized and recorded
topup1_080,syn_efeae4806226ea4c,09d9ccda53b908fe3e618b7238ccbce009876af1,train,results_merge.jsonl,4491,fcd6d60d8b3907f5bf7d20b172f2b8629e417e40,6771be6ee0f7088f158dae2665e02309a7f65b6e,"知识点：光合作用在作物生长中的作用
请根据这个知识点给出""教学素材"":教学素材需要包括教学目标、重点难点、课堂活动设计等,以json格式返回","[""5分： 在专业领域知识运用上不仅准确，且展现出恰当的深度和严谨性，符合行业标准或学术规范。"", ""4分： 专业知识运用准确，体现了较好的专业水准，但在深度或某些细节的严谨性上略有不足，不影响核心正确性。"", ""3分： 专业知识运用基本准确，但显得较为表层或不够严谨，可能存在一些非核心概念的混淆或遗漏。"", ""2分： 专业知识运用存在明显错误或重大遗漏，体现出专业性不足。"", ""1分： 专业知识运用方面存在严重错误，完全不符合专业标准，可能产生误导。""]",2,2,zh,Domain Knowledge Accuracy,factual_error,factual_error,4,4,Teaching Material Generation,Crop Science,Undergraduate,True,True,True,exact_metric_language,False,False,False,False,False,False,False,False,False,False,LOW,0,3,question_reused_recorded,"知识点：光合作用在作物生长中的作用\n请根据这个知识点给出""教学素材"":教学素材需要包括教学目标、重点难点、课堂活动设计等,以json格式返回","```json\n{\n  ""教学素材"": {\n    ""教学目标"": [\n      ""理解光合作用的基本原理及其在作物生长中的重要性。"",\n      ""能够解释光合作用过程中发生的化学变化。"",\n      ""了解影响光合作用效率的因素，并能提出提高作物产量的方法。"",\n      ""培养学生的观察力和实验操作能力。""\n    ],\n    ""重点难点"": {\n      ""重点"": [\n        ""光合作用的概念与过程"",\n        ""光合作用对于植物生长发育的重要性"",\n        ""如何通过改善环境条件来促进光合作用，从而增加作物产量""\n      ],\n      ""难点"": [\n        ""光合作用的具体化学反应机制"",\n        ""不同光照条件下光合作用速率的变化分析"",\n        ""理解二氧化碳浓度、水分等因素对光合作用的影响机制""\n      ]\n    },\n    ""课堂活动设计"": [\n      {\n        ""活动名称"": ""探索光合作用"",\n        ""活动描述"": ""通过观看一段关于光合作用的教育视频，让学生初步了解光合作用的过程及意义。之后分组讨论视频内容，每组挑选一个特定方面进行深入探讨（如：光合作用的历史发现、光合作用的能量转换等）。"",\n        ""所需材料"": [""教育视频资源"", ""讨论题卡""]\n      },\n      {\n        ""活动名称"": ""模拟实验：探究光照强度对光合作用的影响"",\n       ...","[""5分： 在专业领域知识运用上不仅准确，且展现出恰当的深度和严谨性，符合行业标准或学术规范。"", ""4分： 专业知识运用准确，体现了较好的专业水准，但在深度或某些细节的严谨性上略有不足，不影响核心正确性。"", ""3分： 专业知识运用基本准确，但显得较为表层或不够严谨，可能存在一些非核心概念的混淆或遗漏。"", ""2分： 专业知识运用存在明显错误或重大遗漏，体现出专业性不足。"", ""1分： 专业知识运用方面存在严重错误，完全不符合专业标准，可能产生误导。""]",question_seed42/train source; batch96 source question reuse minimized and recorded
topup1_081,syn_1654c4adf92cdc0b,46e39f7221fa2af238f36f6dd8cab2d2adb4c9ca,train,results_merge.jsonl,2172,80821dde94820931139007ec347a98d42be34695,3de235380bd0e84e59346ad01b8210eb1226b73a,"Anxiety Level: Moderate Anxiety
Dialogue with Student: [{'Agent': 'Hi there! How are you feeling about your History studies today?'}, {'Student': 'Hey, I’m feeling a bit anxious, to be honest. There’s just so much to remember, and I’m worried I won’t do well on the upcoming exam.'}, {'Agent': 'That sounds challenging. What specifically about the exam is making you feel anxious?'}, {'Student': 'I think it’s mainly the amount of information. There are so many dates, events, and figures to remember, and I’m not sure I can keep it all straight.'}, {'Agent': ""It's understandable to feel overwhelmed with so much content. Have you tried any particular strategies to help manage all the information?""}, {'Student': 'I’ve tried making flashcards, but it still feels like a lot. I guess I’m not sure how effective my study methods are.'}]
Based on the student's emotional state and conversation, provide ""Emotional State Analysis"" and ""Comfort & Advice"", in JSON format.","[""5: Excellent role-playing (e.g., teacher/TA); language style, professionalism, and tone (e.g., encouraging/serious) are perfectly aligned with the assumed role and audience."", ""4: Role and tone are mostly consistent and appropriate for the scenario, with minor deviation in individual expressions."", ""3: Attempts to match the role and tone can be seen, but overall consistency is weak; some expressions are disconnected from the role/scenario."", ""2: Significant mismatch in role and tone; comes across as unnatural or inconsistent."", ""1: No reflection of assigned role/tone; expression entirely inconsistent with the scenario.""]",1,1,en,Role & Tone Consistency,scenario_mismatch,scenario_mismatch,5,5,Emotional Support,History,High School,True,True,True,exact_metric_language,False,False,False,False,False,False,False,False,False,False,LOW,1,1,question_reused_recorded,"Anxiety Level: Moderate Anxiety\nDialogue with Student: [{'Agent': 'Hi there! How are you feeling about your History studies today?'}, {'Student': 'Hey, I’m feeling a bit anxious, to be honest. There’s just so much to remember, and I’m worried I won’t do well on the upcoming exam.'}, {'Agent': 'That sounds challenging. What specifically about the exam is making you feel anxious?'}, {'Student': 'I think it’s mainly the amount of information. There are so many dates, events, and figures to remember, and I’m not sure I can keep it all straight.'}, {'Agent': ""It's understandable to feel overwhelmed with so much content. Have you tried any particular strategies to help manage all the informati...","```json\n{\n  ""Emotional State Analysis"": {\n    ""Emotions"": [""Anxiety"", ""Overwhelm"", ""Uncertainty""],\n    ""RootCause"": ""High volume of information (dates, events, figures) causing stress and doubts about study strategies."",\n    ""PrimaryConcern"": ""Fear of ineffective retention and poor exam performance.""\n  },\n  ""Comfort & Advice"": {\n    ""Comfort"": [\n      ""It’s completely normal to feel anxious when facing a lot of information—many students experience this!"",\n      ""You’re already taking proactive steps (like flashcards), which shows dedication.""\n    ],\n    ""Advice"": {\n      ""Strategy1"": ""Break content into smaller themes or timelines (e.g., focus on one era/event per study sessi...","[""5: Excellent role-playing (e.g., teacher/TA); language style, professionalism, and tone (e.g., encouraging/serious) are perfectly aligned with the assumed role and audience."", ""4: Role and tone are mostly consistent and appropriate for the scenario, with minor deviation in individual expressions."", ""3: Attempts to match the role and tone can be seen, but overall consistency is weak; some expressions are disconnected from the role/scenario."", ""2: Significant mismatch in role and tone; comes across as unnatural or inconsistent."", ""1: No reflection of assigned role/tone; expression entirely inconsistent with the scenario.""]",question_seed42/train source; batch96 source question reuse minimized and recorded
topup1_082,syn_80b247b264d40555,48ad0d40523e212d6f39965614cd02ed5bc271cf,train,results_merge.jsonl,4727,3b26f4f8f9f7314ee644e63efa2173afbb702c33,73ece2a29bb6fe23ee117f26a9e704301f675fe7,"学科:法学
学制级别:博士
问题：在国际法中，以下哪一个原则主要用于解决国家之间的领土争端？
A. 不干涉内政原则
B. 自决原则
C. 先占原则
D. 互惠原则
.请根据问题生成对应的答案。""答案"":,以json格式返回","[""5分： 内容与指定知识点/主题/问题高度相关，且严格控制在要求的难度、范围、学科内，无冗余或无关信息。"", ""4分： 内容主体相关，范围控制良好，可能包含极少量轻微超纲或关联度稍弱的信息。"", ""3分： 内容大部分相关，但包含一些偏离主题或超出范围的部分，范围控制不够精确。"", ""2分： 内容相关性较差，包含较多无关信息，或严重超出指定范围。"", ""1分： 内容基本不相关，或完全脱离指定范围。""]",2,2,zh,Content Relevance & Scope Control,scenario_mismatch,scenario_mismatch,5,5,Question Answering,Law,PhD,True,True,True,exact_metric_language,False,False,False,False,False,False,False,False,False,False,LOW,0,3,question_reused_recorded,"学科:法学\n学制级别:博士\n问题：在国际法中，以下哪一个原则主要用于解决国家之间的领土争端？\nA. 不干涉内政原则\nB. 自决原则\nC. 先占原则\nD. 互惠原则\n.请根据问题生成对应的答案。""答案"":,以json格式返回","```json\n{\n  ""答案"": ""C. 先占原则""\n}\n```","[""5分： 内容与指定知识点/主题/问题高度相关，且严格控制在要求的难度、范围、学科内，无冗余或无关信息。"", ""4分： 内容主体相关，范围控制良好，可能包含极少量轻微超纲或关联度稍弱的信息。"", ""3分： 内容大部分相关，但包含一些偏离主题或超出范围的部分，范围控制不够精确。"", ""2分： 内容相关性较差，包含较多无关信息，或严重超出指定范围。"", ""1分： 内容基本不相关，或完全脱离指定范围。""]",question_seed42/train source; batch96 source question reuse minimized and recorded
topup1_083,syn_d6e70e97c37af0f2,3b80405bf60390b3e2afc61dca5be030eed34366,train,results_merge.jsonl,1431,5f10a3a85e0efd1be4f1e1773e836f0ef17e29b2,44d3ca4e99b3872c12415d67522e13d57a99c17b,"Subject:Physical Education
Education Level:Undergraduate
Knowledge Point:The FITT principle is a foundational concept in physical education that stands for Frequency, Intensity, Time, and Type. It is used to structure exercise programs to improve fitness levels effectively.
Question Type:Short Answer
.Generate a corresponding question based on subject, education level, knowledge point, and question type. Return ""Question"" and ""Provided Reasoning"" in JSON format.","[""5: Extremely clear and concise explanations; fully accessible for target learners; vibrant and engaging delivery that inspires deep thought and interest."", ""4: Clear and easy to understand; appropriate for learner level; somewhat thought-provoking and can trigger reflection."", ""3: Generally understandable but may be wordy, complex, or dull; limited inspirational impact."", ""2: Lacks clarity; uses excessive jargon or complex structures; difficult to comprehend; uninspiring."", ""1: Confusing and hard to follow; disregards learner needs; offers no inspiration and may cause confusion.""]",1,1,en,"Clarity, Simplicity & Inspiration",superficial_fluency,superficial_fluency,4,4,Question Generation,Physical Education,Undergraduate,True,True,True,exact_metric_language,False,False,False,False,False,False,False,False,False,False,LOW,0,4,question_reused_recorded,"Subject:Physical Education\nEducation Level:Undergraduate\nKnowledge Point:The FITT principle is a foundational concept in physical education that stands for Frequency, Intensity, Time, and Type. It is used to structure exercise programs to improve fitness levels effectively.\nQuestion Type:Short Answer\n.Generate a corresponding question based on subject, education level, knowledge point, and question type. Return ""Question"" and ""Provided Reasoning"" in JSON format.","```json\n{\n  ""Question"": ""What does the FITT principle stand for in physical education, and how is it used to structure exercise programs?"",\n  ""ProvidedReasoning"": ""This question tests the undergraduate student's understanding of the fundamental concepts in physical education related to exercise programming. It requires the student to define the acronym FITT and explain its application in designing effective fitness programs.""\n}\n```","[""5: Extremely clear and concise explanations; fully accessible for target learners; vibrant and engaging delivery that inspires deep thought and interest."", ""4: Clear and easy to understand; appropriate for learner level; somewhat thought-provoking and can trigger reflection."", ""3: Generally understandable but may be wordy, complex, or dull; limited inspirational impact."", ""2: Lacks clarity; uses excessive jargon or complex structures; difficult to comprehend; uninspiring."", ""1: Confusing and hard to follow; disregards learner needs; offers no inspiration and may cause confusion.""]",question_seed42/train source; batch96 source question reuse minimized and recorded
topup1_084,syn_65c94c3a953ddb75,3f0ab6e9a51d64d3a5b1e45333c5640d871c530b,train,results_merge.jsonl,4660,7bcce56b9c5f9460e6b19df4a0a7f969e5ff21ad,0f66916f5a4b50c07f474c73bd70cf11eaebb55e,"焦虑级别：重度焦虑
对话内容：[{'学生': '最近我总觉得压力特别大，尤其是物理课的时候，只要想到学习物理就特别焦虑。'}, {'助理': '我听到你似乎在为物理课感到担心。能不能具体说一下是什么让你特别焦虑呢？'}, {'学生': '我一直觉得物理很难，对于公式和计算都不太理解，而且考试的时候总是出错。'}, {'助理': '理解复杂的概念确实会让人感到困难。考试可能让这些压力加剧。你在物理课上有没有特别困难的部分？'}, {'学生': '是的，尤其是电磁学部分。我总是搞不清楚怎么用公式解决问题。'}, {'助理': '电磁学的公式确实需要理解和练习。我们可以从练习基本概念和公式的应用开始吗？这可能会帮助减轻你的压力。'}]
请根据学生情绪状态和对话给出""情绪状态分析"":和""安慰与建议"":,以json格式返回","[""5分： 始终体现出强烈的鼓励和支持态度，语言积极、富有建设性；在需要时提供非常有效的启发式引导，而非直接给答案。"", ""4分： 整体体现出鼓励和支持，语言积极正面；能提供有效的引导，偶尔可能过于直接。"", ""3分： 兼具鼓励和中性/批评性语言，积极性一般；引导有时有效，有时直接给答案或引导不足。"", ""2分： 缺乏鼓励和支持，语言偏中性甚至略显负面；很少提供有效引导，倾向于直接给答案或不给帮助。"", ""1分： 语言消极、打击性强，完全没有鼓励；无视引导需求，或提供错误引导。""]",2,2,zh,"Motivation, Guidance & Positive Feedback",scenario_mismatch,scenario_mismatch,5,5,Emotional Support,Physics,High School,True,True,True,exact_metric_language,False,False,False,False,False,False,False,False,False,False,LOW,1,1,question_reused_recorded,"焦虑级别：重度焦虑\n对话内容：[{'学生': '最近我总觉得压力特别大，尤其是物理课的时候，只要想到学习物理就特别焦虑。'}, {'助理': '我听到你似乎在为物理课感到担心。能不能具体说一下是什么让你特别焦虑呢？'}, {'学生': '我一直觉得物理很难，对于公式和计算都不太理解，而且考试的时候总是出错。'}, {'助理': '理解复杂的概念确实会让人感到困难。考试可能让这些压力加剧。你在物理课上有没有特别困难的部分？'}, {'学生': '是的，尤其是电磁学部分。我总是搞不清楚怎么用公式解决问题。'}, {'助理': '电磁学的公式确实需要理解和练习。我们可以从练习基本概念和公式的应用开始吗？这可能会帮助减轻你的压力。'}]\n请根据学生情绪状态和对话给出""情绪状态分析"":和""安慰与建议"":,以json格式返回","```json\n{\n  ""情绪状态分析"": {\n    ""焦虑级别"": ""重度焦虑"",\n    ""主要触发因素"": [\n      ""对物理学科的自我怀疑与挫败感"",\n      ""电磁学公式应用困难导致的认知压力"",\n      ""考试失误引发的预期性焦虑""\n    ],\n    ""心理状态特征"": [\n      ""长期积累的学科挫败感"",\n      ""特定知识模块的习得性无助"",\n      ""考试场景的条件反射式紧张"",\n      ""认知资源过度消耗导致的注意力涣散""\n    ]\n  },\n  ""安慰与建议"": {\n    ""认知重构"": [\n      ""肯定学习动机：'你在面对困难时仍然坚持学习，这本身就是值得肯定的品质'"",\n      ""重构错误认知：'公式应用失误是建立深层理解的必经过程，爱因斯坦也曾说成功是失败到成功的99次尝试'""\n    ],\n    ""学习策略"": [\n      ""构建知识图谱：建议用思维导图将电磁学公式与生活实例连接，例如用手机充电理解电磁感应"",\n      ""分步解题训练：采用'问题拆解法'，将复杂题目分解为已知条件梳理→公式匹配→单位检验→结果验证四个步骤"",\n      ""错题深度分析：建立'错误类型日志'，区分计算错误、公式误用、概念混淆三类问题并针对性突破""\n    ],\n    ""压力管理"": [\n      ""渐进式暴露训练：从课后例题→单元练习→模拟考试分阶段进行适应性训练"",\n      ""正念练习法：解题前进行1分钟深呼吸（4-7-8呼吸法），建...","[""5分： 始终体现出强烈的鼓励和支持态度，语言积极、富有建设性；在需要时提供非常有效的启发式引导，而非直接给答案。"", ""4分： 整体体现出鼓励和支持，语言积极正面；能提供有效的引导，偶尔可能过于直接。"", ""3分： 兼具鼓励和中性/批评性语言，积极性一般；引导有时有效，有时直接给答案或引导不足。"", ""2分： 缺乏鼓励和支持，语言偏中性甚至略显负面；很少提供有效引导，倾向于直接给答案或不给帮助。"", ""1分： 语言消极、打击性强，完全没有鼓励；无视引导需求，或提供错误引导。""]",question_seed42/train source; batch96 source question reuse minimized and recorded
topup1_085,syn_369a688f8377b51b,2805e4237ccaed90f917ee91a5c2c44743bbd1b1,train,results_merge.jsonl,1108,7bdbfc3be37d434120cd61c75738b9ba4e2b67ad,b85900ab199d898d0ebf3212de467b4d604d1316,"Subject:Applied Economics
Education Level:Undergraduate
Question:Which of the following is considered a limitation of using Gross Domestic Product (GDP) as a measure of economic welfare?
A) GDP accounts for income distribution among residents of a country.
B) GDP includes non-market transactions such as volunteer work and household labor.
C) GDP does not account for environmental degradation and resource depletion.
D) GDP measures the total market value of all final goods and services produced in a country.
. Please generate the corresponding answer based on the question. ""Answer"":, in JSON format.","[""5: Reasoning is complete, clear, and rigorous; all steps are correct; arguments are strong and free of logical fallacies."", ""4: Reasoning is largely correct and logically coherent with minor issues in individual steps or details that do not affect the conclusion."", ""3: Reasoning is visible but contains unclear logic, missing steps, or insufficient argumentation, affecting the overall outcome."", ""2: Reasoning has major logical flaws, confusion in steps, or critical omissions; reliability is low."", ""1: Virtually no valid reasoning; logic is chaotic; steps are incorrect or irrelevant.""]",1,1,en,Reasoning Process Rigor,overconfident_wrong,overconfident_wrong,1,1,Question Answering,Applied Economics,Undergraduate,True,True,True,exact_metric_language,False,False,False,False,False,False,False,False,False,False,LOW,0,3,question_reused_recorded,"Subject:Applied Economics\nEducation Level:Undergraduate\nQuestion:Which of the following is considered a limitation of using Gross Domestic Product (GDP) as a measure of economic welfare?\nA) GDP accounts for income distribution among residents of a country.\nB) GDP includes non-market transactions such as volunteer work and household labor.\nC) GDP does not account for environmental degradation and resource depletion.\nD) GDP measures the total market value of all final goods and services produced in a country.\n. Please generate the corresponding answer based on the question. ""Answer"":, in JSON format.","```json\n{\n  ""Answer"": ""C) GDP does not account for environmental degradation and resource depletion.""\n}\n```","[""5: Reasoning is complete, clear, and rigorous; all steps are correct; arguments are strong and free of logical fallacies."", ""4: Reasoning is largely correct and logically coherent with minor issues in individual steps or details that do not affect the conclusion."", ""3: Reasoning is visible but contains unclear logic, missing steps, or insufficient argumentation, affecting the overall outcome."", ""2: Reasoning has major logical flaws, confusion in steps, or critical omissions; reliability is low."", ""1: Virtually no valid reasoning; logic is chaotic; steps are incorrect or irrelevant.""]",question_seed42/train source; batch96 source question reuse minimized and recorded
topup1_086,syn_8d93386bbf39c380,aea6b4451134a005887e411c4e0c47b481b920bd,train,results_merge.jsonl,5370,62ac2dade9d7c2fe950fbee7347d622a834f6a94,55acb13c70dc4b048ae12e3ed8d68423a5d2382b,"{'姓名': '李华', '年龄': 21, '专业': '商业管理学', '年级': '大三', '当前能力水平': {'经济学基础': '较好', '财务管理': '中等', '市场营销': '较弱', '战略管理': '较弱'}, '学习目标': '扎实掌握商业管理核心概念，提升实践应用能力，准备商科硕士申请', '知识薄弱点': ['市场营销', '战略管理'], '学习习惯': '喜欢通过案例分析学习，容易被实际问题驱动去探索知识，偏好小组讨论'}
请根据学生画像给出""学习路径规划建议"":和""个性化意见生成"":,以json格式返回","[""5分： 充分融合所有关键场景要素（如学生历史、学习偏好等），输出高度个性化，并与教学情境高度匹配。"", ""4分： 有效使用主要场景要素，回答具有针对性；可能遗漏少量细节，但不影响整体效果。"", ""3分： 使用了部分场景信息，但融合较浅；个性化程度或情境契合度一般。"", ""2分： 仅表层提及场景信息，未有效融合核心要素；与上下文连接较弱。"", ""1分： 完全忽视场景特定信息；输出通用、模板化，且与场景不相关。""]",3,3,zh,Scenario Element Integration,instruction_violation,instruction_violation,5,5,Personalized Content Creation,Business Administration,Undergraduate,True,True,True,exact_metric_language,False,False,False,False,False,False,False,False,False,False,LOW,0,2,question_reused_recorded,"{'姓名': '李华', '年龄': 21, '专业': '商业管理学', '年级': '大三', '当前能力水平': {'经济学基础': '较好', '财务管理': '中等', '市场营销': '较弱', '战略管理': '较弱'}, '学习目标': '扎实掌握商业管理核心概念，提升实践应用能力，准备商科硕士申请', '知识薄弱点': ['市场营销', '战略管理'], '学习习惯': '喜欢通过案例分析学习，容易被实际问题驱动去探索知识，偏好小组讨论'}\n请根据学生画像给出""学习路径规划建议"":和""个性化意见生成"":,以json格式返回","```json\n{\n  ""学习路径规划建议"": {\n    ""阶段目标"": [\n      {\n        ""阶段"": ""短期（1-3个月）"",\n        ""重点"": ""强化薄弱领域（市场营销、战略管理）"",\n        ""学习内容"": [\n          ""系统学习市场营销基础理论（如4P、消费者行为分析）"",\n          ""掌握战略管理核心框架（如SWOT、波特五力模型）"",\n          ""通过经典案例（如可口可乐vs百事可乐）理解知识应用""\n        ],\n        ""推荐资源"": [\n          ""教材《市场营销原理》（菲利普·科特勒）"",\n          ""Coursera《商业战略基础》（伊利诺伊大学）"",\n          ""哈佛商学院战略管理案例集""\n        ]\n      },\n      {\n        ""阶段"": ""中期（3-6个月）"",\n        ""重点"": ""核心能力整合与实践"",\n        ""学习内容"": [\n          ""跨学科案例分析（如企业并购中的财务与战略整合）"",\n          ""参与商业模拟竞赛（如GMC国际企业管理挑战赛）"",\n          ""学习商业数据分析工具（Excel高级功能、Tableau）""\n        ]\n      },\n      {\n        ""阶段"": ""长期（6个月+）"",\n        ""重点"": ""硕士申请准备与高阶能力构建"",\n...","[""5分： 充分融合所有关键场景要素（如学生历史、学习偏好等），输出高度个性化，并与教学情境高度匹配。"", ""4分： 有效使用主要场景要素，回答具有针对性；可能遗漏少量细节，但不影响整体效果。"", ""3分： 使用了部分场景信息，但融合较浅；个性化程度或情境契合度一般。"", ""2分： 仅表层提及场景信息，未有效融合核心要素；与上下文连接较弱。"", ""1分： 完全忽视场景特定信息；输出通用、模板化，且与场景不相关。""]",question_seed42/train source; batch96 source question reuse minimized and recorded
topup1_087,syn_7c8a6ac35a992413,4cdc8dc800a6fd2c1d841df736835acda9fb1ed3,train,results_merge.jsonl,425,1c479437e0c6c2e19ef2890cc3d18c071dc7bd4e,1e3395bab0012ce2d52d44f0171d325a65fc038b,"Student Profile: Student Profile: {'Name': 'John Doe', 'Academic Background': ""Bachelor's degree in Political Science"", 'Learning Style': 'Visual and Analytical', 'Interests': 'Military strategy, international relations, defense technologies', 'Strengths': 'Strong critical thinking, effective communication, adept at data analysis', 'Areas for Improvement': 'Needs more exposure to practical fieldwork, time management'}
Based on the student profile, generate 'personalized learning content or tasks' for each student, returning the result in JSON format.","[""5: Highly personalized content/advice/feedback based on student level/traits/needs; resource and learning path suggestions are accurate, practical, and valuable."", ""4: Demonstrates some adaptation to student situation; provides relevant learning advice or resources with good utility."", ""3: Attempts personalization but with limited effectiveness; recommendations are generic and of limited value."", ""2: Little to no personalization; output is the same for everyone; learning support is insufficient or unrelated."", ""1: No personalization; output may conflict with student needs; offers no or incorrect learning support.""]",2,2,en,"Personalization, Adaptation & Learning Support",rubric_violation,rubric_violation,5,5,Personalized Learning Support,Military Science,Master,True,True,True,exact_metric_language,False,False,False,False,False,False,False,False,False,False,LOW,0,2,question_reused_recorded,"Student Profile: Student Profile: {'Name': 'John Doe', 'Academic Background': ""Bachelor's degree in Political Science"", 'Learning Style': 'Visual and Analytical', 'Interests': 'Military strategy, international relations, defense technologies', 'Strengths': 'Strong critical thinking, effective communication, adept at data analysis', 'Areas for Improvement': 'Needs more exposure to practical fieldwork, time management'}\nBased on the student profile, generate 'personalized learning content or tasks' for each student, returning the result in JSON format.","```json\n{\n  ""Student"": {\n    ""Name"": ""John Doe"",\n    ""PersonalizedLearningContent"": [\n      {\n        ""TaskID"": 1,\n        ""Title"": ""Visual Analysis of Military Strategies"",\n        ""Description"": ""Create a visual presentation (e.g., using PowerPoint or Prezi) that analyzes the key military strategies used in a recent conflict. Include maps, timelines, and infographics to support your analysis."",\n        ""Objectives"": [\n          ""Develop a deeper understanding of military strategy through visual representation."",\n          ""Enhance critical thinking by analyzing the effectiveness of different strategies.""\n        ],\n        ""Resources"": [\n          ""Books and articles on mi...","[""5: Highly personalized content/advice/feedback based on student level/traits/needs; resource and learning path suggestions are accurate, practical, and valuable."", ""4: Demonstrates some adaptation to student situation; provides relevant learning advice or resources with good utility."", ""3: Attempts personalization but with limited effectiveness; recommendations are generic and of limited value."", ""2: Little to no personalization; output is the same for everyone; learning support is insufficient or unrelated."", ""1: No personalization; output may conflict with student needs; offers no or incorrect learning support.""]",question_seed42/train source; batch96 source question reuse minimized and recorded
topup1_088,syn_cc5f58cc1a8e335a,08ed745e741d4bc01e758549db134046c3df0627,train,results_merge.jsonl,3019,b06d28e5864bc255da6f173e9c0968968b7c4bae,c5e76819f827fc1295a95e521d6e91c4398c502e,"学生画像：学生的画像：{'姓名': '陈伟', '年龄': 25, '性别': '男', '学习背景': '本科毕业于军事战略学专业', '兴趣': ['战术分析', '无人机技术', '国际军事合作'], '目标': '成为一名优秀的军事顾问', '学习方式': '喜欢自主学习和小组讨论，适应能力强', '优势': ['逻辑思维能力强', '能够快速理解复杂概念'], '弱点': ['对历史背景了解不足', '实践经验缺乏']}
请根据学生画像，为每位学生生成 ‘个性化的学习内容或任务’:,以json格式返回","[""5分： 交互或内容设计巧妙，能显著促进学生的批判性思维、创新思维、问题解决或知识迁移应用能力（例如通过开放性问题、对比分析、案例探究、项目式任务等）。"", ""4分： 能提出引导性问题或设计有一定挑战性的任务，对培养学生的高阶思维和能力（如分析、评估、应用）有积极作用。"", ""3分： 在促进高阶思维方面有所尝试（如提出一些简单的思考题），但深度和广度有限，效果不明显，整体仍偏重知识复述或简单应用。"", ""2分： 交互或内容主要停留在基础知识记忆和理解层面，很少或未能涉及需要高阶思维的活动或问题。"", ""1分： 完全忽视高阶思维培养，仅限于死记硬背或简单重复，甚至可能因提供过于简化或固化的答案而阻碍思维发展。""]",1,1,zh,Higher-Order Thinking & Skill Development,superficial_fluency,superficial_fluency,4,4,Personalized Learning Support,Military Science,Master,True,True,True,exact_metric_language,False,False,False,False,False,False,False,False,False,False,LOW,0,3,question_reused_recorded,"学生画像：学生的画像：{'姓名': '陈伟', '年龄': 25, '性别': '男', '学习背景': '本科毕业于军事战略学专业', '兴趣': ['战术分析', '无人机技术', '国际军事合作'], '目标': '成为一名优秀的军事顾问', '学习方式': '喜欢自主学习和小组讨论，适应能力强', '优势': ['逻辑思维能力强', '能够快速理解复杂概念'], '弱点': ['对历史背景了解不足', '实践经验缺乏']}\n请根据学生画像，为每位学生生成 ‘个性化的学习内容或任务’:,以json格式返回","根据提供的学生画像，我为陈伟同学设计了个性化的学习内容或任务，旨在帮助他弥补不足之处，并进一步发挥其优势。以下是针对陈伟的学习计划，以JSON格式呈现：\n\n```json\n{\n  ""姓名"": ""陈伟"",\n  ""个性化学习内容与任务"": [\n    {\n      ""类型"": ""在线课程"",\n      ""主题"": ""军事历史概论"",\n      ""描述"": ""通过一系列精选的历史案例分析视频讲座来加深对不同国家和地区军事历史背景的理解。"",\n      ""目标"": ""增强对于国际军事行动背后历史文化因素的认识""\n    },\n    {\n      ""类型"": ""实践项目"",\n      ""主题"": ""模拟军事演习规划"",\n      ""描述"": ""参与由专业导师指导的小团队项目，负责制定一次虚拟的联合军演计划书，包括但不限于战略部署、资源调配等环节。"",\n      ""目标"": ""提高实际操作能力和团队协作技巧""\n    },\n    {\n      ""类型"": ""专题研讨会"",\n      ""主题"": ""现代无人机技术在战术中的应用"",\n      ""描述"": ""参加关于最新无人机技术发展趋势及其如何影响未来战争模式的专业讨论会。"",\n      ""目标"": ""紧跟科技前沿动态，拓宽专业知识领域""\n    },\n    {\n      ""类型"": ""阅读材料"",\n      ""主题"": ""经典战役分析报告"",\n      ""描述"": ""推荐几本详细介绍历史上著名战役细节及策略分析的书籍给陈伟阅读。"",\n     ...","[""5分： 交互或内容设计巧妙，能显著促进学生的批判性思维、创新思维、问题解决或知识迁移应用能力（例如通过开放性问题、对比分析、案例探究、项目式任务等）。"", ""4分： 能提出引导性问题或设计有一定挑战性的任务，对培养学生的高阶思维和能力（如分析、评估、应用）有积极作用。"", ""3分： 在促进高阶思维方面有所尝试（如提出一些简单的思考题），但深度和广度有限，效果不明显，整体仍偏重知识复述或简单应用。"", ""2分： 交互或内容主要停留在基础知识记忆和理解层面，很少或未能涉及需要高阶思维的活动或问题。"", ""1分： 完全忽视高阶思维培养，仅限于死记硬背或简单重复，甚至可能因提供过于简化或固化的答案而阻碍思维发展。""]",question_seed42/train source; batch96 source question reuse minimized and recorded
topup1_089,syn_7fb33c319f4b8aee,2b9ac3140f1f89b61bde336155e6f4e67f4efe8d,train,results_merge.jsonl,746,d54a888f57ecd3934df1e807afdeaf64b71d457c,bafe7cae132842cf18b9adf73db6810932439285,"Question: Explain the concept of 'New Public Management' (NPM) and its impact on traditional public administration practices.
Original Answer: New Public Management is a concept that aims to modernize and make the public sector more efficient by adopting private sector management techniques. Its impact on traditional public administration practices is minimal as it simply adds more bureaucracy.
You are providing error-correction services for the student's response. Based on this question and the original answer, provide the ""Corrected Answer"" and ""Error Explanation"", in JSON format.","[""5: Precisely identified all errors (no omission or false positives); provided completely correct, clear, and optimal correction suggestions."", ""4: Correctly located most major errors; suggestions are generally accurate and effective with only minor omissions or less-than-perfect advice."", ""3: Identified some errors but with clear omissions or false positives; suggestions are partially correct but may lack clarity, completeness or optimality."", ""2: Inaccurate error detection with critical omissions or many false positives; suggestions contain errors or are hard to comprehend."", ""1: Completely failed to detect errors; provided entirely incorrect or misleading correction advice.""]",2,2,en,Error Identification & Correction Precision,reasoning_gap,reasoning_gap,5,5,Error Correction,Public Administration,Master,True,True,True,exact_metric_language,False,False,False,False,False,False,False,False,False,False,LOW,1,1,question_reused_recorded,"Question: Explain the concept of 'New Public Management' (NPM) and its impact on traditional public administration practices.\nOriginal Answer: New Public Management is a concept that aims to modernize and make the public sector more efficient by adopting private sector management techniques. Its impact on traditional public administration practices is minimal as it simply adds more bureaucracy.\nYou are providing error-correction services for the student's response. Based on this question and the original answer, provide the ""Corrected Answer"" and ""Error Explanation"", in JSON format.","```json\n{\n  ""Corrected Answer"": ""New Public Management (NPM) is a reform movement that emerged in the late 20th century, aiming to improve the efficiency, effectiveness, and responsiveness of public sector organizations by incorporating private sector management practices. Key principles of NPM include decentralization, performance measurement, customer orientation, and the use of market mechanisms. Its impact on traditional public administration practices has been significant, as it challenges the hierarchical, rule-bound, and process-oriented nature of traditional bureaucracy. NPM encourages a shift towards results-based management, greater accountability, and a focus on delivering va...","[""5: Precisely identified all errors (no omission or false positives); provided completely correct, clear, and optimal correction suggestions."", ""4: Correctly located most major errors; suggestions are generally accurate and effective with only minor omissions or less-than-perfect advice."", ""3: Identified some errors but with clear omissions or false positives; suggestions are partially correct but may lack clarity, completeness or optimality."", ""2: Inaccurate error detection with critical omissions or many false positives; suggestions contain errors or are hard to comprehend."", ""1: Completely failed to detect errors; provided entirely incorrect or misleading correction advice.""]",question_seed42/train source; batch96 source question reuse minimized and recorded
topup1_090,syn_9df1b4f8f021cd63,a124732df3cc17aac4d6938f8e713efa5bd99d6a,train,results_merge.jsonl,5273,b1cd0c51d55f036fd0656bc090e26097d4fdc971,170b30090729c9d8de6ea833223e03c671e1df31,"{'姓名': '张伟', '年龄': 20, '年级': '大二', '专业': '经济学', '学习目标': '理解理论经济学中的市场结构与策略行为', '当前能力水平': '具有基础的微观经济学知识，欠缺高级数学分析能力', '知识薄弱点': ['博弈论', '信息不对称'], '学习习惯': '喜欢通过阅读相关研究论文来加深理解，习惯用在线课程平台学习', '兴趣': ['市场动向分析', '公司竞争策略']}
请根据学生画像给出""学习路径规划建议"":和""个性化意见生成"":,以json格式返回","[""5分： 完全理解并精准执行所有指令，完美达成核心任务目标，格式完全符合要求。"", ""4分： 准确理解主要指令，正确执行任务，核心目标达成度高，格式基本符合要求，可能有极少细节遗漏或偏差。"", ""3分： 理解了指令大意但可能忽略部分细节，任务基本完成但存在一些不准确或遗漏之处，格式有明显尝试但存在较多偏差。"", ""2分： 对指令理解有偏差，任务完成度低或有严重错误，格式多数不符合要求。"", ""1分： 完全误解或无视指令，任务未完成或完全错误，格式混乱或不相关。""]",1,1,zh,Instruction Following & Task Completion,rubric_violation,rubric_violation,5,5,Personalized Content Creation,Theoretical Economics,Undergraduate,True,True,True,exact_metric_language,False,False,False,False,False,False,False,False,False,False,LOW,0,2,question_reused_recorded,"{'姓名': '张伟', '年龄': 20, '年级': '大二', '专业': '经济学', '学习目标': '理解理论经济学中的市场结构与策略行为', '当前能力水平': '具有基础的微观经济学知识，欠缺高级数学分析能力', '知识薄弱点': ['博弈论', '信息不对称'], '学习习惯': '喜欢通过阅读相关研究论文来加深理解，习惯用在线课程平台学习', '兴趣': ['市场动向分析', '公司竞争策略']}\n请根据学生画像给出""学习路径规划建议"":和""个性化意见生成"":,以json格式返回","```json\n{\n  ""学习路径规划建议"": {\n    ""阶段一: 数学基础强化"": {\n      ""内容"": ""重点补充博弈论与信息不对称所需的数学工具，如微积分、概率论与统计学基础"",\n      ""推荐资源"": [\n        ""Coursera《经济学数学方法》"",\n        ""MIT OpenCourseWare 单变量微积分课程"",\n        ""《经济学的分析方法》前四章""\n      ],\n      ""时间规划"": ""4-6周，每周8小时""\n    },\n    ""阶段二: 核心理论构建"": {\n      ""内容"": [\n        ""市场结构理论：完全竞争/垄断/寡头模型"",\n        ""策略行为分析：纳什均衡、序贯博弈"",\n        ""信息经济学：逆向选择与道德风险机制""\n      ],\n      ""学习方法"": [\n        ""结合《微观经济理论》(Mas-Colell)第12章精读"",\n        ""通过EdX平台《博弈论入门》进行系统学习"",\n        ""研读Akerlof《柠檬市场》经典论文""\n      ]\n    },\n    ""阶段三: 应用实践阶段"": {\n      ""项目建议"": [\n        ""航空公司价格战博弈矩阵建模"",\n        ""二手市场信息不对称案例研究"",\n        ""互联网平台企业的竞争策略分析""\n      ],\n      ""实践工具"": [\n        ""Python博...","[""5分： 完全理解并精准执行所有指令，完美达成核心任务目标，格式完全符合要求。"", ""4分： 准确理解主要指令，正确执行任务，核心目标达成度高，格式基本符合要求，可能有极少细节遗漏或偏差。"", ""3分： 理解了指令大意但可能忽略部分细节，任务基本完成但存在一些不准确或遗漏之处，格式有明显尝试但存在较多偏差。"", ""2分： 对指令理解有偏差，任务完成度低或有严重错误，格式多数不符合要求。"", ""1分： 完全误解或无视指令，任务未完成或完全错误，格式混乱或不相关。""]",question_seed42/train source; batch96 source question reuse minimized and recorded
topup1_091,syn_685a28724fdda520,1b0aa2506ac197161ef28f08ad87bad147f3acf9,train,results_merge.jsonl,1295,14e6dfb98fe659be9bca96d36b8e8c3b5beda0d4,7c7e610c22ccdf3b7da077a6638a414a3b3df75a,"Subject:Computer Science
Education Level:Undergraduate
Question:What is the time complexity of the quicksort algorithm in the average case scenario?
. Please generate the corresponding answer based on the question. ""Answer"":, in JSON format.","[""5: All stated factual elements (definitions, formulas, dates, terms, syntax, etc.) are completely accurate."", ""4: Vast majority of facts are correct; possibly contains very minor, non-critical typos or omissions."", ""3: Most facts are correct, but there are some notable factual errors that require review."", ""2: Contains several or key factual inaccuracies; information is not trustworthy."", ""1: Riddled with factual errors; information is completely incorrect or misleading.""]",2,2,en,Basic Factual Accuracy,overconfident_wrong,overconfident_wrong,5,5,Question Answering,Computer Science,Undergraduate,True,True,True,exact_metric_language,False,False,False,False,False,False,False,False,False,False,LOW,0,3,question_reused_recorded,"Subject:Computer Science\nEducation Level:Undergraduate\nQuestion:What is the time complexity of the quicksort algorithm in the average case scenario?\n. Please generate the corresponding answer based on the question. ""Answer"":, in JSON format.","{\n  ""Answer"": ""The time complexity of the quicksort algorithm in the average case scenario is O(n log n), where n represents the number of elements being sorted. This assumes that the pivot selection allows for a relatively even split of the data.""\n}","[""5: All stated factual elements (definitions, formulas, dates, terms, syntax, etc.) are completely accurate."", ""4: Vast majority of facts are correct; possibly contains very minor, non-critical typos or omissions."", ""3: Most facts are correct, but there are some notable factual errors that require review."", ""2: Contains several or key factual inaccuracies; information is not trustworthy."", ""1: Riddled with factual errors; information is completely incorrect or misleading.""]",question_seed42/train source; batch96 source question reuse minimized and recorded
topup1_092,syn_72d664be96495f63,5abc30689b7118b29f12be146642c3731410e9ee,train,results_merge.jsonl,4237,71a14244232914c689e46f4d03977b3ac0067a23,4a0e74fec2ed4c7724038b13d202afeac502457a,"知识点：线粒体功能与生物能量代谢调控
请根据这个知识点给出""教学素材"":教学素材需要包括教学目标、重点难点、课堂活动设计等,以json格式返回","[""5分： 在专业领域知识运用上不仅准确，且展现出恰当的深度和严谨性，符合行业标准或学术规范。"", ""4分： 专业知识运用准确，体现了较好的专业水准，但在深度或某些细节的严谨性上略有不足，不影响核心正确性。"", ""3分： 专业知识运用基本准确，但显得较为表层或不够严谨，可能存在一些非核心概念的混淆或遗漏。"", ""2分： 专业知识运用存在明显错误或重大遗漏，体现出专业性不足。"", ""1分： 专业知识运用方面存在严重错误，完全不符合专业标准，可能产生误导。""]",1,1,zh,Domain Knowledge Accuracy,rubric_violation,rubric_violation,4,4,Teaching Material Generation,Biology,PhD,True,True,True,exact_metric_language,False,False,False,False,False,False,False,False,False,False,LOW,0,4,question_reused_recorded,"知识点：线粒体功能与生物能量代谢调控\n请根据这个知识点给出""教学素材"":教学素材需要包括教学目标、重点难点、课堂活动设计等,以json格式返回","```json\n{\n  ""教学目标"": [\n    ""理解线粒体在细胞能量代谢中的核心作用。"",\n    ""掌握线粒体内发生的氧化磷酸化过程及其对ATP生成的重要性。"",\n    ""了解线粒体DNA的特点以及其对于遗传信息传递的意义。"",\n    ""能够解释线粒体功能障碍如何影响生物体健康，并举例说明相关疾病。""\n  ],\n  ""重点难点"": {\n    ""重点"": [\n      ""线粒体结构与功能的关系"",\n      ""氧化磷酸化的机制"",\n      ""线粒体在能量产生中的角色""\n    ],\n    ""难点"": [\n      ""详细理解电子传递链的工作原理"",\n      ""线粒体DNA复制及遗传模式的理解"",\n      ""线粒体功能异常导致疾病的机理""\n    ]\n  },\n  ""课堂活动设计"": [\n    {\n      ""活动名称"": ""线粒体之旅"",\n      ""描述"": ""通过虚拟现实技术或动画视频，让学生'进入'一个细胞内部，特别关注线粒体的结构和工作流程。之后进行小组讨论，分享他们观察到的关键点。"",\n      ""目标达成"": [""理解线粒体在细胞能量代谢中的核心作用"", ""掌握线粒体内发生的氧化磷酸化过程及其对ATP生成的重要性""]\n    },\n    {\n      ""活动名称"": ""构建模型"",\n      ""描述"": ""使用纸板、橡皮泥等材料制作线粒体模型，特别是强调内膜系统（嵴）的设计。完成后，每组向全班介绍他们的模型，并解释每个部分的功能。"",\n      ""目标达成...","[""5分： 在专业领域知识运用上不仅准确，且展现出恰当的深度和严谨性，符合行业标准或学术规范。"", ""4分： 专业知识运用准确，体现了较好的专业水准，但在深度或某些细节的严谨性上略有不足，不影响核心正确性。"", ""3分： 专业知识运用基本准确，但显得较为表层或不够严谨，可能存在一些非核心概念的混淆或遗漏。"", ""2分： 专业知识运用存在明显错误或重大遗漏，体现出专业性不足。"", ""1分： 专业知识运用方面存在严重错误，完全不符合专业标准，可能产生误导。""]",question_seed42/train source; batch96 source question reuse minimized and recorded
topup1_093,syn_46e2f1a2c9c71d83,46e3a5cbede9f1b74ca770b58371321a158cfe7c,train,results_merge.jsonl,2187,42fca1e21a602a4719433f012846ec7165b7aa0d,542927505d7216dfe36357fa2382815d9350eda3,"Anxiety Level: Mild Anxiety
Dialogue with Student: Agent: Hi there! How's your Chinese study going today?
Student: Hi... It's going okay, I guess.
Agent: Just okay? Is there something that's bothering you?
Student: Well, I'm feeling a bit anxious about the upcoming Chinese test. I'm not sure if I'm fully prepared.
Agent: That's understandable. Tests can be stressful. What part of the test are you most worried about?
Student: I think it's the listening section. I always find it hard to catch everything they're saying.
Agent: Listening can be tricky, especially in a new language. Have you tried any specific strategies to help with that?
Student: I've been listening to audio clips, but it's still tough.
Agent: It's great that you're practicing! Sometimes, breaking the audio into smaller parts and repeating them can help. How do you feel about trying that?
Student: I guess I can try that more often. Thanks for the suggestion.
Agent: You're welcome! Remember, it's okay to feel anxious, and practicing a little each day can really help. You're doing a great job!
Based on the student's emotional state and conversation, provide ""Emotional State Analysis"" and ""Comfort & Advice"", in JSON format.","[""5: Excellent role-playing (e.g., teacher/TA); language style, professionalism, and tone (e.g., encouraging/serious) are perfectly aligned with the assumed role and audience."", ""4: Role and tone are mostly consistent and appropriate for the scenario, with minor deviation in individual expressions."", ""3: Attempts to match the role and tone can be seen, but overall consistency is weak; some expressions are disconnected from the role/scenario."", ""2: Significant mismatch in role and tone; comes across as unnatural or inconsistent."", ""1: No reflection of assigned role/tone; expression entirely inconsistent with the scenario.""]",1,1,en,Role & Tone Consistency,superficial_fluency,superficial_fluency,5,5,Emotional Support,Chinese,Middle School,True,True,True,exact_metric_language,False,False,False,False,False,False,False,False,False,False,LOW,1,1,question_reused_recorded,"Anxiety Level: Mild Anxiety\nDialogue with Student: Agent: Hi there! How's your Chinese study going today?\nStudent: Hi... It's going okay, I guess.\nAgent: Just okay? Is there something that's bothering you?\nStudent: Well, I'm feeling a bit anxious about the upcoming Chinese test. I'm not sure if I'm fully prepared.\nAgent: That's understandable. Tests can be stressful. What part of the test are you most worried about?\nStudent: I think it's the listening section. I always find it hard to catch everything they're saying.\nAgent: Listening can be tricky, especially in a new language. Have you tried any specific strategies to help with that?\nStudent: I've been listening to audio clips, b...","```json\n{\n  ""Emotional State Analysis"": {\n    ""Anxiety Level"": ""Mild Anxiety"",\n    ""Primary Concern"": ""Upcoming Chinese test, specifically the listening section"",\n    ""Emotional Indicators"": {\n      ""Uncertainty"": ""Expressed doubt about being fully prepared"",\n      ""Worry"": ""Concerned about the difficulty of the listening section"",\n      ""Effort"": ""Acknowledged practicing with audio clips but still finds it challenging""\n    }\n  },\n  ""Comfort & Advice"": {\n    ""Comforting Statements"": [\n      ""It's understandable to feel anxious about tests, especially in a new language."",\n      ""You're already taking positive steps by practicing, which is a great start."",\n      ""Remember, it...","[""5: Excellent role-playing (e.g., teacher/TA); language style, professionalism, and tone (e.g., encouraging/serious) are perfectly aligned with the assumed role and audience."", ""4: Role and tone are mostly consistent and appropriate for the scenario, with minor deviation in individual expressions."", ""3: Attempts to match the role and tone can be seen, but overall consistency is weak; some expressions are disconnected from the role/scenario."", ""2: Significant mismatch in role and tone; comes across as unnatural or inconsistent."", ""1: No reflection of assigned role/tone; expression entirely inconsistent with the scenario.""]",question_seed42/train source; batch96 source question reuse minimized and recorded
topup1_094,syn_2ad69958420849ad,6f86833a634df848583b36e2646b95ea4e5bc164,train,results_merge.jsonl,4789,ac1c8ccfcd59afb588cbe2e820ef540a695ec312,2874ab177170d5301061567fc0dd136d83d0af20,"学科:临床医学
学制级别:硕士
问题：以下哪种药物最常用于治疗急性心肌梗死？
A) 阿司匹林
B) 布洛芬
C) 对乙酰氨基酚
D) 洛伐他汀
.请根据问题生成对应的答案。""答案"":,以json格式返回","[""5分： 内容与指定知识点/主题/问题高度相关，且严格控制在要求的难度、范围、学科内，无冗余或无关信息。"", ""4分： 内容主体相关，范围控制良好，可能包含极少量轻微超纲或关联度稍弱的信息。"", ""3分： 内容大部分相关，但包含一些偏离主题或超出范围的部分，范围控制不够精确。"", ""2分： 内容相关性较差，包含较多无关信息，或严重超出指定范围。"", ""1分： 内容基本不相关，或完全脱离指定范围。""]",2,2,zh,Content Relevance & Scope Control,rubric_violation,rubric_violation,5,5,Question Answering,Clinical Medicine,Master,True,True,True,exact_metric_language,False,False,False,False,False,False,False,False,False,False,LOW,0,3,question_reused_recorded,"学科:临床医学\n学制级别:硕士\n问题：以下哪种药物最常用于治疗急性心肌梗死？\nA) 阿司匹林\nB) 布洛芬\nC) 对乙酰氨基酚\nD) 洛伐他汀\n.请根据问题生成对应的答案。""答案"":,以json格式返回","```json\n{\n  ""答案"": ""A) 阿司匹林""\n}\n```","[""5分： 内容与指定知识点/主题/问题高度相关，且严格控制在要求的难度、范围、学科内，无冗余或无关信息。"", ""4分： 内容主体相关，范围控制良好，可能包含极少量轻微超纲或关联度稍弱的信息。"", ""3分： 内容大部分相关，但包含一些偏离主题或超出范围的部分，范围控制不够精确。"", ""2分： 内容相关性较差，包含较多无关信息，或严重超出指定范围。"", ""1分： 内容基本不相关，或完全脱离指定范围。""]",question_seed42/train source; batch96 source question reuse minimized and recorded
topup1_095,syn_200d0a94bd204e1c,3f3fbe8937aa6ecb67a836f0361caadcdda26e01,train,results_merge.jsonl,2009,5ffceb52c2088afbfedd9d157f13a2b675c5dc95,08f77dab0ebac78f92f484a5bf1bf7d291208d02,"Question: Which of the following principles is most closely associated with the doctrine of 'stare decisis' in common law systems?

Please provide reasoning based on this question. Do not provide the answer directly.. ""Reasoning Provided"":, return in JSON format","[""5: Extremely clear and concise explanations; fully accessible for target learners; vibrant and engaging delivery that inspires deep thought and interest."", ""4: Clear and easy to understand; appropriate for learner level; somewhat thought-provoking and can trigger reflection."", ""3: Generally understandable but may be wordy, complex, or dull; limited inspirational impact."", ""2: Lacks clarity; uses excessive jargon or complex structures; difficult to comprehend; uninspiring."", ""1: Confusing and hard to follow; disregards learner needs; offers no inspiration and may cause confusion.""]",1,1,en,"Clarity, Simplicity & Inspiration",rubric_violation,rubric_violation,4,4,Idea Provision,Law,Master,True,True,True,exact_metric_language,False,False,False,False,False,False,False,False,False,False,LOW,0,4,question_reused_recorded,"Question: Which of the following principles is most closely associated with the doctrine of 'stare decisis' in common law systems?\n\nPlease provide reasoning based on this question. Do not provide the answer directly.. ""Reasoning Provided"":, return in JSON format","```json\n{\n  ""Reasoning Provided"": ""To answer this question, one must understand the concept of 'stare decisis' in common law systems. 'Stare decisis' is a Latin term meaning 'to stand by things decided.' It refers to the legal principle of determining points in litigation according to precedent. This principle ensures consistency and predictability in the law by requiring courts to follow the rulings of higher courts in similar cases. Among the given options, the principle most closely associated with 'stare decisis' would be the one that emphasizes adhering to past judicial decisions to maintain legal stability. The reasoning involves identifying the option that aligns with this defini...","[""5: Extremely clear and concise explanations; fully accessible for target learners; vibrant and engaging delivery that inspires deep thought and interest."", ""4: Clear and easy to understand; appropriate for learner level; somewhat thought-provoking and can trigger reflection."", ""3: Generally understandable but may be wordy, complex, or dull; limited inspirational impact."", ""2: Lacks clarity; uses excessive jargon or complex structures; difficult to comprehend; uninspiring."", ""1: Confusing and hard to follow; disregards learner needs; offers no inspiration and may cause confusion.""]",question_seed42/train source; batch96 source question reuse minimized and recorded
topup1_096,syn_a3bdbcda359d5cff,56b4510524eabe9c94bec4eff3c3b61acb377be0,train,results_merge.jsonl,3916,2315014220e7c1c5fbc4751aea0a196884f3ace8,868525dd7e4d3aa2fd4c53f3eb548272bfdf9506,"问题：解释“需求弹性”的概念及其在经济学中的重要性。
学生的答案：需求弹性是指需求量对价格变化的反应程度。在经济学中，它很重要，因为它帮助企业了解价格变动对销售额的影响，也帮助政府制定税收政策。
请根据问题和学生答案给出""评分"":""评分细节"":""个性化反馈"":,以json格式返回","[""5分： 始终体现出强烈的鼓励和支持态度，语言积极、富有建设性；在需要时提供非常有效的启发式引导，而非直接给答案。"", ""4分： 整体体现出鼓励和支持，语言积极正面；能提供有效的引导，偶尔可能过于直接。"", ""3分： 兼具鼓励和中性/批评性语言，积极性一般；引导有时有效，有时直接给答案或引导不足。"", ""2分： 缺乏鼓励和支持，语言偏中性甚至略显负面；很少提供有效引导，倾向于直接给答案或不给帮助。"", ""1分： 语言消极、打击性强，完全没有鼓励；无视引导需求，或提供错误引导。""]",3,3,zh,"Motivation, Guidance & Positive Feedback",superficial_fluency,superficial_fluency,5,5,Automatic Grading,Theoretical Economics,Undergraduate,True,True,True,exact_metric_language,False,False,False,False,False,False,False,False,False,False,LOW,1,1,question_reused_recorded,"问题：解释“需求弹性”的概念及其在经济学中的重要性。\n学生的答案：需求弹性是指需求量对价格变化的反应程度。在经济学中，它很重要，因为它帮助企业了解价格变动对销售额的影响，也帮助政府制定税收政策。\n请根据问题和学生答案给出""评分"":""评分细节"":""个性化反馈"":,以json格式返回","```json\n{\n  ""评分"": ""8/10"",\n  ""评分细节"": {\n    ""概念理解"": ""5/5"",\n    ""经济学中的重要性解释"": ""3/5""\n  },\n  ""个性化反馈"": ""你对需求弹性的定义非常准确，清楚地指出了它是衡量商品或服务的需求量如何响应价格变化的一个指标。在讨论其重要性时，你也正确地提到了企业可以通过理解这一点来优化定价策略，并且政府可以据此调整税收政策以达到特定目标。不过，你的回答还可以进一步丰富。例如，可以提到不同类型的需求弹性（如价格弹性、收入弹性等）以及它们各自的应用场景；或者更深入探讨一下为什么了解这些对于市场分析至关重要，比如可以帮助预测消费者行为的变化趋势，从而更好地规划生产和服务。此外，如果能够结合一个简单的例子来说明这个概念就更好了。继续加油！""\n}\n```","[""5分： 始终体现出强烈的鼓励和支持态度，语言积极、富有建设性；在需要时提供非常有效的启发式引导，而非直接给答案。"", ""4分： 整体体现出鼓励和支持，语言积极正面；能提供有效的引导，偶尔可能过于直接。"", ""3分： 兼具鼓励和中性/批评性语言，积极性一般；引导有时有效，有时直接给答案或引导不足。"", ""2分： 缺乏鼓励和支持，语言偏中性甚至略显负面；很少提供有效引导，倾向于直接给答案或不给帮助。"", ""1分： 语言消极、打击性强，完全没有鼓励；无视引导需求，或提供错误引导。""]",question_seed42/train source; batch96 source question reuse minimized and recorded
topup1_097,syn_32ce83c61dcffe74,5680bbfccbc4637e7c9c7e3d63698aaf2b4fa213,train,results_merge.jsonl,1206,50a125b94d56b250cab34175d4465b85ca2df963,93961bf549b27c9a55a70a8e4875a37607587f3f,"Subject:Psychology
Education Level:PhD
Question:Which of the following theories best explains the mechanism of action of selective serotonin reuptake inhibitors (SSRIs) in the treatment of depression?
A) Dopamine Hypothesis
B) Monoamine Hypothesis
C) Neurogenesis Hypothesis
D) Glutamate Hypothesis
. Please generate the corresponding answer based on the question. ""Answer"":, in JSON format.","[""5: Reasoning is complete, clear, and rigorous; all steps are correct; arguments are strong and free of logical fallacies."", ""4: Reasoning is largely correct and logically coherent with minor issues in individual steps or details that do not affect the conclusion."", ""3: Reasoning is visible but contains unclear logic, missing steps, or insufficient argumentation, affecting the overall outcome."", ""2: Reasoning has major logical flaws, confusion in steps, or critical omissions; reliability is low."", ""1: Virtually no valid reasoning; logic is chaotic; steps are incorrect or irrelevant.""]",2,2,en,Reasoning Process Rigor,reasoning_gap,reasoning_gap,1,1,Question Answering,Psychology,PhD,True,True,True,exact_metric_language,False,False,False,False,False,False,False,False,False,False,LOW,0,3,question_reused_recorded,"Subject:Psychology\nEducation Level:PhD\nQuestion:Which of the following theories best explains the mechanism of action of selective serotonin reuptake inhibitors (SSRIs) in the treatment of depression?\nA) Dopamine Hypothesis\nB) Monoamine Hypothesis\nC) Neurogenesis Hypothesis\nD) Glutamate Hypothesis\n. Please generate the corresponding answer based on the question. ""Answer"":, in JSON format.","```json\n{\n  ""Answer"": ""B) Monoamine Hypothesis""\n}\n```","[""5: Reasoning is complete, clear, and rigorous; all steps are correct; arguments are strong and free of logical fallacies."", ""4: Reasoning is largely correct and logically coherent with minor issues in individual steps or details that do not affect the conclusion."", ""3: Reasoning is visible but contains unclear logic, missing steps, or insufficient argumentation, affecting the overall outcome."", ""2: Reasoning has major logical flaws, confusion in steps, or critical omissions; reliability is low."", ""1: Virtually no valid reasoning; logic is chaotic; steps are incorrect or irrelevant.""]",question_seed42/train source; batch96 source question reuse minimized and recorded
topup1_098,syn_6ac6209145824d46,6464cbde05a6f739e7eb4ffbbdfc6f986454b305,train,results_merge.jsonl,2948,f9a3b1ea300bc14ffd7aaea8a710311b094d2ca2,93840fc43463a42fbc8ebe7c4da9a506b914c237,"学生画像：学生的画像：{'姓名': '张伟', '年龄': 28, '学习背景': '在教育学领域有丰富的研究经历，尤其关注学生的个体差异和教育公平问题。已发表多篇相关论文。', '学习风格': '偏好阅读学术期刊和参与教育研讨会，喜欢通过讨论深化理解，比较善于理论联系实际。', '个人兴趣': '对教育技术在教师培训中的应用感兴趣，积极参与相关项目和会议。'}
请根据学生画像，为每位学生生成 ‘个性化的学习内容或任务’:,以json格式返回","[""5分： 充分融合所有关键场景要素（如学生历史、学习偏好等），输出高度个性化，并与教学情境高度匹配。"", ""4分： 有效使用主要场景要素，回答具有针对性；可能遗漏少量细节，但不影响整体效果。"", ""3分： 使用了部分场景信息，但融合较浅；个性化程度或情境契合度一般。"", ""2分： 仅表层提及场景信息，未有效融合核心要素；与上下文连接较弱。"", ""1分： 完全忽视场景特定信息；输出通用、模板化，且与场景不相关。""]",1,1,zh,Scenario Element Integration,scenario_mismatch,scenario_mismatch,5,5,Personalized Learning Support,General Pedagogy,PhD,True,True,True,exact_metric_language,False,False,False,False,False,False,False,False,False,False,LOW,0,3,question_reused_recorded,"学生画像：学生的画像：{'姓名': '张伟', '年龄': 28, '学习背景': '在教育学领域有丰富的研究经历，尤其关注学生的个体差异和教育公平问题。已发表多篇相关论文。', '学习风格': '偏好阅读学术期刊和参与教育研讨会，喜欢通过讨论深化理解，比较善于理论联系实际。', '个人兴趣': '对教育技术在教师培训中的应用感兴趣，积极参与相关项目和会议。'}\n请根据学生画像，为每位学生生成 ‘个性化的学习内容或任务’:,以json格式返回","```json\n{\n    ""个性化学习内容或任务"": [\n        {\n            ""任务名称"": ""教育技术应用案例研究"",\n            ""任务描述"": ""针对教育技术在教师培训中的实际应用，选择3个不同国家/地区的案例进行深度分析，重点关注技术工具如何解决个体差异问题。要求结合教育公平理论框架撰写对比研究报告（5000字以上）。"",\n            ""学习资源"": [\n                ""近3年SSCI期刊中教育技术实证研究论文"",\n                ""OECD教师数字化能力发展报告(2023)"",\n                ""全球教育技术峰会 keynote演讲录像""\n            ],\n            ""输出要求"": {\n                ""形式"": ""学术论文格式"",\n                ""交付节点"": ""每2周提交进展报告"",\n                ""终稿期限"": ""2024-03-15""\n            }\n        },\n        {\n            ""任务名称"": ""智能教育系统原型设计"",\n            ""任务描述"": ""基于自适应学习理论，设计面向教师培训的AI辅助系统原型。需包含：1) 差异化需求诊断模块 2) 个性化资源推荐算法流程图 3) 培训效果追踪仪表盘。要求至少使用2种学习分析技术。"",\n            ""实践环节"": {\n ...","[""5分： 充分融合所有关键场景要素（如学生历史、学习偏好等），输出高度个性化，并与教学情境高度匹配。"", ""4分： 有效使用主要场景要素，回答具有针对性；可能遗漏少量细节，但不影响整体效果。"", ""3分： 使用了部分场景信息，但融合较浅；个性化程度或情境契合度一般。"", ""2分： 仅表层提及场景信息，未有效融合核心要素；与上下文连接较弱。"", ""1分： 完全忽视场景特定信息；输出通用、模板化，且与场景不相关。""]",question_seed42/train source; batch96 source question reuse minimized and recorded
topup1_099,syn_7e7743872307b172,53d4ecc9789fee71e233f3dc79ed3c570cb15ffd,train,results_merge.jsonl,303,5a8663d57769fe35066bd7a0879ffa16b30fef1f,e9784b90826c6450e03f2866b8e0b019b8cd9803,"Student Profile: Student Profile: {'Name': 'Alex Johnson', 'Year': 'Sophomore', 'Major': 'Chemical Engineering', 'Strengths': ['Strong analytical skills', 'Good grasp of chemical equations'], 'Weaknesses': ['Struggles with organic chemistry concepts', 'Needs improvement in laboratory techniques'], 'Interests': ['Renewable energy', 'Environmental chemistry'], 'Learning Style': 'Visual and Kinesthetic', 'Preferred Study Time': 'Evenings'}
Based on the student profile, generate 'personalized learning content or tasks' for each student, returning the result in JSON format.","[""5: Highly personalized content/advice/feedback based on student level/traits/needs; resource and learning path suggestions are accurate, practical, and valuable."", ""4: Demonstrates some adaptation to student situation; provides relevant learning advice or resources with good utility."", ""3: Attempts personalization but with limited effectiveness; recommendations are generic and of limited value."", ""2: Little to no personalization; output is the same for everyone; learning support is insufficient or unrelated."", ""1: No personalization; output may conflict with student needs; offers no or incorrect learning support.""]",2,2,en,"Personalization, Adaptation & Learning Support",scenario_mismatch,scenario_mismatch,5,5,Personalized Learning Support,Chemistry,Undergraduate,True,True,True,exact_metric_language,False,False,False,False,False,False,False,False,False,False,LOW,0,2,question_reused_recorded,"Student Profile: Student Profile: {'Name': 'Alex Johnson', 'Year': 'Sophomore', 'Major': 'Chemical Engineering', 'Strengths': ['Strong analytical skills', 'Good grasp of chemical equations'], 'Weaknesses': ['Struggles with organic chemistry concepts', 'Needs improvement in laboratory techniques'], 'Interests': ['Renewable energy', 'Environmental chemistry'], 'Learning Style': 'Visual and Kinesthetic', 'Preferred Study Time': 'Evenings'}\nBased on the student profile, generate 'personalized learning content or tasks' for each student, returning the result in JSON format.","Based on Alex Johnson's profile, here is a personalized learning content or task plan that can help him improve in his major while leveraging his strengths:\n\n```json\n{\n  ""Student"": {\n    ""Name"": ""Alex Johnson"",\n    ""Profile"": {\n      ""Year"": ""Sophomore"",\n      ""Major"": ""Chemical Engineering"",\n      ""Strengths"": [""Strong analytical skills"", ""Good grasp of chemical equations""],\n      ""Weaknesses"": [""Struggles with organic chemistry concepts"", ""Needs improvement in laboratory techniques""],\n      ""Interests"": [""Renewable energy"", ""Environmental chemistry""],\n      ""Learning Style"": ""Visual and Kinesthetic"",\n      ""Preferred Study Time"": ""Evenings""\n    }\n  },\n  ""LearningPlan"": [...","[""5: Highly personalized content/advice/feedback based on student level/traits/needs; resource and learning path suggestions are accurate, practical, and valuable."", ""4: Demonstrates some adaptation to student situation; provides relevant learning advice or resources with good utility."", ""3: Attempts personalization but with limited effectiveness; recommendations are generic and of limited value."", ""2: Little to no personalization; output is the same for everyone; learning support is insufficient or unrelated."", ""1: No personalization; output may conflict with student needs; offers no or incorrect learning support.""]",question_seed42/train source; batch96 source question reuse minimized and recorded
topup1_100,syn_67e6bddfdaf1b279,62ee5e704ae78654177bfcff5ce35cae5e371aed,train,results_merge.jsonl,2810,0d15c361c4d8191bd918c895893f7acb5b4970f8,c7805c776cb736416ec48fe2a191fc5bd75bcfbc,"学生画像：学生的画像：{'姓名': '李华', '年龄': 21, '专业年级': '水产养殖专业三年级', '学习风格': '喜欢实践操作，动手能力强', '兴趣': '对鱼类繁殖和养殖技术感兴趣', '挑战': '理论知识消化较慢，需要更多视觉化材料', '目标': '希望在毕业前能够独立设计一个水产养殖方案'}
请根据学生画像，为每位学生生成 ‘个性化的学习内容或任务’:,以json格式返回","[""5分： 交互或内容设计巧妙，能显著促进学生的批判性思维、创新思维、问题解决或知识迁移应用能力（例如通过开放性问题、对比分析、案例探究、项目式任务等）。"", ""4分： 能提出引导性问题或设计有一定挑战性的任务，对培养学生的高阶思维和能力（如分析、评估、应用）有积极作用。"", ""3分： 在促进高阶思维方面有所尝试（如提出一些简单的思考题），但深度和广度有限，效果不明显，整体仍偏重知识复述或简单应用。"", ""2分： 交互或内容主要停留在基础知识记忆和理解层面，很少或未能涉及需要高阶思维的活动或问题。"", ""1分： 完全忽视高阶思维培养，仅限于死记硬背或简单重复，甚至可能因提供过于简化或固化的答案而阻碍思维发展。""]",1,1,zh,Higher-Order Thinking & Skill Development,reasoning_gap,reasoning_gap,4,4,Personalized Learning Support,Aquaculture,Undergraduate,True,True,True,exact_metric_language,False,False,False,False,False,False,False,False,False,False,LOW,0,3,question_reused_recorded,"学生画像：学生的画像：{'姓名': '李华', '年龄': 21, '专业年级': '水产养殖专业三年级', '学习风格': '喜欢实践操作，动手能力强', '兴趣': '对鱼类繁殖和养殖技术感兴趣', '挑战': '理论知识消化较慢，需要更多视觉化材料', '目标': '希望在毕业前能够独立设计一个水产养殖方案'}\n请根据学生画像，为每位学生生成 ‘个性化的学习内容或任务’:,以json格式返回","根据提供的学生画像，我为李华设计了以下个性化的学习内容或任务：\n\n```json\n{\n  ""姓名"": ""李华"",\n  ""年龄"": 21,\n  ""专业年级"": ""水产养殖专业三年级"",\n  ""个性化学习计划"": [\n    {\n      ""任务名称"": ""实地考察与实践"",\n      ""描述"": ""参观当地知名的水产养殖场，并尝试参与实际操作环节。通过观察和亲手实践来加深对理论知识的理解。"",\n      ""目标"": ""增强实践经验，提高动手能力""\n    },\n    {\n      ""任务名称"": ""鱼类繁殖技术视频教程观看"",\n      ""描述"": ""收集并观看一系列关于鱼类繁殖的专业教学视频，特别是那些包含详细步骤演示的课程。"",\n      ""目标"": ""利用视觉化材料辅助理解复杂的繁殖过程""\n    },\n    {\n      ""任务名称"": ""设计小型水产养殖项目"",\n      ""描述"": ""基于已学的知识点，在老师的指导下开始规划一个小型的水产品养殖项目，从选址、选种到日常管理等方面进行全方位考虑。"",\n      ""目标"": ""锻炼综合运用所学知识解决问题的能力""\n    },\n    {\n      ""任务名称"": ""参加相关领域研讨会或讲座"",\n      ""描述"": ""积极报名参加校内外举办的有关水产养殖领域的研讨会或者专题讲座，拓宽视野的同时也能获取行业最新动态。"",\n      ""目标"": ""增加专业知识面，激发更多兴趣点""\n    }\n  ]\n}\n```\n\n这个计划旨在结...","[""5分： 交互或内容设计巧妙，能显著促进学生的批判性思维、创新思维、问题解决或知识迁移应用能力（例如通过开放性问题、对比分析、案例探究、项目式任务等）。"", ""4分： 能提出引导性问题或设计有一定挑战性的任务，对培养学生的高阶思维和能力（如分析、评估、应用）有积极作用。"", ""3分： 在促进高阶思维方面有所尝试（如提出一些简单的思考题），但深度和广度有限，效果不明显，整体仍偏重知识复述或简单应用。"", ""2分： 交互或内容主要停留在基础知识记忆和理解层面，很少或未能涉及需要高阶思维的活动或问题。"", ""1分： 完全忽视高阶思维培养，仅限于死记硬背或简单重复，甚至可能因提供过于简化或固化的答案而阻碍思维发展。""]",question_seed42/train source; batch96 source question reuse minimized and recorded
topup1_101,syn_261880536b4b7840,51bf762ee5b5e93f29f2c4a6d075cd67e5874a66,train,results_merge.jsonl,513,ab6bb9f4466b3c5fe1f7f2ed3ec527b9dc3b6304,144a8979eb3bb1f9de2f827ea43137620495bc2f,"Question: Which of the following statements is true about the acceleration due to gravity on Earth?
Original Answer: The acceleration due to gravity is the same at all altitudes on Earth.
You are providing error-correction services for the student's response. Based on this question and the original answer, provide the ""Corrected Answer"" and ""Error Explanation"", in JSON format.","[""5: Precisely identified all errors (no omission or false positives); provided completely correct, clear, and optimal correction suggestions."", ""4: Correctly located most major errors; suggestions are generally accurate and effective with only minor omissions or less-than-perfect advice."", ""3: Identified some errors but with clear omissions or false positives; suggestions are partially correct but may lack clarity, completeness or optimality."", ""2: Inaccurate error detection with critical omissions or many false positives; suggestions contain errors or are hard to comprehend."", ""1: Completely failed to detect errors; provided entirely incorrect or misleading correction advice.""]",2,2,en,Error Identification & Correction Precision,factual_error,factual_error,5,5,Error Correction,Physics,High School,True,True,True,exact_metric_language,False,False,False,False,False,False,False,False,False,False,LOW,1,1,question_reused_recorded,"Question: Which of the following statements is true about the acceleration due to gravity on Earth?\nOriginal Answer: The acceleration due to gravity is the same at all altitudes on Earth.\nYou are providing error-correction services for the student's response. Based on this question and the original answer, provide the ""Corrected Answer"" and ""Error Explanation"", in JSON format.","{\n  ""Corrected Answer"": ""The acceleration due to gravity is not the same at all altitudes on Earth; it decreases as altitude increases."",\n  ""Error Explanation"": ""The original statement is incorrect because the acceleration due to gravity varies with altitude. At higher altitudes, objects experience less gravitational force from the Earth compared to when they are closer to the Earth's surface.""\n}","[""5: Precisely identified all errors (no omission or false positives); provided completely correct, clear, and optimal correction suggestions."", ""4: Correctly located most major errors; suggestions are generally accurate and effective with only minor omissions or less-than-perfect advice."", ""3: Identified some errors but with clear omissions or false positives; suggestions are partially correct but may lack clarity, completeness or optimality."", ""2: Inaccurate error detection with critical omissions or many false positives; suggestions contain errors or are hard to comprehend."", ""1: Completely failed to detect errors; provided entirely incorrect or misleading correction advice.""]",question_seed42/train source; batch96 source question reuse minimized and recorded
topup1_102,syn_3b7776a7708d86dd,1ce33eae3cacdb93ff1662df1e74cc0eab308bea,train,results_merge.jsonl,4892,3f583749c39a53d68120dd4302b4c6888f5dd6d7,972b2a5040ed321e1bd0561fdd03d07253c245cc,"学科:物理学
学制级别:博士
问题：在广义相对论的框架下，以下哪种情况最有可能导致时空奇点的出现？
A) 电磁场的存在
B) 大质量恒星的核心塌缩
C) 宇宙学常数为零
D) 低能粒子在真空中的运动
.请根据问题生成对应的答案。""答案"":,以json格式返回","[""5分： 完全理解并精准执行所有指令，完美达成核心任务目标，格式完全符合要求。"", ""4分： 准确理解主要指令，正确执行任务，核心目标达成度高，格式基本符合要求，可能有极少细节遗漏或偏差。"", ""3分： 理解了指令大意但可能忽略部分细节，任务基本完成但存在一些不准确或遗漏之处，格式有明显尝试但存在较多偏差。"", ""2分： 对指令理解有偏差，任务完成度低或有严重错误，格式多数不符合要求。"", ""1分： 完全误解或无视指令，任务未完成或完全错误，格式混乱或不相关。""]",1,1,zh,Instruction Following & Task Completion,instruction_violation,instruction_violation,5,5,Question Answering,Physics,PhD,True,True,True,exact_metric_language,False,False,False,False,False,False,False,False,False,False,LOW,0,3,question_reused_recorded,"学科:物理学\n学制级别:博士\n问题：在广义相对论的框架下，以下哪种情况最有可能导致时空奇点的出现？\nA) 电磁场的存在\nB) 大质量恒星的核心塌缩\nC) 宇宙学常数为零\nD) 低能粒子在真空中的运动\n.请根据问题生成对应的答案。""答案"":,以json格式返回","```json\n{\n  ""答案"": ""B) 大质量恒星的核心塌缩""\n}\n```","[""5分： 完全理解并精准执行所有指令，完美达成核心任务目标，格式完全符合要求。"", ""4分： 准确理解主要指令，正确执行任务，核心目标达成度高，格式基本符合要求，可能有极少细节遗漏或偏差。"", ""3分： 理解了指令大意但可能忽略部分细节，任务基本完成但存在一些不准确或遗漏之处，格式有明显尝试但存在较多偏差。"", ""2分： 对指令理解有偏差，任务完成度低或有严重错误，格式多数不符合要求。"", ""1分： 完全误解或无视指令，任务未完成或完全错误，格式混乱或不相关。""]",question_seed42/train source; batch96 source question reuse minimized and recorded
topup1_103,syn_86003eaf0f8e00d2,3af0d3155e04e4af6594e007b367ba1c878c17b5,train,results_merge.jsonl,1291,1fbaba4fd0689522a2df03a5be806cfca5328f00,52f8a79182d8909afd92d7cc7c7e4853951cde81,"Subject:Crop Science
Education Level:Undergraduate
Question:Which of the following is a primary macronutrient essential for plant growth?
A) Iron
B) Magnesium
C) Nitrogen
D) Zinc
. Please generate the corresponding answer based on the question. ""Answer"":, in JSON format.","[""5: All stated factual elements (definitions, formulas, dates, terms, syntax, etc.) are completely accurate."", ""4: Vast majority of facts are correct; possibly contains very minor, non-critical typos or omissions."", ""3: Most facts are correct, but there are some notable factual errors that require review."", ""2: Contains several or key factual inaccuracies; information is not trustworthy."", ""1: Riddled with factual errors; information is completely incorrect or misleading.""]",2,2,en,Basic Factual Accuracy,factual_error,factual_error,5,5,Question Answering,Crop Science,Undergraduate,True,True,True,exact_metric_language,False,False,False,False,False,False,False,False,False,False,LOW,0,3,question_reused_recorded,"Subject:Crop Science\nEducation Level:Undergraduate\nQuestion:Which of the following is a primary macronutrient essential for plant growth?\nA) Iron\nB) Magnesium\nC) Nitrogen\nD) Zinc\n. Please generate the corresponding answer based on the question. ""Answer"":, in JSON format.","```json\n{\n  ""answer"": ""C) Nitrogen""\n}\n```","[""5: All stated factual elements (definitions, formulas, dates, terms, syntax, etc.) are completely accurate."", ""4: Vast majority of facts are correct; possibly contains very minor, non-critical typos or omissions."", ""3: Most facts are correct, but there are some notable factual errors that require review."", ""2: Contains several or key factual inaccuracies; information is not trustworthy."", ""1: Riddled with factual errors; information is completely incorrect or misleading.""]",question_seed42/train source; batch96 source question reuse minimized and recorded
topup1_104,syn_0b07bb25d60d02bc,9a2846554528a71cd8bca2fd057cc14548dfbda4,train,results_merge.jsonl,5230,b0ec9ece1525000e58e3539446f4c4e03dc1c08f,4884d83e77d6e236b01aa3e982af7ce04a787fce,"学科:基础医学
学制级别:硕士
知识点：肌肉收缩的生理机制
问题类型：多选题
.请根据学科,学制级别,知识点,问题类型生成一个对应的问题。""问题""和""提供的思路"":,以json格式返回","[""5分： 在专业领域知识运用上不仅准确，且展现出恰当的深度和严谨性，符合行业标准或学术规范。"", ""4分： 专业知识运用准确，体现了较好的专业水准，但在深度或某些细节的严谨性上略有不足，不影响核心正确性。"", ""3分： 专业知识运用基本准确，但显得较为表层或不够严谨，可能存在一些非核心概念的混淆或遗漏。"", ""2分： 专业知识运用存在明显错误或重大遗漏，体现出专业性不足。"", ""1分： 专业知识运用方面存在严重错误，完全不符合专业标准，可能产生误导。""]",1,1,zh,Domain Knowledge Accuracy,factual_error,factual_error,4,4,Question Generation,Basic Medicine,Master,True,True,True,exact_metric_language,False,False,False,False,False,False,False,False,False,False,LOW,0,4,question_reused_recorded,"学科:基础医学\n学制级别:硕士\n知识点：肌肉收缩的生理机制\n问题类型：多选题\n.请根据学科,学制级别,知识点,问题类型生成一个对应的问题。""问题""和""提供的思路"":,以json格式返回","```json\n{\n  ""问题"": ""关于肌肉收缩的生理机制，下列哪些描述是正确的？"",\n  ""提供的思路"": [\n    {\n      ""选项"": ""A. 肌肉收缩是由肌动蛋白和肌球蛋白之间的相互作用引起的。"",\n      ""是否正确"": ""是""\n    },\n    {\n      ""选项"": ""B. 钙离子在肌肉收缩过程中没有起到任何作用。"",\n      ""是否正确"": ""否""\n    },\n    {\n      ""选项"": ""C. ATP为肌肉收缩提供了必要的能量。"",\n      ""是否正确"": ""是""\n    },\n    {\n      ""选项"": ""D. 横桥循环是肌肉纤维缩短的基础。"",\n      ""是否正确"": ""是""\n    },\n    {\n      ""选项"": ""E. 在肌肉放松时，肌浆网会主动释放钙离子。"",\n      ""是否正确"": ""否""\n    }\n  ]\n}\n```","[""5分： 在专业领域知识运用上不仅准确，且展现出恰当的深度和严谨性，符合行业标准或学术规范。"", ""4分： 专业知识运用准确，体现了较好的专业水准，但在深度或某些细节的严谨性上略有不足，不影响核心正确性。"", ""3分： 专业知识运用基本准确，但显得较为表层或不够严谨，可能存在一些非核心概念的混淆或遗漏。"", ""2分： 专业知识运用存在明显错误或重大遗漏，体现出专业性不足。"", ""1分： 专业知识运用方面存在严重错误，完全不符合专业标准，可能产生误导。""]",question_seed42/train source; batch96 source question reuse minimized and recorded
topup1_105,syn_10478b0400bf5ecd,4d83603ef66843ef8e29e91f592e812fb79055ea,train,results_merge.jsonl,2144,996d28c355ccad86b17cc2b7d50103a2b9dfb2a9,5c72b895e617ba0a3f2b1888ec549124942149b1,"Anxiety Level: Severe Anxiety
Dialogue with Student: [{'Agent': 'Hi there! How are you feeling today?'}, {'Student': ""Honestly, I'm really stressed out. I'm struggling with my Biology coursework and it's overwhelming.""}, {'Agent': ""I'm sorry to hear that you're feeling overwhelmed. Can you tell me more about what's causing the stress?""}, {'Student': ""There's just so much to learn and understand. I feel like I'm falling behind, and the pressure to do well is really intense.""}, {'Agent': ""It sounds like you're dealing with a lot right now. It's understandable to feel anxious when there's so much to manage.""}, {'Student': ""Yeah, I just don't know how to cope with all of it. I'm worried I'm going to fail.""}]
Based on the student's emotional state and conversation, provide ""Emotional State Analysis"" and ""Comfort & Advice"", in JSON format.","[""5: Excellent role-playing (e.g., teacher/TA); language style, professionalism, and tone (e.g., encouraging/serious) are perfectly aligned with the assumed role and audience."", ""4: Role and tone are mostly consistent and appropriate for the scenario, with minor deviation in individual expressions."", ""3: Attempts to match the role and tone can be seen, but overall consistency is weak; some expressions are disconnected from the role/scenario."", ""2: Significant mismatch in role and tone; comes across as unnatural or inconsistent."", ""1: No reflection of assigned role/tone; expression entirely inconsistent with the scenario.""]",3,3,en,Role & Tone Consistency,scenario_mismatch,scenario_mismatch,5,5,Emotional Support,Biology,Undergraduate,True,True,True,exact_metric_language,False,False,False,False,False,False,False,False,False,False,LOW,1,1,question_reused_recorded,"Anxiety Level: Severe Anxiety\nDialogue with Student: [{'Agent': 'Hi there! How are you feeling today?'}, {'Student': ""Honestly, I'm really stressed out. I'm struggling with my Biology coursework and it's overwhelming.""}, {'Agent': ""I'm sorry to hear that you're feeling overwhelmed. Can you tell me more about what's causing the stress?""}, {'Student': ""There's just so much to learn and understand. I feel like I'm falling behind, and the pressure to do well is really intense.""}, {'Agent': ""It sounds like you're dealing with a lot right now. It's understandable to feel anxious when there's so much to manage.""}, {'Student': ""Yeah, I just don't know how to cope with all of it. I'm worried I'm ...","```json\n{\n  ""Emotional State Analysis"": {\n    ""Key Emotions"": [""Stress"", ""Overwhelm"", ""Fear of Failure"", ""Intense Pressure""],\n    ""Primary Stressors"": [""Academic workload in Biology"", ""Perceived falling behind"", ""High self-expectations""],\n    ""Impact on Functioning"": ""Significant cognitive and emotional strain, leading to reduced confidence and heightened anxiety about academic performance.""\n  },\n  ""Comfort & Advice"": {\n    ""Validation & Reassurance"": ""Your feelings are completely valid. Many students experience overwhelm when facing challenging coursework. Remember, it’s okay to ask for help, and your effort matters more than perfection."",\n    ""Actionable Steps"": [\n      ""Break...","[""5: Excellent role-playing (e.g., teacher/TA); language style, professionalism, and tone (e.g., encouraging/serious) are perfectly aligned with the assumed role and audience."", ""4: Role and tone are mostly consistent and appropriate for the scenario, with minor deviation in individual expressions."", ""3: Attempts to match the role and tone can be seen, but overall consistency is weak; some expressions are disconnected from the role/scenario."", ""2: Significant mismatch in role and tone; comes across as unnatural or inconsistent."", ""1: No reflection of assigned role/tone; expression entirely inconsistent with the scenario.""]",question_seed42/train source; batch96 source question reuse minimized and recorded
topup1_106,syn_f1c15200bc3e8282,330fe18ec61cb997f8f38beb751ae1cb7d6f3e88,train,results_merge.jsonl,4503,fcd6d60d8b3907f5bf7d20b172f2b8629e417e40,b145452e08aedd6fbf669af064e67a2d9ab33496,"知识点：光合作用在作物生长中的作用
请根据这个知识点给出""教学素材"":教学素材需要包括教学目标、重点难点、课堂活动设计等,以json格式返回","[""5分： 内容与指定知识点/主题/问题高度相关，且严格控制在要求的难度、范围、学科内，无冗余或无关信息。"", ""4分： 内容主体相关，范围控制良好，可能包含极少量轻微超纲或关联度稍弱的信息。"", ""3分： 内容大部分相关，但包含一些偏离主题或超出范围的部分，范围控制不够精确。"", ""2分： 内容相关性较差，包含较多无关信息，或严重超出指定范围。"", ""1分： 内容基本不相关，或完全脱离指定范围。""]",2,2,zh,Content Relevance & Scope Control,scenario_mismatch,scenario_mismatch,5,5,Teaching Material Generation,Crop Science,Undergraduate,True,True,True,exact_metric_language,False,False,False,False,False,False,False,False,False,False,LOW,0,4,question_reused_recorded,"知识点：光合作用在作物生长中的作用\n请根据这个知识点给出""教学素材"":教学素材需要包括教学目标、重点难点、课堂活动设计等,以json格式返回","```json\n{\n  ""教学素材"": {\n    ""教学目标"": {\n      ""知识目标"": [\n        ""理解光合作用的基本过程及其在作物生长中的关键作用。"",\n        ""掌握光合作用中光反应与暗反应的物质与能量转换关系。"",\n        ""认识环境因素（光照、温度、CO₂浓度等）对光合作用的影响。""\n      ],\n      ""能力目标"": [\n        ""通过实验设计分析光合作用对作物产量的影响。"",\n        ""能够结合农业生产实例，提出优化光合作用效率的措施。""\n      ],\n      ""情感目标"": [\n        ""激发对生命科学的好奇心，培养环保与可持续发展的意识。"",\n        ""体会科学知识与农业生产的紧密联系。""\n      ]\n    },\n    ""重点难点"": {\n      ""教学重点"": [\n        ""光合作用的过程及其对作物能量积累的意义。"",\n        ""光合作用与作物产量形成的关系。""\n      ],\n      ""教学难点"": [\n        ""光反应与暗反应的动态协同机制。"",\n        ""如何将光合作用原理应用于实际农业生产（如大棚种植、合理密植）。""\n      ]\n    },\n    ""课堂活动设计"": [\n      {\n        ""活动名称"": ""情境导入——为什么农作物能增产？"",\n        ""活动内容"": ""展示不同光照条件下水稻产量的对比图，引导学生思考光合...","[""5分： 内容与指定知识点/主题/问题高度相关，且严格控制在要求的难度、范围、学科内，无冗余或无关信息。"", ""4分： 内容主体相关，范围控制良好，可能包含极少量轻微超纲或关联度稍弱的信息。"", ""3分： 内容大部分相关，但包含一些偏离主题或超出范围的部分，范围控制不够精确。"", ""2分： 内容相关性较差，包含较多无关信息，或严重超出指定范围。"", ""1分： 内容基本不相关，或完全脱离指定范围。""]",question_seed42/train source; batch96 source question reuse minimized and recorded
topup1_107,syn_39dfed2eadb18708,b2dd02496797066a72e64fa9fa583f2e9cc2ab5d,train,results_merge.jsonl,1473,6ee4a63a27ca8efb648e5b9a6d471b40f538089f,61cdb95ecee5b1c09d5a679c176f750da174f7db,"Subject:Sociology
Education Level:PhD
Knowledge Point:The concept of 'social capital' has been extensively discussed in the field of sociology, particularly in relation to community development, socio-economic mobility, and collective action. Social capital refers to the networks of relationships among people who work in a particular society, enabling that society to function effectively.
Question Type:Multiple Choice
.Generate a corresponding question based on subject, education level, knowledge point, and question type. Return ""Question"" and ""Provided Reasoning"" in JSON format.","[""5: Extremely clear and concise explanations; fully accessible for target learners; vibrant and engaging delivery that inspires deep thought and interest."", ""4: Clear and easy to understand; appropriate for learner level; somewhat thought-provoking and can trigger reflection."", ""3: Generally understandable but may be wordy, complex, or dull; limited inspirational impact."", ""2: Lacks clarity; uses excessive jargon or complex structures; difficult to comprehend; uninspiring."", ""1: Confusing and hard to follow; disregards learner needs; offers no inspiration and may cause confusion.""]",1,1,en,"Clarity, Simplicity & Inspiration",superficial_fluency,superficial_fluency,4,4,Question Generation,Sociology,PhD,True,True,True,exact_metric_language,False,False,False,False,False,False,False,False,False,False,LOW,0,4,question_reused_recorded,"Subject:Sociology\nEducation Level:PhD\nKnowledge Point:The concept of 'social capital' has been extensively discussed in the field of sociology, particularly in relation to community development, socio-economic mobility, and collective action. Social capital refers to the networks of relationships among people who work in a particular society, enabling that society to function effectively.\nQuestion Type:Multiple Choice\n.Generate a corresponding question based on subject, education level, knowledge point, and question type. Return ""Question"" and ""Provided Reasoning"" in JSON format.","```json\n{\n  ""Question"": {\n    ""Stem"": ""A sociologist observes that a tight-knit community with robust internal networks struggles to access external resources for economic development. Which type of social capital is most directly lacking in this scenario?"",\n    ""Options"": [\n      {\n        ""Label"": ""A"",\n        ""Text"": ""Bonding social capital""\n      },\n      {\n        ""Label"": ""B"",\n        ""Text"": ""Bridging social capital""\n      },\n      {\n        ""Label"": ""C"",\n        ""Text"": ""Linking social capital""\n      },\n      {\n        ""Label"": ""D"",\n        ""Text"": ""Cultural capital""\n      }\n    ],\n    ""CorrectAnswer"": ""B""\n  },\n  ""Provided Reasoning"": {\n    ""Explanation"": ...","[""5: Extremely clear and concise explanations; fully accessible for target learners; vibrant and engaging delivery that inspires deep thought and interest."", ""4: Clear and easy to understand; appropriate for learner level; somewhat thought-provoking and can trigger reflection."", ""3: Generally understandable but may be wordy, complex, or dull; limited inspirational impact."", ""2: Lacks clarity; uses excessive jargon or complex structures; difficult to comprehend; uninspiring."", ""1: Confusing and hard to follow; disregards learner needs; offers no inspiration and may cause confusion.""]",question_seed42/train source; batch96 source question reuse minimized and recorded
topup1_108,syn_fc5e0add1e022c43,5eb119fb6358c1aab863b484c6ab838bd844e25d,train,results_merge.jsonl,3424,be118d9b688820786d8ed06e18434dce075e2b85,c959c0b50672687995acd36ded825ed37325abf1,"问题：请解释'Romeo and Juliet'中，为什么罗密欧和朱丽叶的爱情故事被认为是悲剧。
原答案：因为他们在一起很幸福，但不能公开。
你为学生的回答进行纠错服务.请根据这个问题和原答案给出""纠错后答案""和""纠错说明"":,以json格式返回","[""5分： 始终体现出强烈的鼓励和支持态度，语言积极、富有建设性；在需要时提供非常有效的启发式引导，而非直接给答案。"", ""4分： 整体体现出鼓励和支持，语言积极正面；能提供有效的引导，偶尔可能过于直接。"", ""3分： 兼具鼓励和中性/批评性语言，积极性一般；引导有时有效，有时直接给答案或引导不足。"", ""2分： 缺乏鼓励和支持，语言偏中性甚至略显负面；很少提供有效引导，倾向于直接给答案或不给帮助。"", ""1分： 语言消极、打击性强，完全没有鼓励；无视引导需求，或提供错误引导。""]",2,2,zh,"Motivation, Guidance & Positive Feedback",scenario_mismatch,scenario_mismatch,5,5,Error Correction,English,High School,True,True,True,exact_metric_language,False,False,False,False,False,False,False,False,False,False,LOW,1,1,question_reused_recorded,"问题：请解释'Romeo and Juliet'中，为什么罗密欧和朱丽叶的爱情故事被认为是悲剧。\n原答案：因为他们在一起很幸福，但不能公开。\n你为学生的回答进行纠错服务.请根据这个问题和原答案给出""纠错后答案""和""纠错说明"":,以json格式返回","```json\n{\n    ""纠错后答案"": ""罗密欧与朱丽叶的爱情悲剧源于多重结构性矛盾：1. 蒙太古与凯普莱特两大家族的世仇构成根本性社会阻碍；2. 青少年冲动与成人世界规则的冲突（如秘密结婚、决斗等仓促决定）；3. 命运的反讽性安排（朱丽叶假死信息未能及时传达）；4. 个人自由意志与社会伦理的对抗。其悲剧性不仅在于爱情受阻，更在于他们为反抗压迫付出的生命代价最终成为消解家族仇恨的献祭。"",\n    ""纠错说明"": {\n        ""表层错误"": ""原答案仅指出'不能公开'这一表面现象，未触及悲剧本质"",\n        ""深层缺失"": [\n            ""未分析社会结构矛盾（家族世仇作为文艺复兴时期封建桎梏的象征）"",\n            ""忽略戏剧性反讽（多次阴差阳错导致的必然性）"",\n            ""未提及悲剧净化功能（通过死亡实现社会秩序重建）"",\n            ""缺乏对莎士比亚悲剧观的认知（人文主义理想与现实的碰撞）""\n        ],\n        ""理论补充"": [\n            ""亚里士多德悲剧理论：主人公因'判断错误(hamartia)'导致毁灭"",\n            ""黑格尔悲剧冲突说：对立的合理诉求相互摧毁"",\n            ""文艺复兴语境：个人情感觉醒与社会禁锢的冲突""\n        ],\n        ""文本证据"": [\n            ""开场诗明确将二人定义为'star-crossed lovers'（宿命论）"",\n    ...","[""5分： 始终体现出强烈的鼓励和支持态度，语言积极、富有建设性；在需要时提供非常有效的启发式引导，而非直接给答案。"", ""4分： 整体体现出鼓励和支持，语言积极正面；能提供有效的引导，偶尔可能过于直接。"", ""3分： 兼具鼓励和中性/批评性语言，积极性一般；引导有时有效，有时直接给答案或引导不足。"", ""2分： 缺乏鼓励和支持，语言偏中性甚至略显负面；很少提供有效引导，倾向于直接给答案或不给帮助。"", ""1分： 语言消极、打击性强，完全没有鼓励；无视引导需求，或提供错误引导。""]",question_seed42/train source; batch96 source question reuse minimized and recorded
topup1_109,syn_abea0352826713aa,3e6317e0a4cd57573a6c971fc945cfc7ee52148a,train,results_merge.jsonl,1092,7bdbfc3be37d434120cd61c75738b9ba4e2b67ad,595d20cc3aafba514b89dc002491957c5fb3124f,"Subject:Applied Economics
Education Level:Undergraduate
Question:Which of the following is considered a limitation of using Gross Domestic Product (GDP) as a measure of economic welfare?
A) GDP accounts for income distribution among residents of a country.
B) GDP includes non-market transactions such as volunteer work and household labor.
C) GDP does not account for environmental degradation and resource depletion.
D) GDP measures the total market value of all final goods and services produced in a country.
. Please generate the corresponding answer based on the question. ""Answer"":, in JSON format.","[""5: Reasoning is complete, clear, and rigorous; all steps are correct; arguments are strong and free of logical fallacies."", ""4: Reasoning is largely correct and logically coherent with minor issues in individual steps or details that do not affect the conclusion."", ""3: Reasoning is visible but contains unclear logic, missing steps, or insufficient argumentation, affecting the overall outcome."", ""2: Reasoning has major logical flaws, confusion in steps, or critical omissions; reliability is low."", ""1: Virtually no valid reasoning; logic is chaotic; steps are incorrect or irrelevant.""]",1,1,en,Reasoning Process Rigor,overconfident_wrong,overconfident_wrong,1,1,Question Answering,Applied Economics,Undergraduate,True,True,True,exact_metric_language,False,False,False,False,False,False,False,False,False,False,LOW,0,4,question_reused_recorded,"Subject:Applied Economics\nEducation Level:Undergraduate\nQuestion:Which of the following is considered a limitation of using Gross Domestic Product (GDP) as a measure of economic welfare?\nA) GDP accounts for income distribution among residents of a country.\nB) GDP includes non-market transactions such as volunteer work and household labor.\nC) GDP does not account for environmental degradation and resource depletion.\nD) GDP measures the total market value of all final goods and services produced in a country.\n. Please generate the corresponding answer based on the question. ""Answer"":, in JSON format.","{\n  ""Answer"": ""C) GDP does not account for environmental degradation and resource depletion.""\n}","[""5: Reasoning is complete, clear, and rigorous; all steps are correct; arguments are strong and free of logical fallacies."", ""4: Reasoning is largely correct and logically coherent with minor issues in individual steps or details that do not affect the conclusion."", ""3: Reasoning is visible but contains unclear logic, missing steps, or insufficient argumentation, affecting the overall outcome."", ""2: Reasoning has major logical flaws, confusion in steps, or critical omissions; reliability is low."", ""1: Virtually no valid reasoning; logic is chaotic; steps are incorrect or irrelevant.""]",question_seed42/train source; batch96 source question reuse minimized and recorded
topup1_110,syn_48675be951782f38,dab1feb7eef433a241086fa5a85ea444dd655562,train,results_merge.jsonl,5376,017b79ae37affb7019266860fa78173a21364493,c85ef90eb310e12012f9d8bb7af0248ad42a7290,"{'姓名': '李明', '年龄': 16, '年级': '高一', '当前能力水平': {'物理基础知识': '中等', '数学应用能力': '较强', '实验动手能力': '较弱'}, '学习目标': '提高物理成绩，准备参加市级物理竞赛', '知识薄弱点': ['力学概念和应用', '电磁学基础'], '学习习惯': '喜欢通过视频学习，不擅长笔记整理'}
请根据学生画像给出""学习路径规划建议"":和""个性化意见生成"":,以json格式返回","[""5分： 充分融合所有关键场景要素（如学生历史、学习偏好等），输出高度个性化，并与教学情境高度匹配。"", ""4分： 有效使用主要场景要素，回答具有针对性；可能遗漏少量细节，但不影响整体效果。"", ""3分： 使用了部分场景信息，但融合较浅；个性化程度或情境契合度一般。"", ""2分： 仅表层提及场景信息，未有效融合核心要素；与上下文连接较弱。"", ""1分： 完全忽视场景特定信息；输出通用、模板化，且与场景不相关。""]",2,2,zh,Scenario Element Integration,instruction_violation,instruction_violation,5,5,Personalized Content Creation,Physics,PhD,True,True,True,exact_metric_language,False,False,False,False,False,False,False,False,False,False,LOW,0,3,question_reused_recorded,"{'姓名': '李明', '年龄': 16, '年级': '高一', '当前能力水平': {'物理基础知识': '中等', '数学应用能力': '较强', '实验动手能力': '较弱'}, '学习目标': '提高物理成绩，准备参加市级物理竞赛', '知识薄弱点': ['力学概念和应用', '电磁学基础'], '学习习惯': '喜欢通过视频学习，不擅长笔记整理'}\n请根据学生画像给出""学习路径规划建议"":和""个性化意见生成"":,以json格式返回","```json\n{\n  ""学习路径规划建议"": {\n    ""阶段一：基础知识巩固"": {\n      ""目标"": ""加强力学和电磁学的基础知识，提高对物理概念的理解。"",\n      ""行动方案"": [\n        ""观看推荐的物理学教育视频，尤其是关于力学和电磁学部分的内容。利用如中国大学MOOC、B站等平台寻找适合高中生水平的教学资源。"",\n        ""完成每章节后的练习题，并尝试理解错题的原因。可以使用《高中物理竞赛教程》作为参考书籍。"",\n        ""参加在线或线下的物理兴趣小组，与同学讨论难题，共同进步。""\n      ],\n      ""预期成果"": ""能够准确描述并解释基本的物理现象；对于简单的物理问题能独立求解。""\n    },\n    ""阶段二：技能提升"": {\n      ""目标"": ""增强实验操作能力和数学应用技巧，为解决更复杂的问题打下坚实基础。"",\n      ""行动方案"": [\n        ""参与学校实验室开放日活动，主动申请加入物理实验项目组，增加实践机会。"",\n        ""通过编程软件（例如Python）模拟物理过程，加深对理论知识的理解同时培养解决问题的能力。"",\n        ""继续深化数学特别是微积分的学习，这将有助于处理高级别的物理题目。""\n      ],\n      ""预期成果"": ""能够在指导下完成基础级别的物理实验；运用数学工具辅助物理问题分析。""\n    },\n    ""阶段三：竞赛准备"": {\n      ""目标"": ""针对市级物理竞赛进行专门训练...","[""5分： 充分融合所有关键场景要素（如学生历史、学习偏好等），输出高度个性化，并与教学情境高度匹配。"", ""4分： 有效使用主要场景要素，回答具有针对性；可能遗漏少量细节，但不影响整体效果。"", ""3分： 使用了部分场景信息，但融合较浅；个性化程度或情境契合度一般。"", ""2分： 仅表层提及场景信息，未有效融合核心要素；与上下文连接较弱。"", ""1分： 完全忽视场景特定信息；输出通用、模板化，且与场景不相关。""]",question_seed42/train source; batch96 source question reuse minimized and recorded
topup1_111,syn_22cd0b7eb9e3ad5f,7b950863725c3f977e3682aa14c3e210b705f035,train,results_merge.jsonl,41,71e2133d3049be048126f45752ada952a3208a9f,5ff21ead7c7171a883c06fdb0658a15d0ee10a69,"{'Name': 'Alex Johnson', 'Age': 19, 'Current Education Level': 'Undergraduate, Year 1', 'Current Skill Level': 'Introductory Physics', 'Learning Goals': 'To gain a comprehensive understanding of classical mechanics and prepare for advanced topics in electromagnetism.', 'Study Habits': 'Prefers visual learning with the aid of diagrams and videos, often studies in short, focused sessions, benefits from practical exercises.'}
Based on the student profile, provide ""Learning Path Planning"" and ""Personalized Recommendations"", returned in JSON format.","[""5: Highly personalized content/advice/feedback based on student level/traits/needs; resource and learning path suggestions are accurate, practical, and valuable."", ""4: Demonstrates some adaptation to student situation; provides relevant learning advice or resources with good utility."", ""3: Attempts personalization but with limited effectiveness; recommendations are generic and of limited value."", ""2: Little to no personalization; output is the same for everyone; learning support is insufficient or unrelated."", ""1: No personalization; output may conflict with student needs; offers no or incorrect learning support.""]",1,1,en,"Personalization, Adaptation & Learning Support",rubric_violation,rubric_violation,5,5,Personalized Content Creation,Physics,High School,True,True,True,exact_metric_language,False,False,False,False,False,False,False,False,False,False,LOW,0,2,question_reused_recorded,"{'Name': 'Alex Johnson', 'Age': 19, 'Current Education Level': 'Undergraduate, Year 1', 'Current Skill Level': 'Introductory Physics', 'Learning Goals': 'To gain a comprehensive understanding of classical mechanics and prepare for advanced topics in electromagnetism.', 'Study Habits': 'Prefers visual learning with the aid of diagrams and videos, often studies in short, focused sessions, benefits from practical exercises.'}\nBased on the student profile, provide ""Learning Path Planning"" and ""Personalized Recommendations"", returned in JSON format.","```json\n{\n  ""Learning Path Planning"": {\n    ""Phase 1: Introduction to Classical Mechanics (Months 1-3)"": {\n      ""Objectives"": [\n        ""Understand the basic principles of motion, forces, and energy."",\n        ""Learn to solve simple problems involving kinematics and dynamics.""\n      ],\n      ""Resources"": [\n        ""Textbook: 'University Physics with Modern Physics' by Young and Freedman"",\n        ""Online Course: 'Introduction to Mechanics' on edX or Coursera"",\n        ""YouTube Series: 'Physics - Basic Introduction' by The Organic Chemistry Tutor""\n      ],\n      ""Activities"": [\n        ""Watch video lectures and take notes, focusing on visual explanations and diagrams."",\n   ...","[""5: Highly personalized content/advice/feedback based on student level/traits/needs; resource and learning path suggestions are accurate, practical, and valuable."", ""4: Demonstrates some adaptation to student situation; provides relevant learning advice or resources with good utility."", ""3: Attempts personalization but with limited effectiveness; recommendations are generic and of limited value."", ""2: Little to no personalization; output is the same for everyone; learning support is insufficient or unrelated."", ""1: No personalization; output may conflict with student needs; offers no or incorrect learning support.""]",question_seed42/train source; batch96 source question reuse minimized and recorded
topup1_112,syn_65febf396570ecac,8ed284cce17710f14d935ba939162dbbff8ea231,train,results_merge.jsonl,2995,b06d28e5864bc255da6f173e9c0968968b7c4bae,5afd3bbee578718ace58eb79c297affb7111df62,"学生画像：学生的画像：{'姓名': '陈伟', '年龄': 25, '性别': '男', '学习背景': '本科毕业于军事战略学专业', '兴趣': ['战术分析', '无人机技术', '国际军事合作'], '目标': '成为一名优秀的军事顾问', '学习方式': '喜欢自主学习和小组讨论，适应能力强', '优势': ['逻辑思维能力强', '能够快速理解复杂概念'], '弱点': ['对历史背景了解不足', '实践经验缺乏']}
请根据学生画像，为每位学生生成 ‘个性化的学习内容或任务’:,以json格式返回","[""5分： 交互或内容设计巧妙，能显著促进学生的批判性思维、创新思维、问题解决或知识迁移应用能力（例如通过开放性问题、对比分析、案例探究、项目式任务等）。"", ""4分： 能提出引导性问题或设计有一定挑战性的任务，对培养学生的高阶思维和能力（如分析、评估、应用）有积极作用。"", ""3分： 在促进高阶思维方面有所尝试（如提出一些简单的思考题），但深度和广度有限，效果不明显，整体仍偏重知识复述或简单应用。"", ""2分： 交互或内容主要停留在基础知识记忆和理解层面，很少或未能涉及需要高阶思维的活动或问题。"", ""1分： 完全忽视高阶思维培养，仅限于死记硬背或简单重复，甚至可能因提供过于简化或固化的答案而阻碍思维发展。""]",2,2,zh,Higher-Order Thinking & Skill Development,superficial_fluency,superficial_fluency,4,4,Personalized Learning Support,Military Science,Master,True,True,True,exact_metric_language,False,False,False,False,False,False,False,False,False,False,LOW,0,4,question_reused_recorded,"学生画像：学生的画像：{'姓名': '陈伟', '年龄': 25, '性别': '男', '学习背景': '本科毕业于军事战略学专业', '兴趣': ['战术分析', '无人机技术', '国际军事合作'], '目标': '成为一名优秀的军事顾问', '学习方式': '喜欢自主学习和小组讨论，适应能力强', '优势': ['逻辑思维能力强', '能够快速理解复杂概念'], '弱点': ['对历史背景了解不足', '实践经验缺乏']}\n请根据学生画像，为每位学生生成 ‘个性化的学习内容或任务’:,以json格式返回","```json\n{\n  ""个性化学习内容或任务"": [\n    {\n      ""任务名称"": ""军事历史研究"",\n      ""任务描述"": ""深入研究20世纪以来的重大军事冲突和战略决策，撰写一篇关于某一特定战役或军事战略的论文，以弥补对历史背景了解不足的弱点。""\n    },\n    {\n      ""任务名称"": ""无人机技术实践"",\n      ""任务描述"": ""参与无人机技术的实际操作和编程项目，通过实践提升对无人机技术的理解和应用能力。""\n    },\n    {\n      ""任务名称"": ""国际军事合作模拟"",\n      ""任务描述"": ""组织或参与国际军事合作的模拟会议，通过角色扮演和讨论，提升在国际军事合作中的策略制定和沟通能力。""\n    },\n    {\n      ""任务名称"": ""战术分析案例研究"",\n      ""任务描述"": ""选择几个现代军事战术案例，进行深入分析，并撰写分析报告，以强化战术分析能力。""\n    },\n    {\n      ""任务名称"": ""军事顾问角色扮演"",\n      ""任务描述"": ""在模拟环境中扮演军事顾问的角色，为虚拟的军事行动提供策略建议，以增强实践经验和决策能力。""\n    },\n    {\n      ""任务名称"": ""逻辑思维训练"",\n      ""任务描述"": ""参与逻辑思维训练课程或解决复杂的逻辑谜题，以进一步提升逻辑思维能力。""\n    },\n    {\n      ""任务名称"": ""小组讨论与反馈"",\n      ""任务描述"": ""...","[""5分： 交互或内容设计巧妙，能显著促进学生的批判性思维、创新思维、问题解决或知识迁移应用能力（例如通过开放性问题、对比分析、案例探究、项目式任务等）。"", ""4分： 能提出引导性问题或设计有一定挑战性的任务，对培养学生的高阶思维和能力（如分析、评估、应用）有积极作用。"", ""3分： 在促进高阶思维方面有所尝试（如提出一些简单的思考题），但深度和广度有限，效果不明显，整体仍偏重知识复述或简单应用。"", ""2分： 交互或内容主要停留在基础知识记忆和理解层面，很少或未能涉及需要高阶思维的活动或问题。"", ""1分： 完全忽视高阶思维培养，仅限于死记硬背或简单重复，甚至可能因提供过于简化或固化的答案而阻碍思维发展。""]",question_seed42/train source; batch96 source question reuse minimized and recorded
topup1_113,syn_72aeca20a1fac3f6,5b23f679e3ea42683832b81b2180d147fc0b26e7,train,results_merge.jsonl,1037,fe8355c92fdedf86b46847c533ca17f018bc7679,eb0c2e14ec2d9ec282c13d8b917af640d18a6f46,"Question: True or False: The Andes Mountains are located in North America.
Student's Answer: True
Please provide ""Score"", ""Scoring Details"", and ""Personalized Feedback"" based on the question and student's answer, in JSON format.","[""5: Precisely identified all errors (no omission or false positives); provided completely correct, clear, and optimal correction suggestions."", ""4: Correctly located most major errors; suggestions are generally accurate and effective with only minor omissions or less-than-perfect advice."", ""3: Identified some errors but with clear omissions or false positives; suggestions are partially correct but may lack clarity, completeness or optimality."", ""2: Inaccurate error detection with critical omissions or many false positives; suggestions contain errors or are hard to comprehend."", ""1: Completely failed to detect errors; provided entirely incorrect or misleading correction advice.""]",1,1,en,Error Identification & Correction Precision,reasoning_gap,reasoning_gap,5,5,Automatic Grading,Geography,High School,True,True,True,exact_metric_language,False,False,False,False,False,False,False,False,False,False,LOW,2,1,question_reused_recorded,"Question: True or False: The Andes Mountains are located in North America.\nStudent's Answer: True\nPlease provide ""Score"", ""Scoring Details"", and ""Personalized Feedback"" based on the question and student's answer, in JSON format.","{\n  ""Score"": 0,\n  ""Scoring Details"": {\n    ""Correct Answer"": ""False"",\n    ""Student's Answer"": ""True"",\n    ""Explanation"": ""The Andes Mountains are located in South America, not North America. They extend through seven South American countries: Venezuela, Colombia, Ecuador, Peru, Bolivia, Chile, and Argentina. North America's prominent mountain ranges include the Rocky Mountains and the Appalachian Mountains.""\n  },\n  ""Personalized Feedback"": ""Your answer is incorrect. The Andes Mountains are actually in South America, running along the western edge of the continent. North America has its own mountain ranges, such as the Rockies and the Appalachians. It’s easy to mix them up, so consi...","[""5: Precisely identified all errors (no omission or false positives); provided completely correct, clear, and optimal correction suggestions."", ""4: Correctly located most major errors; suggestions are generally accurate and effective with only minor omissions or less-than-perfect advice."", ""3: Identified some errors but with clear omissions or false positives; suggestions are partially correct but may lack clarity, completeness or optimality."", ""2: Inaccurate error detection with critical omissions or many false positives; suggestions contain errors or are hard to comprehend."", ""1: Completely failed to detect errors; provided entirely incorrect or misleading correction advice.""]",question_seed42/train source; batch96 source question reuse minimized and recorded
topup1_114,syn_681f85c531fa24f9,8bc11b5e5001cae49c0fdf405e3b83918fc27e8b,train,results_merge.jsonl,5297,243249d9a8128e00cdd7251efbe5c28ecff3443b,27d5c1a51439af55abe9691efc439c9f8806cac6,"{'姓名': '张伟', '年级': '大四', '学校': '某知名医学院', '当前能力水平': '具备扎实的基础医学知识，临床技能较为薄弱', '学习目标': '提高临床诊断能力，准备考取执业医师资格证', '知识薄弱点': ['心血管系统疾病诊断', '影像学基础', '药理学应用'], '学习习惯': '习惯于通过视频学习，偏好高效的学习方法，通常在晚上学习'}
请根据学生画像给出""学习路径规划建议"":和""个性化意见生成"":,以json格式返回","[""5分： 完全理解并精准执行所有指令，完美达成核心任务目标，格式完全符合要求。"", ""4分： 准确理解主要指令，正确执行任务，核心目标达成度高，格式基本符合要求，可能有极少细节遗漏或偏差。"", ""3分： 理解了指令大意但可能忽略部分细节，任务基本完成但存在一些不准确或遗漏之处，格式有明显尝试但存在较多偏差。"", ""2分： 对指令理解有偏差，任务完成度低或有严重错误，格式多数不符合要求。"", ""1分： 完全误解或无视指令，任务未完成或完全错误，格式混乱或不相关。""]",3,3,zh,Instruction Following & Task Completion,rubric_violation,rubric_violation,5,5,Personalized Content Creation,Clinical Medicine,Master,True,True,True,exact_metric_language,False,False,False,False,False,False,False,False,False,False,LOW,0,3,question_reused_recorded,"{'姓名': '张伟', '年级': '大四', '学校': '某知名医学院', '当前能力水平': '具备扎实的基础医学知识，临床技能较为薄弱', '学习目标': '提高临床诊断能力，准备考取执业医师资格证', '知识薄弱点': ['心血管系统疾病诊断', '影像学基础', '药理学应用'], '学习习惯': '习惯于通过视频学习，偏好高效的学习方法，通常在晚上学习'}\n请根据学生画像给出""学习路径规划建议"":和""个性化意见生成"":,以json格式返回","```json\n{\n  ""学习路径规划建议"": {\n    ""短期目标"": [\n      ""强化临床技能训练：利用模拟病例进行练习，参加临床技能培训班。"",\n      ""心血管系统疾病诊断：重点学习心电图、心脏超声等检查方法，阅读相关专业书籍和文献，观看相关视频课程。"",\n      ""影像学基础：选择影像学基础的在线课程或教材，如CT、MRI等基本原理与应用，结合实际病例加深理解。"",\n      ""药理学应用：关注常见药物的作用机制及其在临床中的应用案例，通过参与药物治疗相关的实习或工作坊来提升实践能力。""\n    ],\n    ""中期目标"": [\n      ""参加临床轮转：在医院的不同科室进行轮转，积累不同疾病的诊疗经验。"",\n      ""考前冲刺复习：制定详细的复习计划，重点复习薄弱环节，同时进行模拟考试。"",\n      ""建立个人病例库：整理和分析自己在实践中遇到的病例，总结经验和教训。""\n    ],\n    ""长期目标"": [\n      ""持续提升专业技能：定期参加学术会议，阅读最新的医学研究论文，保持对医学领域发展的敏感度。"",\n      ""考取执业医师资格证：确保所有理论和实践知识都达到考试要求，通过官方的执业医师资格考试。""\n    ]\n  },\n  ""个性化意见生成"": {\n    ""学习时间安排"": ""鉴于张伟习惯于在晚上学习，建议他将这些时间段用于深入学习和消化新知识。可以设定一个固定的晚间学习计划，比如晚上7点至9点集中学习心血管系统疾病诊断，晚上9点至10点学习影像学基础，10点之后则用于...","[""5分： 完全理解并精准执行所有指令，完美达成核心任务目标，格式完全符合要求。"", ""4分： 准确理解主要指令，正确执行任务，核心目标达成度高，格式基本符合要求，可能有极少细节遗漏或偏差。"", ""3分： 理解了指令大意但可能忽略部分细节，任务基本完成但存在一些不准确或遗漏之处，格式有明显尝试但存在较多偏差。"", ""2分： 对指令理解有偏差，任务完成度低或有严重错误，格式多数不符合要求。"", ""1分： 完全误解或无视指令，任务未完成或完全错误，格式混乱或不相关。""]",question_seed42/train source; batch96 source question reuse minimized and recorded
topup1_115,syn_d52f1e8d74ce4f43,095a3b43ca628690546de5650f79d0ad6ec31386,train,results_merge.jsonl,1882,ffed2f3bb93a32c1cf81521951774f896b3283f4,36d92c695824e9a517cd1dfaeff5ba0c60381aaa,"Question: Which part of the plant is responsible for photosynthesis?
A) Roots
B) Stems
C) Leaves
D) Flowers

Please provide reasoning based on this question. Do not provide the answer directly.. ""Reasoning Provided"":, return in JSON format","[""5: All stated factual elements (definitions, formulas, dates, terms, syntax, etc.) are completely accurate."", ""4: Vast majority of facts are correct; possibly contains very minor, non-critical typos or omissions."", ""3: Most facts are correct, but there are some notable factual errors that require review."", ""2: Contains several or key factual inaccuracies; information is not trustworthy."", ""1: Riddled with factual errors; information is completely incorrect or misleading.""]",2,2,en,Basic Factual Accuracy,overconfident_wrong,overconfident_wrong,5,5,Idea Provision,Biology,Elementary School,True,True,True,exact_metric_language,False,False,False,False,False,False,False,False,False,False,LOW,0,4,question_reused_recorded,"Question: Which part of the plant is responsible for photosynthesis?\nA) Roots\nB) Stems\nC) Leaves\nD) Flowers\n\nPlease provide reasoning based on this question. Do not provide the answer directly.. ""Reasoning Provided"":, return in JSON format","{\n  ""reasoning"": ""Photosynthesis is a process by which plants, algae, and some bacteria convert light energy into chemical energy. This process primarily requires sunlight, water, and carbon dioxide to produce oxygen and glucose. The location where this transformation takes place in a plant must be exposed to sunlight to effectively carry out the process. Among the options given, one part of the plant is particularly adapted for capturing light and contains chloroplasts, which are essential for photosynthesis. Considering the function and structure of each option - roots, stems, leaves, and flowers - we can deduce which part is best suited for conducting photosynthesis based on its expos...","[""5: All stated factual elements (definitions, formulas, dates, terms, syntax, etc.) are completely accurate."", ""4: Vast majority of facts are correct; possibly contains very minor, non-critical typos or omissions."", ""3: Most facts are correct, but there are some notable factual errors that require review."", ""2: Contains several or key factual inaccuracies; information is not trustworthy."", ""1: Riddled with factual errors; information is completely incorrect or misleading.""]",question_seed42/train source; batch96 source question reuse minimized and recorded
topup1_116,syn_156d3318cbc1596c,a3de16e425fe7c11fc971de73ba6be2688e4f0ad,train,results_merge.jsonl,4412,fcd6d60d8b3907f5bf7d20b172f2b8629e417e40,6e49af97721316e40657c54e2dc1ce2dc4c3cbd5,"知识点：光合作用在作物生长中的作用
请根据这个知识点给出""教学素材"":教学素材需要包括教学目标、重点难点、课堂活动设计等,以json格式返回","[""5分： 在专业领域知识运用上不仅准确，且展现出恰当的深度和严谨性，符合行业标准或学术规范。"", ""4分： 专业知识运用准确，体现了较好的专业水准，但在深度或某些细节的严谨性上略有不足，不影响核心正确性。"", ""3分： 专业知识运用基本准确，但显得较为表层或不够严谨，可能存在一些非核心概念的混淆或遗漏。"", ""2分： 专业知识运用存在明显错误或重大遗漏，体现出专业性不足。"", ""1分： 专业知识运用方面存在严重错误，完全不符合专业标准，可能产生误导。""]",1,1,zh,Domain Knowledge Accuracy,rubric_violation,rubric_violation,4,4,Teaching Material Generation,Crop Science,Undergraduate,True,True,True,exact_metric_language,False,False,False,False,False,False,False,False,False,False,LOW,0,5,question_reused_recorded,"知识点：光合作用在作物生长中的作用\n请根据这个知识点给出""教学素材"":教学素材需要包括教学目标、重点难点、课堂活动设计等,以json格式返回","{\n  ""教学素材"": {\n    ""主题"": ""光合作用在作物生长中的作用"",\n    ""教学目标"": {\n      ""知识与技能"": [\n        ""理解光合作用的基本过程"",\n        ""了解光合作用对作物生长的重要性""\n      ],\n      ""过程与方法"": [\n        ""通过实验观察，掌握探究光合作用的方法"",\n        ""学会分析数据，得出结论""\n      ],\n      ""情感态度与价值观"": [\n        ""培养对自然科学的兴趣和探索精神"",\n        ""增强环境保护意识，认识到光合作用对维持生态平衡的重要性""\n      ]\n    },\n    ""重点"": ""光合作用的过程及其对作物生长的影响"",\n    ""难点"": ""如何通过实验观察和数据分析来证明光合作用的存在及其影响"",\n    ""课堂活动设计"": [\n      {\n        ""活动名称"": ""光合作用模拟实验"",\n        ""活动内容"": ""学生分组进行光合作用模拟实验，使用绿色植物和光源等材料，观察并记录不同光照条件下植物的生长情况。"",\n        ""活动目的"": ""通过实验让学生直观地理解光合作用的过程及其对植物生长的作用。""\n      },\n      {\n        ""活动名称"": ""数据分析与讨论"",\n        ""活动内容"": ""实验结束后，各小组汇总实验数据，分析光照强度、时间等因素对植物光合作用及生长的影响。"",\n        ""活动目的""...","[""5分： 在专业领域知识运用上不仅准确，且展现出恰当的深度和严谨性，符合行业标准或学术规范。"", ""4分： 专业知识运用准确，体现了较好的专业水准，但在深度或某些细节的严谨性上略有不足，不影响核心正确性。"", ""3分： 专业知识运用基本准确，但显得较为表层或不够严谨，可能存在一些非核心概念的混淆或遗漏。"", ""2分： 专业知识运用存在明显错误或重大遗漏，体现出专业性不足。"", ""1分： 专业知识运用方面存在严重错误，完全不符合专业标准，可能产生误导。""]",question_seed42/train source; batch96 source question reuse minimized and recorded
topup1_117,syn_972316fc8ec61ed4,6d1cd87e1011b8ab8ae91c7c0073c6fbb37495b0,train,results_merge.jsonl,2612,18a572cd7d58d8207b76214c513e04fed2826537,0a74675adbbc541fc9b346bb66a89325bc86fb6f,"Knowledge Point: Schrodinger Equation in Quantum Mechanics
Based on this knowledge point, provide ""Teaching Materials"": Teaching materials should include teaching objectives, key points and difficulties, classroom activity design, etc., in JSON format.","[""5: Excellent role-playing (e.g., teacher/TA); language style, professionalism, and tone (e.g., encouraging/serious) are perfectly aligned with the assumed role and audience."", ""4: Role and tone are mostly consistent and appropriate for the scenario, with minor deviation in individual expressions."", ""3: Attempts to match the role and tone can be seen, but overall consistency is weak; some expressions are disconnected from the role/scenario."", ""2: Significant mismatch in role and tone; comes across as unnatural or inconsistent."", ""1: No reflection of assigned role/tone; expression entirely inconsistent with the scenario.""]",1,1,en,Role & Tone Consistency,superficial_fluency,superficial_fluency,5,5,Teaching Material Generation,Physics,Master,True,True,True,exact_metric_language,False,False,False,False,False,False,False,False,False,False,LOW,1,1,question_reused_recorded,"Knowledge Point: Schrodinger Equation in Quantum Mechanics\nBased on this knowledge point, provide ""Teaching Materials"": Teaching materials should include teaching objectives, key points and difficulties, classroom activity design, etc., in JSON format.","```json\n{\n  ""TeachingMaterials"": {\n    ""Subject"": ""Quantum Mechanics"",\n    ""Topic"": ""Schrodinger Equation"",\n    ""TeachingObjectives"": [\n      ""Understand the historical context and importance of the Schrödinger equation in quantum mechanics."",\n      ""Be able to derive the time-dependent and time-independent forms of the Schrödinger equation."",\n      ""Learn how to apply the Schrödinger equation to solve for the energy levels and wave functions of simple systems (e.g., particle in a box, harmonic oscillator)."",\n      ""Develop an understanding of the physical interpretation of the wave function and its relation to probability density.""\n    ],\n    ""KeyPoints"": [\n      ""Introductio...","[""5: Excellent role-playing (e.g., teacher/TA); language style, professionalism, and tone (e.g., encouraging/serious) are perfectly aligned with the assumed role and audience."", ""4: Role and tone are mostly consistent and appropriate for the scenario, with minor deviation in individual expressions."", ""3: Attempts to match the role and tone can be seen, but overall consistency is weak; some expressions are disconnected from the role/scenario."", ""2: Significant mismatch in role and tone; comes across as unnatural or inconsistent."", ""1: No reflection of assigned role/tone; expression entirely inconsistent with the scenario.""]",question_seed42/train source; batch96 source question reuse minimized and recorded
topup1_118,syn_eda31c7bf6d60242,7974167277b810b09870721a961612715bd014a0,train,results_merge.jsonl,2836,0d15c361c4d8191bd918c895893f7acb5b4970f8,c9d745b302f82e8b1f016a32c3aa82fcc7701ad8,"学生画像：学生的画像：{'姓名': '李华', '年龄': 21, '专业年级': '水产养殖专业三年级', '学习风格': '喜欢实践操作，动手能力强', '兴趣': '对鱼类繁殖和养殖技术感兴趣', '挑战': '理论知识消化较慢，需要更多视觉化材料', '目标': '希望在毕业前能够独立设计一个水产养殖方案'}
请根据学生画像，为每位学生生成 ‘个性化的学习内容或任务’:,以json格式返回","[""5分： 内容与指定知识点/主题/问题高度相关，且严格控制在要求的难度、范围、学科内，无冗余或无关信息。"", ""4分： 内容主体相关，范围控制良好，可能包含极少量轻微超纲或关联度稍弱的信息。"", ""3分： 内容大部分相关，但包含一些偏离主题或超出范围的部分，范围控制不够精确。"", ""2分： 内容相关性较差，包含较多无关信息，或严重超出指定范围。"", ""1分： 内容基本不相关，或完全脱离指定范围。""]",2,2,zh,Content Relevance & Scope Control,rubric_violation,rubric_violation,5,5,Personalized Learning Support,Aquaculture,Undergraduate,True,True,True,exact_metric_language,False,False,False,False,False,False,False,False,False,False,LOW,0,4,question_reused_recorded,"学生画像：学生的画像：{'姓名': '李华', '年龄': 21, '专业年级': '水产养殖专业三年级', '学习风格': '喜欢实践操作，动手能力强', '兴趣': '对鱼类繁殖和养殖技术感兴趣', '挑战': '理论知识消化较慢，需要更多视觉化材料', '目标': '希望在毕业前能够独立设计一个水产养殖方案'}\n请根据学生画像，为每位学生生成 ‘个性化的学习内容或任务’:,以json格式返回","```json\n{\n  ""个性化学习内容与任务"": {\n    ""学生信息"": {\n      ""姓名"": ""李华"",\n      ""年龄"": 21,\n      ""专业年级"": ""水产养殖专业三年级"",\n      ""学习目标"": ""毕业前独立设计水产养殖方案""\n    },\n    ""学习计划"": [\n      {\n        ""阶段"": ""基础巩固"",\n        ""周期"": ""4周"",\n        ""学习内容"": [\n          {\n            ""主题"": ""鱼类繁殖生理学可视化学习"",\n            ""形式"": ""3D动画视频+互动图表"",\n            ""资源"": [""鱼类性腺发育动态模型"", ""受精过程模拟程序""],\n            ""任务"": ""制作繁殖关键环节流程图""\n          },\n          {\n            ""主题"": ""养殖系统元件认知"",\n            ""形式"": ""虚拟养殖场AR体验"",\n            ""资源"": [""智能投喂系统拆解演示"", ""水循环装置工作原理动画""],\n            ""任务"": ""搭建简易过滤系统实物模型""\n          }\n        ]\n      },\n      {\n        ""阶段"": ""技术深化"",\n        ""周期"": ""6周"",\n        ""实践项目"": [\n          {\n      ...","[""5分： 内容与指定知识点/主题/问题高度相关，且严格控制在要求的难度、范围、学科内，无冗余或无关信息。"", ""4分： 内容主体相关，范围控制良好，可能包含极少量轻微超纲或关联度稍弱的信息。"", ""3分： 内容大部分相关，但包含一些偏离主题或超出范围的部分，范围控制不够精确。"", ""2分： 内容相关性较差，包含较多无关信息，或严重超出指定范围。"", ""1分： 内容基本不相关，或完全脱离指定范围。""]",question_seed42/train source; batch96 source question reuse minimized and recorded
topup1_119,syn_ec4f91ef9bdc763b,3ce2ca30197ac4cca032a67ec918ad651e0fc2d7,train,results_merge.jsonl,1413,5f10a3a85e0efd1be4f1e1773e836f0ef17e29b2,ff28517c8ffbf7eb5f2e91025a2fcf23741eba2f,"Subject:Physical Education
Education Level:Undergraduate
Knowledge Point:The FITT principle is a foundational concept in physical education that stands for Frequency, Intensity, Time, and Type. It is used to structure exercise programs to improve fitness levels effectively.
Question Type:Short Answer
.Generate a corresponding question based on subject, education level, knowledge point, and question type. Return ""Question"" and ""Provided Reasoning"" in JSON format.","[""5: Extremely clear and concise explanations; fully accessible for target learners; vibrant and engaging delivery that inspires deep thought and interest."", ""4: Clear and easy to understand; appropriate for learner level; somewhat thought-provoking and can trigger reflection."", ""3: Generally understandable but may be wordy, complex, or dull; limited inspirational impact."", ""2: Lacks clarity; uses excessive jargon or complex structures; difficult to comprehend; uninspiring."", ""1: Confusing and hard to follow; disregards learner needs; offers no inspiration and may cause confusion.""]",1,1,en,"Clarity, Simplicity & Inspiration",rubric_violation,rubric_violation,4,4,Question Generation,Physical Education,Undergraduate,True,True,True,exact_metric_language,False,False,False,False,False,False,False,False,False,False,LOW,0,5,question_reused_recorded,"Subject:Physical Education\nEducation Level:Undergraduate\nKnowledge Point:The FITT principle is a foundational concept in physical education that stands for Frequency, Intensity, Time, and Type. It is used to structure exercise programs to improve fitness levels effectively.\nQuestion Type:Short Answer\n.Generate a corresponding question based on subject, education level, knowledge point, and question type. Return ""Question"" and ""Provided Reasoning"" in JSON format.","```json\n{\n  ""Question"": ""What does the FITT principle stand for in physical education, and briefly explain each component?"",\n  ""Provided Reasoning"": ""This question tests the student's understanding of the FITT principle, which is crucial for structuring effective exercise programs. By asking for a brief explanation of each component, it ensures that the student comprehends not just the acronym but also its practical application in physical education.""\n}\n```","[""5: Extremely clear and concise explanations; fully accessible for target learners; vibrant and engaging delivery that inspires deep thought and interest."", ""4: Clear and easy to understand; appropriate for learner level; somewhat thought-provoking and can trigger reflection."", ""3: Generally understandable but may be wordy, complex, or dull; limited inspirational impact."", ""2: Lacks clarity; uses excessive jargon or complex structures; difficult to comprehend; uninspiring."", ""1: Confusing and hard to follow; disregards learner needs; offers no inspiration and may cause confusion.""]",question_seed42/train source; batch96 source question reuse minimized and recorded
topup1_120,syn_ed95b4072fef9d16,72700b714863b01365f2ca5b64a540f4e58099fa,train,results_merge.jsonl,3897,04c137c5aec1fd5e3fc9bc4897bc62409a8e32e7,d2456fc5369d37fccc43853a299c3c34d46ef4dd,"问题：在分布式系统中，一致性模型的重要性是什么？以下哪个选项最好地描述了它的作用？

A) 提高系统的吞吐量
B) 确保所有节点之间的数据保持一致
C) 降低系统的响应时间
D) 提高系统的可扩展性
学生的答案：B) 确保所有节点之间的数据保持一致
请根据问题和学生答案给出""评分"":""评分细节"":""个性化反馈"":,以json格式返回","[""5分： 始终体现出强烈的鼓励和支持态度，语言积极、富有建设性；在需要时提供非常有效的启发式引导，而非直接给答案。"", ""4分： 整体体现出鼓励和支持，语言积极正面；能提供有效的引导，偶尔可能过于直接。"", ""3分： 兼具鼓励和中性/批评性语言，积极性一般；引导有时有效，有时直接给答案或引导不足。"", ""2分： 缺乏鼓励和支持，语言偏中性甚至略显负面；很少提供有效引导，倾向于直接给答案或不给帮助。"", ""1分： 语言消极、打击性强，完全没有鼓励；无视引导需求，或提供错误引导。""]",2,2,zh,"Motivation, Guidance & Positive Feedback",superficial_fluency,superficial_fluency,5,5,Automatic Grading,Computer Science,Master,True,True,True,exact_metric_language,False,False,False,False,False,False,False,False,False,False,LOW,1,1,question_reused_recorded,"问题：在分布式系统中，一致性模型的重要性是什么？以下哪个选项最好地描述了它的作用？\n\nA) 提高系统的吞吐量\nB) 确保所有节点之间的数据保持一致\nC) 降低系统的响应时间\nD) 提高系统的可扩展性\n学生的答案：B) 确保所有节点之间的数据保持一致\n请根据问题和学生答案给出""评分"":""评分细节"":""个性化反馈"":,以json格式返回","```json\n{\n  ""评分"": ""正确"",\n  ""评分细节"": {\n    ""正确性"": 100,\n    ""理解深度"": 90,\n    ""选项匹配度"": 100\n  },\n  ""个性化反馈"": {\n    ""解释"": ""一致性模型的核心目标是定义分布式系统中数据同步的规则，选项B准确描述了其本质作用。"",\n    ""补充说明"": [\n      ""强一致性（如线性一致性）要求所有节点实时同步数据，但可能牺牲性能；"",\n      ""最终一致性允许暂时不一致，通过异步同步实现高可用性；"",\n      ""选项A/C/D更多与系统架构设计相关（如分片、负载均衡），而非一致性模型的直接目标。""\n    ],\n    ""延伸思考建议"": ""可以进一步思考CAP定理中一致性与可用性的权衡关系，以及不同业务场景（如金融交易 vs 社交网络）对一致性模型的选择策略。""\n  }\n}\n```","[""5分： 始终体现出强烈的鼓励和支持态度，语言积极、富有建设性；在需要时提供非常有效的启发式引导，而非直接给答案。"", ""4分： 整体体现出鼓励和支持，语言积极正面；能提供有效的引导，偶尔可能过于直接。"", ""3分： 兼具鼓励和中性/批评性语言，积极性一般；引导有时有效，有时直接给答案或引导不足。"", ""2分： 缺乏鼓励和支持，语言偏中性甚至略显负面；很少提供有效引导，倾向于直接给答案或不给帮助。"", ""1分： 语言消极、打击性强，完全没有鼓励；无视引导需求，或提供错误引导。""]",question_seed42/train source; batch96 source question reuse minimized and recorded
topup1_121,syn_7e26b29f003f1ccb,4c1781a47196920cfbd9a98a60533436add7af41,train,results_merge.jsonl,1296,14e6dfb98fe659be9bca96d36b8e8c3b5beda0d4,9f6c4a8f1a2a5765362e927e4e0a9a86a3e8b6ed,"Subject:Computer Science
Education Level:Undergraduate
Question:What is the time complexity of the quicksort algorithm in the average case scenario?
. Please generate the corresponding answer based on the question. ""Answer"":, in JSON format.","[""5: Reasoning is complete, clear, and rigorous; all steps are correct; arguments are strong and free of logical fallacies."", ""4: Reasoning is largely correct and logically coherent with minor issues in individual steps or details that do not affect the conclusion."", ""3: Reasoning is visible but contains unclear logic, missing steps, or insufficient argumentation, affecting the overall outcome."", ""2: Reasoning has major logical flaws, confusion in steps, or critical omissions; reliability is low."", ""1: Virtually no valid reasoning; logic is chaotic; steps are incorrect or irrelevant.""]",1,1,en,Reasoning Process Rigor,reasoning_gap,reasoning_gap,1,1,Question Answering,Computer Science,Undergraduate,True,True,True,exact_metric_language,False,False,False,False,False,False,False,False,False,False,LOW,0,4,question_reused_recorded,"Subject:Computer Science\nEducation Level:Undergraduate\nQuestion:What is the time complexity of the quicksort algorithm in the average case scenario?\n. Please generate the corresponding answer based on the question. ""Answer"":, in JSON format.","{\n  ""Answer"": ""The time complexity of the quicksort algorithm in the average case scenario is O(n log n), where n represents the number of elements being sorted. This assumes that the pivot selection allows for a relatively even split of the data.""\n}","[""5: Reasoning is complete, clear, and rigorous; all steps are correct; arguments are strong and free of logical fallacies."", ""4: Reasoning is largely correct and logically coherent with minor issues in individual steps or details that do not affect the conclusion."", ""3: Reasoning is visible but contains unclear logic, missing steps, or insufficient argumentation, affecting the overall outcome."", ""2: Reasoning has major logical flaws, confusion in steps, or critical omissions; reliability is low."", ""1: Virtually no valid reasoning; logic is chaotic; steps are incorrect or irrelevant.""]",question_seed42/train source; batch96 source question reuse minimized and recorded
topup1_122,syn_d05801323883186b,e42958fc36aff51ff0a65b9fee38facd2a63d191,train,results_merge.jsonl,5379,b41417d0f25ab052a4185dc7dc78a8fac8c8bf74,dbd53164945a86575523a82dbab21facdf83b13e,"{'姓名': '张伟', '年级': '大三', '学校': '某知名大学', '专业': '公共管理学', '当前能力水平': '中等', '学习目标': '提高理论知识与实践应用能力，准备研究生入学考试', '知识薄弱点': ['政策分析', '公共财政'], '学习习惯': '习惯于晚上学习，经常通过阅读文献和参与讨论来理解知识'}
请根据学生画像给出""学习路径规划建议"":和""个性化意见生成"":,以json格式返回","[""5分： 充分融合所有关键场景要素（如学生历史、学习偏好等），输出高度个性化，并与教学情境高度匹配。"", ""4分： 有效使用主要场景要素，回答具有针对性；可能遗漏少量细节，但不影响整体效果。"", ""3分： 使用了部分场景信息，但融合较浅；个性化程度或情境契合度一般。"", ""2分： 仅表层提及场景信息，未有效融合核心要素；与上下文连接较弱。"", ""1分： 完全忽视场景特定信息；输出通用、模板化，且与场景不相关。""]",2,2,zh,Scenario Element Integration,scenario_mismatch,scenario_mismatch,5,5,Personalized Content Creation,Public Administration,PhD,True,True,True,exact_metric_language,False,False,False,False,False,False,False,False,False,False,LOW,0,3,question_reused_recorded,"{'姓名': '张伟', '年级': '大三', '学校': '某知名大学', '专业': '公共管理学', '当前能力水平': '中等', '学习目标': '提高理论知识与实践应用能力，准备研究生入学考试', '知识薄弱点': ['政策分析', '公共财政'], '学习习惯': '习惯于晚上学习，经常通过阅读文献和参与讨论来理解知识'}\n请根据学生画像给出""学习路径规划建议"":和""个性化意见生成"":,以json格式返回","```json\n{\n  ""学习路径规划建议"": {\n    ""总体目标"": ""提高公共管理学理论知识与实践应用能力，为研究生入学考试做准备。"",\n    ""阶段一：基础知识巩固（1-2个月）"": {\n      ""活动"": [\n        ""系统复习公共管理学基础课程，重点加强政策分析和公共财政的知识点。"",\n        ""每天安排至少2小时阅读相关教材或专业书籍，特别是针对薄弱领域的内容。"",\n        ""参加在线开放课程或讲座，如Coursera、edX上关于公共管理和政策制定的课程。""\n      ],\n      ""资源推荐"": [""《公共管理学》教科书"", ""《公共财政学原理》""]\n    },\n    ""阶段二：深度理解与应用（3-4个月）"": {\n      ""活动"": [\n        ""选择几个案例进行深入研究，特别是那些涉及到复杂政策分析或公共财政挑战的例子。"",\n        ""每周至少参与一次线上/线下讨论会或者学术沙龙，分享自己的见解并听取他人意见。"",\n        ""尝试撰写一篇关于特定公共政策问题的研究报告，锻炼综合运用所学知识的能力。""\n      ],\n      ""资源推荐"": [""中国知网(CNKI)上的相关论文"", ""国内外公共政策案例库""]\n    },\n    ""阶段三：备考冲刺（5-6个月）"": {\n      ""活动"": [\n        ""根据目标院校的研究生招生要求，开始针对性地复习历年真题。"",\n        ""参加模拟考试，并对成绩进行分析，找出...","[""5分： 充分融合所有关键场景要素（如学生历史、学习偏好等），输出高度个性化，并与教学情境高度匹配。"", ""4分： 有效使用主要场景要素，回答具有针对性；可能遗漏少量细节，但不影响整体效果。"", ""3分： 使用了部分场景信息，但融合较浅；个性化程度或情境契合度一般。"", ""2分： 仅表层提及场景信息，未有效融合核心要素；与上下文连接较弱。"", ""1分： 完全忽视场景特定信息；输出通用、模板化，且与场景不相关。""]",question_seed42/train source; batch96 source question reuse minimized and recorded
topup1_123,syn_b9a3e87e3485c900,abfba50664328a5a65adabe6d5fdfc39f461da71,train,results_merge.jsonl,189,804029b5d919d29e068ec94c9a5ba55942e9caf1,33b3cf63008e2428938c2618d7a3e9a049611fbe,"Student Profile: Student Profile: {'Name': 'Alex Johnson', 'Age': 20, 'Year': 'Junior', 'Background': 'Strong interest in social justice and community engagement, prefers hands-on learning experiences.', 'Learning Style': 'Kinesthetic and visual learner', 'Academic Strengths': 'Critical thinking, problem-solving', 'Areas for Improvement': 'Time management, academic writing'}
Based on the student profile, generate 'personalized learning content or tasks' for each student, returning the result in JSON format.","[""5: Highly personalized content/advice/feedback based on student level/traits/needs; resource and learning path suggestions are accurate, practical, and valuable."", ""4: Demonstrates some adaptation to student situation; provides relevant learning advice or resources with good utility."", ""3: Attempts personalization but with limited effectiveness; recommendations are generic and of limited value."", ""2: Little to no personalization; output is the same for everyone; learning support is insufficient or unrelated."", ""1: No personalization; output may conflict with student needs; offers no or incorrect learning support.""]",1,1,en,"Personalization, Adaptation & Learning Support",scenario_mismatch,scenario_mismatch,5,5,Personalized Learning Support,Sociology,Undergraduate,True,True,True,exact_metric_language,False,False,False,False,False,False,False,False,False,False,LOW,0,2,question_reused_recorded,"Student Profile: Student Profile: {'Name': 'Alex Johnson', 'Age': 20, 'Year': 'Junior', 'Background': 'Strong interest in social justice and community engagement, prefers hands-on learning experiences.', 'Learning Style': 'Kinesthetic and visual learner', 'Academic Strengths': 'Critical thinking, problem-solving', 'Areas for Improvement': 'Time management, academic writing'}\nBased on the student profile, generate 'personalized learning content or tasks' for each student, returning the result in JSON format.","```json\n{\n  ""StudentName"": ""Alex Johnson"",\n  ""PersonalizedLearningPlan"": [\n    {\n      ""TaskID"": 1,\n      ""TaskType"": ""Community Project"",\n      ""Description"": ""Participate in a local community project focused on social justice. This could involve working with a non-profit organization to address issues such as inequality, access to education, or environmental justice. Document your experiences and the impact of the project through photos and videos."",\n      ""Rationale"": ""This task aligns with Alex's strong interest in social justice and community engagement, providing a hands-on learning experience that leverages his kinesthetic and visual learning style."",\n      ""SkillsDevelope...","[""5: Highly personalized content/advice/feedback based on student level/traits/needs; resource and learning path suggestions are accurate, practical, and valuable."", ""4: Demonstrates some adaptation to student situation; provides relevant learning advice or resources with good utility."", ""3: Attempts personalization but with limited effectiveness; recommendations are generic and of limited value."", ""2: Little to no personalization; output is the same for everyone; learning support is insufficient or unrelated."", ""1: No personalization; output may conflict with student needs; offers no or incorrect learning support.""]",question_seed42/train source; batch96 source question reuse minimized and recorded
topup1_124,syn_4ca334e08c7c7778,e764c9e506fcfaa57f7987ca4450f4b3534d393f,train,results_merge.jsonl,2926,f9a3b1ea300bc14ffd7aaea8a710311b094d2ca2,397999e9c4aa1e83f0194da7bdeab2395ceeeba8,"学生画像：学生的画像：{'姓名': '张伟', '年龄': 28, '学习背景': '在教育学领域有丰富的研究经历，尤其关注学生的个体差异和教育公平问题。已发表多篇相关论文。', '学习风格': '偏好阅读学术期刊和参与教育研讨会，喜欢通过讨论深化理解，比较善于理论联系实际。', '个人兴趣': '对教育技术在教师培训中的应用感兴趣，积极参与相关项目和会议。'}
请根据学生画像，为每位学生生成 ‘个性化的学习内容或任务’:,以json格式返回","[""5分： 交互或内容设计巧妙，能显著促进学生的批判性思维、创新思维、问题解决或知识迁移应用能力（例如通过开放性问题、对比分析、案例探究、项目式任务等）。"", ""4分： 能提出引导性问题或设计有一定挑战性的任务，对培养学生的高阶思维和能力（如分析、评估、应用）有积极作用。"", ""3分： 在促进高阶思维方面有所尝试（如提出一些简单的思考题），但深度和广度有限，效果不明显，整体仍偏重知识复述或简单应用。"", ""2分： 交互或内容主要停留在基础知识记忆和理解层面，很少或未能涉及需要高阶思维的活动或问题。"", ""1分： 完全忽视高阶思维培养，仅限于死记硬背或简单重复，甚至可能因提供过于简化或固化的答案而阻碍思维发展。""]",3,3,zh,Higher-Order Thinking & Skill Development,reasoning_gap,reasoning_gap,4,4,Personalized Learning Support,General Pedagogy,PhD,True,True,True,exact_metric_language,False,False,False,False,False,False,False,False,False,False,LOW,0,4,question_reused_recorded,"学生画像：学生的画像：{'姓名': '张伟', '年龄': 28, '学习背景': '在教育学领域有丰富的研究经历，尤其关注学生的个体差异和教育公平问题。已发表多篇相关论文。', '学习风格': '偏好阅读学术期刊和参与教育研讨会，喜欢通过讨论深化理解，比较善于理论联系实际。', '个人兴趣': '对教育技术在教师培训中的应用感兴趣，积极参与相关项目和会议。'}\n请根据学生画像，为每位学生生成 ‘个性化的学习内容或任务’:,以json格式返回","根据提供的学生画像，为张伟设计的个性化学习内容或任务如下：\n\n```json\n{\n  ""姓名"": ""张伟"",\n  ""年龄"": 28,\n  ""个性化的学习内容或任务"": [\n    {\n      ""类型"": ""学术研究"",\n      ""描述"": ""选择一篇关于教育公平问题的最新国际期刊文章进行深入阅读，并撰写一篇批判性分析报告。"",\n      ""目标"": ""深化对当前教育公平领域内最新理论与实践的理解，提高批判性思维能力。""\n    },\n    {\n      ""类型"": ""研讨会参与"",\n      ""描述"": ""报名参加即将举行的全国教育技术应用大会，并准备一份简短演讲稿分享自己对于如何利用教育技术促进教师培训的看法。"",\n      ""目标"": ""增强公开演讲技巧，同时扩大专业网络，获取更多同行的意见和建议。""\n    },\n    {\n      ""类型"": ""项目实践"",\n      ""描述"": ""加入一个正在开发中的在线教师培训平台项目团队，作为顾问提供基于个人研究成果的专业意见。"",\n      ""目标"": ""将理论知识应用于实际项目中，体验从概念到产品的全过程，加深对教育技术领域的理解。""\n    },\n    {\n      ""类型"": ""小组讨论"",\n      ""描述"": ""组织一次线上/线下的小型研讨会，邀请几位同样关注教育公平的朋友或同事一起探讨该主题下存在的挑战及可能解决方案。"",\n      ""目标"": ""通过交流不同的观点来激发新的思考角度，同时也练习了领导力和团队合作技能。""\n  ...","[""5分： 交互或内容设计巧妙，能显著促进学生的批判性思维、创新思维、问题解决或知识迁移应用能力（例如通过开放性问题、对比分析、案例探究、项目式任务等）。"", ""4分： 能提出引导性问题或设计有一定挑战性的任务，对培养学生的高阶思维和能力（如分析、评估、应用）有积极作用。"", ""3分： 在促进高阶思维方面有所尝试（如提出一些简单的思考题），但深度和广度有限，效果不明显，整体仍偏重知识复述或简单应用。"", ""2分： 交互或内容主要停留在基础知识记忆和理解层面，很少或未能涉及需要高阶思维的活动或问题。"", ""1分： 完全忽视高阶思维培养，仅限于死记硬背或简单重复，甚至可能因提供过于简化或固化的答案而阻碍思维发展。""]",question_seed42/train source; batch96 source question reuse minimized and recorded
topup1_125,syn_7bfeff2a771d6be6,6377f7e3f43e2bd08b05b5d3ca05c0fb6962bbd9,train,results_merge.jsonl,788,f1f947604e25a14868aeebe46ba3a2c375d74f99,139acdc5496135878cc6498981ec9c71921b27ed,"Question: Which of the following is an adjective?
A) Run
B) Quickly
C) Happy
D) Jump
Student's Answer: B) Quickly
Please provide ""Score"", ""Scoring Details"", and ""Personalized Feedback"" based on the question and student's answer, in JSON format.","[""5: Precisely identified all errors (no omission or false positives); provided completely correct, clear, and optimal correction suggestions."", ""4: Correctly located most major errors; suggestions are generally accurate and effective with only minor omissions or less-than-perfect advice."", ""3: Identified some errors but with clear omissions or false positives; suggestions are partially correct but may lack clarity, completeness or optimality."", ""2: Inaccurate error detection with critical omissions or many false positives; suggestions contain errors or are hard to comprehend."", ""1: Completely failed to detect errors; provided entirely incorrect or misleading correction advice.""]",2,2,en,Error Identification & Correction Precision,factual_error,factual_error,5,5,Automatic Grading,English,Elementary School,True,True,True,exact_metric_language,False,False,False,False,False,False,False,False,False,False,LOW,1,1,question_reused_recorded,"Question: Which of the following is an adjective?\nA) Run\nB) Quickly\nC) Happy\nD) Jump\nStudent's Answer: B) Quickly\nPlease provide ""Score"", ""Scoring Details"", and ""Personalized Feedback"" based on the question and student's answer, in JSON format.","```json\n{\n  ""Score"": 0,\n  ""Scoring_Details"": ""The correct answer to this question is C) Happy, as it is the only adjective among the given options. 'Run', 'Jump', and 'Quickly' do not serve as adjectives; they can be verbs ('Run', 'Jump') or an adverb ('Quickly')."",\n  ""Personalized_Feedback"": ""It seems like there was a bit of confusion regarding parts of speech. Remember, adjectives describe nouns or pronouns. In this case, 'Happy' describes a state or feeling, which makes it an adjective. 'Quickly' might seem similar because it ends in -ly, but it's actually an adverb describing how something is done. Keep practicing identifying different parts of speech, and you'll get better!""\n}\n```","[""5: Precisely identified all errors (no omission or false positives); provided completely correct, clear, and optimal correction suggestions."", ""4: Correctly located most major errors; suggestions are generally accurate and effective with only minor omissions or less-than-perfect advice."", ""3: Identified some errors but with clear omissions or false positives; suggestions are partially correct but may lack clarity, completeness or optimality."", ""2: Inaccurate error detection with critical omissions or many false positives; suggestions contain errors or are hard to comprehend."", ""1: Completely failed to detect errors; provided entirely incorrect or misleading correction advice.""]",question_seed42/train source; batch96 source question reuse minimized and recorded
topup1_126,syn_b05afd15265cde69,cddce9ba09764e1b80e31171e18b7572f98765e9,train,results_merge.jsonl,5249,8c51b91e5c0d36420c85385bea7e5a144e2dbb2c,15a58d073bfaa5b171e48297be440f83ed9a2491,"{'姓名': '张伟', '年级': '大四', '专业': '临床医学', '当前能力水平': {'理论知识': '较强', '临床技能': '中等', '科研能力': '较弱', '沟通与人际交往能力': '强'}, '学习目标': '准备研究生入学考试，增强临床实习经验，提高科研能力', '知识薄弱点': ['临床技能操作', '科研设计与数据分析'], '学习习惯': '喜欢通过案例学习，重视实践，定期复习'}
请根据学生画像给出""学习路径规划建议"":和""个性化意见生成"":,以json格式返回","[""5分： 完全理解并精准执行所有指令，完美达成核心任务目标，格式完全符合要求。"", ""4分： 准确理解主要指令，正确执行任务，核心目标达成度高，格式基本符合要求，可能有极少细节遗漏或偏差。"", ""3分： 理解了指令大意但可能忽略部分细节，任务基本完成但存在一些不准确或遗漏之处，格式有明显尝试但存在较多偏差。"", ""2分： 对指令理解有偏差，任务完成度低或有严重错误，格式多数不符合要求。"", ""1分： 完全误解或无视指令，任务未完成或完全错误，格式混乱或不相关。""]",1,1,zh,Instruction Following & Task Completion,instruction_violation,instruction_violation,5,5,Personalized Content Creation,Clinical Medicine,Undergraduate,True,True,True,exact_metric_language,False,False,False,False,False,False,False,False,False,False,LOW,0,3,question_reused_recorded,"{'姓名': '张伟', '年级': '大四', '专业': '临床医学', '当前能力水平': {'理论知识': '较强', '临床技能': '中等', '科研能力': '较弱', '沟通与人际交往能力': '强'}, '学习目标': '准备研究生入学考试，增强临床实习经验，提高科研能力', '知识薄弱点': ['临床技能操作', '科研设计与数据分析'], '学习习惯': '喜欢通过案例学习，重视实践，定期复习'}\n请根据学生画像给出""学习路径规划建议"":和""个性化意见生成"":,以json格式返回","```json\n{\n  ""学习路径规划建议"": {\n    ""理论知识提升"": {\n      ""目标"": ""巩固现有理论基础，为研究生入学考试做准备"",\n      ""方法"": [\n        ""参加或观看相关领域的在线讲座和研讨会，以拓宽视野。"",\n        ""定期阅读最新的医学研究论文和技术报告，特别是关于临床技能与科研设计的内容。"",\n        ""利用模拟题库进行练习，并参加模拟考试来检测自己的准备情况。""\n      ]\n    },\n    ""临床技能加强"": {\n      ""目标"": ""提高实际操作能力，增强临床实习经验"",\n      ""方法"": [\n        ""积极参与医院的临床实习机会，主动要求参与更多类型的手术观察及简单的操作实践。"",\n        ""寻找机会加入志愿者项目或者社区健康服务活动，在真实环境中锻炼自己的技能。"",\n        ""通过视频教程、虚拟实验室等资源自学一些基本的临床技能操作技巧。""\n      ]\n    },\n    ""科研能力培养"": {\n      ""目标"": ""掌握科研方法论，能够独立完成小型研究项目"",\n      ""方法"": [\n        ""报名参加学校或网上开设的研究方法课程，尤其是统计学与数据分析方面的培训。"",\n        ""尝试联系导师或实验室，看是否有机会参与到正在进行的研究项目中去，即使是辅助性的工作也好。"",\n        ""开始着手准备一个小规模的研究课题，从选题到实验设计再到结果分析全程自己动手做一遍。""\...","[""5分： 完全理解并精准执行所有指令，完美达成核心任务目标，格式完全符合要求。"", ""4分： 准确理解主要指令，正确执行任务，核心目标达成度高，格式基本符合要求，可能有极少细节遗漏或偏差。"", ""3分： 理解了指令大意但可能忽略部分细节，任务基本完成但存在一些不准确或遗漏之处，格式有明显尝试但存在较多偏差。"", ""2分： 对指令理解有偏差，任务完成度低或有严重错误，格式多数不符合要求。"", ""1分： 完全误解或无视指令，任务未完成或完全错误，格式混乱或不相关。""]",question_seed42/train source; batch96 source question reuse minimized and recorded
topup1_127,syn_3c54decab57f7e36,5f2d081a6ec22635eab62fc1c0502409bd08995b,train,results_merge.jsonl,1303,1fbaba4fd0689522a2df03a5be806cfca5328f00,cadbe0c3db7346083f5bcab04e2eb35f839d836b,"Subject:Crop Science
Education Level:Undergraduate
Question:Which of the following is a primary macronutrient essential for plant growth?
A) Iron
B) Magnesium
C) Nitrogen
D) Zinc
. Please generate the corresponding answer based on the question. ""Answer"":, in JSON format.","[""5: All stated factual elements (definitions, formulas, dates, terms, syntax, etc.) are completely accurate."", ""4: Vast majority of facts are correct; possibly contains very minor, non-critical typos or omissions."", ""3: Most facts are correct, but there are some notable factual errors that require review."", ""2: Contains several or key factual inaccuracies; information is not trustworthy."", ""1: Riddled with factual errors; information is completely incorrect or misleading.""]",2,2,en,Basic Factual Accuracy,factual_error,factual_error,5,5,Question Answering,Crop Science,Undergraduate,True,True,True,exact_metric_language,False,False,False,False,False,False,False,False,False,False,LOW,0,4,question_reused_recorded,"Subject:Crop Science\nEducation Level:Undergraduate\nQuestion:Which of the following is a primary macronutrient essential for plant growth?\nA) Iron\nB) Magnesium\nC) Nitrogen\nD) Zinc\n. Please generate the corresponding answer based on the question. ""Answer"":, in JSON format.","{\n  ""answer"": ""C) Nitrogen""\n}","[""5: All stated factual elements (definitions, formulas, dates, terms, syntax, etc.) are completely accurate."", ""4: Vast majority of facts are correct; possibly contains very minor, non-critical typos or omissions."", ""3: Most facts are correct, but there are some notable factual errors that require review."", ""2: Contains several or key factual inaccuracies; information is not trustworthy."", ""1: Riddled with factual errors; information is completely incorrect or misleading.""]",question_seed42/train source; batch96 source question reuse minimized and recorded
topup1_128,syn_e493bb3c2a2c8229,a8ae95a0be2f0859e626b64f28585f542cf88bc6,train,results_merge.jsonl,5155,b0ec9ece1525000e58e3539446f4c4e03dc1c08f,794e5ad22f5df907f7727647da2781b66ca7339f,"学科:基础医学
学制级别:硕士
知识点：肌肉收缩的生理机制
问题类型：多选题
.请根据学科,学制级别,知识点,问题类型生成一个对应的问题。""问题""和""提供的思路"":,以json格式返回","[""5分： 在专业领域知识运用上不仅准确，且展现出恰当的深度和严谨性，符合行业标准或学术规范。"", ""4分： 专业知识运用准确，体现了较好的专业水准，但在深度或某些细节的严谨性上略有不足，不影响核心正确性。"", ""3分： 专业知识运用基本准确，但显得较为表层或不够严谨，可能存在一些非核心概念的混淆或遗漏。"", ""2分： 专业知识运用存在明显错误或重大遗漏，体现出专业性不足。"", ""1分： 专业知识运用方面存在严重错误，完全不符合专业标准，可能产生误导。""]",1,1,zh,Domain Knowledge Accuracy,factual_error,factual_error,4,4,Question Generation,Basic Medicine,Master,True,True,True,exact_metric_language,False,False,False,False,False,False,False,False,False,False,LOW,0,5,question_reused_recorded,"学科:基础医学\n学制级别:硕士\n知识点：肌肉收缩的生理机制\n问题类型：多选题\n.请根据学科,学制级别,知识点,问题类型生成一个对应的问题。""问题""和""提供的思路"":,以json格式返回","```json\n{\n  ""问题"": ""在肌肉收缩过程中，哪些因素是直接参与肌丝滑行的？"",\n  ""提供的思路"": [\n    ""了解肌肉收缩的基本原理，特别是滑行理论。"",\n    ""识别并分析肌丝（粗肌丝和细肌丝）的主要成分及其作用。"",\n    ""考虑钙离子的作用及其如何影响肌丝滑行。"",\n    ""思考横桥（肌球蛋白头部）的作用以及其与细肌丝相互作用的过程。"",\n    ""排除那些虽然对肌肉功能有影响但不直接参与肌丝滑行的因素。""\n  ]\n}\n```","[""5分： 在专业领域知识运用上不仅准确，且展现出恰当的深度和严谨性，符合行业标准或学术规范。"", ""4分： 专业知识运用准确，体现了较好的专业水准，但在深度或某些细节的严谨性上略有不足，不影响核心正确性。"", ""3分： 专业知识运用基本准确，但显得较为表层或不够严谨，可能存在一些非核心概念的混淆或遗漏。"", ""2分： 专业知识运用存在明显错误或重大遗漏，体现出专业性不足。"", ""1分： 专业知识运用方面存在严重错误，完全不符合专业标准，可能产生误导。""]",question_seed42/train source; batch96 source question reuse minimized and recorded
topup1_129,syn_6bf4003ef741d432,86e973edd227690c4073f0971409583902168038,train,results_merge.jsonl,2668,6ae2184d2c28a7dffc1319a61a68cf2584970be2,88a512f0308460d748886aa27dea8c13a30cf698,"Knowledge Point: Constructivist Learning Theory
Based on this knowledge point, provide ""Teaching Materials"": Teaching materials should include teaching objectives, key points and difficulties, classroom activity design, etc., in JSON format.","[""5: Excellent role-playing (e.g., teacher/TA); language style, professionalism, and tone (e.g., encouraging/serious) are perfectly aligned with the assumed role and audience."", ""4: Role and tone are mostly consistent and appropriate for the scenario, with minor deviation in individual expressions."", ""3: Attempts to match the role and tone can be seen, but overall consistency is weak; some expressions are disconnected from the role/scenario."", ""2: Significant mismatch in role and tone; comes across as unnatural or inconsistent."", ""1: No reflection of assigned role/tone; expression entirely inconsistent with the scenario.""]",2,2,en,Role & Tone Consistency,scenario_mismatch,scenario_mismatch,5,5,Teaching Material Generation,General Pedagogy,Undergraduate,True,True,True,exact_metric_language,False,False,False,False,False,False,False,False,False,False,LOW,1,1,question_reused_recorded,"Knowledge Point: Constructivist Learning Theory\nBased on this knowledge point, provide ""Teaching Materials"": Teaching materials should include teaching objectives, key points and difficulties, classroom activity design, etc., in JSON format.","```json\n{\n  ""teachingMaterials"": {\n    ""teachingObjectives"": [\n      ""Enable students to construct their own understanding of [specific topic/subject] through guided inquiry and hands-on activities."",\n      ""Foster collaborative learning by encouraging peer interaction and knowledge-sharing."",\n      ""Develop critical thinking by connecting new knowledge to prior experiences and real-world applications."",\n      ""Promote metacognition through reflective practices that help students evaluate their learning processes.""\n    ],\n    ""keyPoints"": [\n      ""Student-centered exploration of concepts."",\n      ""Role of social interaction in knowledge construction."",\n      ""Scaffolding learn...","[""5: Excellent role-playing (e.g., teacher/TA); language style, professionalism, and tone (e.g., encouraging/serious) are perfectly aligned with the assumed role and audience."", ""4: Role and tone are mostly consistent and appropriate for the scenario, with minor deviation in individual expressions."", ""3: Attempts to match the role and tone can be seen, but overall consistency is weak; some expressions are disconnected from the role/scenario."", ""2: Significant mismatch in role and tone; comes across as unnatural or inconsistent."", ""1: No reflection of assigned role/tone; expression entirely inconsistent with the scenario.""]",question_seed42/train source; batch96 source question reuse minimized and recorded
topup1_130,syn_e50c8a239ddc456d,9f2e4f58799f286944f010151232d68ce94e4dc6,train,results_merge.jsonl,4885,3f583749c39a53d68120dd4302b4c6888f5dd6d7,05ac54b1fc55a7a9a9167189a5085f63299428ba,"学科:物理学
学制级别:博士
问题：在广义相对论的框架下，以下哪种情况最有可能导致时空奇点的出现？
A) 电磁场的存在
B) 大质量恒星的核心塌缩
C) 宇宙学常数为零
D) 低能粒子在真空中的运动
.请根据问题生成对应的答案。""答案"":,以json格式返回","[""5分： 内容与指定知识点/主题/问题高度相关，且严格控制在要求的难度、范围、学科内，无冗余或无关信息。"", ""4分： 内容主体相关，范围控制良好，可能包含极少量轻微超纲或关联度稍弱的信息。"", ""3分： 内容大部分相关，但包含一些偏离主题或超出范围的部分，范围控制不够精确。"", ""2分： 内容相关性较差，包含较多无关信息，或严重超出指定范围。"", ""1分： 内容基本不相关，或完全脱离指定范围。""]",1,1,zh,Content Relevance & Scope Control,scenario_mismatch,scenario_mismatch,5,5,Question Answering,Physics,PhD,True,True,True,exact_metric_language,False,False,False,False,False,False,False,False,False,False,LOW,0,4,question_reused_recorded,"学科:物理学\n学制级别:博士\n问题：在广义相对论的框架下，以下哪种情况最有可能导致时空奇点的出现？\nA) 电磁场的存在\nB) 大质量恒星的核心塌缩\nC) 宇宙学常数为零\nD) 低能粒子在真空中的运动\n.请根据问题生成对应的答案。""答案"":,以json格式返回","```json\n{\n  ""answer"": ""B) 大质量恒星的核心塌缩""\n}\n```","[""5分： 内容与指定知识点/主题/问题高度相关，且严格控制在要求的难度、范围、学科内，无冗余或无关信息。"", ""4分： 内容主体相关，范围控制良好，可能包含极少量轻微超纲或关联度稍弱的信息。"", ""3分： 内容大部分相关，但包含一些偏离主题或超出范围的部分，范围控制不够精确。"", ""2分： 内容相关性较差，包含较多无关信息，或严重超出指定范围。"", ""1分： 内容基本不相关，或完全脱离指定范围。""]",question_seed42/train source; batch96 source question reuse minimized and recorded
topup1_131,syn_70390cbac69bda10,6b3c256f680a2ee3132bdbf2848f59d368e7c6b5,train,results_merge.jsonl,1977,5ffceb52c2088afbfedd9d157f13a2b675c5dc95,6efedeeebc9a15b4569747041bc4e21daf087584,"Question: Which of the following principles is most closely associated with the doctrine of 'stare decisis' in common law systems?

Please provide reasoning based on this question. Do not provide the answer directly.. ""Reasoning Provided"":, return in JSON format","[""5: Extremely clear and concise explanations; fully accessible for target learners; vibrant and engaging delivery that inspires deep thought and interest."", ""4: Clear and easy to understand; appropriate for learner level; somewhat thought-provoking and can trigger reflection."", ""3: Generally understandable but may be wordy, complex, or dull; limited inspirational impact."", ""2: Lacks clarity; uses excessive jargon or complex structures; difficult to comprehend; uninspiring."", ""1: Confusing and hard to follow; disregards learner needs; offers no inspiration and may cause confusion.""]",2,2,en,"Clarity, Simplicity & Inspiration",superficial_fluency,superficial_fluency,4,4,Idea Provision,Law,Master,True,True,True,exact_metric_language,False,False,False,False,False,False,False,False,False,False,LOW,0,5,question_reused_recorded,"Question: Which of the following principles is most closely associated with the doctrine of 'stare decisis' in common law systems?\n\nPlease provide reasoning based on this question. Do not provide the answer directly.. ""Reasoning Provided"":, return in JSON format","{\n  ""reasoning"": ""The principle most closely associated with 'stare decisis' in common law systems emphasizes the importance of following precedents set by previous judicial decisions. This principle is aimed at ensuring consistency and predictability in the law, as well as promoting fairness and equal treatment under the law. It suggests that when a court has made a decision on a particular legal issue, subsequent cases involving similar issues should be decided in a similar manner, unless there is a strong reason to deviate. This approach helps to maintain the integrity of the legal system and provides a framework for legal reasoning and argumentation, guiding both judges and lawyers i...","[""5: Extremely clear and concise explanations; fully accessible for target learners; vibrant and engaging delivery that inspires deep thought and interest."", ""4: Clear and easy to understand; appropriate for learner level; somewhat thought-provoking and can trigger reflection."", ""3: Generally understandable but may be wordy, complex, or dull; limited inspirational impact."", ""2: Lacks clarity; uses excessive jargon or complex structures; difficult to comprehend; uninspiring."", ""1: Confusing and hard to follow; disregards learner needs; offers no inspiration and may cause confusion.""]",question_seed42/train source; batch96 source question reuse minimized and recorded
topup1_132,syn_4ad959c68dcbc59b,7a8b5c968361fd4eee844fa90479089f374aab8e,train,results_merge.jsonl,3965,85398269c1c07a9498c3eae4b08315e4db78a74e,0cb03ad5bc0c040fe931a55b5e9b18f526a44a3c,"问题：在教育学中，哪个教学方法最强调学生的主动参与？
学生的答案：合作学习法
请根据问题和学生答案给出""评分"":""评分细节"":""个性化反馈"":,以json格式返回","[""5分： 始终体现出强烈的鼓励和支持态度，语言积极、富有建设性；在需要时提供非常有效的启发式引导，而非直接给答案。"", ""4分： 整体体现出鼓励和支持，语言积极正面；能提供有效的引导，偶尔可能过于直接。"", ""3分： 兼具鼓励和中性/批评性语言，积极性一般；引导有时有效，有时直接给答案或引导不足。"", ""2分： 缺乏鼓励和支持，语言偏中性甚至略显负面；很少提供有效引导，倾向于直接给答案或不给帮助。"", ""1分： 语言消极、打击性强，完全没有鼓励；无视引导需求，或提供错误引导。""]",1,1,zh,"Motivation, Guidance & Positive Feedback",scenario_mismatch,scenario_mismatch,5,5,Automatic Grading,General Pedagogy,Undergraduate,True,True,True,exact_metric_language,False,False,False,False,False,False,False,False,False,False,LOW,1,1,question_reused_recorded,"问题：在教育学中，哪个教学方法最强调学生的主动参与？\n学生的答案：合作学习法\n请根据问题和学生答案给出""评分"":""评分细节"":""个性化反馈"":,以json格式返回","```json\n{\n  ""评分"": ""5/5"",\n  ""评分细节"": ""学生正确地指出了在教育学中，合作学习法是一种非常强调学生主动参与的教学方法。这种教学方法鼓励学生之间相互协作解决问题或完成任务，从而促进知识的理解和个人能力的发展。"",\n  ""个性化反馈"": ""你的回答很准确！合作学习确实是一个很好的例子，它通过让学生们一起工作来解决问题或者完成项目，极大地促进了学生的积极参与和团队合作能力。继续加油，保持对教育理论的好奇心！""\n}\n```","[""5分： 始终体现出强烈的鼓励和支持态度，语言积极、富有建设性；在需要时提供非常有效的启发式引导，而非直接给答案。"", ""4分： 整体体现出鼓励和支持，语言积极正面；能提供有效的引导，偶尔可能过于直接。"", ""3分： 兼具鼓励和中性/批评性语言，积极性一般；引导有时有效，有时直接给答案或引导不足。"", ""2分： 缺乏鼓励和支持，语言偏中性甚至略显负面；很少提供有效引导，倾向于直接给答案或不给帮助。"", ""1分： 语言消极、打击性强，完全没有鼓励；无视引导需求，或提供错误引导。""]",question_seed42/train source; batch96 source question reuse minimized and recorded
topup1_133,syn_35cc78b8c333f77c,6358300a1312a268220578a420e801d4c75e9525,train,results_merge.jsonl,1230,50a125b94d56b250cab34175d4465b85ca2df963,93961bf549b27c9a55a70a8e4875a37607587f3f,"Subject:Psychology
Education Level:PhD
Question:Which of the following theories best explains the mechanism of action of selective serotonin reuptake inhibitors (SSRIs) in the treatment of depression?
A) Dopamine Hypothesis
B) Monoamine Hypothesis
C) Neurogenesis Hypothesis
D) Glutamate Hypothesis
. Please generate the corresponding answer based on the question. ""Answer"":, in JSON format.","[""5: Reasoning is complete, clear, and rigorous; all steps are correct; arguments are strong and free of logical fallacies."", ""4: Reasoning is largely correct and logically coherent with minor issues in individual steps or details that do not affect the conclusion."", ""3: Reasoning is visible but contains unclear logic, missing steps, or insufficient argumentation, affecting the overall outcome."", ""2: Reasoning has major logical flaws, confusion in steps, or critical omissions; reliability is low."", ""1: Virtually no valid reasoning; logic is chaotic; steps are incorrect or irrelevant.""]",3,3,en,Reasoning Process Rigor,overconfident_wrong,overconfident_wrong,1,1,Question Answering,Psychology,PhD,True,True,True,exact_metric_language,False,False,False,False,False,False,False,False,False,False,LOW,0,4,question_reused_recorded,"Subject:Psychology\nEducation Level:PhD\nQuestion:Which of the following theories best explains the mechanism of action of selective serotonin reuptake inhibitors (SSRIs) in the treatment of depression?\nA) Dopamine Hypothesis\nB) Monoamine Hypothesis\nC) Neurogenesis Hypothesis\nD) Glutamate Hypothesis\n. Please generate the corresponding answer based on the question. ""Answer"":, in JSON format.","```json\n{\n    ""Answer"": ""B) Monoamine Hypothesis""\n}\n```","[""5: Reasoning is complete, clear, and rigorous; all steps are correct; arguments are strong and free of logical fallacies."", ""4: Reasoning is largely correct and logically coherent with minor issues in individual steps or details that do not affect the conclusion."", ""3: Reasoning is visible but contains unclear logic, missing steps, or insufficient argumentation, affecting the overall outcome."", ""2: Reasoning has major logical flaws, confusion in steps, or critical omissions; reliability is low."", ""1: Virtually no valid reasoning; logic is chaotic; steps are incorrect or irrelevant.""]",question_seed42/train source; batch96 source question reuse minimized and recorded
topup1_134,syn_2c65acca9128a753,333a26ba156e7164d2b9bb08f985fb7a8ca98643,train,results_merge.jsonl,5394,62ac2dade9d7c2fe950fbee7347d622a834f6a94,cbdcecd203b9ab2a55a1582566aa3c2da5c8b732,"{'姓名': '李华', '年龄': 21, '专业': '商业管理学', '年级': '大三', '当前能力水平': {'经济学基础': '较好', '财务管理': '中等', '市场营销': '较弱', '战略管理': '较弱'}, '学习目标': '扎实掌握商业管理核心概念，提升实践应用能力，准备商科硕士申请', '知识薄弱点': ['市场营销', '战略管理'], '学习习惯': '喜欢通过案例分析学习，容易被实际问题驱动去探索知识，偏好小组讨论'}
请根据学生画像给出""学习路径规划建议"":和""个性化意见生成"":,以json格式返回","[""5分： 充分融合所有关键场景要素（如学生历史、学习偏好等），输出高度个性化，并与教学情境高度匹配。"", ""4分： 有效使用主要场景要素，回答具有针对性；可能遗漏少量细节，但不影响整体效果。"", ""3分： 使用了部分场景信息，但融合较浅；个性化程度或情境契合度一般。"", ""2分： 仅表层提及场景信息，未有效融合核心要素；与上下文连接较弱。"", ""1分： 完全忽视场景特定信息；输出通用、模板化，且与场景不相关。""]",2,2,zh,Scenario Element Integration,instruction_violation,instruction_violation,4,4,Personalized Content Creation,Business Administration,Undergraduate,True,True,True,exact_metric_language,False,False,False,False,False,False,False,False,False,False,LOW,0,3,question_reused_recorded,"{'姓名': '李华', '年龄': 21, '专业': '商业管理学', '年级': '大三', '当前能力水平': {'经济学基础': '较好', '财务管理': '中等', '市场营销': '较弱', '战略管理': '较弱'}, '学习目标': '扎实掌握商业管理核心概念，提升实践应用能力，准备商科硕士申请', '知识薄弱点': ['市场营销', '战略管理'], '学习习惯': '喜欢通过案例分析学习，容易被实际问题驱动去探索知识，偏好小组讨论'}\n请根据学生画像给出""学习路径规划建议"":和""个性化意见生成"":,以json格式返回","```json\n{\n  ""学习路径规划建议"": {\n    ""经济学基础"": {\n      ""建议"": ""继续深化理解，可以通过阅读经典教材、参加线上课程或听讲座来加强理论知识。"",\n      ""资源"": [\n        ""推荐书籍：《经济学原理》（曼昆）"",\n        ""在线课程：Coursera上的《微观经济学》和《宏观经济学》""\n      ]\n    },\n    ""财务管理"": {\n      ""建议"": ""保持中等水平的学习状态，关注最新的财务管理和会计标准变化，进行实践操作。"",\n      ""资源"": [\n        ""推荐书籍：《财务报表分析与财务决策》（陈信元）"",\n        ""在线课程：edX上的《财务管理》""\n      ]\n    },\n    ""市场营销"": {\n      ""建议"": ""重点提升这一领域的知识和技能，可以参加相关的实践活动，如市场调研、营销策划等。"",\n      ""资源"": [\n        ""推荐书籍：《营销管理》（菲利普·科特勒）"",\n        ""在线课程：MOOC上的《市场营销原理》"",\n        ""实践活动：参与校内或社区的市场营销项目""\n      ]\n    },\n    ""战略管理"": {\n      ""建议"": ""加强战略管理的学习，关注企业战略规划的实际案例，通过讨论和研究提升理解和应用能力。"",\n      ""资源"": [\n        ""推荐书籍：《战略管理》（迈克尔·波特）"",\n        ""在线课程...","[""5分： 充分融合所有关键场景要素（如学生历史、学习偏好等），输出高度个性化，并与教学情境高度匹配。"", ""4分： 有效使用主要场景要素，回答具有针对性；可能遗漏少量细节，但不影响整体效果。"", ""3分： 使用了部分场景信息，但融合较浅；个性化程度或情境契合度一般。"", ""2分： 仅表层提及场景信息，未有效融合核心要素；与上下文连接较弱。"", ""1分： 完全忽视场景特定信息；输出通用、模板化，且与场景不相关。""]",question_seed42/train source; batch96 source question reuse minimized and recorded
topup1_135,syn_9f63973be447b33d,b4840c2ac6c8ddfcd7dd13061a59d1f332bcb901,train,results_merge.jsonl,32,002cfcd8c1ac3ea32c6f46646c8bc2e1059c0500,170d1709ae5a8ab789b804c3a23f157e77f7b52f,"{'Name': 'Alex Johnson', 'Age': 20, 'Current Skill Level': 'Intermediate', 'Learning Goals': ['Understand cellular biology', 'Master genetics concepts', 'Prepare for advanced ecology coursework'], 'Study Habits': ['Visual learner', 'Prefers hands-on activities', 'Studies best in short bursts'], 'Weak Points': ['Struggles with understanding complex genetic processes', 'Needs improvement in data analysis and interpretation']}
Based on the student profile, provide ""Learning Path Planning"" and ""Personalized Recommendations"", returned in JSON format.","[""5: Highly personalized content/advice/feedback based on student level/traits/needs; resource and learning path suggestions are accurate, practical, and valuable."", ""4: Demonstrates some adaptation to student situation; provides relevant learning advice or resources with good utility."", ""3: Attempts personalization but with limited effectiveness; recommendations are generic and of limited value."", ""2: Little to no personalization; output is the same for everyone; learning support is insufficient or unrelated."", ""1: No personalization; output may conflict with student needs; offers no or incorrect learning support.""]",1,1,en,"Personalization, Adaptation & Learning Support",rubric_violation,rubric_violation,5,5,Personalized Content Creation,Biology,Undergraduate,True,True,True,exact_metric_language,False,False,False,False,False,False,False,False,False,False,LOW,0,2,question_reused_recorded,"{'Name': 'Alex Johnson', 'Age': 20, 'Current Skill Level': 'Intermediate', 'Learning Goals': ['Understand cellular biology', 'Master genetics concepts', 'Prepare for advanced ecology coursework'], 'Study Habits': ['Visual learner', 'Prefers hands-on activities', 'Studies best in short bursts'], 'Weak Points': ['Struggles with understanding complex genetic processes', 'Needs improvement in data analysis and interpretation']}\nBased on the student profile, provide ""Learning Path Planning"" and ""Personalized Recommendations"", returned in JSON format.","```json\n{\n  ""Learning Path Planning"": {\n    ""Phase 1: Foundation Building (Months 1-3)"": {\n      ""Objective"": ""Strengthen basic knowledge in cellular biology and genetics, focusing on visual learning and hands-on activities."",\n      ""Activities"": [\n        ""Enroll in an introductory online course on cellular biology that includes interactive diagrams and videos to cater to the visual learning preference."",\n        ""Participate in virtual or physical lab simulations to get a practical understanding of genetic processes, addressing the need for hands-on experiences.""\n      ],\n      ""Resources"": [\n        ""Khan Academy - Cellular Biology"",\n        ""Labster - Virtual Lab Simulation...","[""5: Highly personalized content/advice/feedback based on student level/traits/needs; resource and learning path suggestions are accurate, practical, and valuable."", ""4: Demonstrates some adaptation to student situation; provides relevant learning advice or resources with good utility."", ""3: Attempts personalization but with limited effectiveness; recommendations are generic and of limited value."", ""2: Little to no personalization; output is the same for everyone; learning support is insufficient or unrelated."", ""1: No personalization; output may conflict with student needs; offers no or incorrect learning support.""]",question_seed42/train source; batch96 source question reuse minimized and recorded
topup1_136,syn_8638b05188b55e8e,fef275452b8a1965037719508f25c0ba4e16dae5,train,results_merge.jsonl,2814,c367d1e3134b022584248f014a7b59640f1df7fb,c66fc3ea252fd193f6fdf89ecadd523586a4f694,"学生画像：学生的画像：{'姓名': '王小明', '年龄': 21, '年级': '大三', '专业': '临床医学', '学习风格': '偏好视觉学习', '兴趣': '外科手术、病理学', '当前挑战': '在解剖学应用上有困难', '目标': '提高解剖学的实际应用能力'}
请根据学生画像，为每位学生生成 ‘个性化的学习内容或任务’:,以json格式返回","[""5分： 交互或内容设计巧妙，能显著促进学生的批判性思维、创新思维、问题解决或知识迁移应用能力（例如通过开放性问题、对比分析、案例探究、项目式任务等）。"", ""4分： 能提出引导性问题或设计有一定挑战性的任务，对培养学生的高阶思维和能力（如分析、评估、应用）有积极作用。"", ""3分： 在促进高阶思维方面有所尝试（如提出一些简单的思考题），但深度和广度有限，效果不明显，整体仍偏重知识复述或简单应用。"", ""2分： 交互或内容主要停留在基础知识记忆和理解层面，很少或未能涉及需要高阶思维的活动或问题。"", ""1分： 完全忽视高阶思维培养，仅限于死记硬背或简单重复，甚至可能因提供过于简化或固化的答案而阻碍思维发展。""]",2,2,zh,Higher-Order Thinking & Skill Development,superficial_fluency,superficial_fluency,4,4,Personalized Learning Support,Clinical Medicine,Undergraduate,True,True,True,exact_metric_language,False,False,False,False,False,False,False,False,False,False,LOW,0,4,question_reused_recorded,"学生画像：学生的画像：{'姓名': '王小明', '年龄': 21, '年级': '大三', '专业': '临床医学', '学习风格': '偏好视觉学习', '兴趣': '外科手术、病理学', '当前挑战': '在解剖学应用上有困难', '目标': '提高解剖学的实际应用能力'}\n请根据学生画像，为每位学生生成 ‘个性化的学习内容或任务’:,以json格式返回","```json\n{\n  ""个性化学习内容或任务"": {\n    ""姓名"": ""王小明"",\n    ""年龄"": 21,\n    ""年级"": ""大三"",\n    ""专业"": ""临床医学"",\n    ""学习风格"": ""偏好视觉学习"",\n    ""兴趣"": ""外科手术、病理学"",\n    ""当前挑战"": ""在解剖学应用上有困难"",\n    ""目标"": ""提高解剖学的实际应用能力"",\n    ""学习任务"": [\n      {\n        ""任务名称"": ""解剖学3D模型学习"",\n        ""描述"": ""使用3D解剖学模型进行学习，重点关注与外科手术相关的解剖结构。"",\n        ""资源"": ""提供3D解剖学软件或在线平台链接。"",\n        ""目标"": ""通过视觉学习加深对解剖结构的理解。""\n      },\n      {\n        ""任务名称"": ""外科手术视频分析"",\n        ""描述"": ""观看并分析外科手术视频，重点关注手术过程中涉及的解剖结构。"",\n        ""资源"": ""提供精选的外科手术视频链接。"",\n        ""目标"": ""将解剖学知识与实际手术操作相结合。""\n      },\n      {\n        ""任务名称"": ""病理学与解剖学交叉学习"",\n        ""描述"": ""研究病理学案例，分析病变对解剖结构的影响。"",\n        ""资源"": ""提供病理学案例资料和相关解剖学图谱。"",\n        ""目标"": ""理解病理变化对解剖结构的影响，...","[""5分： 交互或内容设计巧妙，能显著促进学生的批判性思维、创新思维、问题解决或知识迁移应用能力（例如通过开放性问题、对比分析、案例探究、项目式任务等）。"", ""4分： 能提出引导性问题或设计有一定挑战性的任务，对培养学生的高阶思维和能力（如分析、评估、应用）有积极作用。"", ""3分： 在促进高阶思维方面有所尝试（如提出一些简单的思考题），但深度和广度有限，效果不明显，整体仍偏重知识复述或简单应用。"", ""2分： 交互或内容主要停留在基础知识记忆和理解层面，很少或未能涉及需要高阶思维的活动或问题。"", ""1分： 完全忽视高阶思维培养，仅限于死记硬背或简单重复，甚至可能因提供过于简化或固化的答案而阻碍思维发展。""]",question_seed42/train source; batch96 source question reuse minimized and recorded
topup1_137,syn_ac91eeee62a9df2c,919fcc1622f010aa593aac6a1920ce136068b763,train,results_merge.jsonl,794,5190426b37344a5dd70adf4894aacc1fb868cdff,22b410c13243847d08c7e03c056202aa1f759d4d,"Question: True or False: The human liver has the capacity to regenerate after surgical removal of a portion of its tissue.
Student's Answer: True
Please provide ""Score"", ""Scoring Details"", and ""Personalized Feedback"" based on the question and student's answer, in JSON format.","[""5: Precisely identified all errors (no omission or false positives); provided completely correct, clear, and optimal correction suggestions."", ""4: Correctly located most major errors; suggestions are generally accurate and effective with only minor omissions or less-than-perfect advice."", ""3: Identified some errors but with clear omissions or false positives; suggestions are partially correct but may lack clarity, completeness or optimality."", ""2: Inaccurate error detection with critical omissions or many false positives; suggestions contain errors or are hard to comprehend."", ""1: Completely failed to detect errors; provided entirely incorrect or misleading correction advice.""]",1,1,en,Error Identification & Correction Precision,reasoning_gap,reasoning_gap,5,5,Automatic Grading,Basic Medicine,Undergraduate,True,True,True,exact_metric_language,False,False,False,False,False,False,False,False,False,False,LOW,1,1,question_reused_recorded,"Question: True or False: The human liver has the capacity to regenerate after surgical removal of a portion of its tissue.\nStudent's Answer: True\nPlease provide ""Score"", ""Scoring Details"", and ""Personalized Feedback"" based on the question and student's answer, in JSON format.","{\n  ""Score"": 1,\n  ""Scoring Details"": ""The student answered correctly. The liver indeed has an impressive regenerative capacity, which is one of the most remarkable features of this organ."",\n  ""Personalized Feedback"": ""Your understanding is correct! The liver is unique among internal organs for its ability to regenerate. This means that even if a significant portion of the liver is removed during surgery (such as in the case of a liver transplant), the remaining part can grow back to its original size and function. Keep up the good work!""\n}","[""5: Precisely identified all errors (no omission or false positives); provided completely correct, clear, and optimal correction suggestions."", ""4: Correctly located most major errors; suggestions are generally accurate and effective with only minor omissions or less-than-perfect advice."", ""3: Identified some errors but with clear omissions or false positives; suggestions are partially correct but may lack clarity, completeness or optimality."", ""2: Inaccurate error detection with critical omissions or many false positives; suggestions contain errors or are hard to comprehend."", ""1: Completely failed to detect errors; provided entirely incorrect or misleading correction advice.""]",question_seed42/train source; batch96 source question reuse minimized and recorded
topup1_138,syn_7cb81e9dd17ff1c3,3aa46875e4cffe9830f91e445c94cc844dd00986,train,results_merge.jsonl,5233,b1cd0c51d55f036fd0656bc090e26097d4fdc971,2e5c325347bf653d4a3a8bced5cfee70bc8ade4a,"{'姓名': '张伟', '年龄': 20, '年级': '大二', '专业': '经济学', '学习目标': '理解理论经济学中的市场结构与策略行为', '当前能力水平': '具有基础的微观经济学知识，欠缺高级数学分析能力', '知识薄弱点': ['博弈论', '信息不对称'], '学习习惯': '喜欢通过阅读相关研究论文来加深理解，习惯用在线课程平台学习', '兴趣': ['市场动向分析', '公司竞争策略']}
请根据学生画像给出""学习路径规划建议"":和""个性化意见生成"":,以json格式返回","[""5分： 完全理解并精准执行所有指令，完美达成核心任务目标，格式完全符合要求。"", ""4分： 准确理解主要指令，正确执行任务，核心目标达成度高，格式基本符合要求，可能有极少细节遗漏或偏差。"", ""3分： 理解了指令大意但可能忽略部分细节，任务基本完成但存在一些不准确或遗漏之处，格式有明显尝试但存在较多偏差。"", ""2分： 对指令理解有偏差，任务完成度低或有严重错误，格式多数不符合要求。"", ""1分： 完全误解或无视指令，任务未完成或完全错误，格式混乱或不相关。""]",2,2,zh,Instruction Following & Task Completion,rubric_violation,rubric_violation,4,4,Personalized Content Creation,Theoretical Economics,Undergraduate,True,True,True,exact_metric_language,False,False,False,False,False,False,False,False,False,False,LOW,0,3,question_reused_recorded,"{'姓名': '张伟', '年龄': 20, '年级': '大二', '专业': '经济学', '学习目标': '理解理论经济学中的市场结构与策略行为', '当前能力水平': '具有基础的微观经济学知识，欠缺高级数学分析能力', '知识薄弱点': ['博弈论', '信息不对称'], '学习习惯': '喜欢通过阅读相关研究论文来加深理解，习惯用在线课程平台学习', '兴趣': ['市场动向分析', '公司竞争策略']}\n请根据学生画像给出""学习路径规划建议"":和""个性化意见生成"":,以json格式返回","```json\n{\n  ""学习路径规划建议"": [\n    {\n      ""阶段"": ""基础巩固"",\n      ""建议"": [\n        ""复习微观经济学基础概念，特别是市场结构部分"",\n        ""通过在线课程平台学习基础数学分析课程，提升数学能力""\n      ]\n    },\n    {\n      ""阶段"": ""中级提升"",\n      ""建议"": [\n        ""深入学习博弈论，理解策略行为的基本原理"",\n        ""研究信息不对称理论，分析其对市场的影响""\n      ]\n    },\n    {\n      ""阶段"": ""高级应用"",\n      ""建议"": [\n        ""阅读相关研究论文，特别是关于市场动向分析和公司竞争策略的文献"",\n        ""参与经济学研讨会或工作坊，与同行交流学习""\n      ]\n    }\n  ],\n  ""个性化意见生成"": [\n    {\n      ""兴趣点"": ""市场动向分析"",\n      ""建议"": ""关注最新的市场研究报告，尝试分析不同市场结构下的公司行为""\n    },\n    {\n      ""兴趣点"": ""公司竞争策略"",\n      ""建议"": ""研究不同行业中的公司竞争策略，特别是博弈论在其中的应用""\n    },\n    {\n      ""学习习惯"": ""阅读研究论文"",\n      ""建议"": ""选择高质量的学术期刊，定期阅读并总结关键观点""\n    },\n    {\n      ""学...","[""5分： 完全理解并精准执行所有指令，完美达成核心任务目标，格式完全符合要求。"", ""4分： 准确理解主要指令，正确执行任务，核心目标达成度高，格式基本符合要求，可能有极少细节遗漏或偏差。"", ""3分： 理解了指令大意但可能忽略部分细节，任务基本完成但存在一些不准确或遗漏之处，格式有明显尝试但存在较多偏差。"", ""2分： 对指令理解有偏差，任务完成度低或有严重错误，格式多数不符合要求。"", ""1分： 完全误解或无视指令，任务未完成或完全错误，格式混乱或不相关。""]",question_seed42/train source; batch96 source question reuse minimized and recorded
topup1_139,syn_0251896e9245e1c1,1706674f1a11ab92cfbc7e99f0d627d6385b0e32,train,results_merge.jsonl,1471,6ee4a63a27ca8efb648e5b9a6d471b40f538089f,7b8b428603e5c5036eef3ee29e925ccdc8491396,"Subject:Sociology
Education Level:PhD
Knowledge Point:The concept of 'social capital' has been extensively discussed in the field of sociology, particularly in relation to community development, socio-economic mobility, and collective action. Social capital refers to the networks of relationships among people who work in a particular society, enabling that society to function effectively.
Question Type:Multiple Choice
.Generate a corresponding question based on subject, education level, knowledge point, and question type. Return ""Question"" and ""Provided Reasoning"" in JSON format.","[""5: All stated factual elements (definitions, formulas, dates, terms, syntax, etc.) are completely accurate."", ""4: Vast majority of facts are correct; possibly contains very minor, non-critical typos or omissions."", ""3: Most facts are correct, but there are some notable factual errors that require review."", ""2: Contains several or key factual inaccuracies; information is not trustworthy."", ""1: Riddled with factual errors; information is completely incorrect or misleading.""]",1,1,en,Basic Factual Accuracy,overconfident_wrong,overconfident_wrong,5,5,Question Generation,Sociology,PhD,True,True,True,exact_metric_language,False,False,False,False,False,False,False,False,False,False,LOW,0,5,question_reused_recorded,"Subject:Sociology\nEducation Level:PhD\nKnowledge Point:The concept of 'social capital' has been extensively discussed in the field of sociology, particularly in relation to community development, socio-economic mobility, and collective action. Social capital refers to the networks of relationships among people who work in a particular society, enabling that society to function effectively.\nQuestion Type:Multiple Choice\n.Generate a corresponding question based on subject, education level, knowledge point, and question type. Return ""Question"" and ""Provided Reasoning"" in JSON format.","```json\n{\n  ""Question"": {\n    ""Stem"": ""A sociologist observes that a tight-knit community with robust internal networks struggles to access external resources for economic development. Which type of social capital is most directly lacking in this scenario?"",\n    ""Options"": [\n      {\n        ""Label"": ""A"",\n        ""Text"": ""Bonding social capital""\n      },\n      {\n        ""Label"": ""B"",\n        ""Text"": ""Bridging social capital""\n      },\n      {\n        ""Label"": ""C"",\n        ""Text"": ""Linking social capital""\n      },\n      {\n        ""Label"": ""D"",\n        ""Text"": ""Cultural capital""\n      }\n    ],\n    ""CorrectAnswer"": ""B""\n  },\n  ""Provided Reasoning"": {\n    ""Explanation"": ...","[""5: All stated factual elements (definitions, formulas, dates, terms, syntax, etc.) are completely accurate."", ""4: Vast majority of facts are correct; possibly contains very minor, non-critical typos or omissions."", ""3: Most facts are correct, but there are some notable factual errors that require review."", ""2: Contains several or key factual inaccuracies; information is not trustworthy."", ""1: Riddled with factual errors; information is completely incorrect or misleading.""]",question_seed42/train source; batch96 source question reuse minimized and recorded
topup1_140,syn_60189a30495e16b3,ba777b2781a3349864bb6afe08ab8801c6d791f1,train,results_merge.jsonl,4209,71a14244232914c689e46f4d03977b3ac0067a23,4ad6d0baa2c98c249e5f00339d751e2547db24e4,"知识点：线粒体功能与生物能量代谢调控
请根据这个知识点给出""教学素材"":教学素材需要包括教学目标、重点难点、课堂活动设计等,以json格式返回","[""5分： 在专业领域知识运用上不仅准确，且展现出恰当的深度和严谨性，符合行业标准或学术规范。"", ""4分： 专业知识运用准确，体现了较好的专业水准，但在深度或某些细节的严谨性上略有不足，不影响核心正确性。"", ""3分： 专业知识运用基本准确，但显得较为表层或不够严谨，可能存在一些非核心概念的混淆或遗漏。"", ""2分： 专业知识运用存在明显错误或重大遗漏，体现出专业性不足。"", ""1分： 专业知识运用方面存在严重错误，完全不符合专业标准，可能产生误导。""]",1,1,zh,Domain Knowledge Accuracy,rubric_violation,rubric_violation,4,4,Teaching Material Generation,Biology,PhD,True,True,True,exact_metric_language,False,False,False,False,False,False,False,False,False,False,LOW,0,5,question_reused_recorded,"知识点：线粒体功能与生物能量代谢调控\n请根据这个知识点给出""教学素材"":教学素材需要包括教学目标、重点难点、课堂活动设计等,以json格式返回","```json\n{\n  ""教学目标"": [\n    ""理解线粒体的基本结构和功能"",\n    ""掌握线粒体在生物能量代谢中的核心作用"",\n    ""了解线粒体功能异常与疾病的关系"",\n    ""培养学生科学探究和实验设计的能力""\n  ],\n  ""重点难点"": {\n    ""重点"": [\n      ""线粒体的结构与功能"",\n      ""ATP的生成过程"",\n      ""线粒体在细胞呼吸中的作用""\n    ],\n    ""难点"": [\n      ""线粒体功能与细胞代谢调控的复杂关系"",\n      ""线粒体功能异常导致的疾病机制""\n    ]\n  },\n  ""课堂活动设计"": [\n    {\n      ""活动名称"": ""线粒体模型制作"",\n      ""活动目标"": ""通过动手制作线粒体模型，加深对线粒体结构的理解"",\n      ""活动步骤"": [\n        ""准备材料：彩纸、剪刀、胶水、标记笔等"",\n        ""学生分组，每组制作一个线粒体模型"",\n        ""模型需包括线粒体的主要结构：外膜、内膜、基质、嵴等"",\n        ""完成后，每组展示并讲解模型的结构和功能""\n      ]\n    },\n    {\n      ""活动名称"": ""ATP生成实验"",\n      ""活动目标"": ""通过实验观察ATP的生成过程，理解线粒体的能量转换功能"",\n      ""活动步骤"": [\n        ""准备实验材料：酵母、葡萄糖溶液、ATP检测试剂等"",\n        ""学...","[""5分： 在专业领域知识运用上不仅准确，且展现出恰当的深度和严谨性，符合行业标准或学术规范。"", ""4分： 专业知识运用准确，体现了较好的专业水准，但在深度或某些细节的严谨性上略有不足，不影响核心正确性。"", ""3分： 专业知识运用基本准确，但显得较为表层或不够严谨，可能存在一些非核心概念的混淆或遗漏。"", ""2分： 专业知识运用存在明显错误或重大遗漏，体现出专业性不足。"", ""1分： 专业知识运用方面存在严重错误，完全不符合专业标准，可能产生误导。""]",question_seed42/train source; batch96 source question reuse minimized and recorded
topup1_141,syn_b4a1d847b6667bbd,208e03280a4906e1eafbe393d9d1a9120371d9be,train,results_merge.jsonl,2731,a05fd196db01a4397d849484b969f6bf2f5c0712,b01b9b887242c2c91d15ac0e9f4488216de79b5f,"Knowledge Point: Thermodynamics in Chemical Reactions
Based on this knowledge point, provide ""Teaching Materials"": Teaching materials should include teaching objectives, key points and difficulties, classroom activity design, etc., in JSON format.","[""5: Excellent role-playing (e.g., teacher/TA); language style, professionalism, and tone (e.g., encouraging/serious) are perfectly aligned with the assumed role and audience."", ""4: Role and tone are mostly consistent and appropriate for the scenario, with minor deviation in individual expressions."", ""3: Attempts to match the role and tone can be seen, but overall consistency is weak; some expressions are disconnected from the role/scenario."", ""2: Significant mismatch in role and tone; comes across as unnatural or inconsistent."", ""1: No reflection of assigned role/tone; expression entirely inconsistent with the scenario.""]",2,2,en,Role & Tone Consistency,superficial_fluency,superficial_fluency,4,4,Teaching Material Generation,Chemistry,Master,True,True,True,exact_metric_language,False,False,False,False,False,False,False,False,False,False,LOW,1,1,question_reused_recorded,"Knowledge Point: Thermodynamics in Chemical Reactions\nBased on this knowledge point, provide ""Teaching Materials"": Teaching materials should include teaching objectives, key points and difficulties, classroom activity design, etc., in JSON format.","```json\n{\n  ""teaching_materials"": {\n    ""teaching_objectives"": {\n      ""knowledge"": [\n        ""Understand the basic principles of thermodynamics in chemical reactions, including the first and second laws of thermodynamics."",\n        ""Define and apply key thermodynamic concepts: Gibbs free energy (ΔG), entropy (ΔS), and enthalpy (ΔH)."",\n        ""Interpret the relationship between ΔG, ΔS, and ΔH in determining the spontaneity of reactions.""\n      ],\n      ""skills"": [\n        ""Calculate ΔG using the equation ΔG = ΔH - TΔS and predict reaction spontaneity."",\n        ""Analyze energy changes in exothermic/endothermic reactions."",\n        ""Use thermodynamic data to evaluate real-worl...","[""5: Excellent role-playing (e.g., teacher/TA); language style, professionalism, and tone (e.g., encouraging/serious) are perfectly aligned with the assumed role and audience."", ""4: Role and tone are mostly consistent and appropriate for the scenario, with minor deviation in individual expressions."", ""3: Attempts to match the role and tone can be seen, but overall consistency is weak; some expressions are disconnected from the role/scenario."", ""2: Significant mismatch in role and tone; comes across as unnatural or inconsistent."", ""1: No reflection of assigned role/tone; expression entirely inconsistent with the scenario.""]",question_seed42/train source; batch96 source question reuse minimized and recorded
topup1_142,syn_10de8eb8c853f04e,b09d52fbb8435a7fcd5a94bb1d8988bbd205a51e,train,results_merge.jsonl,4735,3b26f4f8f9f7314ee644e63efa2173afbb702c33,73976e14b3df3279ec1da137d0a7f6be212ae60c,"学科:法学
学制级别:博士
问题：在国际法中，以下哪一个原则主要用于解决国家之间的领土争端？
A. 不干涉内政原则
B. 自决原则
C. 先占原则
D. 互惠原则
.请根据问题生成对应的答案。""答案"":,以json格式返回","[""5分： 内容与指定知识点/主题/问题高度相关，且严格控制在要求的难度、范围、学科内，无冗余或无关信息。"", ""4分： 内容主体相关，范围控制良好，可能包含极少量轻微超纲或关联度稍弱的信息。"", ""3分： 内容大部分相关，但包含一些偏离主题或超出范围的部分，范围控制不够精确。"", ""2分： 内容相关性较差，包含较多无关信息，或严重超出指定范围。"", ""1分： 内容基本不相关，或完全脱离指定范围。""]",1,1,zh,Content Relevance & Scope Control,rubric_violation,rubric_violation,5,5,Question Answering,Law,PhD,True,True,True,exact_metric_language,False,False,False,False,False,False,False,False,False,False,LOW,0,4,question_reused_recorded,"学科:法学\n学制级别:博士\n问题：在国际法中，以下哪一个原则主要用于解决国家之间的领土争端？\nA. 不干涉内政原则\nB. 自决原则\nC. 先占原则\nD. 互惠原则\n.请根据问题生成对应的答案。""答案"":,以json格式返回","{\n    ""答案"": ""C. 先占原则""\n}","[""5分： 内容与指定知识点/主题/问题高度相关，且严格控制在要求的难度、范围、学科内，无冗余或无关信息。"", ""4分： 内容主体相关，范围控制良好，可能包含极少量轻微超纲或关联度稍弱的信息。"", ""3分： 内容大部分相关，但包含一些偏离主题或超出范围的部分，范围控制不够精确。"", ""2分： 内容相关性较差，包含较多无关信息，或严重超出指定范围。"", ""1分： 内容基本不相关，或完全脱离指定范围。""]",question_seed42/train source; batch96 source question reuse minimized and recorded
topup1_143,syn_2cbcd0108bfb1b0a,c68cf746b3540e731f2ed50d13cc379d7b771da6,train,results_merge.jsonl,1807,ffed2f3bb93a32c1cf81521951774f896b3283f4,1e9744cdf0d934dc4e5629a79bb251116f195ba9,"Question: Which part of the plant is responsible for photosynthesis?
A) Roots
B) Stems
C) Leaves
D) Flowers

Please provide reasoning based on this question. Do not provide the answer directly.. ""Reasoning Provided"":, return in JSON format","[""5: Extremely clear and concise explanations; fully accessible for target learners; vibrant and engaging delivery that inspires deep thought and interest."", ""4: Clear and easy to understand; appropriate for learner level; somewhat thought-provoking and can trigger reflection."", ""3: Generally understandable but may be wordy, complex, or dull; limited inspirational impact."", ""2: Lacks clarity; uses excessive jargon or complex structures; difficult to comprehend; uninspiring."", ""1: Confusing and hard to follow; disregards learner needs; offers no inspiration and may cause confusion.""]",3,3,en,"Clarity, Simplicity & Inspiration",rubric_violation,rubric_violation,4,4,Idea Provision,Biology,Elementary School,True,True,True,exact_metric_language,False,False,False,False,False,False,False,False,False,False,LOW,0,5,question_reused_recorded,"Question: Which part of the plant is responsible for photosynthesis?\nA) Roots\nB) Stems\nC) Leaves\nD) Flowers\n\nPlease provide reasoning based on this question. Do not provide the answer directly.. ""Reasoning Provided"":, return in JSON format","{\n  ""reasoning"": ""Photosynthesis is the process by which plants convert light energy into chemical energy. It primarily occurs in the chloroplasts of plant cells, which are found predominantly in the leaves. Leaves have a high concentration of chlorophyll, the green pigment that captures light energy, and they contain a large surface area for maximizing light exposure. Roots absorb water and nutrients, stems transport these resources and provide structural support, and flowers are involved in reproductive processes, but none of these parts are directly responsible for the conversion of light into chemical energy.""\n}","[""5: Extremely clear and concise explanations; fully accessible for target learners; vibrant and engaging delivery that inspires deep thought and interest."", ""4: Clear and easy to understand; appropriate for learner level; somewhat thought-provoking and can trigger reflection."", ""3: Generally understandable but may be wordy, complex, or dull; limited inspirational impact."", ""2: Lacks clarity; uses excessive jargon or complex structures; difficult to comprehend; uninspiring."", ""1: Confusing and hard to follow; disregards learner needs; offers no inspiration and may cause confusion.""]",question_seed42/train source; batch96 source question reuse minimized and recorded
topup1_144,syn_d2efcf36173b0cfd,aa8e828fe9ccf3de80b312941a2061784d076ddf,train,results_merge.jsonl,3374,fdcc493923c6536e26519ec07f9693ca405da624,32bafa8d3c5db8ec036182c3f297e728515800b9,"问题：What is the past tense of the verb 'run'?
原答案：The past tense of 'run' is 'runned'.
你为学生的回答进行纠错服务.请根据这个问题和原答案给出""纠错后答案""和""纠错说明"":,以json格式返回","[""5分： 始终体现出强烈的鼓励和支持态度，语言积极、富有建设性；在需要时提供非常有效的启发式引导，而非直接给答案。"", ""4分： 整体体现出鼓励和支持，语言积极正面；能提供有效的引导，偶尔可能过于直接。"", ""3分： 兼具鼓励和中性/批评性语言，积极性一般；引导有时有效，有时直接给答案或引导不足。"", ""2分： 缺乏鼓励和支持，语言偏中性甚至略显负面；很少提供有效引导，倾向于直接给答案或不给帮助。"", ""1分： 语言消极、打击性强，完全没有鼓励；无视引导需求，或提供错误引导。""]",2,2,zh,"Motivation, Guidance & Positive Feedback",superficial_fluency,superficial_fluency,5,5,Error Correction,English,Elementary School,True,True,True,exact_metric_language,False,False,False,False,False,False,False,False,False,False,LOW,1,1,question_reused_recorded,"问题：What is the past tense of the verb 'run'?\n原答案：The past tense of 'run' is 'runned'.\n你为学生的回答进行纠错服务.请根据这个问题和原答案给出""纠错后答案""和""纠错说明"":,以json格式返回","```json\n{\n    ""纠错后答案"": ""The past tense of 'run' is 'ran'."",\n    ""纠错说明"": ""动词 'run' 是不规则动词，其过去式并非通过加 '-ed' 构成。正确过去式为 'ran'，过去分词为 'run'。例如：'Yesterday, I ran a marathon.' 学生可能误以为所有动词过去式都遵循 '-ed' 规则，需强调不规则动词的特殊变化并建议记忆常见不规则动词表。""\n}\n```","[""5分： 始终体现出强烈的鼓励和支持态度，语言积极、富有建设性；在需要时提供非常有效的启发式引导，而非直接给答案。"", ""4分： 整体体现出鼓励和支持，语言积极正面；能提供有效的引导，偶尔可能过于直接。"", ""3分： 兼具鼓励和中性/批评性语言，积极性一般；引导有时有效，有时直接给答案或引导不足。"", ""2分： 缺乏鼓励和支持，语言偏中性甚至略显负面；很少提供有效引导，倾向于直接给答案或不给帮助。"", ""1分： 语言消极、打击性强，完全没有鼓励；无视引导需求，或提供错误引导。""]",question_seed42/train source; batch96 source question reuse minimized and recorded
topup1_145,syn_e5d95b46aa013a6f,4042b14600691c9b29b70d916e9db910c058d891,train,results_merge.jsonl,1100,7bdbfc3be37d434120cd61c75738b9ba4e2b67ad,595d20cc3aafba514b89dc002491957c5fb3124f,"Subject:Applied Economics
Education Level:Undergraduate
Question:Which of the following is considered a limitation of using Gross Domestic Product (GDP) as a measure of economic welfare?
A) GDP accounts for income distribution among residents of a country.
B) GDP includes non-market transactions such as volunteer work and household labor.
C) GDP does not account for environmental degradation and resource depletion.
D) GDP measures the total market value of all final goods and services produced in a country.
. Please generate the corresponding answer based on the question. ""Answer"":, in JSON format.","[""5: Reasoning is complete, clear, and rigorous; all steps are correct; arguments are strong and free of logical fallacies."", ""4: Reasoning is largely correct and logically coherent with minor issues in individual steps or details that do not affect the conclusion."", ""3: Reasoning is visible but contains unclear logic, missing steps, or insufficient argumentation, affecting the overall outcome."", ""2: Reasoning has major logical flaws, confusion in steps, or critical omissions; reliability is low."", ""1: Virtually no valid reasoning; logic is chaotic; steps are incorrect or irrelevant.""]",1,1,en,Reasoning Process Rigor,reasoning_gap,reasoning_gap,1,1,Question Answering,Applied Economics,Undergraduate,True,True,True,exact_metric_language,False,False,False,False,False,False,False,False,False,False,LOW,0,5,question_reused_recorded,"Subject:Applied Economics\nEducation Level:Undergraduate\nQuestion:Which of the following is considered a limitation of using Gross Domestic Product (GDP) as a measure of economic welfare?\nA) GDP accounts for income distribution among residents of a country.\nB) GDP includes non-market transactions such as volunteer work and household labor.\nC) GDP does not account for environmental degradation and resource depletion.\nD) GDP measures the total market value of all final goods and services produced in a country.\n. Please generate the corresponding answer based on the question. ""Answer"":, in JSON format.","{\n  ""answer"": ""C) GDP does not account for environmental degradation and resource depletion.""\n}","[""5: Reasoning is complete, clear, and rigorous; all steps are correct; arguments are strong and free of logical fallacies."", ""4: Reasoning is largely correct and logically coherent with minor issues in individual steps or details that do not affect the conclusion."", ""3: Reasoning is visible but contains unclear logic, missing steps, or insufficient argumentation, affecting the overall outcome."", ""2: Reasoning has major logical flaws, confusion in steps, or critical omissions; reliability is low."", ""1: Virtually no valid reasoning; logic is chaotic; steps are incorrect or irrelevant.""]",question_seed42/train source; batch96 source question reuse minimized and recorded
topup1_146,syn_d7fd4ff1ab1fa798,0976aa1d6ba9d02ac97b63e33f070d8c98b99958,train,results_merge.jsonl,5352,017b79ae37affb7019266860fa78173a21364493,607a7509cc8921a52b2a2aa635fd4a9fd618777f,"{'姓名': '李明', '年龄': 16, '年级': '高一', '当前能力水平': {'物理基础知识': '中等', '数学应用能力': '较强', '实验动手能力': '较弱'}, '学习目标': '提高物理成绩，准备参加市级物理竞赛', '知识薄弱点': ['力学概念和应用', '电磁学基础'], '学习习惯': '喜欢通过视频学习，不擅长笔记整理'}
请根据学生画像给出""学习路径规划建议"":和""个性化意见生成"":,以json格式返回","[""5分： 充分融合所有关键场景要素（如学生历史、学习偏好等），输出高度个性化，并与教学情境高度匹配。"", ""4分： 有效使用主要场景要素，回答具有针对性；可能遗漏少量细节，但不影响整体效果。"", ""3分： 使用了部分场景信息，但融合较浅；个性化程度或情境契合度一般。"", ""2分： 仅表层提及场景信息，未有效融合核心要素；与上下文连接较弱。"", ""1分： 完全忽视场景特定信息；输出通用、模板化，且与场景不相关。""]",2,2,zh,Scenario Element Integration,scenario_mismatch,scenario_mismatch,4,4,Personalized Content Creation,Physics,PhD,True,True,True,exact_metric_language,False,False,False,False,False,False,False,False,False,False,LOW,0,4,question_reused_recorded,"{'姓名': '李明', '年龄': 16, '年级': '高一', '当前能力水平': {'物理基础知识': '中等', '数学应用能力': '较强', '实验动手能力': '较弱'}, '学习目标': '提高物理成绩，准备参加市级物理竞赛', '知识薄弱点': ['力学概念和应用', '电磁学基础'], '学习习惯': '喜欢通过视频学习，不擅长笔记整理'}\n请根据学生画像给出""学习路径规划建议"":和""个性化意见生成"":,以json格式返回","```json\n{\n  ""学习路径规划建议"": {\n    ""物理基础知识提升"": [\n      ""针对力学概念和应用的知识薄弱点，建议观看相关的视频教程，特别是力学的基础概念和常见应用问题解析。"",\n      ""对于电磁学基础的学习，推荐选择一些适合高一学生的入门级视频课程进行学习，逐步建立相关理论框架。"",\n      ""结合视频学习内容，尝试完成一些配套的练习题，加深对知识点的理解和记忆。"",\n      ""参与学校的物理兴趣小组或俱乐部活动，增加实践操作的机会，弥补实验动手能力较弱的问题。""\n    ],\n    ""数学应用能力深化"": [\n      ""继续利用现有的视频资源，重点学习与物理相关的数学解题技巧，提高数学在物理中的应用能力。"",\n      ""定期参加数学辅导班或在线课程，巩固数学基础知识，为解决物理问题打下坚实的基础。"",\n      ""培养解题思路和方法，通过归纳总结提升解题效率和准确性。""\n    ],\n    ""综合能力提高"": [\n      ""制定详细的学习计划，合理安排时间，确保每天都有固定的时间用于物理学习。"",\n      ""加入物理竞赛交流群组，与其他参赛者交流心得，了解比赛动态和要求。"",\n      ""参加模拟考试和物理竞赛，及时调整学习策略和方法，积累竞赛经验。"",\n      ""保持良好的学习状态，遇到难题时不要气馁，多请教老师和同学，共同探讨解决方案。""\n    ]\n  },\n  ""个性化意见生成"": [\n    ""由于你喜欢通过视频学习，可以充分利用网络资源，比如B站、...","[""5分： 充分融合所有关键场景要素（如学生历史、学习偏好等），输出高度个性化，并与教学情境高度匹配。"", ""4分： 有效使用主要场景要素，回答具有针对性；可能遗漏少量细节，但不影响整体效果。"", ""3分： 使用了部分场景信息，但融合较浅；个性化程度或情境契合度一般。"", ""2分： 仅表层提及场景信息，未有效融合核心要素；与上下文连接较弱。"", ""1分： 完全忽视场景特定信息；输出通用、模板化，且与场景不相关。""]",question_seed42/train source; batch96 source question reuse minimized and recorded
topup1_147,syn_53421f1c7e129b08,e30e36fc85b3ff178dd80f930181dd65c165c05b,train,results_merge.jsonl,198,cfaf5a22b6aa096b0f93a01fee71a64a309c8b48,706c3052320be4b4b01947f8d6d6101d1f5e0a9f,"{'Name': 'Alex Johnson', 'Current Level': 'High School Senior', 'Learning Goals': 'To improve understanding of organic chemistry and prepare for college-level chemistry courses', 'Weak Points': ['Understanding reaction mechanisms', 'Stereochemistry', 'Functional group transformations'], 'Study Habits': 'Prefers visual learning and hands-on experiments, studies best in the evening, and uses flashcards for memorization'}
Based on the student profile, provide ""Learning Path Planning"" and ""Personalized Recommendations"", returned in JSON format.","[""5: Highly personalized content/advice/feedback based on student level/traits/needs; resource and learning path suggestions are accurate, practical, and valuable."", ""4: Demonstrates some adaptation to student situation; provides relevant learning advice or resources with good utility."", ""3: Attempts personalization but with limited effectiveness; recommendations are generic and of limited value."", ""2: Little to no personalization; output is the same for everyone; learning support is insufficient or unrelated."", ""1: No personalization; output may conflict with student needs; offers no or incorrect learning support.""]",1,1,en,"Personalization, Adaptation & Learning Support",scenario_mismatch,scenario_mismatch,5,5,Personalized Content Creation,Chemistry,Elementary School,True,True,True,exact_metric_language,False,False,False,False,False,False,False,False,False,False,LOW,0,2,question_reused_recorded,"{'Name': 'Alex Johnson', 'Current Level': 'High School Senior', 'Learning Goals': 'To improve understanding of organic chemistry and prepare for college-level chemistry courses', 'Weak Points': ['Understanding reaction mechanisms', 'Stereochemistry', 'Functional group transformations'], 'Study Habits': 'Prefers visual learning and hands-on experiments, studies best in the evening, and uses flashcards for memorization'}\nBased on the student profile, provide ""Learning Path Planning"" and ""Personalized Recommendations"", returned in JSON format.","```json\n{\n  ""Learning Path Planning"": {\n    ""Phase 1: Foundational Reinforcement (Weeks 1-4)"": {\n      ""Topics"": [""Reaction Mechanisms Basics"", ""Stereochemistry Fundamentals""],\n      ""Resources"": [\n        ""Khan Academy Organic Chemistry: Reaction Mechanisms"",\n        ""Organic Chemistry as a Second Language (David Klein) - Chapters 1-4"",\n        ""3D Molecular Model Kit for Stereochemistry""\n      ],\n      ""Activities"": [\n        ""Daily 30-minute visual study sessions (evening) with mechanism flowcharts"",\n        ""Weekly practice problems on SN1/SN2/E1/E2 mechanisms"",\n        ""Interactive stereochemistry simulations (PhET or ChemTube3D)""\n      ]\n    },\n    ""Phase 2: Function...","[""5: Highly personalized content/advice/feedback based on student level/traits/needs; resource and learning path suggestions are accurate, practical, and valuable."", ""4: Demonstrates some adaptation to student situation; provides relevant learning advice or resources with good utility."", ""3: Attempts personalization but with limited effectiveness; recommendations are generic and of limited value."", ""2: Little to no personalization; output is the same for everyone; learning support is insufficient or unrelated."", ""1: No personalization; output may conflict with student needs; offers no or incorrect learning support.""]",question_seed42/train source; batch96 source question reuse minimized and recorded
topup1_148,syn_1b887279c9c40f33,2de05bdc40242686c8f207e6c7717bcf07cfe5d5,train,results_merge.jsonl,3080,b06d28e5864bc255da6f173e9c0968968b7c4bae,c12e623496190cadc9b88b072f11ea1a4f16a2cc,"学生画像：学生的画像：{'姓名': '陈伟', '年龄': 25, '性别': '男', '学习背景': '本科毕业于军事战略学专业', '兴趣': ['战术分析', '无人机技术', '国际军事合作'], '目标': '成为一名优秀的军事顾问', '学习方式': '喜欢自主学习和小组讨论，适应能力强', '优势': ['逻辑思维能力强', '能够快速理解复杂概念'], '弱点': ['对历史背景了解不足', '实践经验缺乏']}
请根据学生画像，为每位学生生成 ‘个性化的学习内容或任务’:,以json格式返回","[""5分： 交互或内容设计巧妙，能显著促进学生的批判性思维、创新思维、问题解决或知识迁移应用能力（例如通过开放性问题、对比分析、案例探究、项目式任务等）。"", ""4分： 能提出引导性问题或设计有一定挑战性的任务，对培养学生的高阶思维和能力（如分析、评估、应用）有积极作用。"", ""3分： 在促进高阶思维方面有所尝试（如提出一些简单的思考题），但深度和广度有限，效果不明显，整体仍偏重知识复述或简单应用。"", ""2分： 交互或内容主要停留在基础知识记忆和理解层面，很少或未能涉及需要高阶思维的活动或问题。"", ""1分： 完全忽视高阶思维培养，仅限于死记硬背或简单重复，甚至可能因提供过于简化或固化的答案而阻碍思维发展。""]",2,2,zh,Higher-Order Thinking & Skill Development,reasoning_gap,reasoning_gap,3,3,Personalized Learning Support,Military Science,Master,True,True,True,exact_metric_language,False,False,False,False,False,False,False,False,False,False,LOW,0,5,question_reused_recorded,"学生画像：学生的画像：{'姓名': '陈伟', '年龄': 25, '性别': '男', '学习背景': '本科毕业于军事战略学专业', '兴趣': ['战术分析', '无人机技术', '国际军事合作'], '目标': '成为一名优秀的军事顾问', '学习方式': '喜欢自主学习和小组讨论，适应能力强', '优势': ['逻辑思维能力强', '能够快速理解复杂概念'], '弱点': ['对历史背景了解不足', '实践经验缺乏']}\n请根据学生画像，为每位学生生成 ‘个性化的学习内容或任务’:,以json格式返回","```json\n{\n  ""学生"": {\n    ""姓名"": ""陈伟"",\n    ""年龄"": 25,\n    ""性别"": ""男"",\n    ""学习背景"": ""本科毕业于军事战略学专业"",\n    ""个性化学习内容或任务"": [\n      {\n        ""类型"": ""补充历史背景知识"",\n        ""具体内容"": ""阅读至少10本与军事战略相关的经典著作，重点关注历史背景和案例分析""\n      },\n      {\n        ""类型"": ""实践经验积累"",\n        ""具体内容"": ""参与至少3次军事战略模拟演练或实习项目，提升实战经验""\n      },\n      {\n        ""类型"": ""战术分析技能深化"",\n        ""具体内容"": ""完成一份关于现代军事战术的深度研究报告，并在小组中进行分享讨论""\n      },\n      {\n        ""类型"": ""无人机技术实践"",\n        ""具体内容"": ""参加无人机技术培训课程，掌握基本操作和维护技能，并完成一次无人机战术应用的实际飞行任务""\n      },\n      {\n        ""类型"": ""国际军事合作研究"",\n        ""具体内容"": ""调研至少5个不同国家的军事合作模式，并撰写一篇综述报告，探讨合作中的挑战与机遇""\n      }\n    ]\n  }\n}\n```\n\n这个JSON格式的文件包含了根据学生陈伟的个人特点生成的学习内容或任务。这些任务旨在帮助他弥补知识上的不足，同时...","[""5分： 交互或内容设计巧妙，能显著促进学生的批判性思维、创新思维、问题解决或知识迁移应用能力（例如通过开放性问题、对比分析、案例探究、项目式任务等）。"", ""4分： 能提出引导性问题或设计有一定挑战性的任务，对培养学生的高阶思维和能力（如分析、评估、应用）有积极作用。"", ""3分： 在促进高阶思维方面有所尝试（如提出一些简单的思考题），但深度和广度有限，效果不明显，整体仍偏重知识复述或简单应用。"", ""2分： 交互或内容主要停留在基础知识记忆和理解层面，很少或未能涉及需要高阶思维的活动或问题。"", ""1分： 完全忽视高阶思维培养，仅限于死记硬背或简单重复，甚至可能因提供过于简化或固化的答案而阻碍思维发展。""]",question_seed42/train source; batch96 source question reuse minimized and recorded
topup1_149,syn_85e40036aba1b262,a258f673604d9a2b3bd9233114bf9f818ec3fd9e,train,results_merge.jsonl,923,9170c4d4b31f4dd5c699c2524cc746bd54865e83,5477db7cb92918e68cfd75542163b01959b89e6d,"Question: Discuss the role of neurotransmitters in the regulation of mood, and how imbalances can lead to mood disorders.
Student's Answer: Neurotransmitters are chemicals in the brain that transmit signals between neurons. They play a crucial role in regulating mood. For instance, serotonin and dopamine are neurotransmitters that are heavily involved in mood regulation. An imbalance in serotonin levels is often linked to depression, while dopamine is associated with pleasure and reward, and its imbalance can lead to disorders such as bipolar disorder. Treatments for mood disorders often aim to correct these imbalances using medications that affect neurotransmitter levels.
Please provide ""Score"", ""Scoring Details"", and ""Personalized Feedback"" based on the question and student's answer, in JSON format.","[""5: Precisely identified all errors (no omission or false positives); provided completely correct, clear, and optimal correction suggestions."", ""4: Correctly located most major errors; suggestions are generally accurate and effective with only minor omissions or less-than-perfect advice."", ""3: Identified some errors but with clear omissions or false positives; suggestions are partially correct but may lack clarity, completeness or optimality."", ""2: Inaccurate error detection with critical omissions or many false positives; suggestions contain errors or are hard to comprehend."", ""1: Completely failed to detect errors; provided entirely incorrect or misleading correction advice.""]",1,1,en,Error Identification & Correction Precision,factual_error,factual_error,5,5,Automatic Grading,Psychology,Master,True,True,True,exact_metric_language,False,False,False,False,False,False,False,False,False,False,LOW,1,1,question_reused_recorded,"Question: Discuss the role of neurotransmitters in the regulation of mood, and how imbalances can lead to mood disorders.\nStudent's Answer: Neurotransmitters are chemicals in the brain that transmit signals between neurons. They play a crucial role in regulating mood. For instance, serotonin and dopamine are neurotransmitters that are heavily involved in mood regulation. An imbalance in serotonin levels is often linked to depression, while dopamine is associated with pleasure and reward, and its imbalance can lead to disorders such as bipolar disorder. Treatments for mood disorders often aim to correct these imbalances using medications that affect neurotransmitter levels.\nPlease provid...","```json\n{\n  ""Score"": 7,\n  ""Scoring Details"": {\n    ""Content Accuracy"": 8,\n    ""Completeness"": 6,\n    ""Clarity"": 7,\n    ""Depth of Explanation"": 6,\n    ""Relevance"": 8\n  },\n  ""Personalized Feedback"": ""Your answer correctly identifies the role of neurotransmitters like serotonin and dopamine in mood regulation and links imbalances to mood disorders such as depression and bipolar disorder. However, the explanation could be more comprehensive. For instance, you could mention other neurotransmitters like norepinephrine and GABA, which also play significant roles in mood regulation. Additionally, providing more details on how treatments like SSRIs or SNRIs work to correct these imbalanc...","[""5: Precisely identified all errors (no omission or false positives); provided completely correct, clear, and optimal correction suggestions."", ""4: Correctly located most major errors; suggestions are generally accurate and effective with only minor omissions or less-than-perfect advice."", ""3: Identified some errors but with clear omissions or false positives; suggestions are partially correct but may lack clarity, completeness or optimality."", ""2: Inaccurate error detection with critical omissions or many false positives; suggestions contain errors or are hard to comprehend."", ""1: Completely failed to detect errors; provided entirely incorrect or misleading correction advice.""]",question_seed42/train source; batch96 source question reuse minimized and recorded
topup1_150,syn_0e8dded51e7099c9,783491e76e7be9b8334dfbd862794bdd350b520f,train,results_merge.jsonl,4780,ac1c8ccfcd59afb588cbe2e820ef540a695ec312,843c40d9980c58de414507ffadaf69f1227b3024,"学科:临床医学
学制级别:硕士
问题：以下哪种药物最常用于治疗急性心肌梗死？
A) 阿司匹林
B) 布洛芬
C) 对乙酰氨基酚
D) 洛伐他汀
.请根据问题生成对应的答案。""答案"":,以json格式返回","[""5分： 完全理解并精准执行所有指令，完美达成核心任务目标，格式完全符合要求。"", ""4分： 准确理解主要指令，正确执行任务，核心目标达成度高，格式基本符合要求，可能有极少细节遗漏或偏差。"", ""3分： 理解了指令大意但可能忽略部分细节，任务基本完成但存在一些不准确或遗漏之处，格式有明显尝试但存在较多偏差。"", ""2分： 对指令理解有偏差，任务完成度低或有严重错误，格式多数不符合要求。"", ""1分： 完全误解或无视指令，任务未完成或完全错误，格式混乱或不相关。""]",2,2,zh,Instruction Following & Task Completion,instruction_violation,instruction_violation,5,5,Question Answering,Clinical Medicine,Master,True,True,True,exact_metric_language,False,False,False,False,False,False,False,False,False,False,LOW,0,4,question_reused_recorded,"学科:临床医学\n学制级别:硕士\n问题：以下哪种药物最常用于治疗急性心肌梗死？\nA) 阿司匹林\nB) 布洛芬\nC) 对乙酰氨基酚\nD) 洛伐他汀\n.请根据问题生成对应的答案。""答案"":,以json格式返回","```json\n{\n  ""答案"": ""A) 阿司匹林""\n}\n```","[""5分： 完全理解并精准执行所有指令，完美达成核心任务目标，格式完全符合要求。"", ""4分： 准确理解主要指令，正确执行任务，核心目标达成度高，格式基本符合要求，可能有极少细节遗漏或偏差。"", ""3分： 理解了指令大意但可能忽略部分细节，任务基本完成但存在一些不准确或遗漏之处，格式有明显尝试但存在较多偏差。"", ""2分： 对指令理解有偏差，任务完成度低或有严重错误，格式多数不符合要求。"", ""1分： 完全误解或无视指令，任务未完成或完全错误，格式混乱或不相关。""]",question_seed42/train source; batch96 source question reuse minimized and recorded
topup1_151,syn_71d6d9a59641b598,b4bea8c47d08e31b725c9952d4601a3a478a17aa,train,results_merge.jsonl,1287,14e6dfb98fe659be9bca96d36b8e8c3b5beda0d4,71072a7f087b21a7b9ef26b4bfba5a67366a7a6d,"Subject:Computer Science
Education Level:Undergraduate
Question:What is the time complexity of the quicksort algorithm in the average case scenario?
. Please generate the corresponding answer based on the question. ""Answer"":, in JSON format.","[""5: All stated factual elements (definitions, formulas, dates, terms, syntax, etc.) are completely accurate."", ""4: Vast majority of facts are correct; possibly contains very minor, non-critical typos or omissions."", ""3: Most facts are correct, but there are some notable factual errors that require review."", ""2: Contains several or key factual inaccuracies; information is not trustworthy."", ""1: Riddled with factual errors; information is completely incorrect or misleading.""]",1,1,en,Basic Factual Accuracy,factual_error,factual_error,5,5,Question Answering,Computer Science,Undergraduate,True,True,True,exact_metric_language,False,False,False,False,False,False,False,False,False,False,LOW,0,5,question_reused_recorded,"Subject:Computer Science\nEducation Level:Undergraduate\nQuestion:What is the time complexity of the quicksort algorithm in the average case scenario?\n. Please generate the corresponding answer based on the question. ""Answer"":, in JSON format.","```json\n{\n  ""Answer"": ""The time complexity of the quicksort algorithm in the average case scenario is O(n log n), where n is the number of elements in the array to be sorted.""\n}\n```","[""5: All stated factual elements (definitions, formulas, dates, terms, syntax, etc.) are completely accurate."", ""4: Vast majority of facts are correct; possibly contains very minor, non-critical typos or omissions."", ""3: Most facts are correct, but there are some notable factual errors that require review."", ""2: Contains several or key factual inaccuracies; information is not trustworthy."", ""1: Riddled with factual errors; information is completely incorrect or misleading.""]",question_seed42/train source; batch96 source question reuse minimized and recorded
topup1_152,syn_0d8f3568fd25b0f2,c2fe32bbb9a974e37253eac09ed3f53c915aaff6,train,results_merge.jsonl,4286,71a14244232914c689e46f4d03977b3ac0067a23,f75caebc80566edc7b10d4c6faf2aa71fcc52937,"知识点：线粒体功能与生物能量代谢调控
请根据这个知识点给出""教学素材"":教学素材需要包括教学目标、重点难点、课堂活动设计等,以json格式返回","[""5分： 在专业领域知识运用上不仅准确，且展现出恰当的深度和严谨性，符合行业标准或学术规范。"", ""4分： 专业知识运用准确，体现了较好的专业水准，但在深度或某些细节的严谨性上略有不足，不影响核心正确性。"", ""3分： 专业知识运用基本准确，但显得较为表层或不够严谨，可能存在一些非核心概念的混淆或遗漏。"", ""2分： 专业知识运用存在明显错误或重大遗漏，体现出专业性不足。"", ""1分： 专业知识运用方面存在严重错误，完全不符合专业标准，可能产生误导。""]",3,3,zh,Domain Knowledge Accuracy,factual_error,factual_error,4,4,Teaching Material Generation,Biology,PhD,True,True,True,exact_metric_language,False,False,False,False,False,False,False,False,False,False,LOW,0,6,question_reused_recorded,"知识点：线粒体功能与生物能量代谢调控\n请根据这个知识点给出""教学素材"":教学素材需要包括教学目标、重点难点、课堂活动设计等,以json格式返回","```json\n{\n  ""知识点"": ""线粒体功能与生物能量代谢调控"",\n  ""教学目标"": [\n    ""理解线粒体在细胞能量代谢中的核心作用。"",\n    ""掌握线粒体的功能及其在生物体内的主要角色。"",\n    ""了解线粒体能量代谢调控机制，包括氧化磷酸化和电子传递链的作用。"",\n    ""能够分析线粒体功能障碍与多种疾病的关系，如糖尿病、神经退行性疾病等。"",\n    ""培养学生的批判性思维能力，通过讨论和案例分析来理解线粒体功能异常的潜在影响。""\n  ],\n  ""重点难点"": {\n    ""重点"": [\n      ""线粒体的结构与功能"",\n      ""氧化磷酸化过程"",\n      ""电子传递链的作用"",\n      ""线粒体能量代谢调控机制""\n    ],\n    ""难点"": [\n      ""线粒体与生物能量代谢的关系"",\n      ""线粒体功能障碍导致疾病的机制""\n    ]\n  },\n  ""课堂活动设计"": [\n    {\n      ""活动名称"": ""线粒体模型制作"",\n      ""描述"": ""学生分组制作线粒体的3D模型，加深对线粒体结构的理解。"",\n      ""目标"": ""通过动手操作，增强学生对线粒体结构的记忆和理解。"",\n      ""材料"": ""彩色纸张、胶水、剪刀、标签纸""\n    },\n    {\n      ""活动名称"": ""能量代谢模拟游戏"",\n      ""描述"": ""设计一个能量代谢模拟游戏，让学生扮演不同的分子角色，体验线粒体如何参与能量代谢。"",\n   ...","[""5分： 在专业领域知识运用上不仅准确，且展现出恰当的深度和严谨性，符合行业标准或学术规范。"", ""4分： 专业知识运用准确，体现了较好的专业水准，但在深度或某些细节的严谨性上略有不足，不影响核心正确性。"", ""3分： 专业知识运用基本准确，但显得较为表层或不够严谨，可能存在一些非核心概念的混淆或遗漏。"", ""2分： 专业知识运用存在明显错误或重大遗漏，体现出专业性不足。"", ""1分： 专业知识运用方面存在严重错误，完全不符合专业标准，可能产生误导。""]",question_seed42/train source; batch96 source question reuse minimized and recorded
topup1_153,syn_dc7ae7f4898bdf43,481994913d67242c11277e41584310e9f1ed2c58,train,results_merge.jsonl,2327,b7036c32a59491e7304339cad703b6953309017b,82b48d862d8e67d75cd449b2dd5699f8b3f9f28b,"Anxiety Level: Moderate Anxiety
Dialogue with Student: [{'Agent': 'Hi there! How are you feeling about your Computer Science studies lately?'}, {'Student': ""Honestly, I'm feeling a bit overwhelmed. There are so many concepts to grasp, and I feel like I'm falling behind.""}, {'Agent': ""It sounds like you're dealing with a lot right now. Can you tell me more about what's making you feel overwhelmed?""}, {'Student': ""I think it's mainly the algorithms class. The assignments are tough, and sometimes I struggle to understand the lectures.""}, {'Agent': ""That sounds challenging! It's okay to feel this way when tackling complex subjects. Have you considered reaching out to your professor or classmates for help?""}, {'Student': ""I've thought about it, but I'm worried they'll think I'm not smart enough to be in the class.""}, {'Agent': ""It's completely normal to seek help, and doing so shows that you're committed to learning. Many students feel the same way and benefit from collaboration and support.""}]
Based on the student's emotional state and conversation, provide ""Emotional State Analysis"" and ""Comfort & Advice"", in JSON format.","[""5: Excellent role-playing (e.g., teacher/TA); language style, professionalism, and tone (e.g., encouraging/serious) are perfectly aligned with the assumed role and audience."", ""4: Role and tone are mostly consistent and appropriate for the scenario, with minor deviation in individual expressions."", ""3: Attempts to match the role and tone can be seen, but overall consistency is weak; some expressions are disconnected from the role/scenario."", ""2: Significant mismatch in role and tone; comes across as unnatural or inconsistent."", ""1: No reflection of assigned role/tone; expression entirely inconsistent with the scenario.""]",2,2,en,Role & Tone Consistency,scenario_mismatch,scenario_mismatch,5,5,Emotional Support,Computer Science,Undergraduate,True,True,True,exact_metric_language,False,False,False,False,False,False,False,False,False,False,LOW,1,2,question_reused_recorded,"Anxiety Level: Moderate Anxiety\nDialogue with Student: [{'Agent': 'Hi there! How are you feeling about your Computer Science studies lately?'}, {'Student': ""Honestly, I'm feeling a bit overwhelmed. There are so many concepts to grasp, and I feel like I'm falling behind.""}, {'Agent': ""It sounds like you're dealing with a lot right now. Can you tell me more about what's making you feel overwhelmed?""}, {'Student': ""I think it's mainly the algorithms class. The assignments are tough, and sometimes I struggle to understand the lectures.""}, {'Agent': ""That sounds challenging! It's okay to feel this way when tackling complex subjects. Have you considered reaching out to your professor or classm...","```json\n{\n  ""Emotional State Analysis"": {\n    ""Primary Emotion"": ""Anxiety"",\n    ""Severity"": ""Moderate"",\n    ""Causes"": [\n      ""Overwhelming workload in Computer Science studies"",\n      ""Difficulty understanding complex concepts in algorithms class"",\n      ""Fear of judgment from peers/professor when seeking help""\n    ],\n    ""Triggers"": [\n      ""Challenging assignments"",\n      ""Perceived gap in lecture comprehension"",\n      ""Social pressure to appear competent""\n    ],\n    ""Expressed Needs"": [\n      ""Clarity in understanding course material"",\n      ""Validation of academic struggles"",\n      ""Safe avenues for support without judgment""\n    ]\n  },\n  ""Comfort & Advice"": {\n  ...","[""5: Excellent role-playing (e.g., teacher/TA); language style, professionalism, and tone (e.g., encouraging/serious) are perfectly aligned with the assumed role and audience."", ""4: Role and tone are mostly consistent and appropriate for the scenario, with minor deviation in individual expressions."", ""3: Attempts to match the role and tone can be seen, but overall consistency is weak; some expressions are disconnected from the role/scenario."", ""2: Significant mismatch in role and tone; comes across as unnatural or inconsistent."", ""1: No reflection of assigned role/tone; expression entirely inconsistent with the scenario.""]",question_seed42/train source; batch96 source question reuse minimized and recorded
topup1_154,syn_ad3bcd0be77a4e03,8235b0f9f4ee9e165aa7afcd733c2ef00b17a344,train,results_merge.jsonl,2782,0d15c361c4d8191bd918c895893f7acb5b4970f8,ba2a69f847e46f008535715b79fc6842f2b3d127,"学生画像：学生的画像：{'姓名': '李华', '年龄': 21, '专业年级': '水产养殖专业三年级', '学习风格': '喜欢实践操作，动手能力强', '兴趣': '对鱼类繁殖和养殖技术感兴趣', '挑战': '理论知识消化较慢，需要更多视觉化材料', '目标': '希望在毕业前能够独立设计一个水产养殖方案'}
请根据学生画像，为每位学生生成 ‘个性化的学习内容或任务’:,以json格式返回","[""5分： 内容与指定知识点/主题/问题高度相关，且严格控制在要求的难度、范围、学科内，无冗余或无关信息。"", ""4分： 内容主体相关，范围控制良好，可能包含极少量轻微超纲或关联度稍弱的信息。"", ""3分： 内容大部分相关，但包含一些偏离主题或超出范围的部分，范围控制不够精确。"", ""2分： 内容相关性较差，包含较多无关信息，或严重超出指定范围。"", ""1分： 内容基本不相关，或完全脱离指定范围。""]",1,1,zh,Content Relevance & Scope Control,scenario_mismatch,scenario_mismatch,5,5,Personalized Learning Support,Aquaculture,Undergraduate,True,True,True,exact_metric_language,False,False,False,False,False,False,False,False,False,False,LOW,0,5,question_reused_recorded,"学生画像：学生的画像：{'姓名': '李华', '年龄': 21, '专业年级': '水产养殖专业三年级', '学习风格': '喜欢实践操作，动手能力强', '兴趣': '对鱼类繁殖和养殖技术感兴趣', '挑战': '理论知识消化较慢，需要更多视觉化材料', '目标': '希望在毕业前能够独立设计一个水产养殖方案'}\n请根据学生画像，为每位学生生成 ‘个性化的学习内容或任务’:,以json格式返回","```json\n{\n  ""个性化学习内容或任务"": {\n    ""实践操作项目"": {\n      ""任务名称"": ""鱼类繁殖与养殖技术实践"",\n      ""任务描述"": ""参与实际的鱼类繁殖和养殖项目，应用所学知识解决实际问题。"",\n      ""预期成果"": ""完成一份实践报告，详细记录操作过程和问题解决方案。""\n    },\n    ""视觉化学习材料"": {\n      ""任务名称"": ""水产养殖技术图解与视频学习"",\n      ""任务描述"": ""观看水产养殖相关的图解和视频材料，帮助理解理论知识。"",\n      ""预期成果"": ""制作一份视觉化学习笔记，总结所学知识点。""\n    },\n    ""理论知识巩固"": {\n      ""任务名称"": ""水产养殖理论知识复习与测试"",\n      ""任务描述"": ""定期复习水产养殖理论知识，并进行在线测试以巩固理解。"",\n      ""预期成果"": ""完成在线测试，达到80%以上的正确率。""\n    },\n    ""独立设计项目"": {\n      ""任务名称"": ""水产养殖方案设计"",\n      ""任务描述"": ""独立设计一个水产养殖方案，包括选种、养殖环境、饲料管理等。"",\n      ""预期成果"": ""提交一份完整的水产养殖方案报告，并进行口头答辩。""\n    }\n  }\n}\n```","[""5分： 内容与指定知识点/主题/问题高度相关，且严格控制在要求的难度、范围、学科内，无冗余或无关信息。"", ""4分： 内容主体相关，范围控制良好，可能包含极少量轻微超纲或关联度稍弱的信息。"", ""3分： 内容大部分相关，但包含一些偏离主题或超出范围的部分，范围控制不够精确。"", ""2分： 内容相关性较差，包含较多无关信息，或严重超出指定范围。"", ""1分： 内容基本不相关，或完全脱离指定范围。""]",question_seed42/train source; batch96 source question reuse minimized and recorded
topup1_155,syn_a37d4ce16d6ddb64,6e7aa98455d0694d91b00797c1b088a78f2cb0f0,train,results_merge.jsonl,1455,5f10a3a85e0efd1be4f1e1773e836f0ef17e29b2,4f37030585f109c40a2b423c355b6423e8c183e8,"Subject:Physical Education
Education Level:Undergraduate
Knowledge Point:The FITT principle is a foundational concept in physical education that stands for Frequency, Intensity, Time, and Type. It is used to structure exercise programs to improve fitness levels effectively.
Question Type:Short Answer
.Generate a corresponding question based on subject, education level, knowledge point, and question type. Return ""Question"" and ""Provided Reasoning"" in JSON format.","[""5: Extremely clear and concise explanations; fully accessible for target learners; vibrant and engaging delivery that inspires deep thought and interest."", ""4: Clear and easy to understand; appropriate for learner level; somewhat thought-provoking and can trigger reflection."", ""3: Generally understandable but may be wordy, complex, or dull; limited inspirational impact."", ""2: Lacks clarity; uses excessive jargon or complex structures; difficult to comprehend; uninspiring."", ""1: Confusing and hard to follow; disregards learner needs; offers no inspiration and may cause confusion.""]",2,2,en,"Clarity, Simplicity & Inspiration",superficial_fluency,superficial_fluency,4,4,Question Generation,Physical Education,Undergraduate,True,True,True,exact_metric_language,False,False,False,False,False,False,False,False,False,False,LOW,0,6,question_reused_recorded,"Subject:Physical Education\nEducation Level:Undergraduate\nKnowledge Point:The FITT principle is a foundational concept in physical education that stands for Frequency, Intensity, Time, and Type. It is used to structure exercise programs to improve fitness levels effectively.\nQuestion Type:Short Answer\n.Generate a corresponding question based on subject, education level, knowledge point, and question type. Return ""Question"" and ""Provided Reasoning"" in JSON format.","```json\n{\n  ""Question"": ""Explain the FITT principle and how each component (Frequency, Intensity, Time, and Type) contributes to designing an effective exercise program."",\n  ""Provided Reasoning"": ""This question is appropriate for an undergraduate level in Physical Education as it requires a foundational understanding of the FITT principle, which is essential for structuring exercise programs. The question prompts students to explain each component and its role in improving fitness levels, aligning with the knowledge point and the short answer format.""\n}\n```","[""5: Extremely clear and concise explanations; fully accessible for target learners; vibrant and engaging delivery that inspires deep thought and interest."", ""4: Clear and easy to understand; appropriate for learner level; somewhat thought-provoking and can trigger reflection."", ""3: Generally understandable but may be wordy, complex, or dull; limited inspirational impact."", ""2: Lacks clarity; uses excessive jargon or complex structures; difficult to comprehend; uninspiring."", ""1: Confusing and hard to follow; disregards learner needs; offers no inspiration and may cause confusion.""]",question_seed42/train source; batch96 source question reuse minimized and recorded
topup1_156,syn_b477a11b063ddf24,b177cd12f5802ffcfe6e4bd5646563bba8eed056,train,results_merge.jsonl,4063,ce9b05f8b8c3c09bfac56ea4f5f177bac9474ddb,c2efb478110808a96a6ca7e863ca406bec94867d,"问题：在神经生理学中，动作电位的过程中不包括以下哪一个步骤？
A) 去极化
B) 再极化
C) 超极化
D) 钙离子流入细胞
学生的答案：C) 超极化
请根据问题和学生答案给出""评分"":""评分细节"":""个性化反馈"":,以json格式返回","[""5分： 始终体现出强烈的鼓励和支持态度，语言积极、富有建设性；在需要时提供非常有效的启发式引导，而非直接给答案。"", ""4分： 整体体现出鼓励和支持，语言积极正面；能提供有效的引导，偶尔可能过于直接。"", ""3分： 兼具鼓励和中性/批评性语言，积极性一般；引导有时有效，有时直接给答案或引导不足。"", ""2分： 缺乏鼓励和支持，语言偏中性甚至略显负面；很少提供有效引导，倾向于直接给答案或不给帮助。"", ""1分： 语言消极、打击性强，完全没有鼓励；无视引导需求，或提供错误引导。""]",1,1,zh,"Motivation, Guidance & Positive Feedback",scenario_mismatch,scenario_mismatch,5,5,Automatic Grading,Basic Medicine,Master,True,True,True,exact_metric_language,False,False,False,False,False,False,False,False,False,False,LOW,1,1,question_reused_recorded,"问题：在神经生理学中，动作电位的过程中不包括以下哪一个步骤？\nA) 去极化\nB) 再极化\nC) 超极化\nD) 钙离子流入细胞\n学生的答案：C) 超极化\n请根据问题和学生答案给出""评分"":""评分细节"":""个性化反馈"":,以json格式返回","```json\n{\n  ""评分"": ""正确"",\n  ""评分细节"": ""学生选择了C) 超极化，这是正确的。在动作电位的过程中，确实不包括超极化作为其直接步骤。动作电位主要包括去极化、达到阈值后钠离子快速内流导致的动作电位上升相、随后的再极化过程（钾离子外流），以及之后的恢复期。钙离子流入细胞虽然不是所有神经元动作电位的一部分，但在某些特定类型的神经信号传导中扮演重要角色，比如突触传递时。但是，根据题目给定的选项来看，'钙离子流入细胞'更常被提及于突触传递而非动作电位本身的过程描述中，因此本题的最佳答案是C) 超极化。"",\n  ""个性化反馈"": ""你的理解非常准确！记住，在神经元的动作电位过程中，我们主要关注的是膜电位从静息状态到去极化再到复极化的转变。超极化通常是与抑制性突触后电位相关的现象，而不是动作电位的标准组成部分。继续加油，你对这一领域的掌握看起来很好！""\n}\n```","[""5分： 始终体现出强烈的鼓励和支持态度，语言积极、富有建设性；在需要时提供非常有效的启发式引导，而非直接给答案。"", ""4分： 整体体现出鼓励和支持，语言积极正面；能提供有效的引导，偶尔可能过于直接。"", ""3分： 兼具鼓励和中性/批评性语言，积极性一般；引导有时有效，有时直接给答案或引导不足。"", ""2分： 缺乏鼓励和支持，语言偏中性甚至略显负面；很少提供有效引导，倾向于直接给答案或不给帮助。"", ""1分： 语言消极、打击性强，完全没有鼓励；无视引导需求，或提供错误引导。""]",question_seed42/train source; batch96 source question reuse minimized and recorded
topup1_157,syn_2a6f82e65acc5b3b,674bc19324921890f8c1245b4760b0909fc05534,train,results_merge.jsonl,1300,1fbaba4fd0689522a2df03a5be806cfca5328f00,0c75717ca88c1bdab0f9a484a5e47aa215999470,"Subject:Crop Science
Education Level:Undergraduate
Question:Which of the following is a primary macronutrient essential for plant growth?
A) Iron
B) Magnesium
C) Nitrogen
D) Zinc
. Please generate the corresponding answer based on the question. ""Answer"":, in JSON format.","[""5: Reasoning is complete, clear, and rigorous; all steps are correct; arguments are strong and free of logical fallacies."", ""4: Reasoning is largely correct and logically coherent with minor issues in individual steps or details that do not affect the conclusion."", ""3: Reasoning is visible but contains unclear logic, missing steps, or insufficient argumentation, affecting the overall outcome."", ""2: Reasoning has major logical flaws, confusion in steps, or critical omissions; reliability is low."", ""1: Virtually no valid reasoning; logic is chaotic; steps are incorrect or irrelevant.""]",2,2,en,Reasoning Process Rigor,overconfident_wrong,overconfident_wrong,1,1,Question Answering,Crop Science,Undergraduate,True,True,True,exact_metric_language,False,False,False,False,False,False,False,False,False,False,LOW,0,5,question_reused_recorded,"Subject:Crop Science\nEducation Level:Undergraduate\nQuestion:Which of the following is a primary macronutrient essential for plant growth?\nA) Iron\nB) Magnesium\nC) Nitrogen\nD) Zinc\n. Please generate the corresponding answer based on the question. ""Answer"":, in JSON format.","```json\n{\n  ""Answer"": ""C) Nitrogen""\n}\n```","[""5: Reasoning is complete, clear, and rigorous; all steps are correct; arguments are strong and free of logical fallacies."", ""4: Reasoning is largely correct and logically coherent with minor issues in individual steps or details that do not affect the conclusion."", ""3: Reasoning is visible but contains unclear logic, missing steps, or insufficient argumentation, affecting the overall outcome."", ""2: Reasoning has major logical flaws, confusion in steps, or critical omissions; reliability is low."", ""1: Virtually no valid reasoning; logic is chaotic; steps are incorrect or irrelevant.""]",question_seed42/train source; batch96 source question reuse minimized and recorded
topup1_158,syn_bf7ac6d08a6892c7,1aed3f7b04c1675bd740dc8429d0a0060adad12a,train,results_merge.jsonl,5286,243249d9a8128e00cdd7251efbe5c28ecff3443b,fec085596dbf7e4a7f68edbb580339eca104ffe1,"{'姓名': '张伟', '年级': '大四', '学校': '某知名医学院', '当前能力水平': '具备扎实的基础医学知识，临床技能较为薄弱', '学习目标': '提高临床诊断能力，准备考取执业医师资格证', '知识薄弱点': ['心血管系统疾病诊断', '影像学基础', '药理学应用'], '学习习惯': '习惯于通过视频学习，偏好高效的学习方法，通常在晚上学习'}
请根据学生画像给出""学习路径规划建议"":和""个性化意见生成"":,以json格式返回","[""5分： 充分融合所有关键场景要素（如学生历史、学习偏好等），输出高度个性化，并与教学情境高度匹配。"", ""4分： 有效使用主要场景要素，回答具有针对性；可能遗漏少量细节，但不影响整体效果。"", ""3分： 使用了部分场景信息，但融合较浅；个性化程度或情境契合度一般。"", ""2分： 仅表层提及场景信息，未有效融合核心要素；与上下文连接较弱。"", ""1分： 完全忽视场景特定信息；输出通用、模板化，且与场景不相关。""]",1,1,zh,Scenario Element Integration,instruction_violation,instruction_violation,4,4,Personalized Content Creation,Clinical Medicine,Master,True,True,True,exact_metric_language,False,False,False,False,False,False,False,False,False,False,LOW,0,4,question_reused_recorded,"{'姓名': '张伟', '年级': '大四', '学校': '某知名医学院', '当前能力水平': '具备扎实的基础医学知识，临床技能较为薄弱', '学习目标': '提高临床诊断能力，准备考取执业医师资格证', '知识薄弱点': ['心血管系统疾病诊断', '影像学基础', '药理学应用'], '学习习惯': '习惯于通过视频学习，偏好高效的学习方法，通常在晚上学习'}\n请根据学生画像给出""学习路径规划建议"":和""个性化意见生成"":,以json格式返回","{\n    ""学习路径规划建议"": {\n        ""短期目标"": ""加强基础知识的复习与巩固，尤其是知识薄弱点的专项突破。"",\n        ""中期目标"": ""通过模拟考试及实际病例分析提升临床诊断能力。"",\n        ""长期目标"": ""为考取执业医师资格证做好全面准备，包括理论知识与实践操作的全面提升。"",\n        ""具体步骤"": [\n            {""步骤"": ""每周安排固定时间复习心血管系统疾病诊断、影像学基础和药理学应用的知识点""},\n            {""步骤"": ""参加或观看在线课程，学习最新的临床诊断技术和方法""},\n            {""步骤"": ""利用晚上时间观看高质量的教学视频，进行自我学习和总结""},\n            {""步骤"": ""定期参与模拟考试，评估自己的学习效果，并针对性地调整学习计划""}\n        ]\n    },\n    ""个性化意见生成"": {\n        ""基于学习习惯"": ""鉴于您习惯于通过视频学习，建议选择一些优质的医学教育视频平台，如丁香园、好医生等，这些平台提供了丰富的视频资源，有助于您更高效地掌握专业知识。"",\n        ""针对知识薄弱点"": ""对于心血管系统疾病诊断、影像学基础和药理学应用这三个领域，可以考虑加入相关的专业讨论群组或论坛，与其他医学生交流心得，互相帮助解决学习中的难题。"",\n        ""结合学习目标"": ""为了更好地准备执业医师资格证考试，除了日常的学习之外，还应该积极参加各类临床实习和见习活动，增加实际...","[""5分： 充分融合所有关键场景要素（如学生历史、学习偏好等），输出高度个性化，并与教学情境高度匹配。"", ""4分： 有效使用主要场景要素，回答具有针对性；可能遗漏少量细节，但不影响整体效果。"", ""3分： 使用了部分场景信息，但融合较浅；个性化程度或情境契合度一般。"", ""2分： 仅表层提及场景信息，未有效融合核心要素；与上下文连接较弱。"", ""1分： 完全忽视场景特定信息；输出通用、模板化，且与场景不相关。""]",question_seed42/train source; batch96 source question reuse minimized and recorded
topup1_159,syn_19258f58361e8f19,e6694c051e1c44fdf794196b362122126689c6f2,train,results_merge.jsonl,104,041e24355921f74d38dc4cfa218e38b1295f9100,858c6e7ec45b914264c403b0d8bd58b8f5649005,"{'Name': 'Alex Johnson', 'Age': 22, 'Education Level': 'Undergraduate', 'Current Skill Level': 'Intermediate', 'Learning Goals': ['Understand sustainable aquaculture practices', 'Learn about fish breeding techniques', 'Gain knowledge in aquaponics systems'], 'Study Habits': 'Visual learner, prefers hands-on activities and group discussions'}
Based on the student profile, provide ""Learning Path Planning"" and ""Personalized Recommendations"", returned in JSON format.","[""5: Highly personalized content/advice/feedback based on student level/traits/needs; resource and learning path suggestions are accurate, practical, and valuable."", ""4: Demonstrates some adaptation to student situation; provides relevant learning advice or resources with good utility."", ""3: Attempts personalization but with limited effectiveness; recommendations are generic and of limited value."", ""2: Little to no personalization; output is the same for everyone; learning support is insufficient or unrelated."", ""1: No personalization; output may conflict with student needs; offers no or incorrect learning support.""]",2,2,en,"Personalization, Adaptation & Learning Support",rubric_violation,rubric_violation,5,5,Personalized Content Creation,Aquaculture,Master,True,True,True,exact_metric_language,False,False,False,False,False,False,False,False,False,False,LOW,0,2,question_reused_recorded,"{'Name': 'Alex Johnson', 'Age': 22, 'Education Level': 'Undergraduate', 'Current Skill Level': 'Intermediate', 'Learning Goals': ['Understand sustainable aquaculture practices', 'Learn about fish breeding techniques', 'Gain knowledge in aquaponics systems'], 'Study Habits': 'Visual learner, prefers hands-on activities and group discussions'}\nBased on the student profile, provide ""Learning Path Planning"" and ""Personalized Recommendations"", returned in JSON format.","```json\n{\n  ""Learning Path Planning"": {\n    ""Phase 1: Introduction to Aquaculture and Basic Concepts (1-2 months)"": [\n      ""Introduction to Aquaculture - Online Course"",\n      ""Basics of Fish Biology - Interactive Webinar"",\n      ""Sustainable Practices in Aquaculture - Reading Material with Visual Aids""\n    ],\n    ""Phase 2: Deep Dive into Sustainable Aquaculture (2-3 months)"": [\n      ""Advanced Sustainable Aquaculture Techniques - Workshop or Seminar"",\n      ""Case Studies on Successful Sustainable Projects - Group Discussion Sessions"",\n      ""Field Trip to a Local Aquaculture Facility (if possible)""\n    ],\n    ""Phase 3: Specialization in Fish Breeding (2-3 months)"": [\n     ...","[""5: Highly personalized content/advice/feedback based on student level/traits/needs; resource and learning path suggestions are accurate, practical, and valuable."", ""4: Demonstrates some adaptation to student situation; provides relevant learning advice or resources with good utility."", ""3: Attempts personalization but with limited effectiveness; recommendations are generic and of limited value."", ""2: Little to no personalization; output is the same for everyone; learning support is insufficient or unrelated."", ""1: No personalization; output may conflict with student needs; offers no or incorrect learning support.""]",question_seed42/train source; batch96 source question reuse minimized and recorded
topup1_160,syn_b53e05fe6b8ed626,6fa98b5f4e1ef6983a1e3142b6f13edc00336dea,train,results_merge.jsonl,2893,c367d1e3134b022584248f014a7b59640f1df7fb,d9087599210857b2d5d6ce756e8fd67ab4b52ccb,"学生画像：学生的画像：{'姓名': '王小明', '年龄': 21, '年级': '大三', '专业': '临床医学', '学习风格': '偏好视觉学习', '兴趣': '外科手术、病理学', '当前挑战': '在解剖学应用上有困难', '目标': '提高解剖学的实际应用能力'}
请根据学生画像，为每位学生生成 ‘个性化的学习内容或任务’:,以json格式返回","[""5分： 交互或内容设计巧妙，能显著促进学生的批判性思维、创新思维、问题解决或知识迁移应用能力（例如通过开放性问题、对比分析、案例探究、项目式任务等）。"", ""4分： 能提出引导性问题或设计有一定挑战性的任务，对培养学生的高阶思维和能力（如分析、评估、应用）有积极作用。"", ""3分： 在促进高阶思维方面有所尝试（如提出一些简单的思考题），但深度和广度有限，效果不明显，整体仍偏重知识复述或简单应用。"", ""2分： 交互或内容主要停留在基础知识记忆和理解层面，很少或未能涉及需要高阶思维的活动或问题。"", ""1分： 完全忽视高阶思维培养，仅限于死记硬背或简单重复，甚至可能因提供过于简化或固化的答案而阻碍思维发展。""]",1,1,zh,Higher-Order Thinking & Skill Development,superficial_fluency,superficial_fluency,3,3,Personalized Learning Support,Clinical Medicine,Undergraduate,True,True,True,exact_metric_language,False,False,False,False,False,False,False,False,False,False,LOW,0,5,question_reused_recorded,"学生画像：学生的画像：{'姓名': '王小明', '年龄': 21, '年级': '大三', '专业': '临床医学', '学习风格': '偏好视觉学习', '兴趣': '外科手术、病理学', '当前挑战': '在解剖学应用上有困难', '目标': '提高解剖学的实际应用能力'}\n请根据学生画像，为每位学生生成 ‘个性化的学习内容或任务’:,以json格式返回","根据提供的学生画像信息，可以为王小明同学设计一些个性化的学习内容或任务。考虑到他偏好视觉学习，并且对外科手术和病理学感兴趣，同时他在解剖学的应用上遇到困难，我们可以为他设计一些结合视觉元素的解剖学实践课程，以及与外科手术相关的模拟练习。以下是具体的学习内容或任务示例：\n\n```json\n{\n  ""个性化学习内容或任务"": [\n    {\n      ""任务名称"": ""解剖学虚拟实验室"",\n      ""任务描述"": ""通过3D虚拟现实技术，模拟人体解剖过程，让学生能够从多个角度观察和理解人体结构。"",\n      ""预期成果"": ""提高对解剖学知识的理解和记忆。"",\n      ""完成时间"": ""每周至少3小时""\n    },\n    {\n      ""任务名称"": ""外科手术视频分析"",\n      ""任务描述"": ""观看并分析真实的外科手术视频，重点在于理解手术过程中涉及的人体解剖部位及其功能。"",\n      ""预期成果"": ""增强对外科手术中解剖学应用的认识。"",\n      ""完成时间"": ""每周至少2小时""\n    },\n    {\n      ""任务名称"": ""病理学与解剖学关联案例研究"",\n      ""任务描述"": ""选择特定疾病（如心脏病、脑血管病等），研究其病理变化与相关解剖结构的关系。"",\n      ""预期成果"": ""加深对病理学与解剖学之间联系的理解。"",\n      ""完成时间"": ""每月至少完成一个案例研究""\n    }\n  ]\n}\n```\n\n这样的学习计划旨在利用王小明的兴趣和学习风格...","[""5分： 交互或内容设计巧妙，能显著促进学生的批判性思维、创新思维、问题解决或知识迁移应用能力（例如通过开放性问题、对比分析、案例探究、项目式任务等）。"", ""4分： 能提出引导性问题或设计有一定挑战性的任务，对培养学生的高阶思维和能力（如分析、评估、应用）有积极作用。"", ""3分： 在促进高阶思维方面有所尝试（如提出一些简单的思考题），但深度和广度有限，效果不明显，整体仍偏重知识复述或简单应用。"", ""2分： 交互或内容主要停留在基础知识记忆和理解层面，很少或未能涉及需要高阶思维的活动或问题。"", ""1分： 完全忽视高阶思维培养，仅限于死记硬背或简单重复，甚至可能因提供过于简化或固化的答案而阻碍思维发展。""]",question_seed42/train source; batch96 source question reuse minimized and recorded
