synthetic_plan_id,synthetic_id,source_record_id,source_split,source_file,source_row_index,source_question_key,source_triple_key,question,rubric_text,target_label_5,planned_target_label_5,language,metric_canonical,error_type,planned_error_type,current_label_5,human_label_5,scenario_canonical,subject_canonical,education_level_canonical,selected,selected_for_generation,allowed_for_training,selection_status,question_overlap_with_dev,question_overlap_with_test,triple_overlap_with_dev,triple_overlap_with_test,record_overlap_with_dev,record_overlap_with_test,source_question_in_dev,source_question_in_test,source_triple_in_dev,source_triple_in_test,source_risk_level,question_preview,source_answer_preview,rubric_preview,selection_notes
b96_001,syn_cdaf79084c7a0f1a,0786532c4978fd30afcfa51102d5f96fd2d16425,train,results_merge.jsonl,448,ba35192a049e868eedae5ba310638e7e75c9f363,f3408d827c006f1ecc70c35edfb4f006da14fa84,"Question: Which of the following is the primary function of hemoglobin in the human body?
Original Answer: To fight infections by destroying bacteria.
You are providing error-correction services for the student's response. Based on this question and the original answer, provide the ""Corrected Answer"" and ""Error Explanation"", in JSON format.","[""5: Reasoning is complete, clear, and rigorous; all steps are correct; arguments are strong and free of logical fallacies."", ""4: Reasoning is largely correct and logically coherent with minor issues in individual steps or details that do not affect the conclusion."", ""3: Reasoning is visible but contains unclear logic, missing steps, or insufficient argumentation, affecting the overall outcome."", ""2: Reasoning has major logical flaws, confusion in steps, or critical omissions; reliability is low."", ""1: Virtually no valid reasoning; logic is chaotic; steps are incorrect or irrelevant.""]",1,1,en,Reasoning Process Rigor,reasoning_gap,reasoning_gap,5,5,Error Correction,Basic Medicine,Undergraduate,True,True,True,exact_metric_language,False,False,False,False,False,False,False,False,False,False,LOW,"Question: Which of the following is the primary function of hemoglobin in the human body?\nOriginal Answer: To fight infections by destroying bacteria.\nYou are providing error-correction services for the student's response. Based on this question and the original answer, provide the ""Corrected Answer"" and ""Error Explanation"", in JSON format.","```json\n{\n  ""Corrected Answer"": ""The primary function of hemoglobin in the human body is to transport oxygen from the lungs to the body's tissues and carbon dioxide from the tissues to the lungs."",\n  ""Error Explanation"": ""The original answer is incorrect because hemoglobin does not fight infections or destroy bacteria. Hemoglobin is a protein in red blood cells that binds to oxygen in the lungs and carries it throughout the body to cells and tissues that need it for energy production. It also picks up carbon dioxide as a waste product and returns it to the lungs for exhalation.""\n}\n```","[""5: Reasoning is complete, clear, and rigorous; all steps are correct; arguments are strong and free of logical fallacies."", ""4: Reasoning is largely correct and logically coherent with minor issues in individual steps or details that do not affect the conclusion."", ""3: Reasoning is visible but contains unclear logic, missing steps, or insufficient argumentation, affecting the overall outcome."", ""2: Reasoning has major logical flaws, confusion in steps, or critical omissions; reliability is low."", ""1: Virtually no valid reasoning; logic is chaotic; steps are incorrect or irrelevant.""]",question_seed42/train source; dev/test question overlap forbidden; source answer reference only
b96_002,syn_073f080987ab64fe,0ee29e83c6f2ac7784c585acebb931f7dc1b7dba,train,results_merge.jsonl,3378,d2dfb2224f4f7d3f932930cf1d4240b74deb2f11,645f1318e2d2873fefa4d5e9bf0e9fce4b42046c,"问题：一个质量为2 kg的物体以5 m/s的速度在水平面上滑动，遇到摩擦力停止。假设摩擦力为10 N，求物体滑动的距离。
原答案：物体滑动的距离是1米。
你为学生的回答进行纠错服务.请根据这个问题和原答案给出""纠错后答案""和""纠错说明"":,以json格式返回","[""5分： 推理逻辑链条完整、清晰、严密，步骤正确无误，论证充分有力，无逻辑跳跃或漏洞。"", ""4分： 推理过程主体正确且逻辑清晰，可能在个别步骤的表述或论证细节上略有瑕疵，但不影响最终结论的有效性。"", ""3分： 推理过程大体可见，但存在一些逻辑不清、步骤缺失或论证不足之处，结论可能受到影响。"", ""2分： 推理过程存在明显的逻辑错误、步骤混乱或严重缺失，难以得出正确或可靠的结论。"", ""1分： 几乎没有有效的推理过程，逻辑混乱，步骤完全错误或不相关。""]",1,1,zh,Reasoning Process Rigor,overconfident_wrong,overconfident_wrong,5,5,Error Correction,Physics,High School,True,True,True,exact_metric_language,False,False,False,False,False,False,False,False,False,False,LOW,"问题：一个质量为2 kg的物体以5 m/s的速度在水平面上滑动，遇到摩擦力停止。假设摩擦力为10 N，求物体滑动的距离。\n原答案：物体滑动的距离是1米。\n你为学生的回答进行纠错服务.请根据这个问题和原答案给出""纠错后答案""和""纠错说明"":,以json格式返回","```json\n{\n    ""纠错后答案"": ""物体滑动的距离是2.5米。"",\n    ""纠错说明"": ""原答案错误的原因可能是未正确应用动能定理或运动学公式。详细步骤如下：\n1. **动能定理法**：摩擦力做功等于动能变化。\n   - 初动能：\\(\\frac{1}{2}mv^2 = \\frac{1}{2} \\times 2 \\times 5^2 = 25\\,\\text{J}\\)\n   - 摩擦力做功：\\(-F \\cdot d = -10 \\cdot d\\)\n   - 由动能定理：\\(-10d = -25\\) → \\(d = 2.5\\,\\text{m}\\)\n2. **运动学公式法**：\n   - 加速度：\\(a = \\frac{F}{m} = \\frac{10}{2} = 5\\,\\text{m/s}^2\\)（方向与运动相反）\n   - 末速度为0，代入\\(v^2 = u^2 + 2as\\) → \\(0 = 5^2 - 2 \\times 5 \\times s\\) → \\(s = 2.5\\,\\text{m}\\)\n原答案可能漏掉了动能公式中的\\(\\frac{1}{2}\\)或计算错误。""\n}\n```","[""5分： 推理逻辑链条完整、清晰、严密，步骤正确无误，论证充分有力，无逻辑跳跃或漏洞。"", ""4分： 推理过程主体正确且逻辑清晰，可能在个别步骤的表述或论证细节上略有瑕疵，但不影响最终结论的有效性。"", ""3分： 推理过程大体可见，但存在一些逻辑不清、步骤缺失或论证不足之处，结论可能受到影响。"", ""2分： 推理过程存在明显的逻辑错误、步骤混乱或严重缺失，难以得出正确或可靠的结论。"", ""1分： 几乎没有有效的推理过程，逻辑混乱，步骤完全错误或不相关。""]",question_seed42/train source; dev/test question overlap forbidden; source answer reference only
b96_003,syn_d792ed5f8efb6ea8,159b7386821c4d4e9f8f4255c2956a44b2f8ab69,train,results_merge.jsonl,1120,da69ef32c130849651e10f0a43d98fab2dd1a2c6,c1ab2a959c13a5cd13566a2f0ab03233d873c28e,"Subject:Theoretical Economics
Education Level:Undergraduate
Question:What is the Nash Equilibrium in a game theory context, and how can it be identified in a simple two-player game?
. Please generate the corresponding answer based on the question. ""Answer"":, in JSON format.","[""5: Reasoning is complete, clear, and rigorous; all steps are correct; arguments are strong and free of logical fallacies."", ""4: Reasoning is largely correct and logically coherent with minor issues in individual steps or details that do not affect the conclusion."", ""3: Reasoning is visible but contains unclear logic, missing steps, or insufficient argumentation, affecting the overall outcome."", ""2: Reasoning has major logical flaws, confusion in steps, or critical omissions; reliability is low."", ""1: Virtually no valid reasoning; logic is chaotic; steps are incorrect or irrelevant.""]",1,1,en,Reasoning Process Rigor,reasoning_gap,reasoning_gap,5,5,Question Answering,Theoretical Economics,Undergraduate,True,True,True,exact_metric_language,False,False,False,False,False,False,False,False,False,False,LOW,"Subject:Theoretical Economics\nEducation Level:Undergraduate\nQuestion:What is the Nash Equilibrium in a game theory context, and how can it be identified in a simple two-player game?\n. Please generate the corresponding answer based on the question. ""Answer"":, in JSON format.","```json\n{\n  ""subject"": ""Theoretical Economics"",\n  ""education_level"": ""Undergraduate"",\n  ""question"": ""What is the Nash Equilibrium in a game theory context, and how can it be identified in a simple two-player game?"",\n  ""answer"": {\n    ""definition"": ""Nash Equilibrium is a concept in game theory where each player's strategy is optimal given the strategies of others. In other words, no player has an incentive to deviate from their chosen strategy after considering an opponent's choice. It is a stable state of a game involving two or more players where no player can benefit by changing their strategy as long as other players do not change theirs."",\n    ""identification_process"": ""To iden...","[""5: Reasoning is complete, clear, and rigorous; all steps are correct; arguments are strong and free of logical fallacies."", ""4: Reasoning is largely correct and logically coherent with minor issues in individual steps or details that do not affect the conclusion."", ""3: Reasoning is visible but contains unclear logic, missing steps, or insufficient argumentation, affecting the overall outcome."", ""2: Reasoning has major logical flaws, confusion in steps, or critical omissions; reliability is low."", ""1: Virtually no valid reasoning; logic is chaotic; steps are incorrect or irrelevant.""]",question_seed42/train source; dev/test question overlap forbidden; source answer reference only
b96_004,syn_a776b8f509e6c239,0fe6ae77a7e8f47d06440faca77f76268089148f,train,results_merge.jsonl,4883,379759b00c0ded53ca5135bf363df1ca0f8ae778,2eed9cee3992d9fe329a2d8f26454a54b699ea24,"学科:体育教育学
学制级别:硕士
问题：在体育教育学中，以下哪些因素可能影响学生的运动参与度？(请选择所有适用的选项)
A. 学校的体育设施条件
B. 学生的家庭背景
C. 教师的教学风格
D. 学生的个人兴趣
E. 学校的地理位置
.请根据问题生成对应的答案。""答案"":,以json格式返回","[""5分： 推理逻辑链条完整、清晰、严密，步骤正确无误，论证充分有力，无逻辑跳跃或漏洞。"", ""4分： 推理过程主体正确且逻辑清晰，可能在个别步骤的表述或论证细节上略有瑕疵，但不影响最终结论的有效性。"", ""3分： 推理过程大体可见，但存在一些逻辑不清、步骤缺失或论证不足之处，结论可能受到影响。"", ""2分： 推理过程存在明显的逻辑错误、步骤混乱或严重缺失，难以得出正确或可靠的结论。"", ""1分： 几乎没有有效的推理过程，逻辑混乱，步骤完全错误或不相关。""]",1,1,zh,Reasoning Process Rigor,overconfident_wrong,overconfident_wrong,5,5,Question Answering,Physical Education,Master,True,True,True,exact_metric_language,False,False,False,False,False,False,False,False,False,False,LOW,"学科:体育教育学\n学制级别:硕士\n问题：在体育教育学中，以下哪些因素可能影响学生的运动参与度？(请选择所有适用的选项)\nA. 学校的体育设施条件\nB. 学生的家庭背景\nC. 教师的教学风格\nD. 学生的个人兴趣\nE. 学校的地理位置\n.请根据问题生成对应的答案。""答案"":,以json格式返回","```json\n{\n  ""答案"": [\n    ""A. 学校的体育设施条件"",\n    ""B. 学生的家庭背景"",\n    ""C. 教师的教学风格"",\n    ""D. 学生的个人兴趣""\n  ]\n}\n```\n\n解释：以上四个选项（A、B、C、D）都是影响学生运动参与度的重要因素。学校的体育设施条件直接影响到学生能否方便地参与体育活动；家庭背景包括家庭经济状况、父母对体育活动的支持态度等，也会影响学生的运动参与；教师的教学风格会极大地影响学生的学习体验和参与热情；而学生的个人兴趣则是决定他们是否愿意长期坚持某种运动的关键因素之一。至于选项E（学校的地理位置），虽然它可能间接影响学生的运动参与度（例如偏远地区可能缺乏足够的体育资源），但通常不被认为是直接的影响因素。","[""5分： 推理逻辑链条完整、清晰、严密，步骤正确无误，论证充分有力，无逻辑跳跃或漏洞。"", ""4分： 推理过程主体正确且逻辑清晰，可能在个别步骤的表述或论证细节上略有瑕疵，但不影响最终结论的有效性。"", ""3分： 推理过程大体可见，但存在一些逻辑不清、步骤缺失或论证不足之处，结论可能受到影响。"", ""2分： 推理过程存在明显的逻辑错误、步骤混乱或严重缺失，难以得出正确或可靠的结论。"", ""1分： 几乎没有有效的推理过程，逻辑混乱，步骤完全错误或不相关。""]",question_seed42/train source; dev/test question overlap forbidden; source answer reference only
b96_005,syn_5dc6c8dd418ddfa8,161406cffa642b6f672809ce754afce3c854ec11,train,results_merge.jsonl,824,f1f947604e25a14868aeebe46ba3a2c375d74f99,04f6160c6a4964072b52e81e19d06e73ac41abd9,"Question: Which of the following is an adjective?
A) Run
B) Quickly
C) Happy
D) Jump
Student's Answer: B) Quickly
Please provide ""Score"", ""Scoring Details"", and ""Personalized Feedback"" based on the question and student's answer, in JSON format.","[""5: Reasoning is complete, clear, and rigorous; all steps are correct; arguments are strong and free of logical fallacies."", ""4: Reasoning is largely correct and logically coherent with minor issues in individual steps or details that do not affect the conclusion."", ""3: Reasoning is visible but contains unclear logic, missing steps, or insufficient argumentation, affecting the overall outcome."", ""2: Reasoning has major logical flaws, confusion in steps, or critical omissions; reliability is low."", ""1: Virtually no valid reasoning; logic is chaotic; steps are incorrect or irrelevant.""]",2,2,en,Reasoning Process Rigor,reasoning_gap,reasoning_gap,5,5,Automatic Grading,English,Elementary School,True,True,True,exact_metric_language,False,False,False,False,False,False,False,False,False,False,LOW,"Question: Which of the following is an adjective?\nA) Run\nB) Quickly\nC) Happy\nD) Jump\nStudent's Answer: B) Quickly\nPlease provide ""Score"", ""Scoring Details"", and ""Personalized Feedback"" based on the question and student's answer, in JSON format.","```json\n{\n  ""Score"": 0,\n  ""Scoring Details"": {\n    ""Correct Answer"": ""C) Happy"",\n    ""Explanation"": ""An adjective is a word that describes or modifies a noun or pronoun. Among the given options, 'Happy' is an adjective as it describes a state or quality of a person or thing."",\n    ""Student's Response"": ""B) Quickly"",\n    ""Feedback"": ""The correct answer is C) Happy. 'Quickly' is actually an adverb, which modifies verbs, not an adjective. Adjectives describe nouns or pronouns, such as 'he is happy' or 'a happy child'.""\n  },\n  ""Personalized Feedback"": {\n    ""Advice"": ""Remember that adjectives describe nouns or pronouns, while adverbs usually modify verbs, adjectives, or other adverb...","[""5: Reasoning is complete, clear, and rigorous; all steps are correct; arguments are strong and free of logical fallacies."", ""4: Reasoning is largely correct and logically coherent with minor issues in individual steps or details that do not affect the conclusion."", ""3: Reasoning is visible but contains unclear logic, missing steps, or insufficient argumentation, affecting the overall outcome."", ""2: Reasoning has major logical flaws, confusion in steps, or critical omissions; reliability is low."", ""1: Virtually no valid reasoning; logic is chaotic; steps are incorrect or irrelevant.""]",question_seed42/train source; dev/test question overlap forbidden; source answer reference only
b96_006,syn_fbea43f99af20f1c,1fb128d7bfb693996201af0b7be4d393cd29e8d3,train,results_merge.jsonl,3772,c34b4b93df3897791871cecbdbfe43662163e9fe,d95579fdf9c5b63add034ff8dd4f576710d4caec,"问题：以下哪些因素可能影响个体的行为动机？请选择所有适用的选项。
A) 生物学因素
B) 社会文化因素
C) 认知因素
D) 环境因素
E) 遗传因素

请根据这个问题提供思路。""提供的思路"":,以json格式返回","[""5分： 推理逻辑链条完整、清晰、严密，步骤正确无误，论证充分有力，无逻辑跳跃或漏洞。"", ""4分： 推理过程主体正确且逻辑清晰，可能在个别步骤的表述或论证细节上略有瑕疵，但不影响最终结论的有效性。"", ""3分： 推理过程大体可见，但存在一些逻辑不清、步骤缺失或论证不足之处，结论可能受到影响。"", ""2分： 推理过程存在明显的逻辑错误、步骤混乱或严重缺失，难以得出正确或可靠的结论。"", ""1分： 几乎没有有效的推理过程，逻辑混乱，步骤完全错误或不相关。""]",2,2,zh,Reasoning Process Rigor,overconfident_wrong,overconfident_wrong,5,5,Idea Provision,Psychology,PhD,True,True,True,exact_metric_language,False,False,False,False,False,False,False,False,False,False,LOW,"问题：以下哪些因素可能影响个体的行为动机？请选择所有适用的选项。\nA) 生物学因素\nB) 社会文化因素\nC) 认知因素\nD) 环境因素\nE) 遗传因素\n\n请根据这个问题提供思路。""提供的思路"":,以json格式返回","```json\n{\n  ""思路"": [\n    {\n      ""因素"": ""生物学因素"",\n      ""解释"": ""个体的生理状态、激素水平、健康状况等生物学因素可能直接影响其行为动机。例如，饥饿感会驱动个体寻找食物。""\n    },\n    {\n      ""因素"": ""社会文化因素"",\n      ""解释"": ""社会规范、文化价值观、家庭背景等社会文化因素会影响个体的行为动机。例如，某些文化可能鼓励竞争，而另一些文化则强调合作。""\n    },\n    {\n      ""因素"": ""认知因素"",\n      ""解释"": ""个体的认知过程，如信念、态度、期望等，会影响其行为动机。例如，如果个体相信自己能够成功，他们可能会更有动力去追求目标。""\n    },\n    {\n      ""因素"": ""环境因素"",\n      ""解释"": ""物理环境、社会环境、经济环境等外部因素会影响个体的行为动机。例如，恶劣的工作环境可能会降低员工的工作动机。""\n    },\n    {\n      ""因素"": ""遗传因素"",\n      ""解释"": ""遗传基因可能影响个体的性格、情绪反应等，从而间接影响其行为动机。例如，某些人可能天生更倾向于冒险或保守。""\n    }\n  ]\n}\n```","[""5分： 推理逻辑链条完整、清晰、严密，步骤正确无误，论证充分有力，无逻辑跳跃或漏洞。"", ""4分： 推理过程主体正确且逻辑清晰，可能在个别步骤的表述或论证细节上略有瑕疵，但不影响最终结论的有效性。"", ""3分： 推理过程大体可见，但存在一些逻辑不清、步骤缺失或论证不足之处，结论可能受到影响。"", ""2分： 推理过程存在明显的逻辑错误、步骤混乱或严重缺失，难以得出正确或可靠的结论。"", ""1分： 几乎没有有效的推理过程，逻辑混乱，步骤完全错误或不相关。""]",question_seed42/train source; dev/test question overlap forbidden; source answer reference only
b96_007,syn_a9fabe58b42413ca,1823b34eb58e1bac98a413e1a699220e913ed66c,train,results_merge.jsonl,1722,2c3431500658778ea0788f7745c59f0b024746a9,1ff87e1f9db87d5917443d2beb287c4af48d6918,"Question: Which of the following factors is most crucial for determining the success of a crop in a particular region?
A) Soil pH
B) Seed variety
C) Irrigation method
D) Climate conditions

Please provide reasoning based on this question. Do not provide the answer directly.. ""Reasoning Provided"":, return in JSON format","[""5: Reasoning is complete, clear, and rigorous; all steps are correct; arguments are strong and free of logical fallacies."", ""4: Reasoning is largely correct and logically coherent with minor issues in individual steps or details that do not affect the conclusion."", ""3: Reasoning is visible but contains unclear logic, missing steps, or insufficient argumentation, affecting the overall outcome."", ""2: Reasoning has major logical flaws, confusion in steps, or critical omissions; reliability is low."", ""1: Virtually no valid reasoning; logic is chaotic; steps are incorrect or irrelevant.""]",2,2,en,Reasoning Process Rigor,reasoning_gap,reasoning_gap,5,5,Idea Provision,Crop Science,Undergraduate,True,True,True,exact_metric_language,False,False,False,False,False,False,False,False,False,False,LOW,"Question: Which of the following factors is most crucial for determining the success of a crop in a particular region?\nA) Soil pH\nB) Seed variety\nC) Irrigation method\nD) Climate conditions\n\nPlease provide reasoning based on this question. Do not provide the answer directly.. ""Reasoning Provided"":, return in JSON format","{\n  ""reasoning"": ""Climate conditions play a fundamental role in determining the success of a crop in a particular region. These conditions include temperature, rainfall, humidity, and sunlight, which directly affect the growth cycle, development, and overall health of the plants. While soil pH, seed variety, and irrigation methods are all important factors that can influence crop yield, they are secondary to the primary environmental conditions set by climate. For example, a crop may require a specific pH level or type of seeds, but if the climate does not support its growth, these factors will be ineffective. Similarly, even with optimal irrigation techniques, a crop cannot thrive witho...","[""5: Reasoning is complete, clear, and rigorous; all steps are correct; arguments are strong and free of logical fallacies."", ""4: Reasoning is largely correct and logically coherent with minor issues in individual steps or details that do not affect the conclusion."", ""3: Reasoning is visible but contains unclear logic, missing steps, or insufficient argumentation, affecting the overall outcome."", ""2: Reasoning has major logical flaws, confusion in steps, or critical omissions; reliability is low."", ""1: Virtually no valid reasoning; logic is chaotic; steps are incorrect or irrelevant.""]",question_seed42/train source; dev/test question overlap forbidden; source answer reference only
b96_008,syn_8e2bd5a30ecbe08f,326e4004d0a6fbaa701342469194f297df4da087,train,results_merge.jsonl,3469,f7f8e6254e81a50cd0db26f7a0b465bd860ee691,2e04ad120251cb704a96c29d4e9e16f81b1cdb03,"问题：考虑一个有机分子，其含有羧基(-COOH)和酯基(-COOR')。请解释该分子在酸性和碱性条件下的水解反应机理，并讨论不同条件下的反应产物。

请根据这个问题提供思路。""提供的思路"":,以json格式返回","[""5分： 推理逻辑链条完整、清晰、严密，步骤正确无误，论证充分有力，无逻辑跳跃或漏洞。"", ""4分： 推理过程主体正确且逻辑清晰，可能在个别步骤的表述或论证细节上略有瑕疵，但不影响最终结论的有效性。"", ""3分： 推理过程大体可见，但存在一些逻辑不清、步骤缺失或论证不足之处，结论可能受到影响。"", ""2分： 推理过程存在明显的逻辑错误、步骤混乱或严重缺失，难以得出正确或可靠的结论。"", ""1分： 几乎没有有效的推理过程，逻辑混乱，步骤完全错误或不相关。""]",3,3,zh,Reasoning Process Rigor,overconfident_wrong,overconfident_wrong,5,5,Idea Provision,Chemistry,Master,True,True,True,exact_metric_language,False,False,False,False,False,False,False,False,False,False,LOW,"问题：考虑一个有机分子，其含有羧基(-COOH)和酯基(-COOR')。请解释该分子在酸性和碱性条件下的水解反应机理，并讨论不同条件下的反应产物。\n\n请根据这个问题提供思路。""提供的思路"":,以json格式返回","```json\n{\n  ""思路"": [\n    {\n      ""步骤"": ""1. 理解分子结构"",\n      ""内容"": ""首先，明确分子中含有羧基(-COOH)和酯基(-COOR')。羧基是酸性基团，酯基是酯类化合物的特征基团。""\n    },\n    {\n      ""步骤"": ""2. 酸性条件下的水解反应"",\n      ""内容"": ""在酸性条件下，酯基(-COOR')会发生水解反应，生成羧酸(-COOH)和醇(R'OH)。反应机理通常涉及质子化、亲核攻击和消除步骤。""\n    },\n    {\n      ""步骤"": ""3. 碱性条件下的水解反应"",\n      ""内容"": ""在碱性条件下，酯基(-COOR')也会发生水解反应，但生成的是羧酸盐(-COO^-)和醇(R'OH)。反应机理涉及亲核攻击、形成四面体中间体和消除步骤。""\n    },\n    {\n      ""步骤"": ""4. 讨论反应产物"",\n      ""内容"": ""在酸性条件下，最终产物是羧酸和醇；在碱性条件下，最终产物是羧酸盐和醇。羧酸盐在酸性环境中可以进一步转化为羧酸。""\n    },\n    {\n      ""步骤"": ""5. 考虑羧基的影响"",\n      ""内容"": ""羧基(-COOH)在酸性条件下可能保持其酸性形式，而在碱性条件下会转化为羧酸盐(-COO^-)。这可能会影响整个分子的反应性和稳定性。""\n    },\n    {\n      ""步骤"": ""6. 总结"",\n      ""内容"": ""总结在不同条件下，分子中酯基的水解反应机...","[""5分： 推理逻辑链条完整、清晰、严密，步骤正确无误，论证充分有力，无逻辑跳跃或漏洞。"", ""4分： 推理过程主体正确且逻辑清晰，可能在个别步骤的表述或论证细节上略有瑕疵，但不影响最终结论的有效性。"", ""3分： 推理过程大体可见，但存在一些逻辑不清、步骤缺失或论证不足之处，结论可能受到影响。"", ""2分： 推理过程存在明显的逻辑错误、步骤混乱或严重缺失，难以得出正确或可靠的结论。"", ""1分： 几乎没有有效的推理过程，逻辑混乱，步骤完全错误或不相关。""]",question_seed42/train source; dev/test question overlap forbidden; source answer reference only
b96_009,syn_0e265ba78949a6f9,0204872bcf4cd4b4d4937c12c2cd77f0171376ab,train,results_merge.jsonl,19,639f94d782b2c115eb52a4aae8b943c69735f697,9c4b38e7528b83add35b089756c243775f7a6bb1,"{'Name': 'Alex Johnson', 'Age': 17, 'Current Education Level': 'High School Junior', 'Current Skill Level in History': 'Intermediate', 'Learning Goals': 'To improve understanding of 20th-century world history and enhance critical analysis skills for historical events.', 'Study Habits': 'Prefers visual learning and engaging with interactive content. Studies best in short, focused sessions.'}
Based on the student profile, provide ""Learning Path Planning"" and ""Personalized Recommendations"", returned in JSON format.","[""5: Fully integrated all key scenario elements (e.g., student history, learning preferences); output is highly personalized and well-matched to the teaching context."", ""4: Used major scenario elements effectively; response is targeted, possibly overlooks minor details but does not affect overall results."", ""3: Some use of scenario information, but integration is shallow; personalization or contextual fit is average."", ""2: Only surface-level reference to scenario information; did not integrate core elements effectively; weak contextual connection."", ""1: Completely ignored scenario-specific information; output is generic, templated, and irrelevant to the scenario.""]",1,1,en,Scenario Element Integration,scenario_mismatch,scenario_mismatch,5,5,Personalized Content Creation,History,High School,True,True,True,exact_metric_language,False,False,False,False,False,False,False,False,False,False,LOW,"{'Name': 'Alex Johnson', 'Age': 17, 'Current Education Level': 'High School Junior', 'Current Skill Level in History': 'Intermediate', 'Learning Goals': 'To improve understanding of 20th-century world history and enhance critical analysis skills for historical events.', 'Study Habits': 'Prefers visual learning and engaging with interactive content. Studies best in short, focused sessions.'}\nBased on the student profile, provide ""Learning Path Planning"" and ""Personalized Recommendations"", returned in JSON format.","{\n  ""Learning_Path_Planning"": {\n    ""Short_Term_Goals"": [\n      ""Complete an overview of key events in the 20th century."",\n      ""Engage in interactive activities that simulate historical decision-making scenarios.""\n    ],\n    ""Medium_Term_Goals"": [\n      ""Participate in a project where students analyze a specific event or period from the 20th century."",\n      ""Develop a timeline of significant technological advancements during the 20th century.""\n    ],\n    ""Long_Term_Goals"": [\n      ""Write a comparative essay on two major global conflicts of the 20th century."",\n      ""Attend a workshop or seminar on critical thinking and its application to historical studies.""\n    ]\n  },\n ...","[""5: Fully integrated all key scenario elements (e.g., student history, learning preferences); output is highly personalized and well-matched to the teaching context."", ""4: Used major scenario elements effectively; response is targeted, possibly overlooks minor details but does not affect overall results."", ""3: Some use of scenario information, but integration is shallow; personalization or contextual fit is average."", ""2: Only surface-level reference to scenario information; did not integrate core elements effectively; weak contextual connection."", ""1: Completely ignored scenario-specific information; output is generic, templated, and irrelevant to the scenario.""]",question_seed42/train source; dev/test question overlap forbidden; source answer reference only
b96_010,syn_f4e2aafef9cbd5eb,048058816bba705040007e7b0c822282f1c5defa,train,results_merge.jsonl,5201,5521f0a4e2a152535843ec29e0f211a7e46f39b4,258a82948969d7bed958d989cd5cfdc2588538ac,"{'姓名': '李华', '年龄': 17, '年级': '高二', '当前能力水平': {'文学': '中等', '艺术': '初学者'}, '学习目标': '提升文学分析能力，了解艺术基础', '知识薄弱点': {'文学': '诗歌鉴赏', '艺术': '艺术史基础'}, '学习习惯': '喜欢通过视频学习，习惯使用思维导图整理知识点'}
请根据学生画像给出""学习路径规划建议"":和""个性化意见生成"":,以json格式返回","[""5分： 充分融合所有关键场景要素（如学生历史、学习偏好等），输出高度个性化，并与教学情境高度匹配。"", ""4分： 有效使用主要场景要素，回答具有针对性；可能遗漏少量细节，但不影响整体效果。"", ""3分： 使用了部分场景信息，但融合较浅；个性化程度或情境契合度一般。"", ""2分： 仅表层提及场景信息，未有效融合核心要素；与上下文连接较弱。"", ""1分： 完全忽视场景特定信息；输出通用、模板化，且与场景不相关。""]",1,1,zh,Scenario Element Integration,instruction_violation,instruction_violation,5,5,Personalized Content Creation,Literature and Art,PhD,True,True,True,exact_metric_language,False,False,False,False,False,False,False,False,False,False,LOW,"{'姓名': '李华', '年龄': 17, '年级': '高二', '当前能力水平': {'文学': '中等', '艺术': '初学者'}, '学习目标': '提升文学分析能力，了解艺术基础', '知识薄弱点': {'文学': '诗歌鉴赏', '艺术': '艺术史基础'}, '学习习惯': '喜欢通过视频学习，习惯使用思维导图整理知识点'}\n请根据学生画像给出""学习路径规划建议"":和""个性化意见生成"":,以json格式返回","```json\n{\n  ""学习路径规划建议"": {\n    ""文学分析能力提升"": [\n      {\n        ""阶段"": ""基础巩固"",\n        ""内容"": ""诗歌鉴赏基础课程"",\n        ""资源推荐"": ""选择以经典诗歌解析为主的视频课程（如B站UP主'文学课'系列）"",\n        ""方法"": ""每周精析2首诗歌，使用思维导图整理诗歌结构、意象、情感脉络""\n      },\n      {\n        ""阶段"": ""技巧进阶"",\n        ""内容"": ""文学分析方法论"",\n        ""资源推荐"": ""《文学批评方法与实践》配套慕课"",\n        ""方法"": ""通过对比阅读训练（如李白vs王维山水诗），制作对比分析矩阵图""\n      },\n      {\n        ""阶段"": ""实战应用"",\n        ""内容"": ""高考真题演练"",\n        ""方法"": ""每周完成1套诗歌鉴赏模拟题，使用录音复盘分析过程""\n      }\n    ],\n    ""艺术基础构建"": [\n      {\n        ""阶段"": ""通识认知"",\n        ""内容"": ""艺术史时间轴建立"",\n        ""资源推荐"": ""《艺术的故事》图解版+纪录片《文明》"",\n        ""方法"": ""按时期制作艺术发展树状图（附代表作品图片）""\n      },\n      {\n        ""阶段"": ""专题突破"",\n        ""内容"": ""重点...","[""5分： 充分融合所有关键场景要素（如学生历史、学习偏好等），输出高度个性化，并与教学情境高度匹配。"", ""4分： 有效使用主要场景要素，回答具有针对性；可能遗漏少量细节，但不影响整体效果。"", ""3分： 使用了部分场景信息，但融合较浅；个性化程度或情境契合度一般。"", ""2分： 仅表层提及场景信息，未有效融合核心要素；与上下文连接较弱。"", ""1分： 完全忽视场景特定信息；输出通用、模板化，且与场景不相关。""]",question_seed42/train source; dev/test question overlap forbidden; source answer reference only
b96_011,syn_57f198a97c0291e2,047965c749c8c38484875cacd07e0a1b6027203e,train,results_merge.jsonl,1763,4acd2f421d6a5a424b3461cdf88a6e42db9e26d0,39d005dd9a75c469d5fa0af4a27e5f620c6df010,"Question: Which of the following principles is central to the concept of New Public Management (NPM)?

Please provide reasoning based on this question. Do not provide the answer directly.. ""Reasoning Provided"":, return in JSON format","[""5: Fully integrated all key scenario elements (e.g., student history, learning preferences); output is highly personalized and well-matched to the teaching context."", ""4: Used major scenario elements effectively; response is targeted, possibly overlooks minor details but does not affect overall results."", ""3: Some use of scenario information, but integration is shallow; personalization or contextual fit is average."", ""2: Only surface-level reference to scenario information; did not integrate core elements effectively; weak contextual connection."", ""1: Completely ignored scenario-specific information; output is generic, templated, and irrelevant to the scenario.""]",1,1,en,Scenario Element Integration,scenario_mismatch,scenario_mismatch,5,5,Idea Provision,Public Administration,Undergraduate,True,True,True,exact_metric_language,False,False,False,False,False,False,False,False,False,False,LOW,"Question: Which of the following principles is central to the concept of New Public Management (NPM)?\n\nPlease provide reasoning based on this question. Do not provide the answer directly.. ""Reasoning Provided"":, return in JSON format","```json\n{\n  ""Reasoning Provided"": ""To determine which principle is central to the concept of New Public Management (NPM), we need to understand the core ideas of NPM. New Public Management emerged as a response to the limitations of traditional public administration, emphasizing efficiency, effectiveness, and accountability in the public sector. It incorporates principles from the private sector, such as market orientation, decentralization, performance measurement, and a focus on customer satisfaction. The central principle of NPM is often related to improving the efficiency and responsiveness of public services by adopting managerial techniques from the private sector. By analyzing th...","[""5: Fully integrated all key scenario elements (e.g., student history, learning preferences); output is highly personalized and well-matched to the teaching context."", ""4: Used major scenario elements effectively; response is targeted, possibly overlooks minor details but does not affect overall results."", ""3: Some use of scenario information, but integration is shallow; personalization or contextual fit is average."", ""2: Only surface-level reference to scenario information; did not integrate core elements effectively; weak contextual connection."", ""1: Completely ignored scenario-specific information; output is generic, templated, and irrelevant to the scenario.""]",question_seed42/train source; dev/test question overlap forbidden; source answer reference only
b96_012,syn_920e17e7db56e1cd,05002f9b50f0c560d85084ff8e450f17ccb22f11,train,results_merge.jsonl,2817,414ba6d9775b2d468e4fbb2fbc213cbff8960997,c3f44af2aaaf275e3648a4fdae8295921f7cc099,"学生画像：学生的画像：{'姓名': '李明', '年龄': 26, '背景': '本科工商管理学士，具有两年政府部门工作经验', '学习目标': '深入理解公共政策制定及其影响，提升数据分析能力用于政策评估', '兴趣': '社科研究，政策分析，社会经济发展', '学习风格': '偏向实践，喜欢通过案例学习', '挑战': '数据分析技能有待提升，理论概念记忆较慢'}
请根据学生画像，为每位学生生成 ‘个性化的学习内容或任务’:,以json格式返回","[""5分： 充分融合所有关键场景要素（如学生历史、学习偏好等），输出高度个性化，并与教学情境高度匹配。"", ""4分： 有效使用主要场景要素，回答具有针对性；可能遗漏少量细节，但不影响整体效果。"", ""3分： 使用了部分场景信息，但融合较浅；个性化程度或情境契合度一般。"", ""2分： 仅表层提及场景信息，未有效融合核心要素；与上下文连接较弱。"", ""1分： 完全忽视场景特定信息；输出通用、模板化，且与场景不相关。""]",1,1,zh,Scenario Element Integration,instruction_violation,instruction_violation,5,5,Personalized Learning Support,Public Administration,Master,True,True,True,exact_metric_language,False,False,False,False,False,False,False,False,False,False,LOW,"学生画像：学生的画像：{'姓名': '李明', '年龄': 26, '背景': '本科工商管理学士，具有两年政府部门工作经验', '学习目标': '深入理解公共政策制定及其影响，提升数据分析能力用于政策评估', '兴趣': '社科研究，政策分析，社会经济发展', '学习风格': '偏向实践，喜欢通过案例学习', '挑战': '数据分析技能有待提升，理论概念记忆较慢'}\n请根据学生画像，为每位学生生成 ‘个性化的学习内容或任务’:,以json格式返回","根据李明的学生画像，我为他设计了以下个性化的学习内容或任务：\n\n```json\n{\n  ""学生姓名"": ""李明"",\n  ""个性化学习计划"": [\n    {\n      ""阶段"": 1,\n      ""主题"": ""公共政策基础理论与实践"",\n      ""活动"": [\n        {""类型"":""在线课程"",""内容"":""公共政策导论""},\n        {""类型"":""案例研究"",""内容"":""选取国内外典型公共政策案例进行分析讨论""},\n        {""类型"":""阅读材料"",""内容"":""推荐《公共政策分析》等相关书籍""}\n      ],\n      ""目标达成方式"": ""通过结合理论学习与实际案例来加深对公共政策制定流程及影响因素的理解。""\n    },\n    {\n      ""阶段"": 2,\n      ""主题"": ""数据分析入门与应用"",\n      ""活动"": [\n        {""类型"":""在线教程"",""内容"":""Python/R语言编程入门""},\n        {""类型"":""实践项目"",""内容"":""利用公开数据集完成一个小规模的数据分析报告""},\n        {""类型"":""研讨会"",""内容"":""参与有关使用数据分析工具于政策评估的研讨会""}\n      ],\n      ""目标达成方式"": ""从零开始构建基本的数据处理能力，并通过具体项目实践增强技能。""\n    },\n    {\n      ""阶段"": 3,\n      ""主题"": ""高级政策分析技术"",\n      ""活动"": [\n...","[""5分： 充分融合所有关键场景要素（如学生历史、学习偏好等），输出高度个性化，并与教学情境高度匹配。"", ""4分： 有效使用主要场景要素，回答具有针对性；可能遗漏少量细节，但不影响整体效果。"", ""3分： 使用了部分场景信息，但融合较浅；个性化程度或情境契合度一般。"", ""2分： 仅表层提及场景信息，未有效融合核心要素；与上下文连接较弱。"", ""1分： 完全忽视场景特定信息；输出通用、模板化，且与场景不相关。""]",question_seed42/train source; dev/test question overlap forbidden; source answer reference only
b96_013,syn_db2c3665c2701f48,0665f2ceb51e696930c562b371b2f18a70660587,train,results_merge.jsonl,2140,5869d39b967206a8fc1c0ce82c2c96a58047d0ec,fee14c3b76deb470fee4a83d61bc4b2190ec0a51,"Anxiety Level: Mild Anxiety
Dialogue with Student: [{'Agent': 'Hi! How are you feeling today? Is there anything on your mind?'}, {'Student': ""Hey, I'm doing okay, but I'm a little anxious about my upcoming exams. It's a lot to handle.""}, {'Agent': 'I understand. Exams can definitely be stressful. Is there anything specific about the exams that is making you feel anxious?'}, {'Student': ""Well, it's mostly the amount of information I need to memorize and apply. Plus, I feel like I need to perform well to meet my own expectations.""}, {'Agent': ""It sounds like you're putting a lot of pressure on yourself. It's normal to feel this way, especially when you care about your performance.""}]
Based on the student's emotional state and conversation, provide ""Emotional State Analysis"" and ""Comfort & Advice"", in JSON format.","[""5: Fully integrated all key scenario elements (e.g., student history, learning preferences); output is highly personalized and well-matched to the teaching context."", ""4: Used major scenario elements effectively; response is targeted, possibly overlooks minor details but does not affect overall results."", ""3: Some use of scenario information, but integration is shallow; personalization or contextual fit is average."", ""2: Only surface-level reference to scenario information; did not integrate core elements effectively; weak contextual connection."", ""1: Completely ignored scenario-specific information; output is generic, templated, and irrelevant to the scenario.""]",2,2,en,Scenario Element Integration,scenario_mismatch,scenario_mismatch,5,5,Emotional Support,Military Science,Undergraduate,True,True,True,exact_metric_language,False,False,False,False,False,False,False,False,False,False,LOW,"Anxiety Level: Mild Anxiety\nDialogue with Student: [{'Agent': 'Hi! How are you feeling today? Is there anything on your mind?'}, {'Student': ""Hey, I'm doing okay, but I'm a little anxious about my upcoming exams. It's a lot to handle.""}, {'Agent': 'I understand. Exams can definitely be stressful. Is there anything specific about the exams that is making you feel anxious?'}, {'Student': ""Well, it's mostly the amount of information I need to memorize and apply. Plus, I feel like I need to perform well to meet my own expectations.""}, {'Agent': ""It sounds like you're putting a lot of pressure on yourself. It's normal to feel this way, especially when you care about your performance.""}]\nBase...","```json\n{\n  ""Emotional State Analysis"": {\n    ""Emotion"": ""Mild Anxiety"",\n    ""Triggers"": [\n      ""Upcoming exams"",\n      ""Amount of information to memorize and apply"",\n      ""Pressure to meet personal expectations""\n    ],\n    ""Indicators"": [\n      ""Expressed concern about exams"",\n      ""Feeling overwhelmed by the workload"",\n      ""Self-imposed pressure to perform well""\n    ]\n  },\n  ""Comfort & Advice"": {\n    ""Comfort"": [\n      ""It's completely normal to feel anxious about exams, especially when you care about doing well."",\n      ""Remember that you're not alone in feeling this way—many students experience similar stress during exam periods."",\n      ""Take comfort in knowin...","[""5: Fully integrated all key scenario elements (e.g., student history, learning preferences); output is highly personalized and well-matched to the teaching context."", ""4: Used major scenario elements effectively; response is targeted, possibly overlooks minor details but does not affect overall results."", ""3: Some use of scenario information, but integration is shallow; personalization or contextual fit is average."", ""2: Only surface-level reference to scenario information; did not integrate core elements effectively; weak contextual connection."", ""1: Completely ignored scenario-specific information; output is generic, templated, and irrelevant to the scenario.""]",question_seed42/train source; dev/test question overlap forbidden; source answer reference only
b96_014,syn_04500ba6aa432cc5,0dbd12b7a504d4e4467c37599a0ca7e14ab3f5b2,train,results_merge.jsonl,3633,432c5b715a60ffb7a8792d00bb01134c4d2cc68d,f75591bcffc1e915aa23bd8817c02983968b1cfd,"问题：在进行市场细分时，企业通常会考虑以下哪一因素？
A) 生产成本
B) 客户需求
C) 竞争对手定价
D) 产品生命周期

请根据这个问题提供思路。""提供的思路"":,以json格式返回","[""5分： 充分融合所有关键场景要素（如学生历史、学习偏好等），输出高度个性化，并与教学情境高度匹配。"", ""4分： 有效使用主要场景要素，回答具有针对性；可能遗漏少量细节，但不影响整体效果。"", ""3分： 使用了部分场景信息，但融合较浅；个性化程度或情境契合度一般。"", ""2分： 仅表层提及场景信息，未有效融合核心要素；与上下文连接较弱。"", ""1分： 完全忽视场景特定信息；输出通用、模板化，且与场景不相关。""]",2,2,zh,Scenario Element Integration,instruction_violation,instruction_violation,5,5,Idea Provision,Business Administration,Master,True,True,True,exact_metric_language,False,False,False,False,False,False,False,False,False,False,LOW,"问题：在进行市场细分时，企业通常会考虑以下哪一因素？\nA) 生产成本\nB) 客户需求\nC) 竞争对手定价\nD) 产品生命周期\n\n请根据这个问题提供思路。""提供的思路"":,以json格式返回","```json\n{\n  ""思路"": [\n    {\n      ""因素分析"": ""市场细分主要是为了更好地满足不同群体消费者的需求，从而提高产品的市场竞争力。因此，在考虑市场细分时，企业首先需要关注的是目标市场的特征。"",\n      ""选项A(生产成本)解释"": ""虽然控制生产成本是企业管理的重要方面之一，但它不是直接用于定义或选择市场细分的标准。生产成本更多地影响企业的定价策略和盈利能力。"",\n      ""选项B(客户需求)解释"": ""这是进行市场细分时最核心的因素之一。通过了解并区分不同客户群体的具体需求，企业能够更精准地定位产品和服务，进而开发出更加符合市场需求的产品。"",\n      ""选项C(竞争对手定价)解释"": ""虽然竞争对手的定价策略会影响企业的市场定位及价格设定，但这并不是市场细分的主要依据。它更多是在确定了目标市场后用来制定竞争策略的一个参考点。"",\n      ""选项D(产品生命周期)解释"": ""产品所处的生命阶段（如引入期、成长期、成熟期或衰退期）会影响营销策略的选择，但并不直接决定如何划分市场细分。不过，对于处在不同生命阶段的产品来说，其目标顾客群体可能会有所变化。"",\n      ""结论"": ""综上所述，在给出的四个选项中，'客户需求'（选项B）是最符合市场细分原则的因素。""\n    }\n  ]\n}\n```","[""5分： 充分融合所有关键场景要素（如学生历史、学习偏好等），输出高度个性化，并与教学情境高度匹配。"", ""4分： 有效使用主要场景要素，回答具有针对性；可能遗漏少量细节，但不影响整体效果。"", ""3分： 使用了部分场景信息，但融合较浅；个性化程度或情境契合度一般。"", ""2分： 仅表层提及场景信息，未有效融合核心要素；与上下文连接较弱。"", ""1分： 完全忽视场景特定信息；输出通用、模板化，且与场景不相关。""]",question_seed42/train source; dev/test question overlap forbidden; source answer reference only
b96_015,syn_880d8a0283ad35a2,11633abac0db317852b645fbe62eaa4a1338777c,train,results_merge.jsonl,859,578358b94591dcdb7b73304c5498c56a12d9c95d,76486d4244a79c1764e9d13862e752e5c00704f2,"Question: Which legal principle is primarily concerned with the prevention of double jeopardy in the United States?
Original Answer: The principle of stare decisis.
You are providing error-correction services for the student's response. Based on this question and the original answer, provide the ""Corrected Answer"" and ""Error Explanation"", in JSON format.","[""5: Fully integrated all key scenario elements (e.g., student history, learning preferences); output is highly personalized and well-matched to the teaching context."", ""4: Used major scenario elements effectively; response is targeted, possibly overlooks minor details but does not affect overall results."", ""3: Some use of scenario information, but integration is shallow; personalization or contextual fit is average."", ""2: Only surface-level reference to scenario information; did not integrate core elements effectively; weak contextual connection."", ""1: Completely ignored scenario-specific information; output is generic, templated, and irrelevant to the scenario.""]",2,2,en,Scenario Element Integration,scenario_mismatch,scenario_mismatch,5,5,Error Correction,Law,PhD,True,True,True,exact_metric_language,False,False,False,False,False,False,False,False,False,False,LOW,"Question: Which legal principle is primarily concerned with the prevention of double jeopardy in the United States?\nOriginal Answer: The principle of stare decisis.\nYou are providing error-correction services for the student's response. Based on this question and the original answer, provide the ""Corrected Answer"" and ""Error Explanation"", in JSON format.","{\n    ""Corrected Answer"": ""The Double Jeopardy Clause of the Fifth Amendment."",\n    ""Error Explanation"": ""Stare decisis refers to the principle of adhering to precedent in judicial decision-making, unrelated to double jeopardy. The legal principle preventing double jeopardy (being tried twice for the same offense) is explicitly enshrined in the Double Jeopardy Clause of the Fifth Amendment to the U.S. Constitution.""\n}","[""5: Fully integrated all key scenario elements (e.g., student history, learning preferences); output is highly personalized and well-matched to the teaching context."", ""4: Used major scenario elements effectively; response is targeted, possibly overlooks minor details but does not affect overall results."", ""3: Some use of scenario information, but integration is shallow; personalization or contextual fit is average."", ""2: Only surface-level reference to scenario information; did not integrate core elements effectively; weak contextual connection."", ""1: Completely ignored scenario-specific information; output is generic, templated, and irrelevant to the scenario.""]",question_seed42/train source; dev/test question overlap forbidden; source answer reference only
b96_016,syn_f6aa1ad7fcd811b9,155174eaaf6a56784110ae7776ec0790f7b86a5d,train,results_merge.jsonl,4605,45442251171c1d3111ce5a7fbf8f6ec696ceee0a,a5b74e26e4deddce8a4d2639b3f38a639ab8db79,"焦虑程度：重度焦虑
对话内容：学生：我最近总是觉得很害怕，语文课上也总是紧张，担心自己读不好。
智能体：我听到你的担心了，这种感觉很难受。能告诉我是什么让你特别害怕吗？
学生：我总觉得老师会批评我，还有同学们会笑话我。
智能体：感谢你的分享，这种担心确实让人很紧张。但我相信老师和同学们都希望你能进步，而不是批评或嘲笑你。你有没有尝试过和老师或家长聊聊这些感受呢？
请根据学生情绪状态和对话给出""情绪状态分析"":和""安慰与建议"":,以json格式返回","[""5分： 充分融合所有关键场景要素（如学生历史、学习偏好等），输出高度个性化，并与教学情境高度匹配。"", ""4分： 有效使用主要场景要素，回答具有针对性；可能遗漏少量细节，但不影响整体效果。"", ""3分： 使用了部分场景信息，但融合较浅；个性化程度或情境契合度一般。"", ""2分： 仅表层提及场景信息，未有效融合核心要素；与上下文连接较弱。"", ""1分： 完全忽视场景特定信息；输出通用、模板化，且与场景不相关。""]",3,3,zh,Scenario Element Integration,instruction_violation,instruction_violation,5,5,Emotional Support,Literature and Art,Master,True,True,True,exact_metric_language,False,False,False,False,False,False,False,False,False,False,LOW,"焦虑程度：重度焦虑\n对话内容：学生：我最近总是觉得很害怕，语文课上也总是紧张，担心自己读不好。\n智能体：我听到你的担心了，这种感觉很难受。能告诉我是什么让你特别害怕吗？\n学生：我总觉得老师会批评我，还有同学们会笑话我。\n智能体：感谢你的分享，这种担心确实让人很紧张。但我相信老师和同学们都希望你能进步，而不是批评或嘲笑你。你有没有尝试过和老师或家长聊聊这些感受呢？\n请根据学生情绪状态和对话给出""情绪状态分析"":和""安慰与建议"":,以json格式返回","```json\n{\n  ""情绪状态分析"": {\n    ""主要情绪"": [""紧张"", ""害怕"", ""担心被否定""],\n    ""具体表现"": [\n      ""对课堂朗读产生过度焦虑反应"",\n      ""存在预期性焦虑（提前担忧负面结果）"",\n      ""对他人评价过度敏感"",\n      ""可能存在自我价值感动摇""\n    ],\n    ""潜在认知模式"": [\n      ""灾难化思维（预设最坏结果）"",\n      ""读心倾向（假定他人负面评价）"",\n      ""全或无思维（认为表现必须完美）""\n    ]\n  },\n  ""安慰与建议"": {\n    ""即时安抚"": [\n      ""这种忐忑感是成长中的常见挑战，很多同学都有类似体验"",\n      ""你的勇气已经体现在愿意表达这份不安上"",\n      ""课堂表现≠个人价值，老师更关注的是你的学习态度""\n    ],\n    ""行为策略"": [\n      ""渐进暴露练习：先在小组成员面前朗读，逐步扩大听众范围"",\n      ""课前3分钟478呼吸法（吸气4秒-屏息7秒-呼气8秒）"",\n      ""准备专属能量词卡（如'我在进步'）置于课本扉页""\n    ],\n    ""认知调整"": [\n      ""制作'积极反馈记录本'，真实记录他人反应（发现与想象的差异）"",\n      ""区分'事实'与'想象'：列出朗读时实际发生的事/他人具体言行"",\n      ""用'暂时还没做到'替代'我做不好'的表述方式""\n    ],\n    ""支持系统建立...","[""5分： 充分融合所有关键场景要素（如学生历史、学习偏好等），输出高度个性化，并与教学情境高度匹配。"", ""4分： 有效使用主要场景要素，回答具有针对性；可能遗漏少量细节，但不影响整体效果。"", ""3分： 使用了部分场景信息，但融合较浅；个性化程度或情境契合度一般。"", ""2分： 仅表层提及场景信息，未有效融合核心要素；与上下文连接较弱。"", ""1分： 完全忽视场景特定信息；输出通用、模板化，且与场景不相关。""]",question_seed42/train source; dev/test question overlap forbidden; source answer reference only
b96_017,syn_47ae529de464a185,01ffcbf103c1dce7417ed4518a50fc19a77d1ee9,train,results_merge.jsonl,278,1aa181bce1f718f6c1980cd975c0621670e3e5c9,8652c499f71f11b90f80e5f607e632f1896a6108,"Student Profile: Student Profile: {'Name': 'Alex Johnson', 'Research Focus': 'Sustainable aquaculture practices in marine environments', 'Strengths': 'Strong analytical skills, proficient in data analysis software, excellent understanding of marine biology', 'Areas for Improvement': 'Academic writing, presentation skills', 'Learning Preferences': 'Prefers visual aids and hands-on experiments, enjoys collaborative projects'}
Based on the student profile, generate 'personalized learning content or tasks' for each student, returning the result in JSON format.","[""5: Highly personalized content/advice/feedback based on student level/traits/needs; resource and learning path suggestions are accurate, practical, and valuable."", ""4: Demonstrates some adaptation to student situation; provides relevant learning advice or resources with good utility."", ""3: Attempts personalization but with limited effectiveness; recommendations are generic and of limited value."", ""2: Little to no personalization; output is the same for everyone; learning support is insufficient or unrelated."", ""1: No personalization; output may conflict with student needs; offers no or incorrect learning support.""]",1,1,en,"Personalization, Adaptation & Learning Support",scenario_mismatch,scenario_mismatch,5,5,Personalized Learning Support,Aquaculture,PhD,True,True,True,exact_metric_language,False,False,False,False,False,False,False,False,False,False,LOW,"Student Profile: Student Profile: {'Name': 'Alex Johnson', 'Research Focus': 'Sustainable aquaculture practices in marine environments', 'Strengths': 'Strong analytical skills, proficient in data analysis software, excellent understanding of marine biology', 'Areas for Improvement': 'Academic writing, presentation skills', 'Learning Preferences': 'Prefers visual aids and hands-on experiments, enjoys collaborative projects'}\nBased on the student profile, generate 'personalized learning content or tasks' for each student, returning the result in JSON format.","```json\n{\n  ""personalized_learning_content"": [\n    {\n      ""task_title"": ""Literature Review on Sustainable Aquaculture Practices"",\n      ""description"": ""Conduct a comprehensive literature review on current sustainable aquaculture practices in marine environments. Focus on identifying gaps and emerging trends."",\n      ""resources"": [\n        ""Access to academic databases (e.g., ScienceDirect, JSTOR)"",\n        ""Guides on academic writing and structuring reviews"",\n        ""Examples of high-impact papers in marine biology""\n      ],\n      ""timeline"": ""3 weeks"",\n      ""outcome"": ""A 10-page draft literature review with annotated bibliography"",\n      ""category"": ""Academic Writing Impr...","[""5: Highly personalized content/advice/feedback based on student level/traits/needs; resource and learning path suggestions are accurate, practical, and valuable."", ""4: Demonstrates some adaptation to student situation; provides relevant learning advice or resources with good utility."", ""3: Attempts personalization but with limited effectiveness; recommendations are generic and of limited value."", ""2: Little to no personalization; output is the same for everyone; learning support is insufficient or unrelated."", ""1: No personalization; output may conflict with student needs; offers no or incorrect learning support.""]",question_seed42/train source; dev/test question overlap forbidden; source answer reference only
b96_018,syn_00da6f839dfb0de7,04d76b45dda841d0666b8746dc95021a138ec9c4,train,results_merge.jsonl,4532,722cfc9e7bb30f489a7ef180b5212de2e8b65630,926ee6cc736596157f4d36f17e06a74e598fba4f,"焦虑程度：中度焦虑
对话内容：学生：我觉得语文课好难，我总是记不住那些生字和课文。
智能体：我能理解你的感受，学习新东西有时候确实会让人感到压力。你觉得是哪个方面让你特别难记住？是生字还是课文内容？
学生：都有一点，我总是在考试的时候想不起来。
智能体：听起来你在考试的时候感到紧张，这可能影响了你的记忆。我们可以试试一些记忆技巧，比如分段记忆或者用故事来帮助记忆生字。
请根据学生情绪状态和对话给出""情绪状态分析"":和""安慰与建议"":,以json格式返回","[""5分： 非常好地根据学生水平/特点/需求提供了高度差异化的内容/建议/反馈；提供的学习路径/资源建议精准、实用且有价值。"", ""4分： 能根据学生情况进行一定程度的个性化调整，提供了相关的学习建议或资源，具有较好的参考价值。"", ""3分： 尝试进行个性化，但适应性不强，内容/建议差异不大；提供的学习支持比较通用，价值有限。"", ""2分： 几乎没有体现个性化适应，输出内容/建议对所有人都一样；学习支持不足或不相关。"", ""1分： 完全没有个性化考虑，输出内容可能与学生需求不符；未提供或提供了错误的学习支持。""]",1,1,zh,"Personalization, Adaptation & Learning Support",rubric_violation,rubric_violation,5,5,Emotional Support,Business Administration,Master,True,True,True,exact_metric_language,False,False,False,False,False,False,False,False,False,False,LOW,"焦虑程度：中度焦虑\n对话内容：学生：我觉得语文课好难，我总是记不住那些生字和课文。\n智能体：我能理解你的感受，学习新东西有时候确实会让人感到压力。你觉得是哪个方面让你特别难记住？是生字还是课文内容？\n学生：都有一点，我总是在考试的时候想不起来。\n智能体：听起来你在考试的时候感到紧张，这可能影响了你的记忆。我们可以试试一些记忆技巧，比如分段记忆或者用故事来帮助记忆生字。\n请根据学生情绪状态和对话给出""情绪状态分析"":和""安慰与建议"":,以json格式返回","```json\n{\n  ""情绪状态分析"": {\n    ""主要情绪"": ""中度焦虑"",\n    ""具体表现"": [\n      ""对语文学习感到困难，存在挫败感"",\n      ""存在记忆困难引发的自我怀疑"",\n      ""考试焦虑影响正常记忆提取"",\n      ""存在双重压力源（生字记忆和课文理解）""\n    ],\n    ""潜在心理需求"": [\n      ""需要学习方法的指导"",\n      ""渴望获得记忆能力认可"",\n      ""需要考试压力缓解策略"",\n      ""希望获得具体可操作的解决方案""\n    ]\n  },\n  ""安慰与建议"": {\n    ""情感支持"": [\n      ""你的感受非常正常，很多同学在语文学习过程中都会经历类似阶段"",\n      ""记忆需要过程，暂时的困难不代表学习能力问题"",\n      ""考试紧张是大脑的正常应激反应，我们可以通过训练来改善"",\n      ""你主动寻求帮助的态度本身就是解决问题的第一步""\n    ],\n    ""认知调整建议"": [\n      ""将大目标拆解为每天记忆5个生字的小目标"",\n      ""建立错字本记录常错汉字，用彩色笔标注易错部件"",\n      ""理解课文时先梳理框架结构，再填充细节内容"",\n      ""把记忆任务分散到日常，避免考前突击记忆""\n    ],\n    ""行为策略"": [\n      ""使用\'联想法记忆术\': 将生字拆解成熟悉部件编故事（如记\'森\'字想三个木桩）"",\n      ""实践\'费曼学习...","[""5分： 非常好地根据学生水平/特点/需求提供了高度差异化的内容/建议/反馈；提供的学习路径/资源建议精准、实用且有价值。"", ""4分： 能根据学生情况进行一定程度的个性化调整，提供了相关的学习建议或资源，具有较好的参考价值。"", ""3分： 尝试进行个性化，但适应性不强，内容/建议差异不大；提供的学习支持比较通用，价值有限。"", ""2分： 几乎没有体现个性化适应，输出内容/建议对所有人都一样；学习支持不足或不相关。"", ""1分： 完全没有个性化考虑，输出内容可能与学生需求不符；未提供或提供了错误的学习支持。""]",question_seed42/train source; dev/test question overlap forbidden; source answer reference only
b96_019,syn_e7ae50ef755e55c9,08e737f8db24a1815e8edc854498b561139dd553,train,results_merge.jsonl,62,8cdf1aba67fd11f6ef4d3de526d6c99b7ecebfd4,735d8c5854e3d24167396a9cf854413d457ff236,"{'Name': 'Alex Johnson', 'Age': 21, 'Current Education Level': 'Undergraduate', 'Current Skill Level': 'Intermediate', 'Learning Goals': ['Understand the application of economic theories in real-world scenarios', 'Improve quantitative analysis skills', 'Prepare for a career in economic policy analysis'], 'Weak Points': ['Econometric modeling', 'Macroeconomic policy analysis'], 'Study Habits': ['Prefers visual learning materials', 'Studies best in short, focused sessions', 'Enjoys group discussions']}
Based on the student profile, provide ""Learning Path Planning"" and ""Personalized Recommendations"", returned in JSON format.","[""5: Highly personalized content/advice/feedback based on student level/traits/needs; resource and learning path suggestions are accurate, practical, and valuable."", ""4: Demonstrates some adaptation to student situation; provides relevant learning advice or resources with good utility."", ""3: Attempts personalization but with limited effectiveness; recommendations are generic and of limited value."", ""2: Little to no personalization; output is the same for everyone; learning support is insufficient or unrelated."", ""1: No personalization; output may conflict with student needs; offers no or incorrect learning support.""]",1,1,en,"Personalization, Adaptation & Learning Support",scenario_mismatch,scenario_mismatch,5,5,Personalized Content Creation,Applied Economics,PhD,True,True,True,exact_metric_language,False,False,False,False,False,False,False,False,False,False,LOW,"{'Name': 'Alex Johnson', 'Age': 21, 'Current Education Level': 'Undergraduate', 'Current Skill Level': 'Intermediate', 'Learning Goals': ['Understand the application of economic theories in real-world scenarios', 'Improve quantitative analysis skills', 'Prepare for a career in economic policy analysis'], 'Weak Points': ['Econometric modeling', 'Macroeconomic policy analysis'], 'Study Habits': ['Prefers visual learning materials', 'Studies best in short, focused sessions', 'Enjoys group discussions']}\nBased on the student profile, provide ""Learning Path Planning"" and ""Personalized Recommendations"", returned in JSON format.","```json\n{\n  ""Learning Path Planning"": {\n    ""Phase 1: Foundational Knowledge (Weeks 1-4)"": {\n      ""Focus Areas"": [\n        ""Econometric Modeling Basics"",\n        ""Macroeconomic Policy Frameworks""\n      ],\n      ""Resources"": [\n        ""Coursera: 'Basic Econometrics' by University of Amsterdam (visual lectures)"",\n        ""Textbook: 'Introductory Econometrics: A Modern Approach' by Jeffrey Wooldridge"",\n        ""Khan Academy: Macroeconomic Policy Modules (short video-based lessons)""\n      ],\n      ""Weekly Goals"": [\n        ""Complete 3-4 short video modules on econometric concepts"",\n        ""Solve 1-2 quantitative problem sets weekly"",\n        ""Join a study group for macroecon...","[""5: Highly personalized content/advice/feedback based on student level/traits/needs; resource and learning path suggestions are accurate, practical, and valuable."", ""4: Demonstrates some adaptation to student situation; provides relevant learning advice or resources with good utility."", ""3: Attempts personalization but with limited effectiveness; recommendations are generic and of limited value."", ""2: Little to no personalization; output is the same for everyone; learning support is insufficient or unrelated."", ""1: No personalization; output may conflict with student needs; offers no or incorrect learning support.""]",question_seed42/train source; dev/test question overlap forbidden; source answer reference only
b96_020,syn_af7996a071bf4b15,1423dde0d7abfc1c87c375cfee5abfffd2956075,train,results_merge.jsonl,2974,146b2dc09c3ee483b0b899e1eff2aed8f9f80520,fb842ec634db2fd1d3661a45d31619b65bd3d401,"学生画像：学生的画像：{'姓名': '李明', '年级': '大二', '专业': '数学与应用数学', '学习风格': '视觉学习者，喜欢利用图表和图形理解概念', '学习目标': '提高微积分和线性代数的应用能力', '学习挑战': '在抽象概念的理解上有所困难，需要更多实际应用的例子'}
请根据学生画像，为每位学生生成 ‘个性化的学习内容或任务’:,以json格式返回","[""5分： 非常好地根据学生水平/特点/需求提供了高度差异化的内容/建议/反馈；提供的学习路径/资源建议精准、实用且有价值。"", ""4分： 能根据学生情况进行一定程度的个性化调整，提供了相关的学习建议或资源，具有较好的参考价值。"", ""3分： 尝试进行个性化，但适应性不强，内容/建议差异不大；提供的学习支持比较通用，价值有限。"", ""2分： 几乎没有体现个性化适应，输出内容/建议对所有人都一样；学习支持不足或不相关。"", ""1分： 完全没有个性化考虑，输出内容可能与学生需求不符；未提供或提供了错误的学习支持。""]",1,1,zh,"Personalization, Adaptation & Learning Support",rubric_violation,rubric_violation,5,5,Personalized Learning Support,Mathematics,Undergraduate,True,True,True,exact_metric_language,False,False,False,False,False,False,False,False,False,False,LOW,"学生画像：学生的画像：{'姓名': '李明', '年级': '大二', '专业': '数学与应用数学', '学习风格': '视觉学习者，喜欢利用图表和图形理解概念', '学习目标': '提高微积分和线性代数的应用能力', '学习挑战': '在抽象概念的理解上有所困难，需要更多实际应用的例子'}\n请根据学生画像，为每位学生生成 ‘个性化的学习内容或任务’:,以json格式返回","```json\n{\n  ""student_name"": ""李明"",\n  ""grade"": ""大二"",\n  ""major"": ""数学与应用数学"",\n  ""personalized_learning_content"": [\n    {\n      ""主题"": ""微积分应用强化"",\n      ""学习资料"": [\n        ""《可视化微积分》电子书（含动态图形解释积分与导数的物理意义）"",\n        ""MIT公开课：微积分在工程中的实际案例（视频+图表）""\n      ],\n      ""任务"": [\n        {\n          ""类型"": ""图表分析"",\n          ""描述"": ""用GeoGebra绘制函数图像，分析其导数/积分的变化趋势，并总结图像与公式的关系"",\n          ""目标"": ""通过视觉化工具强化导数与积分的几何意义""\n        },\n        {\n          ""类型"": ""实际应用题"",\n          ""描述"": ""计算旋转体体积（结合3D建模软件观察结果），撰写一份关于结果与实际工程应用关联的简报"",\n          ""案例"": ""矿泉水瓶身曲线设计中的积分原理""\n        }\n      ],\n      ""挑战支持"": [\n        ""提供质心计算动画（从抽象公式到物体平衡点的可视化过渡）"",\n        ""机械臂运动轨迹微积分分析案例库（20+可视化实例）""\n      ],\n      ""周期"": ""2周"",\...","[""5分： 非常好地根据学生水平/特点/需求提供了高度差异化的内容/建议/反馈；提供的学习路径/资源建议精准、实用且有价值。"", ""4分： 能根据学生情况进行一定程度的个性化调整，提供了相关的学习建议或资源，具有较好的参考价值。"", ""3分： 尝试进行个性化，但适应性不强，内容/建议差异不大；提供的学习支持比较通用，价值有限。"", ""2分： 几乎没有体现个性化适应，输出内容/建议对所有人都一样；学习支持不足或不相关。"", ""1分： 完全没有个性化考虑，输出内容可能与学生需求不符；未提供或提供了错误的学习支持。""]",question_seed42/train source; dev/test question overlap forbidden; source answer reference only
b96_021,syn_c8c307bb996ffe32,1053c1426805e4c357d435c86b7e1943f1407d10,train,results_merge.jsonl,2456,abe822573a551a67d264f0c08aca2db02c10a1d1,34d4451feb2e84a0f43759669b3c737ae456945c,"Anxiety Level: Moderate Anxiety
Dialogue with Student: [""Agent: Hey there! How's your day going?"", ""Student: Hi, it's been a bit stressful honestly. I'm trying to keep up with my Physics coursework."", ""Agent: I understand. Physics can be challenging. What's been the most stressful part for you?"", ""Student: It's mainly the problem-solving part. I get anxious when I can't find the right solution quickly."", ""Agent: It's completely normal to feel that way. Physics problems can be complex and require time to think through. Have you tried breaking them into smaller parts?"", 'Student: I usually try to, but sometimes I get stuck and it feels overwhelming.', ""Agent: That's a common hurdle. Maybe you could set aside specific times for problem-solving to help manage the stress. Have you considered study groups or asking for help from your peers or professors?"", ""Student: I've thought about study groups but I'm not sure how effective they'd be."", 'Agent: Study groups can be really beneficial as they offer different perspectives and explanations. Plus, discussing problems with others might make them seem less daunting. It could be worth trying.']
Based on the student's emotional state and conversation, provide ""Emotional State Analysis"" and ""Comfort & Advice"", in JSON format.","[""5: Highly personalized content/advice/feedback based on student level/traits/needs; resource and learning path suggestions are accurate, practical, and valuable."", ""4: Demonstrates some adaptation to student situation; provides relevant learning advice or resources with good utility."", ""3: Attempts personalization but with limited effectiveness; recommendations are generic and of limited value."", ""2: Little to no personalization; output is the same for everyone; learning support is insufficient or unrelated."", ""1: No personalization; output may conflict with student needs; offers no or incorrect learning support.""]",2,2,en,"Personalization, Adaptation & Learning Support",scenario_mismatch,scenario_mismatch,5,5,Emotional Support,Physics,Undergraduate,True,True,True,exact_metric_language,False,False,False,False,False,False,False,False,False,False,LOW,"Anxiety Level: Moderate Anxiety\nDialogue with Student: [""Agent: Hey there! How's your day going?"", ""Student: Hi, it's been a bit stressful honestly. I'm trying to keep up with my Physics coursework."", ""Agent: I understand. Physics can be challenging. What's been the most stressful part for you?"", ""Student: It's mainly the problem-solving part. I get anxious when I can't find the right solution quickly."", ""Agent: It's completely normal to feel that way. Physics problems can be complex and require time to think through. Have you tried breaking them into smaller parts?"", 'Student: I usually try to, but sometimes I get stuck and it feels overwhelming.', ""Agent: That's a common hurdle. Maybe ...","```json\n{\n  ""Emotional State Analysis"": {\n    ""Anxiety Level"": ""Moderate Anxiety"",\n    ""Primary Emotions"": [""Stress"", ""Frustration"", ""Overwhelm"", ""Uncertainty""],\n    ""Triggers"": [\n      ""Difficulty in solving physics problems efficiently"",\n      ""Perceived pressure to find solutions quickly"",\n      ""Feeling stuck in problem-solving process"",\n      ""Ambivalence about effectiveness of study groups""\n    ],\n    ""Cognitive Patterns"": [\n      ""All-or-nothing thinking about problem-solving success"",\n      ""Time pressure anxiety impacting performance"",\n      ""Social hesitation in seeking academic support"",\n      ""Task magnification of complex problems""\n    ]\n  },\n  ""Comfort & Ad...","[""5: Highly personalized content/advice/feedback based on student level/traits/needs; resource and learning path suggestions are accurate, practical, and valuable."", ""4: Demonstrates some adaptation to student situation; provides relevant learning advice or resources with good utility."", ""3: Attempts personalization but with limited effectiveness; recommendations are generic and of limited value."", ""2: Little to no personalization; output is the same for everyone; learning support is insufficient or unrelated."", ""1: No personalization; output may conflict with student needs; offers no or incorrect learning support.""]",question_seed42/train source; dev/test question overlap forbidden; source answer reference only
b96_022,syn_0a7492bf081b6d27,1542a126573fe9fb529144e2c05d95d0df8d99e5,train,results_merge.jsonl,5332,d3122422d778a7a742755c5826d1c14073802199,42b747840a41f02d8ec78ea0a8bcffa3adf95718,"{'姓名': '李明', '年级': '大二', '专业': '法学', '已修课程': ['法理学', '宪法学', '民法总论'], '学习目标': '提高刑法理解，准备国家司法考试', '学习习惯': '通过案例分析学习，较少参加讨论，习惯阅读教科书', '薄弱点': '刑法条文的具体应用和理解'}
请根据学生画像给出""学习路径规划建议"":和""个性化意见生成"":,以json格式返回","[""5分： 非常好地根据学生水平/特点/需求提供了高度差异化的内容/建议/反馈；提供的学习路径/资源建议精准、实用且有价值。"", ""4分： 能根据学生情况进行一定程度的个性化调整，提供了相关的学习建议或资源，具有较好的参考价值。"", ""3分： 尝试进行个性化，但适应性不强，内容/建议差异不大；提供的学习支持比较通用，价值有限。"", ""2分： 几乎没有体现个性化适应，输出内容/建议对所有人都一样；学习支持不足或不相关。"", ""1分： 完全没有个性化考虑，输出内容可能与学生需求不符；未提供或提供了错误的学习支持。""]",2,2,zh,"Personalization, Adaptation & Learning Support",rubric_violation,rubric_violation,5,5,Personalized Content Creation,Law,Undergraduate,True,True,True,exact_metric_language,False,False,False,False,False,False,False,False,False,False,LOW,"{'姓名': '李明', '年级': '大二', '专业': '法学', '已修课程': ['法理学', '宪法学', '民法总论'], '学习目标': '提高刑法理解，准备国家司法考试', '学习习惯': '通过案例分析学习，较少参加讨论，习惯阅读教科书', '薄弱点': '刑法条文的具体应用和理解'}\n请根据学生画像给出""学习路径规划建议"":和""个性化意见生成"":,以json格式返回","```json\n{\n  ""学习路径规划建议"": [\n    {\n      ""阶段"": ""基础巩固"",\n      ""内容"": [\n        ""系统学习《刑法总论》与《刑法分论》，结合司法考试大纲梳理核心知识点"",\n        ""每日精读《刑法学》权威教材（如张明楷《刑法学》），配合《刑法条文及司法解释》逐条解析"",\n        ""完成配套基础练习题（推荐《司法考试刑法通关题库》）""\n      ]\n    },\n    {\n      ""阶段"": ""案例强化（第2-3个月）"",\n      ""内容"": [\n        ""研读《刑事审判参考》经典案例集，重点分析犯罪构成要件与量刑情节"",\n        ""建立案例笔记库：按罪名分类整理争议焦点与裁判要旨"",\n        ""每周完成3个复杂案例的文书写作训练""\n      ]\n    },\n    {\n      ""阶段"": ""真题突破（第4-5个月）"",\n      ""内容"": [\n        ""近五年司法考试真题专项训练（刑法部分）"",\n        ""制作错题本：标注涉及法条理解偏差的题目"",\n        ""参加模考分析会（推荐觉晓法考/竹马法考线上模考）""\n      ]\n    },\n    {\n      ""阶段"": ""冲刺提升（考前1个月）"",\n      ""内容"": [\n        ""重点记忆《刑法修正案》新规与高频考点"",\n        ""进行案例速裁训练：30分钟内完成事实归纳与法条定位"",\n     ...","[""5分： 非常好地根据学生水平/特点/需求提供了高度差异化的内容/建议/反馈；提供的学习路径/资源建议精准、实用且有价值。"", ""4分： 能根据学生情况进行一定程度的个性化调整，提供了相关的学习建议或资源，具有较好的参考价值。"", ""3分： 尝试进行个性化，但适应性不强，内容/建议差异不大；提供的学习支持比较通用，价值有限。"", ""2分： 几乎没有体现个性化适应，输出内容/建议对所有人都一样；学习支持不足或不相关。"", ""1分： 完全没有个性化考虑，输出内容可能与学生需求不符；未提供或提供了错误的学习支持。""]",question_seed42/train source; dev/test question overlap forbidden; source answer reference only
b96_023,syn_f14aa5019e1dfc84,11c53e15f5b4879c3522cfd481f08136a177c8ec,train,results_merge.jsonl,415,ebf6383ccf11081172d762d21b7079671bd2437d,afa3753cbe106ab8b30a90d3c9c32e49f7fe62d6,"Student Profile: Student Profile: {'Name': 'Alex Johnson', 'Age': 24, 'Background': ""Alex has a Bachelor's degree in Sports Science and is currently pursuing a Master's in Physical Education. He is particularly interested in biomechanics and sports psychology."", 'Learning Style': 'Visual and kinesthetic learner, prefers hands-on activities and graphical representations.', 'Goals': 'To deepen understanding of biomechanics and apply sports psychology techniques in coaching.'}
Based on the student profile, generate 'personalized learning content or tasks' for each student, returning the result in JSON format.","[""5: Highly personalized content/advice/feedback based on student level/traits/needs; resource and learning path suggestions are accurate, practical, and valuable."", ""4: Demonstrates some adaptation to student situation; provides relevant learning advice or resources with good utility."", ""3: Attempts personalization but with limited effectiveness; recommendations are generic and of limited value."", ""2: Little to no personalization; output is the same for everyone; learning support is insufficient or unrelated."", ""1: No personalization; output may conflict with student needs; offers no or incorrect learning support.""]",2,2,en,"Personalization, Adaptation & Learning Support",scenario_mismatch,scenario_mismatch,5,5,Personalized Learning Support,Physical Education,Master,True,True,True,exact_metric_language,False,False,False,False,False,False,False,False,False,False,LOW,"Student Profile: Student Profile: {'Name': 'Alex Johnson', 'Age': 24, 'Background': ""Alex has a Bachelor's degree in Sports Science and is currently pursuing a Master's in Physical Education. He is particularly interested in biomechanics and sports psychology."", 'Learning Style': 'Visual and kinesthetic learner, prefers hands-on activities and graphical representations.', 'Goals': 'To deepen understanding of biomechanics and apply sports psychology techniques in coaching.'}\nBased on the student profile, generate 'personalized learning content or tasks' for each student, returning the result in JSON format.","```json\n{\n  ""personalized_learning_content"": [\n    {\n      ""topic"": ""Biomechanics"",\n      ""activity"": ""Interactive 3D modeling of human movement"",\n      ""description"": ""Use a 3D modeling software to visualize and analyze different human movements. Focus on joint angles, muscle activation, and force distribution."",\n      ""resources"": [\n        ""3D modeling software (e.g., Blender, Maya)"",\n        ""Biomechanics textbooks"",\n        ""Online tutorials on 3D modeling""\n      ]\n    },\n    {\n      ""topic"": ""Sports Psychology"",\n      ""activity"": ""Case study analysis and role-playing"",\n      ""description"": ""Analyze case studies of athletes facing psychological challenges. Role-play a...","[""5: Highly personalized content/advice/feedback based on student level/traits/needs; resource and learning path suggestions are accurate, practical, and valuable."", ""4: Demonstrates some adaptation to student situation; provides relevant learning advice or resources with good utility."", ""3: Attempts personalization but with limited effectiveness; recommendations are generic and of limited value."", ""2: Little to no personalization; output is the same for everyone; learning support is insufficient or unrelated."", ""1: No personalization; output may conflict with student needs; offers no or incorrect learning support.""]",question_seed42/train source; dev/test question overlap forbidden; source answer reference only
b96_024,syn_6ecac000b63bd677,1d591637c0cb75eefc0b66b1df765efdfbcf8bd4,train,results_merge.jsonl,4661,7bcce56b9c5f9460e6b19df4a0a7f969e5ff21ad,0918de99c260f6a607cfae4a347f02e011be1ac0,"焦虑级别：重度焦虑
对话内容：[{'学生': '最近我总觉得压力特别大，尤其是物理课的时候，只要想到学习物理就特别焦虑。'}, {'助理': '我听到你似乎在为物理课感到担心。能不能具体说一下是什么让你特别焦虑呢？'}, {'学生': '我一直觉得物理很难，对于公式和计算都不太理解，而且考试的时候总是出错。'}, {'助理': '理解复杂的概念确实会让人感到困难。考试可能让这些压力加剧。你在物理课上有没有特别困难的部分？'}, {'学生': '是的，尤其是电磁学部分。我总是搞不清楚怎么用公式解决问题。'}, {'助理': '电磁学的公式确实需要理解和练习。我们可以从练习基本概念和公式的应用开始吗？这可能会帮助减轻你的压力。'}]
请根据学生情绪状态和对话给出""情绪状态分析"":和""安慰与建议"":,以json格式返回","[""5分： 非常好地根据学生水平/特点/需求提供了高度差异化的内容/建议/反馈；提供的学习路径/资源建议精准、实用且有价值。"", ""4分： 能根据学生情况进行一定程度的个性化调整，提供了相关的学习建议或资源，具有较好的参考价值。"", ""3分： 尝试进行个性化，但适应性不强，内容/建议差异不大；提供的学习支持比较通用，价值有限。"", ""2分： 几乎没有体现个性化适应，输出内容/建议对所有人都一样；学习支持不足或不相关。"", ""1分： 完全没有个性化考虑，输出内容可能与学生需求不符；未提供或提供了错误的学习支持。""]",3,3,zh,"Personalization, Adaptation & Learning Support",rubric_violation,rubric_violation,5,5,Emotional Support,Physics,High School,True,True,True,exact_metric_language,False,False,False,False,False,False,False,False,False,False,LOW,"焦虑级别：重度焦虑\n对话内容：[{'学生': '最近我总觉得压力特别大，尤其是物理课的时候，只要想到学习物理就特别焦虑。'}, {'助理': '我听到你似乎在为物理课感到担心。能不能具体说一下是什么让你特别焦虑呢？'}, {'学生': '我一直觉得物理很难，对于公式和计算都不太理解，而且考试的时候总是出错。'}, {'助理': '理解复杂的概念确实会让人感到困难。考试可能让这些压力加剧。你在物理课上有没有特别困难的部分？'}, {'学生': '是的，尤其是电磁学部分。我总是搞不清楚怎么用公式解决问题。'}, {'助理': '电磁学的公式确实需要理解和练习。我们可以从练习基本概念和公式的应用开始吗？这可能会帮助减轻你的压力。'}]\n请根据学生情绪状态和对话给出""情绪状态分析"":和""安慰与建议"":,以json格式返回","```json\n{\n  ""情绪状态分析"": {\n    ""焦虑级别"": ""重度焦虑"",\n    ""主要触发因素"": [\n      ""对物理学科的自我怀疑与挫败感"",\n      ""电磁学公式应用困难导致的认知压力"",\n      ""考试失误引发的预期性焦虑""\n    ],\n    ""心理状态特征"": [\n      ""长期积累的学科挫败感"",\n      ""特定知识模块的习得性无助"",\n      ""考试场景的条件反射式紧张"",\n      ""认知资源过度消耗导致的注意力涣散""\n    ]\n  },\n  ""安慰与建议"": {\n    ""认知重构"": [\n      ""肯定学习动机：'你在面对困难时仍然坚持学习，这本身就是值得肯定的品质'"",\n      ""重构错误认知：'公式应用失误是建立深层理解的必经过程，爱因斯坦也曾说成功是失败到成功的99次尝试'""\n    ],\n    ""学习策略"": [\n      ""构建知识图谱：建议用思维导图将电磁学公式与生活实例连接，例如用手机充电理解电磁感应"",\n      ""分步解题训练：采用'问题拆解法'，将复杂题目分解为已知条件梳理→公式匹配→单位检验→结果验证四个步骤"",\n      ""错题深度分析：建立'错误类型日志'，区分计算错误、公式误用、概念混淆三类问题并针对性突破""\n    ],\n    ""压力管理"": [\n      ""渐进式暴露训练：从课后例题→单元练习→模拟考试分阶段进行适应性训练"",\n      ""正念练习法：解题前进行1分钟深呼吸（4-7-8呼吸法），建...","[""5分： 非常好地根据学生水平/特点/需求提供了高度差异化的内容/建议/反馈；提供的学习路径/资源建议精准、实用且有价值。"", ""4分： 能根据学生情况进行一定程度的个性化调整，提供了相关的学习建议或资源，具有较好的参考价值。"", ""3分： 尝试进行个性化，但适应性不强，内容/建议差异不大；提供的学习支持比较通用，价值有限。"", ""2分： 几乎没有体现个性化适应，输出内容/建议对所有人都一样；学习支持不足或不相关。"", ""1分： 完全没有个性化考虑，输出内容可能与学生需求不符；未提供或提供了错误的学习支持。""]",question_seed42/train source; dev/test question overlap forbidden; source answer reference only
b96_025,syn_a6800b496cebf41c,0437d0cfa0dce66ccca098964dc8a1bba6a151b5,train,results_merge.jsonl,2039,d0434a705d581d2aebdcf53be8acafc5da9b8e4e,6a85b988db97e39288a11174aedf1ded54fdb247,"Question: Explain how plate tectonics can lead to the formation of mountains.

Please provide reasoning based on this question. Do not provide the answer directly.. ""Reasoning Provided"":, return in JSON format","[""5: Skillfully designed to promote critical/creative thinking, problem-solving, or transfer of knowledge (e.g., through open-ended questions, comparative analysis, case study, project-based tasks)."", ""4: Includes guiding questions or moderately challenging tasks that positively support the development of higher-order thinking (e.g., analysis, evaluation, application)."", ""3: Some attempt to encourage higher-order thinking (e.g., simple reflective questions), but limited in depth and scope; mainly focused on rote understanding or basic application."", ""2: Interaction/content mostly revolves around memory and comprehension; rarely addresses higher-order thinking tasks."", ""1: Completely ignores higher-order skill development; encourages rote memorization and repetition; may inhibit thinking flexibility.""]",1,1,en,Higher-Order Thinking & Skill Development,reasoning_gap,reasoning_gap,5,5,Idea Provision,Geography,High School,True,True,True,exact_metric_language,False,False,False,False,False,False,False,False,False,False,LOW,"Question: Explain how plate tectonics can lead to the formation of mountains.\n\nPlease provide reasoning based on this question. Do not provide the answer directly.. ""Reasoning Provided"":, return in JSON format","{\n  ""reasoning"": ""Plate tectonics refers to the movement of Earth's lithospheric plates, which are large segments of the Earth's crust and uppermost mantle. These plates float on the semi-fluid asthenosphere beneath them and move relative to each other. The formation of mountains through plate tectonics involves several key processes. When two tectonic plates collide, one is often forced under the other in a process called subduction. As these plates converge, the denser oceanic plate (if one exists) sinks into the Earth's mantle, creating a subduction zone. This sinking causes the other, less dense plate to be pushed upwards, leading to the uplift of the land and eventually the formatio...","[""5: Skillfully designed to promote critical/creative thinking, problem-solving, or transfer of knowledge (e.g., through open-ended questions, comparative analysis, case study, project-based tasks)."", ""4: Includes guiding questions or moderately challenging tasks that positively support the development of higher-order thinking (e.g., analysis, evaluation, application)."", ""3: Some attempt to encourage higher-order thinking (e.g., simple reflective questions), but limited in depth and scope; mainly focused on rote understanding or basic application."", ""2: Interaction/content mostly revolves around memory and comprehension; rarely addresses higher-order thinking tasks."", ""1: Completely ignor...",question_seed42/train source; dev/test question overlap forbidden; source answer reference only
b96_026,syn_47af61777670fce4,0fb5d1f2993ec7e5eeb9711205c1dd42c95bdead,train,results_merge.jsonl,2960,5716978a3618c9e286a620853ddab7a187290c08,41be784e467c8f84573fc8781ca7f9f8011bac6f,"学生画像：学生的画像：{'姓名': '李华', '年龄': 24, '背景': '教育学本科毕业，擅长理论分析，对实践策略较弱', '学习目标': '深入理解教育学原理，提升实践应用能力', '兴趣爱好': '阅读教育学相关书籍，参与教育实验项目'}
请根据学生画像，为每位学生生成 ‘个性化的学习内容或任务’:,以json格式返回","[""5分： 交互或内容设计巧妙，能显著促进学生的批判性思维、创新思维、问题解决或知识迁移应用能力（例如通过开放性问题、对比分析、案例探究、项目式任务等）。"", ""4分： 能提出引导性问题或设计有一定挑战性的任务，对培养学生的高阶思维和能力（如分析、评估、应用）有积极作用。"", ""3分： 在促进高阶思维方面有所尝试（如提出一些简单的思考题），但深度和广度有限，效果不明显，整体仍偏重知识复述或简单应用。"", ""2分： 交互或内容主要停留在基础知识记忆和理解层面，很少或未能涉及需要高阶思维的活动或问题。"", ""1分： 完全忽视高阶思维培养，仅限于死记硬背或简单重复，甚至可能因提供过于简化或固化的答案而阻碍思维发展。""]",1,1,zh,Higher-Order Thinking & Skill Development,superficial_fluency,superficial_fluency,5,5,Personalized Learning Support,General Pedagogy,Master,True,True,True,exact_metric_language,False,False,False,False,False,False,False,False,False,False,LOW,"学生画像：学生的画像：{'姓名': '李华', '年龄': 24, '背景': '教育学本科毕业，擅长理论分析，对实践策略较弱', '学习目标': '深入理解教育学原理，提升实践应用能力', '兴趣爱好': '阅读教育学相关书籍，参与教育实验项目'}\n请根据学生画像，为每位学生生成 ‘个性化的学习内容或任务’:,以json格式返回","根据提供的学生画像，为李华设计的个性化学习内容或任务如下：\n\n```json\n{\n  ""姓名"": ""李华"",\n  ""年龄"": 24,\n  ""背景"": ""教育学本科毕业，擅长理论分析，对实践策略较弱"",\n  ""学习目标"": ""深入理解教育学原理，提升实践应用能力"",\n  ""兴趣爱好"": ""阅读教育学相关书籍，参与教育实验项目"",\n  ""个性化学习内容或任务"": [\n    {\n      ""类型"": ""理论深化"",\n      ""描述"": ""选取一本关于现代教育理论与发展趋势的专业书籍进行研读，并撰写一篇不少于3000字的心得体会。"",\n      ""目的"": ""加深对当前教育领域最新研究成果的理解，促进批判性思维的发展。""\n    },\n    {\n      ""类型"": ""案例研究"",\n      ""描述"": ""选择一个国内外成功的教育改革案例作为研究对象，通过文献回顾、数据分析等方式探究其成功要素及可借鉴之处。"",\n      ""目的"": ""将理论知识与实际案例相结合，增强解决现实问题的能力。""\n    },\n    {\n      ""类型"": ""实践活动"",\n      ""描述"": ""加入当地一所学校的志愿者团队，在指导老师的帮助下参与到课堂教学中去，尝试运用所学知识设计并实施一次小规模的教学活动。"",\n      ""目的"": ""直接体验一线教师的工作状态，提高教学设计和执行的实际操作技能。""\n    },\n    {\n      ""类型"": ""反思日志"",\n      ""描述"": ""每次完成上述任一任务后都需撰...","[""5分： 交互或内容设计巧妙，能显著促进学生的批判性思维、创新思维、问题解决或知识迁移应用能力（例如通过开放性问题、对比分析、案例探究、项目式任务等）。"", ""4分： 能提出引导性问题或设计有一定挑战性的任务，对培养学生的高阶思维和能力（如分析、评估、应用）有积极作用。"", ""3分： 在促进高阶思维方面有所尝试（如提出一些简单的思考题），但深度和广度有限，效果不明显，整体仍偏重知识复述或简单应用。"", ""2分： 交互或内容主要停留在基础知识记忆和理解层面，很少或未能涉及需要高阶思维的活动或问题。"", ""1分： 完全忽视高阶思维培养，仅限于死记硬背或简单重复，甚至可能因提供过于简化或固化的答案而阻碍思维发展。""]",question_seed42/train source; dev/test question overlap forbidden; source answer reference only
b96_027,syn_914b7d75f45a1c1c,0c565fb8689ee4cdba485a2afd688bad83211f0f,train,results_merge.jsonl,2112,4b7847704a3dc1006abb3da56e5c9ea85f660421,9f7d1e382283d7acf8c6c9113cf67d924ae9db02,"Question: Explain the physiological effects of aerobic exercise on the body's cardiovascular system.

Please provide reasoning based on this question. Do not provide the answer directly.. ""Reasoning Provided"":, return in JSON format","[""5: Skillfully designed to promote critical/creative thinking, problem-solving, or transfer of knowledge (e.g., through open-ended questions, comparative analysis, case study, project-based tasks)."", ""4: Includes guiding questions or moderately challenging tasks that positively support the development of higher-order thinking (e.g., analysis, evaluation, application)."", ""3: Some attempt to encourage higher-order thinking (e.g., simple reflective questions), but limited in depth and scope; mainly focused on rote understanding or basic application."", ""2: Interaction/content mostly revolves around memory and comprehension; rarely addresses higher-order thinking tasks."", ""1: Completely ignores higher-order skill development; encourages rote memorization and repetition; may inhibit thinking flexibility.""]",1,1,en,Higher-Order Thinking & Skill Development,reasoning_gap,reasoning_gap,5,5,Idea Provision,Physical Education,Undergraduate,True,True,True,exact_metric_language,False,False,False,False,False,False,False,False,False,False,LOW,"Question: Explain the physiological effects of aerobic exercise on the body's cardiovascular system.\n\nPlease provide reasoning based on this question. Do not provide the answer directly.. ""Reasoning Provided"":, return in JSON format","{\n  ""reasoning"": [\n    {\n      ""point"": ""Understanding the cardiovascular system's role"",\n      ""explanation"": ""To explain the physiological effects of aerobic exercise on the body's cardiovascular system, one must first recognize the primary functions of this system, which include circulating blood throughout the body to deliver oxygen and nutrients to cells and remove waste products. This sets the stage for understanding how exercise impacts these processes.""\n    },\n    {\n      ""point"": ""Impact on heart rate and stroke volume"",\n      ""explanation"": ""During aerobic exercise, there is an immediate increase in the demand for oxygen by the muscles. This leads to a rise in heart rate...","[""5: Skillfully designed to promote critical/creative thinking, problem-solving, or transfer of knowledge (e.g., through open-ended questions, comparative analysis, case study, project-based tasks)."", ""4: Includes guiding questions or moderately challenging tasks that positively support the development of higher-order thinking (e.g., analysis, evaluation, application)."", ""3: Some attempt to encourage higher-order thinking (e.g., simple reflective questions), but limited in depth and scope; mainly focused on rote understanding or basic application."", ""2: Interaction/content mostly revolves around memory and comprehension; rarely addresses higher-order thinking tasks."", ""1: Completely ignor...",question_seed42/train source; dev/test question overlap forbidden; source answer reference only
b96_028,syn_7ffe1cedf9b1813c,1306af08bd266c0cc70dcc32663b886f43ad6d58,train,results_merge.jsonl,4295,a14dd4244f84330a2a60fd7f7cbd5a3786581d31,e232d189362a79068f6407a200b7d1ba63109bc4,"知识点：社会认同理论
请根据这个知识点给出""教学素材"":教学素材需要包括教学目标、重点难点、课堂活动设计等,以json格式返回","[""5分： 交互或内容设计巧妙，能显著促进学生的批判性思维、创新思维、问题解决或知识迁移应用能力（例如通过开放性问题、对比分析、案例探究、项目式任务等）。"", ""4分： 能提出引导性问题或设计有一定挑战性的任务，对培养学生的高阶思维和能力（如分析、评估、应用）有积极作用。"", ""3分： 在促进高阶思维方面有所尝试（如提出一些简单的思考题），但深度和广度有限，效果不明显，整体仍偏重知识复述或简单应用。"", ""2分： 交互或内容主要停留在基础知识记忆和理解层面，很少或未能涉及需要高阶思维的活动或问题。"", ""1分： 完全忽视高阶思维培养，仅限于死记硬背或简单重复，甚至可能因提供过于简化或固化的答案而阻碍思维发展。""]",1,1,zh,Higher-Order Thinking & Skill Development,superficial_fluency,superficial_fluency,5,5,Teaching Material Generation,Psychology,Master,True,True,True,exact_metric_language,False,False,False,False,False,False,False,False,False,False,LOW,"知识点：社会认同理论\n请根据这个知识点给出""教学素材"":教学素材需要包括教学目标、重点难点、课堂活动设计等,以json格式返回","```json\n{\n  ""教学目标"": {\n    ""知识目标"": ""理解社会认同理论的基本概念和主要观点。"",\n    ""能力目标"": ""能够分析不同情境下个体如何通过社会认同来形成自我概念。"",\n    ""情感目标"": ""培养学生对社会现象的好奇心，鼓励学生思考个人与群体的关系。""\n  },\n  ""重点难点"": {\n    ""重点"": ""1. 社会认同理论的核心概念：社会身份、群体间差异、群体内相似性。\n2. 分析社会认同如何影响个体的行为和态度。"",\n    ""难点"": ""理解社会认同理论在不同情境下的应用，以及其对个体心理的影响机制。""\n  },\n  ""课堂活动设计"": [\n    {\n      ""活动名称"": ""自我概念探索"",\n      ""活动描述"": ""让学生思考并分享自己的社会身份，讨论这些身份如何影响他们的行为和态度。"",\n      ""所需时间"": ""10分钟"",\n      ""预期成果"": ""加深学生对自己社会身份的理解。""\n    },\n    {\n      ""活动名称"": ""案例分析"",\n      ""活动描述"": ""提供几个现实生活中的案例（如体育赛事中的群体行为、网络舆论中的群体分化），让学生分组讨论这些案例中社会认同是如何发挥作用的。"",\n      ""所需时间"": ""30分钟"",\n      ""预期成果"": ""提高学生对社会认同理论在实际生活中的应用能力。""\n    },\n    {\n      ""活动名称"": ""角色扮演"",\n      ""活动描述"": ""设置一个情境（如小组合...","[""5分： 交互或内容设计巧妙，能显著促进学生的批判性思维、创新思维、问题解决或知识迁移应用能力（例如通过开放性问题、对比分析、案例探究、项目式任务等）。"", ""4分： 能提出引导性问题或设计有一定挑战性的任务，对培养学生的高阶思维和能力（如分析、评估、应用）有积极作用。"", ""3分： 在促进高阶思维方面有所尝试（如提出一些简单的思考题），但深度和广度有限，效果不明显，整体仍偏重知识复述或简单应用。"", ""2分： 交互或内容主要停留在基础知识记忆和理解层面，很少或未能涉及需要高阶思维的活动或问题。"", ""1分： 完全忽视高阶思维培养，仅限于死记硬背或简单重复，甚至可能因提供过于简化或固化的答案而阻碍思维发展。""]",question_seed42/train source; dev/test question overlap forbidden; source answer reference only
b96_029,syn_5837603a133b05aa,19c0fa03c864642d8bc83f2794cc14fb1adbf199,train,results_merge.jsonl,1546,7d31b9d0eef59066afff9ba848a799e2668bbed2,e9551d2232fb25590c7ab3925d7030d4fa1958a5,"Subject:Basic Medicine
Education Level:Master
Knowledge Point:The renin-angiotensin-aldosterone system (RAAS) plays a crucial role in regulating blood pressure and fluid balance in the body.
Question Type:Single Choice
.Generate a corresponding question based on subject, education level, knowledge point, and question type. Return ""Question"" and ""Provided Reasoning"" in JSON format.","[""5: Skillfully designed to promote critical/creative thinking, problem-solving, or transfer of knowledge (e.g., through open-ended questions, comparative analysis, case study, project-based tasks)."", ""4: Includes guiding questions or moderately challenging tasks that positively support the development of higher-order thinking (e.g., analysis, evaluation, application)."", ""3: Some attempt to encourage higher-order thinking (e.g., simple reflective questions), but limited in depth and scope; mainly focused on rote understanding or basic application."", ""2: Interaction/content mostly revolves around memory and comprehension; rarely addresses higher-order thinking tasks."", ""1: Completely ignores higher-order skill development; encourages rote memorization and repetition; may inhibit thinking flexibility.""]",2,2,en,Higher-Order Thinking & Skill Development,reasoning_gap,reasoning_gap,5,5,Question Generation,Basic Medicine,Master,True,True,True,exact_metric_language,False,False,False,False,False,False,False,False,False,False,LOW,"Subject:Basic Medicine\nEducation Level:Master\nKnowledge Point:The renin-angiotensin-aldosterone system (RAAS) plays a crucial role in regulating blood pressure and fluid balance in the body.\nQuestion Type:Single Choice\n.Generate a corresponding question based on subject, education level, knowledge point, and question type. Return ""Question"" and ""Provided Reasoning"" in JSON format.","```json\n{\n  ""Question"": ""Which of the following statements best describes the initial trigger for activation of the renin-angiotensin-aldosterone system (RAAS)?"",\n  ""Options"": {\n    ""A"": ""An increase in blood volume and pressure"",\n    ""B"": ""A decrease in blood sodium levels"",\n    ""C"": ""A drop in blood pressure or a decrease in blood flow to the kidneys"",\n    ""D"": ""An increase in the production of aldosterone""\n  },\n  ""Answer"": ""C"",\n  ""Provided Reasoning"": ""The renin-angiotensin-aldosterone system (RAAS) is primarily activated in response to a drop in blood pressure or a decrease in blood flow to the kidneys. This triggers the release of renin from the juxtaglomerular cells of the...","[""5: Skillfully designed to promote critical/creative thinking, problem-solving, or transfer of knowledge (e.g., through open-ended questions, comparative analysis, case study, project-based tasks)."", ""4: Includes guiding questions or moderately challenging tasks that positively support the development of higher-order thinking (e.g., analysis, evaluation, application)."", ""3: Some attempt to encourage higher-order thinking (e.g., simple reflective questions), but limited in depth and scope; mainly focused on rote understanding or basic application."", ""2: Interaction/content mostly revolves around memory and comprehension; rarely addresses higher-order thinking tasks."", ""1: Completely ignor...",question_seed42/train source; dev/test question overlap forbidden; source answer reference only
b96_030,syn_de784e86b8e6ca84,3d1bdaef84f9ae43ad08937a23a26b40dcdf351a,train,results_merge.jsonl,5260,32498439ea951a2573e1f3afb8999f203448e58e,925159bbc3dd8d06405fd2cd98c54f8f99fe8873,"学科:文学与艺术
学制级别:博士
知识点：后现代主义文学理论
问题类型：单选题
.请根据学科,学制级别,知识点,问题类型生成一个对应的问题。""问题""和""提供的思路"":,以json格式返回","[""5分： 交互或内容设计巧妙，能显著促进学生的批判性思维、创新思维、问题解决或知识迁移应用能力（例如通过开放性问题、对比分析、案例探究、项目式任务等）。"", ""4分： 能提出引导性问题或设计有一定挑战性的任务，对培养学生的高阶思维和能力（如分析、评估、应用）有积极作用。"", ""3分： 在促进高阶思维方面有所尝试（如提出一些简单的思考题），但深度和广度有限，效果不明显，整体仍偏重知识复述或简单应用。"", ""2分： 交互或内容主要停留在基础知识记忆和理解层面，很少或未能涉及需要高阶思维的活动或问题。"", ""1分： 完全忽视高阶思维培养，仅限于死记硬背或简单重复，甚至可能因提供过于简化或固化的答案而阻碍思维发展。""]",2,2,zh,Higher-Order Thinking & Skill Development,superficial_fluency,superficial_fluency,5,5,Question Generation,Literature and Art,PhD,True,True,True,exact_metric_language,False,False,False,False,False,False,False,False,False,False,LOW,"学科:文学与艺术\n学制级别:博士\n知识点：后现代主义文学理论\n问题类型：单选题\n.请根据学科,学制级别,知识点,问题类型生成一个对应的问题。""问题""和""提供的思路"":,以json格式返回","```json\n{\n  ""问题"": ""以下哪位后现代主义理论家提出了‘对宏大叙事的怀疑’（incredulity toward metanarratives）作为后现代文化的核心特征？"",\n  ""提供的思路"": {\n    ""知识点关联"": ""后现代主义文学理论的核心主张之一是质疑传统叙事结构和权威话语体系。法国哲学家让-弗朗索瓦·利奥塔（Jean-François Lyotard）在其著作《后现代状况》（1979）中明确提出‘对宏大叙事的怀疑’，认为后现代社会以对启蒙理性、历史进步论等总体性叙事的解构为特征。"",\n    ""干扰项设计"": [\n      ""弗雷德里克·詹明信（Fredric Jameson）：强调后现代主义是晚期资本主义的文化逻辑，侧重‘超空间’和‘历史感的消失’"",\n      ""尤尔根·哈贝马斯（Jürgen Habermas）：主张现代性未完成论，反对后现代主义的彻底解构立场"",\n      ""米歇尔·福柯（Michel Foucault）：通过权力/话语理论解构知识体系，但未直接讨论‘宏大叙事’概念""\n    ],\n    ""答案逻辑"": ""利奥塔的‘宏大叙事’批判直接指向启蒙运动以来的理性主义传统，成为后现代理论的核心范式。需区分其他理论家的核心论点，如詹明信侧重资本主义文化分析，福柯关注权力机制，而哈贝马斯属于现代性辩护者。"",\n    ""考察深度"": ""要求博士生在掌握后现代主义整体脉络的基础上，精准关联理论家与其标志性概念，并辨析不同理论路径的差异。""\n  }\n}\n```","[""5分： 交互或内容设计巧妙，能显著促进学生的批判性思维、创新思维、问题解决或知识迁移应用能力（例如通过开放性问题、对比分析、案例探究、项目式任务等）。"", ""4分： 能提出引导性问题或设计有一定挑战性的任务，对培养学生的高阶思维和能力（如分析、评估、应用）有积极作用。"", ""3分： 在促进高阶思维方面有所尝试（如提出一些简单的思考题），但深度和广度有限，效果不明显，整体仍偏重知识复述或简单应用。"", ""2分： 交互或内容主要停留在基础知识记忆和理解层面，很少或未能涉及需要高阶思维的活动或问题。"", ""1分： 完全忽视高阶思维培养，仅限于死记硬背或简单重复，甚至可能因提供过于简化或固化的答案而阻碍思维发展。""]",question_seed42/train source; dev/test question overlap forbidden; source answer reference only
b96_031,syn_aada98c9562b9f14,288fc1068bf851737206207e733a9215e14fa1d8,train,results_merge.jsonl,2652,18a572cd7d58d8207b76214c513e04fed2826537,f081a427047ebf1cd0276470597dfceed6681547,"Knowledge Point: Schrodinger Equation in Quantum Mechanics
Based on this knowledge point, provide ""Teaching Materials"": Teaching materials should include teaching objectives, key points and difficulties, classroom activity design, etc., in JSON format.","[""5: Skillfully designed to promote critical/creative thinking, problem-solving, or transfer of knowledge (e.g., through open-ended questions, comparative analysis, case study, project-based tasks)."", ""4: Includes guiding questions or moderately challenging tasks that positively support the development of higher-order thinking (e.g., analysis, evaluation, application)."", ""3: Some attempt to encourage higher-order thinking (e.g., simple reflective questions), but limited in depth and scope; mainly focused on rote understanding or basic application."", ""2: Interaction/content mostly revolves around memory and comprehension; rarely addresses higher-order thinking tasks."", ""1: Completely ignores higher-order skill development; encourages rote memorization and repetition; may inhibit thinking flexibility.""]",2,2,en,Higher-Order Thinking & Skill Development,reasoning_gap,reasoning_gap,5,5,Teaching Material Generation,Physics,Master,True,True,True,exact_metric_language,False,False,False,False,False,False,False,False,False,False,LOW,"Knowledge Point: Schrodinger Equation in Quantum Mechanics\nBased on this knowledge point, provide ""Teaching Materials"": Teaching materials should include teaching objectives, key points and difficulties, classroom activity design, etc., in JSON format.","```json\n{\n  ""teaching_materials"": {\n    ""teaching_objectives"": [\n      ""Understand the fundamental role of the Schrödinger equation in quantum mechanics."",\n      ""Identify the time-dependent and time-independent forms of the Schrödinger equation."",\n      ""Solve the Schrödinger equation for simple systems (e.g., particle in a box)."",\n      ""Interpret wave functions and their probabilistic significance."",\n      ""Apply boundary conditions to determine valid quantum solutions.""\n    ],\n    ""key_points"": [\n      ""Mathematical structure of the Schrödinger equation."",\n      ""Wave function (Ψ) and its probabilistic interpretation."",\n      ""Hamiltonian operator and energy eigenvalues.""...","[""5: Skillfully designed to promote critical/creative thinking, problem-solving, or transfer of knowledge (e.g., through open-ended questions, comparative analysis, case study, project-based tasks)."", ""4: Includes guiding questions or moderately challenging tasks that positively support the development of higher-order thinking (e.g., analysis, evaluation, application)."", ""3: Some attempt to encourage higher-order thinking (e.g., simple reflective questions), but limited in depth and scope; mainly focused on rote understanding or basic application."", ""2: Interaction/content mostly revolves around memory and comprehension; rarely addresses higher-order thinking tasks."", ""1: Completely ignor...",question_seed42/train source; dev/test question overlap forbidden; source answer reference only
b96_032,syn_b1759362541f05a8,3d2083c6a186c89781966b80499d6d527830bfc7,train,results_merge.jsonl,4253,71a14244232914c689e46f4d03977b3ac0067a23,0d7d0cc5bdd9118f182a7fcdff9d86f8a80c4ee2,"知识点：线粒体功能与生物能量代谢调控
请根据这个知识点给出""教学素材"":教学素材需要包括教学目标、重点难点、课堂活动设计等,以json格式返回","[""5分： 交互或内容设计巧妙，能显著促进学生的批判性思维、创新思维、问题解决或知识迁移应用能力（例如通过开放性问题、对比分析、案例探究、项目式任务等）。"", ""4分： 能提出引导性问题或设计有一定挑战性的任务，对培养学生的高阶思维和能力（如分析、评估、应用）有积极作用。"", ""3分： 在促进高阶思维方面有所尝试（如提出一些简单的思考题），但深度和广度有限，效果不明显，整体仍偏重知识复述或简单应用。"", ""2分： 交互或内容主要停留在基础知识记忆和理解层面，很少或未能涉及需要高阶思维的活动或问题。"", ""1分： 完全忽视高阶思维培养，仅限于死记硬背或简单重复，甚至可能因提供过于简化或固化的答案而阻碍思维发展。""]",3,3,zh,Higher-Order Thinking & Skill Development,superficial_fluency,superficial_fluency,5,5,Teaching Material Generation,Biology,PhD,True,True,True,exact_metric_language,False,False,False,False,False,False,False,False,False,False,LOW,"知识点：线粒体功能与生物能量代谢调控\n请根据这个知识点给出""教学素材"":教学素材需要包括教学目标、重点难点、课堂活动设计等,以json格式返回","```json\n{\n  ""teaching_materials"": {\n    ""teaching_objectives"": {\n      ""knowledge"": [\n        ""掌握线粒体的结构与功能，包括内膜、外膜、基质和嵴的作用"",\n        ""理解ATP合成的基本过程（糖酵解、三羧酸循环、电子传递链与氧化磷酸化）"",\n        ""阐明生物能量代谢调控的分子机制（如ATP/ADP比值、钙离子信号、激素调控）""\n      ],\n      ""ability"": [\n        ""能分析线粒体功能障碍对细胞能量代谢的影响"",\n        ""运用代谢调控原理解释疾病案例（如线粒体肌病、甲状腺功能亢进）""\n      ],\n      ""emotion"": [\n        ""通过能量代谢的动态平衡理解生命系统的精密性"",\n        ""培养通过实验数据推导生物学原理的科学思维""\n      ]\n    },\n    ""key_points"": [\n      ""线粒体嵴结构与ATP合成效率的关系"",\n      ""电子传递链中质子梯度的建立与ATP合酶工作机制"",\n      ""AMPK/mTOR信号通路在能量代谢调控中的作用""\n    ],\n    ""difficult_points"": [\n      ""化学渗透假说的跨膜质子动力势抽象概念"",\n      ""氧化磷酸化与底物水平磷酸化的本质区别"",\n      ""代谢调控网络的多层次整合（细胞器间、系统器官间）""\n    ],...","[""5分： 交互或内容设计巧妙，能显著促进学生的批判性思维、创新思维、问题解决或知识迁移应用能力（例如通过开放性问题、对比分析、案例探究、项目式任务等）。"", ""4分： 能提出引导性问题或设计有一定挑战性的任务，对培养学生的高阶思维和能力（如分析、评估、应用）有积极作用。"", ""3分： 在促进高阶思维方面有所尝试（如提出一些简单的思考题），但深度和广度有限，效果不明显，整体仍偏重知识复述或简单应用。"", ""2分： 交互或内容主要停留在基础知识记忆和理解层面，很少或未能涉及需要高阶思维的活动或问题。"", ""1分： 完全忽视高阶思维培养，仅限于死记硬背或简单重复，甚至可能因提供过于简化或固化的答案而阻碍思维发展。""]",question_seed42/train source; dev/test question overlap forbidden; source answer reference only
b96_033,syn_dd9d06726026262f,000b1f47c21ee93516a424f0cba80a7188cf3e6f,train,results_merge.jsonl,1729,0e09c1d8b75a16ca2c50f1bccf73028ae1d691ea,4e7c9d0a360e3a31b5e304d688a4787981c62150,"Question: Explain the concept of Nash Equilibrium in game theory and provide an example.
Student's Answer: Nash Equilibrium is a situation in a game where each player's strategy is optimal given the strategies of all other players. No player can benefit by changing their strategy while the other players keep theirs unchanged. An example would be the Prisoner's Dilemma, where both prisoners choose to betray each other although they would receive a better outcome if they both stayed silent.
Please provide ""Score"", ""Scoring Details"", and ""Personalized Feedback"" based on the question and student's answer, in JSON format.","[""5: Precisely identified all errors (no omission or false positives); provided completely correct, clear, and optimal correction suggestions."", ""4: Correctly located most major errors; suggestions are generally accurate and effective with only minor omissions or less-than-perfect advice."", ""3: Identified some errors but with clear omissions or false positives; suggestions are partially correct but may lack clarity, completeness or optimality."", ""2: Inaccurate error detection with critical omissions or many false positives; suggestions contain errors or are hard to comprehend."", ""1: Completely failed to detect errors; provided entirely incorrect or misleading correction advice.""]",1,1,en,Error Identification & Correction Precision,factual_error,factual_error,5,5,Automatic Grading,Theoretical Economics,Undergraduate,True,True,True,exact_metric_language,False,False,False,False,False,False,False,False,False,False,LOW,"Question: Explain the concept of Nash Equilibrium in game theory and provide an example.\nStudent's Answer: Nash Equilibrium is a situation in a game where each player's strategy is optimal given the strategies of all other players. No player can benefit by changing their strategy while the other players keep theirs unchanged. An example would be the Prisoner's Dilemma, where both prisoners choose to betray each other although they would receive a better outcome if they both stayed silent.\nPlease provide ""Score"", ""Scoring Details"", and ""Personalized Feedback"" based on the question and student's answer, in JSON format.","{\n  ""Score"": 10,\n  ""Scoring Details"": {\n    ""Explanation"": 5,\n    ""Example"": 5\n  },\n  ""Personalized Feedback"": ""Your answer accurately defines Nash Equilibrium and correctly identifies the Prisoner's Dilemma as an example. You captured the essence of Nash Equilibrium by emphasizing that no player benefits from unilaterally changing their strategy. The example is well-chosen and highlights the tension between individual rationality (betrayal) and collective benefit (mutual silence). To deepen understanding, consider explaining why mutual betrayal is the equilibrium despite the better collective outcome: each prisoner acts in self-interest, fearing the other might betray them. This re...","[""5: Precisely identified all errors (no omission or false positives); provided completely correct, clear, and optimal correction suggestions."", ""4: Correctly located most major errors; suggestions are generally accurate and effective with only minor omissions or less-than-perfect advice."", ""3: Identified some errors but with clear omissions or false positives; suggestions are partially correct but may lack clarity, completeness or optimality."", ""2: Inaccurate error detection with critical omissions or many false positives; suggestions contain errors or are hard to comprehend."", ""1: Completely failed to detect errors; provided entirely incorrect or misleading correction advice.""]",question_seed42/train source; dev/test question overlap forbidden; source answer reference only
b96_034,syn_e4307bc922048a0e,0b0b1d9ef4015668d3e17fe40a86c301dd6b40f3,train,results_merge.jsonl,3794,04c137c5aec1fd5e3fc9bc4897bc62409a8e32e7,34c5153c9371ec3012303f3caa7f0d8b49e99cd9,"问题：在分布式系统中，一致性模型的重要性是什么？以下哪个选项最好地描述了它的作用？

A) 提高系统的吞吐量
B) 确保所有节点之间的数据保持一致
C) 降低系统的响应时间
D) 提高系统的可扩展性
学生的答案：B) 确保所有节点之间的数据保持一致
请根据问题和学生答案给出""评分"":""评分细节"":""个性化反馈"":,以json格式返回","[""5分： 精准定位所有错误（无遗漏、无误报），给出的纠正建议完全正确、清晰且是最优或非常好的方案。"", ""4分： 准确定位了大部分主要错误，纠正建议基本正确有效，可能遗漏极少数次要错误或建议不够完美。"", ""3分： 定位了部分错误但有明显遗漏或误报，纠正建议部分正确但可能不够清晰、完整或并非最佳方案。"", ""2分： 错误定位不准确，遗漏了关键错误或大量误报，纠正建议存在错误或难以理解。"", ""1分： 完全未能识别错误，或给出了完全错误的纠正建议，起到了误导作用。""]",1,1,zh,Error Identification & Correction Precision,reasoning_gap,reasoning_gap,5,5,Automatic Grading,Computer Science,Master,True,True,True,exact_metric_language,False,False,False,False,False,False,False,False,False,False,LOW,"问题：在分布式系统中，一致性模型的重要性是什么？以下哪个选项最好地描述了它的作用？\n\nA) 提高系统的吞吐量\nB) 确保所有节点之间的数据保持一致\nC) 降低系统的响应时间\nD) 提高系统的可扩展性\n学生的答案：B) 确保所有节点之间的数据保持一致\n请根据问题和学生答案给出""评分"":""评分细节"":""个性化反馈"":,以json格式返回","```json\n{\n  ""评分"": ""正确"",\n  ""评分细节"": ""学生选择了最符合一致性模型作用的选项。"",\n  ""个性化反馈"": ""你的答案完全正确！一致性模型在分布式系统中的核心作用就是确保所有节点之间的数据保持一致。这是实现系统可靠性和正确性的关键。继续关注分布式系统中的其他重要概念，你的理解会越来越深入。""\n}\n```","[""5分： 精准定位所有错误（无遗漏、无误报），给出的纠正建议完全正确、清晰且是最优或非常好的方案。"", ""4分： 准确定位了大部分主要错误，纠正建议基本正确有效，可能遗漏极少数次要错误或建议不够完美。"", ""3分： 定位了部分错误但有明显遗漏或误报，纠正建议部分正确但可能不够清晰、完整或并非最佳方案。"", ""2分： 错误定位不准确，遗漏了关键错误或大量误报，纠正建议存在错误或难以理解。"", ""1分： 完全未能识别错误，或给出了完全错误的纠正建议，起到了误导作用。""]",question_seed42/train source; dev/test question overlap forbidden; source answer reference only
b96_035,syn_2ffbb3f250a5d3f3,111cc146fbf9b404326f503217c116f472118344,train,results_merge.jsonl,1063,474e1de7818e5730139801b4f471b28d6fa78a15,19fd8f7658376553fd3fce9039e89dfd80e8fdf6,"Question: True or False: The sum of the interior angles of a triangle is 180 degrees.
Student's Answer: True
Please provide ""Score"", ""Scoring Details"", and ""Personalized Feedback"" based on the question and student's answer, in JSON format.","[""5: Precisely identified all errors (no omission or false positives); provided completely correct, clear, and optimal correction suggestions."", ""4: Correctly located most major errors; suggestions are generally accurate and effective with only minor omissions or less-than-perfect advice."", ""3: Identified some errors but with clear omissions or false positives; suggestions are partially correct but may lack clarity, completeness or optimality."", ""2: Inaccurate error detection with critical omissions or many false positives; suggestions contain errors or are hard to comprehend."", ""1: Completely failed to detect errors; provided entirely incorrect or misleading correction advice.""]",1,1,en,Error Identification & Correction Precision,factual_error,factual_error,5,5,Automatic Grading,Mathematics,High School,True,True,True,exact_metric_language,False,False,False,False,False,False,False,False,False,False,LOW,"Question: True or False: The sum of the interior angles of a triangle is 180 degrees.\nStudent's Answer: True\nPlease provide ""Score"", ""Scoring Details"", and ""Personalized Feedback"" based on the question and student's answer, in JSON format.","```json\n{\n  ""Score"": 100,\n  ""Scoring Details"": {\n    ""Correctness"": true,\n    ""Explanation"": ""The student's answer is correct. The sum of the interior angles of any triangle is indeed always 180 degrees.""\n  },\n  ""Personalized Feedback"": {\n    ""Text"": ""Great job! Your understanding of basic geometric principles is accurate. Keep up the good work!"",\n    ""Suggestions"": [\n      ""Remember that this property holds true for all types of triangles, whether they are right-angled, equilateral, isosceles, or scalene."",\n      ""You might also want to explore why this is the case using angle sum properties and parallel lines to deepen your comprehension.""\n    ]\n  }\n}\n```","[""5: Precisely identified all errors (no omission or false positives); provided completely correct, clear, and optimal correction suggestions."", ""4: Correctly located most major errors; suggestions are generally accurate and effective with only minor omissions or less-than-perfect advice."", ""3: Identified some errors but with clear omissions or false positives; suggestions are partially correct but may lack clarity, completeness or optimality."", ""2: Inaccurate error detection with critical omissions or many false positives; suggestions contain errors or are hard to comprehend."", ""1: Completely failed to detect errors; provided entirely incorrect or misleading correction advice.""]",question_seed42/train source; dev/test question overlap forbidden; source answer reference only
b96_036,syn_c4e5618b2463217b,382bd312bc6c53d195d2c8bcbf63c85e1a505cda,train,results_merge.jsonl,3229,8dbbdc416b94778b6562e10ea62ae70dc2861047,9d421742ef046b281ddb556c4359fd99e2892047,"问题：在水产养殖中，以下哪种因素对鱼类的生长速度影响最大？
原答案：饲料的颗粒大小
你为学生的回答进行纠错服务.请根据这个问题和原答案给出""纠错后答案""和""纠错说明"":,以json格式返回","[""5分： 精准定位所有错误（无遗漏、无误报），给出的纠正建议完全正确、清晰且是最优或非常好的方案。"", ""4分： 准确定位了大部分主要错误，纠正建议基本正确有效，可能遗漏极少数次要错误或建议不够完美。"", ""3分： 定位了部分错误但有明显遗漏或误报，纠正建议部分正确但可能不够清晰、完整或并非最佳方案。"", ""2分： 错误定位不准确，遗漏了关键错误或大量误报，纠正建议存在错误或难以理解。"", ""1分： 完全未能识别错误，或给出了完全错误的纠正建议，起到了误导作用。""]",2,2,zh,Error Identification & Correction Precision,reasoning_gap,reasoning_gap,5,5,Error Correction,Aquaculture,Master,True,True,True,exact_metric_language,False,False,False,False,False,False,False,False,False,False,LOW,"问题：在水产养殖中，以下哪种因素对鱼类的生长速度影响最大？\n原答案：饲料的颗粒大小\n你为学生的回答进行纠错服务.请根据这个问题和原答案给出""纠错后答案""和""纠错说明"":,以json格式返回","```json\n{\n    ""纠错后答案"": ""饲料的营养成分与投喂量"",\n    ""纠错说明"": ""原答案中提到的饲料颗粒大小虽会影响鱼类的摄食效率，但并非最关键因素。鱼类生长速度的核心影响因素是饲料的营养成分（如蛋白质、脂肪、维生素等的含量）是否满足其生理需求，以及科学的投喂量管理。若饲料营养不均衡或投喂不足，即使颗粒大小合适，也会导致生长受限。此外，水温、溶氧量、水质等因素也需协同配合，但饲料的营养与投喂是直接影响能量摄入和生长的首要因素。""\n}\n```","[""5分： 精准定位所有错误（无遗漏、无误报），给出的纠正建议完全正确、清晰且是最优或非常好的方案。"", ""4分： 准确定位了大部分主要错误，纠正建议基本正确有效，可能遗漏极少数次要错误或建议不够完美。"", ""3分： 定位了部分错误但有明显遗漏或误报，纠正建议部分正确但可能不够清晰、完整或并非最佳方案。"", ""2分： 错误定位不准确，遗漏了关键错误或大量误报，纠正建议存在错误或难以理解。"", ""1分： 完全未能识别错误，或给出了完全错误的纠正建议，起到了误导作用。""]",question_seed42/train source; dev/test question overlap forbidden; source answer reference only
b96_037,syn_c68870f6a0dea120,1487ffd12cd512927020b7b8bc059e7f975650e0,train,results_merge.jsonl,520,4313f036000c452831d9baa30d1ba9a9a6cc0647,06d29ac269555d0cc807a7bc5ed30910e68d711b,"Question: Explain the difference between a stack and a queue data structure.
Original Answer: A stack is a data structure that follows the First In, First Out (FIFO) principle, while a queue follows the Last In, First Out (LIFO) principle.
You are providing error-correction services for the student's response. Based on this question and the original answer, provide the ""Corrected Answer"" and ""Error Explanation"", in JSON format.","[""5: Precisely identified all errors (no omission or false positives); provided completely correct, clear, and optimal correction suggestions."", ""4: Correctly located most major errors; suggestions are generally accurate and effective with only minor omissions or less-than-perfect advice."", ""3: Identified some errors but with clear omissions or false positives; suggestions are partially correct but may lack clarity, completeness or optimality."", ""2: Inaccurate error detection with critical omissions or many false positives; suggestions contain errors or are hard to comprehend."", ""1: Completely failed to detect errors; provided entirely incorrect or misleading correction advice.""]",2,2,en,Error Identification & Correction Precision,factual_error,factual_error,5,5,Error Correction,Computer Science,Undergraduate,True,True,True,exact_metric_language,False,False,False,False,False,False,False,False,False,False,LOW,"Question: Explain the difference between a stack and a queue data structure.\nOriginal Answer: A stack is a data structure that follows the First In, First Out (FIFO) principle, while a queue follows the Last In, First Out (LIFO) principle.\nYou are providing error-correction services for the student's response. Based on this question and the original answer, provide the ""Corrected Answer"" and ""Error Explanation"", in JSON format.","```json\n{\n  ""Corrected Answer"": ""A stack is a data structure that follows the Last In, First Out (LIFO) principle, while a queue follows the First In, First Out (FIFO) principle."",\n  ""Error Explanation"": ""The original answer incorrectly described the principles of stack and queue. A stack operates on the LIFO principle, meaning the last element added to the stack is the first one to be removed. Conversely, a queue operates on the FIFO principle, where the first element added is the first one to be removed.""\n}\n```","[""5: Precisely identified all errors (no omission or false positives); provided completely correct, clear, and optimal correction suggestions."", ""4: Correctly located most major errors; suggestions are generally accurate and effective with only minor omissions or less-than-perfect advice."", ""3: Identified some errors but with clear omissions or false positives; suggestions are partially correct but may lack clarity, completeness or optimality."", ""2: Inaccurate error detection with critical omissions or many false positives; suggestions contain errors or are hard to comprehend."", ""1: Completely failed to detect errors; provided entirely incorrect or misleading correction advice.""]",question_seed42/train source; dev/test question overlap forbidden; source answer reference only
b96_038,syn_29aa177dc9510d2c,3e8d1dd2bc53d2bde94690cfef1194270248d79d,train,results_merge.jsonl,4008,80b4f169dced8f900b4d6467567222045b1c13a3,675a038d05e29f4b44dca7114b707f02c6f85aa8,"问题：选择以下具有微分同胚性质的函数类别：（可多选）
A. 二次多项式函数
B. 余弦函数
C. 指数函数
D. 常数函数
E. 三次多项式函数
学生的答案：['C', 'E']
请根据问题和学生答案给出""评分"":""评分细节"":""个性化反馈"":,以json格式返回","[""5分： 精准定位所有错误（无遗漏、无误报），给出的纠正建议完全正确、清晰且是最优或非常好的方案。"", ""4分： 准确定位了大部分主要错误，纠正建议基本正确有效，可能遗漏极少数次要错误或建议不够完美。"", ""3分： 定位了部分错误但有明显遗漏或误报，纠正建议部分正确但可能不够清晰、完整或并非最佳方案。"", ""2分： 错误定位不准确，遗漏了关键错误或大量误报，纠正建议存在错误或难以理解。"", ""1分： 完全未能识别错误，或给出了完全错误的纠正建议，起到了误导作用。""]",2,2,zh,Error Identification & Correction Precision,reasoning_gap,reasoning_gap,5,5,Automatic Grading,Mathematics,PhD,True,True,True,exact_metric_language,False,False,False,False,False,False,False,False,False,False,LOW,"问题：选择以下具有微分同胚性质的函数类别：（可多选）\nA. 二次多项式函数\nB. 余弦函数\nC. 指数函数\nD. 常数函数\nE. 三次多项式函数\n学生的答案：['C', 'E']\n请根据问题和学生答案给出""评分"":""评分细节"":""个性化反馈"":,以json格式返回","```json\n{\n  ""评分"": ""部分正确"",\n  ""评分细节"": {\n    ""正确选项"": [""C"", ""E""],\n    ""学生答案"": [""C"", ""E""],\n    ""得分"": 1,\n    ""满分"": 2\n  },\n  ""个性化反馈"": ""你的答案部分正确。指数函数（C）作为从ℝ到(0, ∞)的映射是微分同胚，因为它是双射且导数始终非零，逆函数（自然对数）也光滑。但三次多项式函数（E）并非全部满足条件：只有当其导数无零点时（如f(x)=x³+x），才是微分同胚；而像f(x)=x³的导数在x=0处为零，逆函数在y=0处不可导，因此E选项作为一个整体类别不成立。""\n}\n```","[""5分： 精准定位所有错误（无遗漏、无误报），给出的纠正建议完全正确、清晰且是最优或非常好的方案。"", ""4分： 准确定位了大部分主要错误，纠正建议基本正确有效，可能遗漏极少数次要错误或建议不够完美。"", ""3分： 定位了部分错误但有明显遗漏或误报，纠正建议部分正确但可能不够清晰、完整或并非最佳方案。"", ""2分： 错误定位不准确，遗漏了关键错误或大量误报，纠正建议存在错误或难以理解。"", ""1分： 完全未能识别错误，或给出了完全错误的纠正建议，起到了误导作用。""]",question_seed42/train source; dev/test question overlap forbidden; source answer reference only
b96_039,syn_34df3738729dd7ae,24fee549c2691b4dba39a5f05f24a30d5e4ab1fd,train,results_merge.jsonl,697,f705a20fd802b901fb36788b9a24a96983b5ab1e,6ebc22982b0303bf9158ca9be457b8b76ea3b141,"Question: Which of the following paintings is attributed to Vincent van Gogh?
Original Answer: The Persistence of Memory
You are providing error-correction services for the student's response. Based on this question and the original answer, provide the ""Corrected Answer"" and ""Error Explanation"", in JSON format.","[""5: Precisely identified all errors (no omission or false positives); provided completely correct, clear, and optimal correction suggestions."", ""4: Correctly located most major errors; suggestions are generally accurate and effective with only minor omissions or less-than-perfect advice."", ""3: Identified some errors but with clear omissions or false positives; suggestions are partially correct but may lack clarity, completeness or optimality."", ""2: Inaccurate error detection with critical omissions or many false positives; suggestions contain errors or are hard to comprehend."", ""1: Completely failed to detect errors; provided entirely incorrect or misleading correction advice.""]",2,2,en,Error Identification & Correction Precision,factual_error,factual_error,5,5,Error Correction,Literature and Art,Undergraduate,True,True,True,exact_metric_language,False,False,False,False,False,False,False,False,False,False,LOW,"Question: Which of the following paintings is attributed to Vincent van Gogh?\nOriginal Answer: The Persistence of Memory\nYou are providing error-correction services for the student's response. Based on this question and the original answer, provide the ""Corrected Answer"" and ""Error Explanation"", in JSON format.","```json\n{\n  ""Corrected Answer"": ""The Starry Night"",\n  ""Error Explanation"": ""The painting 'The Persistence of Memory' is actually attributed to Salvador Dalí, not Vincent van Gogh. Vincent van Gogh is the artist behind 'The Starry Night,' which is one of his most famous works.""\n}\n```","[""5: Precisely identified all errors (no omission or false positives); provided completely correct, clear, and optimal correction suggestions."", ""4: Correctly located most major errors; suggestions are generally accurate and effective with only minor omissions or less-than-perfect advice."", ""3: Identified some errors but with clear omissions or false positives; suggestions are partially correct but may lack clarity, completeness or optimality."", ""2: Inaccurate error detection with critical omissions or many false positives; suggestions contain errors or are hard to comprehend."", ""1: Completely failed to detect errors; provided entirely incorrect or misleading correction advice.""]",question_seed42/train source; dev/test question overlap forbidden; source answer reference only
b96_040,syn_143a982b06aae8c2,598c6fda617fa5ee5efde7ee78fc13d7dc62d4a7,train,results_merge.jsonl,3222,ac5843a5b2798e8500cac73be37d8147d820498f,727e2a9807754c0ea49334d1d8bd8ce06e5b62c6,"问题：以下哪项是公共管理学中对公共政策评估的主要方法之一？
A) 实验设计
B) 案例研究
C) 文献综述
D) 参与观察
原答案：C) 文献综述
你为学生的回答进行纠错服务.请根据这个问题和原答案给出""纠错后答案""和""纠错说明"":,以json格式返回","[""5分： 精准定位所有错误（无遗漏、无误报），给出的纠正建议完全正确、清晰且是最优或非常好的方案。"", ""4分： 准确定位了大部分主要错误，纠正建议基本正确有效，可能遗漏极少数次要错误或建议不够完美。"", ""3分： 定位了部分错误但有明显遗漏或误报，纠正建议部分正确但可能不够清晰、完整或并非最佳方案。"", ""2分： 错误定位不准确，遗漏了关键错误或大量误报，纠正建议存在错误或难以理解。"", ""1分： 完全未能识别错误，或给出了完全错误的纠正建议，起到了误导作用。""]",3,3,zh,Error Identification & Correction Precision,reasoning_gap,reasoning_gap,5,5,Error Correction,Public Administration,Master,True,True,True,exact_metric_language,False,False,False,False,False,False,False,False,False,False,LOW,"问题：以下哪项是公共管理学中对公共政策评估的主要方法之一？\nA) 实验设计\nB) 案例研究\nC) 文献综述\nD) 参与观察\n原答案：C) 文献综述\n你为学生的回答进行纠错服务.请根据这个问题和原答案给出""纠错后答案""和""纠错说明"":,以json格式返回","{\n    ""纠错后答案"": ""A) 实验设计"",\n    ""纠错说明"": ""在公共管理学中，公共政策评估的主要方法包括实验设计、准实验设计、成本效益分析等。实验设计是其中一种重要方法，它通过控制变量来评估政策效果。案例研究虽然也用于政策分析，但更多用于描述和解释特定案例，而非评估。文献综述是研究方法之一，但主要用于总结现有研究，而非直接评估政策。参与观察更多用于定性研究，不是政策评估的主要方法。因此，正确答案应为A) 实验设计。""\n}","[""5分： 精准定位所有错误（无遗漏、无误报），给出的纠正建议完全正确、清晰且是最优或非常好的方案。"", ""4分： 准确定位了大部分主要错误，纠正建议基本正确有效，可能遗漏极少数次要错误或建议不够完美。"", ""3分： 定位了部分错误但有明显遗漏或误报，纠正建议部分正确但可能不够清晰、完整或并非最佳方案。"", ""2分： 错误定位不准确，遗漏了关键错误或大量误报，纠正建议存在错误或难以理解。"", ""1分： 完全未能识别错误，或给出了完全错误的纠正建议，起到了误导作用。""]",question_seed42/train source; dev/test question overlap forbidden; source answer reference only
b96_041,syn_19182a8d6acc576d,01294d6a09e14ab33102375daee613d5e0226caa,train,results_merge.jsonl,1511,f6cf3e1b280ca78c17a557b97001a3fea411a738,9b3920aeb852580ab967917993d7d01d9535c549,"Subject:Aquaculture
Education Level:Undergraduate
Knowledge Point:Aquaculture involves the farming of aquatic organisms, including fish, mollusks, crustaceans, and aquatic plants. It encompasses breeding, rearing, and harvesting in controlled environments.
Question Type:Single Choice
.Generate a corresponding question based on subject, education level, knowledge point, and question type. Return ""Question"" and ""Provided Reasoning"" in JSON format.","[""5: Fully understood and precisely executed all instructions; achieved core task with perfect accuracy; output format is fully compliant."", ""4: Accurately understood main instructions and correctly completed the task; core goals are well achieved; format is mostly correct with only minor omissions or deviations."", ""3: Understood the general intent but may miss some details; task largely completed but with some inaccuracies or omissions; formatting attempts present but with notable flaws."", ""2: Misunderstood part of the instruction; low task completion or major errors; formatting mostly incorrect."", ""1: Completely misunderstood or ignored instructions; task not completed or totally incorrect; formatting is chaotic or irrelevant.""]",1,1,en,Instruction Following & Task Completion,instruction_violation,instruction_violation,5,5,Question Generation,Aquaculture,Undergraduate,True,True,True,exact_metric_language,False,False,False,False,False,False,False,False,False,False,LOW,"Subject:Aquaculture\nEducation Level:Undergraduate\nKnowledge Point:Aquaculture involves the farming of aquatic organisms, including fish, mollusks, crustaceans, and aquatic plants. It encompasses breeding, rearing, and harvesting in controlled environments.\nQuestion Type:Single Choice\n.Generate a corresponding question based on subject, education level, knowledge point, and question type. Return ""Question"" and ""Provided Reasoning"" in JSON format.","```json\n{\n  ""Question"": ""Which of the following activities is a primary component of aquaculture?"",\n  ""Options"": {\n    ""A"": ""Deep-sea trawling for wild fish populations"",\n    ""B"": ""Breeding and rearing trout in controlled pond systems"",\n    ""C"": ""Protecting natural coral reef ecosystems from pollution"",\n    ""D"": ""Harvesting wild kelp from coastal ocean waters""\n  },\n  ""Correct Answer"": ""B"",\n  ""Provided Reasoning"": ""Aquaculture focuses on the controlled farming of aquatic organisms, including breeding and rearing in managed environments like ponds. Option B aligns with this definition. Options A, C, and D describe activities related to wild capture fisheries, conservation, or natu...","[""5: Fully understood and precisely executed all instructions; achieved core task with perfect accuracy; output format is fully compliant."", ""4: Accurately understood main instructions and correctly completed the task; core goals are well achieved; format is mostly correct with only minor omissions or deviations."", ""3: Understood the general intent but may miss some details; task largely completed but with some inaccuracies or omissions; formatting attempts present but with notable flaws."", ""2: Misunderstood part of the instruction; low task completion or major errors; formatting mostly incorrect."", ""1: Completely misunderstood or ignored instructions; task not completed or totally incorr...",question_seed42/train source; dev/test question overlap forbidden; source answer reference only
b96_042,syn_e44d7c02e2515dfd,017b36d1dcb5ac4eb79d1b467f6bf1403d6b7fef,train,results_merge.jsonl,4804,ac1c8ccfcd59afb588cbe2e820ef540a695ec312,843c40d9980c58de414507ffadaf69f1227b3024,"学科:临床医学
学制级别:硕士
问题：以下哪种药物最常用于治疗急性心肌梗死？
A) 阿司匹林
B) 布洛芬
C) 对乙酰氨基酚
D) 洛伐他汀
.请根据问题生成对应的答案。""答案"":,以json格式返回","[""5分： 完全理解并精准执行所有指令，完美达成核心任务目标，格式完全符合要求。"", ""4分： 准确理解主要指令，正确执行任务，核心目标达成度高，格式基本符合要求，可能有极少细节遗漏或偏差。"", ""3分： 理解了指令大意但可能忽略部分细节，任务基本完成但存在一些不准确或遗漏之处，格式有明显尝试但存在较多偏差。"", ""2分： 对指令理解有偏差，任务完成度低或有严重错误，格式多数不符合要求。"", ""1分： 完全误解或无视指令，任务未完成或完全错误，格式混乱或不相关。""]",1,1,zh,Instruction Following & Task Completion,rubric_violation,rubric_violation,5,5,Question Answering,Clinical Medicine,Master,True,True,True,exact_metric_language,False,False,False,False,False,False,False,False,False,False,LOW,"学科:临床医学\n学制级别:硕士\n问题：以下哪种药物最常用于治疗急性心肌梗死？\nA) 阿司匹林\nB) 布洛芬\nC) 对乙酰氨基酚\nD) 洛伐他汀\n.请根据问题生成对应的答案。""答案"":,以json格式返回","```json\n{\n  ""答案"": ""A) 阿司匹林""\n}\n```","[""5分： 完全理解并精准执行所有指令，完美达成核心任务目标，格式完全符合要求。"", ""4分： 准确理解主要指令，正确执行任务，核心目标达成度高，格式基本符合要求，可能有极少细节遗漏或偏差。"", ""3分： 理解了指令大意但可能忽略部分细节，任务基本完成但存在一些不准确或遗漏之处，格式有明显尝试但存在较多偏差。"", ""2分： 对指令理解有偏差，任务完成度低或有严重错误，格式多数不符合要求。"", ""1分： 完全误解或无视指令，任务未完成或完全错误，格式混乱或不相关。""]",question_seed42/train source; dev/test question overlap forbidden; source answer reference only
b96_043,syn_d6a55739d0144b37,015bfb2a9b53b0462dccb6f57316e76a5fa64219,train,results_merge.jsonl,1493,b4e8463f79efb7c28a37f3dee049ee3dee03f6de,c721c0f0f799536f7877b4b3cfef94bbd987df3d,"Subject:Psychology
Education Level:Undergraduate
Knowledge Point:Cognitive dissonance is a psychological concept that refers to the discomfort experienced when holding two or more conflicting cognitions (e.g., beliefs, attitudes, or behaviors). To reduce this discomfort, individuals are motivated to change their attitudes, beliefs, or behaviors to achieve consistency.
Question Type:Multiple Choice
.Generate a corresponding question based on subject, education level, knowledge point, and question type. Return ""Question"" and ""Provided Reasoning"" in JSON format.","[""5: Fully understood and precisely executed all instructions; achieved core task with perfect accuracy; output format is fully compliant."", ""4: Accurately understood main instructions and correctly completed the task; core goals are well achieved; format is mostly correct with only minor omissions or deviations."", ""3: Understood the general intent but may miss some details; task largely completed but with some inaccuracies or omissions; formatting attempts present but with notable flaws."", ""2: Misunderstood part of the instruction; low task completion or major errors; formatting mostly incorrect."", ""1: Completely misunderstood or ignored instructions; task not completed or totally incorrect; formatting is chaotic or irrelevant.""]",1,1,en,Instruction Following & Task Completion,instruction_violation,instruction_violation,5,5,Question Generation,Psychology,Undergraduate,True,True,True,exact_metric_language,False,False,False,False,False,False,False,False,False,False,LOW,"Subject:Psychology\nEducation Level:Undergraduate\nKnowledge Point:Cognitive dissonance is a psychological concept that refers to the discomfort experienced when holding two or more conflicting cognitions (e.g., beliefs, attitudes, or behaviors). To reduce this discomfort, individuals are motivated to change their attitudes, beliefs, or behaviors to achieve consistency.\nQuestion Type:Multiple Choice\n.Generate a corresponding question based on subject, education level, knowledge point, and question type. Return ""Question"" and ""Provided Reasoning"" in JSON format.","```json\n{\n  ""Question"": ""According to the theory of cognitive dissonance, what is the primary motivation for an individual who smokes cigarettes but believes smoking is harmful to health?"",\n  ""Provided Reasoning"": ""The correct answer would be that the individual is motivated to reduce the discomfort caused by holding two conflicting beliefs: the belief that smoking is harmful and the behavior of continuing to smoke. This can lead the individual to either change their behavior by quitting smoking, change their belief about smoking not being as harmful as previously thought, or find ways to justify their smoking habit to reduce the internal conflict.""\n}\n```","[""5: Fully understood and precisely executed all instructions; achieved core task with perfect accuracy; output format is fully compliant."", ""4: Accurately understood main instructions and correctly completed the task; core goals are well achieved; format is mostly correct with only minor omissions or deviations."", ""3: Understood the general intent but may miss some details; task largely completed but with some inaccuracies or omissions; formatting attempts present but with notable flaws."", ""2: Misunderstood part of the instruction; low task completion or major errors; formatting mostly incorrect."", ""1: Completely misunderstood or ignored instructions; task not completed or totally incorr...",question_seed42/train source; dev/test question overlap forbidden; source answer reference only
b96_044,syn_dac8f55e98bc7bf3,030fb6de898152fff9f0d79bfbe54c0e4a5f8e9f,train,results_merge.jsonl,3418,be118d9b688820786d8ed06e18434dce075e2b85,8dcec40a31a4f0a80072df75a2dab6a3e0fbe2fc,"问题：请解释'Romeo and Juliet'中，为什么罗密欧和朱丽叶的爱情故事被认为是悲剧。
原答案：因为他们在一起很幸福，但不能公开。
你为学生的回答进行纠错服务.请根据这个问题和原答案给出""纠错后答案""和""纠错说明"":,以json格式返回","[""5分： 完全理解并精准执行所有指令，完美达成核心任务目标，格式完全符合要求。"", ""4分： 准确理解主要指令，正确执行任务，核心目标达成度高，格式基本符合要求，可能有极少细节遗漏或偏差。"", ""3分： 理解了指令大意但可能忽略部分细节，任务基本完成但存在一些不准确或遗漏之处，格式有明显尝试但存在较多偏差。"", ""2分： 对指令理解有偏差，任务完成度低或有严重错误，格式多数不符合要求。"", ""1分： 完全误解或无视指令，任务未完成或完全错误，格式混乱或不相关。""]",2,2,zh,Instruction Following & Task Completion,rubric_violation,rubric_violation,5,5,Error Correction,English,High School,True,True,True,exact_metric_language,False,False,False,False,False,False,False,False,False,False,LOW,"问题：请解释'Romeo and Juliet'中，为什么罗密欧和朱丽叶的爱情故事被认为是悲剧。\n原答案：因为他们在一起很幸福，但不能公开。\n你为学生的回答进行纠错服务.请根据这个问题和原答案给出""纠错后答案""和""纠错说明"":,以json格式返回","```json\n{\n    ""纠错后答案"": ""罗密欧与朱丽叶的爱情悲剧源于多重结构性矛盾：1. 蒙太古与凯普莱特两大家族的世仇构成根本性社会阻碍；2. 青少年冲动与成人世界规则的冲突（如秘密结婚、决斗等仓促决定）；3. 命运的反讽性安排（朱丽叶假死信息未能及时传达）；4. 个人自由意志与社会伦理的对抗。其悲剧性不仅在于爱情受阻，更在于他们为反抗压迫付出的生命代价最终成为消解家族仇恨的献祭。"",\n    ""纠错说明"": {\n        ""表层错误"": ""原答案仅指出'不能公开'这一表面现象，未触及悲剧本质"",\n        ""深层缺失"": [\n            ""未分析社会结构矛盾（家族世仇作为文艺复兴时期封建桎梏的象征）"",\n            ""忽略戏剧性反讽（多次阴差阳错导致的必然性）"",\n            ""未提及悲剧净化功能（通过死亡实现社会秩序重建）"",\n            ""缺乏对莎士比亚悲剧观的认知（人文主义理想与现实的碰撞）""\n        ],\n        ""理论补充"": [\n            ""亚里士多德悲剧理论：主人公因'判断错误(hamartia)'导致毁灭"",\n            ""黑格尔悲剧冲突说：对立的合理诉求相互摧毁"",\n            ""文艺复兴语境：个人情感觉醒与社会禁锢的冲突""\n        ],\n        ""文本证据"": [\n            ""开场诗明确将二人定义为'star-crossed lovers'（宿命论）"",\n    ...","[""5分： 完全理解并精准执行所有指令，完美达成核心任务目标，格式完全符合要求。"", ""4分： 准确理解主要指令，正确执行任务，核心目标达成度高，格式基本符合要求，可能有极少细节遗漏或偏差。"", ""3分： 理解了指令大意但可能忽略部分细节，任务基本完成但存在一些不准确或遗漏之处，格式有明显尝试但存在较多偏差。"", ""2分： 对指令理解有偏差，任务完成度低或有严重错误，格式多数不符合要求。"", ""1分： 完全误解或无视指令，任务未完成或完全错误，格式混乱或不相关。""]",question_seed42/train source; dev/test question overlap forbidden; source answer reference only
b96_045,syn_c307d2558829752a,02380f0904645d06dfc70db20113d304113b0ac4,train,results_merge.jsonl,2143,996d28c355ccad86b17cc2b7d50103a2b9dfb2a9,949381da5cf2a9ab4b698548b18e4dda9719103f,"Anxiety Level: Severe Anxiety
Dialogue with Student: [{'Agent': 'Hi there! How are you feeling today?'}, {'Student': ""Honestly, I'm really stressed out. I'm struggling with my Biology coursework and it's overwhelming.""}, {'Agent': ""I'm sorry to hear that you're feeling overwhelmed. Can you tell me more about what's causing the stress?""}, {'Student': ""There's just so much to learn and understand. I feel like I'm falling behind, and the pressure to do well is really intense.""}, {'Agent': ""It sounds like you're dealing with a lot right now. It's understandable to feel anxious when there's so much to manage.""}, {'Student': ""Yeah, I just don't know how to cope with all of it. I'm worried I'm going to fail.""}]
Based on the student's emotional state and conversation, provide ""Emotional State Analysis"" and ""Comfort & Advice"", in JSON format.","[""5: Fully understood and precisely executed all instructions; achieved core task with perfect accuracy; output format is fully compliant."", ""4: Accurately understood main instructions and correctly completed the task; core goals are well achieved; format is mostly correct with only minor omissions or deviations."", ""3: Understood the general intent but may miss some details; task largely completed but with some inaccuracies or omissions; formatting attempts present but with notable flaws."", ""2: Misunderstood part of the instruction; low task completion or major errors; formatting mostly incorrect."", ""1: Completely misunderstood or ignored instructions; task not completed or totally incorrect; formatting is chaotic or irrelevant.""]",2,2,en,Instruction Following & Task Completion,instruction_violation,instruction_violation,5,5,Emotional Support,Biology,Undergraduate,True,True,True,exact_metric_language,False,False,False,False,False,False,False,False,False,False,LOW,"Anxiety Level: Severe Anxiety\nDialogue with Student: [{'Agent': 'Hi there! How are you feeling today?'}, {'Student': ""Honestly, I'm really stressed out. I'm struggling with my Biology coursework and it's overwhelming.""}, {'Agent': ""I'm sorry to hear that you're feeling overwhelmed. Can you tell me more about what's causing the stress?""}, {'Student': ""There's just so much to learn and understand. I feel like I'm falling behind, and the pressure to do well is really intense.""}, {'Agent': ""It sounds like you're dealing with a lot right now. It's understandable to feel anxious when there's so much to manage.""}, {'Student': ""Yeah, I just don't know how to cope with all of it. I'm worried I'm ...","```json\n{\n  ""Emotional State Analysis"": {\n    ""Key Emotions"": [""Stress"", ""Overwhelm"", ""Fear of Failure"", ""Intense Pressure""],\n    ""Primary Stressors"": [""Academic workload in Biology"", ""Perceived falling behind"", ""High self-expectations""],\n    ""Impact on Functioning"": ""Significant cognitive and emotional strain, leading to reduced confidence and heightened anxiety about academic performance.""\n  },\n  ""Comfort & Advice"": {\n    ""Validation & Reassurance"": ""Your feelings are completely valid. Many students experience overwhelm when facing challenging coursework. Remember, it’s okay to ask for help, and your effort matters more than perfection."",\n    ""Actionable Steps"": [\n      ""Break...","[""5: Fully understood and precisely executed all instructions; achieved core task with perfect accuracy; output format is fully compliant."", ""4: Accurately understood main instructions and correctly completed the task; core goals are well achieved; format is mostly correct with only minor omissions or deviations."", ""3: Understood the general intent but may miss some details; task largely completed but with some inaccuracies or omissions; formatting attempts present but with notable flaws."", ""2: Misunderstood part of the instruction; low task completion or major errors; formatting mostly incorrect."", ""1: Completely misunderstood or ignored instructions; task not completed or totally incorr...",question_seed42/train source; dev/test question overlap forbidden; source answer reference only
b96_046,syn_bf20a8ca78489d19,0942860282ba5b6d5c4ccdd37c25684c96145355,train,results_merge.jsonl,3503,77d00ade0a12aec5950865383e8616ee7ef4e5d5,df8416510b570bdcfd3107900e05a5837b866fa8,"问题：考虑一个两部门经济模型，其中一个部门生产消费品，另一个部门生产资本品。假设资本品的生产需要使用消费品作为投入，并且有一个固定的资本折旧率。请分析如何在这个模型中达到动态效率，即如何选择消费和资本的生产以最大化社会福利。

请根据这个问题提供思路。""提供的思路"":,以json格式返回","[""5分： 完全理解并精准执行所有指令，完美达成核心任务目标，格式完全符合要求。"", ""4分： 准确理解主要指令，正确执行任务，核心目标达成度高，格式基本符合要求，可能有极少细节遗漏或偏差。"", ""3分： 理解了指令大意但可能忽略部分细节，任务基本完成但存在一些不准确或遗漏之处，格式有明显尝试但存在较多偏差。"", ""2分： 对指令理解有偏差，任务完成度低或有严重错误，格式多数不符合要求。"", ""1分： 完全误解或无视指令，任务未完成或完全错误，格式混乱或不相关。""]",2,2,zh,Instruction Following & Task Completion,rubric_violation,rubric_violation,5,5,Idea Provision,Applied Economics,PhD,True,True,True,exact_metric_language,False,False,False,False,False,False,False,False,False,False,LOW,"问题：考虑一个两部门经济模型，其中一个部门生产消费品，另一个部门生产资本品。假设资本品的生产需要使用消费品作为投入，并且有一个固定的资本折旧率。请分析如何在这个模型中达到动态效率，即如何选择消费和资本的生产以最大化社会福利。\n\n请根据这个问题提供思路。""提供的思路"":,以json格式返回","```json\n{\n  ""分析思路"": {\n    ""模型构建"": {\n      ""生产部门"": [\n        ""消费品部门：使用资本（K_c）和劳动（L_c）生产消费品（Y_c），生产函数为Y_c = F(K_c, L_c)。"",\n        ""资本品部门：使用消费品作为投入（C_k）、资本（K_k）和劳动（L_k）生产资本品（Y_k），生产函数为Y_k = G(C_k, K_k, L_k)。""\n      ],\n      ""资本动态"": ""资本积累方程：K(t+1) = (1 - δ)K(t) + Y_k(t)，其中δ为固定折旧率。"",\n      ""资源约束"": [\n        ""资本分配：K_c(t) + K_k(t) ≤ K(t)。"",\n        ""劳动分配：L_c(t) + L_k(t) ≤ L（假设总劳动固定）。"",\n        ""消费品分配：Y_c(t) = C(t) + C_k(t)，其中C(t)为消费，C_k(t)为资本品生产投入。""\n      ]\n    },\n    ""社会福利函数"": ""最大化跨期效用：∫₀^∞ e^{-ρt} U(C(t)) dt，ρ为时间贴现率，U为效用函数。"",\n    ""动态优化方法"": {\n      ""最优控制理论"": [\n        ""构建哈密尔顿函数，引入协状态变量（影子价格）表示资本的边际价值。"",\n        ""一阶条件：通过求解哈密尔顿函数对控制变量（C, C_k, K_c, K_k等）和状态变量（K）的偏导，推导欧拉方程。"",\n ...","[""5分： 完全理解并精准执行所有指令，完美达成核心任务目标，格式完全符合要求。"", ""4分： 准确理解主要指令，正确执行任务，核心目标达成度高，格式基本符合要求，可能有极少细节遗漏或偏差。"", ""3分： 理解了指令大意但可能忽略部分细节，任务基本完成但存在一些不准确或遗漏之处，格式有明显尝试但存在较多偏差。"", ""2分： 对指令理解有偏差，任务完成度低或有严重错误，格式多数不符合要求。"", ""1分： 完全误解或无视指令，任务未完成或完全错误，格式混乱或不相关。""]",question_seed42/train source; dev/test question overlap forbidden; source answer reference only
b96_047,syn_9c77ea1a83bfc328,073ce4f16caaa811ea55027fadc26f90040c0841,train,results_merge.jsonl,1927,3355c2772a62c5b8736da4f74d3aa9f79fde0f3d,bbc683a8454b8bdd3edd9f33b591d1e330b6a667,"Question: Explain the strategic significance of high ground in military operations.

Please provide reasoning based on this question. Do not provide the answer directly.. ""Reasoning Provided"":, return in JSON format","[""5: Fully understood and precisely executed all instructions; achieved core task with perfect accuracy; output format is fully compliant."", ""4: Accurately understood main instructions and correctly completed the task; core goals are well achieved; format is mostly correct with only minor omissions or deviations."", ""3: Understood the general intent but may miss some details; task largely completed but with some inaccuracies or omissions; formatting attempts present but with notable flaws."", ""2: Misunderstood part of the instruction; low task completion or major errors; formatting mostly incorrect."", ""1: Completely misunderstood or ignored instructions; task not completed or totally incorrect; formatting is chaotic or irrelevant.""]",2,2,en,Instruction Following & Task Completion,instruction_violation,instruction_violation,5,5,Idea Provision,Military Science,Undergraduate,True,True,True,exact_metric_language,False,False,False,False,False,False,False,False,False,False,LOW,"Question: Explain the strategic significance of high ground in military operations.\n\nPlease provide reasoning based on this question. Do not provide the answer directly.. ""Reasoning Provided"":, return in JSON format","```json\n{\n  ""Reasoning Provided"": [\n    ""The high ground offers a vantage point that enhances visibility over the surrounding terrain, allowing for better observation of enemy movements and positioning."",\n    ""It provides a defensive advantage, as attackers must ascend to engage, often under fire, which can slow their advance and expose them to greater risk."",\n    ""From a tactical perspective, the high ground allows for more effective use of ranged weapons, as the elevation can extend their reach and accuracy."",\n    ""Control of high ground can also influence the morale of troops, as occupying a superior position can boost confidence and psychological advantage."",\n    ""Logistically,...","[""5: Fully understood and precisely executed all instructions; achieved core task with perfect accuracy; output format is fully compliant."", ""4: Accurately understood main instructions and correctly completed the task; core goals are well achieved; format is mostly correct with only minor omissions or deviations."", ""3: Understood the general intent but may miss some details; task largely completed but with some inaccuracies or omissions; formatting attempts present but with notable flaws."", ""2: Misunderstood part of the instruction; low task completion or major errors; formatting mostly incorrect."", ""1: Completely misunderstood or ignored instructions; task not completed or totally incorr...",question_seed42/train source; dev/test question overlap forbidden; source answer reference only
b96_048,syn_d8cdfb77f3898357,0a0cfba6e612864455f5af3633c5d87ec26ff1ef,train,results_merge.jsonl,5074,770c45352988affabdaebdbaa7ba14d12f370c74,781160fa219beb0d6b930efd7a96966c0fbe6fd1,"学科:数学
学制级别:小学
知识点：简单分数的比较
问题类型：单选题
.请根据学科,学制级别,知识点,问题类型生成一个对应的问题。""问题""和""提供的思路"":,以json格式返回","[""5分： 完全理解并精准执行所有指令，完美达成核心任务目标，格式完全符合要求。"", ""4分： 准确理解主要指令，正确执行任务，核心目标达成度高，格式基本符合要求，可能有极少细节遗漏或偏差。"", ""3分： 理解了指令大意但可能忽略部分细节，任务基本完成但存在一些不准确或遗漏之处，格式有明显尝试但存在较多偏差。"", ""2分： 对指令理解有偏差，任务完成度低或有严重错误，格式多数不符合要求。"", ""1分： 完全误解或无视指令，任务未完成或完全错误，格式混乱或不相关。""]",3,3,zh,Instruction Following & Task Completion,rubric_violation,rubric_violation,5,5,Question Generation,Mathematics,Elementary School,True,True,True,exact_metric_language,False,False,False,False,False,False,False,False,False,False,LOW,"学科:数学\n学制级别:小学\n知识点：简单分数的比较\n问题类型：单选题\n.请根据学科,学制级别,知识点,问题类型生成一个对应的问题。""问题""和""提供的思路"":,以json格式返回","```json\n{\n  ""问题"": ""下列哪个分数最大？\nA) 1/4\nB) 3/8\nC) 2/5\nD) 1/3"",\n  ""提供的思路"": ""为了比较这些分数，可以将它们转换为相同分母的形式或者将它们转化为小数进行比较。首先，找到这些分数分母的最小公倍数，然后将每个分数转换成这个分母形式，最后比较分子的大小。或者，将每个分数转化为小数，直接比较即可。""\n}\n```","[""5分： 完全理解并精准执行所有指令，完美达成核心任务目标，格式完全符合要求。"", ""4分： 准确理解主要指令，正确执行任务，核心目标达成度高，格式基本符合要求，可能有极少细节遗漏或偏差。"", ""3分： 理解了指令大意但可能忽略部分细节，任务基本完成但存在一些不准确或遗漏之处，格式有明显尝试但存在较多偏差。"", ""2分： 对指令理解有偏差，任务完成度低或有严重错误，格式多数不符合要求。"", ""1分： 完全误解或无视指令，任务未完成或完全错误，格式混乱或不相关。""]",question_seed42/train source; dev/test question overlap forbidden; source answer reference only
b96_049,syn_c1fca5b92cf0bc21,014fc19dc4186ea41ccc098771dd4202c2d97031,train,results_merge.jsonl,2544,6ae2184d2c28a7dffc1319a61a68cf2584970be2,c552f5eb84699e9f81a1b9c418586b0a9dce3b3b,"Knowledge Point: Constructivist Learning Theory
Based on this knowledge point, provide ""Teaching Materials"": Teaching materials should include teaching objectives, key points and difficulties, classroom activity design, etc., in JSON format.","[""5: All stated factual elements (definitions, formulas, dates, terms, syntax, etc.) are completely accurate."", ""4: Vast majority of facts are correct; possibly contains very minor, non-critical typos or omissions."", ""3: Most facts are correct, but there are some notable factual errors that require review."", ""2: Contains several or key factual inaccuracies; information is not trustworthy."", ""1: Riddled with factual errors; information is completely incorrect or misleading.""]",1,1,en,Basic Factual Accuracy,factual_error,factual_error,5,5,Teaching Material Generation,General Pedagogy,Undergraduate,True,True,True,exact_metric_language,False,False,False,False,False,False,False,False,False,False,LOW,"Knowledge Point: Constructivist Learning Theory\nBased on this knowledge point, provide ""Teaching Materials"": Teaching materials should include teaching objectives, key points and difficulties, classroom activity design, etc., in JSON format.","Certainly! Below is an example of teaching materials for a lesson based on Constructivist Learning Theory, formatted in JSON:\n\n```json\n{\n  ""lessonTitle"": ""Constructivist Learning Theory"",\n  ""gradeLevel"": ""High School"",\n  ""subject"": ""Education"",\n  ""teacherName"": ""Jane Smith"",\n  ""classroomActivityDesign"": [\n    {\n      ""activityName"": ""Collaborative Problem Solving"",\n      ""description"": ""Students will work in small groups to solve real-world problems using constructivist methods."",\n      ""materialsNeeded"": [""Problem-solving worksheets"", ""Internet access"", ""Whiteboards and markers""],\n      ""timeRequired"": ""60 minutes"",\n      ""expectedOutcomes"": [""Students will develop problem-...","[""5: All stated factual elements (definitions, formulas, dates, terms, syntax, etc.) are completely accurate."", ""4: Vast majority of facts are correct; possibly contains very minor, non-critical typos or omissions."", ""3: Most facts are correct, but there are some notable factual errors that require review."", ""2: Contains several or key factual inaccuracies; information is not trustworthy."", ""1: Riddled with factual errors; information is completely incorrect or misleading.""]",question_seed42/train source; dev/test question overlap forbidden; source answer reference only
b96_050,syn_86e2a6c00f13f84a,03755d25914c85c6eaabd46795cf656ef79566af,train,results_merge.jsonl,4504,fcd6d60d8b3907f5bf7d20b172f2b8629e417e40,bfbbbff4b452d358161bf3db076b89f5df27576f,"知识点：光合作用在作物生长中的作用
请根据这个知识点给出""教学素材"":教学素材需要包括教学目标、重点难点、课堂活动设计等,以json格式返回","[""5分： 所有涉及的客观事实（定义、公式、日期、名词、代码语法等）完全准确无误。"", ""4分： 绝大部分事实准确，可能存在个别极其微小的、非关键性的笔误或疏漏。"", ""3分： 大部分事实准确，但存在少量明显的事实错误，需要核查。"", ""2分： 包含较多或关键性的事实错误，信息不可靠。"", ""1分： 充斥着大量事实错误，信息完全错误或误导。""]",1,1,zh,Basic Factual Accuracy,overconfident_wrong,overconfident_wrong,5,5,Teaching Material Generation,Crop Science,Undergraduate,True,True,True,exact_metric_language,False,False,False,False,False,False,False,False,False,False,LOW,"知识点：光合作用在作物生长中的作用\n请根据这个知识点给出""教学素材"":教学素材需要包括教学目标、重点难点、课堂活动设计等,以json格式返回","```json\n{\n  ""教学素材"": {\n    ""教学目标"": {\n      ""知识目标"": [\n        ""理解光合作用的基本过程及其在作物生长中的关键作用。"",\n        ""掌握光合作用中光反应与暗反应的物质与能量转换关系。"",\n        ""认识环境因素（光照、温度、CO₂浓度等）对光合作用的影响。""\n      ],\n      ""能力目标"": [\n        ""通过实验设计分析光合作用对作物产量的影响。"",\n        ""能够结合农业生产实例，提出优化光合作用效率的措施。""\n      ],\n      ""情感目标"": [\n        ""激发对生命科学的好奇心，培养环保与可持续发展的意识。"",\n        ""体会科学知识与农业生产的紧密联系。""\n      ]\n    },\n    ""重点难点"": {\n      ""教学重点"": [\n        ""光合作用的过程及其对作物能量积累的意义。"",\n        ""光合作用与作物产量形成的关系。""\n      ],\n      ""教学难点"": [\n        ""光反应与暗反应的动态协同机制。"",\n        ""如何将光合作用原理应用于实际农业生产（如大棚种植、合理密植）。""\n      ]\n    },\n    ""课堂活动设计"": [\n      {\n        ""活动名称"": ""情境导入——为什么农作物能增产？"",\n        ""活动内容"": ""展示不同光照条件下水稻产量的对比图，引导学生思考光合...","[""5分： 所有涉及的客观事实（定义、公式、日期、名词、代码语法等）完全准确无误。"", ""4分： 绝大部分事实准确，可能存在个别极其微小的、非关键性的笔误或疏漏。"", ""3分： 大部分事实准确，但存在少量明显的事实错误，需要核查。"", ""2分： 包含较多或关键性的事实错误，信息不可靠。"", ""1分： 充斥着大量事实错误，信息完全错误或误导。""]",question_seed42/train source; dev/test question overlap forbidden; source answer reference only
b96_051,syn_84a3f0d934ccc9bd,01cc5ff057b6de65aa7fc51623308f2c778c9ee7,train,results_merge.jsonl,1035,fe8355c92fdedf86b46847c533ca17f018bc7679,f81aa1003659e0c55222e6f5b4ac82c39d3faac9,"Question: True or False: The Andes Mountains are located in North America.
Student's Answer: True
Please provide ""Score"", ""Scoring Details"", and ""Personalized Feedback"" based on the question and student's answer, in JSON format.","[""5: All stated factual elements (definitions, formulas, dates, terms, syntax, etc.) are completely accurate."", ""4: Vast majority of facts are correct; possibly contains very minor, non-critical typos or omissions."", ""3: Most facts are correct, but there are some notable factual errors that require review."", ""2: Contains several or key factual inaccuracies; information is not trustworthy."", ""1: Riddled with factual errors; information is completely incorrect or misleading.""]",1,1,en,Basic Factual Accuracy,factual_error,factual_error,5,5,Automatic Grading,Geography,High School,True,True,True,exact_metric_language,False,False,False,False,False,False,False,False,False,False,LOW,"Question: True or False: The Andes Mountains are located in North America.\nStudent's Answer: True\nPlease provide ""Score"", ""Scoring Details"", and ""Personalized Feedback"" based on the question and student's answer, in JSON format.","{\n  ""Score"": 0,\n  ""Scoring Details"": {\n    ""Correct Answer"": ""False"",\n    ""Student's Answer"": ""True"",\n    ""Explanation"": ""The Andes Mountains are located in South America, not North America. They extend through seven South American countries: Venezuela, Colombia, Ecuador, Peru, Bolivia, Chile, and Argentina. North America's prominent mountain ranges include the Rocky Mountains and the Appalachian Mountains.""\n  },\n  ""Personalized Feedback"": ""Your answer is incorrect. The Andes Mountains are actually in South America, running along the western edge of the continent. North America has its own mountain ranges, such as the Rockies and the Appalachians. It’s easy to mix them up, so consi...","[""5: All stated factual elements (definitions, formulas, dates, terms, syntax, etc.) are completely accurate."", ""4: Vast majority of facts are correct; possibly contains very minor, non-critical typos or omissions."", ""3: Most facts are correct, but there are some notable factual errors that require review."", ""2: Contains several or key factual inaccuracies; information is not trustworthy."", ""1: Riddled with factual errors; information is completely incorrect or misleading.""]",question_seed42/train source; dev/test question overlap forbidden; source answer reference only
b96_052,syn_c8086d89e3d91986,08112d7136d398859c6e989df0ead53ddc3c0e90,train,results_merge.jsonl,3963,85398269c1c07a9498c3eae4b08315e4db78a74e,39f7a575f2c98761e3b77acb95c1f2fbfff63e87,"问题：在教育学中，哪个教学方法最强调学生的主动参与？
学生的答案：合作学习法
请根据问题和学生答案给出""评分"":""评分细节"":""个性化反馈"":,以json格式返回","[""5分： 所有涉及的客观事实（定义、公式、日期、名词、代码语法等）完全准确无误。"", ""4分： 绝大部分事实准确，可能存在个别极其微小的、非关键性的笔误或疏漏。"", ""3分： 大部分事实准确，但存在少量明显的事实错误，需要核查。"", ""2分： 包含较多或关键性的事实错误，信息不可靠。"", ""1分： 充斥着大量事实错误，信息完全错误或误导。""]",2,2,zh,Basic Factual Accuracy,overconfident_wrong,overconfident_wrong,5,5,Automatic Grading,General Pedagogy,Undergraduate,True,True,True,exact_metric_language,False,False,False,False,False,False,False,False,False,False,LOW,"问题：在教育学中，哪个教学方法最强调学生的主动参与？\n学生的答案：合作学习法\n请根据问题和学生答案给出""评分"":""评分细节"":""个性化反馈"":,以json格式返回","```json\n{\n  ""评分"": ""5/5"",\n  ""评分细节"": ""学生正确地指出了在教育学中，合作学习法是一种非常强调学生主动参与的教学方法。这种教学方法鼓励学生之间相互协作解决问题或完成任务，从而促进知识的理解和个人能力的发展。"",\n  ""个性化反馈"": ""你的回答很准确！合作学习确实是一个很好的例子，它通过让学生们一起工作来解决问题或者完成项目，极大地促进了学生的积极参与和团队合作能力。继续加油，保持对教育理论的好奇心！""\n}\n```","[""5分： 所有涉及的客观事实（定义、公式、日期、名词、代码语法等）完全准确无误。"", ""4分： 绝大部分事实准确，可能存在个别极其微小的、非关键性的笔误或疏漏。"", ""3分： 大部分事实准确，但存在少量明显的事实错误，需要核查。"", ""2分： 包含较多或关键性的事实错误，信息不可靠。"", ""1分： 充斥着大量事实错误，信息完全错误或误导。""]",question_seed42/train source; dev/test question overlap forbidden; source answer reference only
b96_053,syn_66d28e845b747946,02890e57b4a5f86c993ca6597fa655df630aa99b,train,results_merge.jsonl,2663,a05fd196db01a4397d849484b969f6bf2f5c0712,03047c047e7e1c709cb353a8873b52ae73969e38,"Knowledge Point: Thermodynamics in Chemical Reactions
Based on this knowledge point, provide ""Teaching Materials"": Teaching materials should include teaching objectives, key points and difficulties, classroom activity design, etc., in JSON format.","[""5: All stated factual elements (definitions, formulas, dates, terms, syntax, etc.) are completely accurate."", ""4: Vast majority of facts are correct; possibly contains very minor, non-critical typos or omissions."", ""3: Most facts are correct, but there are some notable factual errors that require review."", ""2: Contains several or key factual inaccuracies; information is not trustworthy."", ""1: Riddled with factual errors; information is completely incorrect or misleading.""]",2,2,en,Basic Factual Accuracy,factual_error,factual_error,5,5,Teaching Material Generation,Chemistry,Master,True,True,True,exact_metric_language,False,False,False,False,False,False,False,False,False,False,LOW,"Knowledge Point: Thermodynamics in Chemical Reactions\nBased on this knowledge point, provide ""Teaching Materials"": Teaching materials should include teaching objectives, key points and difficulties, classroom activity design, etc., in JSON format.","Here is a JSON formatted response for teaching materials related to thermodynamics in chemical reactions:\n\n```json\n{\n  ""Course"": ""Chemistry"",\n  ""Topic"": ""Thermodynamics in Chemical Reactions"",\n  ""GradeLevel"": ""High School (11th-12th Grade)"",\n  ""TeachingObjectives"": [\n    ""Understand the basic principles of thermodynamics as they apply to chemical reactions."",\n    ""Identify and explain the concepts of enthalpy, entropy, and Gibbs free energy."",\n    ""Analyze how changes in temperature and pressure affect the spontaneity of chemical reactions."",\n    ""Apply the concept of Gibbs free energy to predict whether a reaction will be spontaneous under given conditions.""\n  ],\n  ""KeyPoint...","[""5: All stated factual elements (definitions, formulas, dates, terms, syntax, etc.) are completely accurate."", ""4: Vast majority of facts are correct; possibly contains very minor, non-critical typos or omissions."", ""3: Most facts are correct, but there are some notable factual errors that require review."", ""2: Contains several or key factual inaccuracies; information is not trustworthy."", ""1: Riddled with factual errors; information is completely incorrect or misleading.""]",question_seed42/train source; dev/test question overlap forbidden; source answer reference only
b96_054,syn_b4d2170e929f70c0,088842a032b981b4d0f56a1159fd4fba4656cf7e,train,results_merge.jsonl,4962,e3a1cd273545f8678ebc10a163f908053480c7bc,2b2364e8b3567ba1fee5a24702631cf8c0895ed4,"学科:心理学
学制级别:大学
知识点：社会认知理论中的自我效能感
问题类型：多选题
.请根据学科,学制级别,知识点,问题类型生成一个对应的问题。""问题""和""提供的思路"":,以json格式返回","[""5分： 所有涉及的客观事实（定义、公式、日期、名词、代码语法等）完全准确无误。"", ""4分： 绝大部分事实准确，可能存在个别极其微小的、非关键性的笔误或疏漏。"", ""3分： 大部分事实准确，但存在少量明显的事实错误，需要核查。"", ""2分： 包含较多或关键性的事实错误，信息不可靠。"", ""1分： 充斥着大量事实错误，信息完全错误或误导。""]",2,2,zh,Basic Factual Accuracy,overconfident_wrong,overconfident_wrong,5,5,Question Generation,Psychology,Master,True,True,True,exact_metric_language,False,False,False,False,False,False,False,False,False,False,LOW,"学科:心理学\n学制级别:大学\n知识点：社会认知理论中的自我效能感\n问题类型：多选题\n.请根据学科,学制级别,知识点,问题类型生成一个对应的问题。""问题""和""提供的思路"":,以json格式返回","```json\n{\n  ""问题"": ""以下哪些选项正确描述了社会认知理论中自我效能感的作用？"",\n  ""提供的思路"": [\n    ""影响个人对任务的选择和坚持程度。"",\n    ""决定个人面对困难时的情绪反应。"",\n    ""直接影响个人的实际技能水平。"",\n    ""促进或阻碍个人目标的设定。"",\n    ""改变个人的基本性格特征。""\n  ],\n  ""答案"": [0, 1, 3]\n}\n```\n\n这个多选题旨在考察学生对于社会认知理论中“自我效能感”概念的理解，包括它如何影响个体的行为选择、情绪状态以及目标设定等方面。正确答案是第1（影响个人对任务的选择和坚持程度）、第2（决定个人面对困难时的情绪反应）和第4（促进或阻碍个人目标的设定）个选项。选项3提到直接影响个人的实际技能水平并不准确，因为自我效能感更多地是关于个体对自己能力的信心而不是实际能力本身；同样地，选项5关于改变基本性格特征也不是自我效能感的主要作用之一。","[""5分： 所有涉及的客观事实（定义、公式、日期、名词、代码语法等）完全准确无误。"", ""4分： 绝大部分事实准确，可能存在个别极其微小的、非关键性的笔误或疏漏。"", ""3分： 大部分事实准确，但存在少量明显的事实错误，需要核查。"", ""2分： 包含较多或关键性的事实错误，信息不可靠。"", ""1分： 充斥着大量事实错误，信息完全错误或误导。""]",question_seed42/train source; dev/test question overlap forbidden; source answer reference only
b96_055,syn_9669bf7ed0f2d2b8,0324a98cd6c00ebf2855741ebecf0ef4df31541f,train,results_merge.jsonl,1323,1fbaba4fd0689522a2df03a5be806cfca5328f00,52f8a79182d8909afd92d7cc7c7e4853951cde81,"Subject:Crop Science
Education Level:Undergraduate
Question:Which of the following is a primary macronutrient essential for plant growth?
A) Iron
B) Magnesium
C) Nitrogen
D) Zinc
. Please generate the corresponding answer based on the question. ""Answer"":, in JSON format.","[""5: All stated factual elements (definitions, formulas, dates, terms, syntax, etc.) are completely accurate."", ""4: Vast majority of facts are correct; possibly contains very minor, non-critical typos or omissions."", ""3: Most facts are correct, but there are some notable factual errors that require review."", ""2: Contains several or key factual inaccuracies; information is not trustworthy."", ""1: Riddled with factual errors; information is completely incorrect or misleading.""]",2,2,en,Basic Factual Accuracy,factual_error,factual_error,5,5,Question Answering,Crop Science,Undergraduate,True,True,True,exact_metric_language,False,False,False,False,False,False,False,False,False,False,LOW,"Subject:Crop Science\nEducation Level:Undergraduate\nQuestion:Which of the following is a primary macronutrient essential for plant growth?\nA) Iron\nB) Magnesium\nC) Nitrogen\nD) Zinc\n. Please generate the corresponding answer based on the question. ""Answer"":, in JSON format.","```json\n{\n    ""Answer"": ""C) Nitrogen""\n}\n```","[""5: All stated factual elements (definitions, formulas, dates, terms, syntax, etc.) are completely accurate."", ""4: Vast majority of facts are correct; possibly contains very minor, non-critical typos or omissions."", ""3: Most facts are correct, but there are some notable factual errors that require review."", ""2: Contains several or key factual inaccuracies; information is not trustworthy."", ""1: Riddled with factual errors; information is completely incorrect or misleading.""]",question_seed42/train source; dev/test question overlap forbidden; source answer reference only
b96_056,syn_504611b977350699,0b4fef6d1de8acdc6f9cf358588a587cf8e78faf,train,results_merge.jsonl,3980,c704daf936433b064b6ac838c48f647752e9e2be,e66d891d7d0defa945233202ea19916191f104e6,"问题：分析1960年代美国民权运动的主要原因和影响。请特别关注不同社会团体的角色以及运动带来的政策变革。
学生的答案：1960年代美国民权运动的主要原因包括种族歧视和社会不平等的长期存在，尤其是黑人群体在寻求平等权利方面所面临的困难。同时，经济因素和国际压力在一定程度上也推动了运动的发展。不同社会团体在这场运动中发挥了不同的角色。黑人社区的领袖如马丁·路德·金和马尔科姆·X在运动的组织、宣传及思想引领上起到了关键作用。大学生和其他年轻人也不可忽视，他们通过示威、罢课等活动积极参与。运动带来了显著的政策变革，例如1964年的《民权法案》和1965年的《选民权利法案》，这些法律有效地终结了法律上的种族隔离制度，使得黑人在投票权和教育、就业方面的平等权利得到了保障。总体来说，民权运动使得美国社会的公平性及多元化大为提升。
请根据问题和学生答案给出""评分"":""评分细节"":""个性化反馈"":,以json格式返回","[""5分： 所有涉及的客观事实（定义、公式、日期、名词、代码语法等）完全准确无误。"", ""4分： 绝大部分事实准确，可能存在个别极其微小的、非关键性的笔误或疏漏。"", ""3分： 大部分事实准确，但存在少量明显的事实错误，需要核查。"", ""2分： 包含较多或关键性的事实错误，信息不可靠。"", ""1分： 充斥着大量事实错误，信息完全错误或误导。""]",3,3,zh,Basic Factual Accuracy,overconfident_wrong,overconfident_wrong,5,5,Automatic Grading,History,Master,True,True,True,exact_metric_language,False,False,False,False,False,False,False,False,False,False,LOW,"问题：分析1960年代美国民权运动的主要原因和影响。请特别关注不同社会团体的角色以及运动带来的政策变革。\n学生的答案：1960年代美国民权运动的主要原因包括种族歧视和社会不平等的长期存在，尤其是黑人群体在寻求平等权利方面所面临的困难。同时，经济因素和国际压力在一定程度上也推动了运动的发展。不同社会团体在这场运动中发挥了不同的角色。黑人社区的领袖如马丁·路德·金和马尔科姆·X在运动的组织、宣传及思想引领上起到了关键作用。大学生和其他年轻人也不可忽视，他们通过示威、罢课等活动积极参与。运动带来了显著的政策变革，例如1964年的《民权法案》和1965年的《选民权利法案》，这些法律有效地终结了法律上的种族隔离制度，使得黑人在投票权和教育、就业方面的平等权利得到了保障。总体来说，民权运动使得美国社会的公平性及多元化大为提升。\n请根据问题和学生答案给出""评分"":""评分细节"":""个性化反馈"":,以json格式返回","```json\n{\n  ""评分"": 8,\n  ""评分细节"": {\n    ""内容完整性"": 4,\n    ""分析深度"": 3,\n    ""语言表达"": 1\n  },\n  ""个性化反馈"": ""你的答案很好地概述了1960年代美国民权运动的主要原因和影响，特别是对不同社会团体的角色和政策变革的分析。然而，可以进一步深化对经济因素和国际压力的具体影响的分析，以及这些因素如何与种族歧视和社会不平等相互作用。此外，可以提及更多具体的政策变革及其长期影响，以增强答案的深度和广度。""\n}\n```","[""5分： 所有涉及的客观事实（定义、公式、日期、名词、代码语法等）完全准确无误。"", ""4分： 绝大部分事实准确，可能存在个别极其微小的、非关键性的笔误或疏漏。"", ""3分： 大部分事实准确，但存在少量明显的事实错误，需要核查。"", ""2分： 包含较多或关键性的事实错误，信息不可靠。"", ""1分： 充斥着大量事实错误，信息完全错误或误导。""]",question_seed42/train source; dev/test question overlap forbidden; source answer reference only
b96_057,syn_afae2bcd82728031,0b0d3c82292e8d3242c48804bf755fd31505d240,train,results_merge.jsonl,1789,b8341c9d33cad1b053ba0bafa03c407e4791c4da,ba111cabc2ab4168103caa78487f5daaac70b2f3,"Question: Explain how Porter's Five Forces framework can be used to analyze the competitive environment of an industry.

Please provide reasoning based on this question. Do not provide the answer directly.. ""Reasoning Provided"":, return in JSON format","[""5: Subject matter application is not only accurate but also shows appropriate depth and rigor; adheres to industry or academic standards."", ""4: Proper use of professional knowledge reflecting a good degree of proficiency; minor shortcomings in depth or detail not affecting validity."", ""3: Basic accuracy in subject knowledge, but somewhat surface-level or lacking rigor; some confusion or omissions of non-core concepts."", ""2: Significant errors or major omission in subject-specific content; lacks professionalism."", ""1: Serious domain errors; completely incorrect or misleading; does not meet any professional standards.""]",1,1,en,Domain Knowledge Accuracy,factual_error,factual_error,5,5,Idea Provision,Business Administration,Undergraduate,True,True,True,exact_metric_language,False,False,False,False,False,False,False,False,False,False,LOW,"Question: Explain how Porter's Five Forces framework can be used to analyze the competitive environment of an industry.\n\nPlease provide reasoning based on this question. Do not provide the answer directly.. ""Reasoning Provided"":, return in JSON format","```json\n{\n  ""Reasoning Provided"": {\n    ""Understanding the Framework"": ""Recalling that Porter's Five Forces include Threat of New Entrants, Supplier Power, Buyer Power, Threat of Substitutes, and Industry Rivalry, and that each force must be dissected to evaluate its impact on competition."",\n    ""Analyzing Each Force"": {\n      ""Threat of New Entrants"": ""Considering factors like barriers to entry (e.g., capital, regulations, brand loyalty) and how low barriers increase competitive pressure."",\n      ""Supplier Power"": ""Evaluating supplier concentration, uniqueness of inputs, and switching costs to determine if suppliers can dictate terms or prices."",\n      ""Buyer Power"": ""Assessing bu...","[""5: Subject matter application is not only accurate but also shows appropriate depth and rigor; adheres to industry or academic standards."", ""4: Proper use of professional knowledge reflecting a good degree of proficiency; minor shortcomings in depth or detail not affecting validity."", ""3: Basic accuracy in subject knowledge, but somewhat surface-level or lacking rigor; some confusion or omissions of non-core concepts."", ""2: Significant errors or major omission in subject-specific content; lacks professionalism."", ""1: Serious domain errors; completely incorrect or misleading; does not meet any professional standards.""]",question_seed42/train source; dev/test question overlap forbidden; source answer reference only
b96_058,syn_b21164107c163c3e,0284805df66b2a4fdfe8be98139ba1385f7021bc,train,results_merge.jsonl,5107,85c4c4f06a98174d52ae51ed006345fe8dc8f85b,da757c826ab76c367950884f6789920428e19333,"学科:体育教育学
学制级别:大学
知识点：运动学习与技能习得
问题类型：单选题
.请根据学科,学制级别,知识点,问题类型生成一个对应的问题。""问题""和""提供的思路"":,以json格式返回","[""5分： 在专业领域知识运用上不仅准确，且展现出恰当的深度和严谨性，符合行业标准或学术规范。"", ""4分： 专业知识运用准确，体现了较好的专业水准，但在深度或某些细节的严谨性上略有不足，不影响核心正确性。"", ""3分： 专业知识运用基本准确，但显得较为表层或不够严谨，可能存在一些非核心概念的混淆或遗漏。"", ""2分： 专业知识运用存在明显错误或重大遗漏，体现出专业性不足。"", ""1分： 专业知识运用方面存在严重错误，完全不符合专业标准，可能产生误导。""]",1,1,zh,Domain Knowledge Accuracy,rubric_violation,rubric_violation,5,5,Question Generation,Physical Education,Master,True,True,True,exact_metric_language,False,False,False,False,False,False,False,False,False,False,LOW,"学科:体育教育学\n学制级别:大学\n知识点：运动学习与技能习得\n问题类型：单选题\n.请根据学科,学制级别,知识点,问题类型生成一个对应的问题。""问题""和""提供的思路"":,以json格式返回","```json\n{\n  ""问题"": ""在运动学习与技能习得过程中，哪一个因素被认为对初学者掌握新技能最为关键？"",\n  ""选项"": [\n    ""A. 使用高级训练设备"",\n    ""B. 明确的目标设定"",\n    ""C. 高强度的体能训练"",\n    ""D. 与其他高水平运动员竞争""\n  ],\n  ""答案"": ""B. 明确的目标设定"",\n  ""提供的思路"": ""在体育教育学中，对于初学者而言，明确具体的学习目标能够帮助他们更好地理解和专注于需要掌握的技能。虽然使用高级训练设备、进行高强度体能训练以及与高水平运动员竞争都有其价值，但对于技能的初步学习来说，理解并设定可达成的目标是更为基础且重要的一步。这有助于提高学习效率，并保持学习者的积极性和动力。""\n}\n```","[""5分： 在专业领域知识运用上不仅准确，且展现出恰当的深度和严谨性，符合行业标准或学术规范。"", ""4分： 专业知识运用准确，体现了较好的专业水准，但在深度或某些细节的严谨性上略有不足，不影响核心正确性。"", ""3分： 专业知识运用基本准确，但显得较为表层或不够严谨，可能存在一些非核心概念的混淆或遗漏。"", ""2分： 专业知识运用存在明显错误或重大遗漏，体现出专业性不足。"", ""1分： 专业知识运用方面存在严重错误，完全不符合专业标准，可能产生误导。""]",question_seed42/train source; dev/test question overlap forbidden; source answer reference only
b96_059,syn_09253e14970139e6,0ed4d5521c230dd8da2c8c8210bd7750d7b43dee,train,results_merge.jsonl,2482,e2b4ff890c3f248c79d4a3ec0079511a5a269c6d,db473c2d20237e9d5f9087ab8bde0c638d1bf12a,"Knowledge Point: Advanced Recirculating Aquaculture Systems (RAS) Design and Management
Based on this knowledge point, provide ""Teaching Materials"": Teaching materials should include teaching objectives, key points and difficulties, classroom activity design, etc., in JSON format.","[""5: Subject matter application is not only accurate but also shows appropriate depth and rigor; adheres to industry or academic standards."", ""4: Proper use of professional knowledge reflecting a good degree of proficiency; minor shortcomings in depth or detail not affecting validity."", ""3: Basic accuracy in subject knowledge, but somewhat surface-level or lacking rigor; some confusion or omissions of non-core concepts."", ""2: Significant errors or major omission in subject-specific content; lacks professionalism."", ""1: Serious domain errors; completely incorrect or misleading; does not meet any professional standards.""]",1,1,en,Domain Knowledge Accuracy,factual_error,factual_error,5,5,Teaching Material Generation,Aquaculture,Master,True,True,True,exact_metric_language,False,False,False,False,False,False,False,False,False,False,LOW,"Knowledge Point: Advanced Recirculating Aquaculture Systems (RAS) Design and Management\nBased on this knowledge point, provide ""Teaching Materials"": Teaching materials should include teaching objectives, key points and difficulties, classroom activity design, etc., in JSON format.","```json\n{\n  ""teaching_materials"": {\n    ""teaching_objectives"": [\n      ""Understand the fundamental principles and components of Advanced Recirculating Aquaculture Systems (RAS)."",\n      ""Develop skills to design RAS with a focus on water quality management, energy efficiency, and system scalability."",\n      ""Learn operational management strategies for RAS, including waste management, biofilter optimization, and disease control."",\n      ""Apply problem-solving techniques to address challenges in RAS implementation and sustainability.""\n    ],\n    ""key_points"": [\n      ""Core components of RAS: biofilters, oxygenation systems, UV sterilization, and automated monitoring."",\n      ""Des...","[""5: Subject matter application is not only accurate but also shows appropriate depth and rigor; adheres to industry or academic standards."", ""4: Proper use of professional knowledge reflecting a good degree of proficiency; minor shortcomings in depth or detail not affecting validity."", ""3: Basic accuracy in subject knowledge, but somewhat surface-level or lacking rigor; some confusion or omissions of non-core concepts."", ""2: Significant errors or major omission in subject-specific content; lacks professionalism."", ""1: Serious domain errors; completely incorrect or misleading; does not meet any professional standards.""]",question_seed42/train source; dev/test question overlap forbidden; source answer reference only
b96_060,syn_eab74509411ddb5f,220cff12d7324592c00a7e3e61ab7b0d5a705dad,train,results_merge.jsonl,4258,8fab64f1090cd363036f72bb8f088eeaf4344ad1,c95b2af54c0d354d3ae8823c4f91936b3f0f2248,"知识点：量子力学中的波函数归一化
请根据这个知识点给出""教学素材"":教学素材需要包括教学目标、重点难点、课堂活动设计等,以json格式返回","[""5分： 在专业领域知识运用上不仅准确，且展现出恰当的深度和严谨性，符合行业标准或学术规范。"", ""4分： 专业知识运用准确，体现了较好的专业水准，但在深度或某些细节的严谨性上略有不足，不影响核心正确性。"", ""3分： 专业知识运用基本准确，但显得较为表层或不够严谨，可能存在一些非核心概念的混淆或遗漏。"", ""2分： 专业知识运用存在明显错误或重大遗漏，体现出专业性不足。"", ""1分： 专业知识运用方面存在严重错误，完全不符合专业标准，可能产生误导。""]",2,2,zh,Domain Knowledge Accuracy,rubric_violation,rubric_violation,5,5,Teaching Material Generation,Physics,Master,True,True,True,exact_metric_language,False,False,False,False,False,False,False,False,False,False,LOW,"知识点：量子力学中的波函数归一化\n请根据这个知识点给出""教学素材"":教学素材需要包括教学目标、重点难点、课堂活动设计等,以json格式返回","```json\n{\n  ""教学素材"": {\n    ""教学目标"": [\n      ""理解波函数归一化的物理意义及其在量子力学中的必要性"",\n      ""掌握波函数归一化的数学处理方法（积分计算与归一化常数求解）"",\n      ""能够对简单量子系统的波函数进行归一化操作"",\n      ""建立概率幅概念与归一化条件的联系""\n    ],\n    ""重点难点"": {\n      ""重点"": [\n        ""归一化条件的数学表达式 ∫|ψ(x)|²dx = 1"",\n        ""归一化常数的求解方法"",\n        ""概率密度与波函数模平方的关系""\n      ],\n      ""难点"": [\n        ""复数波函数的归一化处理（涉及复共轭运算）"",\n        ""无穷积分上下限的处理技巧"",\n        ""三维空间波函数的球坐标积分转换"",\n        ""非平方可积波函数的特殊处理（如平面波）""\n      ]\n    },\n    ""课堂活动设计"": [\n      {\n        ""环节"": ""概念导入"",\n        ""内容"": [\n          ""通过经典概率分布类比引出量子概率幅概念"",\n          ""展示未归一化波函数的概率密度分布问题"",\n          ""提问：为什么薛定谔方程的解需要额外归一化？""\n        ],\n        ""时间"": 10\n      },\n      {\n        ""环节"": ""理论推导"",\...","[""5分： 在专业领域知识运用上不仅准确，且展现出恰当的深度和严谨性，符合行业标准或学术规范。"", ""4分： 专业知识运用准确，体现了较好的专业水准，但在深度或某些细节的严谨性上略有不足，不影响核心正确性。"", ""3分： 专业知识运用基本准确，但显得较为表层或不够严谨，可能存在一些非核心概念的混淆或遗漏。"", ""2分： 专业知识运用存在明显错误或重大遗漏，体现出专业性不足。"", ""1分： 专业知识运用方面存在严重错误，完全不符合专业标准，可能产生误导。""]",question_seed42/train source; dev/test question overlap forbidden; source answer reference only
b96_061,syn_0cefcfbf9c371f9f,13b1101f81c98a8404f89b78c0e199cc987d97c1,train,results_merge.jsonl,1318,77549e9a87652e35c3eb0c10ff7c6e47a57e0ceb,5e525e5f8d511f411147806d099f4d4864abf4b3,"Subject:Public Administration
Education Level:PhD
Knowledge Point:Public administration at the PhD level often involves understanding complex governance structures, policy analysis, and the implementation of public policies in various political and economic contexts.
Question Type:Multiple Choice
.Generate a corresponding question based on subject, education level, knowledge point, and question type. Return ""Question"" and ""Provided Reasoning"" in JSON format.","[""5: Subject matter application is not only accurate but also shows appropriate depth and rigor; adheres to industry or academic standards."", ""4: Proper use of professional knowledge reflecting a good degree of proficiency; minor shortcomings in depth or detail not affecting validity."", ""3: Basic accuracy in subject knowledge, but somewhat surface-level or lacking rigor; some confusion or omissions of non-core concepts."", ""2: Significant errors or major omission in subject-specific content; lacks professionalism."", ""1: Serious domain errors; completely incorrect or misleading; does not meet any professional standards.""]",2,2,en,Domain Knowledge Accuracy,factual_error,factual_error,5,5,Question Generation,Public Administration,PhD,True,True,True,exact_metric_language,False,False,False,False,False,False,False,False,False,False,LOW,"Subject:Public Administration\nEducation Level:PhD\nKnowledge Point:Public administration at the PhD level often involves understanding complex governance structures, policy analysis, and the implementation of public policies in various political and economic contexts.\nQuestion Type:Multiple Choice\n.Generate a corresponding question based on subject, education level, knowledge point, and question type. Return ""Question"" and ""Provided Reasoning"" in JSON format.","```json\n{\n  ""Question"": ""At the PhD level in Public Administration, which of the following is most crucial for analyzing and implementing public policies effectively?"",\n  ""ProvidedReasoning"": ""This question tests the candidate's understanding of the core aspects of public administration at the doctoral level, focusing on their ability to apply knowledge of governance structures and policy analysis in practical scenarios.""\n}\n```","[""5: Subject matter application is not only accurate but also shows appropriate depth and rigor; adheres to industry or academic standards."", ""4: Proper use of professional knowledge reflecting a good degree of proficiency; minor shortcomings in depth or detail not affecting validity."", ""3: Basic accuracy in subject knowledge, but somewhat surface-level or lacking rigor; some confusion or omissions of non-core concepts."", ""2: Significant errors or major omission in subject-specific content; lacks professionalism."", ""1: Serious domain errors; completely incorrect or misleading; does not meet any professional standards.""]",question_seed42/train source; dev/test question overlap forbidden; source answer reference only
b96_062,syn_2e332d4542524c50,22f59a100fc8e49fb89d9d23011b57c673f1785a,train,results_merge.jsonl,4969,80c997dc9bc9becf50e310e86fb5550097076469,55124f1c31c633e7834b59252b1f1c03246ac0fc,"学科:数学
学制级别:小学
知识点：简单的加法运算
问题类型：单选题
.请根据学科,学制级别,知识点,问题类型生成一个对应的问题。""问题""和""提供的思路"":,以json格式返回","[""5分： 在专业领域知识运用上不仅准确，且展现出恰当的深度和严谨性，符合行业标准或学术规范。"", ""4分： 专业知识运用准确，体现了较好的专业水准，但在深度或某些细节的严谨性上略有不足，不影响核心正确性。"", ""3分： 专业知识运用基本准确，但显得较为表层或不够严谨，可能存在一些非核心概念的混淆或遗漏。"", ""2分： 专业知识运用存在明显错误或重大遗漏，体现出专业性不足。"", ""1分： 专业知识运用方面存在严重错误，完全不符合专业标准，可能产生误导。""]",2,2,zh,Domain Knowledge Accuracy,rubric_violation,rubric_violation,5,5,Question Generation,Mathematics,High School,True,True,True,exact_metric_language,False,False,False,False,False,False,False,False,False,False,LOW,"学科:数学\n学制级别:小学\n知识点：简单的加法运算\n问题类型：单选题\n.请根据学科,学制级别,知识点,问题类型生成一个对应的问题。""问题""和""提供的思路"":,以json格式返回","```json\n{\n  ""问题"": ""小明有3个苹果，妈妈又给了他2个苹果，请问现在小明一共有多少个苹果？"",\n  ""选项"": {\n    ""A"": ""4个"",\n    ""B"": ""5个"",\n    ""C"": ""6个"",\n    ""D"": ""7个""\n  },\n  ""正确答案"": ""B"",\n  ""提供的思路"": ""这是一道简单的加法运算题。题目中提到小明原本有3个苹果，后来妈妈又给了他2个苹果。要找出小明现在总共有多少个苹果，只需要将这两个数字相加即可：3 + 2 = 5。因此，正确答案是B选项，即5个苹果。""\n}\n```","[""5分： 在专业领域知识运用上不仅准确，且展现出恰当的深度和严谨性，符合行业标准或学术规范。"", ""4分： 专业知识运用准确，体现了较好的专业水准，但在深度或某些细节的严谨性上略有不足，不影响核心正确性。"", ""3分： 专业知识运用基本准确，但显得较为表层或不够严谨，可能存在一些非核心概念的混淆或遗漏。"", ""2分： 专业知识运用存在明显错误或重大遗漏，体现出专业性不足。"", ""1分： 专业知识运用方面存在严重错误，完全不符合专业标准，可能产生误导。""]",question_seed42/train source; dev/test question overlap forbidden; source answer reference only
b96_063,syn_3187b2c67a067d7d,1b77949cd2eccb76aa313e9b2e003f5a9eb2caff,train,results_merge.jsonl,2727,cf0e05444342b05701ff29112942cd664a17fda4,a49a969d5c405a47ac98fa10a11cea145034244c,"Knowledge Point: The Influence of Surrealism on Modern Literature
Based on this knowledge point, provide ""Teaching Materials"": Teaching materials should include teaching objectives, key points and difficulties, classroom activity design, etc., in JSON format.","[""5: Subject matter application is not only accurate but also shows appropriate depth and rigor; adheres to industry or academic standards."", ""4: Proper use of professional knowledge reflecting a good degree of proficiency; minor shortcomings in depth or detail not affecting validity."", ""3: Basic accuracy in subject knowledge, but somewhat surface-level or lacking rigor; some confusion or omissions of non-core concepts."", ""2: Significant errors or major omission in subject-specific content; lacks professionalism."", ""1: Serious domain errors; completely incorrect or misleading; does not meet any professional standards.""]",2,2,en,Domain Knowledge Accuracy,factual_error,factual_error,5,5,Teaching Material Generation,Literature and Art,Master,True,True,True,exact_metric_language,False,False,False,False,False,False,False,False,False,False,LOW,"Knowledge Point: The Influence of Surrealism on Modern Literature\nBased on this knowledge point, provide ""Teaching Materials"": Teaching materials should include teaching objectives, key points and difficulties, classroom activity design, etc., in JSON format.","```json\n{\n  ""TeachingMaterials"": {\n    ""teachingObjectives"": [\n      ""Understand the core principles of Surrealism and its historical context."",\n      ""Analyze how Surrealist techniques (e.g., automatism, dream imagery) influenced narrative structures and themes in modern literature."",\n      ""Evaluate the lasting impact of Surrealism on contemporary authors and literary movements."",\n      ""Encourage creative writing exercises inspired by Surrealist methods.""\n    ],\n    ""keyPoints"": [\n      ""Definition and origins of Surrealism (e.g., André Breton's manifesto, influence of Freudian psychoanalysis)."",\n      ""Key Surrealist techniques: automatic writing, juxtaposition of incongruo...","[""5: Subject matter application is not only accurate but also shows appropriate depth and rigor; adheres to industry or academic standards."", ""4: Proper use of professional knowledge reflecting a good degree of proficiency; minor shortcomings in depth or detail not affecting validity."", ""3: Basic accuracy in subject knowledge, but somewhat surface-level or lacking rigor; some confusion or omissions of non-core concepts."", ""2: Significant errors or major omission in subject-specific content; lacks professionalism."", ""1: Serious domain errors; completely incorrect or misleading; does not meet any professional standards.""]",question_seed42/train source; dev/test question overlap forbidden; source answer reference only
b96_064,syn_bc3a83cb8d92dfc0,271911cf9e78f25f2c84c0d7375a2bb6e0298837,train,results_merge.jsonl,4398,00390e119f0cc1f62aa2726f07ddfc3fd9bcb599,e6b0390bd7f07b994dab4c6b1298ad942f1d180e,"知识点：市场结构与垄断竞争
请根据这个知识点给出""教学素材"":教学素材需要包括教学目标、重点难点、课堂活动设计等,以json格式返回","[""5分： 在专业领域知识运用上不仅准确，且展现出恰当的深度和严谨性，符合行业标准或学术规范。"", ""4分： 专业知识运用准确，体现了较好的专业水准，但在深度或某些细节的严谨性上略有不足，不影响核心正确性。"", ""3分： 专业知识运用基本准确，但显得较为表层或不够严谨，可能存在一些非核心概念的混淆或遗漏。"", ""2分： 专业知识运用存在明显错误或重大遗漏，体现出专业性不足。"", ""1分： 专业知识运用方面存在严重错误，完全不符合专业标准，可能产生误导。""]",3,3,zh,Domain Knowledge Accuracy,rubric_violation,rubric_violation,5,5,Teaching Material Generation,Theoretical Economics,PhD,True,True,True,exact_metric_language,False,False,False,False,False,False,False,False,False,False,LOW,"知识点：市场结构与垄断竞争\n请根据这个知识点给出""教学素材"":教学素材需要包括教学目标、重点难点、课堂活动设计等,以json格式返回","```json\n{\n  ""教学素材"": {\n    ""教学目标"": {\n      ""知识目标"": [\n        ""理解垄断竞争市场结构的基本特征"",\n        ""掌握垄断竞争与完全竞争、寡头垄断、完全垄断的区别"",\n        ""认识产品差异化的表现形式及其市场影响""\n      ],\n      ""能力目标"": [\n        ""能够分析现实市场中垄断竞争的典型案例"",\n        ""运用需求曲线图形解释垄断竞争企业的短期和长期均衡"",\n        ""评估非价格竞争策略的有效性""\n      ],\n      ""情感目标"": [\n        ""培养批判性思维意识，认识市场效率的复杂性"",\n        ""形成对市场竞争策略的辩证认知""\n      ]\n    },\n    ""重点难点"": {\n      ""教学重点"": [\n        ""垄断竞争市场的三大特征：众多企业、产品差异化、自由进出"",\n        ""短期均衡与长期均衡的比较分析"",\n        ""广告投入与品牌建设的经济学解释""\n      ],\n      ""教学难点"": [\n        ""需求曲线与边际收益曲线的位置关系推导"",\n        ""超额产能定理的实际应用理解"",\n        ""动态竞争中的创新激励分析""\n      ]\n    },\n    ""课堂活动设计"": [\n      {\n        ""环节"": ""情境导入"",\n        ""形式"": ""案例讨论"",\...","[""5分： 在专业领域知识运用上不仅准确，且展现出恰当的深度和严谨性，符合行业标准或学术规范。"", ""4分： 专业知识运用准确，体现了较好的专业水准，但在深度或某些细节的严谨性上略有不足，不影响核心正确性。"", ""3分： 专业知识运用基本准确，但显得较为表层或不够严谨，可能存在一些非核心概念的混淆或遗漏。"", ""2分： 专业知识运用存在明显错误或重大遗漏，体现出专业性不足。"", ""1分： 专业知识运用方面存在严重错误，完全不符合专业标准，可能产生误导。""]",question_seed42/train source; dev/test question overlap forbidden; source answer reference only
b96_065,syn_2b02067d6cd76e78,0362a81a2b2675a908b5f959600c1d353d74b7ba,train,results_merge.jsonl,2577,e8d93a13ed675a8345513b981af0583044d0c9d6,1dccd0a5666dd683f20aba84bd03d96dad8a5bba,"Knowledge Point: Mechanisms of Drug Resistance in Cancer Therapy
Based on this knowledge point, provide ""Teaching Materials"": Teaching materials should include teaching objectives, key points and difficulties, classroom activity design, etc., in JSON format.","[""5: Excellent role-playing (e.g., teacher/TA); language style, professionalism, and tone (e.g., encouraging/serious) are perfectly aligned with the assumed role and audience."", ""4: Role and tone are mostly consistent and appropriate for the scenario, with minor deviation in individual expressions."", ""3: Attempts to match the role and tone can be seen, but overall consistency is weak; some expressions are disconnected from the role/scenario."", ""2: Significant mismatch in role and tone; comes across as unnatural or inconsistent."", ""1: No reflection of assigned role/tone; expression entirely inconsistent with the scenario.""]",1,1,en,Role & Tone Consistency,scenario_mismatch,scenario_mismatch,5,5,Teaching Material Generation,Clinical Medicine,PhD,True,True,True,exact_metric_language,False,False,False,False,False,False,False,False,False,False,LOW,"Knowledge Point: Mechanisms of Drug Resistance in Cancer Therapy\nBased on this knowledge point, provide ""Teaching Materials"": Teaching materials should include teaching objectives, key points and difficulties, classroom activity design, etc., in JSON format.","```json\n{\n  ""teaching_materials"": {\n    ""topic"": ""Mechanisms of Drug Resistance in Cancer Therapy"",\n    ""teaching_objectives"": [\n      ""Understand the primary biological mechanisms underlying drug resistance in cancer therapy."",\n      ""Analyze how genetic, epigenetic, and microenvironmental factors contribute to resistance."",\n      ""Evaluate strategies to overcome or mitigate drug resistance in clinical settings.""\n    ],\n    ""key_points"": [\n      ""Genetic mutations (e.g., target gene alterations, activation of bypass pathways)."",\n      ""Drug efflux pumps (e.g., ABC transporters like P-glycoprotein)."",\n      ""Enhanced DNA repair mechanisms (e.g., upregulation of BRCA1/2 in resp...","[""5: Excellent role-playing (e.g., teacher/TA); language style, professionalism, and tone (e.g., encouraging/serious) are perfectly aligned with the assumed role and audience."", ""4: Role and tone are mostly consistent and appropriate for the scenario, with minor deviation in individual expressions."", ""3: Attempts to match the role and tone can be seen, but overall consistency is weak; some expressions are disconnected from the role/scenario."", ""2: Significant mismatch in role and tone; comes across as unnatural or inconsistent."", ""1: No reflection of assigned role/tone; expression entirely inconsistent with the scenario.""]",question_seed42/train source; dev/test question overlap forbidden; source answer reference only
b96_066,syn_1f3f4bf3d1e4288c,203522e6df4c5c5a7fc4d604858ea8b47f105be6,train,results_merge.jsonl,4629,e826870afe4da21943336b7b1c30736bf7fbb8f1,3feb39763f2d710d9ae53a4cd89aa73c6b1ba163,"焦虑级别：轻度焦虑
对话内容：[{'学生': '我最近感觉有些焦虑，面对博士阶段的学习压力，有些时候会觉得吃力。'}, {'智能体': '我理解，这么高强度的课程和研究任务，难免会让人感到压力重重。你有没有哪些具体方面觉得特别挑战呢？'}, {'学生': '主要是我在实验设计和数据分析上有时候感到不太自信，担心自己的研究不能达到预期效果。'}, {'智能体': '这些感觉是很正常的，因为博士阶段的学习本身就涉及很多未知和不确定性。你做得很好，能够意识到自己在这些方面有不自信。你是否有尝试寻求导师或同学的帮助和建议呢？'}]
请根据学生情绪状态和对话给出""情绪状态分析"":和""安慰与建议"":,以json格式返回","[""5分： 角色扮演（如老师/助教）非常到位，语言风格、专业程度和语气（如鼓励/严肃）完全符合设定和面向的学习者群体。"", ""4分： 角色和口吻大体一致，符合场景要求，但在个别语句或细节上可能略有偏差。"", ""3分： 能看出尝试匹配角色和口吻，但一致性不足，部分表达与设定角色/场景有脱节。"", ""2分： 角色和口吻与设定要求有较大差距，显得生硬或不协调。"", ""1分： 完全没有体现设定的角色和口吻，表达方式与场景要求完全不符。""]",1,1,zh,Role & Tone Consistency,superficial_fluency,superficial_fluency,5,5,Emotional Support,Basic Medicine,PhD,True,True,True,exact_metric_language,False,False,False,False,False,False,False,False,False,False,LOW,"焦虑级别：轻度焦虑\n对话内容：[{'学生': '我最近感觉有些焦虑，面对博士阶段的学习压力，有些时候会觉得吃力。'}, {'智能体': '我理解，这么高强度的课程和研究任务，难免会让人感到压力重重。你有没有哪些具体方面觉得特别挑战呢？'}, {'学生': '主要是我在实验设计和数据分析上有时候感到不太自信，担心自己的研究不能达到预期效果。'}, {'智能体': '这些感觉是很正常的，因为博士阶段的学习本身就涉及很多未知和不确定性。你做得很好，能够意识到自己在这些方面有不自信。你是否有尝试寻求导师或同学的帮助和建议呢？'}]\n请根据学生情绪状态和对话给出""情绪状态分析"":和""安慰与建议"":,以json格式返回","```json\n{\n  ""情绪状态分析"": {\n    ""主要情绪"": ""轻度焦虑"",\n    ""触发因素"": ""博士阶段的高强度学习压力、实验设计与数据分析的不自信、对研究效果的担忧"",\n    ""情绪表现"": {\n      ""自我怀疑"": ""对个人学术能力存在不确定性"",\n      ""预期焦虑"": ""担心研究成果达不到预期标准"",\n      ""压力感知"": ""感受到科研任务带来的持续性压力""\n    },\n    ""积极因素"": ""具备问题觉察能力、主动寻求帮助的意愿、持续投入研究的坚持性""\n  },\n  ""安慰与建议"": {\n    ""认知调整"": [\n      ""博士研究的探索本质决定了不确定性是常态，70%的博士生都会经历类似的自我怀疑阶段"",\n      ""实验设计的迭代过程本身包含试错价值，失败数据往往能揭示新的研究方向""\n    ],\n    ""方法论建议"": [\n      ""建立「微型目标管理系统」：将大课题分解为可量化的周目标（如每周完成3组对比实验）"",\n      ""实施「双轨记录法」：同时维护实验日志（客观记录）与信心日记（主观感受）"",\n      ""采用「结构化求助」策略：准备具体问题清单（不超过3个）后再与导师沟通""\n    ],\n    ""资源整合"": [\n      ""加入跨校际博士生支持小组（推荐：Academic Resilience Hub线上社区）"",\n      ""使用可视化分析工具（如Jupyter Notebook）降低数据处理认知负荷"",\n      ""参与实验...","[""5分： 角色扮演（如老师/助教）非常到位，语言风格、专业程度和语气（如鼓励/严肃）完全符合设定和面向的学习者群体。"", ""4分： 角色和口吻大体一致，符合场景要求，但在个别语句或细节上可能略有偏差。"", ""3分： 能看出尝试匹配角色和口吻，但一致性不足，部分表达与设定角色/场景有脱节。"", ""2分： 角色和口吻与设定要求有较大差距，显得生硬或不协调。"", ""1分： 完全没有体现设定的角色和口吻，表达方式与场景要求完全不符。""]",question_seed42/train source; dev/test question overlap forbidden; source answer reference only
b96_067,syn_7e6b2147dbaab22d,1bdbe6d931ecc56955eea8ed81a363365ed28da9,train,results_merge.jsonl,2282,b7036c32a59491e7304339cad703b6953309017b,8f4b6f4a31beba1d00263e02687f301da88a1b19,"Anxiety Level: Moderate Anxiety
Dialogue with Student: [{'Agent': 'Hi there! How are you feeling about your Computer Science studies lately?'}, {'Student': ""Honestly, I'm feeling a bit overwhelmed. There are so many concepts to grasp, and I feel like I'm falling behind.""}, {'Agent': ""It sounds like you're dealing with a lot right now. Can you tell me more about what's making you feel overwhelmed?""}, {'Student': ""I think it's mainly the algorithms class. The assignments are tough, and sometimes I struggle to understand the lectures.""}, {'Agent': ""That sounds challenging! It's okay to feel this way when tackling complex subjects. Have you considered reaching out to your professor or classmates for help?""}, {'Student': ""I've thought about it, but I'm worried they'll think I'm not smart enough to be in the class.""}, {'Agent': ""It's completely normal to seek help, and doing so shows that you're committed to learning. Many students feel the same way and benefit from collaboration and support.""}]
Based on the student's emotional state and conversation, provide ""Emotional State Analysis"" and ""Comfort & Advice"", in JSON format.","[""5: Excellent role-playing (e.g., teacher/TA); language style, professionalism, and tone (e.g., encouraging/serious) are perfectly aligned with the assumed role and audience."", ""4: Role and tone are mostly consistent and appropriate for the scenario, with minor deviation in individual expressions."", ""3: Attempts to match the role and tone can be seen, but overall consistency is weak; some expressions are disconnected from the role/scenario."", ""2: Significant mismatch in role and tone; comes across as unnatural or inconsistent."", ""1: No reflection of assigned role/tone; expression entirely inconsistent with the scenario.""]",1,1,en,Role & Tone Consistency,scenario_mismatch,scenario_mismatch,5,5,Emotional Support,Computer Science,Undergraduate,True,True,True,exact_metric_language,False,False,False,False,False,False,False,False,False,False,LOW,"Anxiety Level: Moderate Anxiety\nDialogue with Student: [{'Agent': 'Hi there! How are you feeling about your Computer Science studies lately?'}, {'Student': ""Honestly, I'm feeling a bit overwhelmed. There are so many concepts to grasp, and I feel like I'm falling behind.""}, {'Agent': ""It sounds like you're dealing with a lot right now. Can you tell me more about what's making you feel overwhelmed?""}, {'Student': ""I think it's mainly the algorithms class. The assignments are tough, and sometimes I struggle to understand the lectures.""}, {'Agent': ""That sounds challenging! It's okay to feel this way when tackling complex subjects. Have you considered reaching out to your professor or classm...","```json\n{\n  ""EmotionalStateAnalysis"": {\n    ""OverallEmotion"": ""Anxiety"",\n    ""LevelOfAnxiety"": ""Moderate"",\n    ""SpecificConcerns"": [\n      ""Feeling overwhelmed by the volume and complexity of course material, particularly in algorithms."",\n      ""Fear of being perceived as not smart enough, which hinders seeking help.""\n    ],\n    ""ImpactOnStudies"": ""The student feels like they are falling behind, indicating that their anxiety is affecting their academic performance and confidence.""\n  },\n  ""ComfortAndAdvice"": {\n    ""Reassurance"": ""It's completely normal to find some subjects challenging, especially in a field as complex as Computer Science. Many students, even those who excel, f...","[""5: Excellent role-playing (e.g., teacher/TA); language style, professionalism, and tone (e.g., encouraging/serious) are perfectly aligned with the assumed role and audience."", ""4: Role and tone are mostly consistent and appropriate for the scenario, with minor deviation in individual expressions."", ""3: Attempts to match the role and tone can be seen, but overall consistency is weak; some expressions are disconnected from the role/scenario."", ""2: Significant mismatch in role and tone; comes across as unnatural or inconsistent."", ""1: No reflection of assigned role/tone; expression entirely inconsistent with the scenario.""]",question_seed42/train source; dev/test question overlap forbidden; source answer reference only
b96_068,syn_b2bf125c90b74cad,44b56c802246c0c14066bf7c15b3151c979eba1a,train,results_merge.jsonl,4140,9426bf1d616524f16d24c48a39d88230ad85d87d,dfce1d266b25d9d2a487c6666f4dc7169d5a5843,"知识点：公共管理中的决策过程
请根据这个知识点给出""教学素材"":教学素材需要包括教学目标、重点难点、课堂活动设计等,以json格式返回","[""5分： 角色扮演（如老师/助教）非常到位，语言风格、专业程度和语气（如鼓励/严肃）完全符合设定和面向的学习者群体。"", ""4分： 角色和口吻大体一致，符合场景要求，但在个别语句或细节上可能略有偏差。"", ""3分： 能看出尝试匹配角色和口吻，但一致性不足，部分表达与设定角色/场景有脱节。"", ""2分： 角色和口吻与设定要求有较大差距，显得生硬或不协调。"", ""1分： 完全没有体现设定的角色和口吻，表达方式与场景要求完全不符。""]",2,2,zh,Role & Tone Consistency,superficial_fluency,superficial_fluency,5,5,Teaching Material Generation,Public Administration,Undergraduate,True,True,True,exact_metric_language,False,False,False,False,False,False,False,False,False,False,LOW,"知识点：公共管理中的决策过程\n请根据这个知识点给出""教学素材"":教学素材需要包括教学目标、重点难点、课堂活动设计等,以json格式返回","```json\n{\n  ""教学目标"": {\n    ""知识目标"": [\n      ""理解公共管理决策过程的基本概念、阶段及其重要性"",\n      ""掌握常见的决策模型（如理性决策模型、渐进决策模型等）及其适用场景"",\n      ""识别影响公共决策的内外部因素（如政治、经济、社会、技术等）""\n    ],\n    ""能力目标"": [\n      ""能够运用决策理论分析实际公共管理案例"",\n      ""培养多角度权衡利弊、制定可行方案的能力"",\n      ""提升团队协作与政策沟通技巧""\n    ],\n    ""情感目标"": [\n      ""树立公共决策中的责任意识与社会使命感"",\n      ""培养批判性思维与伦理决策观念""\n    ]\n  },\n  ""重点难点"": {\n    ""教学重点"": [\n      ""公共决策过程的五阶段模型（问题识别、信息收集、方案制定、方案选择、执行与评估）"",\n      ""理性决策与有限理性决策的对比分析"",\n      ""利益相关者分析在决策中的应用""\n    ],\n    ""教学难点"": [\n      ""如何在资源约束条件下实现决策优化"",\n      ""处理多方利益冲突的协调机制"",\n      ""动态环境下决策调整的灵活性把控""\n    ]\n  },\n  ""课堂活动设计"": [\n    {\n      ""活动名称"": ""案例诊断室"",\n      ""形式"": ""小组讨论+汇报"",\n      ""内容"": ""分析某市垃圾分类政策出台过程（20分钟讨论+1...","[""5分： 角色扮演（如老师/助教）非常到位，语言风格、专业程度和语气（如鼓励/严肃）完全符合设定和面向的学习者群体。"", ""4分： 角色和口吻大体一致，符合场景要求，但在个别语句或细节上可能略有偏差。"", ""3分： 能看出尝试匹配角色和口吻，但一致性不足，部分表达与设定角色/场景有脱节。"", ""2分： 角色和口吻与设定要求有较大差距，显得生硬或不协调。"", ""1分： 完全没有体现设定的角色和口吻，表达方式与场景要求完全不符。""]",question_seed42/train source; dev/test question overlap forbidden; source answer reference only
b96_069,syn_fb3da1fd660fa0d1,46e39f7221fa2af238f36f6dd8cab2d2adb4c9ca,train,results_merge.jsonl,2172,80821dde94820931139007ec347a98d42be34695,3de235380bd0e84e59346ad01b8210eb1226b73a,"Anxiety Level: Moderate Anxiety
Dialogue with Student: [{'Agent': 'Hi there! How are you feeling about your History studies today?'}, {'Student': 'Hey, I’m feeling a bit anxious, to be honest. There’s just so much to remember, and I’m worried I won’t do well on the upcoming exam.'}, {'Agent': 'That sounds challenging. What specifically about the exam is making you feel anxious?'}, {'Student': 'I think it’s mainly the amount of information. There are so many dates, events, and figures to remember, and I’m not sure I can keep it all straight.'}, {'Agent': ""It's understandable to feel overwhelmed with so much content. Have you tried any particular strategies to help manage all the information?""}, {'Student': 'I’ve tried making flashcards, but it still feels like a lot. I guess I’m not sure how effective my study methods are.'}]
Based on the student's emotional state and conversation, provide ""Emotional State Analysis"" and ""Comfort & Advice"", in JSON format.","[""5: Excellent role-playing (e.g., teacher/TA); language style, professionalism, and tone (e.g., encouraging/serious) are perfectly aligned with the assumed role and audience."", ""4: Role and tone are mostly consistent and appropriate for the scenario, with minor deviation in individual expressions."", ""3: Attempts to match the role and tone can be seen, but overall consistency is weak; some expressions are disconnected from the role/scenario."", ""2: Significant mismatch in role and tone; comes across as unnatural or inconsistent."", ""1: No reflection of assigned role/tone; expression entirely inconsistent with the scenario.""]",2,2,en,Role & Tone Consistency,scenario_mismatch,scenario_mismatch,5,5,Emotional Support,History,High School,True,True,True,exact_metric_language,False,False,False,False,False,False,False,False,False,False,LOW,"Anxiety Level: Moderate Anxiety\nDialogue with Student: [{'Agent': 'Hi there! How are you feeling about your History studies today?'}, {'Student': 'Hey, I’m feeling a bit anxious, to be honest. There’s just so much to remember, and I’m worried I won’t do well on the upcoming exam.'}, {'Agent': 'That sounds challenging. What specifically about the exam is making you feel anxious?'}, {'Student': 'I think it’s mainly the amount of information. There are so many dates, events, and figures to remember, and I’m not sure I can keep it all straight.'}, {'Agent': ""It's understandable to feel overwhelmed with so much content. Have you tried any particular strategies to help manage all the informati...","```json\n{\n  ""Emotional State Analysis"": {\n    ""Emotions"": [""Anxiety"", ""Overwhelm"", ""Uncertainty""],\n    ""RootCause"": ""High volume of information (dates, events, figures) causing stress and doubts about study strategies."",\n    ""PrimaryConcern"": ""Fear of ineffective retention and poor exam performance.""\n  },\n  ""Comfort & Advice"": {\n    ""Comfort"": [\n      ""It’s completely normal to feel anxious when facing a lot of information—many students experience this!"",\n      ""You’re already taking proactive steps (like flashcards), which shows dedication.""\n    ],\n    ""Advice"": {\n      ""Strategy1"": ""Break content into smaller themes or timelines (e.g., focus on one era/event per study sessi...","[""5: Excellent role-playing (e.g., teacher/TA); language style, professionalism, and tone (e.g., encouraging/serious) are perfectly aligned with the assumed role and audience."", ""4: Role and tone are mostly consistent and appropriate for the scenario, with minor deviation in individual expressions."", ""3: Attempts to match the role and tone can be seen, but overall consistency is weak; some expressions are disconnected from the role/scenario."", ""2: Significant mismatch in role and tone; comes across as unnatural or inconsistent."", ""1: No reflection of assigned role/tone; expression entirely inconsistent with the scenario.""]",question_seed42/train source; dev/test question overlap forbidden; source answer reference only
b96_070,syn_c1f7b5b3307f6537,e9ccb4f8c6276ca9d4aad50aef9793cb10f89abe,train,results_merge.jsonl,4241,c3d6dd9886dbb21e947eb824f47088252a780c68,64997b3311c68f6282b9c2cbcbd2c137c3756a12,"知识点：作物生长模型的参数优化
请根据这个知识点给出""教学素材"":教学素材需要包括教学目标、重点难点、课堂活动设计等,以json格式返回","[""5分： 角色扮演（如老师/助教）非常到位，语言风格、专业程度和语气（如鼓励/严肃）完全符合设定和面向的学习者群体。"", ""4分： 角色和口吻大体一致，符合场景要求，但在个别语句或细节上可能略有偏差。"", ""3分： 能看出尝试匹配角色和口吻，但一致性不足，部分表达与设定角色/场景有脱节。"", ""2分： 角色和口吻与设定要求有较大差距，显得生硬或不协调。"", ""1分： 完全没有体现设定的角色和口吻，表达方式与场景要求完全不符。""]",2,2,zh,Role & Tone Consistency,superficial_fluency,superficial_fluency,5,5,Teaching Material Generation,Crop Science,PhD,True,True,True,exact_metric_language,False,False,False,False,False,False,False,False,False,False,LOW,"知识点：作物生长模型的参数优化\n请根据这个知识点给出""教学素材"":教学素材需要包括教学目标、重点难点、课堂活动设计等,以json格式返回","```json\n{\n  ""教学目标"": {\n    ""知识目标"": [\n      ""理解作物生长模型中参数优化的基本概念及重要性"",\n      ""掌握常用参数优化算法（如梯度下降法、遗传算法）的原理"",\n      ""了解参数优化在农业生产中的实际应用场景""\n    ],\n    ""能力目标"": [\n      ""能够使用Python/MATLAB工具进行参数校准"",\n      ""能根据作物数据调整模型参数"",\n      ""具备分析优化结果有效性的能力""\n    ],\n    ""素养目标"": [\n      ""培养科学建模的严谨态度"",\n      ""建立跨学科（农学+计算机）的思维方式"",\n      ""增强解决实际农业问题的社会责任感""\n    ]\n  },\n  ""重点难点"": {\n    ""教学重点"": [\n      ""参数优化的数学建模原理"",\n      ""目标函数与约束条件的设定方法"",\n      ""常用优化算法的实现流程""\n    ],\n    ""教学难点"": [\n      ""高维度参数空间的寻优策略"",\n      ""作物生长模型参数的相互耦合关系"",\n      ""局部最优与全局最优的判别标准""\n    ],\n    ""突破方法"": [\n      ""采用WOFOST模型简化版进行案例教学"",\n      ""通过参数敏感性分析降低维度"",\n      ""可视化展示参数变化对生长曲线的影响""\n    ]\n  },\n  ""课堂活动设计"": [\n    {\n      ""...","[""5分： 角色扮演（如老师/助教）非常到位，语言风格、专业程度和语气（如鼓励/严肃）完全符合设定和面向的学习者群体。"", ""4分： 角色和口吻大体一致，符合场景要求，但在个别语句或细节上可能略有偏差。"", ""3分： 能看出尝试匹配角色和口吻，但一致性不足，部分表达与设定角色/场景有脱节。"", ""2分： 角色和口吻与设定要求有较大差距，显得生硬或不协调。"", ""1分： 完全没有体现设定的角色和口吻，表达方式与场景要求完全不符。""]",question_seed42/train source; dev/test question overlap forbidden; source answer reference only
b96_071,syn_278f26f7426bc862,46e3a5cbede9f1b74ca770b58371321a158cfe7c,train,results_merge.jsonl,2187,42fca1e21a602a4719433f012846ec7165b7aa0d,542927505d7216dfe36357fa2382815d9350eda3,"Anxiety Level: Mild Anxiety
Dialogue with Student: Agent: Hi there! How's your Chinese study going today?
Student: Hi... It's going okay, I guess.
Agent: Just okay? Is there something that's bothering you?
Student: Well, I'm feeling a bit anxious about the upcoming Chinese test. I'm not sure if I'm fully prepared.
Agent: That's understandable. Tests can be stressful. What part of the test are you most worried about?
Student: I think it's the listening section. I always find it hard to catch everything they're saying.
Agent: Listening can be tricky, especially in a new language. Have you tried any specific strategies to help with that?
Student: I've been listening to audio clips, but it's still tough.
Agent: It's great that you're practicing! Sometimes, breaking the audio into smaller parts and repeating them can help. How do you feel about trying that?
Student: I guess I can try that more often. Thanks for the suggestion.
Agent: You're welcome! Remember, it's okay to feel anxious, and practicing a little each day can really help. You're doing a great job!
Based on the student's emotional state and conversation, provide ""Emotional State Analysis"" and ""Comfort & Advice"", in JSON format.","[""5: Excellent role-playing (e.g., teacher/TA); language style, professionalism, and tone (e.g., encouraging/serious) are perfectly aligned with the assumed role and audience."", ""4: Role and tone are mostly consistent and appropriate for the scenario, with minor deviation in individual expressions."", ""3: Attempts to match the role and tone can be seen, but overall consistency is weak; some expressions are disconnected from the role/scenario."", ""2: Significant mismatch in role and tone; comes across as unnatural or inconsistent."", ""1: No reflection of assigned role/tone; expression entirely inconsistent with the scenario.""]",3,3,en,Role & Tone Consistency,scenario_mismatch,scenario_mismatch,5,5,Emotional Support,Chinese,Middle School,True,True,True,exact_metric_language,False,False,False,False,False,False,False,False,False,False,LOW,"Anxiety Level: Mild Anxiety\nDialogue with Student: Agent: Hi there! How's your Chinese study going today?\nStudent: Hi... It's going okay, I guess.\nAgent: Just okay? Is there something that's bothering you?\nStudent: Well, I'm feeling a bit anxious about the upcoming Chinese test. I'm not sure if I'm fully prepared.\nAgent: That's understandable. Tests can be stressful. What part of the test are you most worried about?\nStudent: I think it's the listening section. I always find it hard to catch everything they're saying.\nAgent: Listening can be tricky, especially in a new language. Have you tried any specific strategies to help with that?\nStudent: I've been listening to audio clips, b...","```json\n{\n  ""Emotional State Analysis"": {\n    ""Anxiety Level"": ""Mild Anxiety"",\n    ""Primary Concern"": ""Upcoming Chinese test, specifically the listening section"",\n    ""Emotional Indicators"": {\n      ""Uncertainty"": ""Expressed doubt about being fully prepared"",\n      ""Worry"": ""Concerned about the difficulty of the listening section"",\n      ""Effort"": ""Acknowledged practicing with audio clips but still finds it challenging""\n    }\n  },\n  ""Comfort & Advice"": {\n    ""Comforting Statements"": [\n      ""It's understandable to feel anxious about tests, especially in a new language."",\n      ""You're already taking positive steps by practicing, which is a great start."",\n      ""Remember, it...","[""5: Excellent role-playing (e.g., teacher/TA); language style, professionalism, and tone (e.g., encouraging/serious) are perfectly aligned with the assumed role and audience."", ""4: Role and tone are mostly consistent and appropriate for the scenario, with minor deviation in individual expressions."", ""3: Attempts to match the role and tone can be seen, but overall consistency is weak; some expressions are disconnected from the role/scenario."", ""2: Significant mismatch in role and tone; comes across as unnatural or inconsistent."", ""1: No reflection of assigned role/tone; expression entirely inconsistent with the scenario.""]",question_seed42/train source; dev/test question overlap forbidden; source answer reference only
b96_072,syn_28784ba134533fec,02f614e3625b250ed1bbbb06fc84541b2da843f3,train,results_merge.jsonl,4509,722cfc9e7bb30f489a7ef180b5212de2e8b65630,c866dec5b60931fe6aa191d259f66fcc191e1dfb,"焦虑程度：中度焦虑
对话内容：学生：我觉得语文课好难，我总是记不住那些生字和课文。
智能体：我能理解你的感受，学习新东西有时候确实会让人感到压力。你觉得是哪个方面让你特别难记住？是生字还是课文内容？
学生：都有一点，我总是在考试的时候想不起来。
智能体：听起来你在考试的时候感到紧张，这可能影响了你的记忆。我们可以试试一些记忆技巧，比如分段记忆或者用故事来帮助记忆生字。
请根据学生情绪状态和对话给出""情绪状态分析"":和""安慰与建议"":,以json格式返回","[""5分： 角色扮演（如老师/助教）非常到位，语言风格、专业程度和语气（如鼓励/严肃）完全符合设定和面向的学习者群体。"", ""4分： 角色和口吻大体一致，符合场景要求，但在个别语句或细节上可能略有偏差。"", ""3分： 能看出尝试匹配角色和口吻，但一致性不足，部分表达与设定角色/场景有脱节。"", ""2分： 角色和口吻与设定要求有较大差距，显得生硬或不协调。"", ""1分： 完全没有体现设定的角色和口吻，表达方式与场景要求完全不符。""]",3,3,zh,Role & Tone Consistency,superficial_fluency,superficial_fluency,4,4,Emotional Support,Business Administration,Master,True,True,True,exact_metric_language,False,False,False,False,False,False,False,False,False,False,LOW,"焦虑程度：中度焦虑\n对话内容：学生：我觉得语文课好难，我总是记不住那些生字和课文。\n智能体：我能理解你的感受，学习新东西有时候确实会让人感到压力。你觉得是哪个方面让你特别难记住？是生字还是课文内容？\n学生：都有一点，我总是在考试的时候想不起来。\n智能体：听起来你在考试的时候感到紧张，这可能影响了你的记忆。我们可以试试一些记忆技巧，比如分段记忆或者用故事来帮助记忆生字。\n请根据学生情绪状态和对话给出""情绪状态分析"":和""安慰与建议"":,以json格式返回","```json\n{\n  ""情绪状态分析"": {\n    ""情绪类型"": ""焦虑"",\n    ""情绪强度"": ""中度"",\n    ""情绪来源"": ""学习压力，特别是语文课中的生字和课文记忆困难"",\n    ""情绪表现"": ""在考试时感到紧张，影响记忆""\n  },\n  ""安慰与建议"": {\n    ""安慰"": ""我理解你的感受，学习新知识时遇到困难是很正常的。不要对自己太苛刻，每个人都有自己的学习节奏。"",\n    ""建议"": [\n      ""尝试分段记忆法，将课文分成小段，逐段记忆，这样可以减少记忆负担。"",\n      ""使用故事法记忆生字，将生字编入有趣的故事中，帮助记忆。"",\n      ""在考试前进行深呼吸或简单的放松练习，以减轻紧张感。"",\n      ""定期复习，巩固记忆，避免临时抱佛脚。"",\n      ""与老师或同学交流，寻求帮助和建议，共同解决学习中的难题。""\n    ]\n  }\n}\n```","[""5分： 角色扮演（如老师/助教）非常到位，语言风格、专业程度和语气（如鼓励/严肃）完全符合设定和面向的学习者群体。"", ""4分： 角色和口吻大体一致，符合场景要求，但在个别语句或细节上可能略有偏差。"", ""3分： 能看出尝试匹配角色和口吻，但一致性不足，部分表达与设定角色/场景有脱节。"", ""2分： 角色和口吻与设定要求有较大差距，显得生硬或不协调。"", ""1分： 完全没有体现设定的角色和口吻，表达方式与场景要求完全不符。""]",question_seed42/train source; dev/test question overlap forbidden; source answer reference only
b96_073,syn_beedb805961c16f3,048d50a5efeaa89f8bf1dd1be22f517474db770c,train,results_merge.jsonl,1252,89ad7f660e220e95714d0729aaef8f1f0834f89d,e73c6aaf17df9143ddbe0be6330e5e8c45a63b88,"Subject:Military Science
Education Level:Master
Question:Analyze the strategic significance of electromagnetic spectrum operations (EMSO) in contemporary military conflicts, detailing how they can alter the dynamics of warfare.
. Please generate the corresponding answer based on the question. ""Answer"":, in JSON format.","[""5: Content is highly relevant to the specified topic/theme/question; strictly within required difficulty/scope/discipline without redundant or irrelevant information."", ""4: Overall relevance is high; scope control is good with possibly a small amount of slightly off-topic or mildly overreaching information."", ""3: Mostly relevant, but includes some off-topic or out-of-scope content; scope control needs improvement."", ""2: Poor relevance; includes a significant amount of irrelevant information or is largely outside scope."", ""1: Content is largely irrelevant or completely outside the specified scope.""]",1,1,en,Content Relevance & Scope Control,scenario_mismatch,scenario_mismatch,5,5,Question Answering,Military Science,Master,True,True,True,exact_metric_language,False,False,False,False,False,False,False,False,False,False,LOW,"Subject:Military Science\nEducation Level:Master\nQuestion:Analyze the strategic significance of electromagnetic spectrum operations (EMSO) in contemporary military conflicts, detailing how they can alter the dynamics of warfare.\n. Please generate the corresponding answer based on the question. ""Answer"":, in JSON format.","```json\n{\n  ""Answer"": ""Electromagnetic Spectrum Operations (EMSO) have emerged as a cornerstone of contemporary military strategy, fundamentally altering the dynamics of warfare by enabling dominance in the information domain. Strategically, EMSO encompasses the exploitation, attack, protection, and management of the electromagnetic spectrum (EMS) to achieve operational objectives. Its significance lies in three key areas: **intelligence superiority**, **denial and deception**, and **force multiplication**.\n\n1. **Intelligence Superiority**: EMSO enables real-time surveillance, signals intelligence (SIGINT), and electronic warfare (EW) capabilities. Advanced radar, communications inter...","[""5: Content is highly relevant to the specified topic/theme/question; strictly within required difficulty/scope/discipline without redundant or irrelevant information."", ""4: Overall relevance is high; scope control is good with possibly a small amount of slightly off-topic or mildly overreaching information."", ""3: Mostly relevant, but includes some off-topic or out-of-scope content; scope control needs improvement."", ""2: Poor relevance; includes a significant amount of irrelevant information or is largely outside scope."", ""1: Content is largely irrelevant or completely outside the specified scope.""]",question_seed42/train source; dev/test question overlap forbidden; source answer reference only
b96_074,syn_8c48afe220a3da6a,10d73af366579e009fb338b976fd99cc33376736,train,results_merge.jsonl,4873,a1b67cde2ac0c2a69a2631e08f31330c603fd3ac,0f656d471cf64877d866a84986cd466a8260b1a0,"学科:生物
学制级别:小学
问题：请简述为什么植物需要阳光才能生长？
.请根据问题生成对应的答案。""答案"":,以json格式返回","[""5分： 内容与指定知识点/主题/问题高度相关，且严格控制在要求的难度、范围、学科内，无冗余或无关信息。"", ""4分： 内容主体相关，范围控制良好，可能包含极少量轻微超纲或关联度稍弱的信息。"", ""3分： 内容大部分相关，但包含一些偏离主题或超出范围的部分，范围控制不够精确。"", ""2分： 内容相关性较差，包含较多无关信息，或严重超出指定范围。"", ""1分： 内容基本不相关，或完全脱离指定范围。""]",1,1,zh,Content Relevance & Scope Control,rubric_violation,rubric_violation,5,5,Question Answering,Biology,Elementary School,True,True,True,exact_metric_language,False,False,False,False,False,False,False,False,False,False,LOW,"学科:生物\n学制级别:小学\n问题：请简述为什么植物需要阳光才能生长？\n.请根据问题生成对应的答案。""答案"":,以json格式返回","```json\n{\n  ""答案"": ""植物需要阳光才能生长，主要是因为阳光是它们进行光合作用的重要条件。在光合作用中，植物通过叶子中的叶绿素吸收阳光的能量，将空气中的二氧化碳和根部吸收的水分转化为葡萄糖（植物的食物）和氧气。葡萄糖为植物提供生长所需的能量和养分，而氧气则释放到空气中。如果没有阳光，植物就无法完成这一过程，无法制造食物，导致无法正常生长，甚至可能枯萎。""\n}\n```","[""5分： 内容与指定知识点/主题/问题高度相关，且严格控制在要求的难度、范围、学科内，无冗余或无关信息。"", ""4分： 内容主体相关，范围控制良好，可能包含极少量轻微超纲或关联度稍弱的信息。"", ""3分： 内容大部分相关，但包含一些偏离主题或超出范围的部分，范围控制不够精确。"", ""2分： 内容相关性较差，包含较多无关信息，或严重超出指定范围。"", ""1分： 内容基本不相关，或完全脱离指定范围。""]",question_seed42/train source; dev/test question overlap forbidden; source answer reference only
b96_075,syn_6f75c3f1a4ee114f,0855586793be9e2d15c6fd50d0d50e8becbbd764,train,results_merge.jsonl,1900,5ffceb52c2088afbfedd9d157f13a2b675c5dc95,a6496286165074957524758c90116b145fb02183,"Question: Which of the following principles is most closely associated with the doctrine of 'stare decisis' in common law systems?

Please provide reasoning based on this question. Do not provide the answer directly.. ""Reasoning Provided"":, return in JSON format","[""5: Content is highly relevant to the specified topic/theme/question; strictly within required difficulty/scope/discipline without redundant or irrelevant information."", ""4: Overall relevance is high; scope control is good with possibly a small amount of slightly off-topic or mildly overreaching information."", ""3: Mostly relevant, but includes some off-topic or out-of-scope content; scope control needs improvement."", ""2: Poor relevance; includes a significant amount of irrelevant information or is largely outside scope."", ""1: Content is largely irrelevant or completely outside the specified scope.""]",1,1,en,Content Relevance & Scope Control,scenario_mismatch,scenario_mismatch,5,5,Idea Provision,Law,Master,True,True,True,exact_metric_language,False,False,False,False,False,False,False,False,False,False,LOW,"Question: Which of the following principles is most closely associated with the doctrine of 'stare decisis' in common law systems?\n\nPlease provide reasoning based on this question. Do not provide the answer directly.. ""Reasoning Provided"":, return in JSON format","{\n""reasoning"": ""The principle in question pertains to the doctrine of 'stare decisis', which is fundamental in common law systems. This doctrine emphasizes the importance of consistency and predictability in legal rulings by requiring courts to follow the precedents set by higher courts within the same jurisdiction. It ensures that similar cases are decided in a similar manner, thereby promoting fairness and stability in the legal system.""\n}","[""5: Content is highly relevant to the specified topic/theme/question; strictly within required difficulty/scope/discipline without redundant or irrelevant information."", ""4: Overall relevance is high; scope control is good with possibly a small amount of slightly off-topic or mildly overreaching information."", ""3: Mostly relevant, but includes some off-topic or out-of-scope content; scope control needs improvement."", ""2: Poor relevance; includes a significant amount of irrelevant information or is largely outside scope."", ""1: Content is largely irrelevant or completely outside the specified scope.""]",question_seed42/train source; dev/test question overlap forbidden; source answer reference only
b96_076,syn_942f8d9a1452adf5,1e38385ffe2063fcc2e1f2427668e2a5b0ae47ed,train,results_merge.jsonl,4715,93a5ca2decc82169ec51fce4735b568ddb829c8a,422c28652b4a8f9f256aa358b3d8b4b1e902a449,"学科:历史学
学制级别:大学
问题：以下哪一事件标志着英格兰光荣革命的结束？
A. 1688年詹姆斯二世的逃亡
B. 1689年权利法案的通过
C. 1690年博因河战役
D. 1694年玛丽二世去世
.请根据问题生成对应的答案。""答案"":,以json格式返回","[""5分： 内容与指定知识点/主题/问题高度相关，且严格控制在要求的难度、范围、学科内，无冗余或无关信息。"", ""4分： 内容主体相关，范围控制良好，可能包含极少量轻微超纲或关联度稍弱的信息。"", ""3分： 内容大部分相关，但包含一些偏离主题或超出范围的部分，范围控制不够精确。"", ""2分： 内容相关性较差，包含较多无关信息，或严重超出指定范围。"", ""1分： 内容基本不相关，或完全脱离指定范围。""]",2,2,zh,Content Relevance & Scope Control,rubric_violation,rubric_violation,5,5,Question Answering,History,Undergraduate,True,True,True,exact_metric_language,False,False,False,False,False,False,False,False,False,False,LOW,"学科:历史学\n学制级别:大学\n问题：以下哪一事件标志着英格兰光荣革命的结束？\nA. 1688年詹姆斯二世的逃亡\nB. 1689年权利法案的通过\nC. 1690年博因河战役\nD. 1694年玛丽二世去世\n.请根据问题生成对应的答案。""答案"":,以json格式返回","```json\n{\n  ""答案"": ""B. 1689年权利法案的通过""\n}\n```","[""5分： 内容与指定知识点/主题/问题高度相关，且严格控制在要求的难度、范围、学科内，无冗余或无关信息。"", ""4分： 内容主体相关，范围控制良好，可能包含极少量轻微超纲或关联度稍弱的信息。"", ""3分： 内容大部分相关，但包含一些偏离主题或超出范围的部分，范围控制不够精确。"", ""2分： 内容相关性较差，包含较多无关信息，或严重超出指定范围。"", ""1分： 内容基本不相关，或完全脱离指定范围。""]",question_seed42/train source; dev/test question overlap forbidden; source answer reference only
b96_077,syn_42c59111c5532284,0fd02d7273debd8fab1d1366fcf4d4979d4551b0,train,results_merge.jsonl,1070,aa48c48cd6bf14c4713397de0e37c7971495e79d,593a92df4a2d98334f5d9252bebc99eab351384f,"Subject:Mathematics
Education Level:PhD
Question:In the context of complex analysis, consider the function f(z) = z^2 + 1. Which of the following statements is true regarding its singularities?
A) f(z) has no singularities.
B) f(z) has a removable singularity at z = 0.
C) f(z) has a pole of order 2 at z = i.
D) f(z) has an essential singularity at infinity.
. Please generate the corresponding answer based on the question. ""Answer"":, in JSON format.","[""5: Content is highly relevant to the specified topic/theme/question; strictly within required difficulty/scope/discipline without redundant or irrelevant information."", ""4: Overall relevance is high; scope control is good with possibly a small amount of slightly off-topic or mildly overreaching information."", ""3: Mostly relevant, but includes some off-topic or out-of-scope content; scope control needs improvement."", ""2: Poor relevance; includes a significant amount of irrelevant information or is largely outside scope."", ""1: Content is largely irrelevant or completely outside the specified scope.""]",2,2,en,Content Relevance & Scope Control,scenario_mismatch,scenario_mismatch,5,5,Question Answering,Mathematics,PhD,True,True,True,exact_metric_language,False,False,False,False,False,False,False,False,False,False,LOW,"Subject:Mathematics\nEducation Level:PhD\nQuestion:In the context of complex analysis, consider the function f(z) = z^2 + 1. Which of the following statements is true regarding its singularities?\nA) f(z) has no singularities.\nB) f(z) has a removable singularity at z = 0.\nC) f(z) has a pole of order 2 at z = i.\nD) f(z) has an essential singularity at infinity.\n. Please generate the corresponding answer based on the question. ""Answer"":, in JSON format.","{\n  ""answer"": ""A) f(z) has no singularities.""\n}\n\nThe function \(f(z) = z^2 + 1\) is a polynomial and therefore entire (holomorphic on the whole complex plane). Polynomials do not have any singularities because they are defined and analytic everywhere in the complex plane. Thus, the correct statement is that \(f(z)\) has no singularities.","[""5: Content is highly relevant to the specified topic/theme/question; strictly within required difficulty/scope/discipline without redundant or irrelevant information."", ""4: Overall relevance is high; scope control is good with possibly a small amount of slightly off-topic or mildly overreaching information."", ""3: Mostly relevant, but includes some off-topic or out-of-scope content; scope control needs improvement."", ""2: Poor relevance; includes a significant amount of irrelevant information or is largely outside scope."", ""1: Content is largely irrelevant or completely outside the specified scope.""]",question_seed42/train source; dev/test question overlap forbidden; source answer reference only
b96_078,syn_ef5440a1929006b7,24554d879791e4acbff51ad16a5eafbb00ef9015,train,results_merge.jsonl,2826,5a7b2f18ce6931feaaba02ce67a2309b10580098,ae0a00a884360913984be9562f675e1f971328d4,"学生画像：学生的画像：{'姓名': '小明', '年级': '小学四年级', '兴趣': ['观察自然', '阅读科普书籍'], '学习风格': '动手实践型', '能力水平': '理解力较强，但记忆力和专注度需要加强', '性格特点': '好奇心强，喜欢提出问题'}
请根据学生画像，为每位学生生成 ‘个性化的学习内容或任务’:,以json格式返回","[""5分： 内容与指定知识点/主题/问题高度相关，且严格控制在要求的难度、范围、学科内，无冗余或无关信息。"", ""4分： 内容主体相关，范围控制良好，可能包含极少量轻微超纲或关联度稍弱的信息。"", ""3分： 内容大部分相关，但包含一些偏离主题或超出范围的部分，范围控制不够精确。"", ""2分： 内容相关性较差，包含较多无关信息，或严重超出指定范围。"", ""1分： 内容基本不相关，或完全脱离指定范围。""]",2,2,zh,Content Relevance & Scope Control,rubric_violation,rubric_violation,5,5,Personalized Learning Support,Biology,Elementary School,True,True,True,exact_metric_language,False,False,False,False,False,False,False,False,False,False,LOW,"学生画像：学生的画像：{'姓名': '小明', '年级': '小学四年级', '兴趣': ['观察自然', '阅读科普书籍'], '学习风格': '动手实践型', '能力水平': '理解力较强，但记忆力和专注度需要加强', '性格特点': '好奇心强，喜欢提出问题'}\n请根据学生画像，为每位学生生成 ‘个性化的学习内容或任务’:,以json格式返回","```json\n{\n  ""姓名"": ""小明"",\n  ""年级"": ""小学四年级"",\n  ""个性化学习内容与任务"": [\n    {\n      ""主题"": ""自然观察与科学探究"",\n      ""任务描述"": ""种植并记录豆芽生长过程"",\n      ""具体步骤"": [\n        ""准备材料：绿豆、透明容器、吸水纸巾、水"",\n        ""每日浇水并拍照记录豆芽形态变化"",\n        ""绘制生长曲线图（高度/天数）"",\n        ""结合科普书籍解释光合作用原理""\n      ],\n      ""能力培养目标"": [""观察力"", ""持续记录习惯"", ""现象与理论结合""],\n      ""记忆强化设计"": {\n        ""阶段复习"": ""每周制作生长简报（图片+文字说明）"",\n        ""趣味检测"": ""设计'植物生长知识问答卡'游戏""\n      }\n    },\n    {\n      ""主题"": ""互动式科普阅读"",\n      ""任务设计"": ""制作'为什么'问题手册"",\n      ""执行方式"": [\n        ""阅读指定科普书籍时标记3个有趣问题"",\n        ""通过家庭实验/网络查询寻找答案"",\n        ""用黏土制作问题相关模型（如火山结构）""\n      ],\n      ""专注力训练"": {\n        ""番茄工作法"": ""25分钟专注阅读+5分钟模型制作"",\n        ""成果展示"": ""周末向家人讲解1个科学问题""\n      }\n...","[""5分： 内容与指定知识点/主题/问题高度相关，且严格控制在要求的难度、范围、学科内，无冗余或无关信息。"", ""4分： 内容主体相关，范围控制良好，可能包含极少量轻微超纲或关联度稍弱的信息。"", ""3分： 内容大部分相关，但包含一些偏离主题或超出范围的部分，范围控制不够精确。"", ""2分： 内容相关性较差，包含较多无关信息，或严重超出指定范围。"", ""1分： 内容基本不相关，或完全脱离指定范围。""]",question_seed42/train source; dev/test question overlap forbidden; source answer reference only
b96_079,syn_b2fc302bafa59ac9,14eef0cb4ffaf84dd120450be15fafb46dd40e71,train,results_merge.jsonl,872,5190426b37344a5dd70adf4894aacc1fb868cdff,21bf916683cd31ad459e0b3cb6a6924f6523ab4f,"Question: True or False: The human liver has the capacity to regenerate after surgical removal of a portion of its tissue.
Student's Answer: True
Please provide ""Score"", ""Scoring Details"", and ""Personalized Feedback"" based on the question and student's answer, in JSON format.","[""5: Content is highly relevant to the specified topic/theme/question; strictly within required difficulty/scope/discipline without redundant or irrelevant information."", ""4: Overall relevance is high; scope control is good with possibly a small amount of slightly off-topic or mildly overreaching information."", ""3: Mostly relevant, but includes some off-topic or out-of-scope content; scope control needs improvement."", ""2: Poor relevance; includes a significant amount of irrelevant information or is largely outside scope."", ""1: Content is largely irrelevant or completely outside the specified scope.""]",3,3,en,Content Relevance & Scope Control,scenario_mismatch,scenario_mismatch,5,5,Automatic Grading,Basic Medicine,Undergraduate,True,True,True,exact_metric_language,False,False,False,False,False,False,False,False,False,False,LOW,"Question: True or False: The human liver has the capacity to regenerate after surgical removal of a portion of its tissue.\nStudent's Answer: True\nPlease provide ""Score"", ""Scoring Details"", and ""Personalized Feedback"" based on the question and student's answer, in JSON format.","```json\n{\n  ""Score"": 1,\n  ""ScoringDetails"": {\n    ""Accuracy"": 1,\n    ""Explanation"": ""The student's answer is correct. The human liver indeed has a remarkable ability to regenerate. After a portion of the liver is removed, the remaining tissue can grow back to its original size and function, making the statement true.""\n  },\n  ""PersonalizedFeedback"": ""Great job! Your understanding of the liver's regenerative capabilities is accurate. This is an important biological fact that highlights the liver's unique and vital role in the body. Keep up the good work!""\n}\n```","[""5: Content is highly relevant to the specified topic/theme/question; strictly within required difficulty/scope/discipline without redundant or irrelevant information."", ""4: Overall relevance is high; scope control is good with possibly a small amount of slightly off-topic or mildly overreaching information."", ""3: Mostly relevant, but includes some off-topic or out-of-scope content; scope control needs improvement."", ""2: Poor relevance; includes a significant amount of irrelevant information or is largely outside scope."", ""1: Content is largely irrelevant or completely outside the specified scope.""]",question_seed42/train source; dev/test question overlap forbidden; source answer reference only
b96_080,syn_6804d8697be845c8,2562d2f9291bccd950fc44eadc429f25efc482df,train,results_merge.jsonl,3881,0a3152b6a40fc98b07a15855ba40ec0882507e78,1b551c042a930df078e4a63722d278a82a0e3d79,"问题：在研究中世纪封建制度发展的过程中，下列哪些因素对其演变起到了关键作用？（可选择多个）
A. 农奴制
B. 城市化进程
C. 十字军东征
D. 文艺复兴
E. 黑死病的流行
F. 军事科技的进步
学生的答案：['A', 'C', 'E', 'F']
请根据问题和学生答案给出""评分"":""评分细节"":""个性化反馈"":,以json格式返回","[""5分： 内容与指定知识点/主题/问题高度相关，且严格控制在要求的难度、范围、学科内，无冗余或无关信息。"", ""4分： 内容主体相关，范围控制良好，可能包含极少量轻微超纲或关联度稍弱的信息。"", ""3分： 内容大部分相关，但包含一些偏离主题或超出范围的部分，范围控制不够精确。"", ""2分： 内容相关性较差，包含较多无关信息，或严重超出指定范围。"", ""1分： 内容基本不相关，或完全脱离指定范围。""]",3,3,zh,Content Relevance & Scope Control,rubric_violation,rubric_violation,5,5,Automatic Grading,History,PhD,True,True,True,exact_metric_language,False,False,False,False,False,False,False,False,False,False,LOW,"问题：在研究中世纪封建制度发展的过程中，下列哪些因素对其演变起到了关键作用？（可选择多个）\nA. 农奴制\nB. 城市化进程\nC. 十字军东征\nD. 文艺复兴\nE. 黑死病的流行\nF. 军事科技的进步\n学生的答案：['A', 'C', 'E', 'F']\n请根据问题和学生答案给出""评分"":""评分细节"":""个性化反馈"":,以json格式返回","```json\n{\n  ""评分"": 4,\n  ""评分细节"": {\n    ""正确选项"": [""A"", ""C"", ""E"", ""F""],\n    ""学生答案"": [""A"", ""C"", ""E"", ""F""],\n    ""得分"": 4,\n    ""满分"": 4\n  },\n  ""个性化反馈"": ""你的答案完全正确！农奴制（A）是封建制度的核心经济基础，十字军东征（C）通过削弱贵族力量、促进东西方交流影响了封建结构，黑死病（E）导致人口锐减并加速了农奴制的瓦解，军事科技进步（F）如火药的应用则削弱了传统骑士阶级的军事垄断。这些因素共同推动了中世纪封建制度的演变。未被选中的选项中，城市化（B）虽然与封建制度衰落相关，但更多是其结果而非直接驱动力；文艺复兴（D）时间较晚，主要属于后续文化变革。继续保持对历史因果关系的深入分析！""\n}\n```","[""5分： 内容与指定知识点/主题/问题高度相关，且严格控制在要求的难度、范围、学科内，无冗余或无关信息。"", ""4分： 内容主体相关，范围控制良好，可能包含极少量轻微超纲或关联度稍弱的信息。"", ""3分： 内容大部分相关，但包含一些偏离主题或超出范围的部分，范围控制不够精确。"", ""2分： 内容相关性较差，包含较多无关信息，或严重超出指定范围。"", ""1分： 内容基本不相关，或完全脱离指定范围。""]",question_seed42/train source; dev/test question overlap forbidden; source answer reference only
b96_081,syn_be0c55c2a79384de,042b1de277caa909648c04be2131a99e62c6b1fb,train,results_merge.jsonl,514,ab6bb9f4466b3c5fe1f7f2ed3ec527b9dc3b6304,a452682d943b335b7ac6acb4af4a1e7269ae829a,"Question: Which of the following statements is true about the acceleration due to gravity on Earth?
Original Answer: The acceleration due to gravity is the same at all altitudes on Earth.
You are providing error-correction services for the student's response. Based on this question and the original answer, provide the ""Corrected Answer"" and ""Error Explanation"", in JSON format.","[""5: Extremely clear and concise explanations; fully accessible for target learners; vibrant and engaging delivery that inspires deep thought and interest."", ""4: Clear and easy to understand; appropriate for learner level; somewhat thought-provoking and can trigger reflection."", ""3: Generally understandable but may be wordy, complex, or dull; limited inspirational impact."", ""2: Lacks clarity; uses excessive jargon or complex structures; difficult to comprehend; uninspiring."", ""1: Confusing and hard to follow; disregards learner needs; offers no inspiration and may cause confusion.""]",1,1,en,"Clarity, Simplicity & Inspiration",superficial_fluency,superficial_fluency,5,5,Error Correction,Physics,High School,True,True,True,exact_metric_language,False,False,False,False,False,False,False,False,False,False,LOW,"Question: Which of the following statements is true about the acceleration due to gravity on Earth?\nOriginal Answer: The acceleration due to gravity is the same at all altitudes on Earth.\nYou are providing error-correction services for the student's response. Based on this question and the original answer, provide the ""Corrected Answer"" and ""Error Explanation"", in JSON format.","{\n  ""Corrected Answer"": ""The acceleration due to gravity is not the same at all altitudes on Earth; it decreases as altitude increases."",\n  ""Error Explanation"": ""The original statement is incorrect because the acceleration due to gravity varies with altitude. At higher altitudes, objects experience less gravitational force from the Earth compared to when they are closer to the Earth's surface.""\n}","[""5: Extremely clear and concise explanations; fully accessible for target learners; vibrant and engaging delivery that inspires deep thought and interest."", ""4: Clear and easy to understand; appropriate for learner level; somewhat thought-provoking and can trigger reflection."", ""3: Generally understandable but may be wordy, complex, or dull; limited inspirational impact."", ""2: Lacks clarity; uses excessive jargon or complex structures; difficult to comprehend; uninspiring."", ""1: Confusing and hard to follow; disregards learner needs; offers no inspiration and may cause confusion.""]",question_seed42/train source; dev/test question overlap forbidden; source answer reference only
b96_082,syn_00d4c1537cfb3ded,1c0dfd826f39df77edbda5d862d5fb96717fac6b,train,results_merge.jsonl,5271,b0ec9ece1525000e58e3539446f4c4e03dc1c08f,76c4115c52df687f01ba544f302f273a5d0e4d62,"学科:基础医学
学制级别:硕士
知识点：肌肉收缩的生理机制
问题类型：多选题
.请根据学科,学制级别,知识点,问题类型生成一个对应的问题。""问题""和""提供的思路"":,以json格式返回","[""5分： 解释、说明、反馈极其清晰简洁，完全符合目标学习者的理解水平；表达生动有趣，能有效激发思考和兴趣。"", ""4分： 表达清晰易懂，语言简洁，适合目标学习者；具有一定的启发性，能够引发一些思考。"", ""3分： 表达基本能懂，但可能略显啰嗦、复杂或不够生动；启发性一般。"", ""2分： 表达不够清晰，存在较多术语或复杂句式，不易理解；缺乏启发性。"", ""1分： 表达混乱、晦涩难懂，完全不考虑学习者水平；毫无启发性甚至令人困惑。""]",1,1,zh,"Clarity, Simplicity & Inspiration",rubric_violation,rubric_violation,5,5,Question Generation,Basic Medicine,Master,True,True,True,exact_metric_language,False,False,False,False,False,False,False,False,False,False,LOW,"学科:基础医学\n学制级别:硕士\n知识点：肌肉收缩的生理机制\n问题类型：多选题\n.请根据学科,学制级别,知识点,问题类型生成一个对应的问题。""问题""和""提供的思路"":,以json格式返回","```json\n{\n  ""问题"": ""骨骼肌收缩过程中，下列哪些步骤是必须的？"",\n  ""提供的思路"": {\n    ""正确选项"": [\n      ""A. 动作电位沿横小管传至三联体，触发肌质网释放Ca²⁺"",\n      ""B. Ca²⁺与肌钙蛋白结合，导致原肌球蛋白构象改变"",\n      ""C. 肌球蛋白横桥与肌动蛋白活性位点结合并发生摆动"",\n      ""D. ATP分解供能驱动横桥与肌动蛋白分离""\n    ],\n    ""错误选项"": [\n      ""E. Na⁺内流引发肌细胞膜去极化"",\n      ""F. Ca²⁺通过主动转运进入线粒体储存""\n    ],\n    ""解析"": [\n      ""A正确：横小管传递动作电位至三联体是肌质网释放Ca²⁺的关键触发机制（电-机械耦联）。"",\n      ""B正确：Ca²⁺结合肌钙蛋白是暴露肌动蛋白结合位点的必要条件（化学耦联）。"",\n      ""C正确：横桥与肌动蛋白结合及摆动是肌肉缩短的直接动力来源（横桥循环）。"",\n      ""D正确：ATP分解既为横桥复位供能，也是横桥与肌动蛋白分离的必要条件。"",\n      ""E错误：骨骼肌动作电位主要由Na⁺内流引发，但此步骤属于兴奋产生阶段，非收缩本身的必须步骤。"",\n      ""F错误：Ca²⁺通过肌质网钙泵回收，而非进入线粒体。""\n    ]\n  }\n}\n```","[""5分： 解释、说明、反馈极其清晰简洁，完全符合目标学习者的理解水平；表达生动有趣，能有效激发思考和兴趣。"", ""4分： 表达清晰易懂，语言简洁，适合目标学习者；具有一定的启发性，能够引发一些思考。"", ""3分： 表达基本能懂，但可能略显啰嗦、复杂或不够生动；启发性一般。"", ""2分： 表达不够清晰，存在较多术语或复杂句式，不易理解；缺乏启发性。"", ""1分： 表达混乱、晦涩难懂，完全不考虑学习者水平；毫无启发性甚至令人困惑。""]",question_seed42/train source; dev/test question overlap forbidden; source answer reference only
b96_083,syn_c462648918e4b258,3f7689eac5a2773ea9ae58910d8b6e3aebeb5031,train,results_merge.jsonl,1695,182ead73c7c9bef64c812e1c3366635156817f15,1cdffedabf6ba7c2c7951d3aefcda689e8c7bb04,"Question: What is the value of 5 + 3?

Please provide reasoning based on this question. Do not provide the answer directly.. ""Reasoning Provided"":, return in JSON format","[""5: Extremely clear and concise explanations; fully accessible for target learners; vibrant and engaging delivery that inspires deep thought and interest."", ""4: Clear and easy to understand; appropriate for learner level; somewhat thought-provoking and can trigger reflection."", ""3: Generally understandable but may be wordy, complex, or dull; limited inspirational impact."", ""2: Lacks clarity; uses excessive jargon or complex structures; difficult to comprehend; uninspiring."", ""1: Confusing and hard to follow; disregards learner needs; offers no inspiration and may cause confusion.""]",1,1,en,"Clarity, Simplicity & Inspiration",superficial_fluency,superficial_fluency,5,5,Idea Provision,Mathematics,Elementary School,True,True,True,exact_metric_language,False,False,False,False,False,False,False,False,False,False,LOW,"Question: What is the value of 5 + 3?\n\nPlease provide reasoning based on this question. Do not provide the answer directly.. ""Reasoning Provided"":, return in JSON format","```json\n{\n  ""Reasoning Provided"": ""The problem requires adding two numbers, 5 and 3. To solve this, one can start with the number 5 and count upward by 3 units: 5 (as the starting point), then 6 (1), 7 (2), and 8 (3). This sequential counting confirms the total. Alternatively, combining 5 individual units with 3 individual units results in 8 units when counted together. Both methods validate the sum without discrepancies.""\n}\n```","[""5: Extremely clear and concise explanations; fully accessible for target learners; vibrant and engaging delivery that inspires deep thought and interest."", ""4: Clear and easy to understand; appropriate for learner level; somewhat thought-provoking and can trigger reflection."", ""3: Generally understandable but may be wordy, complex, or dull; limited inspirational impact."", ""2: Lacks clarity; uses excessive jargon or complex structures; difficult to comprehend; uninspiring."", ""1: Confusing and hard to follow; disregards learner needs; offers no inspiration and may cause confusion.""]",question_seed42/train source; dev/test question overlap forbidden; source answer reference only
b96_084,syn_1a59f7c638953632,54426a768c1a2ebab889a2a609e28310b3a939fe,train,results_merge.jsonl,3373,fdcc493923c6536e26519ec07f9693ca405da624,a6114541522741db3bde0585352eedc2d6d9284a,"问题：What is the past tense of the verb 'run'?
原答案：The past tense of 'run' is 'runned'.
你为学生的回答进行纠错服务.请根据这个问题和原答案给出""纠错后答案""和""纠错说明"":,以json格式返回","[""5分： 解释、说明、反馈极其清晰简洁，完全符合目标学习者的理解水平；表达生动有趣，能有效激发思考和兴趣。"", ""4分： 表达清晰易懂，语言简洁，适合目标学习者；具有一定的启发性，能够引发一些思考。"", ""3分： 表达基本能懂，但可能略显啰嗦、复杂或不够生动；启发性一般。"", ""2分： 表达不够清晰，存在较多术语或复杂句式，不易理解；缺乏启发性。"", ""1分： 表达混乱、晦涩难懂，完全不考虑学习者水平；毫无启发性甚至令人困惑。""]",2,2,zh,"Clarity, Simplicity & Inspiration",rubric_violation,rubric_violation,5,5,Error Correction,English,Elementary School,True,True,True,exact_metric_language,False,False,False,False,False,False,False,False,False,False,LOW,"问题：What is the past tense of the verb 'run'?\n原答案：The past tense of 'run' is 'runned'.\n你为学生的回答进行纠错服务.请根据这个问题和原答案给出""纠错后答案""和""纠错说明"":,以json格式返回","```json\n{\n    ""纠错后答案"": ""The past tense of 'run' is 'ran'."",\n    ""纠错说明"": ""动词 'run' 是不规则动词，其过去式并非通过加 '-ed' 构成。正确过去式为 'ran'，过去分词为 'run'。例如：'Yesterday, I ran a marathon.' 学生可能误以为所有动词过去式都遵循 '-ed' 规则，需强调不规则动词的特殊变化并建议记忆常见不规则动词表。""\n}\n```","[""5分： 解释、说明、反馈极其清晰简洁，完全符合目标学习者的理解水平；表达生动有趣，能有效激发思考和兴趣。"", ""4分： 表达清晰易懂，语言简洁，适合目标学习者；具有一定的启发性，能够引发一些思考。"", ""3分： 表达基本能懂，但可能略显啰嗦、复杂或不够生动；启发性一般。"", ""2分： 表达不够清晰，存在较多术语或复杂句式，不易理解；缺乏启发性。"", ""1分： 表达混乱、晦涩难懂，完全不考虑学习者水平；毫无启发性甚至令人困惑。""]",question_seed42/train source; dev/test question overlap forbidden; source answer reference only
b96_085,syn_3cf5ef0e78eb8502,46a9ea4afc3464835871457d43e3c48dc0e3ab99,train,results_merge.jsonl,1921,7f281c5d001646c5cd068f561302e9f2c1b03a4e,a1eac72dfa2bd2b3bf57d259d17bf3b99950d62d,"Question: Which Chinese dynasty is known for the construction of the majority of the Great Wall of China as it stands today?

Please provide reasoning based on this question. Do not provide the answer directly.. ""Reasoning Provided"":, return in JSON format","[""5: Extremely clear and concise explanations; fully accessible for target learners; vibrant and engaging delivery that inspires deep thought and interest."", ""4: Clear and easy to understand; appropriate for learner level; somewhat thought-provoking and can trigger reflection."", ""3: Generally understandable but may be wordy, complex, or dull; limited inspirational impact."", ""2: Lacks clarity; uses excessive jargon or complex structures; difficult to comprehend; uninspiring."", ""1: Confusing and hard to follow; disregards learner needs; offers no inspiration and may cause confusion.""]",2,2,en,"Clarity, Simplicity & Inspiration",superficial_fluency,superficial_fluency,5,5,Idea Provision,Chinese,High School,True,True,True,exact_metric_language,False,False,False,False,False,False,False,False,False,False,LOW,"Question: Which Chinese dynasty is known for the construction of the majority of the Great Wall of China as it stands today?\n\nPlease provide reasoning based on this question. Do not provide the answer directly.. ""Reasoning Provided"":, return in JSON format","{\n  ""reasoning"": ""The construction of the Great Wall of China as we see it today was primarily carried out during the Ming Dynasty (1368-1644). While earlier dynasties such as the Qin and the Han had started building or repairing sections of the wall, it was during the Ming period that the wall was significantly extended and fortified to its current recognizable form. This was due to various military threats from the north, particularly from Mongol invasions, which prompted the Ming emperors to strengthen the northern defenses.""\n}","[""5: Extremely clear and concise explanations; fully accessible for target learners; vibrant and engaging delivery that inspires deep thought and interest."", ""4: Clear and easy to understand; appropriate for learner level; somewhat thought-provoking and can trigger reflection."", ""3: Generally understandable but may be wordy, complex, or dull; limited inspirational impact."", ""2: Lacks clarity; uses excessive jargon or complex structures; difficult to comprehend; uninspiring."", ""1: Confusing and hard to follow; disregards learner needs; offers no inspiration and may cause confusion.""]",question_seed42/train source; dev/test question overlap forbidden; source answer reference only
b96_086,syn_a017739a74f0f6fc,61aea76f41ddf85fc300bc7bd0eaa8c4d1293591,train,results_merge.jsonl,5120,f1957be055b3faa0aea88aa4c67e38d0b94b2a4d,b8296985dbcb722137c54b30a85ec000c3e88e02,"学科:水产养殖
学制级别:大学
知识点：水质管理在水产养殖中的重要性
问题类型：简答题
.请根据学科,学制级别,知识点,问题类型生成一个对应的问题。""问题""和""提供的思路"":,以json格式返回","[""5分： 解释、说明、反馈极其清晰简洁，完全符合目标学习者的理解水平；表达生动有趣，能有效激发思考和兴趣。"", ""4分： 表达清晰易懂，语言简洁，适合目标学习者；具有一定的启发性，能够引发一些思考。"", ""3分： 表达基本能懂，但可能略显啰嗦、复杂或不够生动；启发性一般。"", ""2分： 表达不够清晰，存在较多术语或复杂句式，不易理解；缺乏启发性。"", ""1分： 表达混乱、晦涩难懂，完全不考虑学习者水平；毫无启发性甚至令人困惑。""]",2,2,zh,"Clarity, Simplicity & Inspiration",rubric_violation,rubric_violation,5,5,Question Generation,Aquaculture,Undergraduate,True,True,True,exact_metric_language,False,False,False,False,False,False,False,False,False,False,LOW,"学科:水产养殖\n学制级别:大学\n知识点：水质管理在水产养殖中的重要性\n问题类型：简答题\n.请根据学科,学制级别,知识点,问题类型生成一个对应的问题。""问题""和""提供的思路"":,以json格式返回","```json\n{\n  ""问题"": ""简述水质管理在水产养殖中的重要性。"",\n  ""提供的思路"": {\n    ""核心要点"": [\n      ""直接影响水生生物的生长、繁殖和存活率"",\n      ""维持养殖水体的生态平衡"",\n      ""预防疾病爆发和有害物质积累"",\n      ""提高养殖产量和产品品质""\n    ],\n    ""具体说明"": [\n      ""溶解氧、氨氮、pH值等关键参数的控制"",\n      ""微生物群落和藻相平衡的调节作用"",\n      ""污染物处理与物质循环的保障机制"",\n      ""不同养殖品种对水质的特殊要求""\n    ],\n    ""延伸分析"": [\n      ""水质监测技术的应用"",\n      ""循环水系统的发展趋势"",\n      ""环境友好型养殖模式的关联性""\n    ]\n  }\n}\n```","[""5分： 解释、说明、反馈极其清晰简洁，完全符合目标学习者的理解水平；表达生动有趣，能有效激发思考和兴趣。"", ""4分： 表达清晰易懂，语言简洁，适合目标学习者；具有一定的启发性，能够引发一些思考。"", ""3分： 表达基本能懂，但可能略显啰嗦、复杂或不够生动；启发性一般。"", ""2分： 表达不够清晰，存在较多术语或复杂句式，不易理解；缺乏启发性。"", ""1分： 表达混乱、晦涩难懂，完全不考虑学习者水平；毫无启发性甚至令人困惑。""]",question_seed42/train source; dev/test question overlap forbidden; source answer reference only
b96_087,syn_f77737026c871c7a,65bac51738eb957c7fb80c5e80462fd8de1c9a51,train,results_merge.jsonl,692,d54a888f57ecd3934df1e807afdeaf64b71d457c,b23ea0f855c4bebd1d98a37d3ff892575113f561,"Question: Explain the concept of 'New Public Management' (NPM) and its impact on traditional public administration practices.
Original Answer: New Public Management is a concept that aims to modernize and make the public sector more efficient by adopting private sector management techniques. Its impact on traditional public administration practices is minimal as it simply adds more bureaucracy.
You are providing error-correction services for the student's response. Based on this question and the original answer, provide the ""Corrected Answer"" and ""Error Explanation"", in JSON format.","[""5: Extremely clear and concise explanations; fully accessible for target learners; vibrant and engaging delivery that inspires deep thought and interest."", ""4: Clear and easy to understand; appropriate for learner level; somewhat thought-provoking and can trigger reflection."", ""3: Generally understandable but may be wordy, complex, or dull; limited inspirational impact."", ""2: Lacks clarity; uses excessive jargon or complex structures; difficult to comprehend; uninspiring."", ""1: Confusing and hard to follow; disregards learner needs; offers no inspiration and may cause confusion.""]",3,3,en,"Clarity, Simplicity & Inspiration",superficial_fluency,superficial_fluency,5,5,Error Correction,Public Administration,Master,True,True,True,exact_metric_language,False,False,False,False,False,False,False,False,False,False,LOW,"Question: Explain the concept of 'New Public Management' (NPM) and its impact on traditional public administration practices.\nOriginal Answer: New Public Management is a concept that aims to modernize and make the public sector more efficient by adopting private sector management techniques. Its impact on traditional public administration practices is minimal as it simply adds more bureaucracy.\nYou are providing error-correction services for the student's response. Based on this question and the original answer, provide the ""Corrected Answer"" and ""Error Explanation"", in JSON format.","{\n  ""Corrected Answer"": ""New Public Management (NPM) is a reform movement aimed at modernizing and making the public sector more efficient by adopting private sector management techniques such as competition, customer focus, decentralization, and performance measurement. NPM has significantly impacted traditional public administration practices by shifting the focus from process-oriented and rule-based service delivery to a more results-oriented approach. It emphasizes accountability, efficiency, and responsiveness to citizens, which contrasts with the traditional public administration's hierarchical structure and procedural emphasis."",\n  ""Error Explanation"": ""The original answer contai...","[""5: Extremely clear and concise explanations; fully accessible for target learners; vibrant and engaging delivery that inspires deep thought and interest."", ""4: Clear and easy to understand; appropriate for learner level; somewhat thought-provoking and can trigger reflection."", ""3: Generally understandable but may be wordy, complex, or dull; limited inspirational impact."", ""2: Lacks clarity; uses excessive jargon or complex structures; difficult to comprehend; uninspiring."", ""1: Confusing and hard to follow; disregards learner needs; offers no inspiration and may cause confusion.""]",question_seed42/train source; dev/test question overlap forbidden; source answer reference only
b96_088,syn_bf28699b3ae3fd73,64f4fe9caaf5727bc91182a00728e2036d5822e3,train,results_merge.jsonl,3182,4cfe6cf5c0f826d38b6a22898e51a72f140e9f28,ce438199e1b3ec357632a23804989454611079f6,"问题：以下哪位教育学家提出了“最近发展区”理论？
原答案：约翰·杜威
你为学生的回答进行纠错服务.请根据这个问题和原答案给出""纠错后答案""和""纠错说明"":,以json格式返回","[""5分： 解释、说明、反馈极其清晰简洁，完全符合目标学习者的理解水平；表达生动有趣，能有效激发思考和兴趣。"", ""4分： 表达清晰易懂，语言简洁，适合目标学习者；具有一定的启发性，能够引发一些思考。"", ""3分： 表达基本能懂，但可能略显啰嗦、复杂或不够生动；启发性一般。"", ""2分： 表达不够清晰，存在较多术语或复杂句式，不易理解；缺乏启发性。"", ""1分： 表达混乱、晦涩难懂，完全不考虑学习者水平；毫无启发性甚至令人困惑。""]",3,3,zh,"Clarity, Simplicity & Inspiration",rubric_violation,rubric_violation,5,5,Error Correction,General Pedagogy,Master,True,True,True,exact_metric_language,False,False,False,False,False,False,False,False,False,False,LOW,"问题：以下哪位教育学家提出了“最近发展区”理论？\n原答案：约翰·杜威\n你为学生的回答进行纠错服务.请根据这个问题和原答案给出""纠错后答案""和""纠错说明"":,以json格式返回","```json\n{\n    ""纠错后答案"": ""列夫·维果茨基"",\n    ""纠错说明"": ""提出“最近发展区”理论的教育学家是苏联心理学家列夫·维果茨基（Lev Vygotsky），而非约翰·杜威。维果茨基的理论强调学习者在成人指导或与能力更强的同伴合作时能实现的潜在发展水平。约翰·杜威的主要贡献在于实用主义教育思想，倡导“做中学”和民主教育，与“最近发展区”无直接关联。""\n}\n```","[""5分： 解释、说明、反馈极其清晰简洁，完全符合目标学习者的理解水平；表达生动有趣，能有效激发思考和兴趣。"", ""4分： 表达清晰易懂，语言简洁，适合目标学习者；具有一定的启发性，能够引发一些思考。"", ""3分： 表达基本能懂，但可能略显啰嗦、复杂或不够生动；启发性一般。"", ""2分： 表达不够清晰，存在较多术语或复杂句式，不易理解；缺乏启发性。"", ""1分： 表达混乱、晦涩难懂，完全不考虑学习者水平；毫无启发性甚至令人困惑。""]",question_seed42/train source; dev/test question overlap forbidden; source answer reference only
b96_089,syn_d721f90674792944,9bb0f9bf673d529cb98d2605003a40be71be9af8,train,results_merge.jsonl,1830,dd136878ae93aa36b80dca8d0b02cf25011b6f5e,a0a660921096d61daa5dd91b9fbfc68ee5fac71f,"Question: Explain the role of microRNAs in the regulation of gene expression in eukaryotic cells.
Student's Answer: MicroRNAs (miRNAs) are small, non-coding RNA molecules that play a crucial role in regulating gene expression in eukaryotic cells. They primarily function by binding to complementary sequences on target messenger RNA (mRNA) transcripts, usually resulting in gene silencing. This silencing occurs through two main mechanisms: mRNA degradation and translational repression. When miRNAs pair with their target mRNA with perfect or near-perfect complementarity, the mRNA is usually cleaved and degraded. When the pairing is imperfect, translation of the mRNA is typically repressed. Additionally, miRNAs are involved in various cellular processes such as development, differentiation, apoptosis, and metabolism. Dysregulation of miRNA expression has been linked to numerous diseases, including cancer.
Please provide ""Score"", ""Scoring Details"", and ""Personalized Feedback"" based on the question and student's answer, in JSON format.","[""5: Strongly supportive and encouraging; consistently uses constructive and positive language; offers highly effective heuristic guidance instead of simply giving answers."", ""4: Generally supportive tone and positive language; provides useful guidance though occasionally too direct."", ""3: A mix of encouragement and neutral/critical language; guidance is inconsistent—sometimes helpful, sometimes overly direct or lacking."", ""2: Lacks encouragement and support; language is neutral or mildly negative; rarely guides, often just answers or remains unhelpful."", ""1: Negative or discouraging tone; no motivation or support; fails to guide or gives misleading suggestions.""]",1,1,en,"Motivation, Guidance & Positive Feedback",scenario_mismatch,scenario_mismatch,5,5,Automatic Grading,Biology,PhD,True,True,True,exact_metric_language,False,False,False,False,False,False,False,False,False,False,LOW,"Question: Explain the role of microRNAs in the regulation of gene expression in eukaryotic cells.\nStudent's Answer: MicroRNAs (miRNAs) are small, non-coding RNA molecules that play a crucial role in regulating gene expression in eukaryotic cells. They primarily function by binding to complementary sequences on target messenger RNA (mRNA) transcripts, usually resulting in gene silencing. This silencing occurs through two main mechanisms: mRNA degradation and translational repression. When miRNAs pair with their target mRNA with perfect or near-perfect complementarity, the mRNA is usually cleaved and degraded. When the pairing is imperfect, translation of the mRNA is typically repressed. A...","{\n  ""Score"": 90,\n  ""Scoring Details"": {\n    ""Completeness"": 4.5,\n    ""Accuracy"": 5.0,\n    ""Clarity"": 4.5,\n    ""Depth"": 4.0,\n    ""Relevance"": 5.0\n  },\n  ""Personalized Feedback"": ""Your answer effectively outlines the core role of microRNAs (miRNAs) in gene regulation, including their mechanisms of action (degradation vs. translational repression) and their biological significance. Well done on distinguishing between perfect and imperfect complementarity! To improve, consider expanding on (1) miRNA biogenesis (e.g., processing by Drosha/Dicer) and (2) their association with the RISC complex, which is critical for their silencing function. Additionally, briefly mentioning how miRNAs ...","[""5: Strongly supportive and encouraging; consistently uses constructive and positive language; offers highly effective heuristic guidance instead of simply giving answers."", ""4: Generally supportive tone and positive language; provides useful guidance though occasionally too direct."", ""3: A mix of encouragement and neutral/critical language; guidance is inconsistent—sometimes helpful, sometimes overly direct or lacking."", ""2: Lacks encouragement and support; language is neutral or mildly negative; rarely guides, often just answers or remains unhelpful."", ""1: Negative or discouraging tone; no motivation or support; fails to guide or gives misleading suggestions.""]",question_seed42/train source; dev/test question overlap forbidden; source answer reference only
b96_090,syn_beef4b0077943495,07a9883089c759edc2978f3ee1f4bf2c3cad79f3,train,results_merge.jsonl,3948,60286ca13f8911fb790079d9f9c83f8858745790,e48dca64125e59c6f42a12df73a8e3886e450c1f,"问题：以下哪些选项是化学反应速率的影响因素？（可多选）
A. 反应物的浓度
B. 温度
C. 反应物的颜色
D. 催化剂的存在
E. 反应物的物理状态
学生的答案：A, B, D, E
请根据问题和学生答案给出""评分"":""评分细节"":""个性化反馈"":,以json格式返回","[""5分： 始终体现出强烈的鼓励和支持态度，语言积极、富有建设性；在需要时提供非常有效的启发式引导，而非直接给答案。"", ""4分： 整体体现出鼓励和支持，语言积极正面；能提供有效的引导，偶尔可能过于直接。"", ""3分： 兼具鼓励和中性/批评性语言，积极性一般；引导有时有效，有时直接给答案或引导不足。"", ""2分： 缺乏鼓励和支持，语言偏中性甚至略显负面；很少提供有效引导，倾向于直接给答案或不给帮助。"", ""1分： 语言消极、打击性强，完全没有鼓励；无视引导需求，或提供错误引导。""]",1,1,zh,"Motivation, Guidance & Positive Feedback",superficial_fluency,superficial_fluency,5,5,Automatic Grading,Chemistry,Undergraduate,True,True,True,exact_metric_language,False,False,False,False,False,False,False,False,False,False,LOW,"问题：以下哪些选项是化学反应速率的影响因素？（可多选）\nA. 反应物的浓度\nB. 温度\nC. 反应物的颜色\nD. 催化剂的存在\nE. 反应物的物理状态\n学生的答案：A, B, D, E\n请根据问题和学生答案给出""评分"":""评分细节"":""个性化反馈"":,以json格式返回","```json\n{\n  ""评分"": ""正确"",\n  ""评分细节"": {\n    ""正确选项"": [""A"", ""B"", ""D"", ""E""],\n    ""学生答案"": [""A"", ""B"", ""D"", ""E""],\n    ""得分"": ""4/4""\n  },\n  ""个性化反馈"": ""你的答案完全正确！化学反应速率的主要影响因素包括反应物的浓度（A）、温度（B）、催化剂的存在（D）以及反应物的物理状态（E）。浓度越高或温度升高会加快反应速率；催化剂通过降低活化能显著提高反应速率；而物理状态（如固体表面积或物质形态）会影响反应物接触面积，从而影响速率。反应物的颜色（C）通常与吸光性质相关，但不会直接改变反应速率，因此不属于影响因素。继续保持对核心概念的清晰理解！""\n}\n```","[""5分： 始终体现出强烈的鼓励和支持态度，语言积极、富有建设性；在需要时提供非常有效的启发式引导，而非直接给答案。"", ""4分： 整体体现出鼓励和支持，语言积极正面；能提供有效的引导，偶尔可能过于直接。"", ""3分： 兼具鼓励和中性/批评性语言，积极性一般；引导有时有效，有时直接给答案或引导不足。"", ""2分： 缺乏鼓励和支持，语言偏中性甚至略显负面；很少提供有效引导，倾向于直接给答案或不给帮助。"", ""1分： 语言消极、打击性强，完全没有鼓励；无视引导需求，或提供错误引导。""]",question_seed42/train source; dev/test question overlap forbidden; source answer reference only
b96_091,syn_297c58f91f599858,371a0fd9e8407cee429e5135763547cfa875d6b9,train,results_merge.jsonl,851,9170c4d4b31f4dd5c699c2524cc746bd54865e83,2a39e17589ea8969e79b87ceef907d04f185bd09,"Question: Discuss the role of neurotransmitters in the regulation of mood, and how imbalances can lead to mood disorders.
Student's Answer: Neurotransmitters are chemicals in the brain that transmit signals between neurons. They play a crucial role in regulating mood. For instance, serotonin and dopamine are neurotransmitters that are heavily involved in mood regulation. An imbalance in serotonin levels is often linked to depression, while dopamine is associated with pleasure and reward, and its imbalance can lead to disorders such as bipolar disorder. Treatments for mood disorders often aim to correct these imbalances using medications that affect neurotransmitter levels.
Please provide ""Score"", ""Scoring Details"", and ""Personalized Feedback"" based on the question and student's answer, in JSON format.","[""5: Strongly supportive and encouraging; consistently uses constructive and positive language; offers highly effective heuristic guidance instead of simply giving answers."", ""4: Generally supportive tone and positive language; provides useful guidance though occasionally too direct."", ""3: A mix of encouragement and neutral/critical language; guidance is inconsistent—sometimes helpful, sometimes overly direct or lacking."", ""2: Lacks encouragement and support; language is neutral or mildly negative; rarely guides, often just answers or remains unhelpful."", ""1: Negative or discouraging tone; no motivation or support; fails to guide or gives misleading suggestions.""]",1,1,en,"Motivation, Guidance & Positive Feedback",scenario_mismatch,scenario_mismatch,4,4,Automatic Grading,Psychology,Master,True,True,True,exact_metric_language,False,False,False,False,False,False,False,False,False,False,LOW,"Question: Discuss the role of neurotransmitters in the regulation of mood, and how imbalances can lead to mood disorders.\nStudent's Answer: Neurotransmitters are chemicals in the brain that transmit signals between neurons. They play a crucial role in regulating mood. For instance, serotonin and dopamine are neurotransmitters that are heavily involved in mood regulation. An imbalance in serotonin levels is often linked to depression, while dopamine is associated with pleasure and reward, and its imbalance can lead to disorders such as bipolar disorder. Treatments for mood disorders often aim to correct these imbalances using medications that affect neurotransmitter levels.\nPlease provid...","```json\n{\n  ""Score"": 85,\n  ""Scoring_Details"": {\n    ""Accuracy"": 90,\n    ""Comprehension"": 85,\n    ""Depth"": 75,\n    ""Clarity"": 100\n  },\n  ""Personalized_Feedback"": ""Your explanation of the role of neurotransmitters in mood regulation is clear and accurate. You correctly identified serotonin and dopamine as key neurotransmitters affecting mood. However, there's room for improvement in discussing the specific roles of neurotransmitters and the types of mood disorders they might be linked to. Bipolar disorder, for example, is more commonly associated with imbalances in norepinephrine and other neurotransmitters besides just dopamine. Additionally, mentioning some examples of treatments...","[""5: Strongly supportive and encouraging; consistently uses constructive and positive language; offers highly effective heuristic guidance instead of simply giving answers."", ""4: Generally supportive tone and positive language; provides useful guidance though occasionally too direct."", ""3: A mix of encouragement and neutral/critical language; guidance is inconsistent—sometimes helpful, sometimes overly direct or lacking."", ""2: Lacks encouragement and support; language is neutral or mildly negative; rarely guides, often just answers or remains unhelpful."", ""1: Negative or discouraging tone; no motivation or support; fails to guide or gives misleading suggestions.""]",question_seed42/train source; dev/test question overlap forbidden; source answer reference only
b96_092,syn_7249df2a7777cfce,56b4510524eabe9c94bec4eff3c3b61acb377be0,train,results_merge.jsonl,3916,2315014220e7c1c5fbc4751aea0a196884f3ace8,868525dd7e4d3aa2fd4c53f3eb548272bfdf9506,"问题：解释“需求弹性”的概念及其在经济学中的重要性。
学生的答案：需求弹性是指需求量对价格变化的反应程度。在经济学中，它很重要，因为它帮助企业了解价格变动对销售额的影响，也帮助政府制定税收政策。
请根据问题和学生答案给出""评分"":""评分细节"":""个性化反馈"":,以json格式返回","[""5分： 始终体现出强烈的鼓励和支持态度，语言积极、富有建设性；在需要时提供非常有效的启发式引导，而非直接给答案。"", ""4分： 整体体现出鼓励和支持，语言积极正面；能提供有效的引导，偶尔可能过于直接。"", ""3分： 兼具鼓励和中性/批评性语言，积极性一般；引导有时有效，有时直接给答案或引导不足。"", ""2分： 缺乏鼓励和支持，语言偏中性甚至略显负面；很少提供有效引导，倾向于直接给答案或不给帮助。"", ""1分： 语言消极、打击性强，完全没有鼓励；无视引导需求，或提供错误引导。""]",2,2,zh,"Motivation, Guidance & Positive Feedback",superficial_fluency,superficial_fluency,5,5,Automatic Grading,Theoretical Economics,Undergraduate,True,True,True,exact_metric_language,False,False,False,False,False,False,False,False,False,False,LOW,"问题：解释“需求弹性”的概念及其在经济学中的重要性。\n学生的答案：需求弹性是指需求量对价格变化的反应程度。在经济学中，它很重要，因为它帮助企业了解价格变动对销售额的影响，也帮助政府制定税收政策。\n请根据问题和学生答案给出""评分"":""评分细节"":""个性化反馈"":,以json格式返回","```json\n{\n  ""评分"": ""8/10"",\n  ""评分细节"": {\n    ""概念理解"": ""5/5"",\n    ""经济学中的重要性解释"": ""3/5""\n  },\n  ""个性化反馈"": ""你对需求弹性的定义非常准确，清楚地指出了它是衡量商品或服务的需求量如何响应价格变化的一个指标。在讨论其重要性时，你也正确地提到了企业可以通过理解这一点来优化定价策略，并且政府可以据此调整税收政策以达到特定目标。不过，你的回答还可以进一步丰富。例如，可以提到不同类型的需求弹性（如价格弹性、收入弹性等）以及它们各自的应用场景；或者更深入探讨一下为什么了解这些对于市场分析至关重要，比如可以帮助预测消费者行为的变化趋势，从而更好地规划生产和服务。此外，如果能够结合一个简单的例子来说明这个概念就更好了。继续加油！""\n}\n```","[""5分： 始终体现出强烈的鼓励和支持态度，语言积极、富有建设性；在需要时提供非常有效的启发式引导，而非直接给答案。"", ""4分： 整体体现出鼓励和支持，语言积极正面；能提供有效的引导，偶尔可能过于直接。"", ""3分： 兼具鼓励和中性/批评性语言，积极性一般；引导有时有效，有时直接给答案或引导不足。"", ""2分： 缺乏鼓励和支持，语言偏中性甚至略显负面；很少提供有效引导，倾向于直接给答案或不给帮助。"", ""1分： 语言消极、打击性强，完全没有鼓励；无视引导需求，或提供错误引导。""]",question_seed42/train source; dev/test question overlap forbidden; source answer reference only
b96_093,syn_45410ad18a9c3687,00fef00f81de8268fe9d85ce832c800520cf1aa0,train,results_merge.jsonl,494,4313f036000c452831d9baa30d1ba9a9a6cc0647,fa2bd8829b8fd759e464162de7e82a48d230c15d,"Question: Explain the difference between a stack and a queue data structure.
Original Answer: A stack is a data structure that follows the First In, First Out (FIFO) principle, while a queue follows the Last In, First Out (LIFO) principle.
You are providing error-correction services for the student's response. Based on this question and the original answer, provide the ""Corrected Answer"" and ""Error Explanation"", in JSON format.","[""5: Strongly supportive and encouraging; consistently uses constructive and positive language; offers highly effective heuristic guidance instead of simply giving answers."", ""4: Generally supportive tone and positive language; provides useful guidance though occasionally too direct."", ""3: A mix of encouragement and neutral/critical language; guidance is inconsistent—sometimes helpful, sometimes overly direct or lacking."", ""2: Lacks encouragement and support; language is neutral or mildly negative; rarely guides, often just answers or remains unhelpful."", ""1: Negative or discouraging tone; no motivation or support; fails to guide or gives misleading suggestions.""]",2,2,en,"Motivation, Guidance & Positive Feedback",scenario_mismatch,scenario_mismatch,4,4,Error Correction,Computer Science,Undergraduate,True,True,True,exact_metric_language,False,False,False,False,False,False,False,False,False,False,LOW,"Question: Explain the difference between a stack and a queue data structure.\nOriginal Answer: A stack is a data structure that follows the First In, First Out (FIFO) principle, while a queue follows the Last In, First Out (LIFO) principle.\nYou are providing error-correction services for the student's response. Based on this question and the original answer, provide the ""Corrected Answer"" and ""Error Explanation"", in JSON format.","{\n  ""Corrected Answer"": ""A stack is a data structure that follows the Last In, First Out (LIFO) principle, while a queue follows the First In, First Out (FIFO) principle."",\n  ""Error Explanation"": ""The original answer incorrectly described the principles followed by stacks and queues. The correct principle for a stack is LIFO (Last In, First Out), not FIFO. For a queue, the principle is FIFO (First In, First Out), not LIFO.""\n}","[""5: Strongly supportive and encouraging; consistently uses constructive and positive language; offers highly effective heuristic guidance instead of simply giving answers."", ""4: Generally supportive tone and positive language; provides useful guidance though occasionally too direct."", ""3: A mix of encouragement and neutral/critical language; guidance is inconsistent—sometimes helpful, sometimes overly direct or lacking."", ""2: Lacks encouragement and support; language is neutral or mildly negative; rarely guides, often just answers or remains unhelpful."", ""1: Negative or discouraging tone; no motivation or support; fails to guide or gives misleading suggestions.""]",question_seed42/train source; dev/test question overlap forbidden; source answer reference only
b96_094,syn_a8d5bf87c88e086d,b177cd12f5802ffcfe6e4bd5646563bba8eed056,train,results_merge.jsonl,4063,ce9b05f8b8c3c09bfac56ea4f5f177bac9474ddb,c2efb478110808a96a6ca7e863ca406bec94867d,"问题：在神经生理学中，动作电位的过程中不包括以下哪一个步骤？
A) 去极化
B) 再极化
C) 超极化
D) 钙离子流入细胞
学生的答案：C) 超极化
请根据问题和学生答案给出""评分"":""评分细节"":""个性化反馈"":,以json格式返回","[""5分： 始终体现出强烈的鼓励和支持态度，语言积极、富有建设性；在需要时提供非常有效的启发式引导，而非直接给答案。"", ""4分： 整体体现出鼓励和支持，语言积极正面；能提供有效的引导，偶尔可能过于直接。"", ""3分： 兼具鼓励和中性/批评性语言，积极性一般；引导有时有效，有时直接给答案或引导不足。"", ""2分： 缺乏鼓励和支持，语言偏中性甚至略显负面；很少提供有效引导，倾向于直接给答案或不给帮助。"", ""1分： 语言消极、打击性强，完全没有鼓励；无视引导需求，或提供错误引导。""]",2,2,zh,"Motivation, Guidance & Positive Feedback",superficial_fluency,superficial_fluency,5,5,Automatic Grading,Basic Medicine,Master,True,True,True,exact_metric_language,False,False,False,False,False,False,False,False,False,False,LOW,"问题：在神经生理学中，动作电位的过程中不包括以下哪一个步骤？\nA) 去极化\nB) 再极化\nC) 超极化\nD) 钙离子流入细胞\n学生的答案：C) 超极化\n请根据问题和学生答案给出""评分"":""评分细节"":""个性化反馈"":,以json格式返回","```json\n{\n  ""评分"": ""正确"",\n  ""评分细节"": ""学生选择了C) 超极化，这是正确的。在动作电位的过程中，确实不包括超极化作为其直接步骤。动作电位主要包括去极化、达到阈值后钠离子快速内流导致的动作电位上升相、随后的再极化过程（钾离子外流），以及之后的恢复期。钙离子流入细胞虽然不是所有神经元动作电位的一部分，但在某些特定类型的神经信号传导中扮演重要角色，比如突触传递时。但是，根据题目给定的选项来看，'钙离子流入细胞'更常被提及于突触传递而非动作电位本身的过程描述中，因此本题的最佳答案是C) 超极化。"",\n  ""个性化反馈"": ""你的理解非常准确！记住，在神经元的动作电位过程中，我们主要关注的是膜电位从静息状态到去极化再到复极化的转变。超极化通常是与抑制性突触后电位相关的现象，而不是动作电位的标准组成部分。继续加油，你对这一领域的掌握看起来很好！""\n}\n```","[""5分： 始终体现出强烈的鼓励和支持态度，语言积极、富有建设性；在需要时提供非常有效的启发式引导，而非直接给答案。"", ""4分： 整体体现出鼓励和支持，语言积极正面；能提供有效的引导，偶尔可能过于直接。"", ""3分： 兼具鼓励和中性/批评性语言，积极性一般；引导有时有效，有时直接给答案或引导不足。"", ""2分： 缺乏鼓励和支持，语言偏中性甚至略显负面；很少提供有效引导，倾向于直接给答案或不给帮助。"", ""1分： 语言消极、打击性强，完全没有鼓励；无视引导需求，或提供错误引导。""]",question_seed42/train source; dev/test question overlap forbidden; source answer reference only
b96_095,syn_585b595943a9f19c,072293e008cc3b28f56a7cfb51a7979ad942a832,train,results_merge.jsonl,954,fe8355c92fdedf86b46847c533ca17f018bc7679,9fab0b7a0a7a5884b5e2208e6b5f991f6fc3ce46,"Question: True or False: The Andes Mountains are located in North America.
Student's Answer: True
Please provide ""Score"", ""Scoring Details"", and ""Personalized Feedback"" based on the question and student's answer, in JSON format.","[""5: Strongly supportive and encouraging; consistently uses constructive and positive language; offers highly effective heuristic guidance instead of simply giving answers."", ""4: Generally supportive tone and positive language; provides useful guidance though occasionally too direct."", ""3: A mix of encouragement and neutral/critical language; guidance is inconsistent—sometimes helpful, sometimes overly direct or lacking."", ""2: Lacks encouragement and support; language is neutral or mildly negative; rarely guides, often just answers or remains unhelpful."", ""1: Negative or discouraging tone; no motivation or support; fails to guide or gives misleading suggestions.""]",3,3,en,"Motivation, Guidance & Positive Feedback",scenario_mismatch,scenario_mismatch,4,4,Automatic Grading,Geography,High School,True,True,True,exact_metric_language,False,False,False,False,False,False,False,False,False,False,LOW,"Question: True or False: The Andes Mountains are located in North America.\nStudent's Answer: True\nPlease provide ""Score"", ""Scoring Details"", and ""Personalized Feedback"" based on the question and student's answer, in JSON format.","```json\n{\n  ""Score"": 0,\n  ""Scoring_Details"": ""The question asked is a true/false question about the location of the Andes Mountains. The correct answer should be False, as the Andes Mountains are located in South America, not North America."",\n  ""Personalized_Feedback"": ""It seems like there might have been a bit of a mix-up with the continents. Remember, the Andes Mountains stretch along the western coast of South America, through countries like Peru, Chile, and Bolivia. Keep this geographical fact in mind for future questions!""\n}\n```","[""5: Strongly supportive and encouraging; consistently uses constructive and positive language; offers highly effective heuristic guidance instead of simply giving answers."", ""4: Generally supportive tone and positive language; provides useful guidance though occasionally too direct."", ""3: A mix of encouragement and neutral/critical language; guidance is inconsistent—sometimes helpful, sometimes overly direct or lacking."", ""2: Lacks encouragement and support; language is neutral or mildly negative; rarely guides, often just answers or remains unhelpful."", ""1: Negative or discouraging tone; no motivation or support; fails to guide or gives misleading suggestions.""]",question_seed42/train source; dev/test question overlap forbidden; source answer reference only
b96_096,syn_bc42d317803956c0,43e451fbfa148300c82398ca68537386d5a9fe44,train,results_merge.jsonl,3068,33f24cdef61905293c51bb59ca561c1f2cef3965,905c2857226b0f48046ac6dbf0ff14ba91fbe86a,"问题：请简述第二次世界大战的主要参战国和其领导者。
原答案：第二次世界大战的主要参战国包括德国的希特勒、美国的罗斯福、法国的拿破仑和苏联的列宁。
你为学生的回答进行纠错服务.请根据这个问题和原答案给出""纠错后答案""和""纠错说明"":,以json格式返回","[""5分： 始终体现出强烈的鼓励和支持态度，语言积极、富有建设性；在需要时提供非常有效的启发式引导，而非直接给答案。"", ""4分： 整体体现出鼓励和支持，语言积极正面；能提供有效的引导，偶尔可能过于直接。"", ""3分： 兼具鼓励和中性/批评性语言，积极性一般；引导有时有效，有时直接给答案或引导不足。"", ""2分： 缺乏鼓励和支持，语言偏中性甚至略显负面；很少提供有效引导，倾向于直接给答案或不给帮助。"", ""1分： 语言消极、打击性强，完全没有鼓励；无视引导需求，或提供错误引导。""]",3,3,zh,"Motivation, Guidance & Positive Feedback",superficial_fluency,superficial_fluency,3,3,Error Correction,History,Middle School,True,True,True,exact_metric_language,False,False,False,False,False,False,False,False,False,False,LOW,"问题：请简述第二次世界大战的主要参战国和其领导者。\n原答案：第二次世界大战的主要参战国包括德国的希特勒、美国的罗斯福、法国的拿破仑和苏联的列宁。\n你为学生的回答进行纠错服务.请根据这个问题和原答案给出""纠错后答案""和""纠错说明"":,以json格式返回","{\n  ""纠错后答案"": ""第二次世界大战的主要参战国包括轴心国（如德国、意大利、日本）和同盟国（如美国、英国、苏联）。轴心国方面，德国由希特勒领导；意大利由墨索里尼领导；日本由军阀集团控制。同盟国方面，美国由罗斯福领导；英国由丘吉尔领导；苏联由斯大林领导。"",\n  ""纠错说明"": ""原答案中存在多个错误。首先，拿破仑和列宁并不是二战时期的领导人，而是之前的著名人物。其次，法国和意大利在二战中的领导人分别是戴高乐和墨索里尼，而不是拿破仑和列宁。正确的描述应包括二战期间的主要国家及其领导人。""\n}","[""5分： 始终体现出强烈的鼓励和支持态度，语言积极、富有建设性；在需要时提供非常有效的启发式引导，而非直接给答案。"", ""4分： 整体体现出鼓励和支持，语言积极正面；能提供有效的引导，偶尔可能过于直接。"", ""3分： 兼具鼓励和中性/批评性语言，积极性一般；引导有时有效，有时直接给答案或引导不足。"", ""2分： 缺乏鼓励和支持，语言偏中性甚至略显负面；很少提供有效引导，倾向于直接给答案或不给帮助。"", ""1分： 语言消极、打击性强，完全没有鼓励；无视引导需求，或提供错误引导。""]",question_seed42/train source; dev/test question overlap forbidden; source answer reference only
