sample_id,split,candidate_type,question_key,metric,language,subject,gold_label,score_model_pred,risk_model_pred,score_risk_gap,question_preview,answer_preview,rubric_preview,manual_should_flag,manual_final_action,manual_failure_type,manual_score_cap,manual_label_conflict,manual_notes
d47f50d9f862f2b3b38b2bce2d879ce46d379e2b,train,train_high_risk_low_candidates,6ae2184d2c28a7dffc1319a61a68cf2584970be2,Content Relevance & Scope Control,en,General Pedagogy,2,5,5,0,"Knowledge Point: Constructivist Learning Theory Based on this knowledge point, provide ""Teaching Materials"": Teaching materials should include teaching objectives, key points and difficulties, classroom activity design, etc., in JSON format.","Here is an example of how you might structure teaching materials based on the constructivist learning theory in JSON format. This example focuses on a high school biology class about plant cell structure. ```json { ""Course"": ""Biology"", ""Topic"": ""Plant Cell...","[""5: Content is highly relevant to the specified topic/theme/question; strictly within required difficulty/scope/discipline without redundant or irrelevant information."", ""4: Overall relevance is high; scope control is good with possibly a small amount of s...",,,,,,
214b3a2d32c5f868ccd66c3cca5df3d4eac8cf62,train,train_high_false_positive_candidates,f6cf3e1b280ca78c17a557b97001a3fea411a738,Basic Factual Accuracy,en,Aquaculture,5,5,1,4,"Subject:Aquaculture Education Level:Undergraduate Knowledge Point:Aquaculture involves the farming of aquatic organisms, including fish, mollusks, crustaceans, and aquatic plants. It encompasses breeding, rearing, and harvesting in controlled environments....","```json { ""Question"": ""Which of the following is NOT typically farmed in aquaculture?"", ""Options"": [ {""option"": ""Fish"", ""correct"": true}, {""option"": ""Mollusks"", ""correct"": true}, {""option"": ""Crustaceans"", ""correct"": true}, {""option"": ""Reptiles"", ""correct"":...","[""5: All stated factual elements (definitions, formulas, dates, terms, syntax, etc.) are completely accurate."", ""4: Vast majority of facts are correct; possibly contains very minor, non-critical typos or omissions."", ""3: Most facts are correct, but there ar...",,,,,,
203579577637a52d986e85779c3dc0cf760510cd,train,train_high_false_positive_candidates,7d31b9d0eef59066afff9ba848a799e2668bbed2,Basic Factual Accuracy,en,Basic Medicine,5,5,1,4,Subject:Basic Medicine Education Level:Master Knowledge Point:The renin-angiotensin-aldosterone system (RAAS) plays a crucial role in regulating blood pressure and fluid balance in the body. Question Type:Single Choice .Generate a corresponding question bas...,"```json { ""Question"": ""In the renin-angiotensin-aldosterone system (RAAS), which hormone directly stimulates the adrenal cortex to release aldosterone?"", ""Provided Reasoning"": ""The RAAS is a complex hormonal system that regulates blood pressure and fluid ba...","[""5: All stated factual elements (definitions, formulas, dates, terms, syntax, etc.) are completely accurate."", ""4: Vast majority of facts are correct; possibly contains very minor, non-critical typos or omissions."", ""3: Most facts are correct, but there ar...",,,,,,
66209a55db00b09fa0ef52d53583c2ef8470be64,train,train_high_false_positive_candidates,dd136878ae93aa36b80dca8d0b02cf25011b6f5e,Basic Factual Accuracy,en,Biology,5,5,3,2,"Question: Explain the role of microRNAs in the regulation of gene expression in eukaryotic cells. Student's Answer: MicroRNAs (miRNAs) are small, non-coding RNA molecules that play a crucial role in regulating gene expression in eukaryotic cells. They prima...","```json { ""Score"": 8, ""Scoring Details"": { ""Correct Information"": 4, ""Mechanisms of Action"": 2, ""Cellular Processes"": 1, ""Disease Linkage"": 1 }, ""Personalized Feedback"": [ ""Your answer provides a good overview of the role of microRNAs in gene expression reg...","[""5: All stated factual elements (definitions, formulas, dates, terms, syntax, etc.) are completely accurate."", ""4: Vast majority of facts are correct; possibly contains very minor, non-critical typos or omissions."", ""3: Most facts are correct, but there ar...",,,,,,
9f713f8e8f487e1ae37c730642a2cdf2a3232bd4,train,train_high_false_positive_candidates,b8341c9d33cad1b053ba0bafa03c407e4791c4da,Basic Factual Accuracy,en,Business Administration,5,5,1,4,"Question: Explain how Porter's Five Forces framework can be used to analyze the competitive environment of an industry. Please provide reasoning based on this question. Do not provide the answer directly.. ""Reasoning Provided"":, return in JSON format","{ ""reasoning"": ""Porter's Five Forces framework is a strategic planning tool used to analyze the competitive forces at work in an industry. It helps companies understand the competitive intensity and profitability of their industry by examining five key fact...","[""5: All stated factual elements (definitions, formulas, dates, terms, syntax, etc.) are completely accurate."", ""4: Vast majority of facts are correct; possibly contains very minor, non-critical typos or omissions."", ""3: Most facts are correct, but there ar...",,,,,,
51af9ce5cf413bba0b0713e933a533dc5f6e2a82,train,train_high_false_positive_candidates,7f281c5d001646c5cd068f561302e9f2c1b03a4e,Basic Factual Accuracy,en,Chinese,5,5,3,2,"Question: Which Chinese dynasty is known for the construction of the majority of the Great Wall of China as it stands today? Please provide reasoning based on this question. Do not provide the answer directly.. ""Reasoning Provided"":, return in JSON format","{ ""reasoning_provided"": ""The Great Wall of China has a long and complex history, with various dynasties contributing to its construction over thousands of years. However, one particular dynasty is noted for significantly expanding and reinforcing large sect...","[""5: All stated factual elements (definitions, formulas, dates, terms, syntax, etc.) are completely accurate."", ""4: Vast majority of facts are correct; possibly contains very minor, non-critical typos or omissions."", ""3: Most facts are correct, but there ar...",,,,,,
bcea8d101f51d6cf61084b410dcec8fac4f25e73,train,train_high_false_positive_candidates,f1f947604e25a14868aeebe46ba3a2c375d74f99,Basic Factual Accuracy,en,English,5,5,1,4,"Question: Which of the following is an adjective? A) Run B) Quickly C) Happy D) Jump Student's Answer: B) Quickly Please provide ""Score"", ""Scoring Details"", and ""Personalized Feedback"" based on the question and student's answer, in JSON format.","```json { ""Score"": 0, ""ScoringDetails"": { ""TotalPoints"": 1, ""PointsAwarded"": 0, ""CorrectAnswer"": ""C) Happy"" }, ""PersonalizedFeedback"": ""It looks like there was a bit of confusion. The word 'Quickly' is actually an adverb, not an adjective. Adjectives descri...","[""5: All stated factual elements (definitions, formulas, dates, terms, syntax, etc.) are completely accurate."", ""4: Vast majority of facts are correct; possibly contains very minor, non-critical typos or omissions."", ""3: Most facts are correct, but there ar...",,,,,,
01cc5ff057b6de65aa7fc51623308f2c778c9ee7,train,train_high_false_positive_candidates,fe8355c92fdedf86b46847c533ca17f018bc7679,Basic Factual Accuracy,en,Geography,5,5,1,4,"Question: True or False: The Andes Mountains are located in North America. Student's Answer: True Please provide ""Score"", ""Scoring Details"", and ""Personalized Feedback"" based on the question and student's answer, in JSON format.","{ ""Score"": 0, ""Scoring Details"": { ""Correct Answer"": ""False"", ""Student's Answer"": ""True"", ""Explanation"": ""The Andes Mountains are located in South America, not North America. They extend through seven South American countries: Venezuela, Colombia, Ecuador,...","[""5: All stated factual elements (definitions, formulas, dates, terms, syntax, etc.) are completely accurate."", ""4: Vast majority of facts are correct; possibly contains very minor, non-critical typos or omissions."", ""3: Most facts are correct, but there ar...",,,,,,
19a41dc67b3bc1e15bb976943b4b99200b903b9b,train,train_high_false_positive_candidates,182ead73c7c9bef64c812e1c3366635156817f15,Basic Factual Accuracy,en,Mathematics,5,5,1,4,"Question: What is the value of 5 + 3? Please provide reasoning based on this question. Do not provide the answer directly.. ""Reasoning Provided"":, return in JSON format","{ ""reasoning_provided"": ""The question asks for the sum of two numbers, specifically 5 and 3. To find the sum, one would typically start with the first number, in this case 5, and then add the second number to it, which is 3. This process involves combining...","[""5: All stated factual elements (definitions, formulas, dates, terms, syntax, etc.) are completely accurate."", ""4: Vast majority of facts are correct; possibly contains very minor, non-critical typos or omissions."", ""3: Most facts are correct, but there ar...",,,,,,
ad1c70e82c375afca1a798aaab0411158928f2b4,train,train_high_false_positive_candidates,3355c2772a62c5b8736da4f74d3aa9f79fde0f3d,Basic Factual Accuracy,en,Military Science,5,5,3,2,"Question: Explain the strategic significance of high ground in military operations. Please provide reasoning based on this question. Do not provide the answer directly.. ""Reasoning Provided"":, return in JSON format","```json { ""Reasoning Provided"": { ""Key Considerations"": [ { ""Aspect"": ""Visibility and Surveillance"", ""Details"": ""High ground offers a vantage point for observing enemy movements, terrain features, and strategic assets, enabling early detection and intellige...","[""5: All stated factual elements (definitions, formulas, dates, terms, syntax, etc.) are completely accurate."", ""4: Vast majority of facts are correct; possibly contains very minor, non-critical typos or omissions."", ""3: Most facts are correct, but there ar...",,,,,,
9b8309fe990411353cb894b0fe6fc69ec7e8973e,train,train_high_false_positive_candidates,b4e8463f79efb7c28a37f3dee049ee3dee03f6de,Basic Factual Accuracy,en,Psychology,5,5,1,4,"Subject:Psychology Education Level:Undergraduate Knowledge Point:Cognitive dissonance is a psychological concept that refers to the discomfort experienced when holding two or more conflicting cognitions (e.g., beliefs, attitudes, or behaviors). To reduce th...","```json { ""Question"": ""Which of the following scenarios best illustrates the concept of cognitive dissonance?"", ""Options"": [ ""A. A student who loves to play video games decides to join a gaming club."", ""B. A person who believes in healthy eating but frequen...","[""5: All stated factual elements (definitions, formulas, dates, terms, syntax, etc.) are completely accurate."", ""4: Vast majority of facts are correct; possibly contains very minor, non-critical typos or omissions."", ""3: Most facts are correct, but there ar...",,,,,,
d1198038d4d87f00fccb219f7d5858bc38b29211,train,train_high_false_positive_candidates,0e09c1d8b75a16ca2c50f1bccf73028ae1d691ea,Basic Factual Accuracy,en,Theoretical Economics,5,5,3,2,Question: Explain the concept of Nash Equilibrium in game theory and provide an example. Student's Answer: Nash Equilibrium is a situation in a game where each player's strategy is optimal given the strategies of all other players. No player can benefit by...,"```json { ""Score"": 85, ""Scoring_Details"": { ""Accuracy_of_Definition"": 90, ""Explanation_Clarity"": 85, ""Relevance_of_Example"": 80, ""Comprehensiveness_of_Answer"": 85 }, ""Personalized_Feedback"": ""Your explanation of Nash Equilibrium is quite accurate and clear....","[""5: All stated factual elements (definitions, formulas, dates, terms, syntax, etc.) are completely accurate."", ""4: Vast majority of facts are correct; possibly contains very minor, non-critical typos or omissions."", ""3: Most facts are correct, but there ar...",,,,,,
eb559a7e4ec5ca8f09b9e46a8cef3695a7aab90d,train,train_high_false_positive_candidates,77d00ade0a12aec5950865383e8616ee7ef4e5d5,Basic Factual Accuracy,zh,Applied Economics,4,4,3,1,"问题：考虑一个两部门经济模型，其中一个部门生产消费品，另一个部门生产资本品。假设资本品的生产需要使用消费品作为投入，并且有一个固定的资本折旧率。请分析如何在这个模型中达到动态效率，即如何选择消费和资本的生产以最大化社会福利。 请根据这个问题提供思路。""提供的思路"":,以json格式返回","```json { ""思路"": [ { ""步骤"": ""定义变量"", ""描述"": ""首先，我们需要定义几个关键变量来描述这个两部门经济模型，包括当前期的消费品生产量(CP)，资本品生产量(KP)，以及下一期的消费品存量(CS)和资本品存量(KS)。"" }, { ""步骤"": ""建立生产函数"", ""描述"": ""假设消费品生产函数为Q_C = f(CP, L_C, T_C)，其中L_C表示劳动投入，T_C表示技术条件。资本品生产函数为Q_K = g(KP, L_K, T_K)，其中L_K表示劳动投入，T_K表示技术条...","[""5分： 所有涉及的客观事实（定义、公式、日期、名词、代码语法等）完全准确无误。"", ""4分： 绝大部分事实准确，可能存在个别极其微小的、非关键性的笔误或疏漏。"", ""3分： 大部分事实准确，但存在少量明显的事实错误，需要核查。"", ""2分： 包含较多或关键性的事实错误，信息不可靠。"", ""1分： 充斥着大量事实错误，信息完全错误或误导。""]",,,,,,
b52327c80d7b55c149dd683c9c9e9aef94b0bff1,train,train_high_false_positive_candidates,f7f8e6254e81a50cd0db26f7a0b465bd860ee691,Basic Factual Accuracy,zh,Chemistry,4,4,2,2,"问题：考虑一个有机分子，其含有羧基(-COOH)和酯基(-COOR')。请解释该分子在酸性和碱性条件下的水解反应机理，并讨论不同条件下的反应产物。 请根据这个问题提供思路。""提供的思路"":,以json格式返回","```json { ""问题分析"": { ""有机分子结构"": ""该有机分子含有羧基(-COOH)和酯基(-COOR')，其中R'代表一个烃基团。"", ""酸性条件下的水解反应"": { ""反应类型"": ""酯化反应的逆过程"", ""反应机制"": ""在酸性条件下，酯基(-COOR')会与水(H2O)发生水解反应，生成羧酸(-COOH)和醇(R'OH)。这个过程可以看作是酯化反应的逆过程。"", ""反应方程式"": ""-COOR' + H2O -> -COOH + R'OH"" }, ""碱性条件下的水解反应"": { ""反应类型""...","[""5分： 所有涉及的客观事实（定义、公式、日期、名词、代码语法等）完全准确无误。"", ""4分： 绝大部分事实准确，可能存在个别极其微小的、非关键性的笔误或疏漏。"", ""3分： 大部分事实准确，但存在少量明显的事实错误，需要核查。"", ""2分： 包含较多或关键性的事实错误，信息不可靠。"", ""1分： 充斥着大量事实错误，信息完全错误或误导。""]",,,,,,
c365f678d7a7ba3cc1125bbbee591d6f52e9c88c,train,train_high_false_positive_candidates,c3d6dd9886dbb21e947eb824f47088252a780c68,Basic Factual Accuracy,zh,Crop Science,4,4,3,1,"知识点：作物生长模型的参数优化 请根据这个知识点给出""教学素材"":教学素材需要包括教学目标、重点难点、课堂活动设计等,以json格式返回","{ ""教学目标"": { ""知识与技能"": ""了解作物生长模型的基本概念，掌握作物生长模型参数优化的方法和步骤。"", ""过程与方法"": ""通过案例分析和小组讨论，培养学生解决实际问题的能力和团队协作精神。"", ""情感态度价值观"": ""激发学生对农业科学的兴趣，培养他们关注农业生产、保护生态环境的责任感。"" }, ""重点难点"": { ""重点"": ""作物生长模型参数的含义及其优化方法"", ""难点"": ""如何根据实际情况选择合适的参数进行优化，并理解参数优化对模型精度的影响"" }, ""课堂活动设计"": [ { ""活动...","[""5分： 所有涉及的客观事实（定义、公式、日期、名词、代码语法等）完全准确无误。"", ""4分： 绝大部分事实准确，可能存在个别极其微小的、非关键性的笔误或疏漏。"", ""3分： 大部分事实准确，但存在少量明显的事实错误，需要核查。"", ""2分： 包含较多或关键性的事实错误，信息不可靠。"", ""1分： 充斥着大量事实错误，信息完全错误或误导。""]",,,,,,
9fbff3dd7c6f06d2094b16c79d348adbaf5b601b,train,train_high_false_positive_candidates,fdcc493923c6536e26519ec07f9693ca405da624,Basic Factual Accuracy,zh,English,5,5,1,4,"问题：What is the past tense of the verb 'run'? 原答案：The past tense of 'run' is 'runned'. 你为学生的回答进行纠错服务.请根据这个问题和原答案给出""纠错后答案""和""纠错说明"":,以json格式返回","```json { ""纠错后答案"": ""The past tense of 'run' is 'ran'."", ""纠错说明"": ""原答案错误地将 'run' 的过去式拼写为 'runned'，正确的拼写是 'ran'。"" } ```","[""5分： 所有涉及的客观事实（定义、公式、日期、名词、代码语法等）完全准确无误。"", ""4分： 绝大部分事实准确，可能存在个别极其微小的、非关键性的笔误或疏漏。"", ""3分： 大部分事实准确，但存在少量明显的事实错误，需要核查。"", ""2分： 包含较多或关键性的事实错误，信息不可靠。"", ""1分： 充斥着大量事实错误，信息完全错误或误导。""]",,,,,,
8459fcdcd400bc03e0c2c349ec5f47cac882e92d,train,train_high_false_positive_candidates,85398269c1c07a9498c3eae4b08315e4db78a74e,Basic Factual Accuracy,zh,General Pedagogy,4,4,3,1,"问题：在教育学中，哪个教学方法最强调学生的主动参与？ 学生的答案：合作学习法 请根据问题和学生答案给出""评分"":""评分细节"":""个性化反馈"":,以json格式返回","```json { ""评分"": 3, ""评分细节"": ""学生提到的合作学习法确实是一种非常重视学生主动参与的教学方法。这种方法鼓励学生通过小组形式共同完成学习任务，从而促进相互之间的交流与合作。"", ""个性化反馈"": ""您的回答是正确的，合作学习法确实强调了学生的主动参与。不过，您可能还需要了解更多关于其他强调学生主动参与的教学方法，比如探究式学习、项目式学习等。这些方法同样也注重学生的自主性和探索精神，可以进一步研究它们的特点和应用。"" } ```","[""5分： 所有涉及的客观事实（定义、公式、日期、名词、代码语法等）完全准确无误。"", ""4分： 绝大部分事实准确，可能存在个别极其微小的、非关键性的笔误或疏漏。"", ""3分： 大部分事实准确，但存在少量明显的事实错误，需要核查。"", ""2分： 包含较多或关键性的事实错误，信息不可靠。"", ""1分： 充斥着大量事实错误，信息完全错误或误导。""]",,,,,,
0ff5cdf292b39e809025a634d3cd1656db635a40,train,train_high_false_positive_candidates,33f24cdef61905293c51bb59ca561c1f2cef3965,Basic Factual Accuracy,zh,History,4,4,2,2,"问题：请简述第二次世界大战的主要参战国和其领导者。 原答案：第二次世界大战的主要参战国包括德国的希特勒、美国的罗斯福、法国的拿破仑和苏联的列宁。 你为学生的回答进行纠错服务.请根据这个问题和原答案给出""纠错后答案""和""纠错说明"":,以json格式返回","{ ""纠错后答案"": ""第二次世界大战的主要参战国包括德国、美国、法国和苏联。其领导者分别是德国的阿道夫·希特勒、美国的富兰克林·罗斯福、法国的夏尔·戴高乐和苏联的约瑟夫·斯大林。"", ""纠错说明"": ""原答案中存在以下错误：1. 拿破仑是19世纪法国皇帝，与二战无关；2. 列宁是苏联的创始人，但他在1924年去世，并未参与二战；3. 法国在二战期间的领导者是夏尔·戴高乐，而非拿破仑；4. 苏联在二战期间的领导者是约瑟夫·斯大林，而非列宁。纠错后的答案准确反映了二战主要参战国及其当时的领导者。"" }","[""5分： 所有涉及的客观事实（定义、公式、日期、名词、代码语法等）完全准确无误。"", ""4分： 绝大部分事实准确，可能存在个别极其微小的、非关键性的笔误或疏漏。"", ""3分： 大部分事实准确，但存在少量明显的事实错误，需要核查。"", ""2分： 包含较多或关键性的事实错误，信息不可靠。"", ""1分： 充斥着大量事实错误，信息完全错误或误导。""]",,,,,,
f42597ce43ca21e273ba1c8e5e2b32d9bea55581,train,train_high_false_positive_candidates,3b26f4f8f9f7314ee644e63efa2173afbb702c33,Basic Factual Accuracy,zh,Law,5,5,2,3,"学科:法学 学制级别:博士 问题：在国际法中，以下哪一个原则主要用于解决国家之间的领土争端？ A. 不干涉内政原则 B. 自决原则 C. 先占原则 D. 互惠原则 .请根据问题生成对应的答案。""答案"":,以json格式返回","```json { ""答案"": ""C. 先占原则"" } ``` 说明：在国际法中，先占原则是指一个国家可以通过有效占领无主地来取得该土地的主权。虽然这个原则在现代应用较少，因为它假设了存在真正的“无主地”，但在历史上它确实是解决领土归属问题的一种方式。不过，在当前处理国家间领土争端时，更常用的原则包括但不限于通过谈判、调解、仲裁或司法裁决等方式和平解决争议。其他选项如不干涉内政原则更多涉及到尊重国家主权和独立；自决原则主要涉及人民选择自己的政治地位及发展经济、社会与文化权利；而互惠原则则多用于国际贸易等领域，...","[""5分： 所有涉及的客观事实（定义、公式、日期、名词、代码语法等）完全准确无误。"", ""4分： 绝大部分事实准确，可能存在个别极其微小的、非关键性的笔误或疏漏。"", ""3分： 大部分事实准确，但存在少量明显的事实错误，需要核查。"", ""2分： 包含较多或关键性的事实错误，信息不可靠。"", ""1分： 充斥着大量事实错误，信息完全错误或误导。""]",,,,,,
6a89f704f72fc306096ae4c2c4f8a2e45ed5f67c,train,train_high_false_positive_candidates,80c997dc9bc9becf50e310e86fb5550097076469,Basic Factual Accuracy,zh,Mathematics,5,5,1,4,"学科:数学 学制级别:小学 知识点：简单的加法运算 问题类型：单选题 .请根据学科,学制级别,知识点,问题类型生成一个对应的问题。""问题""和""提供的思路"":,以json格式返回","```json { ""question"": ""下列哪个选项是正确的简单加法运算结果？\nA) 3 + 5 = 8\nB) 7 + 2 = 10\nC) 9 + 1 = 18\nD) 4 + 6 = 11"", ""provided_thoughts"": ""正确答案应该是两个数相加的结果。通过逐一检查每个选项，可以确定哪个选项的计算是准确的。例如，选项A中的3 + 5确实等于8；而选项C中的9 + 1等于10，但不是18；选项D中的4 + 6等于10，而不是11。因此，需要验证每个选项，找出正确的答案。"", ""an...","[""5分： 所有涉及的客观事实（定义、公式、日期、名词、代码语法等）完全准确无误。"", ""4分： 绝大部分事实准确，可能存在个别极其微小的、非关键性的笔误或疏漏。"", ""3分： 大部分事实准确，但存在少量明显的事实错误，需要核查。"", ""2分： 包含较多或关键性的事实错误，信息不可靠。"", ""1分： 充斥着大量事实错误，信息完全错误或误导。""]",,,,,,
f6c80cd175af9c010ae3221933892cc74ae61233,train,train_high_false_positive_candidates,379759b00c0ded53ca5135bf363df1ca0f8ae778,Basic Factual Accuracy,zh,Physical Education,5,5,1,4,"学科:体育教育学 学制级别:硕士 问题：在体育教育学中，以下哪些因素可能影响学生的运动参与度？(请选择所有适用的选项) A. 学校的体育设施条件 B. 学生的家庭背景 C. 教师的教学风格 D. 学生的个人兴趣 E. 学校的地理位置 .请根据问题生成对应的答案。""答案"":,以json格式返回","```json { ""影响学生运动参与度的因素"": [ ""学校的体育设施条件"", ""学生的家庭背景"", ""教师的教学风格"", ""学生的个人兴趣"" ] } ```","[""5分： 所有涉及的客观事实（定义、公式、日期、名词、代码语法等）完全准确无误。"", ""4分： 绝大部分事实准确，可能存在个别极其微小的、非关键性的笔误或疏漏。"", ""3分： 大部分事实准确，但存在少量明显的事实错误，需要核查。"", ""2分： 包含较多或关键性的事实错误，信息不可靠。"", ""1分： 充斥着大量事实错误，信息完全错误或误导。""]",,,,,,
11ae3b7eeb6cb366b2b9cfc1cfe33bf837611990,train,train_high_false_positive_candidates,2315014220e7c1c5fbc4751aea0a196884f3ace8,Basic Factual Accuracy,zh,Theoretical Economics,5,4,3,1,"问题：解释“需求弹性”的概念及其在经济学中的重要性。 学生的答案：需求弹性是指需求量对价格变化的反应程度。在经济学中，它很重要，因为它帮助企业了解价格变动对销售额的影响，也帮助政府制定税收政策。 请根据问题和学生答案给出""评分"":""评分细节"":""个性化反馈"":,以json格式返回","```json { ""评分"": ""8/10"", ""评分细节"": { ""概念理解"": ""5/5"", ""经济学中的重要性解释"": ""3/5"" }, ""个性化反馈"": ""你对需求弹性的定义非常准确，清楚地指出了它是衡量商品或服务的需求量如何响应价格变化的一个指标。在讨论其重要性时，你也正确地提到了企业可以通过理解这一点来优化定价策略，并且政府可以据此调整税收政策以达到特定目标。不过，你的回答还可以进一步丰富。例如，可以提到不同类型的需求弹性（如价格弹性、收入弹性等）以及它们各自的应用场景；或者更深入探讨一下为什么了...","[""5分： 所有涉及的客观事实（定义、公式、日期、名词、代码语法等）完全准确无误。"", ""4分： 绝大部分事实准确，可能存在个别极其微小的、非关键性的笔误或疏漏。"", ""3分： 大部分事实准确，但存在少量明显的事实错误，需要核查。"", ""2分： 包含较多或关键性的事实错误，信息不可靠。"", ""1分： 充斥着大量事实错误，信息完全错误或误导。""]",,,,,,
923abedbf2e960d24e6149a76efeb744b4fa21db,train,train_high_false_positive_candidates,ba35192a049e868eedae5ba310638e7e75c9f363,"Clarity, Simplicity & Inspiration",en,Basic Medicine,4,4,3,1,Question: Which of the following is the primary function of hemoglobin in the human body? Original Answer: To fight infections by destroying bacteria. You are providing error-correction services for the student's response. Based on this question and the ori...,"```json { ""Corrected Answer"": ""To transport oxygen from the lungs to the rest of the body and to carry carbon dioxide from the body back to the lungs."", ""Error Explanation"": ""The original answer is incorrect because hemoglobin's main function is not to figh...","[""5: Extremely clear and concise explanations; fully accessible for target learners; vibrant and engaging delivery that inspires deep thought and interest."", ""4: Clear and easy to understand; appropriate for learner level; somewhat thought-provoking and can...",,,,,,
442ab34434be5d5d0a5ccfefa007b86b000b7a09,train,train_high_false_positive_candidates,2c3431500658778ea0788f7745c59f0b024746a9,"Clarity, Simplicity & Inspiration",en,Crop Science,5,5,3,2,Question: Which of the following factors is most crucial for determining the success of a crop in a particular region? A) Soil pH B) Seed variety C) Irrigation method D) Climate conditions Please provide reasoning based on this question. Do not provide the...,"{ ""reasoning"": ""Climate conditions play a fundamental role in determining the success of a crop in a particular region. These conditions include temperature, rainfall, humidity, and sunlight, which directly affect the growth cycle, development, and overall...","[""5: Extremely clear and concise explanations; fully accessible for target learners; vibrant and engaging delivery that inspires deep thought and interest."", ""4: Clear and easy to understand; appropriate for learner level; somewhat thought-provoking and can...",,,,,,
cbeb33e2fe025e631fc34681a5edd2741151fe68,train,train_high_false_positive_candidates,d0434a705d581d2aebdcf53be8acafc5da9b8e4e,"Clarity, Simplicity & Inspiration",en,Geography,4,4,3,1,"Question: Explain how plate tectonics can lead to the formation of mountains. Please provide reasoning based on this question. Do not provide the answer directly.. ""Reasoning Provided"":, return in JSON format","```json { ""Reasoning Provided"": ""To explain how plate tectonics can lead to the formation of mountains, we need to consider the movement and interaction of Earth's tectonic plates. When tectonic plates collide, diverge, or slide past each other, they create...","[""5: Extremely clear and concise explanations; fully accessible for target learners; vibrant and engaging delivery that inspires deep thought and interest."", ""4: Clear and easy to understand; appropriate for learner level; somewhat thought-provoking and can...",,,,,,
9556e13a0908312f0685deb59516c8283a2d4521,train,train_high_false_positive_candidates,182ead73c7c9bef64c812e1c3366635156817f15,"Clarity, Simplicity & Inspiration",en,Mathematics,4,4,2,2,"Question: What is the value of 5 + 3? Please provide reasoning based on this question. Do not provide the answer directly.. ""Reasoning Provided"":, return in JSON format","{ ""reasoning_provided"": ""The question asks for the sum of two numbers, specifically 5 and 3. To find the sum, one would typically start with the first number, in this case 5, and then add the second number to it, which is 3. This process involves combining...","[""5: Extremely clear and concise explanations; fully accessible for target learners; vibrant and engaging delivery that inspires deep thought and interest."", ""4: Clear and easy to understand; appropriate for learner level; somewhat thought-provoking and can...",,,,,,
17db2a37adfc4f92cdd6a08a22edff6fd1b12176,train,train_high_false_positive_candidates,3355c2772a62c5b8736da4f74d3aa9f79fde0f3d,"Clarity, Simplicity & Inspiration",en,Military Science,4,4,3,1,"Question: Explain the strategic significance of high ground in military operations. Please provide reasoning based on this question. Do not provide the answer directly.. ""Reasoning Provided"":, return in JSON format","{ ""reasoning"": [ ""High ground provides a tactical advantage in military operations as it allows forces to have a better vantage point for observation and surveillance over enemy positions."", ""From a higher elevation, troops can more easily identify and trac...","[""5: Extremely clear and concise explanations; fully accessible for target learners; vibrant and engaging delivery that inspires deep thought and interest."", ""4: Clear and easy to understand; appropriate for learner level; somewhat thought-provoking and can...",,,,,,
1e0ad7f0bb8a6f053d808e12d26621dc4e26b832,train,train_high_false_positive_candidates,4b7847704a3dc1006abb3da56e5c9ea85f660421,"Clarity, Simplicity & Inspiration",en,Physical Education,4,4,3,1,"Question: Explain the physiological effects of aerobic exercise on the body's cardiovascular system. Please provide reasoning based on this question. Do not provide the answer directly.. ""Reasoning Provided"":, return in JSON format","{ ""reasoning"": ""When considering the physiological effects of aerobic exercise on the cardiovascular system, it is important to first understand that aerobic exercise involves activities that increase heart rate and breathing for an extended period. This ty...","[""5: Extremely clear and concise explanations; fully accessible for target learners; vibrant and engaging delivery that inspires deep thought and interest."", ""4: Clear and easy to understand; appropriate for learner level; somewhat thought-provoking and can...",,,,,,
b9f1c6853708c1217088b33dabe3b2ce1f70233e,train,train_high_false_positive_candidates,77d00ade0a12aec5950865383e8616ee7ef4e5d5,"Clarity, Simplicity & Inspiration",zh,Applied Economics,4,4,3,1,"问题：考虑一个两部门经济模型，其中一个部门生产消费品，另一个部门生产资本品。假设资本品的生产需要使用消费品作为投入，并且有一个固定的资本折旧率。请分析如何在这个模型中达到动态效率，即如何选择消费和资本的生产以最大化社会福利。 请根据这个问题提供思路。""提供的思路"":,以json格式返回","```json { ""思路"": [ { ""步骤"": ""定义变量"", ""描述"": ""首先，我们需要定义几个关键变量来描述这个两部门经济模型，包括当前期的消费品生产量(CP)，资本品生产量(KP)，以及下一期的消费品存量(CS)和资本品存量(KS)。"" }, { ""步骤"": ""建立生产函数"", ""描述"": ""假设消费品生产函数为Q_C = f(CP, L_C, T_C)，其中L_C表示劳动投入，T_C表示技术条件。资本品生产函数为Q_K = g(KP, L_K, T_K)，其中L_K表示劳动投入，T_K表示技术条...","[""5分： 解释、说明、反馈极其清晰简洁，完全符合目标学习者的理解水平；表达生动有趣，能有效激发思考和兴趣。"", ""4分： 表达清晰易懂，语言简洁，适合目标学习者；具有一定的启发性，能够引发一些思考。"", ""3分： 表达基本能懂，但可能略显啰嗦、复杂或不够生动；启发性一般。"", ""2分： 表达不够清晰，存在较多术语或复杂句式，不易理解；缺乏启发性。"", ""1分： 表达混乱、晦涩难懂，完全不考虑学习者水平；毫无启发性甚至令人困惑。""]",,,,,,
9537b89e3919a3b451c2edad11033396e838b6f4,train,train_high_false_positive_candidates,f7f8e6254e81a50cd0db26f7a0b465bd860ee691,"Clarity, Simplicity & Inspiration",zh,Chemistry,4,4,3,1,"问题：考虑一个有机分子，其含有羧基(-COOH)和酯基(-COOR')。请解释该分子在酸性和碱性条件下的水解反应机理，并讨论不同条件下的反应产物。 请根据这个问题提供思路。""提供的思路"":,以json格式返回","```json { ""思路"": { ""反应条件对比"": { ""酸性条件"": { ""机理概述"": ""在酸性条件下，酯基(-COOR')会优先发生水解反应。这是因为羧基(-COOH)在酸性环境下不易进一步质子化，而酯键则相对容易受到攻击。"", ""步骤详解"": [ ""首先，一个水分子作为亲核试剂进攻酯键中的碳原子。"", ""随后形成四面体中间体，在此过程中酯基的氧原子获得了一个氢离子(H+)。"", ""接着，该中间体分解为醇(R'OH)和一个新的羰基化合物。"", ""最后，由于是在酸性环境中，新生成的羰基化合物可能会保持...","[""5分： 解释、说明、反馈极其清晰简洁，完全符合目标学习者的理解水平；表达生动有趣，能有效激发思考和兴趣。"", ""4分： 表达清晰易懂，语言简洁，适合目标学习者；具有一定的启发性，能够引发一些思考。"", ""3分： 表达基本能懂，但可能略显啰嗦、复杂或不够生动；启发性一般。"", ""2分： 表达不够清晰，存在较多术语或复杂句式，不易理解；缺乏启发性。"", ""1分： 表达混乱、晦涩难懂，完全不考虑学习者水平；毫无启发性甚至令人困惑。""]",,,,,,
0bbda1b32177d392e03e3007b17b914b5240974a,train,train_high_false_positive_candidates,be118d9b688820786d8ed06e18434dce075e2b85,"Clarity, Simplicity & Inspiration",zh,English,4,4,3,1,"问题：请解释'Romeo and Juliet'中，为什么罗密欧和朱丽叶的爱情故事被认为是悲剧。 原答案：因为他们在一起很幸福，但不能公开。 你为学生的回答进行纠错服务.请根据这个问题和原答案给出""纠错后答案""和""纠错说明"":,以json格式返回","{ ""纠错后答案"": ""罗密欧与朱丽叶的爱情故事被认定为悲剧是因为他们的爱情最终导致了两人的死亡。尽管他们彼此深爱，并试图克服家族间的世仇，但他们所处的社会环境和家庭背景最终成为了他们爱情的障碍，导致了无法挽回的悲剧结局。"", ""纠错说明"": ""原答案未能准确反映《罗密欧与朱丽叶》作为悲剧的核心原因。实际上，罗密欧与朱丽叶的故事之所以被视为悲剧，是因为尽管他们之间有着真挚的爱情，但由于外部因素（如家族仇恨、误会等）导致了两人悲惨的结局。"" }","[""5分： 解释、说明、反馈极其清晰简洁，完全符合目标学习者的理解水平；表达生动有趣，能有效激发思考和兴趣。"", ""4分： 表达清晰易懂，语言简洁，适合目标学习者；具有一定的启发性，能够引发一些思考。"", ""3分： 表达基本能懂，但可能略显啰嗦、复杂或不够生动；启发性一般。"", ""2分： 表达不够清晰，存在较多术语或复杂句式，不易理解；缺乏启发性。"", ""1分： 表达混乱、晦涩难懂，完全不考虑学习者水平；毫无启发性甚至令人困惑。""]",,,,,,
7d697a22aecbee8a2a790dafde28f1ec21f55bf6,train,train_high_false_positive_candidates,33f24cdef61905293c51bb59ca561c1f2cef3965,"Clarity, Simplicity & Inspiration",zh,History,5,5,2,3,"问题：请简述第二次世界大战的主要参战国和其领导者。 原答案：第二次世界大战的主要参战国包括德国的希特勒、美国的罗斯福、法国的拿破仑和苏联的列宁。 你为学生的回答进行纠错服务.请根据这个问题和原答案给出""纠错后答案""和""纠错说明"":,以json格式返回","```json { ""纠错后答案"": ""第二次世界大战的主要参战国及其领导者包括：德国的阿道夫·希特勒（Adolf Hitler）、美国的富兰克林·罗斯福（Franklin D. Roosevelt）、英国的温斯顿·丘吉尔（Winston Churchill）、苏联的约瑟夫·斯大林（Joseph Stalin）、意大利的贝尼托·墨索里尼（Benito Mussolini）和日本的裕仁天皇（昭和天皇，实际军事决策者为东条英机）。法国在战争初期被德国占领，后分为维希法国（菲利普·贝当）和自由法国（夏尔·戴高乐）两...","[""5分： 解释、说明、反馈极其清晰简洁，完全符合目标学习者的理解水平；表达生动有趣，能有效激发思考和兴趣。"", ""4分： 表达清晰易懂，语言简洁，适合目标学习者；具有一定的启发性，能够引发一些思考。"", ""3分： 表达基本能懂，但可能略显啰嗦、复杂或不够生动；启发性一般。"", ""2分： 表达不够清晰，存在较多术语或复杂句式，不易理解；缺乏启发性。"", ""1分： 表达混乱、晦涩难懂，完全不考虑学习者水平；毫无启发性甚至令人困惑。""]",,,,,,
1ccd6d34db2f0550050d465e8237d375a0174a8d,train,train_high_false_positive_candidates,e3a1cd273545f8678ebc10a163f908053480c7bc,"Clarity, Simplicity & Inspiration",zh,Psychology,5,4,3,1,"学科:心理学 学制级别:大学 知识点：社会认知理论中的自我效能感 问题类型：多选题 .请根据学科,学制级别,知识点,问题类型生成一个对应的问题。""问题""和""提供的思路"":,以json格式返回","```json { ""问题"": ""在社会认知理论中，以下哪些选项能够提高个体的自我效能感？"", ""提供的思路"": [ ""通过成功经验提升自我效能感"", ""替代经验的影响"", ""言语劝说的作用"", ""情绪和生理状态的影响"", ""个人的反思与自我评价"" ] } ```","[""5分： 解释、说明、反馈极其清晰简洁，完全符合目标学习者的理解水平；表达生动有趣，能有效激发思考和兴趣。"", ""4分： 表达清晰易懂，语言简洁，适合目标学习者；具有一定的启发性，能够引发一些思考。"", ""3分： 表达基本能懂，但可能略显啰嗦、复杂或不够生动；启发性一般。"", ""2分： 表达不够清晰，存在较多术语或复杂句式，不易理解；缺乏启发性。"", ""1分： 表达混乱、晦涩难懂，完全不考虑学习者水平；毫无启发性甚至令人困惑。""]",,,,,,
9063906ab1fc26a10bc268f9e270a5b67c4a873a,train,train_high_false_positive_candidates,ac5843a5b2798e8500cac73be37d8147d820498f,"Clarity, Simplicity & Inspiration",zh,Public Administration,5,4,3,1,"问题：以下哪项是公共管理学中对公共政策评估的主要方法之一？ A) 实验设计 B) 案例研究 C) 文献综述 D) 参与观察 原答案：C) 文献综述 你为学生的回答进行纠错服务.请根据这个问题和原答案给出""纠错后答案""和""纠错说明"":,以json格式返回","{ ""纠错后答案"": ""A) 实验设计"", ""纠错说明"": ""在公共管理学中，公共政策评估的主要方法包括实验设计、准实验设计、成本效益分析等。实验设计是其中一种重要方法，它通过控制变量来评估政策效果。案例研究虽然也用于政策分析，但更多用于描述和解释特定案例，而非评估。文献综述是研究方法之一，但主要用于总结现有研究，而非直接评估政策。参与观察更多用于定性研究，不是政策评估的主要方法。因此，正确答案应为A) 实验设计。"" }","[""5分： 解释、说明、反馈极其清晰简洁，完全符合目标学习者的理解水平；表达生动有趣，能有效激发思考和兴趣。"", ""4分： 表达清晰易懂，语言简洁，适合目标学习者；具有一定的启发性，能够引发一些思考。"", ""3分： 表达基本能懂，但可能略显啰嗦、复杂或不够生动；启发性一般。"", ""2分： 表达不够清晰，存在较多术语或复杂句式，不易理解；缺乏启发性。"", ""1分： 表达混乱、晦涩难懂，完全不考虑学习者水平；毫无启发性甚至令人困惑。""]",,,,,,
9b5b25142f59907245031f0abf739974b73630c5,train,train_high_false_positive_candidates,7bdbfc3be37d434120cd61c75738b9ba4e2b67ad,Content Relevance & Scope Control,en,Applied Economics,5,5,2,3,Subject:Applied Economics Education Level:Undergraduate Question:Which of the following is considered a limitation of using Gross Domestic Product (GDP) as a measure of economic welfare? A) GDP accounts for income distribution among residents of a country....,"```json { ""Answer"": ""C) GDP does not account for environmental degradation and resource depletion."" } ```","[""5: Content is highly relevant to the specified topic/theme/question; strictly within required difficulty/scope/discipline without redundant or irrelevant information."", ""4: Overall relevance is high; scope control is good with possibly a small amount of s...",,,,,,
a44b87bf04b3ef5b175828eea2a2521f2517717b,train,train_high_false_positive_candidates,f6cf3e1b280ca78c17a557b97001a3fea411a738,Content Relevance & Scope Control,en,Aquaculture,5,5,2,3,"Subject:Aquaculture Education Level:Undergraduate Knowledge Point:Aquaculture involves the farming of aquatic organisms, including fish, mollusks, crustaceans, and aquatic plants. It encompasses breeding, rearing, and harvesting in controlled environments....","```json { ""Question"": ""Which of the following is NOT typically farmed in aquaculture?"", ""Options"": [ {""option"": ""Fish"", ""correct"": true}, {""option"": ""Mollusks"", ""correct"": true}, {""option"": ""Crustaceans"", ""correct"": true}, {""option"": ""Reptiles"", ""correct"":...","[""5: Content is highly relevant to the specified topic/theme/question; strictly within required difficulty/scope/discipline without redundant or irrelevant information."", ""4: Overall relevance is high; scope control is good with possibly a small amount of s...",,,,,,
0f078fec91a41ff60d84a9b3ad5b77d190523367,train,train_high_false_positive_candidates,dd136878ae93aa36b80dca8d0b02cf25011b6f5e,Content Relevance & Scope Control,en,Biology,4,4,3,1,"Question: Explain the role of microRNAs in the regulation of gene expression in eukaryotic cells. Student's Answer: MicroRNAs (miRNAs) are small, non-coding RNA molecules that play a crucial role in regulating gene expression in eukaryotic cells. They prima...","```json { ""Score"": 4, ""Scoring_Details"": { ""Accuracy_of_Information"": 5, ""Depth_of_Understanding"": 4, ""Clarity_and_Coherence"": 5, ""Relevance_to_Question"": 4 }, ""Personalized_Feedback"": ""Your explanation of the role of microRNAs in regulating gene expression...","[""5: Content is highly relevant to the specified topic/theme/question; strictly within required difficulty/scope/discipline without redundant or irrelevant information."", ""4: Overall relevance is high; scope control is good with possibly a small amount of s...",,,,,,
d021378797211e9f48512fc7019b88702c46b63d,train,train_high_false_positive_candidates,b8341c9d33cad1b053ba0bafa03c407e4791c4da,Content Relevance & Scope Control,en,Business Administration,5,5,2,3,"Question: Explain how Porter's Five Forces framework can be used to analyze the competitive environment of an industry. Please provide reasoning based on this question. Do not provide the answer directly.. ""Reasoning Provided"":, return in JSON format","{ ""reasoning"": ""Porter's Five Forces is a framework for analyzing the competitive environment of an industry, which helps in understanding where power lies in a business situation. The analysis involves assessing five key areas: the threat of new entrants,...","[""5: Content is highly relevant to the specified topic/theme/question; strictly within required difficulty/scope/discipline without redundant or irrelevant information."", ""4: Overall relevance is high; scope control is good with possibly a small amount of s...",,,,,,
71c6451b507e42c58aa681cb1055d13446d913f2,train,train_high_false_positive_candidates,7f281c5d001646c5cd068f561302e9f2c1b03a4e,Content Relevance & Scope Control,en,Chinese,4,4,2,2,"Question: Which Chinese dynasty is known for the construction of the majority of the Great Wall of China as it stands today? Please provide reasoning based on this question. Do not provide the answer directly.. ""Reasoning Provided"":, return in JSON format","{ ""reasoning_provided"": ""The Great Wall of China has a long and complex history, with various dynasties contributing to its construction over thousands of years. However, one particular dynasty is noted for significantly expanding and reinforcing large sect...","[""5: Content is highly relevant to the specified topic/theme/question; strictly within required difficulty/scope/discipline without redundant or irrelevant information."", ""4: Overall relevance is high; scope control is good with possibly a small amount of s...",,,,,,
1584a0493b93d91ad2573a8031a2df5a68c90795,train,train_high_false_positive_candidates,f1f947604e25a14868aeebe46ba3a2c375d74f99,Content Relevance & Scope Control,en,English,5,5,2,3,"Question: Which of the following is an adjective? A) Run B) Quickly C) Happy D) Jump Student's Answer: B) Quickly Please provide ""Score"", ""Scoring Details"", and ""Personalized Feedback"" based on the question and student's answer, in JSON format.","```json { ""Score"": 0, ""Scoring Details"": { ""Correct Answer"": ""C) Happy"", ""Explanation"": ""An adjective is a word that describes or modifies a noun or pronoun. Among the given options, 'Happy' is an adjective as it describes a state or quality of a person or...","[""5: Content is highly relevant to the specified topic/theme/question; strictly within required difficulty/scope/discipline without redundant or irrelevant information."", ""4: Overall relevance is high; scope control is good with possibly a small amount of s...",,,,,,
118543b6ffd1f0b7fc57b078ffd51c77f796b610,train,train_high_false_positive_candidates,fe8355c92fdedf86b46847c533ca17f018bc7679,Content Relevance & Scope Control,en,Geography,5,5,1,4,"Question: True or False: The Andes Mountains are located in North America. Student's Answer: True Please provide ""Score"", ""Scoring Details"", and ""Personalized Feedback"" based on the question and student's answer, in JSON format.","```json { ""Score"": 0, ""Scoring Details"": { ""Correctness"": 0, ""Explanation"": ""The student's answer is incorrect. The Andes Mountains are not located in North America, but rather in South America, stretching along the western coast through countries such as V...","[""5: Content is highly relevant to the specified topic/theme/question; strictly within required difficulty/scope/discipline without redundant or irrelevant information."", ""4: Overall relevance is high; scope control is good with possibly a small amount of s...",,,,,,
36d83f7b1c82af6b9034d0c4c966782424399430,train,train_high_false_positive_candidates,aa48c48cd6bf14c4713397de0e37c7971495e79d,Content Relevance & Scope Control,en,Mathematics,5,5,2,3,"Subject:Mathematics Education Level:PhD Question:In the context of complex analysis, consider the function f(z) = z^2 + 1. Which of the following statements is true regarding its singularities? A) f(z) has no singularities. B) f(z) has a removable singulari...","```json { ""Answer"": { ""CorrectOption"": ""A"", ""Explanation"": ""The function f(z) = z^2 + 1 is a polynomial function. Polynomial functions are entire functions, meaning they are holomorphic (analytic) everywhere in the complex plane and do not have any singular...","[""5: Content is highly relevant to the specified topic/theme/question; strictly within required difficulty/scope/discipline without redundant or irrelevant information."", ""4: Overall relevance is high; scope control is good with possibly a small amount of s...",,,,,,
420820bb25d418dab7019c649aed8fbf6a85a310,train,train_high_false_positive_candidates,9170c4d4b31f4dd5c699c2524cc746bd54865e83,Content Relevance & Scope Control,en,Psychology,5,4,3,1,"Question: Discuss the role of neurotransmitters in the regulation of mood, and how imbalances can lead to mood disorders. Student's Answer: Neurotransmitters are chemicals in the brain that transmit signals between neurons. They play a crucial role in regul...","```json { ""Score"": 85, ""Scoring Details"": { ""Content Accuracy"": 20, ""Comprehensiveness"": 15, ""Clarity and Organization"": 20, ""Depth of Explanation"": 15, ""Critical Thinking and Insight"": 15 }, ""Personalized Feedback"": { ""Strengths"": ""Your answer correctly id...","[""5: Content is highly relevant to the specified topic/theme/question; strictly within required difficulty/scope/discipline without redundant or irrelevant information."", ""4: Overall relevance is high; scope control is good with possibly a small amount of s...",,,,,,
ec11307bbb4dc993e5f482539a528ae68a572fc0,train,train_high_false_positive_candidates,0e09c1d8b75a16ca2c50f1bccf73028ae1d691ea,Content Relevance & Scope Control,en,Theoretical Economics,5,4,3,1,Question: Explain the concept of Nash Equilibrium in game theory and provide an example. Student's Answer: Nash Equilibrium is a situation in a game where each player's strategy is optimal given the strategies of all other players. No player can benefit by...,"```json { ""Score"": 85, ""Scoring_Details"": { ""Accuracy_of_Definition"": 90, ""Explanation_Clarity"": 85, ""Relevance_of_Example"": 80, ""Comprehensiveness_of_Answer"": 85 }, ""Personalized_Feedback"": ""Your explanation of Nash Equilibrium is quite accurate and clear....","[""5: Content is highly relevant to the specified topic/theme/question; strictly within required difficulty/scope/discipline without redundant or irrelevant information."", ""4: Overall relevance is high; scope control is good with possibly a small amount of s...",,,,,,
6b0714e56afaddc9f3d583f946a6665e54d85759,train,train_high_false_positive_candidates,ce9b05f8b8c3c09bfac56ea4f5f177bac9474ddb,Content Relevance & Scope Control,zh,Basic Medicine,4,5,2,3,"问题：在神经生理学中，动作电位的过程中不包括以下哪一个步骤？ A) 去极化 B) 再极化 C) 超极化 D) 钙离子流入细胞 学生的答案：C) 超极化 请根据问题和学生答案给出""评分"":""评分细节"":""个性化反馈"":,以json格式返回","```json { ""评分"": ""正确"", ""评分细节"": ""学生选择了C) 超极化，这是正确的。在动作电位的过程中，确实不包括超极化作为其直接步骤。动作电位主要包括去极化、达到阈值后钠离子快速内流导致的动作电位上升相、随后的再极化过程（钾离子外流），以及之后的恢复期。钙离子流入细胞虽然不是所有神经元动作电位的一部分，但在某些特定类型的神经信号传导中扮演重要角色，比如突触传递时。但是，根据题目给定的选项来看，'钙离子流入细胞'更常被提及于突触传递而非动作电位本身的过程描述中，因此本题的最佳答案是C) 超极化。...","[""5分： 内容与指定知识点/主题/问题高度相关，且严格控制在要求的难度、范围、学科内，无冗余或无关信息。"", ""4分： 内容主体相关，范围控制良好，可能包含极少量轻微超纲或关联度稍弱的信息。"", ""3分： 内容大部分相关，但包含一些偏离主题或超出范围的部分，范围控制不够精确。"", ""2分： 内容相关性较差，包含较多无关信息，或严重超出指定范围。"", ""1分： 内容基本不相关，或完全脱离指定范围。""]",,,,,,
734f2a177b3191215512b6dab86af6f8739461a1,train,train_high_false_positive_candidates,f7f8e6254e81a50cd0db26f7a0b465bd860ee691,Content Relevance & Scope Control,zh,Chemistry,5,5,3,2,"问题：考虑一个有机分子，其含有羧基(-COOH)和酯基(-COOR')。请解释该分子在酸性和碱性条件下的水解反应机理，并讨论不同条件下的反应产物。 请根据这个问题提供思路。""提供的思路"":,以json格式返回","```json { ""思路"": { ""反应条件对比"": { ""酸性条件"": { ""机理概述"": ""在酸性条件下，酯基(-COOR')会优先发生水解反应。这是因为羧基(-COOH)在酸性环境下不易进一步质子化，而酯键则相对容易受到攻击。"", ""步骤详解"": [ ""首先，一个水分子作为亲核试剂进攻酯键中的碳原子。"", ""随后形成四面体中间体，在此过程中酯基的氧原子获得了一个氢离子(H+)。"", ""接着，该中间体分解为醇(R'OH)和一个新的羰基化合物。"", ""最后，由于是在酸性环境中，新生成的羰基化合物可能会保持...","[""5分： 内容与指定知识点/主题/问题高度相关，且严格控制在要求的难度、范围、学科内，无冗余或无关信息。"", ""4分： 内容主体相关，范围控制良好，可能包含极少量轻微超纲或关联度稍弱的信息。"", ""3分： 内容大部分相关，但包含一些偏离主题或超出范围的部分，范围控制不够精确。"", ""2分： 内容相关性较差，包含较多无关信息，或严重超出指定范围。"", ""1分： 内容基本不相关，或完全脱离指定范围。""]",,,,,,
dc5f28594fc57e92b04dc85d63b1396f67674638,train,train_high_false_positive_candidates,ac1c8ccfcd59afb588cbe2e820ef540a695ec312,Content Relevance & Scope Control,zh,Clinical Medicine,5,5,1,4,"学科:临床医学 学制级别:硕士 问题：以下哪种药物最常用于治疗急性心肌梗死？ A) 阿司匹林 B) 布洛芬 C) 对乙酰氨基酚 D) 洛伐他汀 .请根据问题生成对应的答案。""答案"":,以json格式返回","```json { ""答案"": ""A) 阿司匹林"" } ```","[""5分： 内容与指定知识点/主题/问题高度相关，且严格控制在要求的难度、范围、学科内，无冗余或无关信息。"", ""4分： 内容主体相关，范围控制良好，可能包含极少量轻微超纲或关联度稍弱的信息。"", ""3分： 内容大部分相关，但包含一些偏离主题或超出范围的部分，范围控制不够精确。"", ""2分： 内容相关性较差，包含较多无关信息，或严重超出指定范围。"", ""1分： 内容基本不相关，或完全脱离指定范围。""]",,,,,,
5cf92ae6e911701eed946b87825c30da1f906f16,train,train_high_false_positive_candidates,85398269c1c07a9498c3eae4b08315e4db78a74e,Content Relevance & Scope Control,zh,General Pedagogy,4,4,3,1,"问题：在教育学中，哪个教学方法最强调学生的主动参与？ 学生的答案：合作学习法 请根据问题和学生答案给出""评分"":""评分细节"":""个性化反馈"":,以json格式返回","```json { ""评分"": ""部分正确"", ""评分细节"": ""合作学习法确实强调学生的主动参与，但它并不是唯一强调学生主动参与的教学方法。其他方法如项目式学习、探究式学习等也强调学生的主动参与。"", ""个性化反馈"": ""你的答案部分正确。合作学习法确实强调学生的主动参与，这是一个很好的选择。然而，还有其他教学方法如项目式学习和探究式学习也强调学生的主动参与。你可以考虑这些方法，以便更全面地理解教育学中强调学生主动参与的各种教学策略。继续加油！"" } ```","[""5分： 内容与指定知识点/主题/问题高度相关，且严格控制在要求的难度、范围、学科内，无冗余或无关信息。"", ""4分： 内容主体相关，范围控制良好，可能包含极少量轻微超纲或关联度稍弱的信息。"", ""3分： 内容大部分相关，但包含一些偏离主题或超出范围的部分，范围控制不够精确。"", ""2分： 内容相关性较差，包含较多无关信息，或严重超出指定范围。"", ""1分： 内容基本不相关，或完全脱离指定范围。""]",,,,,,
ede9edccfd0d076ee4b8371ccdaef992a5b79d38,train,train_high_false_positive_candidates,93a5ca2decc82169ec51fce4735b568ddb829c8a,Content Relevance & Scope Control,zh,History,5,5,1,4,"学科:历史学 学制级别:大学 问题：以下哪一事件标志着英格兰光荣革命的结束？ A. 1688年詹姆斯二世的逃亡 B. 1689年权利法案的通过 C. 1690年博因河战役 D. 1694年玛丽二世去世 .请根据问题生成对应的答案。""答案"":,以json格式返回","```json { ""答案"": ""B. 1689年权利法案的通过"" } ```","[""5分： 内容与指定知识点/主题/问题高度相关，且严格控制在要求的难度、范围、学科内，无冗余或无关信息。"", ""4分： 内容主体相关，范围控制良好，可能包含极少量轻微超纲或关联度稍弱的信息。"", ""3分： 内容大部分相关，但包含一些偏离主题或超出范围的部分，范围控制不够精确。"", ""2分： 内容相关性较差，包含较多无关信息，或严重超出指定范围。"", ""1分： 内容基本不相关，或完全脱离指定范围。""]",,,,,,
4622cfaeee381397df1162d10d99e6e1b1078983,train,train_high_false_positive_candidates,3b26f4f8f9f7314ee644e63efa2173afbb702c33,Content Relevance & Scope Control,zh,Law,5,5,2,3,"学科:法学 学制级别:博士 问题：在国际法中，以下哪一个原则主要用于解决国家之间的领土争端？ A. 不干涉内政原则 B. 自决原则 C. 先占原则 D. 互惠原则 .请根据问题生成对应的答案。""答案"":,以json格式返回","```json { ""答案"": ""C. 先占原则"" } ``` 说明：在国际法中，先占原则是指一个国家可以通过有效占领无主地来取得该土地的主权。虽然这个原则在现代应用较少，因为它假设了存在真正的“无主地”，但在历史上它确实是解决领土归属问题的一种方式。不过，在当前处理国家间领土争端时，更常用的原则包括但不限于通过谈判、调解、仲裁或司法裁决等方式和平解决争议。其他选项如不干涉内政原则更多涉及到尊重国家主权和独立；自决原则主要涉及人民选择自己的政治地位及发展经济、社会与文化权利；而互惠原则则多用于国际贸易等领域，...","[""5分： 内容与指定知识点/主题/问题高度相关，且严格控制在要求的难度、范围、学科内，无冗余或无关信息。"", ""4分： 内容主体相关，范围控制良好，可能包含极少量轻微超纲或关联度稍弱的信息。"", ""3分： 内容大部分相关，但包含一些偏离主题或超出范围的部分，范围控制不够精确。"", ""2分： 内容相关性较差，包含较多无关信息，或严重超出指定范围。"", ""1分： 内容基本不相关，或完全脱离指定范围。""]",,,,,,
30a49a700cf6b388d636db421db673f71bf2f429,train,train_high_false_positive_candidates,80c997dc9bc9becf50e310e86fb5550097076469,Content Relevance & Scope Control,zh,Mathematics,5,5,2,3,"学科:数学 学制级别:小学 知识点：简单的加法运算 问题类型：单选题 .请根据学科,学制级别,知识点,问题类型生成一个对应的问题。""问题""和""提供的思路"":,以json格式返回","```json { ""问题"": { ""题干"": ""小明有3个苹果，妈妈又给了他2个苹果。小明现在一共有多少个苹果？"", ""选项"": { ""A"": ""4"", ""B"": ""5"", ""C"": ""6"", ""D"": ""7"" }, ""正确答案"": ""B"" }, ""提供的思路"": { ""步骤解析"": [ ""1. 小明最初有3个苹果。"", ""2. 妈妈给了他2个苹果，需要将两者相加：3 + 2。"", ""3. 计算结果为5，对应选项B。"" ], ""关键点"": ""理解加法运算的意义，掌握10以内的加法计算。"" } } ```","[""5分： 内容与指定知识点/主题/问题高度相关，且严格控制在要求的难度、范围、学科内，无冗余或无关信息。"", ""4分： 内容主体相关，范围控制良好，可能包含极少量轻微超纲或关联度稍弱的信息。"", ""3分： 内容大部分相关，但包含一些偏离主题或超出范围的部分，范围控制不够精确。"", ""2分： 内容相关性较差，包含较多无关信息，或严重超出指定范围。"", ""1分： 内容基本不相关，或完全脱离指定范围。""]",,,,,,
4b71fcef3339c09c5b1317a918c5f19c90067ba6,train,train_high_false_positive_candidates,3f583749c39a53d68120dd4302b4c6888f5dd6d7,Content Relevance & Scope Control,zh,Physics,5,5,1,4,"学科:物理学 学制级别:博士 问题：在广义相对论的框架下，以下哪种情况最有可能导致时空奇点的出现？ A) 电磁场的存在 B) 大质量恒星的核心塌缩 C) 宇宙学常数为零 D) 低能粒子在真空中的运动 .请根据问题生成对应的答案。""答案"":,以json格式返回","```json { ""答案"": ""B) 大质量恒星的核心塌缩"" } ```","[""5分： 内容与指定知识点/主题/问题高度相关，且严格控制在要求的难度、范围、学科内，无冗余或无关信息。"", ""4分： 内容主体相关，范围控制良好，可能包含极少量轻微超纲或关联度稍弱的信息。"", ""3分： 内容大部分相关，但包含一些偏离主题或超出范围的部分，范围控制不够精确。"", ""2分： 内容相关性较差，包含较多无关信息，或严重超出指定范围。"", ""1分： 内容基本不相关，或完全脱离指定范围。""]",,,,,,
dd9ac0a64b33f70498f0b7efeca14256ccf075f3,train,train_high_false_positive_candidates,e3a1cd273545f8678ebc10a163f908053480c7bc,Content Relevance & Scope Control,zh,Psychology,4,5,3,2,"学科:心理学 学制级别:大学 知识点：社会认知理论中的自我效能感 问题类型：多选题 .请根据学科,学制级别,知识点,问题类型生成一个对应的问题。""问题""和""提供的思路"":,以json格式返回","```json { ""问题"": ""以下哪些选项正确描述了社会认知理论中自我效能感的作用？"", ""提供的思路"": [ ""影响个人对任务的选择和坚持程度。"", ""决定个人面对困难时的情绪反应。"", ""直接影响个人的实际技能水平。"", ""促进或阻碍个人目标的设定。"", ""改变个人的基本性格特征。"" ], ""答案"": [0, 1, 3] } ``` 这个多选题旨在考察学生对于社会认知理论中“自我效能感”概念的理解，包括它如何影响个体的行为选择、情绪状态以及目标设定等方面。正确答案是第1（影响个人对任务的选择和坚持程度...","[""5分： 内容与指定知识点/主题/问题高度相关，且严格控制在要求的难度、范围、学科内，无冗余或无关信息。"", ""4分： 内容主体相关，范围控制良好，可能包含极少量轻微超纲或关联度稍弱的信息。"", ""3分： 内容大部分相关，但包含一些偏离主题或超出范围的部分，范围控制不够精确。"", ""2分： 内容相关性较差，包含较多无关信息，或严重超出指定范围。"", ""1分： 内容基本不相关，或完全脱离指定范围。""]",,,,,,
ea4b7bc0178f16a4dee130694954eafdd90dfc42,train,train_high_false_positive_candidates,f6cf3e1b280ca78c17a557b97001a3fea411a738,Domain Knowledge Accuracy,en,Aquaculture,4,4,2,2,"Subject:Aquaculture Education Level:Undergraduate Knowledge Point:Aquaculture involves the farming of aquatic organisms, including fish, mollusks, crustaceans, and aquatic plants. It encompasses breeding, rearing, and harvesting in controlled environments....","```json { ""Question"": ""Which of the following is NOT a primary focus of aquaculture?"", ""Options"": [ ""A) Breeding aquatic organisms"", ""B) Rearing aquatic organisms in controlled environments"", ""C) Harvesting aquatic organisms"", ""D) Studying the migration pat...","[""5: Subject matter application is not only accurate but also shows appropriate depth and rigor; adheres to industry or academic standards."", ""4: Proper use of professional knowledge reflecting a good degree of proficiency; minor shortcomings in depth or de...",,,,,,
28642db9c7a36aee5a8801d5f7ed743649c4cfd6,train,train_high_false_positive_candidates,7d31b9d0eef59066afff9ba848a799e2668bbed2,Domain Knowledge Accuracy,en,Basic Medicine,5,4,1,3,Subject:Basic Medicine Education Level:Master Knowledge Point:The renin-angiotensin-aldosterone system (RAAS) plays a crucial role in regulating blood pressure and fluid balance in the body. Question Type:Single Choice .Generate a corresponding question bas...,"```json { ""Question"": ""Which of the following best describes the primary function of the renin-angiotensin-aldosterone system (RAAS)?"", ""Options"": [ ""A. Regulating blood glucose levels"", ""B. Controlling body temperature"", ""C. Maintaining blood pressure and...","[""5: Subject matter application is not only accurate but also shows appropriate depth and rigor; adheres to industry or academic standards."", ""4: Proper use of professional knowledge reflecting a good degree of proficiency; minor shortcomings in depth or de...",,,,,,
d82a7677e95be9770088b2d3d99730a0274fbca7,train,train_high_false_positive_candidates,7f281c5d001646c5cd068f561302e9f2c1b03a4e,Domain Knowledge Accuracy,en,Chinese,5,5,2,3,"Question: Which Chinese dynasty is known for the construction of the majority of the Great Wall of China as it stands today? Please provide reasoning based on this question. Do not provide the answer directly.. ""Reasoning Provided"":, return in JSON format","```json { ""Reasoning Provided"": ""To determine which Chinese dynasty is known for the construction of the majority of the Great Wall of China as it stands today, we need to consider the historical context and the periods during which significant construction...","[""5: Subject matter application is not only accurate but also shows appropriate depth and rigor; adheres to industry or academic standards."", ""4: Proper use of professional knowledge reflecting a good degree of proficiency; minor shortcomings in depth or de...",,,,,,
455548c77ef120ad15c7637c5c6f428257c51255,train,train_high_false_positive_candidates,2c3431500658778ea0788f7745c59f0b024746a9,Domain Knowledge Accuracy,en,Crop Science,4,4,3,1,Question: Which of the following factors is most crucial for determining the success of a crop in a particular region? A) Soil pH B) Seed variety C) Irrigation method D) Climate conditions Please provide reasoning based on this question. Do not provide the...,"{ ""reasoning"": ""To determine the most crucial factor for the success of a crop in a particular region, one must consider how each option fundamentally impacts plant growth and development. Soil pH (A) is indeed important as it affects nutrient availability...","[""5: Subject matter application is not only accurate but also shows appropriate depth and rigor; adheres to industry or academic standards."", ""4: Proper use of professional knowledge reflecting a good degree of proficiency; minor shortcomings in depth or de...",,,,,,
d544e103b8bc6af559c354ee6e895222a2f32d19,train,train_high_false_positive_candidates,d0434a705d581d2aebdcf53be8acafc5da9b8e4e,Domain Knowledge Accuracy,en,Geography,5,5,3,2,"Question: Explain how plate tectonics can lead to the formation of mountains. Please provide reasoning based on this question. Do not provide the answer directly.. ""Reasoning Provided"":, return in JSON format","{ ""reasoning"": ""Plate tectonics involves the movement and interaction of large sections of the Earth's crust, known as tectonic plates. These plates float on the semi-fluid layer beneath them, called the asthenosphere, and move due to convection currents wi...","[""5: Subject matter application is not only accurate but also shows appropriate depth and rigor; adheres to industry or academic standards."", ""4: Proper use of professional knowledge reflecting a good degree of proficiency; minor shortcomings in depth or de...",,,,,,
2d4f60123fa1c29e52c6931edd6d00041b81d555,train,train_high_false_positive_candidates,182ead73c7c9bef64c812e1c3366635156817f15,Domain Knowledge Accuracy,en,Mathematics,4,4,2,2,"Question: What is the value of 5 + 3? Please provide reasoning based on this question. Do not provide the answer directly.. ""Reasoning Provided"":, return in JSON format","{ ""reasoning"": ""This question is asking for the sum of two numbers, 5 and 3. In basic arithmetic, when we add two numbers together, we combine their values to find the total. Here, we are adding 5 to 3, which means we take the value of 5 and increase it by...","[""5: Subject matter application is not only accurate but also shows appropriate depth and rigor; adheres to industry or academic standards."", ""4: Proper use of professional knowledge reflecting a good degree of proficiency; minor shortcomings in depth or de...",,,,,,
fb89f9ef8531c404e355980455f26553582520e3,train,train_high_false_positive_candidates,5f10a3a85e0efd1be4f1e1773e836f0ef17e29b2,Domain Knowledge Accuracy,en,Physical Education,5,5,3,2,"Subject:Physical Education Education Level:Undergraduate Knowledge Point:The FITT principle is a foundational concept in physical education that stands for Frequency, Intensity, Time, and Type. It is used to structure exercise programs to improve fitness le...","```json { ""Question"": ""Explain the FITT principle and how each component (Frequency, Intensity, Time, and Type) contributes to designing an effective exercise program."", ""Provided Reasoning"": ""This question is appropriate for an undergraduate level in Physi...","[""5: Subject matter application is not only accurate but also shows appropriate depth and rigor; adheres to industry or academic standards."", ""4: Proper use of professional knowledge reflecting a good degree of proficiency; minor shortcomings in depth or de...",,,,,,
8681aa03fc68be1a9401aaff990030902de25fc5,train,train_high_false_positive_candidates,b4e8463f79efb7c28a37f3dee049ee3dee03f6de,Domain Knowledge Accuracy,en,Psychology,4,4,3,1,"Subject:Psychology Education Level:Undergraduate Knowledge Point:Cognitive dissonance is a psychological concept that refers to the discomfort experienced when holding two or more conflicting cognitions (e.g., beliefs, attitudes, or behaviors). To reduce th...","```json { ""Question"": ""Which of the following scenarios best illustrates the concept of cognitive dissonance?"", ""Options"": [ ""A. A student who loves to play video games decides to join a gaming club."", ""B. A person who believes in healthy eating but frequen...","[""5: Subject matter application is not only accurate but also shows appropriate depth and rigor; adheres to industry or academic standards."", ""4: Proper use of professional knowledge reflecting a good degree of proficiency; minor shortcomings in depth or de...",,,,,,
13b1101f81c98a8404f89b78c0e199cc987d97c1,train,train_high_false_positive_candidates,77549e9a87652e35c3eb0c10ff7c6e47a57e0ceb,Domain Knowledge Accuracy,en,Public Administration,5,4,2,2,"Subject:Public Administration Education Level:PhD Knowledge Point:Public administration at the PhD level often involves understanding complex governance structures, policy analysis, and the implementation of public policies in various political and economic...","```json { ""Question"": ""At the PhD level in Public Administration, which of the following is most crucial for analyzing and implementing public policies effectively?"", ""ProvidedReasoning"": ""This question tests the candidate's understanding of the core aspect...","[""5: Subject matter application is not only accurate but also shows appropriate depth and rigor; adheres to industry or academic standards."", ""4: Proper use of professional knowledge reflecting a good degree of proficiency; minor shortcomings in depth or de...",,,,,,
a57838ffb9aae93ce63754f7207d802796ae7a90,train,train_high_false_positive_candidates,6ee4a63a27ca8efb648e5b9a6d471b40f538089f,Domain Knowledge Accuracy,en,Sociology,4,4,3,1,"Subject:Sociology Education Level:PhD Knowledge Point:The concept of 'social capital' has been extensively discussed in the field of sociology, particularly in relation to community development, socio-economic mobility, and collective action. Social capital...","```json { ""Question"": ""Which of the following best describes the concept of social capital in sociology?"", ""Options"": [ { ""Option"": ""The financial resources available within a community"", ""Correct"": false, ""Reasoning"": ""Social capital is not about financial...","[""5: Subject matter application is not only accurate but also shows appropriate depth and rigor; adheres to industry or academic standards."", ""4: Proper use of professional knowledge reflecting a good degree of proficiency; minor shortcomings in depth or de...",,,,,,
437db53a30a26792bb14154993b13937737325e5,train,train_high_false_positive_candidates,b0ec9ece1525000e58e3539446f4c4e03dc1c08f,Domain Knowledge Accuracy,zh,Basic Medicine,5,4,3,1,"学科:基础医学 学制级别:硕士 知识点：肌肉收缩的生理机制 问题类型：多选题 .请根据学科,学制级别,知识点,问题类型生成一个对应的问题。""问题""和""提供的思路"":,以json格式返回","```json { ""question"": ""下列关于肌肉收缩的生理机制描述正确的是：\nA. 肌肉收缩是由肌球蛋白头部的ATP酶活性引起的\nB. 横桥的摆动需要Ca2+的参与\nC. 钙泵的作用是将肌浆网中的Ca2+泵出细胞外\nD. 肌钙蛋白与Ca2+结合后会改变其构象，暴露出肌动蛋白上的位点\nE. 肌肉松弛时，肌球蛋白头部不再具有ATP酶活性"", ""provided_thoughts"": ""1. 肌肉收缩涉及肌丝滑行理论，其中横桥的摆动是关键步骤。\n2. Ca2+在肌肉收缩过程中起着至关重要的作用...","[""5分： 在专业领域知识运用上不仅准确，且展现出恰当的深度和严谨性，符合行业标准或学术规范。"", ""4分： 专业知识运用准确，体现了较好的专业水准，但在深度或某些细节的严谨性上略有不足，不影响核心正确性。"", ""3分： 专业知识运用基本准确，但显得较为表层或不够严谨，可能存在一些非核心概念的混淆或遗漏。"", ""2分： 专业知识运用存在明显错误或重大遗漏，体现出专业性不足。"", ""1分： 专业知识运用方面存在严重错误，完全不符合专业标准，可能产生误导。""]",,,,,,
f9a721356765129b80c12d555e6df263bcbb015e,train,train_high_false_positive_candidates,f7f8e6254e81a50cd0db26f7a0b465bd860ee691,Domain Knowledge Accuracy,zh,Chemistry,4,4,3,1,"问题：考虑一个有机分子，其含有羧基(-COOH)和酯基(-COOR')。请解释该分子在酸性和碱性条件下的水解反应机理，并讨论不同条件下的反应产物。 请根据这个问题提供思路。""提供的思路"":,以json格式返回","```json { ""问题分析"": { ""有机分子结构"": ""该有机分子含有羧基(-COOH)和酯基(-COOR')，其中R'代表一个烃基团。"", ""酸性条件下的水解反应"": { ""反应类型"": ""酯化反应的逆过程"", ""反应机制"": ""在酸性条件下，酯基(-COOR')会与水(H2O)发生水解反应，生成羧酸(-COOH)和醇(R'OH)。这个过程可以看作是酯化反应的逆过程。"", ""反应方程式"": ""-COOR' + H2O -> -COOH + R'OH"" }, ""碱性条件下的水解反应"": { ""反应类型""...","[""5分： 在专业领域知识运用上不仅准确，且展现出恰当的深度和严谨性，符合行业标准或学术规范。"", ""4分： 专业知识运用准确，体现了较好的专业水准，但在深度或某些细节的严谨性上略有不足，不影响核心正确性。"", ""3分： 专业知识运用基本准确，但显得较为表层或不够严谨，可能存在一些非核心概念的混淆或遗漏。"", ""2分： 专业知识运用存在明显错误或重大遗漏，体现出专业性不足。"", ""1分： 专业知识运用方面存在严重错误，完全不符合专业标准，可能产生误导。""]",,,,,,
871191a442d81243b83064f6f4cb8914ac12620d,train,train_high_false_positive_candidates,c3d6dd9886dbb21e947eb824f47088252a780c68,Domain Knowledge Accuracy,zh,Crop Science,4,4,3,1,"知识点：作物生长模型的参数优化 请根据这个知识点给出""教学素材"":教学素材需要包括教学目标、重点难点、课堂活动设计等,以json格式返回","```json { ""教学目标"": [ ""理解作物生长模型的基本概念及其在农业中的应用。"", ""掌握作物生长模型参数优化的常用方法。"", ""能够运用优化算法对作物生长模型的参数进行优化。"", ""培养学生的数据分析能力和编程实践能力。"" ], ""重点难点"": { ""重点"": [ ""作物生长模型的基本结构及其关键参数。"", ""参数优化的基本流程和方法。"", ""常用优化算法（如遗传算法、粒子群算法等）的原理和应用。"" ], ""难点"": [ ""如何选择合适的优化算法以适应不同的作物生长模型。"", ""参数优化过程中如何...","[""5分： 在专业领域知识运用上不仅准确，且展现出恰当的深度和严谨性，符合行业标准或学术规范。"", ""4分： 专业知识运用准确，体现了较好的专业水准，但在深度或某些细节的严谨性上略有不足，不影响核心正确性。"", ""3分： 专业知识运用基本准确，但显得较为表层或不够严谨，可能存在一些非核心概念的混淆或遗漏。"", ""2分： 专业知识运用存在明显错误或重大遗漏，体现出专业性不足。"", ""1分： 专业知识运用方面存在严重错误，完全不符合专业标准，可能产生误导。""]",,,,,,
b5972d1fa042ad8348b96dfe3862dd68e20e5c3d,train,train_high_false_positive_candidates,32498439ea951a2573e1f3afb8999f203448e58e,Domain Knowledge Accuracy,zh,Literature and Art,4,4,3,1,"学科:文学与艺术 学制级别:博士 知识点：后现代主义文学理论 问题类型：单选题 .请根据学科,学制级别,知识点,问题类型生成一个对应的问题。""问题""和""提供的思路"":,以json格式返回","```json { ""问题"": ""后现代主义文学理论的核心特征之一是反对"", ""提供的思路"": [""宏大叙事"", ""传统结构"", ""现实主义表现手法"", ""现代主义的单一视角""] } ```","[""5分： 在专业领域知识运用上不仅准确，且展现出恰当的深度和严谨性，符合行业标准或学术规范。"", ""4分： 专业知识运用准确，体现了较好的专业水准，但在深度或某些细节的严谨性上略有不足，不影响核心正确性。"", ""3分： 专业知识运用基本准确，但显得较为表层或不够严谨，可能存在一些非核心概念的混淆或遗漏。"", ""2分： 专业知识运用存在明显错误或重大遗漏，体现出专业性不足。"", ""1分： 专业知识运用方面存在严重错误，完全不符合专业标准，可能产生误导。""]",,,,,,
bfe06235f57e1c1ba0ee853e902539032109ed53,train,train_high_false_positive_candidates,80c997dc9bc9becf50e310e86fb5550097076469,Domain Knowledge Accuracy,zh,Mathematics,5,4,2,2,"学科:数学 学制级别:小学 知识点：简单的加法运算 问题类型：单选题 .请根据学科,学制级别,知识点,问题类型生成一个对应的问题。""问题""和""提供的思路"":,以json格式返回","```json { ""question"": ""下列哪个选项是正确的简单加法运算结果？\nA) 3 + 5 = 8\nB) 7 + 2 = 10\nC) 9 + 1 = 18\nD) 4 + 6 = 11"", ""provided_thoughts"": ""正确答案应该是两个数相加的结果。通过逐一检查每个选项，可以确定哪个选项的计算是准确的。例如，选项A中的3 + 5确实等于8；而选项C中的9 + 1等于10，但不是18；选项D中的4 + 6等于10，而不是11。因此，需要验证每个选项，找出正确的答案。"", ""an...","[""5分： 在专业领域知识运用上不仅准确，且展现出恰当的深度和严谨性，符合行业标准或学术规范。"", ""4分： 专业知识运用准确，体现了较好的专业水准，但在深度或某些细节的严谨性上略有不足，不影响核心正确性。"", ""3分： 专业知识运用基本准确，但显得较为表层或不够严谨，可能存在一些非核心概念的混淆或遗漏。"", ""2分： 专业知识运用存在明显错误或重大遗漏，体现出专业性不足。"", ""1分： 专业知识运用方面存在严重错误，完全不符合专业标准，可能产生误导。""]",,,,,,
a1f8f5bd14d379348183f31e40c71606ea96acf0,train,train_high_false_positive_candidates,5190426b37344a5dd70adf4894aacc1fb868cdff,Error Identification & Correction Precision,en,Basic Medicine,5,5,1,4,"Question: True or False: The human liver has the capacity to regenerate after surgical removal of a portion of its tissue. Student's Answer: True Please provide ""Score"", ""Scoring Details"", and ""Personalized Feedback"" based on the question and student's answ...","```json { ""Score"": 1, ""Scoring Details"": { ""Correctness"": ""The student's answer is correct. The human liver indeed has the remarkable ability to regenerate after surgical removal of a portion of its tissue."", ""Explanation"": ""The liver is unique among human...","[""5: Precisely identified all errors (no omission or false positives); provided completely correct, clear, and optimal correction suggestions."", ""4: Correctly located most major errors; suggestions are generally accurate and effective with only minor omissi...",,,,,,
27b5e246feb3bc800292dfe680622e404c0cfe87,train,train_high_false_positive_candidates,dd136878ae93aa36b80dca8d0b02cf25011b6f5e,Error Identification & Correction Precision,en,Biology,5,5,3,2,"Question: Explain the role of microRNAs in the regulation of gene expression in eukaryotic cells. Student's Answer: MicroRNAs (miRNAs) are small, non-coding RNA molecules that play a crucial role in regulating gene expression in eukaryotic cells. They prima...","{ ""Score"": 90, ""Scoring Details"": { ""Completeness"": 4.5, ""Accuracy"": 5.0, ""Clarity"": 4.5, ""Depth"": 4.0, ""Relevance"": 5.0 }, ""Personalized Feedback"": ""Your answer effectively outlines the core role of microRNAs (miRNAs) in gene regulation, including their me...","[""5: Precisely identified all errors (no omission or false positives); provided completely correct, clear, and optimal correction suggestions."", ""4: Correctly located most major errors; suggestions are generally accurate and effective with only minor omissi...",,,,,,
6377f7e3f43e2bd08b05b5d3ca05c0fb6962bbd9,train,train_high_false_positive_candidates,f1f947604e25a14868aeebe46ba3a2c375d74f99,Error Identification & Correction Precision,en,English,5,5,1,4,"Question: Which of the following is an adjective? A) Run B) Quickly C) Happy D) Jump Student's Answer: B) Quickly Please provide ""Score"", ""Scoring Details"", and ""Personalized Feedback"" based on the question and student's answer, in JSON format.","```json { ""Score"": 0, ""Scoring_Details"": ""The correct answer to this question is C) Happy, as it is the only adjective among the given options. 'Run', 'Jump', and 'Quickly' do not serve as adjectives; they can be verbs ('Run', 'Jump') or an adverb ('Quickly...","[""5: Precisely identified all errors (no omission or false positives); provided completely correct, clear, and optimal correction suggestions."", ""4: Correctly located most major errors; suggestions are generally accurate and effective with only minor omissi...",,,,,,
8d950666d6ec2798481749464b48bc3b71b835ba,train,train_high_false_positive_candidates,fe8355c92fdedf86b46847c533ca17f018bc7679,Error Identification & Correction Precision,en,Geography,5,5,1,4,"Question: True or False: The Andes Mountains are located in North America. Student's Answer: True Please provide ""Score"", ""Scoring Details"", and ""Personalized Feedback"" based on the question and student's answer, in JSON format.","```json { ""Score"": 0, ""Scoring Details"": { ""Correctness"": 0, ""Explanation"": ""The student's answer is incorrect. The Andes Mountains are not located in North America, but rather in South America, stretching along the western coast through countries such as V...","[""5: Precisely identified all errors (no omission or false positives); provided completely correct, clear, and optimal correction suggestions."", ""4: Correctly located most major errors; suggestions are generally accurate and effective with only minor omissi...",,,,,,
0cfea1ad7807da0ae02d5f9a0f8d91cbacd8fc73,train,train_high_false_positive_candidates,578358b94591dcdb7b73304c5498c56a12d9c95d,Error Identification & Correction Precision,en,Law,5,5,2,3,Question: Which legal principle is primarily concerned with the prevention of double jeopardy in the United States? Original Answer: The principle of stare decisis. You are providing error-correction services for the student's response. Based on this questi...,"{ ""Corrected Answer"": ""The Double Jeopardy Clause of the Fifth Amendment."", ""Error Explanation"": ""Stare decisis refers to the principle of adhering to precedent in judicial decision-making, unrelated to double jeopardy. The legal principle preventing double...","[""5: Precisely identified all errors (no omission or false positives); provided completely correct, clear, and optimal correction suggestions."", ""4: Correctly located most major errors; suggestions are generally accurate and effective with only minor omissi...",,,,,,
111cc146fbf9b404326f503217c116f472118344,train,train_high_false_positive_candidates,474e1de7818e5730139801b4f471b28d6fa78a15,Error Identification & Correction Precision,en,Mathematics,5,5,1,4,"Question: True or False: The sum of the interior angles of a triangle is 180 degrees. Student's Answer: True Please provide ""Score"", ""Scoring Details"", and ""Personalized Feedback"" based on the question and student's answer, in JSON format.","```json { ""Score"": 100, ""Scoring Details"": { ""Correctness"": true, ""Explanation"": ""The student's answer is correct. The sum of the interior angles of any triangle is indeed always 180 degrees."" }, ""Personalized Feedback"": { ""Text"": ""Great job! Your understan...","[""5: Precisely identified all errors (no omission or false positives); provided completely correct, clear, and optimal correction suggestions."", ""4: Correctly located most major errors; suggestions are generally accurate and effective with only minor omissi...",,,,,,
25d3e05119ffad1cae6b72c274d73d80b4de81db,train,train_high_false_positive_candidates,9170c4d4b31f4dd5c699c2524cc746bd54865e83,Error Identification & Correction Precision,en,Psychology,4,4,2,2,"Question: Discuss the role of neurotransmitters in the regulation of mood, and how imbalances can lead to mood disorders. Student's Answer: Neurotransmitters are chemicals in the brain that transmit signals between neurons. They play a crucial role in regul...","```json { ""Score"": 7, ""Scoring Details"": { ""Correct Information"": [ ""Neurotransmitters are chemicals in the brain that transmit signals between neurons."", ""Serotonin and dopamine are neurotransmitters that are heavily involved in mood regulation."" ], ""Incom...","[""5: Precisely identified all errors (no omission or false positives); provided completely correct, clear, and optimal correction suggestions."", ""4: Correctly located most major errors; suggestions are generally accurate and effective with only minor omissi...",,,,,,
4566fd4e7086f29b672dfdb9ed4c29c910731caf,train,train_high_false_positive_candidates,d54a888f57ecd3934df1e807afdeaf64b71d457c,Error Identification & Correction Precision,en,Public Administration,4,4,2,2,Question: Explain the concept of 'New Public Management' (NPM) and its impact on traditional public administration practices. Original Answer: New Public Management is a concept that aims to modernize and make the public sector more efficient by adopting pr...,"```json { ""Corrected Answer"": { ""Explanation"": ""The original answer contains several inaccuracies regarding the concept of New Public Management (NPM) and its impact on traditional public administration practices."", ""Details"": [ { ""Error"": ""Misunderstanding...","[""5: Precisely identified all errors (no omission or false positives); provided completely correct, clear, and optimal correction suggestions."", ""4: Correctly located most major errors; suggestions are generally accurate and effective with only minor omissi...",,,,,,
88aefbd39b47764c2a422afbecdadcb96b182e96,train,train_high_false_positive_candidates,60286ca13f8911fb790079d9f9c83f8858745790,Error Identification & Correction Precision,zh,Chemistry,4,4,2,2,"问题：以下哪些选项是化学反应速率的影响因素？（可多选） A. 反应物的浓度 B. 温度 C. 反应物的颜色 D. 催化剂的存在 E. 反应物的物理状态 学生的答案：A, B, D, E 请根据问题和学生答案给出""评分"":""评分细节"":""个性化反馈"":,以json格式返回","```json { ""评分"": ""4/5"", ""评分细节"": { ""A. 反应物的浓度"": ""正确"", ""B. 温度"": ""正确"", ""C. 反应物的颜色"": ""未选中，这是正确的。因为反应物的颜色通常不会直接影响化学反应速率。"", ""D. 催化剂的存在"": ""正确"", ""E. 反应物的物理状态"": ""正确，但需注意，虽然物理状态（如固态、液态或气态）确实可以影响反应速率，这主要通过改变分子间的接触机会来实现，但它不是最直接的影响因素之一。不过，基于题目要求，选择这个选项是可以接受的。"" }, ""个性化反馈""...","[""5分： 精准定位所有错误（无遗漏、无误报），给出的纠正建议完全正确、清晰且是最优或非常好的方案。"", ""4分： 准确定位了大部分主要错误，纠正建议基本正确有效，可能遗漏极少数次要错误或建议不够完美。"", ""3分： 定位了部分错误但有明显遗漏或误报，纠正建议部分正确但可能不够清晰、完整或并非最佳方案。"", ""2分： 错误定位不准确，遗漏了关键错误或大量误报，纠正建议存在错误或难以理解。"", ""1分： 完全未能识别错误，或给出了完全错误的纠正建议，起到了误导作用。""]",,,,,,
0b0b1d9ef4015668d3e17fe40a86c301dd6b40f3,train,train_high_false_positive_candidates,04c137c5aec1fd5e3fc9bc4897bc62409a8e32e7,Error Identification & Correction Precision,zh,Computer Science,5,5,1,4,"问题：在分布式系统中，一致性模型的重要性是什么？以下哪个选项最好地描述了它的作用？ A) 提高系统的吞吐量 B) 确保所有节点之间的数据保持一致 C) 降低系统的响应时间 D) 提高系统的可扩展性 学生的答案：B) 确保所有节点之间的数据保持一致 请根据问题和学生答案给出""评分"":""评分细节"":""个性化反馈"":,以json格式返回","```json { ""评分"": ""正确"", ""评分细节"": ""学生选择了最符合一致性模型作用的选项。"", ""个性化反馈"": ""你的答案完全正确！一致性模型在分布式系统中的核心作用就是确保所有节点之间的数据保持一致。这是实现系统可靠性和正确性的关键。继续关注分布式系统中的其他重要概念，你的理解会越来越深入。"" } ```","[""5分： 精准定位所有错误（无遗漏、无误报），给出的纠正建议完全正确、清晰且是最优或非常好的方案。"", ""4分： 准确定位了大部分主要错误，纠正建议基本正确有效，可能遗漏极少数次要错误或建议不够完美。"", ""3分： 定位了部分错误但有明显遗漏或误报，纠正建议部分正确但可能不够清晰、完整或并非最佳方案。"", ""2分： 错误定位不准确，遗漏了关键错误或大量误报，纠正建议存在错误或难以理解。"", ""1分： 完全未能识别错误，或给出了完全错误的纠正建议，起到了误导作用。""]",,,,,,
52a368555f0ffd8d49d9bf1908c2f1eab206cb66,train,train_high_false_positive_candidates,be118d9b688820786d8ed06e18434dce075e2b85,Error Identification & Correction Precision,zh,English,4,4,3,1,"问题：请解释'Romeo and Juliet'中，为什么罗密欧和朱丽叶的爱情故事被认为是悲剧。 原答案：因为他们在一起很幸福，但不能公开。 你为学生的回答进行纠错服务.请根据这个问题和原答案给出""纠错后答案""和""纠错说明"":,以json格式返回","{ ""纠错后答案"": ""罗密欧和朱丽叶的爱情故事被认为是悲剧，主要是因为他们的爱情受到家族世仇的阻碍，最终导致两人双双殉情。尽管他们深爱彼此，但无法公开和合法地在一起，这种无法克服的外部冲突和最终的悲惨结局符合悲剧的定义。"", ""纠错说明"": ""原答案虽然指出了罗密欧和朱丽叶不能公开他们的爱情，但没有充分解释为什么这构成了悲剧。悲剧不仅仅是关于不能公开的幸福，而是关于无法克服的冲突和最终的悲惨结局。纠错后的答案更全面地解释了悲剧的要素，包括家族世仇的阻碍和最终的殉情，这些都是构成悲剧的重要元素。"" }","[""5分： 精准定位所有错误（无遗漏、无误报），给出的纠正建议完全正确、清晰且是最优或非常好的方案。"", ""4分： 准确定位了大部分主要错误，纠正建议基本正确有效，可能遗漏极少数次要错误或建议不够完美。"", ""3分： 定位了部分错误但有明显遗漏或误报，纠正建议部分正确但可能不够清晰、完整或并非最佳方案。"", ""2分： 错误定位不准确，遗漏了关键错误或大量误报，纠正建议存在错误或难以理解。"", ""1分： 完全未能识别错误，或给出了完全错误的纠正建议，起到了误导作用。""]",,,,,,
cf4a100eaa92eb23da5892c89f4651ac9dec7980,train,train_high_false_positive_candidates,85398269c1c07a9498c3eae4b08315e4db78a74e,Error Identification & Correction Precision,zh,General Pedagogy,4,4,1,3,"问题：在教育学中，哪个教学方法最强调学生的主动参与？ 学生的答案：合作学习法 请根据问题和学生答案给出""评分"":""评分细节"":""个性化反馈"":,以json格式返回","```json { ""评分"": ""正确"", ""评分细节"": { ""知识点覆盖"": ""完全正确"", ""理解深度"": ""准确识别核心特征"", ""表述准确性"": ""答案简洁明确"" }, ""个性化反馈"": ""合作学习法确实是教育学中高度强调学生主动参与的教学方法。它通过小组互动、角色分工与集体目标促进学生深度参与，你的回答完全正确。补充说明：该方法与讲授法的被动学习形成鲜明对比，其核心优势在于通过社会性建构提升学习动机与认知水平。未来可进一步对比探究式学习、项目式学习等其他主动学习模式的差异。"" } ```","[""5分： 精准定位所有错误（无遗漏、无误报），给出的纠正建议完全正确、清晰且是最优或非常好的方案。"", ""4分： 准确定位了大部分主要错误，纠正建议基本正确有效，可能遗漏极少数次要错误或建议不够完美。"", ""3分： 定位了部分错误但有明显遗漏或误报，纠正建议部分正确但可能不够清晰、完整或并非最佳方案。"", ""2分： 错误定位不准确，遗漏了关键错误或大量误报，纠正建议存在错误或难以理解。"", ""1分： 完全未能识别错误，或给出了完全错误的纠正建议，起到了误导作用。""]",,,,,,
ae6542ae5b4bcf667ac81842b48ed6cab5c1c398,train,train_high_false_positive_candidates,33f24cdef61905293c51bb59ca561c1f2cef3965,Error Identification & Correction Precision,zh,History,4,4,1,3,"问题：请简述第二次世界大战的主要参战国和其领导者。 原答案：第二次世界大战的主要参战国包括德国的希特勒、美国的罗斯福、法国的拿破仑和苏联的列宁。 你为学生的回答进行纠错服务.请根据这个问题和原答案给出""纠错后答案""和""纠错说明"":,以json格式返回","```json { ""纠错后答案"": ""第二次世界大战的主要参战国包括德国的阿道夫·希特勒、美国的富兰克林·罗斯福、英国的温斯顿·丘吉尔以及苏联的约瑟夫·斯大林。"", ""纠错说明"": { ""法国的拿破仑"": ""拿破仑是19世纪初的人物，与二战无关。正确的应该是提到英国及其领导人温斯顿·丘吉尔，在二战期间他领导了英国对抗轴心国。"", ""苏联的列宁"": ""列宁在1924年就已经去世，而苏联在二战时期的领导人是约瑟夫·斯大林。"" } } ```","[""5分： 精准定位所有错误（无遗漏、无误报），给出的纠正建议完全正确、清晰且是最优或非常好的方案。"", ""4分： 准确定位了大部分主要错误，纠正建议基本正确有效，可能遗漏极少数次要错误或建议不够完美。"", ""3分： 定位了部分错误但有明显遗漏或误报，纠正建议部分正确但可能不够清晰、完整或并非最佳方案。"", ""2分： 错误定位不准确，遗漏了关键错误或大量误报，纠正建议存在错误或难以理解。"", ""1分： 完全未能识别错误，或给出了完全错误的纠正建议，起到了误导作用。""]",,,,,,
38d70b6e4574e86f730b29404adbf643018d7ab1,train,train_mid_borderline_candidates,1aa181bce1f718f6c1980cd975c0621670e3e5c9,Higher-Order Thinking & Skill Development,en,Aquaculture,3,4,3,1,"Student Profile: Student Profile: {'Name': 'Alex Johnson', 'Research Focus': 'Sustainable aquaculture practices in marine environments', 'Strengths': 'Strong analytical skills, proficient in data analysis software, excellent understanding of marine biology'...","```json { ""personalized_learning_content"": [ { ""task"": ""Data Analysis Project"", ""description"": ""Conduct a data analysis project using real-world datasets related to sustainable aquaculture practices. Utilize your proficiency in data analysis software to ide...","[""5: Skillfully designed to promote critical/creative thinking, problem-solving, or transfer of knowledge (e.g., through open-ended questions, comparative analysis, case study, project-based tasks)."", ""4: Includes guiding questions or moderately challenging...",,,,,,
cd41f11eb0dca822ef1b9bb4128bac76f794be22,train,train_mid_borderline_candidates,4313f036000c452831d9baa30d1ba9a9a6cc0647,Scenario Element Integration,en,Computer Science,3,4,3,1,"Question: Explain the difference between a stack and a queue data structure. Original Answer: A stack is a data structure that follows the First In, First Out (FIFO) principle, while a queue follows the Last In, First Out (LIFO) principle. You are providing...","{ ""Corrected Answer"": ""A stack is a data structure that follows the Last In, First Out (LIFO) principle, where the most recently added element is removed first. A queue follows the First In, First Out (FIFO) principle, where the oldest added element is remo...","[""5: Fully integrated all key scenario elements (e.g., student history, learning preferences); output is highly personalized and well-matched to the teaching context."", ""4: Used major scenario elements effectively; response is targeted, possibly overlooks m...",,,,,,
f8fe4a6504e3441dd41d9b45f63f2c13152dabe6,train,train_mid_borderline_candidates,f705a20fd802b901fb36788b9a24a96983b5ab1e,"Motivation, Guidance & Positive Feedback",en,Literature and Art,3,3,2,1,"Question: Which of the following paintings is attributed to Vincent van Gogh? Original Answer: The Persistence of Memory You are providing error-correction services for the student's response. Based on this question and the original answer, provide the ""Cor...","{ ""Corrected Answer"": ""Starry Night"", ""Error Explanation"": ""The original answer 'The Persistence of Memory' is incorrect because it is a painting created by Salvador Dalí, not Vincent van Gogh. A well-known painting by Vincent van Gogh that fits the context...","[""5: Strongly supportive and encouraging; consistently uses constructive and positive language; offers highly effective heuristic guidance instead of simply giving answers."", ""4: Generally supportive tone and positive language; provides useful guidance thou...",,,,,,
34629670e7f3e43af2231d686548c68fd6534077,train,train_mid_borderline_candidates,578358b94591dcdb7b73304c5498c56a12d9c95d,"Motivation, Guidance & Positive Feedback",en,Law,3,3,2,1,Question: Which legal principle is primarily concerned with the prevention of double jeopardy in the United States? Original Answer: The principle of stare decisis. You are providing error-correction services for the student's response. Based on this questi...,"```json { ""Corrected Answer"": ""The principle of double jeopardy."", ""Error Explanation"": ""Stare decisis refers to the doctrine of precedent in common law systems, where courts are bound to follow previous decisions. It does not specifically address the preve...","[""5: Strongly supportive and encouraging; consistently uses constructive and positive language; offers highly effective heuristic guidance instead of simply giving answers."", ""4: Generally supportive tone and positive language; provides useful guidance thou...",,,,,,
86899b73325bc0a283a4124974b1b1e3dd043965,train,train_mid_borderline_candidates,578358b94591dcdb7b73304c5498c56a12d9c95d,"Motivation, Guidance & Positive Feedback",en,Law,3,3,2,1,Question: Which legal principle is primarily concerned with the prevention of double jeopardy in the United States? Original Answer: The principle of stare decisis. You are providing error-correction services for the student's response. Based on this questi...,"{ ""Corrected Answer"": ""The legal principle primarily concerned with the prevention of double jeopardy in the United States is the Fifth Amendment to the U.S. Constitution."", ""Error Explanation"": ""The original answer incorrectly identified 'stare decisis' as...","[""5: Strongly supportive and encouraging; consistently uses constructive and positive language; offers highly effective heuristic guidance instead of simply giving answers."", ""4: Generally supportive tone and positive language; provides useful guidance thou...",,,,,,
92daf9b19527bc04b322e7ff200a23950ba4724b,train,train_mid_borderline_candidates,77549e9a87652e35c3eb0c10ff7c6e47a57e0ceb,Higher-Order Thinking & Skill Development,en,Public Administration,3,3,2,1,"Subject:Public Administration Education Level:PhD Knowledge Point:Public administration at the PhD level often involves understanding complex governance structures, policy analysis, and the implementation of public policies in various political and economic...","```json { ""Question"": ""Which of the following best describes the primary focus of public administration at the PhD level?"", ""Options"": [ ""A) Developing marketing strategies for public sector organizations"", ""B) Understanding complex governance structures an...","[""5: Skillfully designed to promote critical/creative thinking, problem-solving, or transfer of knowledge (e.g., through open-ended questions, comparative analysis, case study, project-based tasks)."", ""4: Includes guiding questions or moderately challenging...",,,,,,
9244fd8961a537574c99075f27020808b8899d64,train,train_mid_borderline_candidates,5f10a3a85e0efd1be4f1e1773e836f0ef17e29b2,Higher-Order Thinking & Skill Development,en,Physical Education,3,3,2,1,"Subject:Physical Education Education Level:Undergraduate Knowledge Point:The FITT principle is a foundational concept in physical education that stands for Frequency, Intensity, Time, and Type. It is used to structure exercise programs to improve fitness le...","```json { ""Question"": ""What are the four components of the FITT principle, and briefly explain each one?"", ""Provided Reasoning"": ""This question directly addresses the foundational elements of the FITT principle (Frequency, Intensity, Time, Type), requiring...","[""5: Skillfully designed to promote critical/creative thinking, problem-solving, or transfer of knowledge (e.g., through open-ended questions, comparative analysis, case study, project-based tasks)."", ""4: Includes guiding questions or moderately challenging...",,,,,,
a37abff5770cacb87d058dba9bd6df3bb94b41bb,train,train_mid_borderline_candidates,b8341c9d33cad1b053ba0bafa03c407e4791c4da,Domain Knowledge Accuracy,en,Business Administration,3,3,2,1,"Question: Explain how Porter's Five Forces framework can be used to analyze the competitive environment of an industry. Please provide reasoning based on this question. Do not provide the answer directly.. ""Reasoning Provided"":, return in JSON format","{ ""reasoning"": ""Porter's Five Forces is a framework for analyzing the competitive environment of an industry, which helps in understanding where power lies in a business situation. The analysis involves assessing five key areas: the threat of new entrants,...","[""5: Subject matter application is not only accurate but also shows appropriate depth and rigor; adheres to industry or academic standards."", ""4: Proper use of professional knowledge reflecting a good degree of proficiency; minor shortcomings in depth or de...",,,,,,
b53779ad0cb30b8d06a3305b451ef1c73411de43,train,train_mid_borderline_candidates,b8341c9d33cad1b053ba0bafa03c407e4791c4da,Domain Knowledge Accuracy,en,Business Administration,3,3,2,1,"Question: Explain how Porter's Five Forces framework can be used to analyze the competitive environment of an industry. Please provide reasoning based on this question. Do not provide the answer directly.. ""Reasoning Provided"":, return in JSON format","```json { ""Reasoning Provided"": ""To answer this question, it is essential to understand the components of Porter's Five Forces framework and how they interact to shape the competitive environment of an industry. The framework includes five forces: 1) the th...","[""5: Subject matter application is not only accurate but also shows appropriate depth and rigor; adheres to industry or academic standards."", ""4: Proper use of professional knowledge reflecting a good degree of proficiency; minor shortcomings in depth or de...",,,,,,
6c5fed7f1c159d7a24e2032426abf24e23a3e809,train,train_mid_borderline_candidates,b8341c9d33cad1b053ba0bafa03c407e4791c4da,"Clarity, Simplicity & Inspiration",en,Business Administration,3,3,2,1,"Question: Explain how Porter's Five Forces framework can be used to analyze the competitive environment of an industry. Please provide reasoning based on this question. Do not provide the answer directly.. ""Reasoning Provided"":, return in JSON format","```json { ""Reasoning Provided"": ""To answer this question, it is essential to understand the components of Porter's Five Forces framework and how they interact to shape the competitive environment of an industry. The framework includes five forces: 1) the th...","[""5: Extremely clear and concise explanations; fully accessible for target learners; vibrant and engaging delivery that inspires deep thought and interest."", ""4: Clear and easy to understand; appropriate for learner level; somewhat thought-provoking and can...",,,,,,
f4c97611a747acd221ea7c23b165bea5cdee4d8c,train,train_mid_borderline_candidates,2c3431500658778ea0788f7745c59f0b024746a9,Higher-Order Thinking & Skill Development,en,Crop Science,3,3,2,1,Question: Which of the following factors is most crucial for determining the success of a crop in a particular region? A) Soil pH B) Seed variety C) Irrigation method D) Climate conditions Please provide reasoning based on this question. Do not provide the...,"```json { ""Reasoning Provided"": { ""Analysis of Options"": { ""A) Soil pH"": { ""Role"": ""Affects nutrient availability and plant health."", ""Adjustability"": ""Can be modified with amendments like lime or sulfur."", ""Limitation"": ""Manageable but secondary if climate...","[""5: Skillfully designed to promote critical/creative thinking, problem-solving, or transfer of knowledge (e.g., through open-ended questions, comparative analysis, case study, project-based tasks)."", ""4: Includes guiding questions or moderately challenging...",,,,,,
1245acdcd53a75c04f36c1bef3d8536ddd3f0cff,train,train_mid_borderline_candidates,5a7b2f18ce6931feaaba02ce67a2309b10580098,Higher-Order Thinking & Skill Development,zh,Biology,3,3,2,1,"学生画像：学生的画像：{'姓名': '小明', '年级': '小学四年级', '兴趣': ['观察自然', '阅读科普书籍'], '学习风格': '动手实践型', '能力水平': '理解力较强，但记忆力和专注度需要加强', '性格特点': '好奇心强，喜欢提出问题'} 请根据学生画像，为每位学生生成 ‘个性化的学习内容或任务’:,以json格式返回","```json { ""学生"": { ""姓名"": ""小明"", ""年级"": ""小学四年级"", ""个性化学习内容或任务"": [ { ""主题"": ""自然观察"", ""内容"": ""每周选择一个不同的自然环境进行观察，例如公园、河流或森林，并记录下所见的动植物种类及其习性。"", ""方式"": ""动手实践型"", ""目标"": ""提高观察力和动手能力，增强对自然的兴趣"" }, { ""主题"": ""科普知识探索"", ""内容"": ""挑选感兴趣的科普书籍，每天阅读至少20分钟，并尝试通过实验或制作模型来验证书中的科学原理。"", ""方式"":...","[""5分： 交互或内容设计巧妙，能显著促进学生的批判性思维、创新思维、问题解决或知识迁移应用能力（例如通过开放性问题、对比分析、案例探究、项目式任务等）。"", ""4分： 能提出引导性问题或设计有一定挑战性的任务，对培养学生的高阶思维和能力（如分析、评估、应用）有积极作用。"", ""3分： 在促进高阶思维方面有所尝试（如提出一些简单的思考题），但深度和广度有限，效果不明显，整体仍偏重知识复述或简单应用。"", ""2分： 交互或内容主要停留在基础知识记忆和理解层面，很少或未能涉及需要高阶思维的活动或问题。"", ""1分...",,,,,,
3943bdcf7fdf08eb1418b4235d84d913ba48b7b3,train,train_mid_borderline_candidates,414ba6d9775b2d468e4fbb2fbc213cbff8960997,Higher-Order Thinking & Skill Development,zh,Public Administration,3,3,2,1,"学生画像：学生的画像：{'姓名': '李明', '年龄': 26, '背景': '本科工商管理学士，具有两年政府部门工作经验', '学习目标': '深入理解公共政策制定及其影响，提升数据分析能力用于政策评估', '兴趣': '社科研究，政策分析，社会经济发展', '学习风格': '偏向实践，喜欢通过案例学习', '挑战': '数据分析技能有待提升，理论概念记忆较慢'} 请根据学生画像，为每位学生生成 ‘个性化的学习内容或任务’:,以json格式返回","```json { ""学生"": { ""姓名"": ""李明"", ""年龄"": 26, ""背景"": ""本科工商管理学士，具有两年政府部门工作经验"", ""学习目标"": ""深入理解公共政策制定及其影响，提升数据分析能力用于政策评估"", ""兴趣"": ""社科研究，政策分析，社会经济发展"", ""学习风格"": ""偏向实践，喜欢通过案例学习"", ""挑战"": ""数据分析技能有待提升，理论概念记忆较慢"", ""个性化学习内容或任务"": [ { ""类型"": ""案例研究"", ""描述"": ""选择一个具体的公共政策案例，如减税政策、环保政策等，...","[""5分： 交互或内容设计巧妙，能显著促进学生的批判性思维、创新思维、问题解决或知识迁移应用能力（例如通过开放性问题、对比分析、案例探究、项目式任务等）。"", ""4分： 能提出引导性问题或设计有一定挑战性的任务，对培养学生的高阶思维和能力（如分析、评估、应用）有积极作用。"", ""3分： 在促进高阶思维方面有所尝试（如提出一些简单的思考题），但深度和广度有限，效果不明显，整体仍偏重知识复述或简单应用。"", ""2分： 交互或内容主要停留在基础知识记忆和理解层面，很少或未能涉及需要高阶思维的活动或问题。"", ""1分...",,,,,,
c214c2c703b40f343bd11359a52f9c8f11993750,train,train_mid_borderline_candidates,0d15c361c4d8191bd918c895893f7acb5b4970f8,Higher-Order Thinking & Skill Development,zh,Aquaculture,3,3,2,1,"学生画像：学生的画像：{'姓名': '李华', '年龄': 21, '专业年级': '水产养殖专业三年级', '学习风格': '喜欢实践操作，动手能力强', '兴趣': '对鱼类繁殖和养殖技术感兴趣', '挑战': '理论知识消化较慢，需要更多视觉化材料', '目标': '希望在毕业前能够独立设计一个水产养殖方案'} 请根据学生画像，为每位学生生成 ‘个性化的学习内容或任务’:,以json格式返回","```json { ""学生姓名"": ""李华"", ""年龄"": 21, ""专业年级"": ""水产养殖专业三年级"", ""个性化学习内容或任务"": [ { ""类型"": ""实践操作"", ""内容"": ""参与鱼类繁殖和养殖的实地考察活动，包括参观当地的养殖场、研究设施以及养殖环境"", ""目的"": ""增强对实际操作的理解和体验"" }, { ""类型"": ""项目设计"", ""内容"": ""根据自己的兴趣和目标，设计并实施一个小型的水产养殖实验项目"", ""目的"": ""提高独立解决问题的能力，并将所学理论知识应用于实践"" }, { ""类型...","[""5分： 交互或内容设计巧妙，能显著促进学生的批判性思维、创新思维、问题解决或知识迁移应用能力（例如通过开放性问题、对比分析、案例探究、项目式任务等）。"", ""4分： 能提出引导性问题或设计有一定挑战性的任务，对培养学生的高阶思维和能力（如分析、评估、应用）有积极作用。"", ""3分： 在促进高阶思维方面有所尝试（如提出一些简单的思考题），但深度和广度有限，效果不明显，整体仍偏重知识复述或简单应用。"", ""2分： 交互或内容主要停留在基础知识记忆和理解层面，很少或未能涉及需要高阶思维的活动或问题。"", ""1分...",,,,,,
43e451fbfa148300c82398ca68537386d5a9fe44,train,train_mid_borderline_candidates,33f24cdef61905293c51bb59ca561c1f2cef3965,"Motivation, Guidance & Positive Feedback",zh,History,3,3,2,1,"问题：请简述第二次世界大战的主要参战国和其领导者。 原答案：第二次世界大战的主要参战国包括德国的希特勒、美国的罗斯福、法国的拿破仑和苏联的列宁。 你为学生的回答进行纠错服务.请根据这个问题和原答案给出""纠错后答案""和""纠错说明"":,以json格式返回","{ ""纠错后答案"": ""第二次世界大战的主要参战国包括轴心国（如德国、意大利、日本）和同盟国（如美国、英国、苏联）。轴心国方面，德国由希特勒领导；意大利由墨索里尼领导；日本由军阀集团控制。同盟国方面，美国由罗斯福领导；英国由丘吉尔领导；苏联由斯大林领导。"", ""纠错说明"": ""原答案中存在多个错误。首先，拿破仑和列宁并不是二战时期的领导人，而是之前的著名人物。其次，法国和意大利在二战中的领导人分别是戴高乐和墨索里尼，而不是拿破仑和列宁。正确的描述应包括二战期间的主要国家及其领导人。"" }","[""5分： 始终体现出强烈的鼓励和支持态度，语言积极、富有建设性；在需要时提供非常有效的启发式引导，而非直接给答案。"", ""4分： 整体体现出鼓励和支持，语言积极正面；能提供有效的引导，偶尔可能过于直接。"", ""3分： 兼具鼓励和中性/批评性语言，积极性一般；引导有时有效，有时直接给答案或引导不足。"", ""2分： 缺乏鼓励和支持，语言偏中性甚至略显负面；很少提供有效引导，倾向于直接给答案或不给帮助。"", ""1分： 语言消极、打击性强，完全没有鼓励；无视引导需求，或提供错误引导。""]",,,,,,
83cdf9d720242dc1ac4c7886b41698e669396f35,train,train_mid_borderline_candidates,fdcc493923c6536e26519ec07f9693ca405da624,"Motivation, Guidance & Positive Feedback",zh,English,3,3,2,1,"问题：What is the past tense of the verb 'run'? 原答案：The past tense of 'run' is 'runned'. 你为学生的回答进行纠错服务.请根据这个问题和原答案给出""纠错后答案""和""纠错说明"":,以json格式返回","```json { ""corrected_answer"": ""The past tense of 'run' is 'ran'."", ""correction_explanation"": ""The original answer, 'runned,' is incorrect. The correct past tense form of the verb 'run' is 'ran.' This is an irregular verb, meaning it does not follow the stan...","[""5分： 始终体现出强烈的鼓励和支持态度，语言积极、富有建设性；在需要时提供非常有效的启发式引导，而非直接给答案。"", ""4分： 整体体现出鼓励和支持，语言积极正面；能提供有效的引导，偶尔可能过于直接。"", ""3分： 兼具鼓励和中性/批评性语言，积极性一般；引导有时有效，有时直接给答案或引导不足。"", ""2分： 缺乏鼓励和支持，语言偏中性甚至略显负面；很少提供有效引导，倾向于直接给答案或不给帮助。"", ""1分： 语言消极、打击性强，完全没有鼓励；无视引导需求，或提供错误引导。""]",,,,,,
59dd136764697de5064d11ddeacde149d00620e0,train,train_mid_borderline_candidates,77d00ade0a12aec5950865383e8616ee7ef4e5d5,Reasoning Process Rigor,zh,Applied Economics,3,4,3,1,"问题：考虑一个两部门经济模型，其中一个部门生产消费品，另一个部门生产资本品。假设资本品的生产需要使用消费品作为投入，并且有一个固定的资本折旧率。请分析如何在这个模型中达到动态效率，即如何选择消费和资本的生产以最大化社会福利。 请根据这个问题提供思路。""提供的思路"":,以json格式返回","```json { ""思路"": { ""理解模型"": ""首先，需要明确这个两部门经济模型的基本设定。一个部门专注于生产消费品（用于直接消费），而另一个则负责生产资本品（用于支持未来的生产和消费）。在这个框架下，资本品的生成依赖于一定量的消费品作为投入，并且存在一定的折旧率来反映资本随时间自然损耗的现象。"", ""目标设定"": ""动态效率的目标是在给定资源和技术条件下，通过合理分配当前消费与未来生产能力之间的关系，使得社会总福利最大化。这涉及到如何平衡即期享受与长期发展之间的关系。"", ""关键考量因素"": [ ""消...","[""5分： 推理逻辑链条完整、清晰、严密，步骤正确无误，论证充分有力，无逻辑跳跃或漏洞。"", ""4分： 推理过程主体正确且逻辑清晰，可能在个别步骤的表述或论证细节上略有瑕疵，但不影响最终结论的有效性。"", ""3分： 推理过程大体可见，但存在一些逻辑不清、步骤缺失或论证不足之处，结论可能受到影响。"", ""2分： 推理过程存在明显的逻辑错误、步骤混乱或严重缺失，难以得出正确或可靠的结论。"", ""1分： 几乎没有有效的推理过程，逻辑混乱，步骤完全错误或不相关。""]",,,,,,
b0e59d6589f82e0c9cdfd2b5b5df6961f5e8536d,train,train_mid_borderline_candidates,0a3152b6a40fc98b07a15855ba40ec0882507e78,Error Identification & Correction Precision,zh,History,3,3,1,2,"问题：在研究中世纪封建制度发展的过程中，下列哪些因素对其演变起到了关键作用？（可选择多个） A. 农奴制 B. 城市化进程 C. 十字军东征 D. 文艺复兴 E. 黑死病的流行 F. 军事科技的进步 学生的答案：['A', 'C', 'E', 'F'] 请根据问题和学生答案给出""评分"":""评分细节"":""个性化反馈"":,以json格式返回","```json { ""评分"": 8, ""评分细节"": { ""A"": true, ""B"": false, ""C"": true, ""D"": false, ""E"": true, ""F"": false }, ""个性化反馈"": ""你的回答中包含了几个非常关键的因素，比如农奴制(A)、十字军东征(C)以及黑死病的流行(E)，这些都是对中世纪封建制度演变产生了重要影响的历史事件或社会结构。但是，你选择了军事科技的进步(F)，这在当时虽然也有其发展，但并不是直接影响封建制度演变的主要因素之一。同时，你忽略了城市化进程(B)对...","[""5分： 精准定位所有错误（无遗漏、无误报），给出的纠正建议完全正确、清晰且是最优或非常好的方案。"", ""4分： 准确定位了大部分主要错误，纠正建议基本正确有效，可能遗漏极少数次要错误或建议不够完美。"", ""3分： 定位了部分错误但有明显遗漏或误报，纠正建议部分正确但可能不够清晰、完整或并非最佳方案。"", ""2分： 错误定位不准确，遗漏了关键错误或大量误报，纠正建议存在错误或难以理解。"", ""1分： 完全未能识别错误，或给出了完全错误的纠正建议，起到了误导作用。""]",,,,,,
cee900ae54fa6eebba02a393eb17608c77e96b4b,train,train_mid_borderline_candidates,60286ca13f8911fb790079d9f9c83f8858745790,Instruction Following & Task Completion,zh,Chemistry,3,3,2,1,"问题：以下哪些选项是化学反应速率的影响因素？（可多选） A. 反应物的浓度 B. 温度 C. 反应物的颜色 D. 催化剂的存在 E. 反应物的物理状态 学生的答案：A, B, D, E 请根据问题和学生答案给出""评分"":""评分细节"":""个性化反馈"":,以json格式返回","```json { ""评分"": 4, ""评分细节"": { ""正确选项"": [""A"", ""B"", ""D"", ""E""], ""未选中"": [""C""] }, ""个性化反馈"": [ ""你的答案非常接近，恭喜你选对了A、B、D和E。这些确实是影响化学反应速率的因素。"", ""需要注意到的是，反应物的颜色并不直接影响反应速率，除非颜色变化与反应过程相关联，例如某些氧化还原反应中颜色的变化可以指示反应进程。因此，C选项不是正确的答案。"" ] } ```","[""5分： 完全理解并精准执行所有指令，完美达成核心任务目标，格式完全符合要求。"", ""4分： 准确理解主要指令，正确执行任务，核心目标达成度高，格式基本符合要求，可能有极少细节遗漏或偏差。"", ""3分： 理解了指令大意但可能忽略部分细节，任务基本完成但存在一些不准确或遗漏之处，格式有明显尝试但存在较多偏差。"", ""2分： 对指令理解有偏差，任务完成度低或有严重错误，格式多数不符合要求。"", ""1分： 完全误解或无视指令，任务未完成或完全错误，格式混乱或不相关。""]",,,,,,
f039a41fad3824842e2abc63d07fbc25515aec94,train,train_mid_borderline_candidates,0a3152b6a40fc98b07a15855ba40ec0882507e78,Instruction Following & Task Completion,zh,History,3,3,2,1,"问题：在研究中世纪封建制度发展的过程中，下列哪些因素对其演变起到了关键作用？（可选择多个） A. 农奴制 B. 城市化进程 C. 十字军东征 D. 文艺复兴 E. 黑死病的流行 F. 军事科技的进步 学生的答案：['A', 'C', 'E', 'F'] 请根据问题和学生答案给出""评分"":""评分细节"":""个性化反馈"":,以json格式返回","```json { ""评分"": 3, ""评分细节"": { ""正确答案"": [""A"", ""C"", ""E"", ""F""], ""学生答案"": [""A"", ""C"", ""E"", ""F""], ""未选中但正确的选项"": [], ""错误选中的选项"": [] }, ""个性化反馈"": [ ""你的答案是正确的。农奴制、十字军东征、黑死病的流行以及军事科技的进步确实对中世纪封建制度的发展产生了重要影响。"" ] } ```","[""5分： 完全理解并精准执行所有指令，完美达成核心任务目标，格式完全符合要求。"", ""4分： 准确理解主要指令，正确执行任务，核心目标达成度高，格式基本符合要求，可能有极少细节遗漏或偏差。"", ""3分： 理解了指令大意但可能忽略部分细节，任务基本完成但存在一些不准确或遗漏之处，格式有明显尝试但存在较多偏差。"", ""2分： 对指令理解有偏差，任务完成度低或有严重错误，格式多数不符合要求。"", ""1分： 完全误解或无视指令，任务未完成或完全错误，格式混乱或不相关。""]",,,,,,
09e806b59f8dc0c32ce21b860ec742dc4ca4bb89,train,train_mid_borderline_candidates,0a3152b6a40fc98b07a15855ba40ec0882507e78,"Motivation, Guidance & Positive Feedback",zh,History,3,3,2,1,"问题：在研究中世纪封建制度发展的过程中，下列哪些因素对其演变起到了关键作用？（可选择多个） A. 农奴制 B. 城市化进程 C. 十字军东征 D. 文艺复兴 E. 黑死病的流行 F. 军事科技的进步 学生的答案：['A', 'C', 'E', 'F'] 请根据问题和学生答案给出""评分"":""评分细节"":""个性化反馈"":,以json格式返回","```json { ""评分"": 3, ""评分细节"": { ""正确答案"": [""A"", ""C"", ""E"", ""F""], ""学生答案"": [""A"", ""C"", ""E"", ""F""], ""未选中但正确的选项"": [], ""错误选中的选项"": [] }, ""个性化反馈"": [ ""你的答案是正确的。农奴制、十字军东征、黑死病的流行以及军事科技的进步确实对中世纪封建制度的发展产生了重要影响。"" ] } ```","[""5分： 始终体现出强烈的鼓励和支持态度，语言积极、富有建设性；在需要时提供非常有效的启发式引导，而非直接给答案。"", ""4分： 整体体现出鼓励和支持，语言积极正面；能提供有效的引导，偶尔可能过于直接。"", ""3分： 兼具鼓励和中性/批评性语言，积极性一般；引导有时有效，有时直接给答案或引导不足。"", ""2分： 缺乏鼓励和支持，语言偏中性甚至略显负面；很少提供有效引导，倾向于直接给答案或不给帮助。"", ""1分： 语言消极、打击性强，完全没有鼓励；无视引导需求，或提供错误引导。""]",,,,,,
ace8e8c753768bd92cca1109688beec1d0397396,train,train_mid_borderline_candidates,60286ca13f8911fb790079d9f9c83f8858745790,Instruction Following & Task Completion,zh,Chemistry,3,4,3,1,"问题：以下哪些选项是化学反应速率的影响因素？（可多选） A. 反应物的浓度 B. 温度 C. 反应物的颜色 D. 催化剂的存在 E. 反应物的物理状态 学生的答案：A, B, D, E 请根据问题和学生答案给出""评分"":""评分细节"":""个性化反馈"":,以json格式返回","```json { ""评分"": ""4/5"", ""评分细节"": { ""A. 反应物的浓度"": ""正确"", ""B. 温度"": ""正确"", ""C. 反应物的颜色"": ""未选中，这是正确的。因为反应物的颜色通常不会直接影响化学反应速率。"", ""D. 催化剂的存在"": ""正确"", ""E. 反应物的物理状态"": ""正确，但需注意，虽然物理状态（如固态、液态或气态）确实可以影响反应速率，这主要通过改变分子间的接触机会来实现，但它不是最直接的影响因素之一。不过，基于题目要求，选择这个选项是可以接受的。"" }, ""个性化反馈""...","[""5分： 完全理解并精准执行所有指令，完美达成核心任务目标，格式完全符合要求。"", ""4分： 准确理解主要指令，正确执行任务，核心目标达成度高，格式基本符合要求，可能有极少细节遗漏或偏差。"", ""3分： 理解了指令大意但可能忽略部分细节，任务基本完成但存在一些不准确或遗漏之处，格式有明显尝试但存在较多偏差。"", ""2分： 对指令理解有偏差，任务完成度低或有严重错误，格式多数不符合要求。"", ""1分： 完全误解或无视指令，任务未完成或完全错误，格式混乱或不相关。""]",,,,,,
5a7034cf565046534fb141dd933ce5efdee89eb4,train,train_mid_borderline_candidates,85398269c1c07a9498c3eae4b08315e4db78a74e,Reasoning Process Rigor,zh,General Pedagogy,3,3,1,2,"问题：在教育学中，哪个教学方法最强调学生的主动参与？ 学生的答案：合作学习法 请根据问题和学生答案给出""评分"":""评分细节"":""个性化反馈"":,以json格式返回","```json { ""评分"": ""部分正确"", ""评分细节"": ""合作学习法确实强调学生的主动参与，但它并不是唯一强调学生主动参与的教学方法。其他方法如项目式学习、探究式学习等也强调学生的主动参与。"", ""个性化反馈"": ""你的答案部分正确。合作学习法确实强调学生的主动参与，这是一个很好的选择。然而，还有其他教学方法如项目式学习和探究式学习也强调学生的主动参与。你可以考虑这些方法，以便更全面地理解教育学中强调学生主动参与的各种教学策略。继续加油！"" } ```","[""5分： 推理逻辑链条完整、清晰、严密，步骤正确无误，论证充分有力，无逻辑跳跃或漏洞。"", ""4分： 推理过程主体正确且逻辑清晰，可能在个别步骤的表述或论证细节上略有瑕疵，但不影响最终结论的有效性。"", ""3分： 推理过程大体可见，但存在一些逻辑不清、步骤缺失或论证不足之处，结论可能受到影响。"", ""2分： 推理过程存在明显的逻辑错误、步骤混乱或严重缺失，难以得出正确或可靠的结论。"", ""1分： 几乎没有有效的推理过程，逻辑混乱，步骤完全错误或不相关。""]",,,,,,
fa1185b0d39c5672a438e0c801f08aa836e50bc1,train,train_mid_borderline_candidates,0a3152b6a40fc98b07a15855ba40ec0882507e78,Instruction Following & Task Completion,zh,History,3,3,2,1,"问题：在研究中世纪封建制度发展的过程中，下列哪些因素对其演变起到了关键作用？（可选择多个） A. 农奴制 B. 城市化进程 C. 十字军东征 D. 文艺复兴 E. 黑死病的流行 F. 军事科技的进步 学生的答案：['A', 'C', 'E', 'F'] 请根据问题和学生答案给出""评分"":""评分细节"":""个性化反馈"":,以json格式返回","```json { ""评分"": 3, ""评分细节"": ""学生正确选择了四个因素中的三个，但漏掉了对城市化进程的影响。"", ""个性化反馈"": ""您的回答非常接近完全正确。您准确地指出了农奴制、十字军东征、黑死病的流行以及军事科技的进步对中世纪封建制度演变的关键影响。然而，城市化进程同样是一个重要的因素，它促进了经济和社会结构的变化，进一步削弱了封建制度的基础。希望您能更加全面地考虑各个因素的影响。"" } ```","[""5分： 完全理解并精准执行所有指令，完美达成核心任务目标，格式完全符合要求。"", ""4分： 准确理解主要指令，正确执行任务，核心目标达成度高，格式基本符合要求，可能有极少细节遗漏或偏差。"", ""3分： 理解了指令大意但可能忽略部分细节，任务基本完成但存在一些不准确或遗漏之处，格式有明显尝试但存在较多偏差。"", ""2分： 对指令理解有偏差，任务完成度低或有严重错误，格式多数不符合要求。"", ""1分： 完全误解或无视指令，任务未完成或完全错误，格式混乱或不相关。""]",,,,,,
e97ea162acb1eec66bd23b4327995c3696ea9f02,train,train_mid_borderline_candidates,c704daf936433b064b6ac838c48f647752e9e2be,Instruction Following & Task Completion,zh,History,3,4,3,1,问题：分析1960年代美国民权运动的主要原因和影响。请特别关注不同社会团体的角色以及运动带来的政策变革。 学生的答案：1960年代美国民权运动的主要原因包括种族歧视和社会不平等的长期存在，尤其是黑人群体在寻求平等权利方面所面临的困难。同时，经济因素和国际压力在一定程度上也推动了运动的发展。不同社会团体在这场运动中发挥了不同的角色。黑人社区的领袖如马丁·路德·金和马尔科姆·X在运动的组织、宣传及思想引领上起到了关键作用。大学生和其他年轻人也不可忽视，他们通过示威、罢课等活动积极参与。运动带来了显著的政策变革，例...,"```json { ""评分"": ""4/5"", ""评分细节"": { ""原因分析"": ""学生能够准确地指出种族歧视和社会不平等是民权运动爆发的主要原因之一，并且提到了经济因素和国际压力对运动的影响，这表明学生对背景有一定的理解。但可以进一步深入探讨具体的社会经济条件如何影响了黑人群体的地位。"", ""社会团体角色"": ""对于不同社会团体在民权运动中的作用进行了合理描述，特别是提到了马丁·路德·金、马尔科姆·X等领导人物以及年轻人的参与情况。但是，如果能更多地讨论到其他支持者（如白人盟友）的角色或者更详细地解释某些团...","[""5分： 完全理解并精准执行所有指令，完美达成核心任务目标，格式完全符合要求。"", ""4分： 准确理解主要指令，正确执行任务，核心目标达成度高，格式基本符合要求，可能有极少细节遗漏或偏差。"", ""3分： 理解了指令大意但可能忽略部分细节，任务基本完成但存在一些不准确或遗漏之处，格式有明显尝试但存在较多偏差。"", ""2分： 对指令理解有偏差，任务完成度低或有严重错误，格式多数不符合要求。"", ""1分： 完全误解或无视指令，任务未完成或完全错误，格式混乱或不相关。""]",,,,,,
e5085f20635b4ca16ae03413aa98a0cd17b9bc77,train,train_mid_borderline_candidates,ce9b05f8b8c3c09bfac56ea4f5f177bac9474ddb,Content Relevance & Scope Control,zh,Basic Medicine,3,3,2,1,"问题：在神经生理学中，动作电位的过程中不包括以下哪一个步骤？ A) 去极化 B) 再极化 C) 超极化 D) 钙离子流入细胞 学生的答案：C) 超极化 请根据问题和学生答案给出""评分"":""评分细节"":""个性化反馈"":,以json格式返回","```json { ""评分"": ""错误"", ""评分细节"": ""学生对动作电位过程的理解有误。"", ""个性化反馈"": ""动作电位的过程确实包括超极化这一阶段，即在去极化之后，膜电位会低于静息电位的水平。而选项D) 钙离子流入细胞并非动作电位过程中标准的一部分，通常钙离子的流入与神经递质释放等其他生理过程相关。因此，正确答案应该是D) 钙离子流入细胞。"" } ```","[""5分： 内容与指定知识点/主题/问题高度相关，且严格控制在要求的难度、范围、学科内，无冗余或无关信息。"", ""4分： 内容主体相关，范围控制良好，可能包含极少量轻微超纲或关联度稍弱的信息。"", ""3分： 内容大部分相关，但包含一些偏离主题或超出范围的部分，范围控制不够精确。"", ""2分： 内容相关性较差，包含较多无关信息，或严重超出指定范围。"", ""1分： 内容基本不相关，或完全脱离指定范围。""]",,,,,,
aecd1f611f3240d1b34cc110420629542708fd0a,train,train_mid_borderline_candidates,85c4c4f06a98174d52ae51ed006345fe8dc8f85b,Higher-Order Thinking & Skill Development,zh,Physical Education,3,3,2,1,"学科:体育教育学 学制级别:大学 知识点：运动学习与技能习得 问题类型：单选题 .请根据学科,学制级别,知识点,问题类型生成一个对应的问题。""问题""和""提供的思路"":,以json格式返回","```json { ""question"": ""在运动学习与技能习得过程中，以下哪种因素对个体的学习效果影响最大？\nA. 运动装备的质量\nB. 教练的指导方式\nC. 运动员的个人天赋\nD. 训练环境的温度"", ""provided_thoughts"": ""教练的指导方式在运动学习与技能习得过程中起着关键作用，它直接影响到运动员的理解、模仿和内化过程。因此，正确答案是B。"" } ```","[""5分： 交互或内容设计巧妙，能显著促进学生的批判性思维、创新思维、问题解决或知识迁移应用能力（例如通过开放性问题、对比分析、案例探究、项目式任务等）。"", ""4分： 能提出引导性问题或设计有一定挑战性的任务，对培养学生的高阶思维和能力（如分析、评估、应用）有积极作用。"", ""3分： 在促进高阶思维方面有所尝试（如提出一些简单的思考题），但深度和广度有限，效果不明显，整体仍偏重知识复述或简单应用。"", ""2分： 交互或内容主要停留在基础知识记忆和理解层面，很少或未能涉及需要高阶思维的活动或问题。"", ""1分...",,,,,,
0676331be88dbae14fe2c13e851ee2124e60a350,train,train_clean_high_controls,7bdbfc3be37d434120cd61c75738b9ba4e2b67ad,Basic Factual Accuracy,en,Applied Economics,5,5,4,1,Subject:Applied Economics Education Level:Undergraduate Question:Which of the following is considered a limitation of using Gross Domestic Product (GDP) as a measure of economic welfare? A) GDP accounts for income distribution among residents of a country....,"```json { ""Answer"": ""C) GDP does not account for environmental degradation and resource depletion."" } ```","[""5: All stated factual elements (definitions, formulas, dates, terms, syntax, etc.) are completely accurate."", ""4: Vast majority of facts are correct; possibly contains very minor, non-critical typos or omissions."", ""3: Most facts are correct, but there ar...",,,,,,
bc1c936eca4b5dde5d6ea258405c837ebea85a94,train,train_clean_high_controls,e2b4ff890c3f248c79d4a3ec0079511a5a269c6d,Basic Factual Accuracy,en,Aquaculture,5,5,5,0,"Knowledge Point: Advanced Recirculating Aquaculture Systems (RAS) Design and Management Based on this knowledge point, provide ""Teaching Materials"": Teaching materials should include teaching objectives, key points and difficulties, classroom activity desig...","```json { ""teaching_materials"": { ""course_title"": ""Advanced Recirculating Aquaculture Systems (RAS) Design and Management"", ""teaching_objectives"": [ ""Understand the basic principles of RAS and its components."", ""Analyze the benefits and challenges of implem...","[""5: All stated factual elements (definitions, formulas, dates, terms, syntax, etc.) are completely accurate."", ""4: Vast majority of facts are correct; possibly contains very minor, non-critical typos or omissions."", ""3: Most facts are correct, but there ar...",,,,,,
8f45503d48fa73ac1a5eb12edd1b546dbe1b82a9,train,train_clean_high_controls,ba35192a049e868eedae5ba310638e7e75c9f363,Basic Factual Accuracy,en,Basic Medicine,5,5,5,0,Question: Which of the following is the primary function of hemoglobin in the human body? Original Answer: To fight infections by destroying bacteria. You are providing error-correction services for the student's response. Based on this question and the ori...,"```json { ""Corrected Answer"": ""To transport oxygen from the lungs to the rest of the body and to carry carbon dioxide from the body back to the lungs."", ""Error Explanation"": ""The original answer is incorrect because hemoglobin's main function is not to figh...","[""5: All stated factual elements (definitions, formulas, dates, terms, syntax, etc.) are completely accurate."", ""4: Vast majority of facts are correct; possibly contains very minor, non-critical typos or omissions."", ""3: Most facts are correct, but there ar...",,,,,,
fd5035a47cd8c6cd06f4b316124956d0d78ba226,train,train_clean_high_controls,ffed2f3bb93a32c1cf81521951774f896b3283f4,Basic Factual Accuracy,en,Biology,5,5,5,0,"Question: Which part of the plant is responsible for photosynthesis? A) Roots B) Stems C) Leaves D) Flowers Please provide reasoning based on this question. Do not provide the answer directly.. ""Reasoning Provided"":, return in JSON format","```json { ""Reasoning Provided"": { ""Photosynthesis Process"": ""Photosynthesis converts sunlight into energy using chlorophyll, requiring light, carbon dioxide, and water."", ""Roots Function"": ""Roots anchor the plant and absorb water/nutrients but lack chloroph...","[""5: All stated factual elements (definitions, formulas, dates, terms, syntax, etc.) are completely accurate."", ""4: Vast majority of facts are correct; possibly contains very minor, non-critical typos or omissions."", ""3: Most facts are correct, but there ar...",,,,,,
8f523807a604fbd46a94fbe2c09c106bf7dde80d,train,train_clean_high_controls,b8341c9d33cad1b053ba0bafa03c407e4791c4da,Basic Factual Accuracy,en,Business Administration,5,5,5,0,"Question: Explain how Porter's Five Forces framework can be used to analyze the competitive environment of an industry. Please provide reasoning based on this question. Do not provide the answer directly.. ""Reasoning Provided"":, return in JSON format","```json { ""Reasoning Provided"": { ""Understanding the Framework"": ""Recalling that Porter's Five Forces include Threat of New Entrants, Supplier Power, Buyer Power, Threat of Substitutes, and Industry Rivalry, and that each force must be dissected to evaluate...","[""5: All stated factual elements (definitions, formulas, dates, terms, syntax, etc.) are completely accurate."", ""4: Vast majority of facts are correct; possibly contains very minor, non-critical typos or omissions."", ""3: Most facts are correct, but there ar...",,,,,,
dd6f7fb1826c778cbba415f4b9e2c77bb8390668,train,train_clean_high_controls,a05fd196db01a4397d849484b969f6bf2f5c0712,Basic Factual Accuracy,en,Chemistry,5,5,5,0,"Knowledge Point: Thermodynamics in Chemical Reactions Based on this knowledge point, provide ""Teaching Materials"": Teaching materials should include teaching objectives, key points and difficulties, classroom activity design, etc., in JSON format.","```json { ""teaching_materials"": { ""teaching_objectives"": { ""knowledge"": [ ""Understand the basic principles of thermodynamics in chemical reactions, including the first and second laws of thermodynamics."", ""Define and apply key thermodynamic concepts: Gibbs...","[""5: All stated factual elements (definitions, formulas, dates, terms, syntax, etc.) are completely accurate."", ""4: Vast majority of facts are correct; possibly contains very minor, non-critical typos or omissions."", ""3: Most facts are correct, but there ar...",,,,,,
dcd3054075915358f7e204b26e4ff501779f403d,train,train_clean_high_controls,7f281c5d001646c5cd068f561302e9f2c1b03a4e,Basic Factual Accuracy,en,Chinese,5,5,5,0,"Question: Which Chinese dynasty is known for the construction of the majority of the Great Wall of China as it stands today? Please provide reasoning based on this question. Do not provide the answer directly.. ""Reasoning Provided"":, return in JSON format","```json { ""Reasoning Provided"": ""To determine which Chinese dynasty is known for the construction of the majority of the Great Wall of China as it stands today, we need to consider the historical context and the periods during which significant construction...","[""5: All stated factual elements (definitions, formulas, dates, terms, syntax, etc.) are completely accurate."", ""4: Vast majority of facts are correct; possibly contains very minor, non-critical typos or omissions."", ""3: Most facts are correct, but there ar...",,,,,,
54a03b7bae96216e1e9777939270c76b267687b8,train,train_clean_high_controls,e8d93a13ed675a8345513b981af0583044d0c9d6,Basic Factual Accuracy,en,Clinical Medicine,5,5,5,0,"Knowledge Point: Mechanisms of Drug Resistance in Cancer Therapy Based on this knowledge point, provide ""Teaching Materials"": Teaching materials should include teaching objectives, key points and difficulties, classroom activity design, etc., in JSON format.","```json { ""teaching_materials"": { ""topic"": ""Mechanisms of Drug Resistance in Cancer Therapy"", ""teaching_objectives"": [ ""Understand the primary biological mechanisms underlying drug resistance in cancer therapy."", ""Analyze how genetic, epigenetic, and microe...","[""5: All stated factual elements (definitions, formulas, dates, terms, syntax, etc.) are completely accurate."", ""4: Vast majority of facts are correct; possibly contains very minor, non-critical typos or omissions."", ""3: Most facts are correct, but there ar...",,,,,,
6b9c12e2a02339e199d2464a579045938a42f7fd,train,train_clean_high_controls,4313f036000c452831d9baa30d1ba9a9a6cc0647,Basic Factual Accuracy,en,Computer Science,5,5,5,0,"Question: Explain the difference between a stack and a queue data structure. Original Answer: A stack is a data structure that follows the First In, First Out (FIFO) principle, while a queue follows the Last In, First Out (LIFO) principle. You are providing...","```json { ""Corrected Answer"": { ""Stack"": ""A stack is a data structure that follows the Last In, First Out (LIFO) principle, where the last element added to the stack is the first one to be removed."", ""Queue"": ""A queue is a data structure that follows the Fi...","[""5: All stated factual elements (definitions, formulas, dates, terms, syntax, etc.) are completely accurate."", ""4: Vast majority of facts are correct; possibly contains very minor, non-critical typos or omissions."", ""3: Most facts are correct, but there ar...",,,,,,
5f2d081a6ec22635eab62fc1c0502409bd08995b,train,train_clean_high_controls,1fbaba4fd0689522a2df03a5be806cfca5328f00,Basic Factual Accuracy,en,Crop Science,5,5,5,0,"Subject:Crop Science Education Level:Undergraduate Question:Which of the following is a primary macronutrient essential for plant growth? A) Iron B) Magnesium C) Nitrogen D) Zinc . Please generate the corresponding answer based on the question. ""Answer"":, i...","{ ""answer"": ""C) Nitrogen"" }","[""5: All stated factual elements (definitions, formulas, dates, terms, syntax, etc.) are completely accurate."", ""4: Vast majority of facts are correct; possibly contains very minor, non-critical typos or omissions."", ""3: Most facts are correct, but there ar...",,,,,,
8470633684ee3536141b76dbbc3dc01978f9c555,train,train_clean_high_controls,f1f947604e25a14868aeebe46ba3a2c375d74f99,Basic Factual Accuracy,en,English,5,5,5,0,"Question: Which of the following is an adjective? A) Run B) Quickly C) Happy D) Jump Student's Answer: B) Quickly Please provide ""Score"", ""Scoring Details"", and ""Personalized Feedback"" based on the question and student's answer, in JSON format.","{ ""Score"": 0, ""Scoring Details"": { ""Correct Answer"": ""C) Happy"", ""Student's Answer"": ""B) Quickly"", ""Explanation"": { ""Adjective Definition"": ""An adjective is a word that describes or modifies a noun or pronoun by providing more information about its qualitie...","[""5: All stated factual elements (definitions, formulas, dates, terms, syntax, etc.) are completely accurate."", ""4: Vast majority of facts are correct; possibly contains very minor, non-critical typos or omissions."", ""3: Most facts are correct, but there ar...",,,,,,
0f04a68a15015f7752b62abf230472258209821d,train,train_clean_high_controls,6ae2184d2c28a7dffc1319a61a68cf2584970be2,Basic Factual Accuracy,en,General Pedagogy,5,5,5,0,"Knowledge Point: Constructivist Learning Theory Based on this knowledge point, provide ""Teaching Materials"": Teaching materials should include teaching objectives, key points and difficulties, classroom activity design, etc., in JSON format.","```json { ""TeachingMaterials"": { ""TeachingObjectives"": [ ""To enable students to construct their own understanding and knowledge of the world through experiences and reflecting on those experiences."", ""To foster critical thinking and problem-solving skills b...","[""5: All stated factual elements (definitions, formulas, dates, terms, syntax, etc.) are completely accurate."", ""4: Vast majority of facts are correct; possibly contains very minor, non-critical typos or omissions."", ""3: Most facts are correct, but there ar...",,,,,,
ea5cb03a91278e4d564d22fe1e3a0fe768af98ec,train,train_clean_high_controls,d0434a705d581d2aebdcf53be8acafc5da9b8e4e,Basic Factual Accuracy,en,Geography,5,5,5,0,"Question: Explain how plate tectonics can lead to the formation of mountains. Please provide reasoning based on this question. Do not provide the answer directly.. ""Reasoning Provided"":, return in JSON format","```json { ""Reasoning Provided"": ""To explain how plate tectonics can lead to the formation of mountains, we need to consider the movement and interaction of Earth's tectonic plates. When tectonic plates collide, diverge, or slide past each other, they create...","[""5: All stated factual elements (definitions, formulas, dates, terms, syntax, etc.) are completely accurate."", ""4: Vast majority of facts are correct; possibly contains very minor, non-critical typos or omissions."", ""3: Most facts are correct, but there ar...",,,,,,
3ba4af0cd6da089654cdea6d00de3244b80fc906,train,train_clean_high_controls,578358b94591dcdb7b73304c5498c56a12d9c95d,Basic Factual Accuracy,en,Law,5,5,5,0,Question: Which legal principle is primarily concerned with the prevention of double jeopardy in the United States? Original Answer: The principle of stare decisis. You are providing error-correction services for the student's response. Based on this questi...,"```json { ""Corrected Answer"": ""The Fifth Amendment to the United States Constitution, specifically the Double Jeopardy Clause."", ""Error Explanation"": ""The principle of stare decisis refers to the legal doctrine of following precedent in judicial decisions,...","[""5: All stated factual elements (definitions, formulas, dates, terms, syntax, etc.) are completely accurate."", ""4: Vast majority of facts are correct; possibly contains very minor, non-critical typos or omissions."", ""3: Most facts are correct, but there ar...",,,,,,
2012aab00c3a0c75e93f2223d10b12adec40beed,train,train_clean_high_controls,cf0e05444342b05701ff29112942cd664a17fda4,Basic Factual Accuracy,en,Literature and Art,5,5,5,0,"Knowledge Point: The Influence of Surrealism on Modern Literature Based on this knowledge point, provide ""Teaching Materials"": Teaching materials should include teaching objectives, key points and difficulties, classroom activity design, etc., in JSON format.","```json { ""TeachingMaterials"": { ""teachingObjectives"": [ ""Understand the core principles of Surrealism and its historical context."", ""Analyze how Surrealist techniques (e.g., automatism, dream imagery) influenced narrative structures and themes in modern li...","[""5: All stated factual elements (definitions, formulas, dates, terms, syntax, etc.) are completely accurate."", ""4: Vast majority of facts are correct; possibly contains very minor, non-critical typos or omissions."", ""3: Most facts are correct, but there ar...",,,,,,
f6163cd44a233eeeb38701feb359f1edf2f04f39,train,train_clean_high_controls,182ead73c7c9bef64c812e1c3366635156817f15,Basic Factual Accuracy,en,Mathematics,5,5,5,0,"Question: What is the value of 5 + 3? Please provide reasoning based on this question. Do not provide the answer directly.. ""Reasoning Provided"":, return in JSON format","{ ""reasoning"": ""This question is asking for the sum of two numbers, 5 and 3. In basic arithmetic, when we add two numbers together, we combine their values to find the total. Here, we are adding 5 to 3, which means we take the value of 5 and increase it by...","[""5: All stated factual elements (definitions, formulas, dates, terms, syntax, etc.) are completely accurate."", ""4: Vast majority of facts are correct; possibly contains very minor, non-critical typos or omissions."", ""3: Most facts are correct, but there ar...",,,,,,
eeab2a16ccd99fcbc2590114733ac33b99b2f6b8,train,train_clean_high_controls,89ad7f660e220e95714d0729aaef8f1f0834f89d,Basic Factual Accuracy,en,Military Science,5,5,5,0,"Subject:Military Science Education Level:Master Question:Analyze the strategic significance of electromagnetic spectrum operations (EMSO) in contemporary military conflicts, detailing how they can alter the dynamics of warfare. . Please generate the corresp...","{ ""answer"": ""Electromagnetic Spectrum Operations (EMSO) have become a critical component of modern military strategy due to their ability to shape the electromagnetic environment and influence the outcome of battles. These operations encompass a broad range...","[""5: All stated factual elements (definitions, formulas, dates, terms, syntax, etc.) are completely accurate."", ""4: Vast majority of facts are correct; possibly contains very minor, non-critical typos or omissions."", ""3: Most facts are correct, but there ar...",,,,,,
6b15c24ca4a3bbe585c2679a17a6d592ccc87a57,train,train_clean_high_controls,5f10a3a85e0efd1be4f1e1773e836f0ef17e29b2,Basic Factual Accuracy,en,Physical Education,5,5,5,0,"Subject:Physical Education Education Level:Undergraduate Knowledge Point:The FITT principle is a foundational concept in physical education that stands for Frequency, Intensity, Time, and Type. It is used to structure exercise programs to improve fitness le...","```json { ""Question"": ""What does the FITT principle stand for in physical education, and briefly explain each component?"", ""Provided Reasoning"": ""This question tests the student's understanding of the FITT principle, which is crucial for structuring effecti...","[""5: All stated factual elements (definitions, formulas, dates, terms, syntax, etc.) are completely accurate."", ""4: Vast majority of facts are correct; possibly contains very minor, non-critical typos or omissions."", ""3: Most facts are correct, but there ar...",,,,,,
18f58cfcebc431a04b807591eda1a9e6bd7fd68b,train,train_clean_high_controls,ab6bb9f4466b3c5fe1f7f2ed3ec527b9dc3b6304,Basic Factual Accuracy,en,Physics,5,5,5,0,Question: Which of the following statements is true about the acceleration due to gravity on Earth? Original Answer: The acceleration due to gravity is the same at all altitudes on Earth. You are providing error-correction services for the student's respons...,"```json { ""Corrected Answer"": ""The acceleration due to gravity decreases with an increase in altitude from the Earth's surface."", ""Error Explanation"": ""The original answer is incorrect because the acceleration due to gravity actually varies depending on the...","[""5: All stated factual elements (definitions, formulas, dates, terms, syntax, etc.) are completely accurate."", ""4: Vast majority of facts are correct; possibly contains very minor, non-critical typos or omissions."", ""3: Most facts are correct, but there ar...",,,,,,
a66b761ac9e5c265e6851610fae855d2bbc392e0,train,train_clean_high_controls,b4e8463f79efb7c28a37f3dee049ee3dee03f6de,Basic Factual Accuracy,en,Psychology,5,5,5,0,"Subject:Psychology Education Level:Undergraduate Knowledge Point:Cognitive dissonance is a psychological concept that refers to the discomfort experienced when holding two or more conflicting cognitions (e.g., beliefs, attitudes, or behaviors). To reduce th...","```json { ""Question"": ""According to the theory of cognitive dissonance, what is the primary motivation for an individual who smokes cigarettes but believes smoking is harmful to health?"", ""Provided Reasoning"": ""The correct answer would be that the individua...","[""5: All stated factual elements (definitions, formulas, dates, terms, syntax, etc.) are completely accurate."", ""4: Vast majority of facts are correct; possibly contains very minor, non-critical typos or omissions."", ""3: Most facts are correct, but there ar...",,,,,,
c66aac9e551cfae5057c8bbdac497e927749c226,train,train_clean_high_controls,77549e9a87652e35c3eb0c10ff7c6e47a57e0ceb,Basic Factual Accuracy,en,Public Administration,5,5,5,0,"Subject:Public Administration Education Level:PhD Knowledge Point:Public administration at the PhD level often involves understanding complex governance structures, policy analysis, and the implementation of public policies in various political and economic...","```json { ""Question"": ""In the context of public policy implementation, which governance structure is most likely to achieve successful outcomes in diverse political and economic environments?"", ""Options"": { ""A"": ""A highly centralized governance structure wi...","[""5: All stated factual elements (definitions, formulas, dates, terms, syntax, etc.) are completely accurate."", ""4: Vast majority of facts are correct; possibly contains very minor, non-critical typos or omissions."", ""3: Most facts are correct, but there ar...",,,,,,
3729de82c97c25a7d40d037a74771f9a430dcaf9,train,train_clean_high_controls,6ee4a63a27ca8efb648e5b9a6d471b40f538089f,Basic Factual Accuracy,en,Sociology,5,5,5,0,"Subject:Sociology Education Level:PhD Knowledge Point:The concept of 'social capital' has been extensively discussed in the field of sociology, particularly in relation to community development, socio-economic mobility, and collective action. Social capital...","```json { ""Question"": ""Which of the following best describes the concept of 'social capital' in sociology?"", ""Options"": [ ""A. The financial resources available to individuals within a community."", ""B. The networks of relationships among people that enable a...","[""5: All stated factual elements (definitions, formulas, dates, terms, syntax, etc.) are completely accurate."", ""4: Vast majority of facts are correct; possibly contains very minor, non-critical typos or omissions."", ""3: Most facts are correct, but there ar...",,,,,,
20ee150700f3f045da3e224ffcf903f2113b62b0,train,train_clean_high_controls,da69ef32c130849651e10f0a43d98fab2dd1a2c6,Basic Factual Accuracy,en,Theoretical Economics,5,5,5,0,"Subject:Theoretical Economics Education Level:Undergraduate Question:What is the Nash Equilibrium in a game theory context, and how can it be identified in a simple two-player game? . Please generate the corresponding answer based on the question. ""Answer"":...","{ ""answer"": ""In game theory, a Nash Equilibrium is a situation in which no player has an incentive to deviate from their chosen strategy after considering an opponent's choice. More formally, a set of strategies is a Nash equilibrium if each represents a be...","[""5: All stated factual elements (definitions, formulas, dates, terms, syntax, etc.) are completely accurate."", ""4: Vast majority of facts are correct; possibly contains very minor, non-critical typos or omissions."", ""3: Most facts are correct, but there ar...",,,,,,
39ab5d495fe5ea98391f4b60065dae1f1b0a444a,train,train_clean_high_controls,77d00ade0a12aec5950865383e8616ee7ef4e5d5,Basic Factual Accuracy,zh,Applied Economics,5,5,4,1,"问题：考虑一个两部门经济模型，其中一个部门生产消费品，另一个部门生产资本品。假设资本品的生产需要使用消费品作为投入，并且有一个固定的资本折旧率。请分析如何在这个模型中达到动态效率，即如何选择消费和资本的生产以最大化社会福利。 请根据这个问题提供思路。""提供的思路"":,以json格式返回","{ ""思路"": { ""定义目标"": ""为了在两部门经济模型中实现动态效率，我们需要明确我们的目标是最大化社会福利。这通常意味着平衡当前消费与未来投资之间的关系。"", ""建立模型"": [ ""引入两个部门：消费品生产和资本品生产。"", ""消费品直接用于消费，而资本品则用于未来的生产。"", ""考虑到资本品有固定的折旧率，这意味着一部分资本品会随着时间的推移失去其价值或功能。"", ""引入效用函数来衡量社会福利，通常包括消费和闲暇（或劳动）等因素。"", ""考虑技术进步或不变的情况，这将影响生产效率。"", ""设定初始条件...","[""5分： 所有涉及的客观事实（定义、公式、日期、名词、代码语法等）完全准确无误。"", ""4分： 绝大部分事实准确，可能存在个别极其微小的、非关键性的笔误或疏漏。"", ""3分： 大部分事实准确，但存在少量明显的事实错误，需要核查。"", ""2分： 包含较多或关键性的事实错误，信息不可靠。"", ""1分： 充斥着大量事实错误，信息完全错误或误导。""]",,,,,,
10d562fac008433eb2ec558d62c99fd72862279f,train,train_clean_high_controls,f1957be055b3faa0aea88aa4c67e38d0b94b2a4d,Basic Factual Accuracy,zh,Aquaculture,5,5,5,0,"学科:水产养殖 学制级别:大学 知识点：水质管理在水产养殖中的重要性 问题类型：简答题 .请根据学科,学制级别,知识点,问题类型生成一个对应的问题。""问题""和""提供的思路"":,以json格式返回","```json { ""问题"": ""请简述水质管理在水产养殖中的重要性，并列举至少三个关键的水质参数及其对养殖生物的影响。"", ""提供的思路"": [ ""首先，解释水质管理在水产养殖中的核心作用，如维持生物健康、促进生长和预防疾病。"", ""接着，列举并详细说明三个关键的水质参数，例如溶解氧、pH值和氨氮浓度。"", ""然后，分析这些参数如何影响养殖生物的生长、繁殖和生存。"", ""最后，总结水质管理对水产养殖可持续发展的贡献。"" ] } ```","[""5分： 所有涉及的客观事实（定义、公式、日期、名词、代码语法等）完全准确无误。"", ""4分： 绝大部分事实准确，可能存在个别极其微小的、非关键性的笔误或疏漏。"", ""3分： 大部分事实准确，但存在少量明显的事实错误，需要核查。"", ""2分： 包含较多或关键性的事实错误，信息不可靠。"", ""1分： 充斥着大量事实错误，信息完全错误或误导。""]",,,,,,
886bd5c03763f92db0865662d60aeccaccfc67e0,train,train_clean_high_controls,b0ec9ece1525000e58e3539446f4c4e03dc1c08f,Basic Factual Accuracy,zh,Basic Medicine,5,5,5,0,"学科:基础医学 学制级别:硕士 知识点：肌肉收缩的生理机制 问题类型：多选题 .请根据学科,学制级别,知识点,问题类型生成一个对应的问题。""问题""和""提供的思路"":,以json格式返回","```json { ""问题"": ""关于肌肉收缩的生理机制，以下哪些描述是正确的？"", ""提供的思路"": [ ""肌肉收缩的基本单位是肌原纤维，主要由肌动蛋白和肌球蛋白组成。"", ""钙离子在肌肉收缩过程中起关键作用，它通过与肌钙蛋白结合，暴露肌动蛋白上的结合位点。"", ""ATP是肌肉收缩的直接能源，它通过水解为ADP和磷酸释放能量。"", ""神经冲动的传递通过神经-肌肉接头，导致肌质网释放钙离子。"", ""肌肉收缩时，肌球蛋白头部与肌动蛋白结合，形成横桥，产生收缩力。"" ] } ```","[""5分： 所有涉及的客观事实（定义、公式、日期、名词、代码语法等）完全准确无误。"", ""4分： 绝大部分事实准确，可能存在个别极其微小的、非关键性的笔误或疏漏。"", ""3分： 大部分事实准确，但存在少量明显的事实错误，需要核查。"", ""2分： 包含较多或关键性的事实错误，信息不可靠。"", ""1分： 充斥着大量事实错误，信息完全错误或误导。""]",,,,,,
338f2312b2f036df8b7410be54d9898d3df7cceb,train,train_clean_high_controls,71a14244232914c689e46f4d03977b3ac0067a23,Basic Factual Accuracy,zh,Biology,5,5,5,0,"知识点：线粒体功能与生物能量代谢调控 请根据这个知识点给出""教学素材"":教学素材需要包括教学目标、重点难点、课堂活动设计等,以json格式返回","```json { ""teaching_materials"": { ""teaching_objectives"": { ""knowledge"": [ ""掌握线粒体的结构与功能，包括内膜、外膜、基质和嵴的作用"", ""理解ATP合成的基本过程（糖酵解、三羧酸循环、电子传递链与氧化磷酸化）"", ""阐明生物能量代谢调控的分子机制（如ATP/ADP比值、钙离子信号、激素调控）"" ], ""ability"": [ ""能分析线粒体功能障碍对细胞能量代谢的影响"", ""运用代谢调控原理解释疾病案例（如线粒体肌病、甲状腺功能亢进）""...","[""5分： 所有涉及的客观事实（定义、公式、日期、名词、代码语法等）完全准确无误。"", ""4分： 绝大部分事实准确，可能存在个别极其微小的、非关键性的笔误或疏漏。"", ""3分： 大部分事实准确，但存在少量明显的事实错误，需要核查。"", ""2分： 包含较多或关键性的事实错误，信息不可靠。"", ""1分： 充斥着大量事实错误，信息完全错误或误导。""]",,,,,,
812b076746c4106aa389495a33c75c4c6732d9fa,train,train_clean_high_controls,432c5b715a60ffb7a8792d00bb01134c4d2cc68d,Basic Factual Accuracy,zh,Business Administration,5,5,5,0,"问题：在进行市场细分时，企业通常会考虑以下哪一因素？ A) 生产成本 B) 客户需求 C) 竞争对手定价 D) 产品生命周期 请根据这个问题提供思路。""提供的思路"":,以json格式返回","```json { ""思路"": [ { ""步骤"": ""理解市场细分的定义"", ""说明"": ""市场细分是指将市场划分为具有相似需求或特征的消费者群体的过程。"" }, { ""步骤"": ""分析选项"", ""说明"": ""评估每个选项与市场细分的相关性。"" }, { ""步骤"": ""评估选项A"", ""说明"": ""生产成本是企业内部因素，与市场细分无直接关系。"" }, { ""步骤"": ""评估选项B"", ""说明"": ""客户需求是市场细分的核心，因为细分的基础是识别不同群体的需求差异。"" }, { ""步骤"": ""评估选项C"",...","[""5分： 所有涉及的客观事实（定义、公式、日期、名词、代码语法等）完全准确无误。"", ""4分： 绝大部分事实准确，可能存在个别极其微小的、非关键性的笔误或疏漏。"", ""3分： 大部分事实准确，但存在少量明显的事实错误，需要核查。"", ""2分： 包含较多或关键性的事实错误，信息不可靠。"", ""1分： 充斥着大量事实错误，信息完全错误或误导。""]",,,,,,
c4a507ae2b38d98397bafd3d23a5836db9c5bce8,train,train_clean_high_controls,60286ca13f8911fb790079d9f9c83f8858745790,Basic Factual Accuracy,zh,Chemistry,4,4,4,0,"问题：以下哪些选项是化学反应速率的影响因素？（可多选） A. 反应物的浓度 B. 温度 C. 反应物的颜色 D. 催化剂的存在 E. 反应物的物理状态 学生的答案：A, B, D, E 请根据问题和学生答案给出""评分"":""评分细节"":""个性化反馈"":,以json格式返回","```json { ""评分"": 4, ""评分细节"": { ""正确选项"": [""A"", ""B"", ""D"", ""E""], ""未选中"": [""C""] }, ""个性化反馈"": [ ""你的答案非常接近，恭喜你选对了A、B、D和E。这些确实是影响化学反应速率的因素。"", ""需要注意到的是，反应物的颜色并不直接影响反应速率，除非颜色变化与反应过程相关联，例如某些氧化还原反应中颜色的变化可以指示反应进程。因此，C选项不是正确的答案。"" ] } ```","[""5分： 所有涉及的客观事实（定义、公式、日期、名词、代码语法等）完全准确无误。"", ""4分： 绝大部分事实准确，可能存在个别极其微小的、非关键性的笔误或疏漏。"", ""3分： 大部分事实准确，但存在少量明显的事实错误，需要核查。"", ""2分： 包含较多或关键性的事实错误，信息不可靠。"", ""1分： 充斥着大量事实错误，信息完全错误或误导。""]",,,,,,
d6064c6cbe52c0c7a8fdb43805b6a4d8535e6044,train,train_clean_high_controls,ac1c8ccfcd59afb588cbe2e820ef540a695ec312,Basic Factual Accuracy,zh,Clinical Medicine,5,5,5,0,"学科:临床医学 学制级别:硕士 问题：以下哪种药物最常用于治疗急性心肌梗死？ A) 阿司匹林 B) 布洛芬 C) 对乙酰氨基酚 D) 洛伐他汀 .请根据问题生成对应的答案。""答案"":,以json格式返回","```json { ""答案"": ""A) 阿司匹林"" } ```","[""5分： 所有涉及的客观事实（定义、公式、日期、名词、代码语法等）完全准确无误。"", ""4分： 绝大部分事实准确，可能存在个别极其微小的、非关键性的笔误或疏漏。"", ""3分： 大部分事实准确，但存在少量明显的事实错误，需要核查。"", ""2分： 包含较多或关键性的事实错误，信息不可靠。"", ""1分： 充斥着大量事实错误，信息完全错误或误导。""]",,,,,,
bad279c6c00c8a0b32d28789b01172d379af6de5,train,train_clean_high_controls,04c137c5aec1fd5e3fc9bc4897bc62409a8e32e7,Basic Factual Accuracy,zh,Computer Science,5,5,5,0,"问题：在分布式系统中，一致性模型的重要性是什么？以下哪个选项最好地描述了它的作用？ A) 提高系统的吞吐量 B) 确保所有节点之间的数据保持一致 C) 降低系统的响应时间 D) 提高系统的可扩展性 学生的答案：B) 确保所有节点之间的数据保持一致 请根据问题和学生答案给出""评分"":""评分细节"":""个性化反馈"":,以json格式返回","```json { ""评分"": ""正确"", ""评分细节"": ""学生选择了B选项，即'确保所有节点之间的数据保持一致'作为一致性模型在分布式系统中的作用。这是正确的选择。"", ""个性化反馈"": ""你的答案是正确的！一致性模型确实是用来保证分布式系统中各节点间的数据一致性，这对于维护系统的可靠性和准确性至关重要。记住，虽然提高吞吐量、降低响应时间和增加可扩展性也是设计分布式系统时的重要考虑因素，但它们更多地与性能优化相关，而非直接由一致性模型所定义的目标。继续加油！"" } ```","[""5分： 所有涉及的客观事实（定义、公式、日期、名词、代码语法等）完全准确无误。"", ""4分： 绝大部分事实准确，可能存在个别极其微小的、非关键性的笔误或疏漏。"", ""3分： 大部分事实准确，但存在少量明显的事实错误，需要核查。"", ""2分： 包含较多或关键性的事实错误，信息不可靠。"", ""1分： 充斥着大量事实错误，信息完全错误或误导。""]",,,,,,
0034fd2db48e99c02674ca6f1f947b0b8b62beec,train,train_clean_high_controls,c3d6dd9886dbb21e947eb824f47088252a780c68,Basic Factual Accuracy,zh,Crop Science,4,4,4,0,"知识点：作物生长模型的参数优化 请根据这个知识点给出""教学素材"":教学素材需要包括教学目标、重点难点、课堂活动设计等,以json格式返回","```json { ""教学目标"": [ ""理解作物生长模型的基本概念和作用"", ""掌握作物生长模型参数优化的方法和技术"", ""能够应用参数优化技术解决实际农业生产中的问题"" ], ""重点难点"": { ""重点"": [ ""作物生长模型的基础知识"", ""参数优化对提高模型准确性的重要性"", ""常用的参数优化方法（如遗传算法、粒子群算法等）及其特点"" ], ""难点"": [ ""如何根据实际情况选择合适的参数优化方法"", ""参数优化过程中遇到的问题及解决方案"" ] }, ""课堂活动设计"": [ { ""活动名称"": ""案例...","[""5分： 所有涉及的客观事实（定义、公式、日期、名词、代码语法等）完全准确无误。"", ""4分： 绝大部分事实准确，可能存在个别极其微小的、非关键性的笔误或疏漏。"", ""3分： 大部分事实准确，但存在少量明显的事实错误，需要核查。"", ""2分： 包含较多或关键性的事实错误，信息不可靠。"", ""1分： 充斥着大量事实错误，信息完全错误或误导。""]",,,,,,
432e12c9b01e80cac76d642239e5cc882fe8b47f,train,train_clean_high_controls,be118d9b688820786d8ed06e18434dce075e2b85,Basic Factual Accuracy,zh,English,4,4,4,0,"问题：请解释'Romeo and Juliet'中，为什么罗密欧和朱丽叶的爱情故事被认为是悲剧。 原答案：因为他们在一起很幸福，但不能公开。 你为学生的回答进行纠错服务.请根据这个问题和原答案给出""纠错后答案""和""纠错说明"":,以json格式返回","{ ""纠错后答案"": ""罗密欧和朱丽叶的爱情故事被认为是悲剧，主要是因为他们的爱情受到家族世仇的阻碍，最终导致两人双双殉情。尽管他们深爱彼此，但无法公开和合法地在一起，这种无法克服的外部冲突和最终的悲惨结局符合悲剧的定义。"", ""纠错说明"": ""原答案虽然指出了罗密欧和朱丽叶不能公开他们的爱情，但没有充分解释为什么这构成了悲剧。悲剧不仅仅是关于不能公开的幸福，而是关于无法克服的冲突和最终的悲惨结局。纠错后的答案更全面地解释了悲剧的要素，包括家族世仇的阻碍和最终的殉情，这些都是构成悲剧的重要元素。"" }","[""5分： 所有涉及的客观事实（定义、公式、日期、名词、代码语法等）完全准确无误。"", ""4分： 绝大部分事实准确，可能存在个别极其微小的、非关键性的笔误或疏漏。"", ""3分： 大部分事实准确，但存在少量明显的事实错误，需要核查。"", ""2分： 包含较多或关键性的事实错误，信息不可靠。"", ""1分： 充斥着大量事实错误，信息完全错误或误导。""]",,,,,,
1d348f88718d515bc616eb037a0ce56a92137f42,train,train_clean_high_controls,4cfe6cf5c0f826d38b6a22898e51a72f140e9f28,Basic Factual Accuracy,zh,General Pedagogy,5,5,5,0,"问题：以下哪位教育学家提出了“最近发展区”理论？ 原答案：约翰·杜威 你为学生的回答进行纠错服务.请根据这个问题和原答案给出""纠错后答案""和""纠错说明"":,以json格式返回","```json { ""纠错后答案"": ""列夫·维果茨基"", ""纠错说明"": ""提出“最近发展区”理论的教育学家是苏联心理学家列夫·维果茨基（Lev Vygotsky），而非约翰·杜威。维果茨基的理论强调学习者在成人指导或与能力更强的同伴合作时能实现的潜在发展水平。约翰·杜威的主要贡献在于实用主义教育思想，倡导“做中学”和民主教育，与“最近发展区”无直接关联。"" } ```","[""5分： 所有涉及的客观事实（定义、公式、日期、名词、代码语法等）完全准确无误。"", ""4分： 绝大部分事实准确，可能存在个别极其微小的、非关键性的笔误或疏漏。"", ""3分： 大部分事实准确，但存在少量明显的事实错误，需要核查。"", ""2分： 包含较多或关键性的事实错误，信息不可靠。"", ""1分： 充斥着大量事实错误，信息完全错误或误导。""]",,,,,,
ffd2411f0396e1be16996216cb2fa7a2f22aaa69,train,train_clean_high_controls,93a5ca2decc82169ec51fce4735b568ddb829c8a,Basic Factual Accuracy,zh,History,5,5,5,0,"学科:历史学 学制级别:大学 问题：以下哪一事件标志着英格兰光荣革命的结束？ A. 1688年詹姆斯二世的逃亡 B. 1689年权利法案的通过 C. 1690年博因河战役 D. 1694年玛丽二世去世 .请根据问题生成对应的答案。""答案"":,以json格式返回","```json { ""答案"": ""B. 1689年权利法案的通过"" } ```","[""5分： 所有涉及的客观事实（定义、公式、日期、名词、代码语法等）完全准确无误。"", ""4分： 绝大部分事实准确，可能存在个别极其微小的、非关键性的笔误或疏漏。"", ""3分： 大部分事实准确，但存在少量明显的事实错误，需要核查。"", ""2分： 包含较多或关键性的事实错误，信息不可靠。"", ""1分： 充斥着大量事实错误，信息完全错误或误导。""]",,,,,,
16d85691311e3d5fcc3e82726f7210b1a65c105e,train,train_clean_high_controls,3b26f4f8f9f7314ee644e63efa2173afbb702c33,Basic Factual Accuracy,zh,Law,5,5,5,0,"学科:法学 学制级别:博士 问题：在国际法中，以下哪一个原则主要用于解决国家之间的领土争端？ A. 不干涉内政原则 B. 自决原则 C. 先占原则 D. 互惠原则 .请根据问题生成对应的答案。""答案"":,以json格式返回","```json { ""答案"": ""C. 先占原则"" } ```","[""5分： 所有涉及的客观事实（定义、公式、日期、名词、代码语法等）完全准确无误。"", ""4分： 绝大部分事实准确，可能存在个别极其微小的、非关键性的笔误或疏漏。"", ""3分： 大部分事实准确，但存在少量明显的事实错误，需要核查。"", ""2分： 包含较多或关键性的事实错误，信息不可靠。"", ""1分： 充斥着大量事实错误，信息完全错误或误导。""]",,,,,,
e3d2d8dc6bcf260b2fe1ded335b4b811d1848518,train,train_clean_high_controls,32498439ea951a2573e1f3afb8999f203448e58e,Basic Factual Accuracy,zh,Literature and Art,5,5,5,0,"学科:文学与艺术 学制级别:博士 知识点：后现代主义文学理论 问题类型：单选题 .请根据学科,学制级别,知识点,问题类型生成一个对应的问题。""问题""和""提供的思路"":,以json格式返回","```json { ""问题"": ""后现代主义文学理论的核心特征之一是反对"", ""提供的思路"": [""宏大叙事"", ""传统结构"", ""现实主义表现手法"", ""现代主义的单一视角""] } ```","[""5分： 所有涉及的客观事实（定义、公式、日期、名词、代码语法等）完全准确无误。"", ""4分： 绝大部分事实准确，可能存在个别极其微小的、非关键性的笔误或疏漏。"", ""3分： 大部分事实准确，但存在少量明显的事实错误，需要核查。"", ""2分： 包含较多或关键性的事实错误，信息不可靠。"", ""1分： 充斥着大量事实错误，信息完全错误或误导。""]",,,,,,
9f0e74dfbcb1ac2f90a2dc2d347820da7ca41b16,train,train_clean_high_controls,770c45352988affabdaebdbaa7ba14d12f370c74,Basic Factual Accuracy,zh,Mathematics,5,5,5,0,"学科:数学 学制级别:小学 知识点：简单分数的比较 问题类型：单选题 .请根据学科,学制级别,知识点,问题类型生成一个对应的问题。""问题""和""提供的思路"":,以json格式返回","```json { ""问题"": ""比较分数1/2和1/3的大小，选择正确的符号：\nA. ＞ B. ＜ C. ＝ D. 无法比较"", ""提供的思路"": { ""步骤1"": ""观察分数的分子和分母：两个分数的分子均为1，但分母不同。"", ""步骤2"": ""理解同分子分数的比较规则：分母越大，分数越小。"", ""步骤3"": ""比较分母：1/2的分母是2，1/3的分母是3，因为2 < 3，所以1/2 > 1/3。"", ""结论"": ""正确答案为A. ＞"" } } ```","[""5分： 所有涉及的客观事实（定义、公式、日期、名词、代码语法等）完全准确无误。"", ""4分： 绝大部分事实准确，可能存在个别极其微小的、非关键性的笔误或疏漏。"", ""3分： 大部分事实准确，但存在少量明显的事实错误，需要核查。"", ""2分： 包含较多或关键性的事实错误，信息不可靠。"", ""1分： 充斥着大量事实错误，信息完全错误或误导。""]",,,,,,
427941bd0f6d387d9900418c1ab197ee1ada6026,train,train_clean_high_controls,379759b00c0ded53ca5135bf363df1ca0f8ae778,Basic Factual Accuracy,zh,Physical Education,5,5,5,0,"学科:体育教育学 学制级别:硕士 问题：在体育教育学中，以下哪些因素可能影响学生的运动参与度？(请选择所有适用的选项) A. 学校的体育设施条件 B. 学生的家庭背景 C. 教师的教学风格 D. 学生的个人兴趣 E. 学校的地理位置 .请根据问题生成对应的答案。""答案"":,以json格式返回","```json { ""答案"": [""A"", ""B"", ""C"", ""D"", ""E""], ""解析"": { ""A. 学校的体育设施条件"": ""设施的质量和可用性直接影响学生参与运动的机会和意愿。"", ""B. 学生的家庭背景"": ""家庭经济状况、文化观念及家长对体育的支持程度会影响学生的参与度。"", ""C. 教师的教学风格"": ""教师的教学方法、激励策略和课堂氛围对学生的兴趣和投入有显著作用。"", ""D. 学生的个人兴趣"": ""个体对运动的喜好和内在动机是决定参与度的核心因素。"", ""E. 学校的地理位置"": ""地理...","[""5分： 所有涉及的客观事实（定义、公式、日期、名词、代码语法等）完全准确无误。"", ""4分： 绝大部分事实准确，可能存在个别极其微小的、非关键性的笔误或疏漏。"", ""3分： 大部分事实准确，但存在少量明显的事实错误，需要核查。"", ""2分： 包含较多或关键性的事实错误，信息不可靠。"", ""1分： 充斥着大量事实错误，信息完全错误或误导。""]",,,,,,
db816a09fb7cfdb32bed4a76608be689dd48cfcf,train,train_clean_high_controls,3f583749c39a53d68120dd4302b4c6888f5dd6d7,Basic Factual Accuracy,zh,Physics,5,5,5,0,"学科:物理学 学制级别:博士 问题：在广义相对论的框架下，以下哪种情况最有可能导致时空奇点的出现？ A) 电磁场的存在 B) 大质量恒星的核心塌缩 C) 宇宙学常数为零 D) 低能粒子在真空中的运动 .请根据问题生成对应的答案。""答案"":,以json格式返回","```json { ""答案"": ""B) 大质量恒星的核心塌缩"" } ``` 在广义相对论的框架下，大质量恒星的核心塌缩（选项B）是导致时空奇点出现的一个常见且被广泛接受的情景。当一个足够大的恒星耗尽其核心燃料并无法通过核聚变产生的压力来对抗自身引力时，它会发生塌缩，最终可能形成黑洞，而在黑洞中心就存在一个理论上的奇点，那里的密度被认为无限大，时空曲率也变得无穷大。其他选项描述的情况并不直接与广义相对论中预测的奇点形成相关联。","[""5分： 所有涉及的客观事实（定义、公式、日期、名词、代码语法等）完全准确无误。"", ""4分： 绝大部分事实准确，可能存在个别极其微小的、非关键性的笔误或疏漏。"", ""3分： 大部分事实准确，但存在少量明显的事实错误，需要核查。"", ""2分： 包含较多或关键性的事实错误，信息不可靠。"", ""1分： 充斥着大量事实错误，信息完全错误或误导。""]",,,,,,
55db4d64628e45349540e63c18c7c6d634553e1e,train,train_clean_high_controls,a14dd4244f84330a2a60fd7f7cbd5a3786581d31,Basic Factual Accuracy,zh,Psychology,5,5,4,1,"知识点：社会认同理论 请根据这个知识点给出""教学素材"":教学素材需要包括教学目标、重点难点、课堂活动设计等,以json格式返回","```json { ""教学目标"": { ""知识目标"": ""理解社会认同理论的基本概念和主要观点。"", ""能力目标"": ""能够分析不同情境下个体如何通过社会认同来形成自我概念。"", ""情感目标"": ""培养学生对社会现象的好奇心，鼓励学生思考个人与群体的关系。"" }, ""重点难点"": { ""重点"": ""1. 社会认同理论的核心概念：社会身份、群体间差异、群体内相似性。\n2. 分析社会认同如何影响个体的行为和态度。"", ""难点"": ""理解社会认同理论在不同情境下的应用，以及其对个体心理的影响机制。"" }, ""课堂...","[""5分： 所有涉及的客观事实（定义、公式、日期、名词、代码语法等）完全准确无误。"", ""4分： 绝大部分事实准确，可能存在个别极其微小的、非关键性的笔误或疏漏。"", ""3分： 大部分事实准确，但存在少量明显的事实错误，需要核查。"", ""2分： 包含较多或关键性的事实错误，信息不可靠。"", ""1分： 充斥着大量事实错误，信息完全错误或误导。""]",,,,,,
100e813982b467f5770d45f1dbb6d52cb1f35600,train,train_clean_high_controls,9426bf1d616524f16d24c48a39d88230ad85d87d,Basic Factual Accuracy,zh,Public Administration,4,5,5,0,"知识点：公共管理中的决策过程 请根据这个知识点给出""教学素材"":教学素材需要包括教学目标、重点难点、课堂活动设计等,以json格式返回","```json { ""教学素材"": { ""课程名称"": ""公共管理中的决策过程"", ""教学目标"": [ ""理解公共管理领域内决策过程的基本概念和重要性。"", ""掌握公共部门决策过程中常用的方法和技术。"", ""能够分析实际案例，识别其中的关键决策点及影响因素。"", ""培养批判性思维能力，学会从多角度评估公共政策的效果。"", ""增强团队合作与沟通技巧，在模拟决策环境中发挥作用。"" ], ""重点难点"": { ""重点"": [ ""决策理论及其在公共管理中的应用。"", ""利益相关者分析方法。"", ""风险管理和不确定性处理...","[""5分： 所有涉及的客观事实（定义、公式、日期、名词、代码语法等）完全准确无误。"", ""4分： 绝大部分事实准确，可能存在个别极其微小的、非关键性的笔误或疏漏。"", ""3分： 大部分事实准确，但存在少量明显的事实错误，需要核查。"", ""2分： 包含较多或关键性的事实错误，信息不可靠。"", ""1分： 充斥着大量事实错误，信息完全错误或误导。""]",,,,,,
c676794ae67ff27696aa2b485a4e13fe370f6d32,train,train_clean_high_controls,00390e119f0cc1f62aa2726f07ddfc3fd9bcb599,Basic Factual Accuracy,zh,Theoretical Economics,5,5,5,0,"知识点：市场结构与垄断竞争 请根据这个知识点给出""教学素材"":教学素材需要包括教学目标、重点难点、课堂活动设计等,以json格式返回","```json { ""教学素材"": { ""教学目标"": [ ""理解市场结构的基本概念及其分类。"", ""掌握垄断竞争市场的特征及形成原因。"", ""能够分析垄断竞争市场中的企业行为和策略。"", ""了解垄断竞争对经济效率的影响，以及政府如何干预以促进公平竞争。"" ], ""重点难点"": { ""重点"": [ ""区分不同类型的市场结构（完全竞争、垄断、寡头垄断、垄断竞争）。"", ""深入理解垄断竞争市场的特点：产品差异化、进入壁垒低等。"", ""学习企业在垄断竞争市场下的定价策略与非价格竞争手段。"" ], ""难点"": [ ""...","[""5分： 所有涉及的客观事实（定义、公式、日期、名词、代码语法等）完全准确无误。"", ""4分： 绝大部分事实准确，可能存在个别极其微小的、非关键性的笔误或疏漏。"", ""3分： 大部分事实准确，但存在少量明显的事实错误，需要核查。"", ""2分： 包含较多或关键性的事实错误，信息不可靠。"", ""1分： 充斥着大量事实错误，信息完全错误或误导。""]",,,,,,
2125938da47bed2731aea15e4efaf92bf6e0d62b,train,train_clean_high_controls,e2b4ff890c3f248c79d4a3ec0079511a5a269c6d,"Clarity, Simplicity & Inspiration",en,Aquaculture,5,5,5,0,"Knowledge Point: Advanced Recirculating Aquaculture Systems (RAS) Design and Management Based on this knowledge point, provide ""Teaching Materials"": Teaching materials should include teaching objectives, key points and difficulties, classroom activity desig...","```json { ""teaching_materials"": { ""teaching_objectives"": [ ""Understand the fundamental principles and components of Advanced Recirculating Aquaculture Systems (RAS)."", ""Develop skills to design RAS with a focus on water quality management, energy efficiency...","[""5: Extremely clear and concise explanations; fully accessible for target learners; vibrant and engaging delivery that inspires deep thought and interest."", ""4: Clear and easy to understand; appropriate for learner level; somewhat thought-provoking and can...",,,,,,
1b17e1191f41b7b474b214b1d6fc6804b215762d,train,train_clean_high_controls,7d31b9d0eef59066afff9ba848a799e2668bbed2,"Clarity, Simplicity & Inspiration",en,Basic Medicine,4,4,4,0,Subject:Basic Medicine Education Level:Master Knowledge Point:The renin-angiotensin-aldosterone system (RAAS) plays a crucial role in regulating blood pressure and fluid balance in the body. Question Type:Single Choice .Generate a corresponding question bas...,"```json { ""Question"": ""Which of the following hormones is NOT directly involved in the renin-angiotensin-aldosterone system (RAAS)?"", ""Provided Reasoning"": ""This question tests the understanding of the components of the RAAS at the master's level. The stude...","[""5: Extremely clear and concise explanations; fully accessible for target learners; vibrant and engaging delivery that inspires deep thought and interest."", ""4: Clear and easy to understand; appropriate for learner level; somewhat thought-provoking and can...",,,,,,
c68cf746b3540e731f2ed50d13cc379d7b771da6,train,train_clean_high_controls,ffed2f3bb93a32c1cf81521951774f896b3283f4,"Clarity, Simplicity & Inspiration",en,Biology,4,4,4,0,"Question: Which part of the plant is responsible for photosynthesis? A) Roots B) Stems C) Leaves D) Flowers Please provide reasoning based on this question. Do not provide the answer directly.. ""Reasoning Provided"":, return in JSON format","{ ""reasoning"": ""Photosynthesis is the process by which plants convert light energy into chemical energy. It primarily occurs in the chloroplasts of plant cells, which are found predominantly in the leaves. Leaves have a high concentration of chlorophyll, th...","[""5: Extremely clear and concise explanations; fully accessible for target learners; vibrant and engaging delivery that inspires deep thought and interest."", ""4: Clear and easy to understand; appropriate for learner level; somewhat thought-provoking and can...",,,,,,
f4b363edd0d8160fed0abd9f53123d1ce180cd27,train,train_clean_high_controls,a05fd196db01a4397d849484b969f6bf2f5c0712,"Clarity, Simplicity & Inspiration",en,Chemistry,4,4,4,0,"Knowledge Point: Thermodynamics in Chemical Reactions Based on this knowledge point, provide ""Teaching Materials"": Teaching materials should include teaching objectives, key points and difficulties, classroom activity design, etc., in JSON format.","```json { ""TeachingMaterials"": { ""TeachingObjectives"": [ ""Understand the basic principles of thermodynamics in chemical reactions."", ""Learn to apply the first and second laws of thermodynamics to chemical processes."", ""Calculate enthalpy, entropy, and Gibbs...","[""5: Extremely clear and concise explanations; fully accessible for target learners; vibrant and engaging delivery that inspires deep thought and interest."", ""4: Clear and easy to understand; appropriate for learner level; somewhat thought-provoking and can...",,,,,,
85b09859b3995d1a991cda612f998f0904f10f74,train,train_clean_high_controls,7f281c5d001646c5cd068f561302e9f2c1b03a4e,"Clarity, Simplicity & Inspiration",en,Chinese,4,4,4,0,"Question: Which Chinese dynasty is known for the construction of the majority of the Great Wall of China as it stands today? Please provide reasoning based on this question. Do not provide the answer directly.. ""Reasoning Provided"":, return in JSON format","```json { ""Reasoning Provided"": ""To determine which Chinese dynasty is known for the construction of the majority of the Great Wall of China as it stands today, we need to consider the historical context and the periods during which significant construction...","[""5: Extremely clear and concise explanations; fully accessible for target learners; vibrant and engaging delivery that inspires deep thought and interest."", ""4: Clear and easy to understand; appropriate for learner level; somewhat thought-provoking and can...",,,,,,
269aa48780ec4ef4dbb9d78cc208a2d5900b604e,train,train_clean_high_controls,e8d93a13ed675a8345513b981af0583044d0c9d6,"Clarity, Simplicity & Inspiration",en,Clinical Medicine,4,4,4,0,"Knowledge Point: Mechanisms of Drug Resistance in Cancer Therapy Based on this knowledge point, provide ""Teaching Materials"": Teaching materials should include teaching objectives, key points and difficulties, classroom activity design, etc., in JSON format.","```json { ""teachingMaterials"": { ""knowledgePoint"": ""Mechanisms of Drug Resistance in Cancer Therapy"", ""teachingObjectives"": [ ""Understand the various mechanisms by which cancer cells develop resistance to chemotherapy and targeted therapies."", ""Identify com...","[""5: Extremely clear and concise explanations; fully accessible for target learners; vibrant and engaging delivery that inspires deep thought and interest."", ""4: Clear and easy to understand; appropriate for learner level; somewhat thought-provoking and can...",,,,,,
57905065fb2f60b25f9d742c8ea3f1413277b60a,train,train_clean_high_controls,4313f036000c452831d9baa30d1ba9a9a6cc0647,"Clarity, Simplicity & Inspiration",en,Computer Science,5,5,5,0,"Question: Explain the difference between a stack and a queue data structure. Original Answer: A stack is a data structure that follows the First In, First Out (FIFO) principle, while a queue follows the Last In, First Out (LIFO) principle. You are providing...","```json { ""Corrected Answer"": ""A stack is a data structure that follows the Last In, First Out (LIFO) principle, while a queue follows the First In, First Out (FIFO) principle."", ""Error Explanation"": ""The original answer incorrectly states that a stack foll...","[""5: Extremely clear and concise explanations; fully accessible for target learners; vibrant and engaging delivery that inspires deep thought and interest."", ""4: Clear and easy to understand; appropriate for learner level; somewhat thought-provoking and can...",,,,,,
