source_id,split,calibrator_id,pred_label,count,rate,true_label
exp09_qdpr2:formal:seed42,dev,raw_t0p50,1,13,0.011743450767841012,
exp09_qdpr2:formal:seed42,dev,raw_t0p50,2,4,0.0036133694670280035,
exp09_qdpr2:formal:seed42,dev,raw_t0p50,3,99,0.08943089430894309,
exp09_qdpr2:formal:seed42,dev,raw_t0p50,4,398,0.35953026196928634,
exp09_qdpr2:formal:seed42,dev,raw_t0p50,5,593,0.5356820234869015,
exp09_qdpr2:formal:seed42,dev,raw_t0p50,1,13,0.6842105263157895,1
exp09_qdpr2:formal:seed42,dev,raw_t0p50,2,0,0.0,1
exp09_qdpr2:formal:seed42,dev,raw_t0p50,3,4,0.21052631578947367,1
exp09_qdpr2:formal:seed42,dev,raw_t0p50,4,2,0.10526315789473684,1
exp09_qdpr2:formal:seed42,dev,raw_t0p50,5,0,0.0,1
exp09_qdpr2:formal:seed42,dev,raw_t0p50,1,0,0.0,2
exp09_qdpr2:formal:seed42,dev,raw_t0p50,2,3,0.07894736842105263,2
exp09_qdpr2:formal:seed42,dev,raw_t0p50,3,9,0.23684210526315788,2
exp09_qdpr2:formal:seed42,dev,raw_t0p50,4,10,0.2631578947368421,2
exp09_qdpr2:formal:seed42,dev,raw_t0p50,5,16,0.42105263157894735,2
exp09_qdpr2:formal:seed42,dev,raw_t0p50,1,0,0.0,3
exp09_qdpr2:formal:seed42,dev,raw_t0p50,2,0,0.0,3
exp09_qdpr2:formal:seed42,dev,raw_t0p50,3,35,0.3333333333333333,3
exp09_qdpr2:formal:seed42,dev,raw_t0p50,4,45,0.42857142857142855,3
exp09_qdpr2:formal:seed42,dev,raw_t0p50,5,25,0.23809523809523808,3
exp09_qdpr2:formal:seed42,dev,raw_t0p50,1,0,0.0,4
exp09_qdpr2:formal:seed42,dev,raw_t0p50,2,0,0.0,4
exp09_qdpr2:formal:seed42,dev,raw_t0p50,3,45,0.11568123393316196,4
exp09_qdpr2:formal:seed42,dev,raw_t0p50,4,226,0.5809768637532133,4
exp09_qdpr2:formal:seed42,dev,raw_t0p50,5,118,0.3033419023136247,4
exp09_qdpr2:formal:seed42,dev,raw_t0p50,1,0,0.0,5
exp09_qdpr2:formal:seed42,dev,raw_t0p50,2,1,0.0017985611510791368,5
exp09_qdpr2:formal:seed42,dev,raw_t0p50,3,6,0.01079136690647482,5
exp09_qdpr2:formal:seed42,dev,raw_t0p50,4,115,0.2068345323741007,5
exp09_qdpr2:formal:seed42,dev,raw_t0p50,5,434,0.7805755395683454,5
exp09_qdpr2:formal:seed42,test,raw_t0p50,1,9,0.008159564823209429,
exp09_qdpr2:formal:seed42,test,raw_t0p50,2,3,0.0027198549410698096,
exp09_qdpr2:formal:seed42,test,raw_t0p50,3,93,0.0843155031731641,
exp09_qdpr2:formal:seed42,test,raw_t0p50,4,433,0.3925657298277425,
exp09_qdpr2:formal:seed42,test,raw_t0p50,5,565,0.5122393472348141,
exp09_qdpr2:formal:seed42,test,raw_t0p50,1,8,0.8888888888888888,1
exp09_qdpr2:formal:seed42,test,raw_t0p50,2,0,0.0,1
exp09_qdpr2:formal:seed42,test,raw_t0p50,3,0,0.0,1
exp09_qdpr2:formal:seed42,test,raw_t0p50,4,0,0.0,1
exp09_qdpr2:formal:seed42,test,raw_t0p50,5,1,0.1111111111111111,1
exp09_qdpr2:formal:seed42,test,raw_t0p50,1,0,0.0,2
exp09_qdpr2:formal:seed42,test,raw_t0p50,2,0,0.0,2
exp09_qdpr2:formal:seed42,test,raw_t0p50,3,11,0.5,2
exp09_qdpr2:formal:seed42,test,raw_t0p50,4,7,0.3181818181818182,2
exp09_qdpr2:formal:seed42,test,raw_t0p50,5,4,0.18181818181818182,2
exp09_qdpr2:formal:seed42,test,raw_t0p50,1,1,0.009523809523809525,3
exp09_qdpr2:formal:seed42,test,raw_t0p50,2,1,0.009523809523809525,3
exp09_qdpr2:formal:seed42,test,raw_t0p50,3,39,0.37142857142857144,3
exp09_qdpr2:formal:seed42,test,raw_t0p50,4,50,0.47619047619047616,3
exp09_qdpr2:formal:seed42,test,raw_t0p50,5,14,0.13333333333333333,3
exp09_qdpr2:formal:seed42,test,raw_t0p50,1,0,0.0,4
exp09_qdpr2:formal:seed42,test,raw_t0p50,2,0,0.0,4
exp09_qdpr2:formal:seed42,test,raw_t0p50,3,35,0.09971509971509972,4
exp09_qdpr2:formal:seed42,test,raw_t0p50,4,235,0.6695156695156695,4
exp09_qdpr2:formal:seed42,test,raw_t0p50,5,81,0.23076923076923078,4
exp09_qdpr2:formal:seed42,test,raw_t0p50,1,0,0.0,5
exp09_qdpr2:formal:seed42,test,raw_t0p50,2,2,0.003246753246753247,5
exp09_qdpr2:formal:seed42,test,raw_t0p50,3,8,0.012987012987012988,5
exp09_qdpr2:formal:seed42,test,raw_t0p50,4,141,0.2288961038961039,5
exp09_qdpr2:formal:seed42,test,raw_t0p50,5,465,0.7548701298701299,5
exp09_qdpr2:formal:seed42,dev,pava_t0p50,1,13,0.011743450767841012,
exp09_qdpr2:formal:seed42,dev,pava_t0p50,2,4,0.0036133694670280035,
exp09_qdpr2:formal:seed42,dev,pava_t0p50,3,99,0.08943089430894309,
exp09_qdpr2:formal:seed42,dev,pava_t0p50,4,398,0.35953026196928634,
exp09_qdpr2:formal:seed42,dev,pava_t0p50,5,593,0.5356820234869015,
exp09_qdpr2:formal:seed42,dev,pava_t0p50,1,13,0.6842105263157895,1
exp09_qdpr2:formal:seed42,dev,pava_t0p50,2,0,0.0,1
exp09_qdpr2:formal:seed42,dev,pava_t0p50,3,4,0.21052631578947367,1
exp09_qdpr2:formal:seed42,dev,pava_t0p50,4,2,0.10526315789473684,1
exp09_qdpr2:formal:seed42,dev,pava_t0p50,5,0,0.0,1
exp09_qdpr2:formal:seed42,dev,pava_t0p50,1,0,0.0,2
exp09_qdpr2:formal:seed42,dev,pava_t0p50,2,3,0.07894736842105263,2
exp09_qdpr2:formal:seed42,dev,pava_t0p50,3,9,0.23684210526315788,2
exp09_qdpr2:formal:seed42,dev,pava_t0p50,4,10,0.2631578947368421,2
exp09_qdpr2:formal:seed42,dev,pava_t0p50,5,16,0.42105263157894735,2
exp09_qdpr2:formal:seed42,dev,pava_t0p50,1,0,0.0,3
exp09_qdpr2:formal:seed42,dev,pava_t0p50,2,0,0.0,3
exp09_qdpr2:formal:seed42,dev,pava_t0p50,3,35,0.3333333333333333,3
exp09_qdpr2:formal:seed42,dev,pava_t0p50,4,45,0.42857142857142855,3
exp09_qdpr2:formal:seed42,dev,pava_t0p50,5,25,0.23809523809523808,3
exp09_qdpr2:formal:seed42,dev,pava_t0p50,1,0,0.0,4
exp09_qdpr2:formal:seed42,dev,pava_t0p50,2,0,0.0,4
exp09_qdpr2:formal:seed42,dev,pava_t0p50,3,45,0.11568123393316196,4
exp09_qdpr2:formal:seed42,dev,pava_t0p50,4,226,0.5809768637532133,4
exp09_qdpr2:formal:seed42,dev,pava_t0p50,5,118,0.3033419023136247,4
exp09_qdpr2:formal:seed42,dev,pava_t0p50,1,0,0.0,5
exp09_qdpr2:formal:seed42,dev,pava_t0p50,2,1,0.0017985611510791368,5
exp09_qdpr2:formal:seed42,dev,pava_t0p50,3,6,0.01079136690647482,5
exp09_qdpr2:formal:seed42,dev,pava_t0p50,4,115,0.2068345323741007,5
exp09_qdpr2:formal:seed42,dev,pava_t0p50,5,434,0.7805755395683454,5
exp09_qdpr2:formal:seed42,test,pava_t0p50,1,9,0.008159564823209429,
exp09_qdpr2:formal:seed42,test,pava_t0p50,2,3,0.0027198549410698096,
exp09_qdpr2:formal:seed42,test,pava_t0p50,3,93,0.0843155031731641,
exp09_qdpr2:formal:seed42,test,pava_t0p50,4,433,0.3925657298277425,
exp09_qdpr2:formal:seed42,test,pava_t0p50,5,565,0.5122393472348141,
exp09_qdpr2:formal:seed42,test,pava_t0p50,1,8,0.8888888888888888,1
exp09_qdpr2:formal:seed42,test,pava_t0p50,2,0,0.0,1
exp09_qdpr2:formal:seed42,test,pava_t0p50,3,0,0.0,1
exp09_qdpr2:formal:seed42,test,pava_t0p50,4,0,0.0,1
exp09_qdpr2:formal:seed42,test,pava_t0p50,5,1,0.1111111111111111,1
exp09_qdpr2:formal:seed42,test,pava_t0p50,1,0,0.0,2
exp09_qdpr2:formal:seed42,test,pava_t0p50,2,0,0.0,2
exp09_qdpr2:formal:seed42,test,pava_t0p50,3,11,0.5,2
exp09_qdpr2:formal:seed42,test,pava_t0p50,4,7,0.3181818181818182,2
exp09_qdpr2:formal:seed42,test,pava_t0p50,5,4,0.18181818181818182,2
exp09_qdpr2:formal:seed42,test,pava_t0p50,1,1,0.009523809523809525,3
exp09_qdpr2:formal:seed42,test,pava_t0p50,2,1,0.009523809523809525,3
exp09_qdpr2:formal:seed42,test,pava_t0p50,3,39,0.37142857142857144,3
exp09_qdpr2:formal:seed42,test,pava_t0p50,4,50,0.47619047619047616,3
exp09_qdpr2:formal:seed42,test,pava_t0p50,5,14,0.13333333333333333,3
exp09_qdpr2:formal:seed42,test,pava_t0p50,1,0,0.0,4
exp09_qdpr2:formal:seed42,test,pava_t0p50,2,0,0.0,4
exp09_qdpr2:formal:seed42,test,pava_t0p50,3,35,0.09971509971509972,4
exp09_qdpr2:formal:seed42,test,pava_t0p50,4,235,0.6695156695156695,4
exp09_qdpr2:formal:seed42,test,pava_t0p50,5,81,0.23076923076923078,4
exp09_qdpr2:formal:seed42,test,pava_t0p50,1,0,0.0,5
exp09_qdpr2:formal:seed42,test,pava_t0p50,2,2,0.003246753246753247,5
exp09_qdpr2:formal:seed42,test,pava_t0p50,3,8,0.012987012987012988,5
exp09_qdpr2:formal:seed42,test,pava_t0p50,4,141,0.2288961038961039,5
exp09_qdpr2:formal:seed42,test,pava_t0p50,5,465,0.7548701298701299,5
exp09_qdpr2:formal:seed42,dev,isotonic_pava_t0p50,1,13,0.011743450767841012,
exp09_qdpr2:formal:seed42,dev,isotonic_pava_t0p50,2,5,0.004516711833785004,
exp09_qdpr2:formal:seed42,dev,isotonic_pava_t0p50,3,41,0.037037037037037035,
exp09_qdpr2:formal:seed42,dev,isotonic_pava_t0p50,4,426,0.38482384823848237,
exp09_qdpr2:formal:seed42,dev,isotonic_pava_t0p50,5,622,0.5618789521228545,
exp09_qdpr2:formal:seed42,dev,isotonic_pava_t0p50,1,13,0.6842105263157895,1
exp09_qdpr2:formal:seed42,dev,isotonic_pava_t0p50,2,0,0.0,1
exp09_qdpr2:formal:seed42,dev,isotonic_pava_t0p50,3,4,0.21052631578947367,1
exp09_qdpr2:formal:seed42,dev,isotonic_pava_t0p50,4,2,0.10526315789473684,1
exp09_qdpr2:formal:seed42,dev,isotonic_pava_t0p50,5,0,0.0,1
exp09_qdpr2:formal:seed42,dev,isotonic_pava_t0p50,1,0,0.0,2
exp09_qdpr2:formal:seed42,dev,isotonic_pava_t0p50,2,4,0.10526315789473684,2
exp09_qdpr2:formal:seed42,dev,isotonic_pava_t0p50,3,6,0.15789473684210525,2
exp09_qdpr2:formal:seed42,dev,isotonic_pava_t0p50,4,9,0.23684210526315788,2
exp09_qdpr2:formal:seed42,dev,isotonic_pava_t0p50,5,19,0.5,2
exp09_qdpr2:formal:seed42,dev,isotonic_pava_t0p50,1,0,0.0,3
exp09_qdpr2:formal:seed42,dev,isotonic_pava_t0p50,2,0,0.0,3
exp09_qdpr2:formal:seed42,dev,isotonic_pava_t0p50,3,18,0.17142857142857143,3
exp09_qdpr2:formal:seed42,dev,isotonic_pava_t0p50,4,60,0.5714285714285714,3
exp09_qdpr2:formal:seed42,dev,isotonic_pava_t0p50,5,27,0.2571428571428571,3
exp09_qdpr2:formal:seed42,dev,isotonic_pava_t0p50,1,0,0.0,4
exp09_qdpr2:formal:seed42,dev,isotonic_pava_t0p50,2,0,0.0,4
exp09_qdpr2:formal:seed42,dev,isotonic_pava_t0p50,3,12,0.030848329048843187,4
exp09_qdpr2:formal:seed42,dev,isotonic_pava_t0p50,4,251,0.6452442159383034,4
exp09_qdpr2:formal:seed42,dev,isotonic_pava_t0p50,5,126,0.32390745501285345,4
exp09_qdpr2:formal:seed42,dev,isotonic_pava_t0p50,1,0,0.0,5
exp09_qdpr2:formal:seed42,dev,isotonic_pava_t0p50,2,1,0.0017985611510791368,5
exp09_qdpr2:formal:seed42,dev,isotonic_pava_t0p50,3,1,0.0017985611510791368,5
exp09_qdpr2:formal:seed42,dev,isotonic_pava_t0p50,4,104,0.18705035971223022,5
exp09_qdpr2:formal:seed42,dev,isotonic_pava_t0p50,5,450,0.8093525179856115,5
exp09_qdpr2:formal:seed42,test,isotonic_pava_t0p50,1,9,0.008159564823209429,
exp09_qdpr2:formal:seed42,test,isotonic_pava_t0p50,2,5,0.004533091568449683,
exp09_qdpr2:formal:seed42,test,isotonic_pava_t0p50,3,29,0.02629193109700816,
exp09_qdpr2:formal:seed42,test,isotonic_pava_t0p50,4,447,0.40525838621940163,
exp09_qdpr2:formal:seed42,test,isotonic_pava_t0p50,5,613,0.5557570262919311,
exp09_qdpr2:formal:seed42,test,isotonic_pava_t0p50,1,8,0.8888888888888888,1
exp09_qdpr2:formal:seed42,test,isotonic_pava_t0p50,2,0,0.0,1
exp09_qdpr2:formal:seed42,test,isotonic_pava_t0p50,3,0,0.0,1
exp09_qdpr2:formal:seed42,test,isotonic_pava_t0p50,4,0,0.0,1
exp09_qdpr2:formal:seed42,test,isotonic_pava_t0p50,5,1,0.1111111111111111,1
exp09_qdpr2:formal:seed42,test,isotonic_pava_t0p50,1,0,0.0,2
exp09_qdpr2:formal:seed42,test,isotonic_pava_t0p50,2,0,0.0,2
exp09_qdpr2:formal:seed42,test,isotonic_pava_t0p50,3,5,0.22727272727272727,2
exp09_qdpr2:formal:seed42,test,isotonic_pava_t0p50,4,13,0.5909090909090909,2
exp09_qdpr2:formal:seed42,test,isotonic_pava_t0p50,5,4,0.18181818181818182,2
exp09_qdpr2:formal:seed42,test,isotonic_pava_t0p50,1,1,0.009523809523809525,3
exp09_qdpr2:formal:seed42,test,isotonic_pava_t0p50,2,1,0.009523809523809525,3
exp09_qdpr2:formal:seed42,test,isotonic_pava_t0p50,3,14,0.13333333333333333,3
exp09_qdpr2:formal:seed42,test,isotonic_pava_t0p50,4,72,0.6857142857142857,3
exp09_qdpr2:formal:seed42,test,isotonic_pava_t0p50,5,17,0.1619047619047619,3
exp09_qdpr2:formal:seed42,test,isotonic_pava_t0p50,1,0,0.0,4
exp09_qdpr2:formal:seed42,test,isotonic_pava_t0p50,2,1,0.002849002849002849,4
exp09_qdpr2:formal:seed42,test,isotonic_pava_t0p50,3,8,0.022792022792022793,4
exp09_qdpr2:formal:seed42,test,isotonic_pava_t0p50,4,241,0.6866096866096866,4
exp09_qdpr2:formal:seed42,test,isotonic_pava_t0p50,5,101,0.28774928774928776,4
exp09_qdpr2:formal:seed42,test,isotonic_pava_t0p50,1,0,0.0,5
exp09_qdpr2:formal:seed42,test,isotonic_pava_t0p50,2,3,0.00487012987012987,5
exp09_qdpr2:formal:seed42,test,isotonic_pava_t0p50,3,2,0.003246753246753247,5
exp09_qdpr2:formal:seed42,test,isotonic_pava_t0p50,4,121,0.19642857142857142,5
exp09_qdpr2:formal:seed42,test,isotonic_pava_t0p50,5,490,0.7954545454545454,5
exp09_qdpr2:formal:seed42,dev,temp0p5_pava_t0p50,1,13,0.011743450767841012,
exp09_qdpr2:formal:seed42,dev,temp0p5_pava_t0p50,2,4,0.0036133694670280035,
exp09_qdpr2:formal:seed42,dev,temp0p5_pava_t0p50,3,99,0.08943089430894309,
exp09_qdpr2:formal:seed42,dev,temp0p5_pava_t0p50,4,398,0.35953026196928634,
exp09_qdpr2:formal:seed42,dev,temp0p5_pava_t0p50,5,593,0.5356820234869015,
exp09_qdpr2:formal:seed42,dev,temp0p5_pava_t0p50,1,13,0.6842105263157895,1
exp09_qdpr2:formal:seed42,dev,temp0p5_pava_t0p50,2,0,0.0,1
exp09_qdpr2:formal:seed42,dev,temp0p5_pava_t0p50,3,4,0.21052631578947367,1
exp09_qdpr2:formal:seed42,dev,temp0p5_pava_t0p50,4,2,0.10526315789473684,1
exp09_qdpr2:formal:seed42,dev,temp0p5_pava_t0p50,5,0,0.0,1
exp09_qdpr2:formal:seed42,dev,temp0p5_pava_t0p50,1,0,0.0,2
exp09_qdpr2:formal:seed42,dev,temp0p5_pava_t0p50,2,3,0.07894736842105263,2
exp09_qdpr2:formal:seed42,dev,temp0p5_pava_t0p50,3,9,0.23684210526315788,2
exp09_qdpr2:formal:seed42,dev,temp0p5_pava_t0p50,4,10,0.2631578947368421,2
exp09_qdpr2:formal:seed42,dev,temp0p5_pava_t0p50,5,16,0.42105263157894735,2
exp09_qdpr2:formal:seed42,dev,temp0p5_pava_t0p50,1,0,0.0,3
exp09_qdpr2:formal:seed42,dev,temp0p5_pava_t0p50,2,0,0.0,3
exp09_qdpr2:formal:seed42,dev,temp0p5_pava_t0p50,3,35,0.3333333333333333,3
exp09_qdpr2:formal:seed42,dev,temp0p5_pava_t0p50,4,45,0.42857142857142855,3
exp09_qdpr2:formal:seed42,dev,temp0p5_pava_t0p50,5,25,0.23809523809523808,3
exp09_qdpr2:formal:seed42,dev,temp0p5_pava_t0p50,1,0,0.0,4
exp09_qdpr2:formal:seed42,dev,temp0p5_pava_t0p50,2,0,0.0,4
exp09_qdpr2:formal:seed42,dev,temp0p5_pava_t0p50,3,45,0.11568123393316196,4
exp09_qdpr2:formal:seed42,dev,temp0p5_pava_t0p50,4,226,0.5809768637532133,4
exp09_qdpr2:formal:seed42,dev,temp0p5_pava_t0p50,5,118,0.3033419023136247,4
exp09_qdpr2:formal:seed42,dev,temp0p5_pava_t0p50,1,0,0.0,5
exp09_qdpr2:formal:seed42,dev,temp0p5_pava_t0p50,2,1,0.0017985611510791368,5
exp09_qdpr2:formal:seed42,dev,temp0p5_pava_t0p50,3,6,0.01079136690647482,5
exp09_qdpr2:formal:seed42,dev,temp0p5_pava_t0p50,4,115,0.2068345323741007,5
exp09_qdpr2:formal:seed42,dev,temp0p5_pava_t0p50,5,434,0.7805755395683454,5
exp09_qdpr2:formal:seed42,test,temp0p5_pava_t0p50,1,9,0.008159564823209429,
exp09_qdpr2:formal:seed42,test,temp0p5_pava_t0p50,2,3,0.0027198549410698096,
exp09_qdpr2:formal:seed42,test,temp0p5_pava_t0p50,3,93,0.0843155031731641,
exp09_qdpr2:formal:seed42,test,temp0p5_pava_t0p50,4,433,0.3925657298277425,
exp09_qdpr2:formal:seed42,test,temp0p5_pava_t0p50,5,565,0.5122393472348141,
exp09_qdpr2:formal:seed42,test,temp0p5_pava_t0p50,1,8,0.8888888888888888,1
exp09_qdpr2:formal:seed42,test,temp0p5_pava_t0p50,2,0,0.0,1
exp09_qdpr2:formal:seed42,test,temp0p5_pava_t0p50,3,0,0.0,1
exp09_qdpr2:formal:seed42,test,temp0p5_pava_t0p50,4,0,0.0,1
exp09_qdpr2:formal:seed42,test,temp0p5_pava_t0p50,5,1,0.1111111111111111,1
exp09_qdpr2:formal:seed42,test,temp0p5_pava_t0p50,1,0,0.0,2
exp09_qdpr2:formal:seed42,test,temp0p5_pava_t0p50,2,0,0.0,2
exp09_qdpr2:formal:seed42,test,temp0p5_pava_t0p50,3,11,0.5,2
exp09_qdpr2:formal:seed42,test,temp0p5_pava_t0p50,4,7,0.3181818181818182,2
exp09_qdpr2:formal:seed42,test,temp0p5_pava_t0p50,5,4,0.18181818181818182,2
exp09_qdpr2:formal:seed42,test,temp0p5_pava_t0p50,1,1,0.009523809523809525,3
exp09_qdpr2:formal:seed42,test,temp0p5_pava_t0p50,2,1,0.009523809523809525,3
exp09_qdpr2:formal:seed42,test,temp0p5_pava_t0p50,3,39,0.37142857142857144,3
exp09_qdpr2:formal:seed42,test,temp0p5_pava_t0p50,4,50,0.47619047619047616,3
exp09_qdpr2:formal:seed42,test,temp0p5_pava_t0p50,5,14,0.13333333333333333,3
exp09_qdpr2:formal:seed42,test,temp0p5_pava_t0p50,1,0,0.0,4
exp09_qdpr2:formal:seed42,test,temp0p5_pava_t0p50,2,0,0.0,4
exp09_qdpr2:formal:seed42,test,temp0p5_pava_t0p50,3,35,0.09971509971509972,4
exp09_qdpr2:formal:seed42,test,temp0p5_pava_t0p50,4,235,0.6695156695156695,4
exp09_qdpr2:formal:seed42,test,temp0p5_pava_t0p50,5,81,0.23076923076923078,4
exp09_qdpr2:formal:seed42,test,temp0p5_pava_t0p50,1,0,0.0,5
exp09_qdpr2:formal:seed42,test,temp0p5_pava_t0p50,2,2,0.003246753246753247,5
exp09_qdpr2:formal:seed42,test,temp0p5_pava_t0p50,3,8,0.012987012987012988,5
exp09_qdpr2:formal:seed42,test,temp0p5_pava_t0p50,4,141,0.2288961038961039,5
exp09_qdpr2:formal:seed42,test,temp0p5_pava_t0p50,5,465,0.7548701298701299,5
exp09_qdpr2:formal:seed42,dev,temp0p75_pava_t0p50,1,13,0.011743450767841012,
exp09_qdpr2:formal:seed42,dev,temp0p75_pava_t0p50,2,4,0.0036133694670280035,
exp09_qdpr2:formal:seed42,dev,temp0p75_pava_t0p50,3,99,0.08943089430894309,
exp09_qdpr2:formal:seed42,dev,temp0p75_pava_t0p50,4,398,0.35953026196928634,
exp09_qdpr2:formal:seed42,dev,temp0p75_pava_t0p50,5,593,0.5356820234869015,
exp09_qdpr2:formal:seed42,dev,temp0p75_pava_t0p50,1,13,0.6842105263157895,1
exp09_qdpr2:formal:seed42,dev,temp0p75_pava_t0p50,2,0,0.0,1
exp09_qdpr2:formal:seed42,dev,temp0p75_pava_t0p50,3,4,0.21052631578947367,1
exp09_qdpr2:formal:seed42,dev,temp0p75_pava_t0p50,4,2,0.10526315789473684,1
exp09_qdpr2:formal:seed42,dev,temp0p75_pava_t0p50,5,0,0.0,1
exp09_qdpr2:formal:seed42,dev,temp0p75_pava_t0p50,1,0,0.0,2
exp09_qdpr2:formal:seed42,dev,temp0p75_pava_t0p50,2,3,0.07894736842105263,2
exp09_qdpr2:formal:seed42,dev,temp0p75_pava_t0p50,3,9,0.23684210526315788,2
exp09_qdpr2:formal:seed42,dev,temp0p75_pava_t0p50,4,10,0.2631578947368421,2
exp09_qdpr2:formal:seed42,dev,temp0p75_pava_t0p50,5,16,0.42105263157894735,2
exp09_qdpr2:formal:seed42,dev,temp0p75_pava_t0p50,1,0,0.0,3
exp09_qdpr2:formal:seed42,dev,temp0p75_pava_t0p50,2,0,0.0,3
exp09_qdpr2:formal:seed42,dev,temp0p75_pava_t0p50,3,35,0.3333333333333333,3
exp09_qdpr2:formal:seed42,dev,temp0p75_pava_t0p50,4,45,0.42857142857142855,3
exp09_qdpr2:formal:seed42,dev,temp0p75_pava_t0p50,5,25,0.23809523809523808,3
exp09_qdpr2:formal:seed42,dev,temp0p75_pava_t0p50,1,0,0.0,4
exp09_qdpr2:formal:seed42,dev,temp0p75_pava_t0p50,2,0,0.0,4
exp09_qdpr2:formal:seed42,dev,temp0p75_pava_t0p50,3,45,0.11568123393316196,4
exp09_qdpr2:formal:seed42,dev,temp0p75_pava_t0p50,4,226,0.5809768637532133,4
exp09_qdpr2:formal:seed42,dev,temp0p75_pava_t0p50,5,118,0.3033419023136247,4
exp09_qdpr2:formal:seed42,dev,temp0p75_pava_t0p50,1,0,0.0,5
exp09_qdpr2:formal:seed42,dev,temp0p75_pava_t0p50,2,1,0.0017985611510791368,5
exp09_qdpr2:formal:seed42,dev,temp0p75_pava_t0p50,3,6,0.01079136690647482,5
exp09_qdpr2:formal:seed42,dev,temp0p75_pava_t0p50,4,115,0.2068345323741007,5
exp09_qdpr2:formal:seed42,dev,temp0p75_pava_t0p50,5,434,0.7805755395683454,5
exp09_qdpr2:formal:seed42,test,temp0p75_pava_t0p50,1,9,0.008159564823209429,
exp09_qdpr2:formal:seed42,test,temp0p75_pava_t0p50,2,3,0.0027198549410698096,
exp09_qdpr2:formal:seed42,test,temp0p75_pava_t0p50,3,93,0.0843155031731641,
exp09_qdpr2:formal:seed42,test,temp0p75_pava_t0p50,4,433,0.3925657298277425,
exp09_qdpr2:formal:seed42,test,temp0p75_pava_t0p50,5,565,0.5122393472348141,
exp09_qdpr2:formal:seed42,test,temp0p75_pava_t0p50,1,8,0.8888888888888888,1
exp09_qdpr2:formal:seed42,test,temp0p75_pava_t0p50,2,0,0.0,1
exp09_qdpr2:formal:seed42,test,temp0p75_pava_t0p50,3,0,0.0,1
exp09_qdpr2:formal:seed42,test,temp0p75_pava_t0p50,4,0,0.0,1
exp09_qdpr2:formal:seed42,test,temp0p75_pava_t0p50,5,1,0.1111111111111111,1
exp09_qdpr2:formal:seed42,test,temp0p75_pava_t0p50,1,0,0.0,2
exp09_qdpr2:formal:seed42,test,temp0p75_pava_t0p50,2,0,0.0,2
exp09_qdpr2:formal:seed42,test,temp0p75_pava_t0p50,3,11,0.5,2
exp09_qdpr2:formal:seed42,test,temp0p75_pava_t0p50,4,7,0.3181818181818182,2
exp09_qdpr2:formal:seed42,test,temp0p75_pava_t0p50,5,4,0.18181818181818182,2
exp09_qdpr2:formal:seed42,test,temp0p75_pava_t0p50,1,1,0.009523809523809525,3
exp09_qdpr2:formal:seed42,test,temp0p75_pava_t0p50,2,1,0.009523809523809525,3
exp09_qdpr2:formal:seed42,test,temp0p75_pava_t0p50,3,39,0.37142857142857144,3
exp09_qdpr2:formal:seed42,test,temp0p75_pava_t0p50,4,50,0.47619047619047616,3
exp09_qdpr2:formal:seed42,test,temp0p75_pava_t0p50,5,14,0.13333333333333333,3
exp09_qdpr2:formal:seed42,test,temp0p75_pava_t0p50,1,0,0.0,4
exp09_qdpr2:formal:seed42,test,temp0p75_pava_t0p50,2,0,0.0,4
exp09_qdpr2:formal:seed42,test,temp0p75_pava_t0p50,3,35,0.09971509971509972,4
exp09_qdpr2:formal:seed42,test,temp0p75_pava_t0p50,4,235,0.6695156695156695,4
exp09_qdpr2:formal:seed42,test,temp0p75_pava_t0p50,5,81,0.23076923076923078,4
exp09_qdpr2:formal:seed42,test,temp0p75_pava_t0p50,1,0,0.0,5
exp09_qdpr2:formal:seed42,test,temp0p75_pava_t0p50,2,2,0.003246753246753247,5
exp09_qdpr2:formal:seed42,test,temp0p75_pava_t0p50,3,8,0.012987012987012988,5
exp09_qdpr2:formal:seed42,test,temp0p75_pava_t0p50,4,141,0.2288961038961039,5
exp09_qdpr2:formal:seed42,test,temp0p75_pava_t0p50,5,465,0.7548701298701299,5
exp09_qdpr2:formal:seed42,dev,temp1p25_pava_t0p50,1,13,0.011743450767841012,
exp09_qdpr2:formal:seed42,dev,temp1p25_pava_t0p50,2,4,0.0036133694670280035,
exp09_qdpr2:formal:seed42,dev,temp1p25_pava_t0p50,3,99,0.08943089430894309,
exp09_qdpr2:formal:seed42,dev,temp1p25_pava_t0p50,4,398,0.35953026196928634,
exp09_qdpr2:formal:seed42,dev,temp1p25_pava_t0p50,5,593,0.5356820234869015,
exp09_qdpr2:formal:seed42,dev,temp1p25_pava_t0p50,1,13,0.6842105263157895,1
exp09_qdpr2:formal:seed42,dev,temp1p25_pava_t0p50,2,0,0.0,1
exp09_qdpr2:formal:seed42,dev,temp1p25_pava_t0p50,3,4,0.21052631578947367,1
exp09_qdpr2:formal:seed42,dev,temp1p25_pava_t0p50,4,2,0.10526315789473684,1
exp09_qdpr2:formal:seed42,dev,temp1p25_pava_t0p50,5,0,0.0,1
exp09_qdpr2:formal:seed42,dev,temp1p25_pava_t0p50,1,0,0.0,2
exp09_qdpr2:formal:seed42,dev,temp1p25_pava_t0p50,2,3,0.07894736842105263,2
exp09_qdpr2:formal:seed42,dev,temp1p25_pava_t0p50,3,9,0.23684210526315788,2
exp09_qdpr2:formal:seed42,dev,temp1p25_pava_t0p50,4,10,0.2631578947368421,2
exp09_qdpr2:formal:seed42,dev,temp1p25_pava_t0p50,5,16,0.42105263157894735,2
exp09_qdpr2:formal:seed42,dev,temp1p25_pava_t0p50,1,0,0.0,3
exp09_qdpr2:formal:seed42,dev,temp1p25_pava_t0p50,2,0,0.0,3
exp09_qdpr2:formal:seed42,dev,temp1p25_pava_t0p50,3,35,0.3333333333333333,3
exp09_qdpr2:formal:seed42,dev,temp1p25_pava_t0p50,4,45,0.42857142857142855,3
exp09_qdpr2:formal:seed42,dev,temp1p25_pava_t0p50,5,25,0.23809523809523808,3
exp09_qdpr2:formal:seed42,dev,temp1p25_pava_t0p50,1,0,0.0,4
exp09_qdpr2:formal:seed42,dev,temp1p25_pava_t0p50,2,0,0.0,4
exp09_qdpr2:formal:seed42,dev,temp1p25_pava_t0p50,3,45,0.11568123393316196,4
exp09_qdpr2:formal:seed42,dev,temp1p25_pava_t0p50,4,226,0.5809768637532133,4
exp09_qdpr2:formal:seed42,dev,temp1p25_pava_t0p50,5,118,0.3033419023136247,4
exp09_qdpr2:formal:seed42,dev,temp1p25_pava_t0p50,1,0,0.0,5
exp09_qdpr2:formal:seed42,dev,temp1p25_pava_t0p50,2,1,0.0017985611510791368,5
exp09_qdpr2:formal:seed42,dev,temp1p25_pava_t0p50,3,6,0.01079136690647482,5
exp09_qdpr2:formal:seed42,dev,temp1p25_pava_t0p50,4,115,0.2068345323741007,5
exp09_qdpr2:formal:seed42,dev,temp1p25_pava_t0p50,5,434,0.7805755395683454,5
exp09_qdpr2:formal:seed42,test,temp1p25_pava_t0p50,1,9,0.008159564823209429,
exp09_qdpr2:formal:seed42,test,temp1p25_pava_t0p50,2,3,0.0027198549410698096,
exp09_qdpr2:formal:seed42,test,temp1p25_pava_t0p50,3,93,0.0843155031731641,
exp09_qdpr2:formal:seed42,test,temp1p25_pava_t0p50,4,433,0.3925657298277425,
exp09_qdpr2:formal:seed42,test,temp1p25_pava_t0p50,5,565,0.5122393472348141,
exp09_qdpr2:formal:seed42,test,temp1p25_pava_t0p50,1,8,0.8888888888888888,1
exp09_qdpr2:formal:seed42,test,temp1p25_pava_t0p50,2,0,0.0,1
exp09_qdpr2:formal:seed42,test,temp1p25_pava_t0p50,3,0,0.0,1
exp09_qdpr2:formal:seed42,test,temp1p25_pava_t0p50,4,0,0.0,1
exp09_qdpr2:formal:seed42,test,temp1p25_pava_t0p50,5,1,0.1111111111111111,1
exp09_qdpr2:formal:seed42,test,temp1p25_pava_t0p50,1,0,0.0,2
exp09_qdpr2:formal:seed42,test,temp1p25_pava_t0p50,2,0,0.0,2
exp09_qdpr2:formal:seed42,test,temp1p25_pava_t0p50,3,11,0.5,2
exp09_qdpr2:formal:seed42,test,temp1p25_pava_t0p50,4,7,0.3181818181818182,2
exp09_qdpr2:formal:seed42,test,temp1p25_pava_t0p50,5,4,0.18181818181818182,2
exp09_qdpr2:formal:seed42,test,temp1p25_pava_t0p50,1,1,0.009523809523809525,3
exp09_qdpr2:formal:seed42,test,temp1p25_pava_t0p50,2,1,0.009523809523809525,3
exp09_qdpr2:formal:seed42,test,temp1p25_pava_t0p50,3,39,0.37142857142857144,3
exp09_qdpr2:formal:seed42,test,temp1p25_pava_t0p50,4,50,0.47619047619047616,3
exp09_qdpr2:formal:seed42,test,temp1p25_pava_t0p50,5,14,0.13333333333333333,3
exp09_qdpr2:formal:seed42,test,temp1p25_pava_t0p50,1,0,0.0,4
exp09_qdpr2:formal:seed42,test,temp1p25_pava_t0p50,2,0,0.0,4
exp09_qdpr2:formal:seed42,test,temp1p25_pava_t0p50,3,35,0.09971509971509972,4
exp09_qdpr2:formal:seed42,test,temp1p25_pava_t0p50,4,235,0.6695156695156695,4
exp09_qdpr2:formal:seed42,test,temp1p25_pava_t0p50,5,81,0.23076923076923078,4
exp09_qdpr2:formal:seed42,test,temp1p25_pava_t0p50,1,0,0.0,5
exp09_qdpr2:formal:seed42,test,temp1p25_pava_t0p50,2,2,0.003246753246753247,5
exp09_qdpr2:formal:seed42,test,temp1p25_pava_t0p50,3,8,0.012987012987012988,5
exp09_qdpr2:formal:seed42,test,temp1p25_pava_t0p50,4,141,0.2288961038961039,5
exp09_qdpr2:formal:seed42,test,temp1p25_pava_t0p50,5,465,0.7548701298701299,5
exp09_qdpr2:formal:seed42,dev,temp1p5_pava_t0p50,1,13,0.011743450767841012,
exp09_qdpr2:formal:seed42,dev,temp1p5_pava_t0p50,2,4,0.0036133694670280035,
exp09_qdpr2:formal:seed42,dev,temp1p5_pava_t0p50,3,99,0.08943089430894309,
exp09_qdpr2:formal:seed42,dev,temp1p5_pava_t0p50,4,398,0.35953026196928634,
exp09_qdpr2:formal:seed42,dev,temp1p5_pava_t0p50,5,593,0.5356820234869015,
exp09_qdpr2:formal:seed42,dev,temp1p5_pava_t0p50,1,13,0.6842105263157895,1
exp09_qdpr2:formal:seed42,dev,temp1p5_pava_t0p50,2,0,0.0,1
exp09_qdpr2:formal:seed42,dev,temp1p5_pava_t0p50,3,4,0.21052631578947367,1
exp09_qdpr2:formal:seed42,dev,temp1p5_pava_t0p50,4,2,0.10526315789473684,1
exp09_qdpr2:formal:seed42,dev,temp1p5_pava_t0p50,5,0,0.0,1
exp09_qdpr2:formal:seed42,dev,temp1p5_pava_t0p50,1,0,0.0,2
exp09_qdpr2:formal:seed42,dev,temp1p5_pava_t0p50,2,3,0.07894736842105263,2
exp09_qdpr2:formal:seed42,dev,temp1p5_pava_t0p50,3,9,0.23684210526315788,2
exp09_qdpr2:formal:seed42,dev,temp1p5_pava_t0p50,4,10,0.2631578947368421,2
exp09_qdpr2:formal:seed42,dev,temp1p5_pava_t0p50,5,16,0.42105263157894735,2
exp09_qdpr2:formal:seed42,dev,temp1p5_pava_t0p50,1,0,0.0,3
exp09_qdpr2:formal:seed42,dev,temp1p5_pava_t0p50,2,0,0.0,3
exp09_qdpr2:formal:seed42,dev,temp1p5_pava_t0p50,3,35,0.3333333333333333,3
exp09_qdpr2:formal:seed42,dev,temp1p5_pava_t0p50,4,45,0.42857142857142855,3
exp09_qdpr2:formal:seed42,dev,temp1p5_pava_t0p50,5,25,0.23809523809523808,3
exp09_qdpr2:formal:seed42,dev,temp1p5_pava_t0p50,1,0,0.0,4
exp09_qdpr2:formal:seed42,dev,temp1p5_pava_t0p50,2,0,0.0,4
exp09_qdpr2:formal:seed42,dev,temp1p5_pava_t0p50,3,45,0.11568123393316196,4
exp09_qdpr2:formal:seed42,dev,temp1p5_pava_t0p50,4,226,0.5809768637532133,4
exp09_qdpr2:formal:seed42,dev,temp1p5_pava_t0p50,5,118,0.3033419023136247,4
exp09_qdpr2:formal:seed42,dev,temp1p5_pava_t0p50,1,0,0.0,5
exp09_qdpr2:formal:seed42,dev,temp1p5_pava_t0p50,2,1,0.0017985611510791368,5
exp09_qdpr2:formal:seed42,dev,temp1p5_pava_t0p50,3,6,0.01079136690647482,5
exp09_qdpr2:formal:seed42,dev,temp1p5_pava_t0p50,4,115,0.2068345323741007,5
exp09_qdpr2:formal:seed42,dev,temp1p5_pava_t0p50,5,434,0.7805755395683454,5
exp09_qdpr2:formal:seed42,test,temp1p5_pava_t0p50,1,9,0.008159564823209429,
exp09_qdpr2:formal:seed42,test,temp1p5_pava_t0p50,2,3,0.0027198549410698096,
exp09_qdpr2:formal:seed42,test,temp1p5_pava_t0p50,3,93,0.0843155031731641,
exp09_qdpr2:formal:seed42,test,temp1p5_pava_t0p50,4,433,0.3925657298277425,
exp09_qdpr2:formal:seed42,test,temp1p5_pava_t0p50,5,565,0.5122393472348141,
exp09_qdpr2:formal:seed42,test,temp1p5_pava_t0p50,1,8,0.8888888888888888,1
exp09_qdpr2:formal:seed42,test,temp1p5_pava_t0p50,2,0,0.0,1
exp09_qdpr2:formal:seed42,test,temp1p5_pava_t0p50,3,0,0.0,1
exp09_qdpr2:formal:seed42,test,temp1p5_pava_t0p50,4,0,0.0,1
exp09_qdpr2:formal:seed42,test,temp1p5_pava_t0p50,5,1,0.1111111111111111,1
exp09_qdpr2:formal:seed42,test,temp1p5_pava_t0p50,1,0,0.0,2
exp09_qdpr2:formal:seed42,test,temp1p5_pava_t0p50,2,0,0.0,2
exp09_qdpr2:formal:seed42,test,temp1p5_pava_t0p50,3,11,0.5,2
exp09_qdpr2:formal:seed42,test,temp1p5_pava_t0p50,4,7,0.3181818181818182,2
exp09_qdpr2:formal:seed42,test,temp1p5_pava_t0p50,5,4,0.18181818181818182,2
exp09_qdpr2:formal:seed42,test,temp1p5_pava_t0p50,1,1,0.009523809523809525,3
exp09_qdpr2:formal:seed42,test,temp1p5_pava_t0p50,2,1,0.009523809523809525,3
exp09_qdpr2:formal:seed42,test,temp1p5_pava_t0p50,3,39,0.37142857142857144,3
exp09_qdpr2:formal:seed42,test,temp1p5_pava_t0p50,4,50,0.47619047619047616,3
exp09_qdpr2:formal:seed42,test,temp1p5_pava_t0p50,5,14,0.13333333333333333,3
exp09_qdpr2:formal:seed42,test,temp1p5_pava_t0p50,1,0,0.0,4
exp09_qdpr2:formal:seed42,test,temp1p5_pava_t0p50,2,0,0.0,4
exp09_qdpr2:formal:seed42,test,temp1p5_pava_t0p50,3,35,0.09971509971509972,4
exp09_qdpr2:formal:seed42,test,temp1p5_pava_t0p50,4,235,0.6695156695156695,4
exp09_qdpr2:formal:seed42,test,temp1p5_pava_t0p50,5,81,0.23076923076923078,4
exp09_qdpr2:formal:seed42,test,temp1p5_pava_t0p50,1,0,0.0,5
exp09_qdpr2:formal:seed42,test,temp1p5_pava_t0p50,2,2,0.003246753246753247,5
exp09_qdpr2:formal:seed42,test,temp1p5_pava_t0p50,3,8,0.012987012987012988,5
exp09_qdpr2:formal:seed42,test,temp1p5_pava_t0p50,4,141,0.2288961038961039,5
exp09_qdpr2:formal:seed42,test,temp1p5_pava_t0p50,5,465,0.7548701298701299,5
exp09_qdpr2:formal:seed42,dev,temp2p0_pava_t0p50,1,13,0.011743450767841012,
exp09_qdpr2:formal:seed42,dev,temp2p0_pava_t0p50,2,4,0.0036133694670280035,
exp09_qdpr2:formal:seed42,dev,temp2p0_pava_t0p50,3,99,0.08943089430894309,
exp09_qdpr2:formal:seed42,dev,temp2p0_pava_t0p50,4,398,0.35953026196928634,
exp09_qdpr2:formal:seed42,dev,temp2p0_pava_t0p50,5,593,0.5356820234869015,
exp09_qdpr2:formal:seed42,dev,temp2p0_pava_t0p50,1,13,0.6842105263157895,1
exp09_qdpr2:formal:seed42,dev,temp2p0_pava_t0p50,2,0,0.0,1
exp09_qdpr2:formal:seed42,dev,temp2p0_pava_t0p50,3,4,0.21052631578947367,1
exp09_qdpr2:formal:seed42,dev,temp2p0_pava_t0p50,4,2,0.10526315789473684,1
exp09_qdpr2:formal:seed42,dev,temp2p0_pava_t0p50,5,0,0.0,1
exp09_qdpr2:formal:seed42,dev,temp2p0_pava_t0p50,1,0,0.0,2
exp09_qdpr2:formal:seed42,dev,temp2p0_pava_t0p50,2,3,0.07894736842105263,2
exp09_qdpr2:formal:seed42,dev,temp2p0_pava_t0p50,3,9,0.23684210526315788,2
exp09_qdpr2:formal:seed42,dev,temp2p0_pava_t0p50,4,10,0.2631578947368421,2
exp09_qdpr2:formal:seed42,dev,temp2p0_pava_t0p50,5,16,0.42105263157894735,2
exp09_qdpr2:formal:seed42,dev,temp2p0_pava_t0p50,1,0,0.0,3
exp09_qdpr2:formal:seed42,dev,temp2p0_pava_t0p50,2,0,0.0,3
exp09_qdpr2:formal:seed42,dev,temp2p0_pava_t0p50,3,35,0.3333333333333333,3
exp09_qdpr2:formal:seed42,dev,temp2p0_pava_t0p50,4,45,0.42857142857142855,3
exp09_qdpr2:formal:seed42,dev,temp2p0_pava_t0p50,5,25,0.23809523809523808,3
exp09_qdpr2:formal:seed42,dev,temp2p0_pava_t0p50,1,0,0.0,4
exp09_qdpr2:formal:seed42,dev,temp2p0_pava_t0p50,2,0,0.0,4
exp09_qdpr2:formal:seed42,dev,temp2p0_pava_t0p50,3,45,0.11568123393316196,4
exp09_qdpr2:formal:seed42,dev,temp2p0_pava_t0p50,4,226,0.5809768637532133,4
exp09_qdpr2:formal:seed42,dev,temp2p0_pava_t0p50,5,118,0.3033419023136247,4
exp09_qdpr2:formal:seed42,dev,temp2p0_pava_t0p50,1,0,0.0,5
exp09_qdpr2:formal:seed42,dev,temp2p0_pava_t0p50,2,1,0.0017985611510791368,5
exp09_qdpr2:formal:seed42,dev,temp2p0_pava_t0p50,3,6,0.01079136690647482,5
exp09_qdpr2:formal:seed42,dev,temp2p0_pava_t0p50,4,115,0.2068345323741007,5
exp09_qdpr2:formal:seed42,dev,temp2p0_pava_t0p50,5,434,0.7805755395683454,5
exp09_qdpr2:formal:seed42,test,temp2p0_pava_t0p50,1,9,0.008159564823209429,
exp09_qdpr2:formal:seed42,test,temp2p0_pava_t0p50,2,3,0.0027198549410698096,
exp09_qdpr2:formal:seed42,test,temp2p0_pava_t0p50,3,93,0.0843155031731641,
exp09_qdpr2:formal:seed42,test,temp2p0_pava_t0p50,4,433,0.3925657298277425,
exp09_qdpr2:formal:seed42,test,temp2p0_pava_t0p50,5,565,0.5122393472348141,
exp09_qdpr2:formal:seed42,test,temp2p0_pava_t0p50,1,8,0.8888888888888888,1
exp09_qdpr2:formal:seed42,test,temp2p0_pava_t0p50,2,0,0.0,1
exp09_qdpr2:formal:seed42,test,temp2p0_pava_t0p50,3,0,0.0,1
exp09_qdpr2:formal:seed42,test,temp2p0_pava_t0p50,4,0,0.0,1
exp09_qdpr2:formal:seed42,test,temp2p0_pava_t0p50,5,1,0.1111111111111111,1
exp09_qdpr2:formal:seed42,test,temp2p0_pava_t0p50,1,0,0.0,2
exp09_qdpr2:formal:seed42,test,temp2p0_pava_t0p50,2,0,0.0,2
exp09_qdpr2:formal:seed42,test,temp2p0_pava_t0p50,3,11,0.5,2
exp09_qdpr2:formal:seed42,test,temp2p0_pava_t0p50,4,7,0.3181818181818182,2
exp09_qdpr2:formal:seed42,test,temp2p0_pava_t0p50,5,4,0.18181818181818182,2
exp09_qdpr2:formal:seed42,test,temp2p0_pava_t0p50,1,1,0.009523809523809525,3
exp09_qdpr2:formal:seed42,test,temp2p0_pava_t0p50,2,1,0.009523809523809525,3
exp09_qdpr2:formal:seed42,test,temp2p0_pava_t0p50,3,39,0.37142857142857144,3
exp09_qdpr2:formal:seed42,test,temp2p0_pava_t0p50,4,50,0.47619047619047616,3
exp09_qdpr2:formal:seed42,test,temp2p0_pava_t0p50,5,14,0.13333333333333333,3
exp09_qdpr2:formal:seed42,test,temp2p0_pava_t0p50,1,0,0.0,4
exp09_qdpr2:formal:seed42,test,temp2p0_pava_t0p50,2,0,0.0,4
exp09_qdpr2:formal:seed42,test,temp2p0_pava_t0p50,3,35,0.09971509971509972,4
exp09_qdpr2:formal:seed42,test,temp2p0_pava_t0p50,4,235,0.6695156695156695,4
exp09_qdpr2:formal:seed42,test,temp2p0_pava_t0p50,5,81,0.23076923076923078,4
exp09_qdpr2:formal:seed42,test,temp2p0_pava_t0p50,1,0,0.0,5
exp09_qdpr2:formal:seed42,test,temp2p0_pava_t0p50,2,2,0.003246753246753247,5
exp09_qdpr2:formal:seed42,test,temp2p0_pava_t0p50,3,8,0.012987012987012988,5
exp09_qdpr2:formal:seed42,test,temp2p0_pava_t0p50,4,141,0.2288961038961039,5
exp09_qdpr2:formal:seed42,test,temp2p0_pava_t0p50,5,465,0.7548701298701299,5
exp09_qdpr2:formal:seed42,dev,temp3p0_pava_t0p50,1,13,0.011743450767841012,
exp09_qdpr2:formal:seed42,dev,temp3p0_pava_t0p50,2,4,0.0036133694670280035,
exp09_qdpr2:formal:seed42,dev,temp3p0_pava_t0p50,3,99,0.08943089430894309,
exp09_qdpr2:formal:seed42,dev,temp3p0_pava_t0p50,4,398,0.35953026196928634,
exp09_qdpr2:formal:seed42,dev,temp3p0_pava_t0p50,5,593,0.5356820234869015,
exp09_qdpr2:formal:seed42,dev,temp3p0_pava_t0p50,1,13,0.6842105263157895,1
exp09_qdpr2:formal:seed42,dev,temp3p0_pava_t0p50,2,0,0.0,1
exp09_qdpr2:formal:seed42,dev,temp3p0_pava_t0p50,3,4,0.21052631578947367,1
exp09_qdpr2:formal:seed42,dev,temp3p0_pava_t0p50,4,2,0.10526315789473684,1
exp09_qdpr2:formal:seed42,dev,temp3p0_pava_t0p50,5,0,0.0,1
exp09_qdpr2:formal:seed42,dev,temp3p0_pava_t0p50,1,0,0.0,2
exp09_qdpr2:formal:seed42,dev,temp3p0_pava_t0p50,2,3,0.07894736842105263,2
exp09_qdpr2:formal:seed42,dev,temp3p0_pava_t0p50,3,9,0.23684210526315788,2
exp09_qdpr2:formal:seed42,dev,temp3p0_pava_t0p50,4,10,0.2631578947368421,2
exp09_qdpr2:formal:seed42,dev,temp3p0_pava_t0p50,5,16,0.42105263157894735,2
exp09_qdpr2:formal:seed42,dev,temp3p0_pava_t0p50,1,0,0.0,3
exp09_qdpr2:formal:seed42,dev,temp3p0_pava_t0p50,2,0,0.0,3
exp09_qdpr2:formal:seed42,dev,temp3p0_pava_t0p50,3,35,0.3333333333333333,3
exp09_qdpr2:formal:seed42,dev,temp3p0_pava_t0p50,4,45,0.42857142857142855,3
exp09_qdpr2:formal:seed42,dev,temp3p0_pava_t0p50,5,25,0.23809523809523808,3
exp09_qdpr2:formal:seed42,dev,temp3p0_pava_t0p50,1,0,0.0,4
exp09_qdpr2:formal:seed42,dev,temp3p0_pava_t0p50,2,0,0.0,4
exp09_qdpr2:formal:seed42,dev,temp3p0_pava_t0p50,3,45,0.11568123393316196,4
exp09_qdpr2:formal:seed42,dev,temp3p0_pava_t0p50,4,226,0.5809768637532133,4
exp09_qdpr2:formal:seed42,dev,temp3p0_pava_t0p50,5,118,0.3033419023136247,4
exp09_qdpr2:formal:seed42,dev,temp3p0_pava_t0p50,1,0,0.0,5
exp09_qdpr2:formal:seed42,dev,temp3p0_pava_t0p50,2,1,0.0017985611510791368,5
exp09_qdpr2:formal:seed42,dev,temp3p0_pava_t0p50,3,6,0.01079136690647482,5
exp09_qdpr2:formal:seed42,dev,temp3p0_pava_t0p50,4,115,0.2068345323741007,5
exp09_qdpr2:formal:seed42,dev,temp3p0_pava_t0p50,5,434,0.7805755395683454,5
exp09_qdpr2:formal:seed42,test,temp3p0_pava_t0p50,1,9,0.008159564823209429,
exp09_qdpr2:formal:seed42,test,temp3p0_pava_t0p50,2,3,0.0027198549410698096,
exp09_qdpr2:formal:seed42,test,temp3p0_pava_t0p50,3,93,0.0843155031731641,
exp09_qdpr2:formal:seed42,test,temp3p0_pava_t0p50,4,433,0.3925657298277425,
exp09_qdpr2:formal:seed42,test,temp3p0_pava_t0p50,5,565,0.5122393472348141,
exp09_qdpr2:formal:seed42,test,temp3p0_pava_t0p50,1,8,0.8888888888888888,1
exp09_qdpr2:formal:seed42,test,temp3p0_pava_t0p50,2,0,0.0,1
exp09_qdpr2:formal:seed42,test,temp3p0_pava_t0p50,3,0,0.0,1
exp09_qdpr2:formal:seed42,test,temp3p0_pava_t0p50,4,0,0.0,1
exp09_qdpr2:formal:seed42,test,temp3p0_pava_t0p50,5,1,0.1111111111111111,1
exp09_qdpr2:formal:seed42,test,temp3p0_pava_t0p50,1,0,0.0,2
exp09_qdpr2:formal:seed42,test,temp3p0_pava_t0p50,2,0,0.0,2
exp09_qdpr2:formal:seed42,test,temp3p0_pava_t0p50,3,11,0.5,2
exp09_qdpr2:formal:seed42,test,temp3p0_pava_t0p50,4,7,0.3181818181818182,2
exp09_qdpr2:formal:seed42,test,temp3p0_pava_t0p50,5,4,0.18181818181818182,2
exp09_qdpr2:formal:seed42,test,temp3p0_pava_t0p50,1,1,0.009523809523809525,3
exp09_qdpr2:formal:seed42,test,temp3p0_pava_t0p50,2,1,0.009523809523809525,3
exp09_qdpr2:formal:seed42,test,temp3p0_pava_t0p50,3,39,0.37142857142857144,3
exp09_qdpr2:formal:seed42,test,temp3p0_pava_t0p50,4,50,0.47619047619047616,3
exp09_qdpr2:formal:seed42,test,temp3p0_pava_t0p50,5,14,0.13333333333333333,3
exp09_qdpr2:formal:seed42,test,temp3p0_pava_t0p50,1,0,0.0,4
exp09_qdpr2:formal:seed42,test,temp3p0_pava_t0p50,2,0,0.0,4
exp09_qdpr2:formal:seed42,test,temp3p0_pava_t0p50,3,35,0.09971509971509972,4
exp09_qdpr2:formal:seed42,test,temp3p0_pava_t0p50,4,235,0.6695156695156695,4
exp09_qdpr2:formal:seed42,test,temp3p0_pava_t0p50,5,81,0.23076923076923078,4
exp09_qdpr2:formal:seed42,test,temp3p0_pava_t0p50,1,0,0.0,5
exp09_qdpr2:formal:seed42,test,temp3p0_pava_t0p50,2,2,0.003246753246753247,5
exp09_qdpr2:formal:seed42,test,temp3p0_pava_t0p50,3,8,0.012987012987012988,5
exp09_qdpr2:formal:seed42,test,temp3p0_pava_t0p50,4,141,0.2288961038961039,5
exp09_qdpr2:formal:seed42,test,temp3p0_pava_t0p50,5,465,0.7548701298701299,5
exp09_qdpr2:formal:seed42,dev,temp4p0_pava_t0p50,1,13,0.011743450767841012,
exp09_qdpr2:formal:seed42,dev,temp4p0_pava_t0p50,2,4,0.0036133694670280035,
exp09_qdpr2:formal:seed42,dev,temp4p0_pava_t0p50,3,99,0.08943089430894309,
exp09_qdpr2:formal:seed42,dev,temp4p0_pava_t0p50,4,398,0.35953026196928634,
exp09_qdpr2:formal:seed42,dev,temp4p0_pava_t0p50,5,593,0.5356820234869015,
exp09_qdpr2:formal:seed42,dev,temp4p0_pava_t0p50,1,13,0.6842105263157895,1
exp09_qdpr2:formal:seed42,dev,temp4p0_pava_t0p50,2,0,0.0,1
exp09_qdpr2:formal:seed42,dev,temp4p0_pava_t0p50,3,4,0.21052631578947367,1
exp09_qdpr2:formal:seed42,dev,temp4p0_pava_t0p50,4,2,0.10526315789473684,1
exp09_qdpr2:formal:seed42,dev,temp4p0_pava_t0p50,5,0,0.0,1
exp09_qdpr2:formal:seed42,dev,temp4p0_pava_t0p50,1,0,0.0,2
exp09_qdpr2:formal:seed42,dev,temp4p0_pava_t0p50,2,3,0.07894736842105263,2
exp09_qdpr2:formal:seed42,dev,temp4p0_pava_t0p50,3,9,0.23684210526315788,2
exp09_qdpr2:formal:seed42,dev,temp4p0_pava_t0p50,4,10,0.2631578947368421,2
exp09_qdpr2:formal:seed42,dev,temp4p0_pava_t0p50,5,16,0.42105263157894735,2
exp09_qdpr2:formal:seed42,dev,temp4p0_pava_t0p50,1,0,0.0,3
exp09_qdpr2:formal:seed42,dev,temp4p0_pava_t0p50,2,0,0.0,3
exp09_qdpr2:formal:seed42,dev,temp4p0_pava_t0p50,3,35,0.3333333333333333,3
exp09_qdpr2:formal:seed42,dev,temp4p0_pava_t0p50,4,45,0.42857142857142855,3
exp09_qdpr2:formal:seed42,dev,temp4p0_pava_t0p50,5,25,0.23809523809523808,3
exp09_qdpr2:formal:seed42,dev,temp4p0_pava_t0p50,1,0,0.0,4
exp09_qdpr2:formal:seed42,dev,temp4p0_pava_t0p50,2,0,0.0,4
exp09_qdpr2:formal:seed42,dev,temp4p0_pava_t0p50,3,45,0.11568123393316196,4
exp09_qdpr2:formal:seed42,dev,temp4p0_pava_t0p50,4,226,0.5809768637532133,4
exp09_qdpr2:formal:seed42,dev,temp4p0_pava_t0p50,5,118,0.3033419023136247,4
exp09_qdpr2:formal:seed42,dev,temp4p0_pava_t0p50,1,0,0.0,5
exp09_qdpr2:formal:seed42,dev,temp4p0_pava_t0p50,2,1,0.0017985611510791368,5
exp09_qdpr2:formal:seed42,dev,temp4p0_pava_t0p50,3,6,0.01079136690647482,5
exp09_qdpr2:formal:seed42,dev,temp4p0_pava_t0p50,4,115,0.2068345323741007,5
exp09_qdpr2:formal:seed42,dev,temp4p0_pava_t0p50,5,434,0.7805755395683454,5
exp09_qdpr2:formal:seed42,test,temp4p0_pava_t0p50,1,9,0.008159564823209429,
exp09_qdpr2:formal:seed42,test,temp4p0_pava_t0p50,2,3,0.0027198549410698096,
exp09_qdpr2:formal:seed42,test,temp4p0_pava_t0p50,3,93,0.0843155031731641,
exp09_qdpr2:formal:seed42,test,temp4p0_pava_t0p50,4,433,0.3925657298277425,
exp09_qdpr2:formal:seed42,test,temp4p0_pava_t0p50,5,565,0.5122393472348141,
exp09_qdpr2:formal:seed42,test,temp4p0_pava_t0p50,1,8,0.8888888888888888,1
exp09_qdpr2:formal:seed42,test,temp4p0_pava_t0p50,2,0,0.0,1
exp09_qdpr2:formal:seed42,test,temp4p0_pava_t0p50,3,0,0.0,1
exp09_qdpr2:formal:seed42,test,temp4p0_pava_t0p50,4,0,0.0,1
exp09_qdpr2:formal:seed42,test,temp4p0_pava_t0p50,5,1,0.1111111111111111,1
exp09_qdpr2:formal:seed42,test,temp4p0_pava_t0p50,1,0,0.0,2
exp09_qdpr2:formal:seed42,test,temp4p0_pava_t0p50,2,0,0.0,2
exp09_qdpr2:formal:seed42,test,temp4p0_pava_t0p50,3,11,0.5,2
exp09_qdpr2:formal:seed42,test,temp4p0_pava_t0p50,4,7,0.3181818181818182,2
exp09_qdpr2:formal:seed42,test,temp4p0_pava_t0p50,5,4,0.18181818181818182,2
exp09_qdpr2:formal:seed42,test,temp4p0_pava_t0p50,1,1,0.009523809523809525,3
exp09_qdpr2:formal:seed42,test,temp4p0_pava_t0p50,2,1,0.009523809523809525,3
exp09_qdpr2:formal:seed42,test,temp4p0_pava_t0p50,3,39,0.37142857142857144,3
exp09_qdpr2:formal:seed42,test,temp4p0_pava_t0p50,4,50,0.47619047619047616,3
exp09_qdpr2:formal:seed42,test,temp4p0_pava_t0p50,5,14,0.13333333333333333,3
exp09_qdpr2:formal:seed42,test,temp4p0_pava_t0p50,1,0,0.0,4
exp09_qdpr2:formal:seed42,test,temp4p0_pava_t0p50,2,0,0.0,4
exp09_qdpr2:formal:seed42,test,temp4p0_pava_t0p50,3,35,0.09971509971509972,4
exp09_qdpr2:formal:seed42,test,temp4p0_pava_t0p50,4,235,0.6695156695156695,4
exp09_qdpr2:formal:seed42,test,temp4p0_pava_t0p50,5,81,0.23076923076923078,4
exp09_qdpr2:formal:seed42,test,temp4p0_pava_t0p50,1,0,0.0,5
exp09_qdpr2:formal:seed42,test,temp4p0_pava_t0p50,2,2,0.003246753246753247,5
exp09_qdpr2:formal:seed42,test,temp4p0_pava_t0p50,3,8,0.012987012987012988,5
exp09_qdpr2:formal:seed42,test,temp4p0_pava_t0p50,4,141,0.2288961038961039,5
exp09_qdpr2:formal:seed42,test,temp4p0_pava_t0p50,5,465,0.7548701298701299,5
exp09_qdpr2:formal:seed42,dev,pava_all_tau0p55,1,13,0.011743450767841012,
exp09_qdpr2:formal:seed42,dev,pava_all_tau0p55,2,4,0.0036133694670280035,
exp09_qdpr2:formal:seed42,dev,pava_all_tau0p55,3,107,0.0966576332429991,
exp09_qdpr2:formal:seed42,dev,pava_all_tau0p55,4,407,0.3676603432700994,
exp09_qdpr2:formal:seed42,dev,pava_all_tau0p55,5,576,0.5203252032520326,
exp09_qdpr2:formal:seed42,dev,pava_all_tau0p55,1,13,0.6842105263157895,1
exp09_qdpr2:formal:seed42,dev,pava_all_tau0p55,2,0,0.0,1
exp09_qdpr2:formal:seed42,dev,pava_all_tau0p55,3,4,0.21052631578947367,1
exp09_qdpr2:formal:seed42,dev,pava_all_tau0p55,4,2,0.10526315789473684,1
exp09_qdpr2:formal:seed42,dev,pava_all_tau0p55,5,0,0.0,1
exp09_qdpr2:formal:seed42,dev,pava_all_tau0p55,1,0,0.0,2
exp09_qdpr2:formal:seed42,dev,pava_all_tau0p55,2,3,0.07894736842105263,2
exp09_qdpr2:formal:seed42,dev,pava_all_tau0p55,3,9,0.23684210526315788,2
exp09_qdpr2:formal:seed42,dev,pava_all_tau0p55,4,11,0.2894736842105263,2
exp09_qdpr2:formal:seed42,dev,pava_all_tau0p55,5,15,0.39473684210526316,2
exp09_qdpr2:formal:seed42,dev,pava_all_tau0p55,1,0,0.0,3
exp09_qdpr2:formal:seed42,dev,pava_all_tau0p55,2,0,0.0,3
exp09_qdpr2:formal:seed42,dev,pava_all_tau0p55,3,38,0.3619047619047619,3
exp09_qdpr2:formal:seed42,dev,pava_all_tau0p55,4,42,0.4,3
exp09_qdpr2:formal:seed42,dev,pava_all_tau0p55,5,25,0.23809523809523808,3
exp09_qdpr2:formal:seed42,dev,pava_all_tau0p55,1,0,0.0,4
exp09_qdpr2:formal:seed42,dev,pava_all_tau0p55,2,0,0.0,4
exp09_qdpr2:formal:seed42,dev,pava_all_tau0p55,3,49,0.12596401028277635,4
exp09_qdpr2:formal:seed42,dev,pava_all_tau0p55,4,228,0.5861182519280206,4
exp09_qdpr2:formal:seed42,dev,pava_all_tau0p55,5,112,0.2879177377892031,4
exp09_qdpr2:formal:seed42,dev,pava_all_tau0p55,1,0,0.0,5
exp09_qdpr2:formal:seed42,dev,pava_all_tau0p55,2,1,0.0017985611510791368,5
exp09_qdpr2:formal:seed42,dev,pava_all_tau0p55,3,7,0.012589928057553957,5
exp09_qdpr2:formal:seed42,dev,pava_all_tau0p55,4,124,0.22302158273381295,5
exp09_qdpr2:formal:seed42,dev,pava_all_tau0p55,5,424,0.762589928057554,5
exp09_qdpr2:formal:seed42,test,pava_all_tau0p55,1,9,0.008159564823209429,
exp09_qdpr2:formal:seed42,test,pava_all_tau0p55,2,3,0.0027198549410698096,
exp09_qdpr2:formal:seed42,test,pava_all_tau0p55,3,100,0.09066183136899365,
exp09_qdpr2:formal:seed42,test,pava_all_tau0p55,4,442,0.40072529465095197,
exp09_qdpr2:formal:seed42,test,pava_all_tau0p55,5,549,0.49773345421577514,
exp09_qdpr2:formal:seed42,test,pava_all_tau0p55,1,8,0.8888888888888888,1
exp09_qdpr2:formal:seed42,test,pava_all_tau0p55,2,0,0.0,1
exp09_qdpr2:formal:seed42,test,pava_all_tau0p55,3,0,0.0,1
exp09_qdpr2:formal:seed42,test,pava_all_tau0p55,4,0,0.0,1
exp09_qdpr2:formal:seed42,test,pava_all_tau0p55,5,1,0.1111111111111111,1
exp09_qdpr2:formal:seed42,test,pava_all_tau0p55,1,0,0.0,2
exp09_qdpr2:formal:seed42,test,pava_all_tau0p55,2,0,0.0,2
exp09_qdpr2:formal:seed42,test,pava_all_tau0p55,3,11,0.5,2
exp09_qdpr2:formal:seed42,test,pava_all_tau0p55,4,7,0.3181818181818182,2
exp09_qdpr2:formal:seed42,test,pava_all_tau0p55,5,4,0.18181818181818182,2
exp09_qdpr2:formal:seed42,test,pava_all_tau0p55,1,1,0.009523809523809525,3
exp09_qdpr2:formal:seed42,test,pava_all_tau0p55,2,1,0.009523809523809525,3
exp09_qdpr2:formal:seed42,test,pava_all_tau0p55,3,41,0.3904761904761905,3
exp09_qdpr2:formal:seed42,test,pava_all_tau0p55,4,50,0.47619047619047616,3
exp09_qdpr2:formal:seed42,test,pava_all_tau0p55,5,12,0.11428571428571428,3
exp09_qdpr2:formal:seed42,test,pava_all_tau0p55,1,0,0.0,4
exp09_qdpr2:formal:seed42,test,pava_all_tau0p55,2,0,0.0,4
exp09_qdpr2:formal:seed42,test,pava_all_tau0p55,3,40,0.11396011396011396,4
exp09_qdpr2:formal:seed42,test,pava_all_tau0p55,4,235,0.6695156695156695,4
exp09_qdpr2:formal:seed42,test,pava_all_tau0p55,5,76,0.21652421652421652,4
exp09_qdpr2:formal:seed42,test,pava_all_tau0p55,1,0,0.0,5
exp09_qdpr2:formal:seed42,test,pava_all_tau0p55,2,2,0.003246753246753247,5
exp09_qdpr2:formal:seed42,test,pava_all_tau0p55,3,8,0.012987012987012988,5
exp09_qdpr2:formal:seed42,test,pava_all_tau0p55,4,150,0.2435064935064935,5
exp09_qdpr2:formal:seed42,test,pava_all_tau0p55,5,456,0.7402597402597403,5
exp09_qdpr2:formal:seed42,dev,pava_all_tau0p60,1,13,0.011743450767841012,
exp09_qdpr2:formal:seed42,dev,pava_all_tau0p60,2,4,0.0036133694670280035,
exp09_qdpr2:formal:seed42,dev,pava_all_tau0p60,3,113,0.1020776874435411,
exp09_qdpr2:formal:seed42,dev,pava_all_tau0p60,4,418,0.37759710930442636,
exp09_qdpr2:formal:seed42,dev,pava_all_tau0p60,5,559,0.5049683830171635,
exp09_qdpr2:formal:seed42,dev,pava_all_tau0p60,1,13,0.6842105263157895,1
exp09_qdpr2:formal:seed42,dev,pava_all_tau0p60,2,0,0.0,1
exp09_qdpr2:formal:seed42,dev,pava_all_tau0p60,3,4,0.21052631578947367,1
exp09_qdpr2:formal:seed42,dev,pava_all_tau0p60,4,2,0.10526315789473684,1
exp09_qdpr2:formal:seed42,dev,pava_all_tau0p60,5,0,0.0,1
exp09_qdpr2:formal:seed42,dev,pava_all_tau0p60,1,0,0.0,2
exp09_qdpr2:formal:seed42,dev,pava_all_tau0p60,2,3,0.07894736842105263,2
exp09_qdpr2:formal:seed42,dev,pava_all_tau0p60,3,9,0.23684210526315788,2
exp09_qdpr2:formal:seed42,dev,pava_all_tau0p60,4,11,0.2894736842105263,2
exp09_qdpr2:formal:seed42,dev,pava_all_tau0p60,5,15,0.39473684210526316,2
exp09_qdpr2:formal:seed42,dev,pava_all_tau0p60,1,0,0.0,3
exp09_qdpr2:formal:seed42,dev,pava_all_tau0p60,2,0,0.0,3
exp09_qdpr2:formal:seed42,dev,pava_all_tau0p60,3,40,0.38095238095238093,3
exp09_qdpr2:formal:seed42,dev,pava_all_tau0p60,4,40,0.38095238095238093,3
exp09_qdpr2:formal:seed42,dev,pava_all_tau0p60,5,25,0.23809523809523808,3
exp09_qdpr2:formal:seed42,dev,pava_all_tau0p60,1,0,0.0,4
exp09_qdpr2:formal:seed42,dev,pava_all_tau0p60,2,0,0.0,4
exp09_qdpr2:formal:seed42,dev,pava_all_tau0p60,3,52,0.13367609254498714,4
exp09_qdpr2:formal:seed42,dev,pava_all_tau0p60,4,234,0.6015424164524421,4
exp09_qdpr2:formal:seed42,dev,pava_all_tau0p60,5,103,0.2647814910025707,4
exp09_qdpr2:formal:seed42,dev,pava_all_tau0p60,1,0,0.0,5
exp09_qdpr2:formal:seed42,dev,pava_all_tau0p60,2,1,0.0017985611510791368,5
exp09_qdpr2:formal:seed42,dev,pava_all_tau0p60,3,8,0.014388489208633094,5
exp09_qdpr2:formal:seed42,dev,pava_all_tau0p60,4,131,0.2356115107913669,5
exp09_qdpr2:formal:seed42,dev,pava_all_tau0p60,5,416,0.7482014388489209,5
exp09_qdpr2:formal:seed42,test,pava_all_tau0p60,1,9,0.008159564823209429,
exp09_qdpr2:formal:seed42,test,pava_all_tau0p60,2,3,0.0027198549410698096,
exp09_qdpr2:formal:seed42,test,pava_all_tau0p60,3,109,0.09882139619220308,
exp09_qdpr2:formal:seed42,test,pava_all_tau0p60,4,455,0.4125113327289211,
exp09_qdpr2:formal:seed42,test,pava_all_tau0p60,5,527,0.47778785131459656,
exp09_qdpr2:formal:seed42,test,pava_all_tau0p60,1,8,0.8888888888888888,1
exp09_qdpr2:formal:seed42,test,pava_all_tau0p60,2,0,0.0,1
exp09_qdpr2:formal:seed42,test,pava_all_tau0p60,3,0,0.0,1
exp09_qdpr2:formal:seed42,test,pava_all_tau0p60,4,0,0.0,1
exp09_qdpr2:formal:seed42,test,pava_all_tau0p60,5,1,0.1111111111111111,1
exp09_qdpr2:formal:seed42,test,pava_all_tau0p60,1,0,0.0,2
exp09_qdpr2:formal:seed42,test,pava_all_tau0p60,2,0,0.0,2
exp09_qdpr2:formal:seed42,test,pava_all_tau0p60,3,11,0.5,2
exp09_qdpr2:formal:seed42,test,pava_all_tau0p60,4,7,0.3181818181818182,2
exp09_qdpr2:formal:seed42,test,pava_all_tau0p60,5,4,0.18181818181818182,2
exp09_qdpr2:formal:seed42,test,pava_all_tau0p60,1,1,0.009523809523809525,3
exp09_qdpr2:formal:seed42,test,pava_all_tau0p60,2,1,0.009523809523809525,3
exp09_qdpr2:formal:seed42,test,pava_all_tau0p60,3,44,0.41904761904761906,3
exp09_qdpr2:formal:seed42,test,pava_all_tau0p60,4,49,0.4666666666666667,3
exp09_qdpr2:formal:seed42,test,pava_all_tau0p60,5,10,0.09523809523809523,3
exp09_qdpr2:formal:seed42,test,pava_all_tau0p60,1,0,0.0,4
exp09_qdpr2:formal:seed42,test,pava_all_tau0p60,2,0,0.0,4
exp09_qdpr2:formal:seed42,test,pava_all_tau0p60,3,45,0.1282051282051282,4
exp09_qdpr2:formal:seed42,test,pava_all_tau0p60,4,237,0.6752136752136753,4
exp09_qdpr2:formal:seed42,test,pava_all_tau0p60,5,69,0.19658119658119658,4
exp09_qdpr2:formal:seed42,test,pava_all_tau0p60,1,0,0.0,5
exp09_qdpr2:formal:seed42,test,pava_all_tau0p60,2,2,0.003246753246753247,5
exp09_qdpr2:formal:seed42,test,pava_all_tau0p60,3,9,0.01461038961038961,5
exp09_qdpr2:formal:seed42,test,pava_all_tau0p60,4,162,0.262987012987013,5
exp09_qdpr2:formal:seed42,test,pava_all_tau0p60,5,443,0.7191558441558441,5
exp09_qdpr2:formal:seed42,dev,pava_all_tau0p65,1,13,0.011743450767841012,
exp09_qdpr2:formal:seed42,dev,pava_all_tau0p65,2,4,0.0036133694670280035,
exp09_qdpr2:formal:seed42,dev,pava_all_tau0p65,3,119,0.10749774164408311,
exp09_qdpr2:formal:seed42,dev,pava_all_tau0p65,4,428,0.3866305329719964,
exp09_qdpr2:formal:seed42,dev,pava_all_tau0p65,5,543,0.4905149051490515,
exp09_qdpr2:formal:seed42,dev,pava_all_tau0p65,1,13,0.6842105263157895,1
exp09_qdpr2:formal:seed42,dev,pava_all_tau0p65,2,0,0.0,1
exp09_qdpr2:formal:seed42,dev,pava_all_tau0p65,3,4,0.21052631578947367,1
exp09_qdpr2:formal:seed42,dev,pava_all_tau0p65,4,2,0.10526315789473684,1
exp09_qdpr2:formal:seed42,dev,pava_all_tau0p65,5,0,0.0,1
exp09_qdpr2:formal:seed42,dev,pava_all_tau0p65,1,0,0.0,2
exp09_qdpr2:formal:seed42,dev,pava_all_tau0p65,2,3,0.07894736842105263,2
exp09_qdpr2:formal:seed42,dev,pava_all_tau0p65,3,9,0.23684210526315788,2
exp09_qdpr2:formal:seed42,dev,pava_all_tau0p65,4,12,0.3157894736842105,2
exp09_qdpr2:formal:seed42,dev,pava_all_tau0p65,5,14,0.3684210526315789,2
exp09_qdpr2:formal:seed42,dev,pava_all_tau0p65,1,0,0.0,3
exp09_qdpr2:formal:seed42,dev,pava_all_tau0p65,2,0,0.0,3
exp09_qdpr2:formal:seed42,dev,pava_all_tau0p65,3,41,0.3904761904761905,3
exp09_qdpr2:formal:seed42,dev,pava_all_tau0p65,4,39,0.37142857142857144,3
exp09_qdpr2:formal:seed42,dev,pava_all_tau0p65,5,25,0.23809523809523808,3
exp09_qdpr2:formal:seed42,dev,pava_all_tau0p65,1,0,0.0,4
exp09_qdpr2:formal:seed42,dev,pava_all_tau0p65,2,0,0.0,4
exp09_qdpr2:formal:seed42,dev,pava_all_tau0p65,3,54,0.13881748071979436,4
exp09_qdpr2:formal:seed42,dev,pava_all_tau0p65,4,239,0.6143958868894601,4
exp09_qdpr2:formal:seed42,dev,pava_all_tau0p65,5,96,0.2467866323907455,4
exp09_qdpr2:formal:seed42,dev,pava_all_tau0p65,1,0,0.0,5
exp09_qdpr2:formal:seed42,dev,pava_all_tau0p65,2,1,0.0017985611510791368,5
exp09_qdpr2:formal:seed42,dev,pava_all_tau0p65,3,11,0.019784172661870502,5
exp09_qdpr2:formal:seed42,dev,pava_all_tau0p65,4,136,0.2446043165467626,5
exp09_qdpr2:formal:seed42,dev,pava_all_tau0p65,5,408,0.7338129496402878,5
exp09_qdpr2:formal:seed42,test,pava_all_tau0p65,1,9,0.008159564823209429,
exp09_qdpr2:formal:seed42,test,pava_all_tau0p65,2,5,0.004533091568449683,
exp09_qdpr2:formal:seed42,test,pava_all_tau0p65,3,115,0.1042611060743427,
exp09_qdpr2:formal:seed42,test,pava_all_tau0p65,4,469,0.4252039891205802,
exp09_qdpr2:formal:seed42,test,pava_all_tau0p65,5,505,0.457842248413418,
exp09_qdpr2:formal:seed42,test,pava_all_tau0p65,1,8,0.8888888888888888,1
exp09_qdpr2:formal:seed42,test,pava_all_tau0p65,2,0,0.0,1
exp09_qdpr2:formal:seed42,test,pava_all_tau0p65,3,0,0.0,1
exp09_qdpr2:formal:seed42,test,pava_all_tau0p65,4,0,0.0,1
exp09_qdpr2:formal:seed42,test,pava_all_tau0p65,5,1,0.1111111111111111,1
exp09_qdpr2:formal:seed42,test,pava_all_tau0p65,1,0,0.0,2
exp09_qdpr2:formal:seed42,test,pava_all_tau0p65,2,0,0.0,2
exp09_qdpr2:formal:seed42,test,pava_all_tau0p65,3,11,0.5,2
exp09_qdpr2:formal:seed42,test,pava_all_tau0p65,4,7,0.3181818181818182,2
exp09_qdpr2:formal:seed42,test,pava_all_tau0p65,5,4,0.18181818181818182,2
exp09_qdpr2:formal:seed42,test,pava_all_tau0p65,1,1,0.009523809523809525,3
exp09_qdpr2:formal:seed42,test,pava_all_tau0p65,2,1,0.009523809523809525,3
exp09_qdpr2:formal:seed42,test,pava_all_tau0p65,3,47,0.44761904761904764,3
exp09_qdpr2:formal:seed42,test,pava_all_tau0p65,4,46,0.4380952380952381,3
exp09_qdpr2:formal:seed42,test,pava_all_tau0p65,5,10,0.09523809523809523,3
exp09_qdpr2:formal:seed42,test,pava_all_tau0p65,1,0,0.0,4
exp09_qdpr2:formal:seed42,test,pava_all_tau0p65,2,1,0.002849002849002849,4
exp09_qdpr2:formal:seed42,test,pava_all_tau0p65,3,49,0.1396011396011396,4
exp09_qdpr2:formal:seed42,test,pava_all_tau0p65,4,238,0.6780626780626781,4
exp09_qdpr2:formal:seed42,test,pava_all_tau0p65,5,63,0.1794871794871795,4
exp09_qdpr2:formal:seed42,test,pava_all_tau0p65,1,0,0.0,5
exp09_qdpr2:formal:seed42,test,pava_all_tau0p65,2,3,0.00487012987012987,5
exp09_qdpr2:formal:seed42,test,pava_all_tau0p65,3,8,0.012987012987012988,5
exp09_qdpr2:formal:seed42,test,pava_all_tau0p65,4,178,0.288961038961039,5
exp09_qdpr2:formal:seed42,test,pava_all_tau0p65,5,427,0.6931818181818182,5
exp09_qdpr2:formal:seed42,dev,pava_all_tau0p70,1,13,0.011743450767841012,
exp09_qdpr2:formal:seed42,dev,pava_all_tau0p70,2,6,0.005420054200542005,
exp09_qdpr2:formal:seed42,dev,pava_all_tau0p70,3,123,0.1111111111111111,
exp09_qdpr2:formal:seed42,dev,pava_all_tau0p70,4,444,0.4010840108401084,
exp09_qdpr2:formal:seed42,dev,pava_all_tau0p70,5,521,0.4706413730803975,
exp09_qdpr2:formal:seed42,dev,pava_all_tau0p70,1,13,0.6842105263157895,1
exp09_qdpr2:formal:seed42,dev,pava_all_tau0p70,2,0,0.0,1
exp09_qdpr2:formal:seed42,dev,pava_all_tau0p70,3,4,0.21052631578947367,1
exp09_qdpr2:formal:seed42,dev,pava_all_tau0p70,4,2,0.10526315789473684,1
exp09_qdpr2:formal:seed42,dev,pava_all_tau0p70,5,0,0.0,1
exp09_qdpr2:formal:seed42,dev,pava_all_tau0p70,1,0,0.0,2
exp09_qdpr2:formal:seed42,dev,pava_all_tau0p70,2,4,0.10526315789473684,2
exp09_qdpr2:formal:seed42,dev,pava_all_tau0p70,3,8,0.21052631578947367,2
exp09_qdpr2:formal:seed42,dev,pava_all_tau0p70,4,13,0.34210526315789475,2
exp09_qdpr2:formal:seed42,dev,pava_all_tau0p70,5,13,0.34210526315789475,2
exp09_qdpr2:formal:seed42,dev,pava_all_tau0p70,1,0,0.0,3
exp09_qdpr2:formal:seed42,dev,pava_all_tau0p70,2,0,0.0,3
exp09_qdpr2:formal:seed42,dev,pava_all_tau0p70,3,42,0.4,3
exp09_qdpr2:formal:seed42,dev,pava_all_tau0p70,4,39,0.37142857142857144,3
exp09_qdpr2:formal:seed42,dev,pava_all_tau0p70,5,24,0.22857142857142856,3
exp09_qdpr2:formal:seed42,dev,pava_all_tau0p70,1,0,0.0,4
exp09_qdpr2:formal:seed42,dev,pava_all_tau0p70,2,0,0.0,4
exp09_qdpr2:formal:seed42,dev,pava_all_tau0p70,3,58,0.14910025706940874,4
exp09_qdpr2:formal:seed42,dev,pava_all_tau0p70,4,244,0.6272493573264781,4
exp09_qdpr2:formal:seed42,dev,pava_all_tau0p70,5,87,0.2236503856041131,4
exp09_qdpr2:formal:seed42,dev,pava_all_tau0p70,1,0,0.0,5
exp09_qdpr2:formal:seed42,dev,pava_all_tau0p70,2,2,0.0035971223021582736,5
exp09_qdpr2:formal:seed42,dev,pava_all_tau0p70,3,11,0.019784172661870502,5
exp09_qdpr2:formal:seed42,dev,pava_all_tau0p70,4,146,0.26258992805755393,5
exp09_qdpr2:formal:seed42,dev,pava_all_tau0p70,5,397,0.7140287769784173,5
exp09_qdpr2:formal:seed42,test,pava_all_tau0p70,1,9,0.008159564823209429,
exp09_qdpr2:formal:seed42,test,pava_all_tau0p70,2,7,0.006346328195829556,
exp09_qdpr2:formal:seed42,test,pava_all_tau0p70,3,128,0.11604714415231188,
exp09_qdpr2:formal:seed42,test,pava_all_tau0p70,4,480,0.43517679057116954,
exp09_qdpr2:formal:seed42,test,pava_all_tau0p70,5,479,0.4342701722574796,
exp09_qdpr2:formal:seed42,test,pava_all_tau0p70,1,8,0.8888888888888888,1
exp09_qdpr2:formal:seed42,test,pava_all_tau0p70,2,0,0.0,1
exp09_qdpr2:formal:seed42,test,pava_all_tau0p70,3,0,0.0,1
exp09_qdpr2:formal:seed42,test,pava_all_tau0p70,4,0,0.0,1
exp09_qdpr2:formal:seed42,test,pava_all_tau0p70,5,1,0.1111111111111111,1
exp09_qdpr2:formal:seed42,test,pava_all_tau0p70,1,0,0.0,2
exp09_qdpr2:formal:seed42,test,pava_all_tau0p70,2,0,0.0,2
exp09_qdpr2:formal:seed42,test,pava_all_tau0p70,3,11,0.5,2
exp09_qdpr2:formal:seed42,test,pava_all_tau0p70,4,7,0.3181818181818182,2
exp09_qdpr2:formal:seed42,test,pava_all_tau0p70,5,4,0.18181818181818182,2
exp09_qdpr2:formal:seed42,test,pava_all_tau0p70,1,1,0.009523809523809525,3
exp09_qdpr2:formal:seed42,test,pava_all_tau0p70,2,1,0.009523809523809525,3
exp09_qdpr2:formal:seed42,test,pava_all_tau0p70,3,48,0.45714285714285713,3
exp09_qdpr2:formal:seed42,test,pava_all_tau0p70,4,45,0.42857142857142855,3
exp09_qdpr2:formal:seed42,test,pava_all_tau0p70,5,10,0.09523809523809523,3
exp09_qdpr2:formal:seed42,test,pava_all_tau0p70,1,0,0.0,4
exp09_qdpr2:formal:seed42,test,pava_all_tau0p70,2,2,0.005698005698005698,4
exp09_qdpr2:formal:seed42,test,pava_all_tau0p70,3,58,0.16524216524216523,4
exp09_qdpr2:formal:seed42,test,pava_all_tau0p70,4,235,0.6695156695156695,4
exp09_qdpr2:formal:seed42,test,pava_all_tau0p70,5,56,0.15954415954415954,4
exp09_qdpr2:formal:seed42,test,pava_all_tau0p70,1,0,0.0,5
exp09_qdpr2:formal:seed42,test,pava_all_tau0p70,2,4,0.006493506493506494,5
exp09_qdpr2:formal:seed42,test,pava_all_tau0p70,3,11,0.017857142857142856,5
exp09_qdpr2:formal:seed42,test,pava_all_tau0p70,4,193,0.3133116883116883,5
exp09_qdpr2:formal:seed42,test,pava_all_tau0p70,5,408,0.6623376623376623,5
exp09_qdpr2:formal:seed42,dev,pava_all_tau0p75,1,13,0.011743450767841012,
exp09_qdpr2:formal:seed42,dev,pava_all_tau0p75,2,6,0.005420054200542005,
exp09_qdpr2:formal:seed42,dev,pava_all_tau0p75,3,137,0.12375790424570912,
exp09_qdpr2:formal:seed42,dev,pava_all_tau0p75,4,460,0.41553748870822044,
exp09_qdpr2:formal:seed42,dev,pava_all_tau0p75,5,491,0.44354110207768743,
exp09_qdpr2:formal:seed42,dev,pava_all_tau0p75,1,13,0.6842105263157895,1
exp09_qdpr2:formal:seed42,dev,pava_all_tau0p75,2,0,0.0,1
exp09_qdpr2:formal:seed42,dev,pava_all_tau0p75,3,4,0.21052631578947367,1
exp09_qdpr2:formal:seed42,dev,pava_all_tau0p75,4,2,0.10526315789473684,1
exp09_qdpr2:formal:seed42,dev,pava_all_tau0p75,5,0,0.0,1
exp09_qdpr2:formal:seed42,dev,pava_all_tau0p75,1,0,0.0,2
exp09_qdpr2:formal:seed42,dev,pava_all_tau0p75,2,4,0.10526315789473684,2
exp09_qdpr2:formal:seed42,dev,pava_all_tau0p75,3,8,0.21052631578947367,2
exp09_qdpr2:formal:seed42,dev,pava_all_tau0p75,4,13,0.34210526315789475,2
exp09_qdpr2:formal:seed42,dev,pava_all_tau0p75,5,13,0.34210526315789475,2
exp09_qdpr2:formal:seed42,dev,pava_all_tau0p75,1,0,0.0,3
exp09_qdpr2:formal:seed42,dev,pava_all_tau0p75,2,0,0.0,3
exp09_qdpr2:formal:seed42,dev,pava_all_tau0p75,3,44,0.41904761904761906,3
exp09_qdpr2:formal:seed42,dev,pava_all_tau0p75,4,39,0.37142857142857144,3
exp09_qdpr2:formal:seed42,dev,pava_all_tau0p75,5,22,0.20952380952380953,3
exp09_qdpr2:formal:seed42,dev,pava_all_tau0p75,1,0,0.0,4
exp09_qdpr2:formal:seed42,dev,pava_all_tau0p75,2,0,0.0,4
exp09_qdpr2:formal:seed42,dev,pava_all_tau0p75,3,66,0.16966580976863754,4
exp09_qdpr2:formal:seed42,dev,pava_all_tau0p75,4,247,0.6349614395886889,4
exp09_qdpr2:formal:seed42,dev,pava_all_tau0p75,5,76,0.1953727506426735,4
exp09_qdpr2:formal:seed42,dev,pava_all_tau0p75,1,0,0.0,5
exp09_qdpr2:formal:seed42,dev,pava_all_tau0p75,2,2,0.0035971223021582736,5
exp09_qdpr2:formal:seed42,dev,pava_all_tau0p75,3,15,0.02697841726618705,5
exp09_qdpr2:formal:seed42,dev,pava_all_tau0p75,4,159,0.28597122302158273,5
exp09_qdpr2:formal:seed42,dev,pava_all_tau0p75,5,380,0.6834532374100719,5
exp09_qdpr2:formal:seed42,test,pava_all_tau0p75,1,9,0.008159564823209429,
exp09_qdpr2:formal:seed42,test,pava_all_tau0p75,2,10,0.009066183136899365,
exp09_qdpr2:formal:seed42,test,pava_all_tau0p75,3,142,0.128739800543971,
exp09_qdpr2:formal:seed42,test,pava_all_tau0p75,4,495,0.4487760652765186,
exp09_qdpr2:formal:seed42,test,pava_all_tau0p75,5,447,0.40525838621940163,
exp09_qdpr2:formal:seed42,test,pava_all_tau0p75,1,8,0.8888888888888888,1
exp09_qdpr2:formal:seed42,test,pava_all_tau0p75,2,0,0.0,1
exp09_qdpr2:formal:seed42,test,pava_all_tau0p75,3,0,0.0,1
exp09_qdpr2:formal:seed42,test,pava_all_tau0p75,4,0,0.0,1
exp09_qdpr2:formal:seed42,test,pava_all_tau0p75,5,1,0.1111111111111111,1
exp09_qdpr2:formal:seed42,test,pava_all_tau0p75,1,0,0.0,2
exp09_qdpr2:formal:seed42,test,pava_all_tau0p75,2,0,0.0,2
exp09_qdpr2:formal:seed42,test,pava_all_tau0p75,3,11,0.5,2
exp09_qdpr2:formal:seed42,test,pava_all_tau0p75,4,7,0.3181818181818182,2
exp09_qdpr2:formal:seed42,test,pava_all_tau0p75,5,4,0.18181818181818182,2
exp09_qdpr2:formal:seed42,test,pava_all_tau0p75,1,1,0.009523809523809525,3
exp09_qdpr2:formal:seed42,test,pava_all_tau0p75,2,2,0.01904761904761905,3
exp09_qdpr2:formal:seed42,test,pava_all_tau0p75,3,51,0.4857142857142857,3
exp09_qdpr2:formal:seed42,test,pava_all_tau0p75,4,41,0.3904761904761905,3
exp09_qdpr2:formal:seed42,test,pava_all_tau0p75,5,10,0.09523809523809523,3
exp09_qdpr2:formal:seed42,test,pava_all_tau0p75,1,0,0.0,4
exp09_qdpr2:formal:seed42,test,pava_all_tau0p75,2,3,0.008547008547008548,4
exp09_qdpr2:formal:seed42,test,pava_all_tau0p75,3,65,0.18518518518518517,4
exp09_qdpr2:formal:seed42,test,pava_all_tau0p75,4,235,0.6695156695156695,4
exp09_qdpr2:formal:seed42,test,pava_all_tau0p75,5,48,0.13675213675213677,4
exp09_qdpr2:formal:seed42,test,pava_all_tau0p75,1,0,0.0,5
exp09_qdpr2:formal:seed42,test,pava_all_tau0p75,2,5,0.008116883116883116,5
exp09_qdpr2:formal:seed42,test,pava_all_tau0p75,3,15,0.024350649350649352,5
exp09_qdpr2:formal:seed42,test,pava_all_tau0p75,4,212,0.34415584415584416,5
exp09_qdpr2:formal:seed42,test,pava_all_tau0p75,5,384,0.6233766233766234,5
exp09_qdpr2:formal:seed42,dev,pava_all_tau0p80,1,13,0.011743450767841012,
exp09_qdpr2:formal:seed42,dev,pava_all_tau0p80,2,9,0.008130081300813009,
exp09_qdpr2:formal:seed42,dev,pava_all_tau0p80,3,149,0.13459801264679314,
exp09_qdpr2:formal:seed42,dev,pava_all_tau0p80,4,469,0.42366757000903343,
exp09_qdpr2:formal:seed42,dev,pava_all_tau0p80,5,467,0.4218608852755194,
exp09_qdpr2:formal:seed42,dev,pava_all_tau0p80,1,13,0.6842105263157895,1
exp09_qdpr2:formal:seed42,dev,pava_all_tau0p80,2,0,0.0,1
exp09_qdpr2:formal:seed42,dev,pava_all_tau0p80,3,4,0.21052631578947367,1
exp09_qdpr2:formal:seed42,dev,pava_all_tau0p80,4,2,0.10526315789473684,1
exp09_qdpr2:formal:seed42,dev,pava_all_tau0p80,5,0,0.0,1
exp09_qdpr2:formal:seed42,dev,pava_all_tau0p80,1,0,0.0,2
exp09_qdpr2:formal:seed42,dev,pava_all_tau0p80,2,4,0.10526315789473684,2
exp09_qdpr2:formal:seed42,dev,pava_all_tau0p80,3,8,0.21052631578947367,2
exp09_qdpr2:formal:seed42,dev,pava_all_tau0p80,4,13,0.34210526315789475,2
exp09_qdpr2:formal:seed42,dev,pava_all_tau0p80,5,13,0.34210526315789475,2
exp09_qdpr2:formal:seed42,dev,pava_all_tau0p80,1,0,0.0,3
exp09_qdpr2:formal:seed42,dev,pava_all_tau0p80,2,0,0.0,3
exp09_qdpr2:formal:seed42,dev,pava_all_tau0p80,3,47,0.44761904761904764,3
exp09_qdpr2:formal:seed42,dev,pava_all_tau0p80,4,38,0.3619047619047619,3
exp09_qdpr2:formal:seed42,dev,pava_all_tau0p80,5,20,0.19047619047619047,3
exp09_qdpr2:formal:seed42,dev,pava_all_tau0p80,1,0,0.0,4
exp09_qdpr2:formal:seed42,dev,pava_all_tau0p80,2,1,0.002570694087403599,4
exp09_qdpr2:formal:seed42,dev,pava_all_tau0p80,3,72,0.18508997429305912,4
exp09_qdpr2:formal:seed42,dev,pava_all_tau0p80,4,250,0.6426735218508998,4
exp09_qdpr2:formal:seed42,dev,pava_all_tau0p80,5,66,0.16966580976863754,4
exp09_qdpr2:formal:seed42,dev,pava_all_tau0p80,1,0,0.0,5
exp09_qdpr2:formal:seed42,dev,pava_all_tau0p80,2,4,0.007194244604316547,5
exp09_qdpr2:formal:seed42,dev,pava_all_tau0p80,3,18,0.03237410071942446,5
exp09_qdpr2:formal:seed42,dev,pava_all_tau0p80,4,166,0.29856115107913667,5
exp09_qdpr2:formal:seed42,dev,pava_all_tau0p80,5,368,0.6618705035971223,5
exp09_qdpr2:formal:seed42,test,pava_all_tau0p80,1,9,0.008159564823209429,
exp09_qdpr2:formal:seed42,test,pava_all_tau0p80,2,11,0.009972801450589302,
exp09_qdpr2:formal:seed42,test,pava_all_tau0p80,3,152,0.13780598368087035,
exp09_qdpr2:formal:seed42,test,pava_all_tau0p80,4,516,0.46781504986400724,
exp09_qdpr2:formal:seed42,test,pava_all_tau0p80,5,415,0.37624660018132366,
exp09_qdpr2:formal:seed42,test,pava_all_tau0p80,1,8,0.8888888888888888,1
exp09_qdpr2:formal:seed42,test,pava_all_tau0p80,2,0,0.0,1
exp09_qdpr2:formal:seed42,test,pava_all_tau0p80,3,0,0.0,1
exp09_qdpr2:formal:seed42,test,pava_all_tau0p80,4,0,0.0,1
exp09_qdpr2:formal:seed42,test,pava_all_tau0p80,5,1,0.1111111111111111,1
exp09_qdpr2:formal:seed42,test,pava_all_tau0p80,1,0,0.0,2
exp09_qdpr2:formal:seed42,test,pava_all_tau0p80,2,0,0.0,2
exp09_qdpr2:formal:seed42,test,pava_all_tau0p80,3,11,0.5,2
exp09_qdpr2:formal:seed42,test,pava_all_tau0p80,4,7,0.3181818181818182,2
exp09_qdpr2:formal:seed42,test,pava_all_tau0p80,5,4,0.18181818181818182,2
exp09_qdpr2:formal:seed42,test,pava_all_tau0p80,1,1,0.009523809523809525,3
exp09_qdpr2:formal:seed42,test,pava_all_tau0p80,2,3,0.02857142857142857,3
exp09_qdpr2:formal:seed42,test,pava_all_tau0p80,3,51,0.4857142857142857,3
exp09_qdpr2:formal:seed42,test,pava_all_tau0p80,4,42,0.4,3
exp09_qdpr2:formal:seed42,test,pava_all_tau0p80,5,8,0.0761904761904762,3
exp09_qdpr2:formal:seed42,test,pava_all_tau0p80,1,0,0.0,4
exp09_qdpr2:formal:seed42,test,pava_all_tau0p80,2,3,0.008547008547008548,4
exp09_qdpr2:formal:seed42,test,pava_all_tau0p80,3,73,0.20797720797720798,4
exp09_qdpr2:formal:seed42,test,pava_all_tau0p80,4,228,0.6495726495726496,4
exp09_qdpr2:formal:seed42,test,pava_all_tau0p80,5,47,0.1339031339031339,4
exp09_qdpr2:formal:seed42,test,pava_all_tau0p80,1,0,0.0,5
exp09_qdpr2:formal:seed42,test,pava_all_tau0p80,2,5,0.008116883116883116,5
exp09_qdpr2:formal:seed42,test,pava_all_tau0p80,3,17,0.027597402597402596,5
exp09_qdpr2:formal:seed42,test,pava_all_tau0p80,4,239,0.387987012987013,5
exp09_qdpr2:formal:seed42,test,pava_all_tau0p80,5,355,0.5762987012987013,5
exp09_qdpr2:formal:seed42,dev,pava_all_tau0p85,1,13,0.011743450767841012,
exp09_qdpr2:formal:seed42,dev,pava_all_tau0p85,2,10,0.009033423667570008,
exp09_qdpr2:formal:seed42,dev,pava_all_tau0p85,3,171,0.15447154471544716,
exp09_qdpr2:formal:seed42,dev,pava_all_tau0p85,4,481,0.43450767841011745,
exp09_qdpr2:formal:seed42,dev,pava_all_tau0p85,5,432,0.3902439024390244,
exp09_qdpr2:formal:seed42,dev,pava_all_tau0p85,1,13,0.6842105263157895,1
exp09_qdpr2:formal:seed42,dev,pava_all_tau0p85,2,0,0.0,1
exp09_qdpr2:formal:seed42,dev,pava_all_tau0p85,3,4,0.21052631578947367,1
exp09_qdpr2:formal:seed42,dev,pava_all_tau0p85,4,2,0.10526315789473684,1
exp09_qdpr2:formal:seed42,dev,pava_all_tau0p85,5,0,0.0,1
exp09_qdpr2:formal:seed42,dev,pava_all_tau0p85,1,0,0.0,2
exp09_qdpr2:formal:seed42,dev,pava_all_tau0p85,2,5,0.13157894736842105,2
exp09_qdpr2:formal:seed42,dev,pava_all_tau0p85,3,9,0.23684210526315788,2
exp09_qdpr2:formal:seed42,dev,pava_all_tau0p85,4,13,0.34210526315789475,2
exp09_qdpr2:formal:seed42,dev,pava_all_tau0p85,5,11,0.2894736842105263,2
exp09_qdpr2:formal:seed42,dev,pava_all_tau0p85,1,0,0.0,3
exp09_qdpr2:formal:seed42,dev,pava_all_tau0p85,2,0,0.0,3
exp09_qdpr2:formal:seed42,dev,pava_all_tau0p85,3,54,0.5142857142857142,3
exp09_qdpr2:formal:seed42,dev,pava_all_tau0p85,4,33,0.3142857142857143,3
exp09_qdpr2:formal:seed42,dev,pava_all_tau0p85,5,18,0.17142857142857143,3
exp09_qdpr2:formal:seed42,dev,pava_all_tau0p85,1,0,0.0,4
exp09_qdpr2:formal:seed42,dev,pava_all_tau0p85,2,1,0.002570694087403599,4
exp09_qdpr2:formal:seed42,dev,pava_all_tau0p85,3,85,0.2185089974293059,4
exp09_qdpr2:formal:seed42,dev,pava_all_tau0p85,4,244,0.6272493573264781,4
exp09_qdpr2:formal:seed42,dev,pava_all_tau0p85,5,59,0.15167095115681234,4
exp09_qdpr2:formal:seed42,dev,pava_all_tau0p85,1,0,0.0,5
exp09_qdpr2:formal:seed42,dev,pava_all_tau0p85,2,4,0.007194244604316547,5
exp09_qdpr2:formal:seed42,dev,pava_all_tau0p85,3,19,0.0341726618705036,5
exp09_qdpr2:formal:seed42,dev,pava_all_tau0p85,4,189,0.33992805755395683,5
exp09_qdpr2:formal:seed42,dev,pava_all_tau0p85,5,344,0.6187050359712231,5
exp09_qdpr2:formal:seed42,test,pava_all_tau0p85,1,9,0.008159564823209429,
exp09_qdpr2:formal:seed42,test,pava_all_tau0p85,2,14,0.012692656391659111,
exp09_qdpr2:formal:seed42,test,pava_all_tau0p85,3,171,0.15503173164097914,
exp09_qdpr2:formal:seed42,test,pava_all_tau0p85,4,519,0.47053490480507704,
exp09_qdpr2:formal:seed42,test,pava_all_tau0p85,5,390,0.3535811423390752,
exp09_qdpr2:formal:seed42,test,pava_all_tau0p85,1,8,0.8888888888888888,1
exp09_qdpr2:formal:seed42,test,pava_all_tau0p85,2,0,0.0,1
exp09_qdpr2:formal:seed42,test,pava_all_tau0p85,3,0,0.0,1
exp09_qdpr2:formal:seed42,test,pava_all_tau0p85,4,0,0.0,1
exp09_qdpr2:formal:seed42,test,pava_all_tau0p85,5,1,0.1111111111111111,1
exp09_qdpr2:formal:seed42,test,pava_all_tau0p85,1,0,0.0,2
exp09_qdpr2:formal:seed42,test,pava_all_tau0p85,2,1,0.045454545454545456,2
exp09_qdpr2:formal:seed42,test,pava_all_tau0p85,3,11,0.5,2
exp09_qdpr2:formal:seed42,test,pava_all_tau0p85,4,6,0.2727272727272727,2
exp09_qdpr2:formal:seed42,test,pava_all_tau0p85,5,4,0.18181818181818182,2
exp09_qdpr2:formal:seed42,test,pava_all_tau0p85,1,1,0.009523809523809525,3
exp09_qdpr2:formal:seed42,test,pava_all_tau0p85,2,4,0.0380952380952381,3
exp09_qdpr2:formal:seed42,test,pava_all_tau0p85,3,53,0.5047619047619047,3
exp09_qdpr2:formal:seed42,test,pava_all_tau0p85,4,39,0.37142857142857144,3
exp09_qdpr2:formal:seed42,test,pava_all_tau0p85,5,8,0.0761904761904762,3
exp09_qdpr2:formal:seed42,test,pava_all_tau0p85,1,0,0.0,4
exp09_qdpr2:formal:seed42,test,pava_all_tau0p85,2,4,0.011396011396011397,4
exp09_qdpr2:formal:seed42,test,pava_all_tau0p85,3,83,0.23646723646723647,4
exp09_qdpr2:formal:seed42,test,pava_all_tau0p85,4,224,0.6381766381766382,4
exp09_qdpr2:formal:seed42,test,pava_all_tau0p85,5,40,0.11396011396011396,4
exp09_qdpr2:formal:seed42,test,pava_all_tau0p85,1,0,0.0,5
exp09_qdpr2:formal:seed42,test,pava_all_tau0p85,2,5,0.008116883116883116,5
exp09_qdpr2:formal:seed42,test,pava_all_tau0p85,3,24,0.03896103896103896,5
exp09_qdpr2:formal:seed42,test,pava_all_tau0p85,4,250,0.40584415584415584,5
exp09_qdpr2:formal:seed42,test,pava_all_tau0p85,5,337,0.547077922077922,5
exp09_qdpr2:formal:seed42,dev,pava_all_tau0p90,1,13,0.011743450767841012,
exp09_qdpr2:formal:seed42,dev,pava_all_tau0p90,2,13,0.011743450767841012,
exp09_qdpr2:formal:seed42,dev,pava_all_tau0p90,3,191,0.17253839205058719,
exp09_qdpr2:formal:seed42,dev,pava_all_tau0p90,4,498,0.44986449864498645,
exp09_qdpr2:formal:seed42,dev,pava_all_tau0p90,5,392,0.35411020776874436,
exp09_qdpr2:formal:seed42,dev,pava_all_tau0p90,1,13,0.6842105263157895,1
exp09_qdpr2:formal:seed42,dev,pava_all_tau0p90,2,0,0.0,1
exp09_qdpr2:formal:seed42,dev,pava_all_tau0p90,3,4,0.21052631578947367,1
exp09_qdpr2:formal:seed42,dev,pava_all_tau0p90,4,2,0.10526315789473684,1
exp09_qdpr2:formal:seed42,dev,pava_all_tau0p90,5,0,0.0,1
exp09_qdpr2:formal:seed42,dev,pava_all_tau0p90,1,0,0.0,2
exp09_qdpr2:formal:seed42,dev,pava_all_tau0p90,2,6,0.15789473684210525,2
exp09_qdpr2:formal:seed42,dev,pava_all_tau0p90,3,10,0.2631578947368421,2
exp09_qdpr2:formal:seed42,dev,pava_all_tau0p90,4,13,0.34210526315789475,2
exp09_qdpr2:formal:seed42,dev,pava_all_tau0p90,5,9,0.23684210526315788,2
exp09_qdpr2:formal:seed42,dev,pava_all_tau0p90,1,0,0.0,3
exp09_qdpr2:formal:seed42,dev,pava_all_tau0p90,2,1,0.009523809523809525,3
exp09_qdpr2:formal:seed42,dev,pava_all_tau0p90,3,56,0.5333333333333333,3
exp09_qdpr2:formal:seed42,dev,pava_all_tau0p90,4,32,0.3047619047619048,3
exp09_qdpr2:formal:seed42,dev,pava_all_tau0p90,5,16,0.1523809523809524,3
exp09_qdpr2:formal:seed42,dev,pava_all_tau0p90,1,0,0.0,4
exp09_qdpr2:formal:seed42,dev,pava_all_tau0p90,2,1,0.002570694087403599,4
exp09_qdpr2:formal:seed42,dev,pava_all_tau0p90,3,98,0.2519280205655527,4
exp09_qdpr2:formal:seed42,dev,pava_all_tau0p90,4,246,0.6323907455012854,4
exp09_qdpr2:formal:seed42,dev,pava_all_tau0p90,5,44,0.11311053984575835,4
exp09_qdpr2:formal:seed42,dev,pava_all_tau0p90,1,0,0.0,5
exp09_qdpr2:formal:seed42,dev,pava_all_tau0p90,2,5,0.008992805755395683,5
exp09_qdpr2:formal:seed42,dev,pava_all_tau0p90,3,23,0.04136690647482014,5
exp09_qdpr2:formal:seed42,dev,pava_all_tau0p90,4,205,0.368705035971223,5
exp09_qdpr2:formal:seed42,dev,pava_all_tau0p90,5,323,0.5809352517985612,5
exp09_qdpr2:formal:seed42,test,pava_all_tau0p90,1,11,0.009972801450589302,
exp09_qdpr2:formal:seed42,test,pava_all_tau0p90,2,16,0.014505893019038985,
exp09_qdpr2:formal:seed42,test,pava_all_tau0p90,3,206,0.18676337262012693,
exp09_qdpr2:formal:seed42,test,pava_all_tau0p90,4,521,0.47234814143245696,
exp09_qdpr2:formal:seed42,test,pava_all_tau0p90,5,349,0.31640979147778786,
exp09_qdpr2:formal:seed42,test,pava_all_tau0p90,1,8,0.8888888888888888,1
exp09_qdpr2:formal:seed42,test,pava_all_tau0p90,2,0,0.0,1
exp09_qdpr2:formal:seed42,test,pava_all_tau0p90,3,0,0.0,1
exp09_qdpr2:formal:seed42,test,pava_all_tau0p90,4,0,0.0,1
exp09_qdpr2:formal:seed42,test,pava_all_tau0p90,5,1,0.1111111111111111,1
exp09_qdpr2:formal:seed42,test,pava_all_tau0p90,1,0,0.0,2
exp09_qdpr2:formal:seed42,test,pava_all_tau0p90,2,2,0.09090909090909091,2
exp09_qdpr2:formal:seed42,test,pava_all_tau0p90,3,11,0.5,2
exp09_qdpr2:formal:seed42,test,pava_all_tau0p90,4,6,0.2727272727272727,2
exp09_qdpr2:formal:seed42,test,pava_all_tau0p90,5,3,0.13636363636363635,2
exp09_qdpr2:formal:seed42,test,pava_all_tau0p90,1,2,0.01904761904761905,3
exp09_qdpr2:formal:seed42,test,pava_all_tau0p90,2,6,0.05714285714285714,3
exp09_qdpr2:formal:seed42,test,pava_all_tau0p90,3,57,0.5428571428571428,3
exp09_qdpr2:formal:seed42,test,pava_all_tau0p90,4,34,0.3238095238095238,3
exp09_qdpr2:formal:seed42,test,pava_all_tau0p90,5,6,0.05714285714285714,3
exp09_qdpr2:formal:seed42,test,pava_all_tau0p90,1,1,0.002849002849002849,4
exp09_qdpr2:formal:seed42,test,pava_all_tau0p90,2,3,0.008547008547008548,4
exp09_qdpr2:formal:seed42,test,pava_all_tau0p90,3,104,0.2962962962962963,4
exp09_qdpr2:formal:seed42,test,pava_all_tau0p90,4,207,0.5897435897435898,4
exp09_qdpr2:formal:seed42,test,pava_all_tau0p90,5,36,0.10256410256410256,4
exp09_qdpr2:formal:seed42,test,pava_all_tau0p90,1,0,0.0,5
exp09_qdpr2:formal:seed42,test,pava_all_tau0p90,2,5,0.008116883116883116,5
exp09_qdpr2:formal:seed42,test,pava_all_tau0p90,3,34,0.05519480519480519,5
exp09_qdpr2:formal:seed42,test,pava_all_tau0p90,4,274,0.4448051948051948,5
exp09_qdpr2:formal:seed42,test,pava_all_tau0p90,5,303,0.49188311688311687,5
exp09_qdpr2:formal:seed42,dev,pava_q3_tau0p55,1,13,0.011743450767841012,
exp09_qdpr2:formal:seed42,dev,pava_q3_tau0p55,2,4,0.0036133694670280035,
exp09_qdpr2:formal:seed42,dev,pava_q3_tau0p55,3,107,0.0966576332429991,
exp09_qdpr2:formal:seed42,dev,pava_q3_tau0p55,4,390,0.3523035230352303,
exp09_qdpr2:formal:seed42,dev,pava_q3_tau0p55,5,593,0.5356820234869015,
exp09_qdpr2:formal:seed42,dev,pava_q3_tau0p55,1,13,0.6842105263157895,1
exp09_qdpr2:formal:seed42,dev,pava_q3_tau0p55,2,0,0.0,1
exp09_qdpr2:formal:seed42,dev,pava_q3_tau0p55,3,4,0.21052631578947367,1
exp09_qdpr2:formal:seed42,dev,pava_q3_tau0p55,4,2,0.10526315789473684,1
exp09_qdpr2:formal:seed42,dev,pava_q3_tau0p55,5,0,0.0,1
exp09_qdpr2:formal:seed42,dev,pava_q3_tau0p55,1,0,0.0,2
exp09_qdpr2:formal:seed42,dev,pava_q3_tau0p55,2,3,0.07894736842105263,2
exp09_qdpr2:formal:seed42,dev,pava_q3_tau0p55,3,9,0.23684210526315788,2
exp09_qdpr2:formal:seed42,dev,pava_q3_tau0p55,4,10,0.2631578947368421,2
exp09_qdpr2:formal:seed42,dev,pava_q3_tau0p55,5,16,0.42105263157894735,2
exp09_qdpr2:formal:seed42,dev,pava_q3_tau0p55,1,0,0.0,3
exp09_qdpr2:formal:seed42,dev,pava_q3_tau0p55,2,0,0.0,3
exp09_qdpr2:formal:seed42,dev,pava_q3_tau0p55,3,38,0.3619047619047619,3
exp09_qdpr2:formal:seed42,dev,pava_q3_tau0p55,4,42,0.4,3
exp09_qdpr2:formal:seed42,dev,pava_q3_tau0p55,5,25,0.23809523809523808,3
exp09_qdpr2:formal:seed42,dev,pava_q3_tau0p55,1,0,0.0,4
exp09_qdpr2:formal:seed42,dev,pava_q3_tau0p55,2,0,0.0,4
exp09_qdpr2:formal:seed42,dev,pava_q3_tau0p55,3,49,0.12596401028277635,4
exp09_qdpr2:formal:seed42,dev,pava_q3_tau0p55,4,222,0.570694087403599,4
exp09_qdpr2:formal:seed42,dev,pava_q3_tau0p55,5,118,0.3033419023136247,4
exp09_qdpr2:formal:seed42,dev,pava_q3_tau0p55,1,0,0.0,5
exp09_qdpr2:formal:seed42,dev,pava_q3_tau0p55,2,1,0.0017985611510791368,5
exp09_qdpr2:formal:seed42,dev,pava_q3_tau0p55,3,7,0.012589928057553957,5
exp09_qdpr2:formal:seed42,dev,pava_q3_tau0p55,4,114,0.20503597122302158,5
exp09_qdpr2:formal:seed42,dev,pava_q3_tau0p55,5,434,0.7805755395683454,5
exp09_qdpr2:formal:seed42,test,pava_q3_tau0p55,1,9,0.008159564823209429,
exp09_qdpr2:formal:seed42,test,pava_q3_tau0p55,2,3,0.0027198549410698096,
exp09_qdpr2:formal:seed42,test,pava_q3_tau0p55,3,100,0.09066183136899365,
exp09_qdpr2:formal:seed42,test,pava_q3_tau0p55,4,426,0.386219401631913,
exp09_qdpr2:formal:seed42,test,pava_q3_tau0p55,5,565,0.5122393472348141,
exp09_qdpr2:formal:seed42,test,pava_q3_tau0p55,1,8,0.8888888888888888,1
exp09_qdpr2:formal:seed42,test,pava_q3_tau0p55,2,0,0.0,1
exp09_qdpr2:formal:seed42,test,pava_q3_tau0p55,3,0,0.0,1
exp09_qdpr2:formal:seed42,test,pava_q3_tau0p55,4,0,0.0,1
exp09_qdpr2:formal:seed42,test,pava_q3_tau0p55,5,1,0.1111111111111111,1
exp09_qdpr2:formal:seed42,test,pava_q3_tau0p55,1,0,0.0,2
exp09_qdpr2:formal:seed42,test,pava_q3_tau0p55,2,0,0.0,2
exp09_qdpr2:formal:seed42,test,pava_q3_tau0p55,3,11,0.5,2
exp09_qdpr2:formal:seed42,test,pava_q3_tau0p55,4,7,0.3181818181818182,2
exp09_qdpr2:formal:seed42,test,pava_q3_tau0p55,5,4,0.18181818181818182,2
exp09_qdpr2:formal:seed42,test,pava_q3_tau0p55,1,1,0.009523809523809525,3
exp09_qdpr2:formal:seed42,test,pava_q3_tau0p55,2,1,0.009523809523809525,3
exp09_qdpr2:formal:seed42,test,pava_q3_tau0p55,3,41,0.3904761904761905,3
exp09_qdpr2:formal:seed42,test,pava_q3_tau0p55,4,48,0.45714285714285713,3
exp09_qdpr2:formal:seed42,test,pava_q3_tau0p55,5,14,0.13333333333333333,3
exp09_qdpr2:formal:seed42,test,pava_q3_tau0p55,1,0,0.0,4
exp09_qdpr2:formal:seed42,test,pava_q3_tau0p55,2,0,0.0,4
exp09_qdpr2:formal:seed42,test,pava_q3_tau0p55,3,40,0.11396011396011396,4
exp09_qdpr2:formal:seed42,test,pava_q3_tau0p55,4,230,0.6552706552706553,4
exp09_qdpr2:formal:seed42,test,pava_q3_tau0p55,5,81,0.23076923076923078,4
exp09_qdpr2:formal:seed42,test,pava_q3_tau0p55,1,0,0.0,5
exp09_qdpr2:formal:seed42,test,pava_q3_tau0p55,2,2,0.003246753246753247,5
exp09_qdpr2:formal:seed42,test,pava_q3_tau0p55,3,8,0.012987012987012988,5
exp09_qdpr2:formal:seed42,test,pava_q3_tau0p55,4,141,0.2288961038961039,5
exp09_qdpr2:formal:seed42,test,pava_q3_tau0p55,5,465,0.7548701298701299,5
exp09_qdpr2:formal:seed42,dev,pava_q3_tau0p60,1,13,0.011743450767841012,
exp09_qdpr2:formal:seed42,dev,pava_q3_tau0p60,2,4,0.0036133694670280035,
exp09_qdpr2:formal:seed42,dev,pava_q3_tau0p60,3,113,0.1020776874435411,
exp09_qdpr2:formal:seed42,dev,pava_q3_tau0p60,4,384,0.34688346883468835,
exp09_qdpr2:formal:seed42,dev,pava_q3_tau0p60,5,593,0.5356820234869015,
exp09_qdpr2:formal:seed42,dev,pava_q3_tau0p60,1,13,0.6842105263157895,1
exp09_qdpr2:formal:seed42,dev,pava_q3_tau0p60,2,0,0.0,1
exp09_qdpr2:formal:seed42,dev,pava_q3_tau0p60,3,4,0.21052631578947367,1
exp09_qdpr2:formal:seed42,dev,pava_q3_tau0p60,4,2,0.10526315789473684,1
exp09_qdpr2:formal:seed42,dev,pava_q3_tau0p60,5,0,0.0,1
exp09_qdpr2:formal:seed42,dev,pava_q3_tau0p60,1,0,0.0,2
exp09_qdpr2:formal:seed42,dev,pava_q3_tau0p60,2,3,0.07894736842105263,2
exp09_qdpr2:formal:seed42,dev,pava_q3_tau0p60,3,9,0.23684210526315788,2
exp09_qdpr2:formal:seed42,dev,pava_q3_tau0p60,4,10,0.2631578947368421,2
exp09_qdpr2:formal:seed42,dev,pava_q3_tau0p60,5,16,0.42105263157894735,2
exp09_qdpr2:formal:seed42,dev,pava_q3_tau0p60,1,0,0.0,3
exp09_qdpr2:formal:seed42,dev,pava_q3_tau0p60,2,0,0.0,3
exp09_qdpr2:formal:seed42,dev,pava_q3_tau0p60,3,40,0.38095238095238093,3
exp09_qdpr2:formal:seed42,dev,pava_q3_tau0p60,4,40,0.38095238095238093,3
exp09_qdpr2:formal:seed42,dev,pava_q3_tau0p60,5,25,0.23809523809523808,3
exp09_qdpr2:formal:seed42,dev,pava_q3_tau0p60,1,0,0.0,4
exp09_qdpr2:formal:seed42,dev,pava_q3_tau0p60,2,0,0.0,4
exp09_qdpr2:formal:seed42,dev,pava_q3_tau0p60,3,52,0.13367609254498714,4
exp09_qdpr2:formal:seed42,dev,pava_q3_tau0p60,4,219,0.5629820051413882,4
exp09_qdpr2:formal:seed42,dev,pava_q3_tau0p60,5,118,0.3033419023136247,4
exp09_qdpr2:formal:seed42,dev,pava_q3_tau0p60,1,0,0.0,5
exp09_qdpr2:formal:seed42,dev,pava_q3_tau0p60,2,1,0.0017985611510791368,5
exp09_qdpr2:formal:seed42,dev,pava_q3_tau0p60,3,8,0.014388489208633094,5
exp09_qdpr2:formal:seed42,dev,pava_q3_tau0p60,4,113,0.20323741007194246,5
exp09_qdpr2:formal:seed42,dev,pava_q3_tau0p60,5,434,0.7805755395683454,5
exp09_qdpr2:formal:seed42,test,pava_q3_tau0p60,1,9,0.008159564823209429,
exp09_qdpr2:formal:seed42,test,pava_q3_tau0p60,2,3,0.0027198549410698096,
exp09_qdpr2:formal:seed42,test,pava_q3_tau0p60,3,109,0.09882139619220308,
exp09_qdpr2:formal:seed42,test,pava_q3_tau0p60,4,417,0.37805983680870353,
exp09_qdpr2:formal:seed42,test,pava_q3_tau0p60,5,565,0.5122393472348141,
exp09_qdpr2:formal:seed42,test,pava_q3_tau0p60,1,8,0.8888888888888888,1
exp09_qdpr2:formal:seed42,test,pava_q3_tau0p60,2,0,0.0,1
exp09_qdpr2:formal:seed42,test,pava_q3_tau0p60,3,0,0.0,1
exp09_qdpr2:formal:seed42,test,pava_q3_tau0p60,4,0,0.0,1
exp09_qdpr2:formal:seed42,test,pava_q3_tau0p60,5,1,0.1111111111111111,1
exp09_qdpr2:formal:seed42,test,pava_q3_tau0p60,1,0,0.0,2
exp09_qdpr2:formal:seed42,test,pava_q3_tau0p60,2,0,0.0,2
exp09_qdpr2:formal:seed42,test,pava_q3_tau0p60,3,11,0.5,2
exp09_qdpr2:formal:seed42,test,pava_q3_tau0p60,4,7,0.3181818181818182,2
exp09_qdpr2:formal:seed42,test,pava_q3_tau0p60,5,4,0.18181818181818182,2
exp09_qdpr2:formal:seed42,test,pava_q3_tau0p60,1,1,0.009523809523809525,3
exp09_qdpr2:formal:seed42,test,pava_q3_tau0p60,2,1,0.009523809523809525,3
exp09_qdpr2:formal:seed42,test,pava_q3_tau0p60,3,44,0.41904761904761906,3
exp09_qdpr2:formal:seed42,test,pava_q3_tau0p60,4,45,0.42857142857142855,3
exp09_qdpr2:formal:seed42,test,pava_q3_tau0p60,5,14,0.13333333333333333,3
exp09_qdpr2:formal:seed42,test,pava_q3_tau0p60,1,0,0.0,4
exp09_qdpr2:formal:seed42,test,pava_q3_tau0p60,2,0,0.0,4
exp09_qdpr2:formal:seed42,test,pava_q3_tau0p60,3,45,0.1282051282051282,4
exp09_qdpr2:formal:seed42,test,pava_q3_tau0p60,4,225,0.6410256410256411,4
exp09_qdpr2:formal:seed42,test,pava_q3_tau0p60,5,81,0.23076923076923078,4
exp09_qdpr2:formal:seed42,test,pava_q3_tau0p60,1,0,0.0,5
exp09_qdpr2:formal:seed42,test,pava_q3_tau0p60,2,2,0.003246753246753247,5
exp09_qdpr2:formal:seed42,test,pava_q3_tau0p60,3,9,0.01461038961038961,5
exp09_qdpr2:formal:seed42,test,pava_q3_tau0p60,4,140,0.22727272727272727,5
exp09_qdpr2:formal:seed42,test,pava_q3_tau0p60,5,465,0.7548701298701299,5
exp09_qdpr2:formal:seed42,dev,pava_q3_tau0p65,1,13,0.011743450767841012,
exp09_qdpr2:formal:seed42,dev,pava_q3_tau0p65,2,4,0.0036133694670280035,
exp09_qdpr2:formal:seed42,dev,pava_q3_tau0p65,3,119,0.10749774164408311,
exp09_qdpr2:formal:seed42,dev,pava_q3_tau0p65,4,378,0.34146341463414637,
exp09_qdpr2:formal:seed42,dev,pava_q3_tau0p65,5,593,0.5356820234869015,
exp09_qdpr2:formal:seed42,dev,pava_q3_tau0p65,1,13,0.6842105263157895,1
exp09_qdpr2:formal:seed42,dev,pava_q3_tau0p65,2,0,0.0,1
exp09_qdpr2:formal:seed42,dev,pava_q3_tau0p65,3,4,0.21052631578947367,1
exp09_qdpr2:formal:seed42,dev,pava_q3_tau0p65,4,2,0.10526315789473684,1
exp09_qdpr2:formal:seed42,dev,pava_q3_tau0p65,5,0,0.0,1
exp09_qdpr2:formal:seed42,dev,pava_q3_tau0p65,1,0,0.0,2
exp09_qdpr2:formal:seed42,dev,pava_q3_tau0p65,2,3,0.07894736842105263,2
exp09_qdpr2:formal:seed42,dev,pava_q3_tau0p65,3,9,0.23684210526315788,2
exp09_qdpr2:formal:seed42,dev,pava_q3_tau0p65,4,10,0.2631578947368421,2
exp09_qdpr2:formal:seed42,dev,pava_q3_tau0p65,5,16,0.42105263157894735,2
exp09_qdpr2:formal:seed42,dev,pava_q3_tau0p65,1,0,0.0,3
exp09_qdpr2:formal:seed42,dev,pava_q3_tau0p65,2,0,0.0,3
exp09_qdpr2:formal:seed42,dev,pava_q3_tau0p65,3,41,0.3904761904761905,3
exp09_qdpr2:formal:seed42,dev,pava_q3_tau0p65,4,39,0.37142857142857144,3
exp09_qdpr2:formal:seed42,dev,pava_q3_tau0p65,5,25,0.23809523809523808,3
exp09_qdpr2:formal:seed42,dev,pava_q3_tau0p65,1,0,0.0,4
exp09_qdpr2:formal:seed42,dev,pava_q3_tau0p65,2,0,0.0,4
exp09_qdpr2:formal:seed42,dev,pava_q3_tau0p65,3,54,0.13881748071979436,4
exp09_qdpr2:formal:seed42,dev,pava_q3_tau0p65,4,217,0.5578406169665809,4
exp09_qdpr2:formal:seed42,dev,pava_q3_tau0p65,5,118,0.3033419023136247,4
exp09_qdpr2:formal:seed42,dev,pava_q3_tau0p65,1,0,0.0,5
exp09_qdpr2:formal:seed42,dev,pava_q3_tau0p65,2,1,0.0017985611510791368,5
exp09_qdpr2:formal:seed42,dev,pava_q3_tau0p65,3,11,0.019784172661870502,5
exp09_qdpr2:formal:seed42,dev,pava_q3_tau0p65,4,110,0.19784172661870503,5
exp09_qdpr2:formal:seed42,dev,pava_q3_tau0p65,5,434,0.7805755395683454,5
exp09_qdpr2:formal:seed42,test,pava_q3_tau0p65,1,9,0.008159564823209429,
exp09_qdpr2:formal:seed42,test,pava_q3_tau0p65,2,3,0.0027198549410698096,
exp09_qdpr2:formal:seed42,test,pava_q3_tau0p65,3,117,0.10607434270172257,
exp09_qdpr2:formal:seed42,test,pava_q3_tau0p65,4,409,0.37080689029918407,
exp09_qdpr2:formal:seed42,test,pava_q3_tau0p65,5,565,0.5122393472348141,
exp09_qdpr2:formal:seed42,test,pava_q3_tau0p65,1,8,0.8888888888888888,1
exp09_qdpr2:formal:seed42,test,pava_q3_tau0p65,2,0,0.0,1
exp09_qdpr2:formal:seed42,test,pava_q3_tau0p65,3,0,0.0,1
exp09_qdpr2:formal:seed42,test,pava_q3_tau0p65,4,0,0.0,1
exp09_qdpr2:formal:seed42,test,pava_q3_tau0p65,5,1,0.1111111111111111,1
exp09_qdpr2:formal:seed42,test,pava_q3_tau0p65,1,0,0.0,2
exp09_qdpr2:formal:seed42,test,pava_q3_tau0p65,2,0,0.0,2
exp09_qdpr2:formal:seed42,test,pava_q3_tau0p65,3,11,0.5,2
exp09_qdpr2:formal:seed42,test,pava_q3_tau0p65,4,7,0.3181818181818182,2
exp09_qdpr2:formal:seed42,test,pava_q3_tau0p65,5,4,0.18181818181818182,2
exp09_qdpr2:formal:seed42,test,pava_q3_tau0p65,1,1,0.009523809523809525,3
exp09_qdpr2:formal:seed42,test,pava_q3_tau0p65,2,1,0.009523809523809525,3
exp09_qdpr2:formal:seed42,test,pava_q3_tau0p65,3,47,0.44761904761904764,3
exp09_qdpr2:formal:seed42,test,pava_q3_tau0p65,4,42,0.4,3
exp09_qdpr2:formal:seed42,test,pava_q3_tau0p65,5,14,0.13333333333333333,3
exp09_qdpr2:formal:seed42,test,pava_q3_tau0p65,1,0,0.0,4
exp09_qdpr2:formal:seed42,test,pava_q3_tau0p65,2,0,0.0,4
exp09_qdpr2:formal:seed42,test,pava_q3_tau0p65,3,50,0.14245014245014245,4
exp09_qdpr2:formal:seed42,test,pava_q3_tau0p65,4,220,0.6267806267806267,4
exp09_qdpr2:formal:seed42,test,pava_q3_tau0p65,5,81,0.23076923076923078,4
exp09_qdpr2:formal:seed42,test,pava_q3_tau0p65,1,0,0.0,5
exp09_qdpr2:formal:seed42,test,pava_q3_tau0p65,2,2,0.003246753246753247,5
exp09_qdpr2:formal:seed42,test,pava_q3_tau0p65,3,9,0.01461038961038961,5
exp09_qdpr2:formal:seed42,test,pava_q3_tau0p65,4,140,0.22727272727272727,5
exp09_qdpr2:formal:seed42,test,pava_q3_tau0p65,5,465,0.7548701298701299,5
exp09_qdpr2:formal:seed42,dev,pava_q3_tau0p70,1,13,0.011743450767841012,
exp09_qdpr2:formal:seed42,dev,pava_q3_tau0p70,2,4,0.0036133694670280035,
exp09_qdpr2:formal:seed42,dev,pava_q3_tau0p70,3,125,0.11291779584462511,
exp09_qdpr2:formal:seed42,dev,pava_q3_tau0p70,4,373,0.3369467028003613,
exp09_qdpr2:formal:seed42,dev,pava_q3_tau0p70,5,592,0.5347786811201445,
exp09_qdpr2:formal:seed42,dev,pava_q3_tau0p70,1,13,0.6842105263157895,1
exp09_qdpr2:formal:seed42,dev,pava_q3_tau0p70,2,0,0.0,1
exp09_qdpr2:formal:seed42,dev,pava_q3_tau0p70,3,4,0.21052631578947367,1
exp09_qdpr2:formal:seed42,dev,pava_q3_tau0p70,4,2,0.10526315789473684,1
exp09_qdpr2:formal:seed42,dev,pava_q3_tau0p70,5,0,0.0,1
exp09_qdpr2:formal:seed42,dev,pava_q3_tau0p70,1,0,0.0,2
exp09_qdpr2:formal:seed42,dev,pava_q3_tau0p70,2,3,0.07894736842105263,2
exp09_qdpr2:formal:seed42,dev,pava_q3_tau0p70,3,9,0.23684210526315788,2
exp09_qdpr2:formal:seed42,dev,pava_q3_tau0p70,4,10,0.2631578947368421,2
exp09_qdpr2:formal:seed42,dev,pava_q3_tau0p70,5,16,0.42105263157894735,2
exp09_qdpr2:formal:seed42,dev,pava_q3_tau0p70,1,0,0.0,3
exp09_qdpr2:formal:seed42,dev,pava_q3_tau0p70,2,0,0.0,3
exp09_qdpr2:formal:seed42,dev,pava_q3_tau0p70,3,42,0.4,3
exp09_qdpr2:formal:seed42,dev,pava_q3_tau0p70,4,38,0.3619047619047619,3
exp09_qdpr2:formal:seed42,dev,pava_q3_tau0p70,5,25,0.23809523809523808,3
exp09_qdpr2:formal:seed42,dev,pava_q3_tau0p70,1,0,0.0,4
exp09_qdpr2:formal:seed42,dev,pava_q3_tau0p70,2,0,0.0,4
exp09_qdpr2:formal:seed42,dev,pava_q3_tau0p70,3,58,0.14910025706940874,4
exp09_qdpr2:formal:seed42,dev,pava_q3_tau0p70,4,213,0.5475578406169666,4
exp09_qdpr2:formal:seed42,dev,pava_q3_tau0p70,5,118,0.3033419023136247,4
exp09_qdpr2:formal:seed42,dev,pava_q3_tau0p70,1,0,0.0,5
exp09_qdpr2:formal:seed42,dev,pava_q3_tau0p70,2,1,0.0017985611510791368,5
exp09_qdpr2:formal:seed42,dev,pava_q3_tau0p70,3,12,0.02158273381294964,5
exp09_qdpr2:formal:seed42,dev,pava_q3_tau0p70,4,110,0.19784172661870503,5
exp09_qdpr2:formal:seed42,dev,pava_q3_tau0p70,5,433,0.7787769784172662,5
exp09_qdpr2:formal:seed42,test,pava_q3_tau0p70,1,9,0.008159564823209429,
exp09_qdpr2:formal:seed42,test,pava_q3_tau0p70,2,3,0.0027198549410698096,
exp09_qdpr2:formal:seed42,test,pava_q3_tau0p70,3,132,0.11967361740707162,
exp09_qdpr2:formal:seed42,test,pava_q3_tau0p70,4,395,0.35811423390752495,
exp09_qdpr2:formal:seed42,test,pava_q3_tau0p70,5,564,0.5113327289211242,
exp09_qdpr2:formal:seed42,test,pava_q3_tau0p70,1,8,0.8888888888888888,1
exp09_qdpr2:formal:seed42,test,pava_q3_tau0p70,2,0,0.0,1
exp09_qdpr2:formal:seed42,test,pava_q3_tau0p70,3,0,0.0,1
exp09_qdpr2:formal:seed42,test,pava_q3_tau0p70,4,0,0.0,1
exp09_qdpr2:formal:seed42,test,pava_q3_tau0p70,5,1,0.1111111111111111,1
exp09_qdpr2:formal:seed42,test,pava_q3_tau0p70,1,0,0.0,2
exp09_qdpr2:formal:seed42,test,pava_q3_tau0p70,2,0,0.0,2
exp09_qdpr2:formal:seed42,test,pava_q3_tau0p70,3,11,0.5,2
exp09_qdpr2:formal:seed42,test,pava_q3_tau0p70,4,7,0.3181818181818182,2
exp09_qdpr2:formal:seed42,test,pava_q3_tau0p70,5,4,0.18181818181818182,2
exp09_qdpr2:formal:seed42,test,pava_q3_tau0p70,1,1,0.009523809523809525,3
exp09_qdpr2:formal:seed42,test,pava_q3_tau0p70,2,1,0.009523809523809525,3
exp09_qdpr2:formal:seed42,test,pava_q3_tau0p70,3,48,0.45714285714285713,3
exp09_qdpr2:formal:seed42,test,pava_q3_tau0p70,4,41,0.3904761904761905,3
exp09_qdpr2:formal:seed42,test,pava_q3_tau0p70,5,14,0.13333333333333333,3
exp09_qdpr2:formal:seed42,test,pava_q3_tau0p70,1,0,0.0,4
exp09_qdpr2:formal:seed42,test,pava_q3_tau0p70,2,0,0.0,4
exp09_qdpr2:formal:seed42,test,pava_q3_tau0p70,3,60,0.17094017094017094,4
exp09_qdpr2:formal:seed42,test,pava_q3_tau0p70,4,210,0.5982905982905983,4
exp09_qdpr2:formal:seed42,test,pava_q3_tau0p70,5,81,0.23076923076923078,4
exp09_qdpr2:formal:seed42,test,pava_q3_tau0p70,1,0,0.0,5
exp09_qdpr2:formal:seed42,test,pava_q3_tau0p70,2,2,0.003246753246753247,5
exp09_qdpr2:formal:seed42,test,pava_q3_tau0p70,3,13,0.021103896103896104,5
exp09_qdpr2:formal:seed42,test,pava_q3_tau0p70,4,137,0.2224025974025974,5
exp09_qdpr2:formal:seed42,test,pava_q3_tau0p70,5,464,0.7532467532467533,5
exp09_qdpr2:formal:seed42,dev,pava_q3_tau0p75,1,13,0.011743450767841012,
exp09_qdpr2:formal:seed42,dev,pava_q3_tau0p75,2,4,0.0036133694670280035,
exp09_qdpr2:formal:seed42,dev,pava_q3_tau0p75,3,139,0.12556458897922312,
exp09_qdpr2:formal:seed42,dev,pava_q3_tau0p75,4,359,0.32429990966576333,
exp09_qdpr2:formal:seed42,dev,pava_q3_tau0p75,5,592,0.5347786811201445,
exp09_qdpr2:formal:seed42,dev,pava_q3_tau0p75,1,13,0.6842105263157895,1
exp09_qdpr2:formal:seed42,dev,pava_q3_tau0p75,2,0,0.0,1
exp09_qdpr2:formal:seed42,dev,pava_q3_tau0p75,3,4,0.21052631578947367,1
exp09_qdpr2:formal:seed42,dev,pava_q3_tau0p75,4,2,0.10526315789473684,1
exp09_qdpr2:formal:seed42,dev,pava_q3_tau0p75,5,0,0.0,1
exp09_qdpr2:formal:seed42,dev,pava_q3_tau0p75,1,0,0.0,2
exp09_qdpr2:formal:seed42,dev,pava_q3_tau0p75,2,3,0.07894736842105263,2
exp09_qdpr2:formal:seed42,dev,pava_q3_tau0p75,3,9,0.23684210526315788,2
exp09_qdpr2:formal:seed42,dev,pava_q3_tau0p75,4,10,0.2631578947368421,2
exp09_qdpr2:formal:seed42,dev,pava_q3_tau0p75,5,16,0.42105263157894735,2
exp09_qdpr2:formal:seed42,dev,pava_q3_tau0p75,1,0,0.0,3
exp09_qdpr2:formal:seed42,dev,pava_q3_tau0p75,2,0,0.0,3
exp09_qdpr2:formal:seed42,dev,pava_q3_tau0p75,3,44,0.41904761904761906,3
exp09_qdpr2:formal:seed42,dev,pava_q3_tau0p75,4,36,0.34285714285714286,3
exp09_qdpr2:formal:seed42,dev,pava_q3_tau0p75,5,25,0.23809523809523808,3
exp09_qdpr2:formal:seed42,dev,pava_q3_tau0p75,1,0,0.0,4
exp09_qdpr2:formal:seed42,dev,pava_q3_tau0p75,2,0,0.0,4
exp09_qdpr2:formal:seed42,dev,pava_q3_tau0p75,3,66,0.16966580976863754,4
exp09_qdpr2:formal:seed42,dev,pava_q3_tau0p75,4,205,0.5269922879177378,4
exp09_qdpr2:formal:seed42,dev,pava_q3_tau0p75,5,118,0.3033419023136247,4
exp09_qdpr2:formal:seed42,dev,pava_q3_tau0p75,1,0,0.0,5
exp09_qdpr2:formal:seed42,dev,pava_q3_tau0p75,2,1,0.0017985611510791368,5
exp09_qdpr2:formal:seed42,dev,pava_q3_tau0p75,3,16,0.02877697841726619,5
exp09_qdpr2:formal:seed42,dev,pava_q3_tau0p75,4,106,0.1906474820143885,5
exp09_qdpr2:formal:seed42,dev,pava_q3_tau0p75,5,433,0.7787769784172662,5
exp09_qdpr2:formal:seed42,test,pava_q3_tau0p75,1,9,0.008159564823209429,
exp09_qdpr2:formal:seed42,test,pava_q3_tau0p75,2,3,0.0027198549410698096,
exp09_qdpr2:formal:seed42,test,pava_q3_tau0p75,3,149,0.13508612873980055,
exp09_qdpr2:formal:seed42,test,pava_q3_tau0p75,4,379,0.34360834088848596,
exp09_qdpr2:formal:seed42,test,pava_q3_tau0p75,5,563,0.5104261106074343,
exp09_qdpr2:formal:seed42,test,pava_q3_tau0p75,1,8,0.8888888888888888,1
exp09_qdpr2:formal:seed42,test,pava_q3_tau0p75,2,0,0.0,1
exp09_qdpr2:formal:seed42,test,pava_q3_tau0p75,3,0,0.0,1
exp09_qdpr2:formal:seed42,test,pava_q3_tau0p75,4,0,0.0,1
exp09_qdpr2:formal:seed42,test,pava_q3_tau0p75,5,1,0.1111111111111111,1
exp09_qdpr2:formal:seed42,test,pava_q3_tau0p75,1,0,0.0,2
exp09_qdpr2:formal:seed42,test,pava_q3_tau0p75,2,0,0.0,2
exp09_qdpr2:formal:seed42,test,pava_q3_tau0p75,3,11,0.5,2
exp09_qdpr2:formal:seed42,test,pava_q3_tau0p75,4,7,0.3181818181818182,2
exp09_qdpr2:formal:seed42,test,pava_q3_tau0p75,5,4,0.18181818181818182,2
exp09_qdpr2:formal:seed42,test,pava_q3_tau0p75,1,1,0.009523809523809525,3
exp09_qdpr2:formal:seed42,test,pava_q3_tau0p75,2,1,0.009523809523809525,3
exp09_qdpr2:formal:seed42,test,pava_q3_tau0p75,3,52,0.49523809523809526,3
exp09_qdpr2:formal:seed42,test,pava_q3_tau0p75,4,37,0.3523809523809524,3
exp09_qdpr2:formal:seed42,test,pava_q3_tau0p75,5,14,0.13333333333333333,3
exp09_qdpr2:formal:seed42,test,pava_q3_tau0p75,1,0,0.0,4
exp09_qdpr2:formal:seed42,test,pava_q3_tau0p75,2,0,0.0,4
exp09_qdpr2:formal:seed42,test,pava_q3_tau0p75,3,68,0.19373219373219372,4
exp09_qdpr2:formal:seed42,test,pava_q3_tau0p75,4,202,0.5754985754985755,4
exp09_qdpr2:formal:seed42,test,pava_q3_tau0p75,5,81,0.23076923076923078,4
exp09_qdpr2:formal:seed42,test,pava_q3_tau0p75,1,0,0.0,5
exp09_qdpr2:formal:seed42,test,pava_q3_tau0p75,2,2,0.003246753246753247,5
exp09_qdpr2:formal:seed42,test,pava_q3_tau0p75,3,18,0.02922077922077922,5
exp09_qdpr2:formal:seed42,test,pava_q3_tau0p75,4,133,0.2159090909090909,5
exp09_qdpr2:formal:seed42,test,pava_q3_tau0p75,5,463,0.7516233766233766,5
exp09_qdpr2:formal:seed42,dev,pava_q3_tau0p80,1,13,0.011743450767841012,
exp09_qdpr2:formal:seed42,dev,pava_q3_tau0p80,2,4,0.0036133694670280035,
exp09_qdpr2:formal:seed42,dev,pava_q3_tau0p80,3,154,0.13911472448057813,
exp09_qdpr2:formal:seed42,dev,pava_q3_tau0p80,4,345,0.3116531165311653,
exp09_qdpr2:formal:seed42,dev,pava_q3_tau0p80,5,591,0.5338753387533876,
exp09_qdpr2:formal:seed42,dev,pava_q3_tau0p80,1,13,0.6842105263157895,1
exp09_qdpr2:formal:seed42,dev,pava_q3_tau0p80,2,0,0.0,1
exp09_qdpr2:formal:seed42,dev,pava_q3_tau0p80,3,4,0.21052631578947367,1
exp09_qdpr2:formal:seed42,dev,pava_q3_tau0p80,4,2,0.10526315789473684,1
exp09_qdpr2:formal:seed42,dev,pava_q3_tau0p80,5,0,0.0,1
exp09_qdpr2:formal:seed42,dev,pava_q3_tau0p80,1,0,0.0,2
exp09_qdpr2:formal:seed42,dev,pava_q3_tau0p80,2,3,0.07894736842105263,2
exp09_qdpr2:formal:seed42,dev,pava_q3_tau0p80,3,9,0.23684210526315788,2
exp09_qdpr2:formal:seed42,dev,pava_q3_tau0p80,4,10,0.2631578947368421,2
exp09_qdpr2:formal:seed42,dev,pava_q3_tau0p80,5,16,0.42105263157894735,2
exp09_qdpr2:formal:seed42,dev,pava_q3_tau0p80,1,0,0.0,3
exp09_qdpr2:formal:seed42,dev,pava_q3_tau0p80,2,0,0.0,3
exp09_qdpr2:formal:seed42,dev,pava_q3_tau0p80,3,47,0.44761904761904764,3
exp09_qdpr2:formal:seed42,dev,pava_q3_tau0p80,4,33,0.3142857142857143,3
exp09_qdpr2:formal:seed42,dev,pava_q3_tau0p80,5,25,0.23809523809523808,3
exp09_qdpr2:formal:seed42,dev,pava_q3_tau0p80,1,0,0.0,4
exp09_qdpr2:formal:seed42,dev,pava_q3_tau0p80,2,0,0.0,4
exp09_qdpr2:formal:seed42,dev,pava_q3_tau0p80,3,73,0.18766066838046272,4
exp09_qdpr2:formal:seed42,dev,pava_q3_tau0p80,4,198,0.5089974293059126,4
exp09_qdpr2:formal:seed42,dev,pava_q3_tau0p80,5,118,0.3033419023136247,4
exp09_qdpr2:formal:seed42,dev,pava_q3_tau0p80,1,0,0.0,5
exp09_qdpr2:formal:seed42,dev,pava_q3_tau0p80,2,1,0.0017985611510791368,5
exp09_qdpr2:formal:seed42,dev,pava_q3_tau0p80,3,21,0.03776978417266187,5
exp09_qdpr2:formal:seed42,dev,pava_q3_tau0p80,4,102,0.18345323741007194,5
exp09_qdpr2:formal:seed42,dev,pava_q3_tau0p80,5,432,0.7769784172661871,5
exp09_qdpr2:formal:seed42,test,pava_q3_tau0p80,1,9,0.008159564823209429,
exp09_qdpr2:formal:seed42,test,pava_q3_tau0p80,2,3,0.0027198549410698096,
exp09_qdpr2:formal:seed42,test,pava_q3_tau0p80,3,160,0.14505893019038985,
exp09_qdpr2:formal:seed42,test,pava_q3_tau0p80,4,368,0.33363553943789664,
exp09_qdpr2:formal:seed42,test,pava_q3_tau0p80,5,563,0.5104261106074343,
exp09_qdpr2:formal:seed42,test,pava_q3_tau0p80,1,8,0.8888888888888888,1
exp09_qdpr2:formal:seed42,test,pava_q3_tau0p80,2,0,0.0,1
exp09_qdpr2:formal:seed42,test,pava_q3_tau0p80,3,0,0.0,1
exp09_qdpr2:formal:seed42,test,pava_q3_tau0p80,4,0,0.0,1
exp09_qdpr2:formal:seed42,test,pava_q3_tau0p80,5,1,0.1111111111111111,1
exp09_qdpr2:formal:seed42,test,pava_q3_tau0p80,1,0,0.0,2
exp09_qdpr2:formal:seed42,test,pava_q3_tau0p80,2,0,0.0,2
exp09_qdpr2:formal:seed42,test,pava_q3_tau0p80,3,11,0.5,2
exp09_qdpr2:formal:seed42,test,pava_q3_tau0p80,4,7,0.3181818181818182,2
exp09_qdpr2:formal:seed42,test,pava_q3_tau0p80,5,4,0.18181818181818182,2
exp09_qdpr2:formal:seed42,test,pava_q3_tau0p80,1,1,0.009523809523809525,3
exp09_qdpr2:formal:seed42,test,pava_q3_tau0p80,2,1,0.009523809523809525,3
exp09_qdpr2:formal:seed42,test,pava_q3_tau0p80,3,53,0.5047619047619047,3
exp09_qdpr2:formal:seed42,test,pava_q3_tau0p80,4,36,0.34285714285714286,3
exp09_qdpr2:formal:seed42,test,pava_q3_tau0p80,5,14,0.13333333333333333,3
exp09_qdpr2:formal:seed42,test,pava_q3_tau0p80,1,0,0.0,4
exp09_qdpr2:formal:seed42,test,pava_q3_tau0p80,2,0,0.0,4
exp09_qdpr2:formal:seed42,test,pava_q3_tau0p80,3,76,0.21652421652421652,4
exp09_qdpr2:formal:seed42,test,pava_q3_tau0p80,4,194,0.5527065527065527,4
exp09_qdpr2:formal:seed42,test,pava_q3_tau0p80,5,81,0.23076923076923078,4
exp09_qdpr2:formal:seed42,test,pava_q3_tau0p80,1,0,0.0,5
exp09_qdpr2:formal:seed42,test,pava_q3_tau0p80,2,2,0.003246753246753247,5
exp09_qdpr2:formal:seed42,test,pava_q3_tau0p80,3,20,0.032467532467532464,5
exp09_qdpr2:formal:seed42,test,pava_q3_tau0p80,4,131,0.21266233766233766,5
exp09_qdpr2:formal:seed42,test,pava_q3_tau0p80,5,463,0.7516233766233766,5
exp09_qdpr2:formal:seed42,dev,pava_q3_tau0p85,1,13,0.011743450767841012,
exp09_qdpr2:formal:seed42,dev,pava_q3_tau0p85,2,4,0.0036133694670280035,
exp09_qdpr2:formal:seed42,dev,pava_q3_tau0p85,3,177,0.15989159891598917,
exp09_qdpr2:formal:seed42,dev,pava_q3_tau0p85,4,323,0.2917795844625113,
exp09_qdpr2:formal:seed42,dev,pava_q3_tau0p85,5,590,0.5329719963866305,
exp09_qdpr2:formal:seed42,dev,pava_q3_tau0p85,1,13,0.6842105263157895,1
exp09_qdpr2:formal:seed42,dev,pava_q3_tau0p85,2,0,0.0,1
exp09_qdpr2:formal:seed42,dev,pava_q3_tau0p85,3,4,0.21052631578947367,1
exp09_qdpr2:formal:seed42,dev,pava_q3_tau0p85,4,2,0.10526315789473684,1
exp09_qdpr2:formal:seed42,dev,pava_q3_tau0p85,5,0,0.0,1
exp09_qdpr2:formal:seed42,dev,pava_q3_tau0p85,1,0,0.0,2
exp09_qdpr2:formal:seed42,dev,pava_q3_tau0p85,2,3,0.07894736842105263,2
exp09_qdpr2:formal:seed42,dev,pava_q3_tau0p85,3,11,0.2894736842105263,2
exp09_qdpr2:formal:seed42,dev,pava_q3_tau0p85,4,8,0.21052631578947367,2
exp09_qdpr2:formal:seed42,dev,pava_q3_tau0p85,5,16,0.42105263157894735,2
exp09_qdpr2:formal:seed42,dev,pava_q3_tau0p85,1,0,0.0,3
exp09_qdpr2:formal:seed42,dev,pava_q3_tau0p85,2,0,0.0,3
exp09_qdpr2:formal:seed42,dev,pava_q3_tau0p85,3,54,0.5142857142857142,3
exp09_qdpr2:formal:seed42,dev,pava_q3_tau0p85,4,26,0.24761904761904763,3
exp09_qdpr2:formal:seed42,dev,pava_q3_tau0p85,5,25,0.23809523809523808,3
exp09_qdpr2:formal:seed42,dev,pava_q3_tau0p85,1,0,0.0,4
exp09_qdpr2:formal:seed42,dev,pava_q3_tau0p85,2,0,0.0,4
exp09_qdpr2:formal:seed42,dev,pava_q3_tau0p85,3,86,0.2210796915167095,4
exp09_qdpr2:formal:seed42,dev,pava_q3_tau0p85,4,186,0.4781491002570694,4
exp09_qdpr2:formal:seed42,dev,pava_q3_tau0p85,5,117,0.30077120822622105,4
exp09_qdpr2:formal:seed42,dev,pava_q3_tau0p85,1,0,0.0,5
exp09_qdpr2:formal:seed42,dev,pava_q3_tau0p85,2,1,0.0017985611510791368,5
exp09_qdpr2:formal:seed42,dev,pava_q3_tau0p85,3,22,0.039568345323741004,5
exp09_qdpr2:formal:seed42,dev,pava_q3_tau0p85,4,101,0.18165467625899281,5
exp09_qdpr2:formal:seed42,dev,pava_q3_tau0p85,5,432,0.7769784172661871,5
exp09_qdpr2:formal:seed42,test,pava_q3_tau0p85,1,9,0.008159564823209429,
exp09_qdpr2:formal:seed42,test,pava_q3_tau0p85,2,3,0.0027198549410698096,
exp09_qdpr2:formal:seed42,test,pava_q3_tau0p85,3,182,0.16500453309156846,
exp09_qdpr2:formal:seed42,test,pava_q3_tau0p85,4,349,0.31640979147778786,
exp09_qdpr2:formal:seed42,test,pava_q3_tau0p85,5,560,0.5077062556663645,
exp09_qdpr2:formal:seed42,test,pava_q3_tau0p85,1,8,0.8888888888888888,1
exp09_qdpr2:formal:seed42,test,pava_q3_tau0p85,2,0,0.0,1
exp09_qdpr2:formal:seed42,test,pava_q3_tau0p85,3,0,0.0,1
exp09_qdpr2:formal:seed42,test,pava_q3_tau0p85,4,0,0.0,1
exp09_qdpr2:formal:seed42,test,pava_q3_tau0p85,5,1,0.1111111111111111,1
exp09_qdpr2:formal:seed42,test,pava_q3_tau0p85,1,0,0.0,2
exp09_qdpr2:formal:seed42,test,pava_q3_tau0p85,2,0,0.0,2
exp09_qdpr2:formal:seed42,test,pava_q3_tau0p85,3,12,0.5454545454545454,2
exp09_qdpr2:formal:seed42,test,pava_q3_tau0p85,4,6,0.2727272727272727,2
exp09_qdpr2:formal:seed42,test,pava_q3_tau0p85,5,4,0.18181818181818182,2
exp09_qdpr2:formal:seed42,test,pava_q3_tau0p85,1,1,0.009523809523809525,3
exp09_qdpr2:formal:seed42,test,pava_q3_tau0p85,2,1,0.009523809523809525,3
exp09_qdpr2:formal:seed42,test,pava_q3_tau0p85,3,56,0.5333333333333333,3
exp09_qdpr2:formal:seed42,test,pava_q3_tau0p85,4,33,0.3142857142857143,3
exp09_qdpr2:formal:seed42,test,pava_q3_tau0p85,5,14,0.13333333333333333,3
exp09_qdpr2:formal:seed42,test,pava_q3_tau0p85,1,0,0.0,4
exp09_qdpr2:formal:seed42,test,pava_q3_tau0p85,2,0,0.0,4
exp09_qdpr2:formal:seed42,test,pava_q3_tau0p85,3,87,0.24786324786324787,4
exp09_qdpr2:formal:seed42,test,pava_q3_tau0p85,4,185,0.5270655270655271,4
exp09_qdpr2:formal:seed42,test,pava_q3_tau0p85,5,79,0.22507122507122507,4
exp09_qdpr2:formal:seed42,test,pava_q3_tau0p85,1,0,0.0,5
exp09_qdpr2:formal:seed42,test,pava_q3_tau0p85,2,2,0.003246753246753247,5
exp09_qdpr2:formal:seed42,test,pava_q3_tau0p85,3,27,0.04383116883116883,5
exp09_qdpr2:formal:seed42,test,pava_q3_tau0p85,4,125,0.20292207792207792,5
exp09_qdpr2:formal:seed42,test,pava_q3_tau0p85,5,462,0.75,5
exp09_qdpr2:formal:seed42,dev,pava_q3_tau0p90,1,13,0.011743450767841012,
exp09_qdpr2:formal:seed42,dev,pava_q3_tau0p90,2,4,0.0036133694670280035,
exp09_qdpr2:formal:seed42,dev,pava_q3_tau0p90,3,200,0.18066847335140018,
exp09_qdpr2:formal:seed42,dev,pava_q3_tau0p90,4,301,0.2719060523938573,
exp09_qdpr2:formal:seed42,dev,pava_q3_tau0p90,5,589,0.5320686540198736,
exp09_qdpr2:formal:seed42,dev,pava_q3_tau0p90,1,13,0.6842105263157895,1
exp09_qdpr2:formal:seed42,dev,pava_q3_tau0p90,2,0,0.0,1
exp09_qdpr2:formal:seed42,dev,pava_q3_tau0p90,3,4,0.21052631578947367,1
exp09_qdpr2:formal:seed42,dev,pava_q3_tau0p90,4,2,0.10526315789473684,1
exp09_qdpr2:formal:seed42,dev,pava_q3_tau0p90,5,0,0.0,1
exp09_qdpr2:formal:seed42,dev,pava_q3_tau0p90,1,0,0.0,2
exp09_qdpr2:formal:seed42,dev,pava_q3_tau0p90,2,3,0.07894736842105263,2
exp09_qdpr2:formal:seed42,dev,pava_q3_tau0p90,3,13,0.34210526315789475,2
exp09_qdpr2:formal:seed42,dev,pava_q3_tau0p90,4,7,0.18421052631578946,2
exp09_qdpr2:formal:seed42,dev,pava_q3_tau0p90,5,15,0.39473684210526316,2
exp09_qdpr2:formal:seed42,dev,pava_q3_tau0p90,1,0,0.0,3
exp09_qdpr2:formal:seed42,dev,pava_q3_tau0p90,2,0,0.0,3
exp09_qdpr2:formal:seed42,dev,pava_q3_tau0p90,3,57,0.5428571428571428,3
exp09_qdpr2:formal:seed42,dev,pava_q3_tau0p90,4,23,0.21904761904761905,3
exp09_qdpr2:formal:seed42,dev,pava_q3_tau0p90,5,25,0.23809523809523808,3
exp09_qdpr2:formal:seed42,dev,pava_q3_tau0p90,1,0,0.0,4
exp09_qdpr2:formal:seed42,dev,pava_q3_tau0p90,2,0,0.0,4
exp09_qdpr2:formal:seed42,dev,pava_q3_tau0p90,3,99,0.2544987146529563,4
exp09_qdpr2:formal:seed42,dev,pava_q3_tau0p90,4,173,0.44473007712082263,4
exp09_qdpr2:formal:seed42,dev,pava_q3_tau0p90,5,117,0.30077120822622105,4
exp09_qdpr2:formal:seed42,dev,pava_q3_tau0p90,1,0,0.0,5
exp09_qdpr2:formal:seed42,dev,pava_q3_tau0p90,2,1,0.0017985611510791368,5
exp09_qdpr2:formal:seed42,dev,pava_q3_tau0p90,3,27,0.048561151079136694,5
exp09_qdpr2:formal:seed42,dev,pava_q3_tau0p90,4,96,0.17266187050359713,5
exp09_qdpr2:formal:seed42,dev,pava_q3_tau0p90,5,432,0.7769784172661871,5
exp09_qdpr2:formal:seed42,test,pava_q3_tau0p90,1,9,0.008159564823209429,
exp09_qdpr2:formal:seed42,test,pava_q3_tau0p90,2,3,0.0027198549410698096,
exp09_qdpr2:formal:seed42,test,pava_q3_tau0p90,3,221,0.20036264732547598,
exp09_qdpr2:formal:seed42,test,pava_q3_tau0p90,4,314,0.2846781504986401,
exp09_qdpr2:formal:seed42,test,pava_q3_tau0p90,5,556,0.5040797824116047,
exp09_qdpr2:formal:seed42,test,pava_q3_tau0p90,1,8,0.8888888888888888,1
exp09_qdpr2:formal:seed42,test,pava_q3_tau0p90,2,0,0.0,1
exp09_qdpr2:formal:seed42,test,pava_q3_tau0p90,3,0,0.0,1
exp09_qdpr2:formal:seed42,test,pava_q3_tau0p90,4,0,0.0,1
exp09_qdpr2:formal:seed42,test,pava_q3_tau0p90,5,1,0.1111111111111111,1
exp09_qdpr2:formal:seed42,test,pava_q3_tau0p90,1,0,0.0,2
exp09_qdpr2:formal:seed42,test,pava_q3_tau0p90,2,0,0.0,2
exp09_qdpr2:formal:seed42,test,pava_q3_tau0p90,3,13,0.5909090909090909,2
exp09_qdpr2:formal:seed42,test,pava_q3_tau0p90,4,5,0.22727272727272727,2
exp09_qdpr2:formal:seed42,test,pava_q3_tau0p90,5,4,0.18181818181818182,2
exp09_qdpr2:formal:seed42,test,pava_q3_tau0p90,1,1,0.009523809523809525,3
exp09_qdpr2:formal:seed42,test,pava_q3_tau0p90,2,1,0.009523809523809525,3
exp09_qdpr2:formal:seed42,test,pava_q3_tau0p90,3,63,0.6,3
exp09_qdpr2:formal:seed42,test,pava_q3_tau0p90,4,26,0.24761904761904763,3
exp09_qdpr2:formal:seed42,test,pava_q3_tau0p90,5,14,0.13333333333333333,3
exp09_qdpr2:formal:seed42,test,pava_q3_tau0p90,1,0,0.0,4
exp09_qdpr2:formal:seed42,test,pava_q3_tau0p90,2,0,0.0,4
exp09_qdpr2:formal:seed42,test,pava_q3_tau0p90,3,108,0.3076923076923077,4
exp09_qdpr2:formal:seed42,test,pava_q3_tau0p90,4,165,0.4700854700854701,4
exp09_qdpr2:formal:seed42,test,pava_q3_tau0p90,5,78,0.2222222222222222,4
exp09_qdpr2:formal:seed42,test,pava_q3_tau0p90,1,0,0.0,5
exp09_qdpr2:formal:seed42,test,pava_q3_tau0p90,2,2,0.003246753246753247,5
exp09_qdpr2:formal:seed42,test,pava_q3_tau0p90,3,37,0.060064935064935064,5
exp09_qdpr2:formal:seed42,test,pava_q3_tau0p90,4,118,0.19155844155844157,5
exp09_qdpr2:formal:seed42,test,pava_q3_tau0p90,5,459,0.7451298701298701,5
exp09_qdpr2:formal:seed42,dev,pava_q3_tau0p95,1,13,0.011743450767841012,
exp09_qdpr2:formal:seed42,dev,pava_q3_tau0p95,2,4,0.0036133694670280035,
exp09_qdpr2:formal:seed42,dev,pava_q3_tau0p95,3,243,0.21951219512195122,
exp09_qdpr2:formal:seed42,dev,pava_q3_tau0p95,4,264,0.23848238482384823,
exp09_qdpr2:formal:seed42,dev,pava_q3_tau0p95,5,583,0.5266485998193315,
exp09_qdpr2:formal:seed42,dev,pava_q3_tau0p95,1,13,0.6842105263157895,1
exp09_qdpr2:formal:seed42,dev,pava_q3_tau0p95,2,0,0.0,1
exp09_qdpr2:formal:seed42,dev,pava_q3_tau0p95,3,4,0.21052631578947367,1
exp09_qdpr2:formal:seed42,dev,pava_q3_tau0p95,4,2,0.10526315789473684,1
exp09_qdpr2:formal:seed42,dev,pava_q3_tau0p95,5,0,0.0,1
exp09_qdpr2:formal:seed42,dev,pava_q3_tau0p95,1,0,0.0,2
exp09_qdpr2:formal:seed42,dev,pava_q3_tau0p95,2,3,0.07894736842105263,2
exp09_qdpr2:formal:seed42,dev,pava_q3_tau0p95,3,13,0.34210526315789475,2
exp09_qdpr2:formal:seed42,dev,pava_q3_tau0p95,4,7,0.18421052631578946,2
exp09_qdpr2:formal:seed42,dev,pava_q3_tau0p95,5,15,0.39473684210526316,2
exp09_qdpr2:formal:seed42,dev,pava_q3_tau0p95,1,0,0.0,3
exp09_qdpr2:formal:seed42,dev,pava_q3_tau0p95,2,0,0.0,3
exp09_qdpr2:formal:seed42,dev,pava_q3_tau0p95,3,60,0.5714285714285714,3
exp09_qdpr2:formal:seed42,dev,pava_q3_tau0p95,4,20,0.19047619047619047,3
exp09_qdpr2:formal:seed42,dev,pava_q3_tau0p95,5,25,0.23809523809523808,3
exp09_qdpr2:formal:seed42,dev,pava_q3_tau0p95,1,0,0.0,4
exp09_qdpr2:formal:seed42,dev,pava_q3_tau0p95,2,0,0.0,4
exp09_qdpr2:formal:seed42,dev,pava_q3_tau0p95,3,123,0.3161953727506427,4
exp09_qdpr2:formal:seed42,dev,pava_q3_tau0p95,4,150,0.3856041131105398,4
exp09_qdpr2:formal:seed42,dev,pava_q3_tau0p95,5,116,0.2982005141388175,4
exp09_qdpr2:formal:seed42,dev,pava_q3_tau0p95,1,0,0.0,5
exp09_qdpr2:formal:seed42,dev,pava_q3_tau0p95,2,1,0.0017985611510791368,5
exp09_qdpr2:formal:seed42,dev,pava_q3_tau0p95,3,43,0.07733812949640288,5
exp09_qdpr2:formal:seed42,dev,pava_q3_tau0p95,4,85,0.1528776978417266,5
exp09_qdpr2:formal:seed42,dev,pava_q3_tau0p95,5,427,0.7679856115107914,5
exp09_qdpr2:formal:seed42,test,pava_q3_tau0p95,1,9,0.008159564823209429,
exp09_qdpr2:formal:seed42,test,pava_q3_tau0p95,2,3,0.0027198549410698096,
exp09_qdpr2:formal:seed42,test,pava_q3_tau0p95,3,275,0.24932003626473254,
exp09_qdpr2:formal:seed42,test,pava_q3_tau0p95,4,268,0.242973708068903,
exp09_qdpr2:formal:seed42,test,pava_q3_tau0p95,5,548,0.4968268359020852,
exp09_qdpr2:formal:seed42,test,pava_q3_tau0p95,1,8,0.8888888888888888,1
exp09_qdpr2:formal:seed42,test,pava_q3_tau0p95,2,0,0.0,1
exp09_qdpr2:formal:seed42,test,pava_q3_tau0p95,3,0,0.0,1
exp09_qdpr2:formal:seed42,test,pava_q3_tau0p95,4,0,0.0,1
exp09_qdpr2:formal:seed42,test,pava_q3_tau0p95,5,1,0.1111111111111111,1
exp09_qdpr2:formal:seed42,test,pava_q3_tau0p95,1,0,0.0,2
exp09_qdpr2:formal:seed42,test,pava_q3_tau0p95,2,0,0.0,2
exp09_qdpr2:formal:seed42,test,pava_q3_tau0p95,3,13,0.5909090909090909,2
exp09_qdpr2:formal:seed42,test,pava_q3_tau0p95,4,5,0.22727272727272727,2
exp09_qdpr2:formal:seed42,test,pava_q3_tau0p95,5,4,0.18181818181818182,2
exp09_qdpr2:formal:seed42,test,pava_q3_tau0p95,1,1,0.009523809523809525,3
exp09_qdpr2:formal:seed42,test,pava_q3_tau0p95,2,1,0.009523809523809525,3
exp09_qdpr2:formal:seed42,test,pava_q3_tau0p95,3,68,0.6476190476190476,3
exp09_qdpr2:formal:seed42,test,pava_q3_tau0p95,4,22,0.20952380952380953,3
exp09_qdpr2:formal:seed42,test,pava_q3_tau0p95,5,13,0.12380952380952381,3
exp09_qdpr2:formal:seed42,test,pava_q3_tau0p95,1,0,0.0,4
exp09_qdpr2:formal:seed42,test,pava_q3_tau0p95,2,0,0.0,4
exp09_qdpr2:formal:seed42,test,pava_q3_tau0p95,3,137,0.3903133903133903,4
exp09_qdpr2:formal:seed42,test,pava_q3_tau0p95,4,138,0.39316239316239315,4
exp09_qdpr2:formal:seed42,test,pava_q3_tau0p95,5,76,0.21652421652421652,4
exp09_qdpr2:formal:seed42,test,pava_q3_tau0p95,1,0,0.0,5
exp09_qdpr2:formal:seed42,test,pava_q3_tau0p95,2,2,0.003246753246753247,5
exp09_qdpr2:formal:seed42,test,pava_q3_tau0p95,3,57,0.09253246753246754,5
exp09_qdpr2:formal:seed42,test,pava_q3_tau0p95,4,103,0.1672077922077922,5
exp09_qdpr2:formal:seed42,test,pava_q3_tau0p95,5,454,0.737012987012987,5
exp09_qdpr2:formal:seed42,dev,pava_q3_tau0p98,1,13,0.011743450767841012,
exp09_qdpr2:formal:seed42,dev,pava_q3_tau0p98,2,4,0.0036133694670280035,
exp09_qdpr2:formal:seed42,dev,pava_q3_tau0p98,3,312,0.28184281842818426,
exp09_qdpr2:formal:seed42,dev,pava_q3_tau0p98,4,206,0.1860885275519422,
exp09_qdpr2:formal:seed42,dev,pava_q3_tau0p98,5,572,0.5167118337850045,
exp09_qdpr2:formal:seed42,dev,pava_q3_tau0p98,1,13,0.6842105263157895,1
exp09_qdpr2:formal:seed42,dev,pava_q3_tau0p98,2,0,0.0,1
exp09_qdpr2:formal:seed42,dev,pava_q3_tau0p98,3,5,0.2631578947368421,1
exp09_qdpr2:formal:seed42,dev,pava_q3_tau0p98,4,1,0.05263157894736842,1
exp09_qdpr2:formal:seed42,dev,pava_q3_tau0p98,5,0,0.0,1
exp09_qdpr2:formal:seed42,dev,pava_q3_tau0p98,1,0,0.0,2
exp09_qdpr2:formal:seed42,dev,pava_q3_tau0p98,2,3,0.07894736842105263,2
exp09_qdpr2:formal:seed42,dev,pava_q3_tau0p98,3,15,0.39473684210526316,2
exp09_qdpr2:formal:seed42,dev,pava_q3_tau0p98,4,6,0.15789473684210525,2
exp09_qdpr2:formal:seed42,dev,pava_q3_tau0p98,5,14,0.3684210526315789,2
exp09_qdpr2:formal:seed42,dev,pava_q3_tau0p98,1,0,0.0,3
exp09_qdpr2:formal:seed42,dev,pava_q3_tau0p98,2,0,0.0,3
exp09_qdpr2:formal:seed42,dev,pava_q3_tau0p98,3,65,0.6190476190476191,3
exp09_qdpr2:formal:seed42,dev,pava_q3_tau0p98,4,16,0.1523809523809524,3
exp09_qdpr2:formal:seed42,dev,pava_q3_tau0p98,5,24,0.22857142857142856,3
exp09_qdpr2:formal:seed42,dev,pava_q3_tau0p98,1,0,0.0,4
exp09_qdpr2:formal:seed42,dev,pava_q3_tau0p98,2,0,0.0,4
exp09_qdpr2:formal:seed42,dev,pava_q3_tau0p98,3,159,0.4087403598971722,4
exp09_qdpr2:formal:seed42,dev,pava_q3_tau0p98,4,114,0.2930591259640103,4
exp09_qdpr2:formal:seed42,dev,pava_q3_tau0p98,5,116,0.2982005141388175,4
exp09_qdpr2:formal:seed42,dev,pava_q3_tau0p98,1,0,0.0,5
exp09_qdpr2:formal:seed42,dev,pava_q3_tau0p98,2,1,0.0017985611510791368,5
exp09_qdpr2:formal:seed42,dev,pava_q3_tau0p98,3,68,0.1223021582733813,5
exp09_qdpr2:formal:seed42,dev,pava_q3_tau0p98,4,69,0.12410071942446044,5
exp09_qdpr2:formal:seed42,dev,pava_q3_tau0p98,5,418,0.7517985611510791,5
exp09_qdpr2:formal:seed42,test,pava_q3_tau0p98,1,9,0.008159564823209429,
exp09_qdpr2:formal:seed42,test,pava_q3_tau0p98,2,3,0.0027198549410698096,
exp09_qdpr2:formal:seed42,test,pava_q3_tau0p98,3,360,0.3263825929283772,
exp09_qdpr2:formal:seed42,test,pava_q3_tau0p98,4,203,0.1840435176790571,
exp09_qdpr2:formal:seed42,test,pava_q3_tau0p98,5,528,0.4786944696282865,
exp09_qdpr2:formal:seed42,test,pava_q3_tau0p98,1,8,0.8888888888888888,1
exp09_qdpr2:formal:seed42,test,pava_q3_tau0p98,2,0,0.0,1
exp09_qdpr2:formal:seed42,test,pava_q3_tau0p98,3,1,0.1111111111111111,1
exp09_qdpr2:formal:seed42,test,pava_q3_tau0p98,4,0,0.0,1
exp09_qdpr2:formal:seed42,test,pava_q3_tau0p98,5,0,0.0,1
exp09_qdpr2:formal:seed42,test,pava_q3_tau0p98,1,0,0.0,2
exp09_qdpr2:formal:seed42,test,pava_q3_tau0p98,2,0,0.0,2
exp09_qdpr2:formal:seed42,test,pava_q3_tau0p98,3,16,0.7272727272727273,2
exp09_qdpr2:formal:seed42,test,pava_q3_tau0p98,4,3,0.13636363636363635,2
exp09_qdpr2:formal:seed42,test,pava_q3_tau0p98,5,3,0.13636363636363635,2
exp09_qdpr2:formal:seed42,test,pava_q3_tau0p98,1,1,0.009523809523809525,3
exp09_qdpr2:formal:seed42,test,pava_q3_tau0p98,2,1,0.009523809523809525,3
exp09_qdpr2:formal:seed42,test,pava_q3_tau0p98,3,76,0.7238095238095238,3
exp09_qdpr2:formal:seed42,test,pava_q3_tau0p98,4,14,0.13333333333333333,3
exp09_qdpr2:formal:seed42,test,pava_q3_tau0p98,5,13,0.12380952380952381,3
exp09_qdpr2:formal:seed42,test,pava_q3_tau0p98,1,0,0.0,4
exp09_qdpr2:formal:seed42,test,pava_q3_tau0p98,2,0,0.0,4
exp09_qdpr2:formal:seed42,test,pava_q3_tau0p98,3,173,0.4928774928774929,4
exp09_qdpr2:formal:seed42,test,pava_q3_tau0p98,4,109,0.31054131054131057,4
exp09_qdpr2:formal:seed42,test,pava_q3_tau0p98,5,69,0.19658119658119658,4
exp09_qdpr2:formal:seed42,test,pava_q3_tau0p98,1,0,0.0,5
exp09_qdpr2:formal:seed42,test,pava_q3_tau0p98,2,2,0.003246753246753247,5
exp09_qdpr2:formal:seed42,test,pava_q3_tau0p98,3,94,0.1525974025974026,5
exp09_qdpr2:formal:seed42,test,pava_q3_tau0p98,4,77,0.125,5
exp09_qdpr2:formal:seed42,test,pava_q3_tau0p98,5,443,0.7191558441558441,5
exp09_qdpr2:formal:seed42,dev,q3_bias_neg0p25_pava,1,13,0.011743450767841012,
exp09_qdpr2:formal:seed42,dev,q3_bias_neg0p25_pava,2,4,0.0036133694670280035,
exp09_qdpr2:formal:seed42,dev,q3_bias_neg0p25_pava,3,109,0.0984643179765131,
exp09_qdpr2:formal:seed42,dev,q3_bias_neg0p25_pava,4,388,0.35049683830171635,
exp09_qdpr2:formal:seed42,dev,q3_bias_neg0p25_pava,5,593,0.5356820234869015,
exp09_qdpr2:formal:seed42,dev,q3_bias_neg0p25_pava,1,13,0.6842105263157895,1
exp09_qdpr2:formal:seed42,dev,q3_bias_neg0p25_pava,2,0,0.0,1
exp09_qdpr2:formal:seed42,dev,q3_bias_neg0p25_pava,3,4,0.21052631578947367,1
exp09_qdpr2:formal:seed42,dev,q3_bias_neg0p25_pava,4,2,0.10526315789473684,1
exp09_qdpr2:formal:seed42,dev,q3_bias_neg0p25_pava,5,0,0.0,1
exp09_qdpr2:formal:seed42,dev,q3_bias_neg0p25_pava,1,0,0.0,2
exp09_qdpr2:formal:seed42,dev,q3_bias_neg0p25_pava,2,3,0.07894736842105263,2
exp09_qdpr2:formal:seed42,dev,q3_bias_neg0p25_pava,3,9,0.23684210526315788,2
exp09_qdpr2:formal:seed42,dev,q3_bias_neg0p25_pava,4,10,0.2631578947368421,2
exp09_qdpr2:formal:seed42,dev,q3_bias_neg0p25_pava,5,16,0.42105263157894735,2
exp09_qdpr2:formal:seed42,dev,q3_bias_neg0p25_pava,1,0,0.0,3
exp09_qdpr2:formal:seed42,dev,q3_bias_neg0p25_pava,2,0,0.0,3
exp09_qdpr2:formal:seed42,dev,q3_bias_neg0p25_pava,3,39,0.37142857142857144,3
exp09_qdpr2:formal:seed42,dev,q3_bias_neg0p25_pava,4,41,0.3904761904761905,3
exp09_qdpr2:formal:seed42,dev,q3_bias_neg0p25_pava,5,25,0.23809523809523808,3
exp09_qdpr2:formal:seed42,dev,q3_bias_neg0p25_pava,1,0,0.0,4
exp09_qdpr2:formal:seed42,dev,q3_bias_neg0p25_pava,2,0,0.0,4
exp09_qdpr2:formal:seed42,dev,q3_bias_neg0p25_pava,3,50,0.12853470437017994,4
exp09_qdpr2:formal:seed42,dev,q3_bias_neg0p25_pava,4,221,0.5681233933161953,4
exp09_qdpr2:formal:seed42,dev,q3_bias_neg0p25_pava,5,118,0.3033419023136247,4
exp09_qdpr2:formal:seed42,dev,q3_bias_neg0p25_pava,1,0,0.0,5
exp09_qdpr2:formal:seed42,dev,q3_bias_neg0p25_pava,2,1,0.0017985611510791368,5
exp09_qdpr2:formal:seed42,dev,q3_bias_neg0p25_pava,3,7,0.012589928057553957,5
exp09_qdpr2:formal:seed42,dev,q3_bias_neg0p25_pava,4,114,0.20503597122302158,5
exp09_qdpr2:formal:seed42,dev,q3_bias_neg0p25_pava,5,434,0.7805755395683454,5
exp09_qdpr2:formal:seed42,test,q3_bias_neg0p25_pava,1,9,0.008159564823209429,
exp09_qdpr2:formal:seed42,test,q3_bias_neg0p25_pava,2,3,0.0027198549410698096,
exp09_qdpr2:formal:seed42,test,q3_bias_neg0p25_pava,3,102,0.09247506799637353,
exp09_qdpr2:formal:seed42,test,q3_bias_neg0p25_pava,4,424,0.3844061650045331,
exp09_qdpr2:formal:seed42,test,q3_bias_neg0p25_pava,5,565,0.5122393472348141,
exp09_qdpr2:formal:seed42,test,q3_bias_neg0p25_pava,1,8,0.8888888888888888,1
exp09_qdpr2:formal:seed42,test,q3_bias_neg0p25_pava,2,0,0.0,1
exp09_qdpr2:formal:seed42,test,q3_bias_neg0p25_pava,3,0,0.0,1
exp09_qdpr2:formal:seed42,test,q3_bias_neg0p25_pava,4,0,0.0,1
exp09_qdpr2:formal:seed42,test,q3_bias_neg0p25_pava,5,1,0.1111111111111111,1
exp09_qdpr2:formal:seed42,test,q3_bias_neg0p25_pava,1,0,0.0,2
exp09_qdpr2:formal:seed42,test,q3_bias_neg0p25_pava,2,0,0.0,2
exp09_qdpr2:formal:seed42,test,q3_bias_neg0p25_pava,3,11,0.5,2
exp09_qdpr2:formal:seed42,test,q3_bias_neg0p25_pava,4,7,0.3181818181818182,2
exp09_qdpr2:formal:seed42,test,q3_bias_neg0p25_pava,5,4,0.18181818181818182,2
exp09_qdpr2:formal:seed42,test,q3_bias_neg0p25_pava,1,1,0.009523809523809525,3
exp09_qdpr2:formal:seed42,test,q3_bias_neg0p25_pava,2,1,0.009523809523809525,3
exp09_qdpr2:formal:seed42,test,q3_bias_neg0p25_pava,3,42,0.4,3
exp09_qdpr2:formal:seed42,test,q3_bias_neg0p25_pava,4,47,0.44761904761904764,3
exp09_qdpr2:formal:seed42,test,q3_bias_neg0p25_pava,5,14,0.13333333333333333,3
exp09_qdpr2:formal:seed42,test,q3_bias_neg0p25_pava,1,0,0.0,4
exp09_qdpr2:formal:seed42,test,q3_bias_neg0p25_pava,2,0,0.0,4
exp09_qdpr2:formal:seed42,test,q3_bias_neg0p25_pava,3,41,0.1168091168091168,4
exp09_qdpr2:formal:seed42,test,q3_bias_neg0p25_pava,4,229,0.6524216524216524,4
exp09_qdpr2:formal:seed42,test,q3_bias_neg0p25_pava,5,81,0.23076923076923078,4
exp09_qdpr2:formal:seed42,test,q3_bias_neg0p25_pava,1,0,0.0,5
exp09_qdpr2:formal:seed42,test,q3_bias_neg0p25_pava,2,2,0.003246753246753247,5
exp09_qdpr2:formal:seed42,test,q3_bias_neg0p25_pava,3,8,0.012987012987012988,5
exp09_qdpr2:formal:seed42,test,q3_bias_neg0p25_pava,4,141,0.2288961038961039,5
exp09_qdpr2:formal:seed42,test,q3_bias_neg0p25_pava,5,465,0.7548701298701299,5
exp09_qdpr2:formal:seed42,dev,q3_bias_neg0p5_pava,1,13,0.011743450767841012,
exp09_qdpr2:formal:seed42,dev,q3_bias_neg0p5_pava,2,4,0.0036133694670280035,
exp09_qdpr2:formal:seed42,dev,q3_bias_neg0p5_pava,3,115,0.10388437217705511,
exp09_qdpr2:formal:seed42,dev,q3_bias_neg0p5_pava,4,382,0.34507678410117437,
exp09_qdpr2:formal:seed42,dev,q3_bias_neg0p5_pava,5,593,0.5356820234869015,
exp09_qdpr2:formal:seed42,dev,q3_bias_neg0p5_pava,1,13,0.6842105263157895,1
exp09_qdpr2:formal:seed42,dev,q3_bias_neg0p5_pava,2,0,0.0,1
exp09_qdpr2:formal:seed42,dev,q3_bias_neg0p5_pava,3,4,0.21052631578947367,1
exp09_qdpr2:formal:seed42,dev,q3_bias_neg0p5_pava,4,2,0.10526315789473684,1
exp09_qdpr2:formal:seed42,dev,q3_bias_neg0p5_pava,5,0,0.0,1
exp09_qdpr2:formal:seed42,dev,q3_bias_neg0p5_pava,1,0,0.0,2
exp09_qdpr2:formal:seed42,dev,q3_bias_neg0p5_pava,2,3,0.07894736842105263,2
exp09_qdpr2:formal:seed42,dev,q3_bias_neg0p5_pava,3,9,0.23684210526315788,2
exp09_qdpr2:formal:seed42,dev,q3_bias_neg0p5_pava,4,10,0.2631578947368421,2
exp09_qdpr2:formal:seed42,dev,q3_bias_neg0p5_pava,5,16,0.42105263157894735,2
exp09_qdpr2:formal:seed42,dev,q3_bias_neg0p5_pava,1,0,0.0,3
exp09_qdpr2:formal:seed42,dev,q3_bias_neg0p5_pava,2,0,0.0,3
exp09_qdpr2:formal:seed42,dev,q3_bias_neg0p5_pava,3,41,0.3904761904761905,3
exp09_qdpr2:formal:seed42,dev,q3_bias_neg0p5_pava,4,39,0.37142857142857144,3
exp09_qdpr2:formal:seed42,dev,q3_bias_neg0p5_pava,5,25,0.23809523809523808,3
exp09_qdpr2:formal:seed42,dev,q3_bias_neg0p5_pava,1,0,0.0,4
exp09_qdpr2:formal:seed42,dev,q3_bias_neg0p5_pava,2,0,0.0,4
exp09_qdpr2:formal:seed42,dev,q3_bias_neg0p5_pava,3,53,0.13624678663239073,4
exp09_qdpr2:formal:seed42,dev,q3_bias_neg0p5_pava,4,218,0.5604113110539846,4
exp09_qdpr2:formal:seed42,dev,q3_bias_neg0p5_pava,5,118,0.3033419023136247,4
exp09_qdpr2:formal:seed42,dev,q3_bias_neg0p5_pava,1,0,0.0,5
exp09_qdpr2:formal:seed42,dev,q3_bias_neg0p5_pava,2,1,0.0017985611510791368,5
exp09_qdpr2:formal:seed42,dev,q3_bias_neg0p5_pava,3,8,0.014388489208633094,5
exp09_qdpr2:formal:seed42,dev,q3_bias_neg0p5_pava,4,113,0.20323741007194246,5
exp09_qdpr2:formal:seed42,dev,q3_bias_neg0p5_pava,5,434,0.7805755395683454,5
exp09_qdpr2:formal:seed42,test,q3_bias_neg0p5_pava,1,9,0.008159564823209429,
exp09_qdpr2:formal:seed42,test,q3_bias_neg0p5_pava,2,3,0.0027198549410698096,
exp09_qdpr2:formal:seed42,test,q3_bias_neg0p5_pava,3,113,0.10244786944696282,
exp09_qdpr2:formal:seed42,test,q3_bias_neg0p5_pava,4,413,0.3744333635539438,
exp09_qdpr2:formal:seed42,test,q3_bias_neg0p5_pava,5,565,0.5122393472348141,
exp09_qdpr2:formal:seed42,test,q3_bias_neg0p5_pava,1,8,0.8888888888888888,1
exp09_qdpr2:formal:seed42,test,q3_bias_neg0p5_pava,2,0,0.0,1
exp09_qdpr2:formal:seed42,test,q3_bias_neg0p5_pava,3,0,0.0,1
exp09_qdpr2:formal:seed42,test,q3_bias_neg0p5_pava,4,0,0.0,1
exp09_qdpr2:formal:seed42,test,q3_bias_neg0p5_pava,5,1,0.1111111111111111,1
exp09_qdpr2:formal:seed42,test,q3_bias_neg0p5_pava,1,0,0.0,2
exp09_qdpr2:formal:seed42,test,q3_bias_neg0p5_pava,2,0,0.0,2
exp09_qdpr2:formal:seed42,test,q3_bias_neg0p5_pava,3,11,0.5,2
exp09_qdpr2:formal:seed42,test,q3_bias_neg0p5_pava,4,7,0.3181818181818182,2
exp09_qdpr2:formal:seed42,test,q3_bias_neg0p5_pava,5,4,0.18181818181818182,2
exp09_qdpr2:formal:seed42,test,q3_bias_neg0p5_pava,1,1,0.009523809523809525,3
exp09_qdpr2:formal:seed42,test,q3_bias_neg0p5_pava,2,1,0.009523809523809525,3
exp09_qdpr2:formal:seed42,test,q3_bias_neg0p5_pava,3,46,0.4380952380952381,3
exp09_qdpr2:formal:seed42,test,q3_bias_neg0p5_pava,4,43,0.4095238095238095,3
exp09_qdpr2:formal:seed42,test,q3_bias_neg0p5_pava,5,14,0.13333333333333333,3
exp09_qdpr2:formal:seed42,test,q3_bias_neg0p5_pava,1,0,0.0,4
exp09_qdpr2:formal:seed42,test,q3_bias_neg0p5_pava,2,0,0.0,4
exp09_qdpr2:formal:seed42,test,q3_bias_neg0p5_pava,3,47,0.1339031339031339,4
exp09_qdpr2:formal:seed42,test,q3_bias_neg0p5_pava,4,223,0.6353276353276354,4
exp09_qdpr2:formal:seed42,test,q3_bias_neg0p5_pava,5,81,0.23076923076923078,4
exp09_qdpr2:formal:seed42,test,q3_bias_neg0p5_pava,1,0,0.0,5
exp09_qdpr2:formal:seed42,test,q3_bias_neg0p5_pava,2,2,0.003246753246753247,5
exp09_qdpr2:formal:seed42,test,q3_bias_neg0p5_pava,3,9,0.01461038961038961,5
exp09_qdpr2:formal:seed42,test,q3_bias_neg0p5_pava,4,140,0.22727272727272727,5
exp09_qdpr2:formal:seed42,test,q3_bias_neg0p5_pava,5,465,0.7548701298701299,5
exp09_qdpr2:formal:seed42,dev,q3_bias_neg0p75_pava,1,13,0.011743450767841012,
exp09_qdpr2:formal:seed42,dev,q3_bias_neg0p75_pava,2,4,0.0036133694670280035,
exp09_qdpr2:formal:seed42,dev,q3_bias_neg0p75_pava,3,122,0.1102077687443541,
exp09_qdpr2:formal:seed42,dev,q3_bias_neg0p75_pava,4,375,0.33875338753387535,
exp09_qdpr2:formal:seed42,dev,q3_bias_neg0p75_pava,5,593,0.5356820234869015,
exp09_qdpr2:formal:seed42,dev,q3_bias_neg0p75_pava,1,13,0.6842105263157895,1
exp09_qdpr2:formal:seed42,dev,q3_bias_neg0p75_pava,2,0,0.0,1
exp09_qdpr2:formal:seed42,dev,q3_bias_neg0p75_pava,3,4,0.21052631578947367,1
exp09_qdpr2:formal:seed42,dev,q3_bias_neg0p75_pava,4,2,0.10526315789473684,1
exp09_qdpr2:formal:seed42,dev,q3_bias_neg0p75_pava,5,0,0.0,1
exp09_qdpr2:formal:seed42,dev,q3_bias_neg0p75_pava,1,0,0.0,2
exp09_qdpr2:formal:seed42,dev,q3_bias_neg0p75_pava,2,3,0.07894736842105263,2
exp09_qdpr2:formal:seed42,dev,q3_bias_neg0p75_pava,3,9,0.23684210526315788,2
exp09_qdpr2:formal:seed42,dev,q3_bias_neg0p75_pava,4,10,0.2631578947368421,2
exp09_qdpr2:formal:seed42,dev,q3_bias_neg0p75_pava,5,16,0.42105263157894735,2
exp09_qdpr2:formal:seed42,dev,q3_bias_neg0p75_pava,1,0,0.0,3
exp09_qdpr2:formal:seed42,dev,q3_bias_neg0p75_pava,2,0,0.0,3
exp09_qdpr2:formal:seed42,dev,q3_bias_neg0p75_pava,3,41,0.3904761904761905,3
exp09_qdpr2:formal:seed42,dev,q3_bias_neg0p75_pava,4,39,0.37142857142857144,3
exp09_qdpr2:formal:seed42,dev,q3_bias_neg0p75_pava,5,25,0.23809523809523808,3
exp09_qdpr2:formal:seed42,dev,q3_bias_neg0p75_pava,1,0,0.0,4
exp09_qdpr2:formal:seed42,dev,q3_bias_neg0p75_pava,2,0,0.0,4
exp09_qdpr2:formal:seed42,dev,q3_bias_neg0p75_pava,3,57,0.14652956298200515,4
exp09_qdpr2:formal:seed42,dev,q3_bias_neg0p75_pava,4,214,0.5501285347043702,4
exp09_qdpr2:formal:seed42,dev,q3_bias_neg0p75_pava,5,118,0.3033419023136247,4
exp09_qdpr2:formal:seed42,dev,q3_bias_neg0p75_pava,1,0,0.0,5
exp09_qdpr2:formal:seed42,dev,q3_bias_neg0p75_pava,2,1,0.0017985611510791368,5
exp09_qdpr2:formal:seed42,dev,q3_bias_neg0p75_pava,3,11,0.019784172661870502,5
exp09_qdpr2:formal:seed42,dev,q3_bias_neg0p75_pava,4,110,0.19784172661870503,5
exp09_qdpr2:formal:seed42,dev,q3_bias_neg0p75_pava,5,434,0.7805755395683454,5
exp09_qdpr2:formal:seed42,test,q3_bias_neg0p75_pava,1,9,0.008159564823209429,
exp09_qdpr2:formal:seed42,test,q3_bias_neg0p75_pava,2,3,0.0027198549410698096,
exp09_qdpr2:formal:seed42,test,q3_bias_neg0p75_pava,3,122,0.11060743427017226,
exp09_qdpr2:formal:seed42,test,q3_bias_neg0p75_pava,4,404,0.36627379873073435,
exp09_qdpr2:formal:seed42,test,q3_bias_neg0p75_pava,5,565,0.5122393472348141,
exp09_qdpr2:formal:seed42,test,q3_bias_neg0p75_pava,1,8,0.8888888888888888,1
exp09_qdpr2:formal:seed42,test,q3_bias_neg0p75_pava,2,0,0.0,1
exp09_qdpr2:formal:seed42,test,q3_bias_neg0p75_pava,3,0,0.0,1
exp09_qdpr2:formal:seed42,test,q3_bias_neg0p75_pava,4,0,0.0,1
exp09_qdpr2:formal:seed42,test,q3_bias_neg0p75_pava,5,1,0.1111111111111111,1
exp09_qdpr2:formal:seed42,test,q3_bias_neg0p75_pava,1,0,0.0,2
exp09_qdpr2:formal:seed42,test,q3_bias_neg0p75_pava,2,0,0.0,2
exp09_qdpr2:formal:seed42,test,q3_bias_neg0p75_pava,3,11,0.5,2
exp09_qdpr2:formal:seed42,test,q3_bias_neg0p75_pava,4,7,0.3181818181818182,2
exp09_qdpr2:formal:seed42,test,q3_bias_neg0p75_pava,5,4,0.18181818181818182,2
exp09_qdpr2:formal:seed42,test,q3_bias_neg0p75_pava,1,1,0.009523809523809525,3
exp09_qdpr2:formal:seed42,test,q3_bias_neg0p75_pava,2,1,0.009523809523809525,3
exp09_qdpr2:formal:seed42,test,q3_bias_neg0p75_pava,3,47,0.44761904761904764,3
exp09_qdpr2:formal:seed42,test,q3_bias_neg0p75_pava,4,42,0.4,3
exp09_qdpr2:formal:seed42,test,q3_bias_neg0p75_pava,5,14,0.13333333333333333,3
exp09_qdpr2:formal:seed42,test,q3_bias_neg0p75_pava,1,0,0.0,4
exp09_qdpr2:formal:seed42,test,q3_bias_neg0p75_pava,2,0,0.0,4
exp09_qdpr2:formal:seed42,test,q3_bias_neg0p75_pava,3,54,0.15384615384615385,4
exp09_qdpr2:formal:seed42,test,q3_bias_neg0p75_pava,4,216,0.6153846153846154,4
exp09_qdpr2:formal:seed42,test,q3_bias_neg0p75_pava,5,81,0.23076923076923078,4
exp09_qdpr2:formal:seed42,test,q3_bias_neg0p75_pava,1,0,0.0,5
exp09_qdpr2:formal:seed42,test,q3_bias_neg0p75_pava,2,2,0.003246753246753247,5
exp09_qdpr2:formal:seed42,test,q3_bias_neg0p75_pava,3,10,0.016233766233766232,5
exp09_qdpr2:formal:seed42,test,q3_bias_neg0p75_pava,4,139,0.22564935064935066,5
exp09_qdpr2:formal:seed42,test,q3_bias_neg0p75_pava,5,465,0.7548701298701299,5
exp09_qdpr2:formal:seed42,dev,q3_bias_neg1p0_pava,1,13,0.011743450767841012,
exp09_qdpr2:formal:seed42,dev,q3_bias_neg1p0_pava,2,4,0.0036133694670280035,
exp09_qdpr2:formal:seed42,dev,q3_bias_neg1p0_pava,3,136,0.12285456187895212,
exp09_qdpr2:formal:seed42,dev,q3_bias_neg1p0_pava,4,361,0.3261065943992773,
exp09_qdpr2:formal:seed42,dev,q3_bias_neg1p0_pava,5,593,0.5356820234869015,
exp09_qdpr2:formal:seed42,dev,q3_bias_neg1p0_pava,1,13,0.6842105263157895,1
exp09_qdpr2:formal:seed42,dev,q3_bias_neg1p0_pava,2,0,0.0,1
exp09_qdpr2:formal:seed42,dev,q3_bias_neg1p0_pava,3,4,0.21052631578947367,1
exp09_qdpr2:formal:seed42,dev,q3_bias_neg1p0_pava,4,2,0.10526315789473684,1
exp09_qdpr2:formal:seed42,dev,q3_bias_neg1p0_pava,5,0,0.0,1
exp09_qdpr2:formal:seed42,dev,q3_bias_neg1p0_pava,1,0,0.0,2
exp09_qdpr2:formal:seed42,dev,q3_bias_neg1p0_pava,2,3,0.07894736842105263,2
exp09_qdpr2:formal:seed42,dev,q3_bias_neg1p0_pava,3,9,0.23684210526315788,2
exp09_qdpr2:formal:seed42,dev,q3_bias_neg1p0_pava,4,10,0.2631578947368421,2
exp09_qdpr2:formal:seed42,dev,q3_bias_neg1p0_pava,5,16,0.42105263157894735,2
exp09_qdpr2:formal:seed42,dev,q3_bias_neg1p0_pava,1,0,0.0,3
exp09_qdpr2:formal:seed42,dev,q3_bias_neg1p0_pava,2,0,0.0,3
exp09_qdpr2:formal:seed42,dev,q3_bias_neg1p0_pava,3,44,0.41904761904761906,3
exp09_qdpr2:formal:seed42,dev,q3_bias_neg1p0_pava,4,36,0.34285714285714286,3
exp09_qdpr2:formal:seed42,dev,q3_bias_neg1p0_pava,5,25,0.23809523809523808,3
exp09_qdpr2:formal:seed42,dev,q3_bias_neg1p0_pava,1,0,0.0,4
exp09_qdpr2:formal:seed42,dev,q3_bias_neg1p0_pava,2,0,0.0,4
exp09_qdpr2:formal:seed42,dev,q3_bias_neg1p0_pava,3,64,0.16452442159383032,4
exp09_qdpr2:formal:seed42,dev,q3_bias_neg1p0_pava,4,207,0.532133676092545,4
exp09_qdpr2:formal:seed42,dev,q3_bias_neg1p0_pava,5,118,0.3033419023136247,4
exp09_qdpr2:formal:seed42,dev,q3_bias_neg1p0_pava,1,0,0.0,5
exp09_qdpr2:formal:seed42,dev,q3_bias_neg1p0_pava,2,1,0.0017985611510791368,5
exp09_qdpr2:formal:seed42,dev,q3_bias_neg1p0_pava,3,15,0.02697841726618705,5
exp09_qdpr2:formal:seed42,dev,q3_bias_neg1p0_pava,4,106,0.1906474820143885,5
exp09_qdpr2:formal:seed42,dev,q3_bias_neg1p0_pava,5,434,0.7805755395683454,5
exp09_qdpr2:formal:seed42,test,q3_bias_neg1p0_pava,1,9,0.008159564823209429,
exp09_qdpr2:formal:seed42,test,q3_bias_neg1p0_pava,2,3,0.0027198549410698096,
exp09_qdpr2:formal:seed42,test,q3_bias_neg1p0_pava,3,138,0.12511332728921123,
exp09_qdpr2:formal:seed42,test,q3_bias_neg1p0_pava,4,388,0.35176790571169536,
exp09_qdpr2:formal:seed42,test,q3_bias_neg1p0_pava,5,565,0.5122393472348141,
exp09_qdpr2:formal:seed42,test,q3_bias_neg1p0_pava,1,8,0.8888888888888888,1
exp09_qdpr2:formal:seed42,test,q3_bias_neg1p0_pava,2,0,0.0,1
exp09_qdpr2:formal:seed42,test,q3_bias_neg1p0_pava,3,0,0.0,1
exp09_qdpr2:formal:seed42,test,q3_bias_neg1p0_pava,4,0,0.0,1
exp09_qdpr2:formal:seed42,test,q3_bias_neg1p0_pava,5,1,0.1111111111111111,1
exp09_qdpr2:formal:seed42,test,q3_bias_neg1p0_pava,1,0,0.0,2
exp09_qdpr2:formal:seed42,test,q3_bias_neg1p0_pava,2,0,0.0,2
exp09_qdpr2:formal:seed42,test,q3_bias_neg1p0_pava,3,11,0.5,2
exp09_qdpr2:formal:seed42,test,q3_bias_neg1p0_pava,4,7,0.3181818181818182,2
exp09_qdpr2:formal:seed42,test,q3_bias_neg1p0_pava,5,4,0.18181818181818182,2
exp09_qdpr2:formal:seed42,test,q3_bias_neg1p0_pava,1,1,0.009523809523809525,3
exp09_qdpr2:formal:seed42,test,q3_bias_neg1p0_pava,2,1,0.009523809523809525,3
exp09_qdpr2:formal:seed42,test,q3_bias_neg1p0_pava,3,51,0.4857142857142857,3
exp09_qdpr2:formal:seed42,test,q3_bias_neg1p0_pava,4,38,0.3619047619047619,3
exp09_qdpr2:formal:seed42,test,q3_bias_neg1p0_pava,5,14,0.13333333333333333,3
exp09_qdpr2:formal:seed42,test,q3_bias_neg1p0_pava,1,0,0.0,4
exp09_qdpr2:formal:seed42,test,q3_bias_neg1p0_pava,2,0,0.0,4
exp09_qdpr2:formal:seed42,test,q3_bias_neg1p0_pava,3,63,0.1794871794871795,4
exp09_qdpr2:formal:seed42,test,q3_bias_neg1p0_pava,4,207,0.5897435897435898,4
exp09_qdpr2:formal:seed42,test,q3_bias_neg1p0_pava,5,81,0.23076923076923078,4
exp09_qdpr2:formal:seed42,test,q3_bias_neg1p0_pava,1,0,0.0,5
exp09_qdpr2:formal:seed42,test,q3_bias_neg1p0_pava,2,2,0.003246753246753247,5
exp09_qdpr2:formal:seed42,test,q3_bias_neg1p0_pava,3,13,0.021103896103896104,5
exp09_qdpr2:formal:seed42,test,q3_bias_neg1p0_pava,4,136,0.22077922077922077,5
exp09_qdpr2:formal:seed42,test,q3_bias_neg1p0_pava,5,465,0.7548701298701299,5
exp09_qdpr2:formal:seed42,dev,q3_bias_neg1p5_pava,1,13,0.011743450767841012,
exp09_qdpr2:formal:seed42,dev,q3_bias_neg1p5_pava,2,4,0.0036133694670280035,
exp09_qdpr2:formal:seed42,dev,q3_bias_neg1p5_pava,3,162,0.14634146341463414,
exp09_qdpr2:formal:seed42,dev,q3_bias_neg1p5_pava,4,337,0.3044263775971093,
exp09_qdpr2:formal:seed42,dev,q3_bias_neg1p5_pava,5,591,0.5338753387533876,
exp09_qdpr2:formal:seed42,dev,q3_bias_neg1p5_pava,1,13,0.6842105263157895,1
exp09_qdpr2:formal:seed42,dev,q3_bias_neg1p5_pava,2,0,0.0,1
exp09_qdpr2:formal:seed42,dev,q3_bias_neg1p5_pava,3,4,0.21052631578947367,1
exp09_qdpr2:formal:seed42,dev,q3_bias_neg1p5_pava,4,2,0.10526315789473684,1
exp09_qdpr2:formal:seed42,dev,q3_bias_neg1p5_pava,5,0,0.0,1
exp09_qdpr2:formal:seed42,dev,q3_bias_neg1p5_pava,1,0,0.0,2
exp09_qdpr2:formal:seed42,dev,q3_bias_neg1p5_pava,2,3,0.07894736842105263,2
exp09_qdpr2:formal:seed42,dev,q3_bias_neg1p5_pava,3,9,0.23684210526315788,2
exp09_qdpr2:formal:seed42,dev,q3_bias_neg1p5_pava,4,10,0.2631578947368421,2
exp09_qdpr2:formal:seed42,dev,q3_bias_neg1p5_pava,5,16,0.42105263157894735,2
exp09_qdpr2:formal:seed42,dev,q3_bias_neg1p5_pava,1,0,0.0,3
exp09_qdpr2:formal:seed42,dev,q3_bias_neg1p5_pava,2,0,0.0,3
exp09_qdpr2:formal:seed42,dev,q3_bias_neg1p5_pava,3,49,0.4666666666666667,3
exp09_qdpr2:formal:seed42,dev,q3_bias_neg1p5_pava,4,31,0.29523809523809524,3
exp09_qdpr2:formal:seed42,dev,q3_bias_neg1p5_pava,5,25,0.23809523809523808,3
exp09_qdpr2:formal:seed42,dev,q3_bias_neg1p5_pava,1,0,0.0,4
exp09_qdpr2:formal:seed42,dev,q3_bias_neg1p5_pava,2,0,0.0,4
exp09_qdpr2:formal:seed42,dev,q3_bias_neg1p5_pava,3,78,0.20051413881748073,4
exp09_qdpr2:formal:seed42,dev,q3_bias_neg1p5_pava,4,193,0.4961439588688946,4
exp09_qdpr2:formal:seed42,dev,q3_bias_neg1p5_pava,5,118,0.3033419023136247,4
exp09_qdpr2:formal:seed42,dev,q3_bias_neg1p5_pava,1,0,0.0,5
exp09_qdpr2:formal:seed42,dev,q3_bias_neg1p5_pava,2,1,0.0017985611510791368,5
exp09_qdpr2:formal:seed42,dev,q3_bias_neg1p5_pava,3,22,0.039568345323741004,5
exp09_qdpr2:formal:seed42,dev,q3_bias_neg1p5_pava,4,101,0.18165467625899281,5
exp09_qdpr2:formal:seed42,dev,q3_bias_neg1p5_pava,5,432,0.7769784172661871,5
exp09_qdpr2:formal:seed42,test,q3_bias_neg1p5_pava,1,9,0.008159564823209429,
exp09_qdpr2:formal:seed42,test,q3_bias_neg1p5_pava,2,3,0.0027198549410698096,
exp09_qdpr2:formal:seed42,test,q3_bias_neg1p5_pava,3,167,0.1514052583862194,
exp09_qdpr2:formal:seed42,test,q3_bias_neg1p5_pava,4,360,0.3263825929283772,
exp09_qdpr2:formal:seed42,test,q3_bias_neg1p5_pava,5,564,0.5113327289211242,
exp09_qdpr2:formal:seed42,test,q3_bias_neg1p5_pava,1,8,0.8888888888888888,1
exp09_qdpr2:formal:seed42,test,q3_bias_neg1p5_pava,2,0,0.0,1
exp09_qdpr2:formal:seed42,test,q3_bias_neg1p5_pava,3,0,0.0,1
exp09_qdpr2:formal:seed42,test,q3_bias_neg1p5_pava,4,0,0.0,1
exp09_qdpr2:formal:seed42,test,q3_bias_neg1p5_pava,5,1,0.1111111111111111,1
exp09_qdpr2:formal:seed42,test,q3_bias_neg1p5_pava,1,0,0.0,2
exp09_qdpr2:formal:seed42,test,q3_bias_neg1p5_pava,2,0,0.0,2
exp09_qdpr2:formal:seed42,test,q3_bias_neg1p5_pava,3,11,0.5,2
exp09_qdpr2:formal:seed42,test,q3_bias_neg1p5_pava,4,7,0.3181818181818182,2
exp09_qdpr2:formal:seed42,test,q3_bias_neg1p5_pava,5,4,0.18181818181818182,2
exp09_qdpr2:formal:seed42,test,q3_bias_neg1p5_pava,1,1,0.009523809523809525,3
exp09_qdpr2:formal:seed42,test,q3_bias_neg1p5_pava,2,1,0.009523809523809525,3
exp09_qdpr2:formal:seed42,test,q3_bias_neg1p5_pava,3,55,0.5238095238095238,3
exp09_qdpr2:formal:seed42,test,q3_bias_neg1p5_pava,4,34,0.3238095238095238,3
exp09_qdpr2:formal:seed42,test,q3_bias_neg1p5_pava,5,14,0.13333333333333333,3
exp09_qdpr2:formal:seed42,test,q3_bias_neg1p5_pava,1,0,0.0,4
exp09_qdpr2:formal:seed42,test,q3_bias_neg1p5_pava,2,0,0.0,4
exp09_qdpr2:formal:seed42,test,q3_bias_neg1p5_pava,3,78,0.2222222222222222,4
exp09_qdpr2:formal:seed42,test,q3_bias_neg1p5_pava,4,192,0.5470085470085471,4
exp09_qdpr2:formal:seed42,test,q3_bias_neg1p5_pava,5,81,0.23076923076923078,4
exp09_qdpr2:formal:seed42,test,q3_bias_neg1p5_pava,1,0,0.0,5
exp09_qdpr2:formal:seed42,test,q3_bias_neg1p5_pava,2,2,0.003246753246753247,5
exp09_qdpr2:formal:seed42,test,q3_bias_neg1p5_pava,3,23,0.037337662337662336,5
exp09_qdpr2:formal:seed42,test,q3_bias_neg1p5_pava,4,127,0.20616883116883117,5
exp09_qdpr2:formal:seed42,test,q3_bias_neg1p5_pava,5,464,0.7532467532467533,5
exp09_qdpr2:formal:seed42,dev,q3_bias_neg2p0_pava,1,13,0.011743450767841012,
exp09_qdpr2:formal:seed42,dev,q3_bias_neg2p0_pava,2,4,0.0036133694670280035,
exp09_qdpr2:formal:seed42,dev,q3_bias_neg2p0_pava,3,186,0.16802168021680217,
exp09_qdpr2:formal:seed42,dev,q3_bias_neg2p0_pava,4,313,0.2827461607949413,
exp09_qdpr2:formal:seed42,dev,q3_bias_neg2p0_pava,5,591,0.5338753387533876,
exp09_qdpr2:formal:seed42,dev,q3_bias_neg2p0_pava,1,13,0.6842105263157895,1
exp09_qdpr2:formal:seed42,dev,q3_bias_neg2p0_pava,2,0,0.0,1
exp09_qdpr2:formal:seed42,dev,q3_bias_neg2p0_pava,3,4,0.21052631578947367,1
exp09_qdpr2:formal:seed42,dev,q3_bias_neg2p0_pava,4,2,0.10526315789473684,1
exp09_qdpr2:formal:seed42,dev,q3_bias_neg2p0_pava,5,0,0.0,1
exp09_qdpr2:formal:seed42,dev,q3_bias_neg2p0_pava,1,0,0.0,2
exp09_qdpr2:formal:seed42,dev,q3_bias_neg2p0_pava,2,3,0.07894736842105263,2
exp09_qdpr2:formal:seed42,dev,q3_bias_neg2p0_pava,3,12,0.3157894736842105,2
exp09_qdpr2:formal:seed42,dev,q3_bias_neg2p0_pava,4,7,0.18421052631578946,2
exp09_qdpr2:formal:seed42,dev,q3_bias_neg2p0_pava,5,16,0.42105263157894735,2
exp09_qdpr2:formal:seed42,dev,q3_bias_neg2p0_pava,1,0,0.0,3
exp09_qdpr2:formal:seed42,dev,q3_bias_neg2p0_pava,2,0,0.0,3
exp09_qdpr2:formal:seed42,dev,q3_bias_neg2p0_pava,3,56,0.5333333333333333,3
exp09_qdpr2:formal:seed42,dev,q3_bias_neg2p0_pava,4,24,0.22857142857142856,3
exp09_qdpr2:formal:seed42,dev,q3_bias_neg2p0_pava,5,25,0.23809523809523808,3
exp09_qdpr2:formal:seed42,dev,q3_bias_neg2p0_pava,1,0,0.0,4
exp09_qdpr2:formal:seed42,dev,q3_bias_neg2p0_pava,2,0,0.0,4
exp09_qdpr2:formal:seed42,dev,q3_bias_neg2p0_pava,3,90,0.23136246786632392,4
exp09_qdpr2:formal:seed42,dev,q3_bias_neg2p0_pava,4,181,0.4652956298200514,4
exp09_qdpr2:formal:seed42,dev,q3_bias_neg2p0_pava,5,118,0.3033419023136247,4
exp09_qdpr2:formal:seed42,dev,q3_bias_neg2p0_pava,1,0,0.0,5
exp09_qdpr2:formal:seed42,dev,q3_bias_neg2p0_pava,2,1,0.0017985611510791368,5
exp09_qdpr2:formal:seed42,dev,q3_bias_neg2p0_pava,3,24,0.04316546762589928,5
exp09_qdpr2:formal:seed42,dev,q3_bias_neg2p0_pava,4,99,0.17805755395683454,5
exp09_qdpr2:formal:seed42,dev,q3_bias_neg2p0_pava,5,432,0.7769784172661871,5
exp09_qdpr2:formal:seed42,test,q3_bias_neg2p0_pava,1,9,0.008159564823209429,
exp09_qdpr2:formal:seed42,test,q3_bias_neg2p0_pava,2,3,0.0027198549410698096,
exp09_qdpr2:formal:seed42,test,q3_bias_neg2p0_pava,3,200,0.1813236627379873,
exp09_qdpr2:formal:seed42,test,q3_bias_neg2p0_pava,4,329,0.29827742520398914,
exp09_qdpr2:formal:seed42,test,q3_bias_neg2p0_pava,5,562,0.5095194922937444,
exp09_qdpr2:formal:seed42,test,q3_bias_neg2p0_pava,1,8,0.8888888888888888,1
exp09_qdpr2:formal:seed42,test,q3_bias_neg2p0_pava,2,0,0.0,1
exp09_qdpr2:formal:seed42,test,q3_bias_neg2p0_pava,3,0,0.0,1
exp09_qdpr2:formal:seed42,test,q3_bias_neg2p0_pava,4,0,0.0,1
exp09_qdpr2:formal:seed42,test,q3_bias_neg2p0_pava,5,1,0.1111111111111111,1
exp09_qdpr2:formal:seed42,test,q3_bias_neg2p0_pava,1,0,0.0,2
exp09_qdpr2:formal:seed42,test,q3_bias_neg2p0_pava,2,0,0.0,2
exp09_qdpr2:formal:seed42,test,q3_bias_neg2p0_pava,3,13,0.5909090909090909,2
exp09_qdpr2:formal:seed42,test,q3_bias_neg2p0_pava,4,5,0.22727272727272727,2
exp09_qdpr2:formal:seed42,test,q3_bias_neg2p0_pava,5,4,0.18181818181818182,2
exp09_qdpr2:formal:seed42,test,q3_bias_neg2p0_pava,1,1,0.009523809523809525,3
exp09_qdpr2:formal:seed42,test,q3_bias_neg2p0_pava,2,1,0.009523809523809525,3
exp09_qdpr2:formal:seed42,test,q3_bias_neg2p0_pava,3,60,0.5714285714285714,3
exp09_qdpr2:formal:seed42,test,q3_bias_neg2p0_pava,4,29,0.2761904761904762,3
exp09_qdpr2:formal:seed42,test,q3_bias_neg2p0_pava,5,14,0.13333333333333333,3
exp09_qdpr2:formal:seed42,test,q3_bias_neg2p0_pava,1,0,0.0,4
exp09_qdpr2:formal:seed42,test,q3_bias_neg2p0_pava,2,0,0.0,4
exp09_qdpr2:formal:seed42,test,q3_bias_neg2p0_pava,3,97,0.27635327635327633,4
exp09_qdpr2:formal:seed42,test,q3_bias_neg2p0_pava,4,174,0.49572649572649574,4
exp09_qdpr2:formal:seed42,test,q3_bias_neg2p0_pava,5,80,0.22792022792022792,4
exp09_qdpr2:formal:seed42,test,q3_bias_neg2p0_pava,1,0,0.0,5
exp09_qdpr2:formal:seed42,test,q3_bias_neg2p0_pava,2,2,0.003246753246753247,5
exp09_qdpr2:formal:seed42,test,q3_bias_neg2p0_pava,3,30,0.048701298701298704,5
exp09_qdpr2:formal:seed42,test,q3_bias_neg2p0_pava,4,121,0.19642857142857142,5
exp09_qdpr2:formal:seed42,test,q3_bias_neg2p0_pava,5,463,0.7516233766233766,5
exp13:score_proj_l2h_lam0p20:seed42,dev,raw_t0p50,1,13,0.011743450767841012,
exp13:score_proj_l2h_lam0p20:seed42,dev,raw_t0p50,2,4,0.0036133694670280035,
exp13:score_proj_l2h_lam0p20:seed42,dev,raw_t0p50,3,104,0.0939476061427281,
exp13:score_proj_l2h_lam0p20:seed42,dev,raw_t0p50,4,402,0.36314363143631434,
exp13:score_proj_l2h_lam0p20:seed42,dev,raw_t0p50,5,584,0.5275519421860885,
exp13:score_proj_l2h_lam0p20:seed42,dev,raw_t0p50,1,13,0.6842105263157895,1
exp13:score_proj_l2h_lam0p20:seed42,dev,raw_t0p50,2,0,0.0,1
exp13:score_proj_l2h_lam0p20:seed42,dev,raw_t0p50,3,4,0.21052631578947367,1
exp13:score_proj_l2h_lam0p20:seed42,dev,raw_t0p50,4,2,0.10526315789473684,1
exp13:score_proj_l2h_lam0p20:seed42,dev,raw_t0p50,5,0,0.0,1
exp13:score_proj_l2h_lam0p20:seed42,dev,raw_t0p50,1,0,0.0,2
exp13:score_proj_l2h_lam0p20:seed42,dev,raw_t0p50,2,3,0.07894736842105263,2
exp13:score_proj_l2h_lam0p20:seed42,dev,raw_t0p50,3,9,0.23684210526315788,2
exp13:score_proj_l2h_lam0p20:seed42,dev,raw_t0p50,4,11,0.2894736842105263,2
exp13:score_proj_l2h_lam0p20:seed42,dev,raw_t0p50,5,15,0.39473684210526316,2
exp13:score_proj_l2h_lam0p20:seed42,dev,raw_t0p50,1,0,0.0,3
exp13:score_proj_l2h_lam0p20:seed42,dev,raw_t0p50,2,0,0.0,3
exp13:score_proj_l2h_lam0p20:seed42,dev,raw_t0p50,3,38,0.3619047619047619,3
exp13:score_proj_l2h_lam0p20:seed42,dev,raw_t0p50,4,42,0.4,3
exp13:score_proj_l2h_lam0p20:seed42,dev,raw_t0p50,5,25,0.23809523809523808,3
exp13:score_proj_l2h_lam0p20:seed42,dev,raw_t0p50,1,0,0.0,4
exp13:score_proj_l2h_lam0p20:seed42,dev,raw_t0p50,2,0,0.0,4
exp13:score_proj_l2h_lam0p20:seed42,dev,raw_t0p50,3,48,0.12339331619537275,4
exp13:score_proj_l2h_lam0p20:seed42,dev,raw_t0p50,4,228,0.5861182519280206,4
exp13:score_proj_l2h_lam0p20:seed42,dev,raw_t0p50,5,113,0.29048843187660667,4
exp13:score_proj_l2h_lam0p20:seed42,dev,raw_t0p50,1,0,0.0,5
exp13:score_proj_l2h_lam0p20:seed42,dev,raw_t0p50,2,1,0.0017985611510791368,5
exp13:score_proj_l2h_lam0p20:seed42,dev,raw_t0p50,3,5,0.008992805755395683,5
exp13:score_proj_l2h_lam0p20:seed42,dev,raw_t0p50,4,119,0.21402877697841727,5
exp13:score_proj_l2h_lam0p20:seed42,dev,raw_t0p50,5,431,0.7751798561151079,5
exp13:score_proj_l2h_lam0p20:seed42,test,raw_t0p50,1,9,0.008159564823209429,
exp13:score_proj_l2h_lam0p20:seed42,test,raw_t0p50,2,3,0.0027198549410698096,
exp13:score_proj_l2h_lam0p20:seed42,test,raw_t0p50,3,97,0.08794197642792384,
exp13:score_proj_l2h_lam0p20:seed42,test,raw_t0p50,4,434,0.39347234814143245,
exp13:score_proj_l2h_lam0p20:seed42,test,raw_t0p50,5,560,0.5077062556663645,
exp13:score_proj_l2h_lam0p20:seed42,test,raw_t0p50,1,8,0.8888888888888888,1
exp13:score_proj_l2h_lam0p20:seed42,test,raw_t0p50,2,0,0.0,1
exp13:score_proj_l2h_lam0p20:seed42,test,raw_t0p50,3,0,0.0,1
exp13:score_proj_l2h_lam0p20:seed42,test,raw_t0p50,4,0,0.0,1
exp13:score_proj_l2h_lam0p20:seed42,test,raw_t0p50,5,1,0.1111111111111111,1
exp13:score_proj_l2h_lam0p20:seed42,test,raw_t0p50,1,0,0.0,2
exp13:score_proj_l2h_lam0p20:seed42,test,raw_t0p50,2,0,0.0,2
exp13:score_proj_l2h_lam0p20:seed42,test,raw_t0p50,3,10,0.45454545454545453,2
exp13:score_proj_l2h_lam0p20:seed42,test,raw_t0p50,4,8,0.36363636363636365,2
exp13:score_proj_l2h_lam0p20:seed42,test,raw_t0p50,5,4,0.18181818181818182,2
exp13:score_proj_l2h_lam0p20:seed42,test,raw_t0p50,1,1,0.009523809523809525,3
exp13:score_proj_l2h_lam0p20:seed42,test,raw_t0p50,2,1,0.009523809523809525,3
exp13:score_proj_l2h_lam0p20:seed42,test,raw_t0p50,3,41,0.3904761904761905,3
exp13:score_proj_l2h_lam0p20:seed42,test,raw_t0p50,4,50,0.47619047619047616,3
exp13:score_proj_l2h_lam0p20:seed42,test,raw_t0p50,5,12,0.11428571428571428,3
exp13:score_proj_l2h_lam0p20:seed42,test,raw_t0p50,1,0,0.0,4
exp13:score_proj_l2h_lam0p20:seed42,test,raw_t0p50,2,0,0.0,4
exp13:score_proj_l2h_lam0p20:seed42,test,raw_t0p50,3,39,0.1111111111111111,4
exp13:score_proj_l2h_lam0p20:seed42,test,raw_t0p50,4,234,0.6666666666666666,4
exp13:score_proj_l2h_lam0p20:seed42,test,raw_t0p50,5,78,0.2222222222222222,4
exp13:score_proj_l2h_lam0p20:seed42,test,raw_t0p50,1,0,0.0,5
exp13:score_proj_l2h_lam0p20:seed42,test,raw_t0p50,2,2,0.003246753246753247,5
exp13:score_proj_l2h_lam0p20:seed42,test,raw_t0p50,3,7,0.011363636363636364,5
exp13:score_proj_l2h_lam0p20:seed42,test,raw_t0p50,4,142,0.2305194805194805,5
exp13:score_proj_l2h_lam0p20:seed42,test,raw_t0p50,5,465,0.7548701298701299,5
exp13:score_proj_l2h_lam0p20:seed42,dev,pava_t0p50,1,13,0.011743450767841012,
exp13:score_proj_l2h_lam0p20:seed42,dev,pava_t0p50,2,4,0.0036133694670280035,
exp13:score_proj_l2h_lam0p20:seed42,dev,pava_t0p50,3,104,0.0939476061427281,
exp13:score_proj_l2h_lam0p20:seed42,dev,pava_t0p50,4,402,0.36314363143631434,
exp13:score_proj_l2h_lam0p20:seed42,dev,pava_t0p50,5,584,0.5275519421860885,
exp13:score_proj_l2h_lam0p20:seed42,dev,pava_t0p50,1,13,0.6842105263157895,1
exp13:score_proj_l2h_lam0p20:seed42,dev,pava_t0p50,2,0,0.0,1
exp13:score_proj_l2h_lam0p20:seed42,dev,pava_t0p50,3,4,0.21052631578947367,1
exp13:score_proj_l2h_lam0p20:seed42,dev,pava_t0p50,4,2,0.10526315789473684,1
exp13:score_proj_l2h_lam0p20:seed42,dev,pava_t0p50,5,0,0.0,1
exp13:score_proj_l2h_lam0p20:seed42,dev,pava_t0p50,1,0,0.0,2
exp13:score_proj_l2h_lam0p20:seed42,dev,pava_t0p50,2,3,0.07894736842105263,2
exp13:score_proj_l2h_lam0p20:seed42,dev,pava_t0p50,3,9,0.23684210526315788,2
exp13:score_proj_l2h_lam0p20:seed42,dev,pava_t0p50,4,11,0.2894736842105263,2
exp13:score_proj_l2h_lam0p20:seed42,dev,pava_t0p50,5,15,0.39473684210526316,2
exp13:score_proj_l2h_lam0p20:seed42,dev,pava_t0p50,1,0,0.0,3
exp13:score_proj_l2h_lam0p20:seed42,dev,pava_t0p50,2,0,0.0,3
exp13:score_proj_l2h_lam0p20:seed42,dev,pava_t0p50,3,38,0.3619047619047619,3
exp13:score_proj_l2h_lam0p20:seed42,dev,pava_t0p50,4,42,0.4,3
exp13:score_proj_l2h_lam0p20:seed42,dev,pava_t0p50,5,25,0.23809523809523808,3
exp13:score_proj_l2h_lam0p20:seed42,dev,pava_t0p50,1,0,0.0,4
exp13:score_proj_l2h_lam0p20:seed42,dev,pava_t0p50,2,0,0.0,4
exp13:score_proj_l2h_lam0p20:seed42,dev,pava_t0p50,3,48,0.12339331619537275,4
exp13:score_proj_l2h_lam0p20:seed42,dev,pava_t0p50,4,228,0.5861182519280206,4
exp13:score_proj_l2h_lam0p20:seed42,dev,pava_t0p50,5,113,0.29048843187660667,4
exp13:score_proj_l2h_lam0p20:seed42,dev,pava_t0p50,1,0,0.0,5
exp13:score_proj_l2h_lam0p20:seed42,dev,pava_t0p50,2,1,0.0017985611510791368,5
exp13:score_proj_l2h_lam0p20:seed42,dev,pava_t0p50,3,5,0.008992805755395683,5
exp13:score_proj_l2h_lam0p20:seed42,dev,pava_t0p50,4,119,0.21402877697841727,5
exp13:score_proj_l2h_lam0p20:seed42,dev,pava_t0p50,5,431,0.7751798561151079,5
exp13:score_proj_l2h_lam0p20:seed42,test,pava_t0p50,1,9,0.008159564823209429,
exp13:score_proj_l2h_lam0p20:seed42,test,pava_t0p50,2,3,0.0027198549410698096,
exp13:score_proj_l2h_lam0p20:seed42,test,pava_t0p50,3,97,0.08794197642792384,
exp13:score_proj_l2h_lam0p20:seed42,test,pava_t0p50,4,434,0.39347234814143245,
exp13:score_proj_l2h_lam0p20:seed42,test,pava_t0p50,5,560,0.5077062556663645,
exp13:score_proj_l2h_lam0p20:seed42,test,pava_t0p50,1,8,0.8888888888888888,1
exp13:score_proj_l2h_lam0p20:seed42,test,pava_t0p50,2,0,0.0,1
exp13:score_proj_l2h_lam0p20:seed42,test,pava_t0p50,3,0,0.0,1
exp13:score_proj_l2h_lam0p20:seed42,test,pava_t0p50,4,0,0.0,1
exp13:score_proj_l2h_lam0p20:seed42,test,pava_t0p50,5,1,0.1111111111111111,1
exp13:score_proj_l2h_lam0p20:seed42,test,pava_t0p50,1,0,0.0,2
exp13:score_proj_l2h_lam0p20:seed42,test,pava_t0p50,2,0,0.0,2
exp13:score_proj_l2h_lam0p20:seed42,test,pava_t0p50,3,10,0.45454545454545453,2
exp13:score_proj_l2h_lam0p20:seed42,test,pava_t0p50,4,8,0.36363636363636365,2
exp13:score_proj_l2h_lam0p20:seed42,test,pava_t0p50,5,4,0.18181818181818182,2
exp13:score_proj_l2h_lam0p20:seed42,test,pava_t0p50,1,1,0.009523809523809525,3
exp13:score_proj_l2h_lam0p20:seed42,test,pava_t0p50,2,1,0.009523809523809525,3
exp13:score_proj_l2h_lam0p20:seed42,test,pava_t0p50,3,41,0.3904761904761905,3
exp13:score_proj_l2h_lam0p20:seed42,test,pava_t0p50,4,50,0.47619047619047616,3
exp13:score_proj_l2h_lam0p20:seed42,test,pava_t0p50,5,12,0.11428571428571428,3
exp13:score_proj_l2h_lam0p20:seed42,test,pava_t0p50,1,0,0.0,4
exp13:score_proj_l2h_lam0p20:seed42,test,pava_t0p50,2,0,0.0,4
exp13:score_proj_l2h_lam0p20:seed42,test,pava_t0p50,3,39,0.1111111111111111,4
exp13:score_proj_l2h_lam0p20:seed42,test,pava_t0p50,4,234,0.6666666666666666,4
exp13:score_proj_l2h_lam0p20:seed42,test,pava_t0p50,5,78,0.2222222222222222,4
exp13:score_proj_l2h_lam0p20:seed42,test,pava_t0p50,1,0,0.0,5
exp13:score_proj_l2h_lam0p20:seed42,test,pava_t0p50,2,2,0.003246753246753247,5
exp13:score_proj_l2h_lam0p20:seed42,test,pava_t0p50,3,7,0.011363636363636364,5
exp13:score_proj_l2h_lam0p20:seed42,test,pava_t0p50,4,142,0.2305194805194805,5
exp13:score_proj_l2h_lam0p20:seed42,test,pava_t0p50,5,465,0.7548701298701299,5
exp13:score_proj_l2h_lam0p20:seed42,dev,isotonic_pava_t0p50,1,13,0.011743450767841012,
exp13:score_proj_l2h_lam0p20:seed42,dev,isotonic_pava_t0p50,2,5,0.004516711833785004,
exp13:score_proj_l2h_lam0p20:seed42,dev,isotonic_pava_t0p50,3,44,0.03974706413730804,
exp13:score_proj_l2h_lam0p20:seed42,dev,isotonic_pava_t0p50,4,457,0.4128274616079494,
exp13:score_proj_l2h_lam0p20:seed42,dev,isotonic_pava_t0p50,5,588,0.5311653116531165,
exp13:score_proj_l2h_lam0p20:seed42,dev,isotonic_pava_t0p50,1,13,0.6842105263157895,1
exp13:score_proj_l2h_lam0p20:seed42,dev,isotonic_pava_t0p50,2,0,0.0,1
exp13:score_proj_l2h_lam0p20:seed42,dev,isotonic_pava_t0p50,3,4,0.21052631578947367,1
exp13:score_proj_l2h_lam0p20:seed42,dev,isotonic_pava_t0p50,4,2,0.10526315789473684,1
exp13:score_proj_l2h_lam0p20:seed42,dev,isotonic_pava_t0p50,5,0,0.0,1
exp13:score_proj_l2h_lam0p20:seed42,dev,isotonic_pava_t0p50,1,0,0.0,2
exp13:score_proj_l2h_lam0p20:seed42,dev,isotonic_pava_t0p50,2,4,0.10526315789473684,2
exp13:score_proj_l2h_lam0p20:seed42,dev,isotonic_pava_t0p50,3,6,0.15789473684210525,2
exp13:score_proj_l2h_lam0p20:seed42,dev,isotonic_pava_t0p50,4,13,0.34210526315789475,2
exp13:score_proj_l2h_lam0p20:seed42,dev,isotonic_pava_t0p50,5,15,0.39473684210526316,2
exp13:score_proj_l2h_lam0p20:seed42,dev,isotonic_pava_t0p50,1,0,0.0,3
exp13:score_proj_l2h_lam0p20:seed42,dev,isotonic_pava_t0p50,2,0,0.0,3
exp13:score_proj_l2h_lam0p20:seed42,dev,isotonic_pava_t0p50,3,20,0.19047619047619047,3
exp13:score_proj_l2h_lam0p20:seed42,dev,isotonic_pava_t0p50,4,60,0.5714285714285714,3
exp13:score_proj_l2h_lam0p20:seed42,dev,isotonic_pava_t0p50,5,25,0.23809523809523808,3
exp13:score_proj_l2h_lam0p20:seed42,dev,isotonic_pava_t0p50,1,0,0.0,4
exp13:score_proj_l2h_lam0p20:seed42,dev,isotonic_pava_t0p50,2,0,0.0,4
exp13:score_proj_l2h_lam0p20:seed42,dev,isotonic_pava_t0p50,3,13,0.033419023136246784,4
exp13:score_proj_l2h_lam0p20:seed42,dev,isotonic_pava_t0p50,4,262,0.6735218508997429,4
exp13:score_proj_l2h_lam0p20:seed42,dev,isotonic_pava_t0p50,5,114,0.2930591259640103,4
exp13:score_proj_l2h_lam0p20:seed42,dev,isotonic_pava_t0p50,1,0,0.0,5
exp13:score_proj_l2h_lam0p20:seed42,dev,isotonic_pava_t0p50,2,1,0.0017985611510791368,5
exp13:score_proj_l2h_lam0p20:seed42,dev,isotonic_pava_t0p50,3,1,0.0017985611510791368,5
exp13:score_proj_l2h_lam0p20:seed42,dev,isotonic_pava_t0p50,4,120,0.2158273381294964,5
exp13:score_proj_l2h_lam0p20:seed42,dev,isotonic_pava_t0p50,5,434,0.7805755395683454,5
exp13:score_proj_l2h_lam0p20:seed42,test,isotonic_pava_t0p50,1,9,0.008159564823209429,
exp13:score_proj_l2h_lam0p20:seed42,test,isotonic_pava_t0p50,2,5,0.004533091568449683,
exp13:score_proj_l2h_lam0p20:seed42,test,isotonic_pava_t0p50,3,38,0.03445149592021759,
exp13:score_proj_l2h_lam0p20:seed42,test,isotonic_pava_t0p50,4,485,0.4397098821396192,
exp13:score_proj_l2h_lam0p20:seed42,test,isotonic_pava_t0p50,5,566,0.5131459655485041,
exp13:score_proj_l2h_lam0p20:seed42,test,isotonic_pava_t0p50,1,8,0.8888888888888888,1
exp13:score_proj_l2h_lam0p20:seed42,test,isotonic_pava_t0p50,2,0,0.0,1
exp13:score_proj_l2h_lam0p20:seed42,test,isotonic_pava_t0p50,3,0,0.0,1
exp13:score_proj_l2h_lam0p20:seed42,test,isotonic_pava_t0p50,4,0,0.0,1
exp13:score_proj_l2h_lam0p20:seed42,test,isotonic_pava_t0p50,5,1,0.1111111111111111,1
exp13:score_proj_l2h_lam0p20:seed42,test,isotonic_pava_t0p50,1,0,0.0,2
exp13:score_proj_l2h_lam0p20:seed42,test,isotonic_pava_t0p50,2,0,0.0,2
exp13:score_proj_l2h_lam0p20:seed42,test,isotonic_pava_t0p50,3,5,0.22727272727272727,2
exp13:score_proj_l2h_lam0p20:seed42,test,isotonic_pava_t0p50,4,13,0.5909090909090909,2
exp13:score_proj_l2h_lam0p20:seed42,test,isotonic_pava_t0p50,5,4,0.18181818181818182,2
exp13:score_proj_l2h_lam0p20:seed42,test,isotonic_pava_t0p50,1,1,0.009523809523809525,3
exp13:score_proj_l2h_lam0p20:seed42,test,isotonic_pava_t0p50,2,3,0.02857142857142857,3
exp13:score_proj_l2h_lam0p20:seed42,test,isotonic_pava_t0p50,3,18,0.17142857142857143,3
exp13:score_proj_l2h_lam0p20:seed42,test,isotonic_pava_t0p50,4,71,0.6761904761904762,3
exp13:score_proj_l2h_lam0p20:seed42,test,isotonic_pava_t0p50,5,12,0.11428571428571428,3
exp13:score_proj_l2h_lam0p20:seed42,test,isotonic_pava_t0p50,1,0,0.0,4
exp13:score_proj_l2h_lam0p20:seed42,test,isotonic_pava_t0p50,2,0,0.0,4
exp13:score_proj_l2h_lam0p20:seed42,test,isotonic_pava_t0p50,3,13,0.037037037037037035,4
exp13:score_proj_l2h_lam0p20:seed42,test,isotonic_pava_t0p50,4,256,0.7293447293447294,4
exp13:score_proj_l2h_lam0p20:seed42,test,isotonic_pava_t0p50,5,82,0.2336182336182336,4
exp13:score_proj_l2h_lam0p20:seed42,test,isotonic_pava_t0p50,1,0,0.0,5
exp13:score_proj_l2h_lam0p20:seed42,test,isotonic_pava_t0p50,2,2,0.003246753246753247,5
exp13:score_proj_l2h_lam0p20:seed42,test,isotonic_pava_t0p50,3,2,0.003246753246753247,5
exp13:score_proj_l2h_lam0p20:seed42,test,isotonic_pava_t0p50,4,145,0.2353896103896104,5
exp13:score_proj_l2h_lam0p20:seed42,test,isotonic_pava_t0p50,5,467,0.7581168831168831,5
exp13:score_proj_l2h_lam0p20:seed42,dev,temp0p5_pava_t0p50,1,13,0.011743450767841012,
exp13:score_proj_l2h_lam0p20:seed42,dev,temp0p5_pava_t0p50,2,4,0.0036133694670280035,
exp13:score_proj_l2h_lam0p20:seed42,dev,temp0p5_pava_t0p50,3,104,0.0939476061427281,
exp13:score_proj_l2h_lam0p20:seed42,dev,temp0p5_pava_t0p50,4,402,0.36314363143631434,
exp13:score_proj_l2h_lam0p20:seed42,dev,temp0p5_pava_t0p50,5,584,0.5275519421860885,
exp13:score_proj_l2h_lam0p20:seed42,dev,temp0p5_pava_t0p50,1,13,0.6842105263157895,1
exp13:score_proj_l2h_lam0p20:seed42,dev,temp0p5_pava_t0p50,2,0,0.0,1
exp13:score_proj_l2h_lam0p20:seed42,dev,temp0p5_pava_t0p50,3,4,0.21052631578947367,1
exp13:score_proj_l2h_lam0p20:seed42,dev,temp0p5_pava_t0p50,4,2,0.10526315789473684,1
exp13:score_proj_l2h_lam0p20:seed42,dev,temp0p5_pava_t0p50,5,0,0.0,1
exp13:score_proj_l2h_lam0p20:seed42,dev,temp0p5_pava_t0p50,1,0,0.0,2
exp13:score_proj_l2h_lam0p20:seed42,dev,temp0p5_pava_t0p50,2,3,0.07894736842105263,2
exp13:score_proj_l2h_lam0p20:seed42,dev,temp0p5_pava_t0p50,3,9,0.23684210526315788,2
exp13:score_proj_l2h_lam0p20:seed42,dev,temp0p5_pava_t0p50,4,11,0.2894736842105263,2
exp13:score_proj_l2h_lam0p20:seed42,dev,temp0p5_pava_t0p50,5,15,0.39473684210526316,2
exp13:score_proj_l2h_lam0p20:seed42,dev,temp0p5_pava_t0p50,1,0,0.0,3
exp13:score_proj_l2h_lam0p20:seed42,dev,temp0p5_pava_t0p50,2,0,0.0,3
exp13:score_proj_l2h_lam0p20:seed42,dev,temp0p5_pava_t0p50,3,38,0.3619047619047619,3
exp13:score_proj_l2h_lam0p20:seed42,dev,temp0p5_pava_t0p50,4,42,0.4,3
exp13:score_proj_l2h_lam0p20:seed42,dev,temp0p5_pava_t0p50,5,25,0.23809523809523808,3
exp13:score_proj_l2h_lam0p20:seed42,dev,temp0p5_pava_t0p50,1,0,0.0,4
exp13:score_proj_l2h_lam0p20:seed42,dev,temp0p5_pava_t0p50,2,0,0.0,4
exp13:score_proj_l2h_lam0p20:seed42,dev,temp0p5_pava_t0p50,3,48,0.12339331619537275,4
exp13:score_proj_l2h_lam0p20:seed42,dev,temp0p5_pava_t0p50,4,228,0.5861182519280206,4
exp13:score_proj_l2h_lam0p20:seed42,dev,temp0p5_pava_t0p50,5,113,0.29048843187660667,4
exp13:score_proj_l2h_lam0p20:seed42,dev,temp0p5_pava_t0p50,1,0,0.0,5
exp13:score_proj_l2h_lam0p20:seed42,dev,temp0p5_pava_t0p50,2,1,0.0017985611510791368,5
exp13:score_proj_l2h_lam0p20:seed42,dev,temp0p5_pava_t0p50,3,5,0.008992805755395683,5
exp13:score_proj_l2h_lam0p20:seed42,dev,temp0p5_pava_t0p50,4,119,0.21402877697841727,5
exp13:score_proj_l2h_lam0p20:seed42,dev,temp0p5_pava_t0p50,5,431,0.7751798561151079,5
exp13:score_proj_l2h_lam0p20:seed42,test,temp0p5_pava_t0p50,1,9,0.008159564823209429,
exp13:score_proj_l2h_lam0p20:seed42,test,temp0p5_pava_t0p50,2,3,0.0027198549410698096,
exp13:score_proj_l2h_lam0p20:seed42,test,temp0p5_pava_t0p50,3,97,0.08794197642792384,
exp13:score_proj_l2h_lam0p20:seed42,test,temp0p5_pava_t0p50,4,434,0.39347234814143245,
exp13:score_proj_l2h_lam0p20:seed42,test,temp0p5_pava_t0p50,5,560,0.5077062556663645,
exp13:score_proj_l2h_lam0p20:seed42,test,temp0p5_pava_t0p50,1,8,0.8888888888888888,1
exp13:score_proj_l2h_lam0p20:seed42,test,temp0p5_pava_t0p50,2,0,0.0,1
exp13:score_proj_l2h_lam0p20:seed42,test,temp0p5_pava_t0p50,3,0,0.0,1
exp13:score_proj_l2h_lam0p20:seed42,test,temp0p5_pava_t0p50,4,0,0.0,1
exp13:score_proj_l2h_lam0p20:seed42,test,temp0p5_pava_t0p50,5,1,0.1111111111111111,1
exp13:score_proj_l2h_lam0p20:seed42,test,temp0p5_pava_t0p50,1,0,0.0,2
exp13:score_proj_l2h_lam0p20:seed42,test,temp0p5_pava_t0p50,2,0,0.0,2
exp13:score_proj_l2h_lam0p20:seed42,test,temp0p5_pava_t0p50,3,10,0.45454545454545453,2
exp13:score_proj_l2h_lam0p20:seed42,test,temp0p5_pava_t0p50,4,8,0.36363636363636365,2
exp13:score_proj_l2h_lam0p20:seed42,test,temp0p5_pava_t0p50,5,4,0.18181818181818182,2
exp13:score_proj_l2h_lam0p20:seed42,test,temp0p5_pava_t0p50,1,1,0.009523809523809525,3
exp13:score_proj_l2h_lam0p20:seed42,test,temp0p5_pava_t0p50,2,1,0.009523809523809525,3
exp13:score_proj_l2h_lam0p20:seed42,test,temp0p5_pava_t0p50,3,41,0.3904761904761905,3
exp13:score_proj_l2h_lam0p20:seed42,test,temp0p5_pava_t0p50,4,50,0.47619047619047616,3
exp13:score_proj_l2h_lam0p20:seed42,test,temp0p5_pava_t0p50,5,12,0.11428571428571428,3
exp13:score_proj_l2h_lam0p20:seed42,test,temp0p5_pava_t0p50,1,0,0.0,4
exp13:score_proj_l2h_lam0p20:seed42,test,temp0p5_pava_t0p50,2,0,0.0,4
exp13:score_proj_l2h_lam0p20:seed42,test,temp0p5_pava_t0p50,3,39,0.1111111111111111,4
exp13:score_proj_l2h_lam0p20:seed42,test,temp0p5_pava_t0p50,4,234,0.6666666666666666,4
exp13:score_proj_l2h_lam0p20:seed42,test,temp0p5_pava_t0p50,5,78,0.2222222222222222,4
exp13:score_proj_l2h_lam0p20:seed42,test,temp0p5_pava_t0p50,1,0,0.0,5
exp13:score_proj_l2h_lam0p20:seed42,test,temp0p5_pava_t0p50,2,2,0.003246753246753247,5
exp13:score_proj_l2h_lam0p20:seed42,test,temp0p5_pava_t0p50,3,7,0.011363636363636364,5
exp13:score_proj_l2h_lam0p20:seed42,test,temp0p5_pava_t0p50,4,142,0.2305194805194805,5
exp13:score_proj_l2h_lam0p20:seed42,test,temp0p5_pava_t0p50,5,465,0.7548701298701299,5
exp13:score_proj_l2h_lam0p20:seed42,dev,temp0p75_pava_t0p50,1,13,0.011743450767841012,
exp13:score_proj_l2h_lam0p20:seed42,dev,temp0p75_pava_t0p50,2,4,0.0036133694670280035,
exp13:score_proj_l2h_lam0p20:seed42,dev,temp0p75_pava_t0p50,3,104,0.0939476061427281,
exp13:score_proj_l2h_lam0p20:seed42,dev,temp0p75_pava_t0p50,4,402,0.36314363143631434,
exp13:score_proj_l2h_lam0p20:seed42,dev,temp0p75_pava_t0p50,5,584,0.5275519421860885,
exp13:score_proj_l2h_lam0p20:seed42,dev,temp0p75_pava_t0p50,1,13,0.6842105263157895,1
exp13:score_proj_l2h_lam0p20:seed42,dev,temp0p75_pava_t0p50,2,0,0.0,1
exp13:score_proj_l2h_lam0p20:seed42,dev,temp0p75_pava_t0p50,3,4,0.21052631578947367,1
exp13:score_proj_l2h_lam0p20:seed42,dev,temp0p75_pava_t0p50,4,2,0.10526315789473684,1
exp13:score_proj_l2h_lam0p20:seed42,dev,temp0p75_pava_t0p50,5,0,0.0,1
exp13:score_proj_l2h_lam0p20:seed42,dev,temp0p75_pava_t0p50,1,0,0.0,2
exp13:score_proj_l2h_lam0p20:seed42,dev,temp0p75_pava_t0p50,2,3,0.07894736842105263,2
exp13:score_proj_l2h_lam0p20:seed42,dev,temp0p75_pava_t0p50,3,9,0.23684210526315788,2
exp13:score_proj_l2h_lam0p20:seed42,dev,temp0p75_pava_t0p50,4,11,0.2894736842105263,2
exp13:score_proj_l2h_lam0p20:seed42,dev,temp0p75_pava_t0p50,5,15,0.39473684210526316,2
exp13:score_proj_l2h_lam0p20:seed42,dev,temp0p75_pava_t0p50,1,0,0.0,3
exp13:score_proj_l2h_lam0p20:seed42,dev,temp0p75_pava_t0p50,2,0,0.0,3
exp13:score_proj_l2h_lam0p20:seed42,dev,temp0p75_pava_t0p50,3,38,0.3619047619047619,3
exp13:score_proj_l2h_lam0p20:seed42,dev,temp0p75_pava_t0p50,4,42,0.4,3
exp13:score_proj_l2h_lam0p20:seed42,dev,temp0p75_pava_t0p50,5,25,0.23809523809523808,3
exp13:score_proj_l2h_lam0p20:seed42,dev,temp0p75_pava_t0p50,1,0,0.0,4
exp13:score_proj_l2h_lam0p20:seed42,dev,temp0p75_pava_t0p50,2,0,0.0,4
exp13:score_proj_l2h_lam0p20:seed42,dev,temp0p75_pava_t0p50,3,48,0.12339331619537275,4
exp13:score_proj_l2h_lam0p20:seed42,dev,temp0p75_pava_t0p50,4,228,0.5861182519280206,4
exp13:score_proj_l2h_lam0p20:seed42,dev,temp0p75_pava_t0p50,5,113,0.29048843187660667,4
exp13:score_proj_l2h_lam0p20:seed42,dev,temp0p75_pava_t0p50,1,0,0.0,5
exp13:score_proj_l2h_lam0p20:seed42,dev,temp0p75_pava_t0p50,2,1,0.0017985611510791368,5
exp13:score_proj_l2h_lam0p20:seed42,dev,temp0p75_pava_t0p50,3,5,0.008992805755395683,5
exp13:score_proj_l2h_lam0p20:seed42,dev,temp0p75_pava_t0p50,4,119,0.21402877697841727,5
exp13:score_proj_l2h_lam0p20:seed42,dev,temp0p75_pava_t0p50,5,431,0.7751798561151079,5
exp13:score_proj_l2h_lam0p20:seed42,test,temp0p75_pava_t0p50,1,9,0.008159564823209429,
exp13:score_proj_l2h_lam0p20:seed42,test,temp0p75_pava_t0p50,2,3,0.0027198549410698096,
exp13:score_proj_l2h_lam0p20:seed42,test,temp0p75_pava_t0p50,3,97,0.08794197642792384,
exp13:score_proj_l2h_lam0p20:seed42,test,temp0p75_pava_t0p50,4,434,0.39347234814143245,
exp13:score_proj_l2h_lam0p20:seed42,test,temp0p75_pava_t0p50,5,560,0.5077062556663645,
exp13:score_proj_l2h_lam0p20:seed42,test,temp0p75_pava_t0p50,1,8,0.8888888888888888,1
exp13:score_proj_l2h_lam0p20:seed42,test,temp0p75_pava_t0p50,2,0,0.0,1
exp13:score_proj_l2h_lam0p20:seed42,test,temp0p75_pava_t0p50,3,0,0.0,1
exp13:score_proj_l2h_lam0p20:seed42,test,temp0p75_pava_t0p50,4,0,0.0,1
exp13:score_proj_l2h_lam0p20:seed42,test,temp0p75_pava_t0p50,5,1,0.1111111111111111,1
exp13:score_proj_l2h_lam0p20:seed42,test,temp0p75_pava_t0p50,1,0,0.0,2
exp13:score_proj_l2h_lam0p20:seed42,test,temp0p75_pava_t0p50,2,0,0.0,2
exp13:score_proj_l2h_lam0p20:seed42,test,temp0p75_pava_t0p50,3,10,0.45454545454545453,2
exp13:score_proj_l2h_lam0p20:seed42,test,temp0p75_pava_t0p50,4,8,0.36363636363636365,2
exp13:score_proj_l2h_lam0p20:seed42,test,temp0p75_pava_t0p50,5,4,0.18181818181818182,2
exp13:score_proj_l2h_lam0p20:seed42,test,temp0p75_pava_t0p50,1,1,0.009523809523809525,3
exp13:score_proj_l2h_lam0p20:seed42,test,temp0p75_pava_t0p50,2,1,0.009523809523809525,3
exp13:score_proj_l2h_lam0p20:seed42,test,temp0p75_pava_t0p50,3,41,0.3904761904761905,3
exp13:score_proj_l2h_lam0p20:seed42,test,temp0p75_pava_t0p50,4,50,0.47619047619047616,3
exp13:score_proj_l2h_lam0p20:seed42,test,temp0p75_pava_t0p50,5,12,0.11428571428571428,3
exp13:score_proj_l2h_lam0p20:seed42,test,temp0p75_pava_t0p50,1,0,0.0,4
exp13:score_proj_l2h_lam0p20:seed42,test,temp0p75_pava_t0p50,2,0,0.0,4
exp13:score_proj_l2h_lam0p20:seed42,test,temp0p75_pava_t0p50,3,39,0.1111111111111111,4
exp13:score_proj_l2h_lam0p20:seed42,test,temp0p75_pava_t0p50,4,234,0.6666666666666666,4
exp13:score_proj_l2h_lam0p20:seed42,test,temp0p75_pava_t0p50,5,78,0.2222222222222222,4
exp13:score_proj_l2h_lam0p20:seed42,test,temp0p75_pava_t0p50,1,0,0.0,5
exp13:score_proj_l2h_lam0p20:seed42,test,temp0p75_pava_t0p50,2,2,0.003246753246753247,5
exp13:score_proj_l2h_lam0p20:seed42,test,temp0p75_pava_t0p50,3,7,0.011363636363636364,5
exp13:score_proj_l2h_lam0p20:seed42,test,temp0p75_pava_t0p50,4,142,0.2305194805194805,5
exp13:score_proj_l2h_lam0p20:seed42,test,temp0p75_pava_t0p50,5,465,0.7548701298701299,5
exp13:score_proj_l2h_lam0p20:seed42,dev,temp1p25_pava_t0p50,1,13,0.011743450767841012,
exp13:score_proj_l2h_lam0p20:seed42,dev,temp1p25_pava_t0p50,2,4,0.0036133694670280035,
exp13:score_proj_l2h_lam0p20:seed42,dev,temp1p25_pava_t0p50,3,104,0.0939476061427281,
exp13:score_proj_l2h_lam0p20:seed42,dev,temp1p25_pava_t0p50,4,402,0.36314363143631434,
exp13:score_proj_l2h_lam0p20:seed42,dev,temp1p25_pava_t0p50,5,584,0.5275519421860885,
exp13:score_proj_l2h_lam0p20:seed42,dev,temp1p25_pava_t0p50,1,13,0.6842105263157895,1
exp13:score_proj_l2h_lam0p20:seed42,dev,temp1p25_pava_t0p50,2,0,0.0,1
exp13:score_proj_l2h_lam0p20:seed42,dev,temp1p25_pava_t0p50,3,4,0.21052631578947367,1
exp13:score_proj_l2h_lam0p20:seed42,dev,temp1p25_pava_t0p50,4,2,0.10526315789473684,1
exp13:score_proj_l2h_lam0p20:seed42,dev,temp1p25_pava_t0p50,5,0,0.0,1
exp13:score_proj_l2h_lam0p20:seed42,dev,temp1p25_pava_t0p50,1,0,0.0,2
exp13:score_proj_l2h_lam0p20:seed42,dev,temp1p25_pava_t0p50,2,3,0.07894736842105263,2
exp13:score_proj_l2h_lam0p20:seed42,dev,temp1p25_pava_t0p50,3,9,0.23684210526315788,2
exp13:score_proj_l2h_lam0p20:seed42,dev,temp1p25_pava_t0p50,4,11,0.2894736842105263,2
exp13:score_proj_l2h_lam0p20:seed42,dev,temp1p25_pava_t0p50,5,15,0.39473684210526316,2
exp13:score_proj_l2h_lam0p20:seed42,dev,temp1p25_pava_t0p50,1,0,0.0,3
exp13:score_proj_l2h_lam0p20:seed42,dev,temp1p25_pava_t0p50,2,0,0.0,3
exp13:score_proj_l2h_lam0p20:seed42,dev,temp1p25_pava_t0p50,3,38,0.3619047619047619,3
exp13:score_proj_l2h_lam0p20:seed42,dev,temp1p25_pava_t0p50,4,42,0.4,3
exp13:score_proj_l2h_lam0p20:seed42,dev,temp1p25_pava_t0p50,5,25,0.23809523809523808,3
exp13:score_proj_l2h_lam0p20:seed42,dev,temp1p25_pava_t0p50,1,0,0.0,4
exp13:score_proj_l2h_lam0p20:seed42,dev,temp1p25_pava_t0p50,2,0,0.0,4
exp13:score_proj_l2h_lam0p20:seed42,dev,temp1p25_pava_t0p50,3,48,0.12339331619537275,4
exp13:score_proj_l2h_lam0p20:seed42,dev,temp1p25_pava_t0p50,4,228,0.5861182519280206,4
exp13:score_proj_l2h_lam0p20:seed42,dev,temp1p25_pava_t0p50,5,113,0.29048843187660667,4
exp13:score_proj_l2h_lam0p20:seed42,dev,temp1p25_pava_t0p50,1,0,0.0,5
exp13:score_proj_l2h_lam0p20:seed42,dev,temp1p25_pava_t0p50,2,1,0.0017985611510791368,5
exp13:score_proj_l2h_lam0p20:seed42,dev,temp1p25_pava_t0p50,3,5,0.008992805755395683,5
exp13:score_proj_l2h_lam0p20:seed42,dev,temp1p25_pava_t0p50,4,119,0.21402877697841727,5
exp13:score_proj_l2h_lam0p20:seed42,dev,temp1p25_pava_t0p50,5,431,0.7751798561151079,5
exp13:score_proj_l2h_lam0p20:seed42,test,temp1p25_pava_t0p50,1,9,0.008159564823209429,
exp13:score_proj_l2h_lam0p20:seed42,test,temp1p25_pava_t0p50,2,3,0.0027198549410698096,
exp13:score_proj_l2h_lam0p20:seed42,test,temp1p25_pava_t0p50,3,97,0.08794197642792384,
exp13:score_proj_l2h_lam0p20:seed42,test,temp1p25_pava_t0p50,4,434,0.39347234814143245,
exp13:score_proj_l2h_lam0p20:seed42,test,temp1p25_pava_t0p50,5,560,0.5077062556663645,
exp13:score_proj_l2h_lam0p20:seed42,test,temp1p25_pava_t0p50,1,8,0.8888888888888888,1
exp13:score_proj_l2h_lam0p20:seed42,test,temp1p25_pava_t0p50,2,0,0.0,1
exp13:score_proj_l2h_lam0p20:seed42,test,temp1p25_pava_t0p50,3,0,0.0,1
exp13:score_proj_l2h_lam0p20:seed42,test,temp1p25_pava_t0p50,4,0,0.0,1
exp13:score_proj_l2h_lam0p20:seed42,test,temp1p25_pava_t0p50,5,1,0.1111111111111111,1
exp13:score_proj_l2h_lam0p20:seed42,test,temp1p25_pava_t0p50,1,0,0.0,2
exp13:score_proj_l2h_lam0p20:seed42,test,temp1p25_pava_t0p50,2,0,0.0,2
exp13:score_proj_l2h_lam0p20:seed42,test,temp1p25_pava_t0p50,3,10,0.45454545454545453,2
exp13:score_proj_l2h_lam0p20:seed42,test,temp1p25_pava_t0p50,4,8,0.36363636363636365,2
exp13:score_proj_l2h_lam0p20:seed42,test,temp1p25_pava_t0p50,5,4,0.18181818181818182,2
exp13:score_proj_l2h_lam0p20:seed42,test,temp1p25_pava_t0p50,1,1,0.009523809523809525,3
exp13:score_proj_l2h_lam0p20:seed42,test,temp1p25_pava_t0p50,2,1,0.009523809523809525,3
exp13:score_proj_l2h_lam0p20:seed42,test,temp1p25_pava_t0p50,3,41,0.3904761904761905,3
exp13:score_proj_l2h_lam0p20:seed42,test,temp1p25_pava_t0p50,4,50,0.47619047619047616,3
exp13:score_proj_l2h_lam0p20:seed42,test,temp1p25_pava_t0p50,5,12,0.11428571428571428,3
exp13:score_proj_l2h_lam0p20:seed42,test,temp1p25_pava_t0p50,1,0,0.0,4
exp13:score_proj_l2h_lam0p20:seed42,test,temp1p25_pava_t0p50,2,0,0.0,4
exp13:score_proj_l2h_lam0p20:seed42,test,temp1p25_pava_t0p50,3,39,0.1111111111111111,4
exp13:score_proj_l2h_lam0p20:seed42,test,temp1p25_pava_t0p50,4,234,0.6666666666666666,4
exp13:score_proj_l2h_lam0p20:seed42,test,temp1p25_pava_t0p50,5,78,0.2222222222222222,4
exp13:score_proj_l2h_lam0p20:seed42,test,temp1p25_pava_t0p50,1,0,0.0,5
exp13:score_proj_l2h_lam0p20:seed42,test,temp1p25_pava_t0p50,2,2,0.003246753246753247,5
exp13:score_proj_l2h_lam0p20:seed42,test,temp1p25_pava_t0p50,3,7,0.011363636363636364,5
exp13:score_proj_l2h_lam0p20:seed42,test,temp1p25_pava_t0p50,4,142,0.2305194805194805,5
exp13:score_proj_l2h_lam0p20:seed42,test,temp1p25_pava_t0p50,5,465,0.7548701298701299,5
exp13:score_proj_l2h_lam0p20:seed42,dev,temp1p5_pava_t0p50,1,13,0.011743450767841012,
exp13:score_proj_l2h_lam0p20:seed42,dev,temp1p5_pava_t0p50,2,4,0.0036133694670280035,
exp13:score_proj_l2h_lam0p20:seed42,dev,temp1p5_pava_t0p50,3,104,0.0939476061427281,
exp13:score_proj_l2h_lam0p20:seed42,dev,temp1p5_pava_t0p50,4,402,0.36314363143631434,
exp13:score_proj_l2h_lam0p20:seed42,dev,temp1p5_pava_t0p50,5,584,0.5275519421860885,
exp13:score_proj_l2h_lam0p20:seed42,dev,temp1p5_pava_t0p50,1,13,0.6842105263157895,1
exp13:score_proj_l2h_lam0p20:seed42,dev,temp1p5_pava_t0p50,2,0,0.0,1
exp13:score_proj_l2h_lam0p20:seed42,dev,temp1p5_pava_t0p50,3,4,0.21052631578947367,1
exp13:score_proj_l2h_lam0p20:seed42,dev,temp1p5_pava_t0p50,4,2,0.10526315789473684,1
exp13:score_proj_l2h_lam0p20:seed42,dev,temp1p5_pava_t0p50,5,0,0.0,1
exp13:score_proj_l2h_lam0p20:seed42,dev,temp1p5_pava_t0p50,1,0,0.0,2
exp13:score_proj_l2h_lam0p20:seed42,dev,temp1p5_pava_t0p50,2,3,0.07894736842105263,2
exp13:score_proj_l2h_lam0p20:seed42,dev,temp1p5_pava_t0p50,3,9,0.23684210526315788,2
exp13:score_proj_l2h_lam0p20:seed42,dev,temp1p5_pava_t0p50,4,11,0.2894736842105263,2
exp13:score_proj_l2h_lam0p20:seed42,dev,temp1p5_pava_t0p50,5,15,0.39473684210526316,2
exp13:score_proj_l2h_lam0p20:seed42,dev,temp1p5_pava_t0p50,1,0,0.0,3
exp13:score_proj_l2h_lam0p20:seed42,dev,temp1p5_pava_t0p50,2,0,0.0,3
exp13:score_proj_l2h_lam0p20:seed42,dev,temp1p5_pava_t0p50,3,38,0.3619047619047619,3
exp13:score_proj_l2h_lam0p20:seed42,dev,temp1p5_pava_t0p50,4,42,0.4,3
exp13:score_proj_l2h_lam0p20:seed42,dev,temp1p5_pava_t0p50,5,25,0.23809523809523808,3
exp13:score_proj_l2h_lam0p20:seed42,dev,temp1p5_pava_t0p50,1,0,0.0,4
exp13:score_proj_l2h_lam0p20:seed42,dev,temp1p5_pava_t0p50,2,0,0.0,4
exp13:score_proj_l2h_lam0p20:seed42,dev,temp1p5_pava_t0p50,3,48,0.12339331619537275,4
exp13:score_proj_l2h_lam0p20:seed42,dev,temp1p5_pava_t0p50,4,228,0.5861182519280206,4
exp13:score_proj_l2h_lam0p20:seed42,dev,temp1p5_pava_t0p50,5,113,0.29048843187660667,4
exp13:score_proj_l2h_lam0p20:seed42,dev,temp1p5_pava_t0p50,1,0,0.0,5
exp13:score_proj_l2h_lam0p20:seed42,dev,temp1p5_pava_t0p50,2,1,0.0017985611510791368,5
exp13:score_proj_l2h_lam0p20:seed42,dev,temp1p5_pava_t0p50,3,5,0.008992805755395683,5
exp13:score_proj_l2h_lam0p20:seed42,dev,temp1p5_pava_t0p50,4,119,0.21402877697841727,5
exp13:score_proj_l2h_lam0p20:seed42,dev,temp1p5_pava_t0p50,5,431,0.7751798561151079,5
exp13:score_proj_l2h_lam0p20:seed42,test,temp1p5_pava_t0p50,1,9,0.008159564823209429,
exp13:score_proj_l2h_lam0p20:seed42,test,temp1p5_pava_t0p50,2,3,0.0027198549410698096,
exp13:score_proj_l2h_lam0p20:seed42,test,temp1p5_pava_t0p50,3,97,0.08794197642792384,
exp13:score_proj_l2h_lam0p20:seed42,test,temp1p5_pava_t0p50,4,434,0.39347234814143245,
exp13:score_proj_l2h_lam0p20:seed42,test,temp1p5_pava_t0p50,5,560,0.5077062556663645,
exp13:score_proj_l2h_lam0p20:seed42,test,temp1p5_pava_t0p50,1,8,0.8888888888888888,1
exp13:score_proj_l2h_lam0p20:seed42,test,temp1p5_pava_t0p50,2,0,0.0,1
exp13:score_proj_l2h_lam0p20:seed42,test,temp1p5_pava_t0p50,3,0,0.0,1
exp13:score_proj_l2h_lam0p20:seed42,test,temp1p5_pava_t0p50,4,0,0.0,1
exp13:score_proj_l2h_lam0p20:seed42,test,temp1p5_pava_t0p50,5,1,0.1111111111111111,1
exp13:score_proj_l2h_lam0p20:seed42,test,temp1p5_pava_t0p50,1,0,0.0,2
exp13:score_proj_l2h_lam0p20:seed42,test,temp1p5_pava_t0p50,2,0,0.0,2
exp13:score_proj_l2h_lam0p20:seed42,test,temp1p5_pava_t0p50,3,10,0.45454545454545453,2
exp13:score_proj_l2h_lam0p20:seed42,test,temp1p5_pava_t0p50,4,8,0.36363636363636365,2
exp13:score_proj_l2h_lam0p20:seed42,test,temp1p5_pava_t0p50,5,4,0.18181818181818182,2
exp13:score_proj_l2h_lam0p20:seed42,test,temp1p5_pava_t0p50,1,1,0.009523809523809525,3
exp13:score_proj_l2h_lam0p20:seed42,test,temp1p5_pava_t0p50,2,1,0.009523809523809525,3
exp13:score_proj_l2h_lam0p20:seed42,test,temp1p5_pava_t0p50,3,41,0.3904761904761905,3
exp13:score_proj_l2h_lam0p20:seed42,test,temp1p5_pava_t0p50,4,50,0.47619047619047616,3
exp13:score_proj_l2h_lam0p20:seed42,test,temp1p5_pava_t0p50,5,12,0.11428571428571428,3
exp13:score_proj_l2h_lam0p20:seed42,test,temp1p5_pava_t0p50,1,0,0.0,4
exp13:score_proj_l2h_lam0p20:seed42,test,temp1p5_pava_t0p50,2,0,0.0,4
exp13:score_proj_l2h_lam0p20:seed42,test,temp1p5_pava_t0p50,3,39,0.1111111111111111,4
exp13:score_proj_l2h_lam0p20:seed42,test,temp1p5_pava_t0p50,4,234,0.6666666666666666,4
exp13:score_proj_l2h_lam0p20:seed42,test,temp1p5_pava_t0p50,5,78,0.2222222222222222,4
exp13:score_proj_l2h_lam0p20:seed42,test,temp1p5_pava_t0p50,1,0,0.0,5
exp13:score_proj_l2h_lam0p20:seed42,test,temp1p5_pava_t0p50,2,2,0.003246753246753247,5
exp13:score_proj_l2h_lam0p20:seed42,test,temp1p5_pava_t0p50,3,7,0.011363636363636364,5
exp13:score_proj_l2h_lam0p20:seed42,test,temp1p5_pava_t0p50,4,142,0.2305194805194805,5
exp13:score_proj_l2h_lam0p20:seed42,test,temp1p5_pava_t0p50,5,465,0.7548701298701299,5
exp13:score_proj_l2h_lam0p20:seed42,dev,temp2p0_pava_t0p50,1,13,0.011743450767841012,
exp13:score_proj_l2h_lam0p20:seed42,dev,temp2p0_pava_t0p50,2,4,0.0036133694670280035,
exp13:score_proj_l2h_lam0p20:seed42,dev,temp2p0_pava_t0p50,3,104,0.0939476061427281,
exp13:score_proj_l2h_lam0p20:seed42,dev,temp2p0_pava_t0p50,4,402,0.36314363143631434,
exp13:score_proj_l2h_lam0p20:seed42,dev,temp2p0_pava_t0p50,5,584,0.5275519421860885,
exp13:score_proj_l2h_lam0p20:seed42,dev,temp2p0_pava_t0p50,1,13,0.6842105263157895,1
exp13:score_proj_l2h_lam0p20:seed42,dev,temp2p0_pava_t0p50,2,0,0.0,1
exp13:score_proj_l2h_lam0p20:seed42,dev,temp2p0_pava_t0p50,3,4,0.21052631578947367,1
exp13:score_proj_l2h_lam0p20:seed42,dev,temp2p0_pava_t0p50,4,2,0.10526315789473684,1
exp13:score_proj_l2h_lam0p20:seed42,dev,temp2p0_pava_t0p50,5,0,0.0,1
exp13:score_proj_l2h_lam0p20:seed42,dev,temp2p0_pava_t0p50,1,0,0.0,2
exp13:score_proj_l2h_lam0p20:seed42,dev,temp2p0_pava_t0p50,2,3,0.07894736842105263,2
exp13:score_proj_l2h_lam0p20:seed42,dev,temp2p0_pava_t0p50,3,9,0.23684210526315788,2
exp13:score_proj_l2h_lam0p20:seed42,dev,temp2p0_pava_t0p50,4,11,0.2894736842105263,2
exp13:score_proj_l2h_lam0p20:seed42,dev,temp2p0_pava_t0p50,5,15,0.39473684210526316,2
exp13:score_proj_l2h_lam0p20:seed42,dev,temp2p0_pava_t0p50,1,0,0.0,3
exp13:score_proj_l2h_lam0p20:seed42,dev,temp2p0_pava_t0p50,2,0,0.0,3
exp13:score_proj_l2h_lam0p20:seed42,dev,temp2p0_pava_t0p50,3,38,0.3619047619047619,3
exp13:score_proj_l2h_lam0p20:seed42,dev,temp2p0_pava_t0p50,4,42,0.4,3
exp13:score_proj_l2h_lam0p20:seed42,dev,temp2p0_pava_t0p50,5,25,0.23809523809523808,3
exp13:score_proj_l2h_lam0p20:seed42,dev,temp2p0_pava_t0p50,1,0,0.0,4
exp13:score_proj_l2h_lam0p20:seed42,dev,temp2p0_pava_t0p50,2,0,0.0,4
exp13:score_proj_l2h_lam0p20:seed42,dev,temp2p0_pava_t0p50,3,48,0.12339331619537275,4
exp13:score_proj_l2h_lam0p20:seed42,dev,temp2p0_pava_t0p50,4,228,0.5861182519280206,4
exp13:score_proj_l2h_lam0p20:seed42,dev,temp2p0_pava_t0p50,5,113,0.29048843187660667,4
exp13:score_proj_l2h_lam0p20:seed42,dev,temp2p0_pava_t0p50,1,0,0.0,5
exp13:score_proj_l2h_lam0p20:seed42,dev,temp2p0_pava_t0p50,2,1,0.0017985611510791368,5
exp13:score_proj_l2h_lam0p20:seed42,dev,temp2p0_pava_t0p50,3,5,0.008992805755395683,5
exp13:score_proj_l2h_lam0p20:seed42,dev,temp2p0_pava_t0p50,4,119,0.21402877697841727,5
exp13:score_proj_l2h_lam0p20:seed42,dev,temp2p0_pava_t0p50,5,431,0.7751798561151079,5
exp13:score_proj_l2h_lam0p20:seed42,test,temp2p0_pava_t0p50,1,9,0.008159564823209429,
exp13:score_proj_l2h_lam0p20:seed42,test,temp2p0_pava_t0p50,2,3,0.0027198549410698096,
exp13:score_proj_l2h_lam0p20:seed42,test,temp2p0_pava_t0p50,3,97,0.08794197642792384,
exp13:score_proj_l2h_lam0p20:seed42,test,temp2p0_pava_t0p50,4,434,0.39347234814143245,
exp13:score_proj_l2h_lam0p20:seed42,test,temp2p0_pava_t0p50,5,560,0.5077062556663645,
exp13:score_proj_l2h_lam0p20:seed42,test,temp2p0_pava_t0p50,1,8,0.8888888888888888,1
exp13:score_proj_l2h_lam0p20:seed42,test,temp2p0_pava_t0p50,2,0,0.0,1
exp13:score_proj_l2h_lam0p20:seed42,test,temp2p0_pava_t0p50,3,0,0.0,1
exp13:score_proj_l2h_lam0p20:seed42,test,temp2p0_pava_t0p50,4,0,0.0,1
exp13:score_proj_l2h_lam0p20:seed42,test,temp2p0_pava_t0p50,5,1,0.1111111111111111,1
exp13:score_proj_l2h_lam0p20:seed42,test,temp2p0_pava_t0p50,1,0,0.0,2
exp13:score_proj_l2h_lam0p20:seed42,test,temp2p0_pava_t0p50,2,0,0.0,2
exp13:score_proj_l2h_lam0p20:seed42,test,temp2p0_pava_t0p50,3,10,0.45454545454545453,2
exp13:score_proj_l2h_lam0p20:seed42,test,temp2p0_pava_t0p50,4,8,0.36363636363636365,2
exp13:score_proj_l2h_lam0p20:seed42,test,temp2p0_pava_t0p50,5,4,0.18181818181818182,2
exp13:score_proj_l2h_lam0p20:seed42,test,temp2p0_pava_t0p50,1,1,0.009523809523809525,3
exp13:score_proj_l2h_lam0p20:seed42,test,temp2p0_pava_t0p50,2,1,0.009523809523809525,3
exp13:score_proj_l2h_lam0p20:seed42,test,temp2p0_pava_t0p50,3,41,0.3904761904761905,3
exp13:score_proj_l2h_lam0p20:seed42,test,temp2p0_pava_t0p50,4,50,0.47619047619047616,3
exp13:score_proj_l2h_lam0p20:seed42,test,temp2p0_pava_t0p50,5,12,0.11428571428571428,3
exp13:score_proj_l2h_lam0p20:seed42,test,temp2p0_pava_t0p50,1,0,0.0,4
exp13:score_proj_l2h_lam0p20:seed42,test,temp2p0_pava_t0p50,2,0,0.0,4
exp13:score_proj_l2h_lam0p20:seed42,test,temp2p0_pava_t0p50,3,39,0.1111111111111111,4
exp13:score_proj_l2h_lam0p20:seed42,test,temp2p0_pava_t0p50,4,234,0.6666666666666666,4
exp13:score_proj_l2h_lam0p20:seed42,test,temp2p0_pava_t0p50,5,78,0.2222222222222222,4
exp13:score_proj_l2h_lam0p20:seed42,test,temp2p0_pava_t0p50,1,0,0.0,5
exp13:score_proj_l2h_lam0p20:seed42,test,temp2p0_pava_t0p50,2,2,0.003246753246753247,5
exp13:score_proj_l2h_lam0p20:seed42,test,temp2p0_pava_t0p50,3,7,0.011363636363636364,5
exp13:score_proj_l2h_lam0p20:seed42,test,temp2p0_pava_t0p50,4,142,0.2305194805194805,5
exp13:score_proj_l2h_lam0p20:seed42,test,temp2p0_pava_t0p50,5,465,0.7548701298701299,5
exp13:score_proj_l2h_lam0p20:seed42,dev,temp3p0_pava_t0p50,1,13,0.011743450767841012,
exp13:score_proj_l2h_lam0p20:seed42,dev,temp3p0_pava_t0p50,2,4,0.0036133694670280035,
exp13:score_proj_l2h_lam0p20:seed42,dev,temp3p0_pava_t0p50,3,104,0.0939476061427281,
exp13:score_proj_l2h_lam0p20:seed42,dev,temp3p0_pava_t0p50,4,402,0.36314363143631434,
exp13:score_proj_l2h_lam0p20:seed42,dev,temp3p0_pava_t0p50,5,584,0.5275519421860885,
exp13:score_proj_l2h_lam0p20:seed42,dev,temp3p0_pava_t0p50,1,13,0.6842105263157895,1
exp13:score_proj_l2h_lam0p20:seed42,dev,temp3p0_pava_t0p50,2,0,0.0,1
exp13:score_proj_l2h_lam0p20:seed42,dev,temp3p0_pava_t0p50,3,4,0.21052631578947367,1
exp13:score_proj_l2h_lam0p20:seed42,dev,temp3p0_pava_t0p50,4,2,0.10526315789473684,1
exp13:score_proj_l2h_lam0p20:seed42,dev,temp3p0_pava_t0p50,5,0,0.0,1
exp13:score_proj_l2h_lam0p20:seed42,dev,temp3p0_pava_t0p50,1,0,0.0,2
exp13:score_proj_l2h_lam0p20:seed42,dev,temp3p0_pava_t0p50,2,3,0.07894736842105263,2
exp13:score_proj_l2h_lam0p20:seed42,dev,temp3p0_pava_t0p50,3,9,0.23684210526315788,2
exp13:score_proj_l2h_lam0p20:seed42,dev,temp3p0_pava_t0p50,4,11,0.2894736842105263,2
exp13:score_proj_l2h_lam0p20:seed42,dev,temp3p0_pava_t0p50,5,15,0.39473684210526316,2
exp13:score_proj_l2h_lam0p20:seed42,dev,temp3p0_pava_t0p50,1,0,0.0,3
exp13:score_proj_l2h_lam0p20:seed42,dev,temp3p0_pava_t0p50,2,0,0.0,3
exp13:score_proj_l2h_lam0p20:seed42,dev,temp3p0_pava_t0p50,3,38,0.3619047619047619,3
exp13:score_proj_l2h_lam0p20:seed42,dev,temp3p0_pava_t0p50,4,42,0.4,3
exp13:score_proj_l2h_lam0p20:seed42,dev,temp3p0_pava_t0p50,5,25,0.23809523809523808,3
exp13:score_proj_l2h_lam0p20:seed42,dev,temp3p0_pava_t0p50,1,0,0.0,4
exp13:score_proj_l2h_lam0p20:seed42,dev,temp3p0_pava_t0p50,2,0,0.0,4
exp13:score_proj_l2h_lam0p20:seed42,dev,temp3p0_pava_t0p50,3,48,0.12339331619537275,4
exp13:score_proj_l2h_lam0p20:seed42,dev,temp3p0_pava_t0p50,4,228,0.5861182519280206,4
exp13:score_proj_l2h_lam0p20:seed42,dev,temp3p0_pava_t0p50,5,113,0.29048843187660667,4
exp13:score_proj_l2h_lam0p20:seed42,dev,temp3p0_pava_t0p50,1,0,0.0,5
exp13:score_proj_l2h_lam0p20:seed42,dev,temp3p0_pava_t0p50,2,1,0.0017985611510791368,5
exp13:score_proj_l2h_lam0p20:seed42,dev,temp3p0_pava_t0p50,3,5,0.008992805755395683,5
exp13:score_proj_l2h_lam0p20:seed42,dev,temp3p0_pava_t0p50,4,119,0.21402877697841727,5
exp13:score_proj_l2h_lam0p20:seed42,dev,temp3p0_pava_t0p50,5,431,0.7751798561151079,5
exp13:score_proj_l2h_lam0p20:seed42,test,temp3p0_pava_t0p50,1,9,0.008159564823209429,
exp13:score_proj_l2h_lam0p20:seed42,test,temp3p0_pava_t0p50,2,3,0.0027198549410698096,
exp13:score_proj_l2h_lam0p20:seed42,test,temp3p0_pava_t0p50,3,97,0.08794197642792384,
exp13:score_proj_l2h_lam0p20:seed42,test,temp3p0_pava_t0p50,4,434,0.39347234814143245,
exp13:score_proj_l2h_lam0p20:seed42,test,temp3p0_pava_t0p50,5,560,0.5077062556663645,
exp13:score_proj_l2h_lam0p20:seed42,test,temp3p0_pava_t0p50,1,8,0.8888888888888888,1
exp13:score_proj_l2h_lam0p20:seed42,test,temp3p0_pava_t0p50,2,0,0.0,1
exp13:score_proj_l2h_lam0p20:seed42,test,temp3p0_pava_t0p50,3,0,0.0,1
exp13:score_proj_l2h_lam0p20:seed42,test,temp3p0_pava_t0p50,4,0,0.0,1
exp13:score_proj_l2h_lam0p20:seed42,test,temp3p0_pava_t0p50,5,1,0.1111111111111111,1
exp13:score_proj_l2h_lam0p20:seed42,test,temp3p0_pava_t0p50,1,0,0.0,2
exp13:score_proj_l2h_lam0p20:seed42,test,temp3p0_pava_t0p50,2,0,0.0,2
exp13:score_proj_l2h_lam0p20:seed42,test,temp3p0_pava_t0p50,3,10,0.45454545454545453,2
exp13:score_proj_l2h_lam0p20:seed42,test,temp3p0_pava_t0p50,4,8,0.36363636363636365,2
exp13:score_proj_l2h_lam0p20:seed42,test,temp3p0_pava_t0p50,5,4,0.18181818181818182,2
exp13:score_proj_l2h_lam0p20:seed42,test,temp3p0_pava_t0p50,1,1,0.009523809523809525,3
exp13:score_proj_l2h_lam0p20:seed42,test,temp3p0_pava_t0p50,2,1,0.009523809523809525,3
exp13:score_proj_l2h_lam0p20:seed42,test,temp3p0_pava_t0p50,3,41,0.3904761904761905,3
exp13:score_proj_l2h_lam0p20:seed42,test,temp3p0_pava_t0p50,4,50,0.47619047619047616,3
exp13:score_proj_l2h_lam0p20:seed42,test,temp3p0_pava_t0p50,5,12,0.11428571428571428,3
exp13:score_proj_l2h_lam0p20:seed42,test,temp3p0_pava_t0p50,1,0,0.0,4
exp13:score_proj_l2h_lam0p20:seed42,test,temp3p0_pava_t0p50,2,0,0.0,4
exp13:score_proj_l2h_lam0p20:seed42,test,temp3p0_pava_t0p50,3,39,0.1111111111111111,4
exp13:score_proj_l2h_lam0p20:seed42,test,temp3p0_pava_t0p50,4,234,0.6666666666666666,4
exp13:score_proj_l2h_lam0p20:seed42,test,temp3p0_pava_t0p50,5,78,0.2222222222222222,4
exp13:score_proj_l2h_lam0p20:seed42,test,temp3p0_pava_t0p50,1,0,0.0,5
exp13:score_proj_l2h_lam0p20:seed42,test,temp3p0_pava_t0p50,2,2,0.003246753246753247,5
exp13:score_proj_l2h_lam0p20:seed42,test,temp3p0_pava_t0p50,3,7,0.011363636363636364,5
exp13:score_proj_l2h_lam0p20:seed42,test,temp3p0_pava_t0p50,4,142,0.2305194805194805,5
exp13:score_proj_l2h_lam0p20:seed42,test,temp3p0_pava_t0p50,5,465,0.7548701298701299,5
exp13:score_proj_l2h_lam0p20:seed42,dev,temp4p0_pava_t0p50,1,13,0.011743450767841012,
exp13:score_proj_l2h_lam0p20:seed42,dev,temp4p0_pava_t0p50,2,4,0.0036133694670280035,
exp13:score_proj_l2h_lam0p20:seed42,dev,temp4p0_pava_t0p50,3,104,0.0939476061427281,
exp13:score_proj_l2h_lam0p20:seed42,dev,temp4p0_pava_t0p50,4,402,0.36314363143631434,
exp13:score_proj_l2h_lam0p20:seed42,dev,temp4p0_pava_t0p50,5,584,0.5275519421860885,
exp13:score_proj_l2h_lam0p20:seed42,dev,temp4p0_pava_t0p50,1,13,0.6842105263157895,1
exp13:score_proj_l2h_lam0p20:seed42,dev,temp4p0_pava_t0p50,2,0,0.0,1
exp13:score_proj_l2h_lam0p20:seed42,dev,temp4p0_pava_t0p50,3,4,0.21052631578947367,1
exp13:score_proj_l2h_lam0p20:seed42,dev,temp4p0_pava_t0p50,4,2,0.10526315789473684,1
exp13:score_proj_l2h_lam0p20:seed42,dev,temp4p0_pava_t0p50,5,0,0.0,1
exp13:score_proj_l2h_lam0p20:seed42,dev,temp4p0_pava_t0p50,1,0,0.0,2
exp13:score_proj_l2h_lam0p20:seed42,dev,temp4p0_pava_t0p50,2,3,0.07894736842105263,2
exp13:score_proj_l2h_lam0p20:seed42,dev,temp4p0_pava_t0p50,3,9,0.23684210526315788,2
exp13:score_proj_l2h_lam0p20:seed42,dev,temp4p0_pava_t0p50,4,11,0.2894736842105263,2
exp13:score_proj_l2h_lam0p20:seed42,dev,temp4p0_pava_t0p50,5,15,0.39473684210526316,2
exp13:score_proj_l2h_lam0p20:seed42,dev,temp4p0_pava_t0p50,1,0,0.0,3
exp13:score_proj_l2h_lam0p20:seed42,dev,temp4p0_pava_t0p50,2,0,0.0,3
exp13:score_proj_l2h_lam0p20:seed42,dev,temp4p0_pava_t0p50,3,38,0.3619047619047619,3
exp13:score_proj_l2h_lam0p20:seed42,dev,temp4p0_pava_t0p50,4,42,0.4,3
exp13:score_proj_l2h_lam0p20:seed42,dev,temp4p0_pava_t0p50,5,25,0.23809523809523808,3
exp13:score_proj_l2h_lam0p20:seed42,dev,temp4p0_pava_t0p50,1,0,0.0,4
exp13:score_proj_l2h_lam0p20:seed42,dev,temp4p0_pava_t0p50,2,0,0.0,4
exp13:score_proj_l2h_lam0p20:seed42,dev,temp4p0_pava_t0p50,3,48,0.12339331619537275,4
exp13:score_proj_l2h_lam0p20:seed42,dev,temp4p0_pava_t0p50,4,228,0.5861182519280206,4
exp13:score_proj_l2h_lam0p20:seed42,dev,temp4p0_pava_t0p50,5,113,0.29048843187660667,4
exp13:score_proj_l2h_lam0p20:seed42,dev,temp4p0_pava_t0p50,1,0,0.0,5
exp13:score_proj_l2h_lam0p20:seed42,dev,temp4p0_pava_t0p50,2,1,0.0017985611510791368,5
exp13:score_proj_l2h_lam0p20:seed42,dev,temp4p0_pava_t0p50,3,5,0.008992805755395683,5
exp13:score_proj_l2h_lam0p20:seed42,dev,temp4p0_pava_t0p50,4,119,0.21402877697841727,5
exp13:score_proj_l2h_lam0p20:seed42,dev,temp4p0_pava_t0p50,5,431,0.7751798561151079,5
exp13:score_proj_l2h_lam0p20:seed42,test,temp4p0_pava_t0p50,1,9,0.008159564823209429,
exp13:score_proj_l2h_lam0p20:seed42,test,temp4p0_pava_t0p50,2,3,0.0027198549410698096,
exp13:score_proj_l2h_lam0p20:seed42,test,temp4p0_pava_t0p50,3,97,0.08794197642792384,
exp13:score_proj_l2h_lam0p20:seed42,test,temp4p0_pava_t0p50,4,434,0.39347234814143245,
exp13:score_proj_l2h_lam0p20:seed42,test,temp4p0_pava_t0p50,5,560,0.5077062556663645,
exp13:score_proj_l2h_lam0p20:seed42,test,temp4p0_pava_t0p50,1,8,0.8888888888888888,1
exp13:score_proj_l2h_lam0p20:seed42,test,temp4p0_pava_t0p50,2,0,0.0,1
exp13:score_proj_l2h_lam0p20:seed42,test,temp4p0_pava_t0p50,3,0,0.0,1
exp13:score_proj_l2h_lam0p20:seed42,test,temp4p0_pava_t0p50,4,0,0.0,1
exp13:score_proj_l2h_lam0p20:seed42,test,temp4p0_pava_t0p50,5,1,0.1111111111111111,1
exp13:score_proj_l2h_lam0p20:seed42,test,temp4p0_pava_t0p50,1,0,0.0,2
exp13:score_proj_l2h_lam0p20:seed42,test,temp4p0_pava_t0p50,2,0,0.0,2
exp13:score_proj_l2h_lam0p20:seed42,test,temp4p0_pava_t0p50,3,10,0.45454545454545453,2
exp13:score_proj_l2h_lam0p20:seed42,test,temp4p0_pava_t0p50,4,8,0.36363636363636365,2
exp13:score_proj_l2h_lam0p20:seed42,test,temp4p0_pava_t0p50,5,4,0.18181818181818182,2
exp13:score_proj_l2h_lam0p20:seed42,test,temp4p0_pava_t0p50,1,1,0.009523809523809525,3
exp13:score_proj_l2h_lam0p20:seed42,test,temp4p0_pava_t0p50,2,1,0.009523809523809525,3
exp13:score_proj_l2h_lam0p20:seed42,test,temp4p0_pava_t0p50,3,41,0.3904761904761905,3
exp13:score_proj_l2h_lam0p20:seed42,test,temp4p0_pava_t0p50,4,50,0.47619047619047616,3
exp13:score_proj_l2h_lam0p20:seed42,test,temp4p0_pava_t0p50,5,12,0.11428571428571428,3
exp13:score_proj_l2h_lam0p20:seed42,test,temp4p0_pava_t0p50,1,0,0.0,4
exp13:score_proj_l2h_lam0p20:seed42,test,temp4p0_pava_t0p50,2,0,0.0,4
exp13:score_proj_l2h_lam0p20:seed42,test,temp4p0_pava_t0p50,3,39,0.1111111111111111,4
exp13:score_proj_l2h_lam0p20:seed42,test,temp4p0_pava_t0p50,4,234,0.6666666666666666,4
exp13:score_proj_l2h_lam0p20:seed42,test,temp4p0_pava_t0p50,5,78,0.2222222222222222,4
exp13:score_proj_l2h_lam0p20:seed42,test,temp4p0_pava_t0p50,1,0,0.0,5
exp13:score_proj_l2h_lam0p20:seed42,test,temp4p0_pava_t0p50,2,2,0.003246753246753247,5
exp13:score_proj_l2h_lam0p20:seed42,test,temp4p0_pava_t0p50,3,7,0.011363636363636364,5
exp13:score_proj_l2h_lam0p20:seed42,test,temp4p0_pava_t0p50,4,142,0.2305194805194805,5
exp13:score_proj_l2h_lam0p20:seed42,test,temp4p0_pava_t0p50,5,465,0.7548701298701299,5
exp13:score_proj_l2h_lam0p20:seed42,dev,pava_all_tau0p55,1,13,0.011743450767841012,
exp13:score_proj_l2h_lam0p20:seed42,dev,pava_all_tau0p55,2,4,0.0036133694670280035,
exp13:score_proj_l2h_lam0p20:seed42,dev,pava_all_tau0p55,3,110,0.0993676603432701,
exp13:score_proj_l2h_lam0p20:seed42,dev,pava_all_tau0p55,4,420,0.3794037940379404,
exp13:score_proj_l2h_lam0p20:seed42,dev,pava_all_tau0p55,5,560,0.5058717253839206,
exp13:score_proj_l2h_lam0p20:seed42,dev,pava_all_tau0p55,1,13,0.6842105263157895,1
exp13:score_proj_l2h_lam0p20:seed42,dev,pava_all_tau0p55,2,0,0.0,1
exp13:score_proj_l2h_lam0p20:seed42,dev,pava_all_tau0p55,3,4,0.21052631578947367,1
exp13:score_proj_l2h_lam0p20:seed42,dev,pava_all_tau0p55,4,2,0.10526315789473684,1
exp13:score_proj_l2h_lam0p20:seed42,dev,pava_all_tau0p55,5,0,0.0,1
exp13:score_proj_l2h_lam0p20:seed42,dev,pava_all_tau0p55,1,0,0.0,2
exp13:score_proj_l2h_lam0p20:seed42,dev,pava_all_tau0p55,2,3,0.07894736842105263,2
exp13:score_proj_l2h_lam0p20:seed42,dev,pava_all_tau0p55,3,9,0.23684210526315788,2
exp13:score_proj_l2h_lam0p20:seed42,dev,pava_all_tau0p55,4,12,0.3157894736842105,2
exp13:score_proj_l2h_lam0p20:seed42,dev,pava_all_tau0p55,5,14,0.3684210526315789,2
exp13:score_proj_l2h_lam0p20:seed42,dev,pava_all_tau0p55,1,0,0.0,3
exp13:score_proj_l2h_lam0p20:seed42,dev,pava_all_tau0p55,2,0,0.0,3
exp13:score_proj_l2h_lam0p20:seed42,dev,pava_all_tau0p55,3,39,0.37142857142857144,3
exp13:score_proj_l2h_lam0p20:seed42,dev,pava_all_tau0p55,4,41,0.3904761904761905,3
exp13:score_proj_l2h_lam0p20:seed42,dev,pava_all_tau0p55,5,25,0.23809523809523808,3
exp13:score_proj_l2h_lam0p20:seed42,dev,pava_all_tau0p55,1,0,0.0,4
exp13:score_proj_l2h_lam0p20:seed42,dev,pava_all_tau0p55,2,0,0.0,4
exp13:score_proj_l2h_lam0p20:seed42,dev,pava_all_tau0p55,3,49,0.12596401028277635,4
exp13:score_proj_l2h_lam0p20:seed42,dev,pava_all_tau0p55,4,237,0.609254498714653,4
exp13:score_proj_l2h_lam0p20:seed42,dev,pava_all_tau0p55,5,103,0.2647814910025707,4
exp13:score_proj_l2h_lam0p20:seed42,dev,pava_all_tau0p55,1,0,0.0,5
exp13:score_proj_l2h_lam0p20:seed42,dev,pava_all_tau0p55,2,1,0.0017985611510791368,5
exp13:score_proj_l2h_lam0p20:seed42,dev,pava_all_tau0p55,3,9,0.01618705035971223,5
exp13:score_proj_l2h_lam0p20:seed42,dev,pava_all_tau0p55,4,128,0.2302158273381295,5
exp13:score_proj_l2h_lam0p20:seed42,dev,pava_all_tau0p55,5,418,0.7517985611510791,5
exp13:score_proj_l2h_lam0p20:seed42,test,pava_all_tau0p55,1,9,0.008159564823209429,
exp13:score_proj_l2h_lam0p20:seed42,test,pava_all_tau0p55,2,4,0.003626473254759746,
exp13:score_proj_l2h_lam0p20:seed42,test,pava_all_tau0p55,3,102,0.09247506799637353,
exp13:score_proj_l2h_lam0p20:seed42,test,pava_all_tau0p55,4,450,0.40797824116047143,
exp13:score_proj_l2h_lam0p20:seed42,test,pava_all_tau0p55,5,538,0.4877606527651859,
exp13:score_proj_l2h_lam0p20:seed42,test,pava_all_tau0p55,1,8,0.8888888888888888,1
exp13:score_proj_l2h_lam0p20:seed42,test,pava_all_tau0p55,2,0,0.0,1
exp13:score_proj_l2h_lam0p20:seed42,test,pava_all_tau0p55,3,0,0.0,1
exp13:score_proj_l2h_lam0p20:seed42,test,pava_all_tau0p55,4,0,0.0,1
exp13:score_proj_l2h_lam0p20:seed42,test,pava_all_tau0p55,5,1,0.1111111111111111,1
exp13:score_proj_l2h_lam0p20:seed42,test,pava_all_tau0p55,1,0,0.0,2
exp13:score_proj_l2h_lam0p20:seed42,test,pava_all_tau0p55,2,0,0.0,2
exp13:score_proj_l2h_lam0p20:seed42,test,pava_all_tau0p55,3,11,0.5,2
exp13:score_proj_l2h_lam0p20:seed42,test,pava_all_tau0p55,4,7,0.3181818181818182,2
exp13:score_proj_l2h_lam0p20:seed42,test,pava_all_tau0p55,5,4,0.18181818181818182,2
exp13:score_proj_l2h_lam0p20:seed42,test,pava_all_tau0p55,1,1,0.009523809523809525,3
exp13:score_proj_l2h_lam0p20:seed42,test,pava_all_tau0p55,2,1,0.009523809523809525,3
exp13:score_proj_l2h_lam0p20:seed42,test,pava_all_tau0p55,3,41,0.3904761904761905,3
exp13:score_proj_l2h_lam0p20:seed42,test,pava_all_tau0p55,4,50,0.47619047619047616,3
exp13:score_proj_l2h_lam0p20:seed42,test,pava_all_tau0p55,5,12,0.11428571428571428,3
exp13:score_proj_l2h_lam0p20:seed42,test,pava_all_tau0p55,1,0,0.0,4
exp13:score_proj_l2h_lam0p20:seed42,test,pava_all_tau0p55,2,1,0.002849002849002849,4
exp13:score_proj_l2h_lam0p20:seed42,test,pava_all_tau0p55,3,43,0.1225071225071225,4
exp13:score_proj_l2h_lam0p20:seed42,test,pava_all_tau0p55,4,236,0.6723646723646723,4
exp13:score_proj_l2h_lam0p20:seed42,test,pava_all_tau0p55,5,71,0.2022792022792023,4
exp13:score_proj_l2h_lam0p20:seed42,test,pava_all_tau0p55,1,0,0.0,5
exp13:score_proj_l2h_lam0p20:seed42,test,pava_all_tau0p55,2,2,0.003246753246753247,5
exp13:score_proj_l2h_lam0p20:seed42,test,pava_all_tau0p55,3,7,0.011363636363636364,5
exp13:score_proj_l2h_lam0p20:seed42,test,pava_all_tau0p55,4,157,0.25487012987012986,5
exp13:score_proj_l2h_lam0p20:seed42,test,pava_all_tau0p55,5,450,0.7305194805194806,5
exp13:score_proj_l2h_lam0p20:seed42,dev,pava_all_tau0p60,1,13,0.011743450767841012,
exp13:score_proj_l2h_lam0p20:seed42,dev,pava_all_tau0p60,2,4,0.0036133694670280035,
exp13:score_proj_l2h_lam0p20:seed42,dev,pava_all_tau0p60,3,117,0.10569105691056911,
exp13:score_proj_l2h_lam0p20:seed42,dev,pava_all_tau0p60,4,429,0.3875338753387534,
exp13:score_proj_l2h_lam0p20:seed42,dev,pava_all_tau0p60,5,544,0.4914182475158085,
exp13:score_proj_l2h_lam0p20:seed42,dev,pava_all_tau0p60,1,13,0.6842105263157895,1
exp13:score_proj_l2h_lam0p20:seed42,dev,pava_all_tau0p60,2,0,0.0,1
exp13:score_proj_l2h_lam0p20:seed42,dev,pava_all_tau0p60,3,4,0.21052631578947367,1
exp13:score_proj_l2h_lam0p20:seed42,dev,pava_all_tau0p60,4,2,0.10526315789473684,1
exp13:score_proj_l2h_lam0p20:seed42,dev,pava_all_tau0p60,5,0,0.0,1
exp13:score_proj_l2h_lam0p20:seed42,dev,pava_all_tau0p60,1,0,0.0,2
exp13:score_proj_l2h_lam0p20:seed42,dev,pava_all_tau0p60,2,3,0.07894736842105263,2
exp13:score_proj_l2h_lam0p20:seed42,dev,pava_all_tau0p60,3,9,0.23684210526315788,2
exp13:score_proj_l2h_lam0p20:seed42,dev,pava_all_tau0p60,4,12,0.3157894736842105,2
exp13:score_proj_l2h_lam0p20:seed42,dev,pava_all_tau0p60,5,14,0.3684210526315789,2
exp13:score_proj_l2h_lam0p20:seed42,dev,pava_all_tau0p60,1,0,0.0,3
exp13:score_proj_l2h_lam0p20:seed42,dev,pava_all_tau0p60,2,0,0.0,3
exp13:score_proj_l2h_lam0p20:seed42,dev,pava_all_tau0p60,3,41,0.3904761904761905,3
exp13:score_proj_l2h_lam0p20:seed42,dev,pava_all_tau0p60,4,40,0.38095238095238093,3
exp13:score_proj_l2h_lam0p20:seed42,dev,pava_all_tau0p60,5,24,0.22857142857142856,3
exp13:score_proj_l2h_lam0p20:seed42,dev,pava_all_tau0p60,1,0,0.0,4
exp13:score_proj_l2h_lam0p20:seed42,dev,pava_all_tau0p60,2,0,0.0,4
exp13:score_proj_l2h_lam0p20:seed42,dev,pava_all_tau0p60,3,54,0.13881748071979436,4
exp13:score_proj_l2h_lam0p20:seed42,dev,pava_all_tau0p60,4,239,0.6143958868894601,4
exp13:score_proj_l2h_lam0p20:seed42,dev,pava_all_tau0p60,5,96,0.2467866323907455,4
exp13:score_proj_l2h_lam0p20:seed42,dev,pava_all_tau0p60,1,0,0.0,5
exp13:score_proj_l2h_lam0p20:seed42,dev,pava_all_tau0p60,2,1,0.0017985611510791368,5
exp13:score_proj_l2h_lam0p20:seed42,dev,pava_all_tau0p60,3,9,0.01618705035971223,5
exp13:score_proj_l2h_lam0p20:seed42,dev,pava_all_tau0p60,4,136,0.2446043165467626,5
exp13:score_proj_l2h_lam0p20:seed42,dev,pava_all_tau0p60,5,410,0.737410071942446,5
exp13:score_proj_l2h_lam0p20:seed42,test,pava_all_tau0p60,1,9,0.008159564823209429,
exp13:score_proj_l2h_lam0p20:seed42,test,pava_all_tau0p60,2,5,0.004533091568449683,
exp13:score_proj_l2h_lam0p20:seed42,test,pava_all_tau0p60,3,110,0.09972801450589303,
exp13:score_proj_l2h_lam0p20:seed42,test,pava_all_tau0p60,4,456,0.4134179510426111,
exp13:score_proj_l2h_lam0p20:seed42,test,pava_all_tau0p60,5,523,0.4741613780598368,
exp13:score_proj_l2h_lam0p20:seed42,test,pava_all_tau0p60,1,8,0.8888888888888888,1
exp13:score_proj_l2h_lam0p20:seed42,test,pava_all_tau0p60,2,0,0.0,1
exp13:score_proj_l2h_lam0p20:seed42,test,pava_all_tau0p60,3,0,0.0,1
exp13:score_proj_l2h_lam0p20:seed42,test,pava_all_tau0p60,4,0,0.0,1
exp13:score_proj_l2h_lam0p20:seed42,test,pava_all_tau0p60,5,1,0.1111111111111111,1
exp13:score_proj_l2h_lam0p20:seed42,test,pava_all_tau0p60,1,0,0.0,2
exp13:score_proj_l2h_lam0p20:seed42,test,pava_all_tau0p60,2,0,0.0,2
exp13:score_proj_l2h_lam0p20:seed42,test,pava_all_tau0p60,3,11,0.5,2
exp13:score_proj_l2h_lam0p20:seed42,test,pava_all_tau0p60,4,7,0.3181818181818182,2
exp13:score_proj_l2h_lam0p20:seed42,test,pava_all_tau0p60,5,4,0.18181818181818182,2
exp13:score_proj_l2h_lam0p20:seed42,test,pava_all_tau0p60,1,1,0.009523809523809525,3
exp13:score_proj_l2h_lam0p20:seed42,test,pava_all_tau0p60,2,1,0.009523809523809525,3
exp13:score_proj_l2h_lam0p20:seed42,test,pava_all_tau0p60,3,44,0.41904761904761906,3
exp13:score_proj_l2h_lam0p20:seed42,test,pava_all_tau0p60,4,47,0.44761904761904764,3
exp13:score_proj_l2h_lam0p20:seed42,test,pava_all_tau0p60,5,12,0.11428571428571428,3
exp13:score_proj_l2h_lam0p20:seed42,test,pava_all_tau0p60,1,0,0.0,4
exp13:score_proj_l2h_lam0p20:seed42,test,pava_all_tau0p60,2,1,0.002849002849002849,4
exp13:score_proj_l2h_lam0p20:seed42,test,pava_all_tau0p60,3,48,0.13675213675213677,4
exp13:score_proj_l2h_lam0p20:seed42,test,pava_all_tau0p60,4,236,0.6723646723646723,4
exp13:score_proj_l2h_lam0p20:seed42,test,pava_all_tau0p60,5,66,0.18803418803418803,4
exp13:score_proj_l2h_lam0p20:seed42,test,pava_all_tau0p60,1,0,0.0,5
exp13:score_proj_l2h_lam0p20:seed42,test,pava_all_tau0p60,2,3,0.00487012987012987,5
exp13:score_proj_l2h_lam0p20:seed42,test,pava_all_tau0p60,3,7,0.011363636363636364,5
exp13:score_proj_l2h_lam0p20:seed42,test,pava_all_tau0p60,4,166,0.2694805194805195,5
exp13:score_proj_l2h_lam0p20:seed42,test,pava_all_tau0p60,5,440,0.7142857142857143,5
exp13:score_proj_l2h_lam0p20:seed42,dev,pava_all_tau0p65,1,13,0.011743450767841012,
exp13:score_proj_l2h_lam0p20:seed42,dev,pava_all_tau0p65,2,4,0.0036133694670280035,
exp13:score_proj_l2h_lam0p20:seed42,dev,pava_all_tau0p65,3,125,0.11291779584462511,
exp13:score_proj_l2h_lam0p20:seed42,dev,pava_all_tau0p65,4,435,0.39295392953929537,
exp13:score_proj_l2h_lam0p20:seed42,dev,pava_all_tau0p65,5,530,0.4787714543812105,
exp13:score_proj_l2h_lam0p20:seed42,dev,pava_all_tau0p65,1,13,0.6842105263157895,1
exp13:score_proj_l2h_lam0p20:seed42,dev,pava_all_tau0p65,2,0,0.0,1
exp13:score_proj_l2h_lam0p20:seed42,dev,pava_all_tau0p65,3,4,0.21052631578947367,1
exp13:score_proj_l2h_lam0p20:seed42,dev,pava_all_tau0p65,4,2,0.10526315789473684,1
exp13:score_proj_l2h_lam0p20:seed42,dev,pava_all_tau0p65,5,0,0.0,1
exp13:score_proj_l2h_lam0p20:seed42,dev,pava_all_tau0p65,1,0,0.0,2
exp13:score_proj_l2h_lam0p20:seed42,dev,pava_all_tau0p65,2,3,0.07894736842105263,2
exp13:score_proj_l2h_lam0p20:seed42,dev,pava_all_tau0p65,3,9,0.23684210526315788,2
exp13:score_proj_l2h_lam0p20:seed42,dev,pava_all_tau0p65,4,12,0.3157894736842105,2
exp13:score_proj_l2h_lam0p20:seed42,dev,pava_all_tau0p65,5,14,0.3684210526315789,2
exp13:score_proj_l2h_lam0p20:seed42,dev,pava_all_tau0p65,1,0,0.0,3
exp13:score_proj_l2h_lam0p20:seed42,dev,pava_all_tau0p65,2,0,0.0,3
exp13:score_proj_l2h_lam0p20:seed42,dev,pava_all_tau0p65,3,42,0.4,3
exp13:score_proj_l2h_lam0p20:seed42,dev,pava_all_tau0p65,4,40,0.38095238095238093,3
exp13:score_proj_l2h_lam0p20:seed42,dev,pava_all_tau0p65,5,23,0.21904761904761905,3
exp13:score_proj_l2h_lam0p20:seed42,dev,pava_all_tau0p65,1,0,0.0,4
exp13:score_proj_l2h_lam0p20:seed42,dev,pava_all_tau0p65,2,0,0.0,4
exp13:score_proj_l2h_lam0p20:seed42,dev,pava_all_tau0p65,3,59,0.15167095115681234,4
exp13:score_proj_l2h_lam0p20:seed42,dev,pava_all_tau0p65,4,238,0.6118251928020566,4
exp13:score_proj_l2h_lam0p20:seed42,dev,pava_all_tau0p65,5,92,0.2365038560411311,4
exp13:score_proj_l2h_lam0p20:seed42,dev,pava_all_tau0p65,1,0,0.0,5
exp13:score_proj_l2h_lam0p20:seed42,dev,pava_all_tau0p65,2,1,0.0017985611510791368,5
exp13:score_proj_l2h_lam0p20:seed42,dev,pava_all_tau0p65,3,11,0.019784172661870502,5
exp13:score_proj_l2h_lam0p20:seed42,dev,pava_all_tau0p65,4,143,0.25719424460431656,5
exp13:score_proj_l2h_lam0p20:seed42,dev,pava_all_tau0p65,5,401,0.7212230215827338,5
exp13:score_proj_l2h_lam0p20:seed42,test,pava_all_tau0p65,1,9,0.008159564823209429,
exp13:score_proj_l2h_lam0p20:seed42,test,pava_all_tau0p65,2,6,0.005439709882139619,
exp13:score_proj_l2h_lam0p20:seed42,test,pava_all_tau0p65,3,124,0.11242067089755213,
exp13:score_proj_l2h_lam0p20:seed42,test,pava_all_tau0p65,4,464,0.42067089755213055,
exp13:score_proj_l2h_lam0p20:seed42,test,pava_all_tau0p65,5,500,0.45330915684496825,
exp13:score_proj_l2h_lam0p20:seed42,test,pava_all_tau0p65,1,8,0.8888888888888888,1
exp13:score_proj_l2h_lam0p20:seed42,test,pava_all_tau0p65,2,0,0.0,1
exp13:score_proj_l2h_lam0p20:seed42,test,pava_all_tau0p65,3,0,0.0,1
exp13:score_proj_l2h_lam0p20:seed42,test,pava_all_tau0p65,4,0,0.0,1
exp13:score_proj_l2h_lam0p20:seed42,test,pava_all_tau0p65,5,1,0.1111111111111111,1
exp13:score_proj_l2h_lam0p20:seed42,test,pava_all_tau0p65,1,0,0.0,2
exp13:score_proj_l2h_lam0p20:seed42,test,pava_all_tau0p65,2,0,0.0,2
exp13:score_proj_l2h_lam0p20:seed42,test,pava_all_tau0p65,3,11,0.5,2
exp13:score_proj_l2h_lam0p20:seed42,test,pava_all_tau0p65,4,7,0.3181818181818182,2
exp13:score_proj_l2h_lam0p20:seed42,test,pava_all_tau0p65,5,4,0.18181818181818182,2
exp13:score_proj_l2h_lam0p20:seed42,test,pava_all_tau0p65,1,1,0.009523809523809525,3
exp13:score_proj_l2h_lam0p20:seed42,test,pava_all_tau0p65,2,1,0.009523809523809525,3
exp13:score_proj_l2h_lam0p20:seed42,test,pava_all_tau0p65,3,47,0.44761904761904764,3
exp13:score_proj_l2h_lam0p20:seed42,test,pava_all_tau0p65,4,45,0.42857142857142855,3
exp13:score_proj_l2h_lam0p20:seed42,test,pava_all_tau0p65,5,11,0.10476190476190476,3
exp13:score_proj_l2h_lam0p20:seed42,test,pava_all_tau0p65,1,0,0.0,4
exp13:score_proj_l2h_lam0p20:seed42,test,pava_all_tau0p65,2,2,0.005698005698005698,4
exp13:score_proj_l2h_lam0p20:seed42,test,pava_all_tau0p65,3,55,0.15669515669515668,4
exp13:score_proj_l2h_lam0p20:seed42,test,pava_all_tau0p65,4,234,0.6666666666666666,4
exp13:score_proj_l2h_lam0p20:seed42,test,pava_all_tau0p65,5,60,0.17094017094017094,4
exp13:score_proj_l2h_lam0p20:seed42,test,pava_all_tau0p65,1,0,0.0,5
exp13:score_proj_l2h_lam0p20:seed42,test,pava_all_tau0p65,2,3,0.00487012987012987,5
exp13:score_proj_l2h_lam0p20:seed42,test,pava_all_tau0p65,3,11,0.017857142857142856,5
exp13:score_proj_l2h_lam0p20:seed42,test,pava_all_tau0p65,4,178,0.288961038961039,5
exp13:score_proj_l2h_lam0p20:seed42,test,pava_all_tau0p65,5,424,0.6883116883116883,5
exp13:score_proj_l2h_lam0p20:seed42,dev,pava_all_tau0p70,1,13,0.011743450767841012,
exp13:score_proj_l2h_lam0p20:seed42,dev,pava_all_tau0p70,2,6,0.005420054200542005,
exp13:score_proj_l2h_lam0p20:seed42,dev,pava_all_tau0p70,3,132,0.11924119241192412,
exp13:score_proj_l2h_lam0p20:seed42,dev,pava_all_tau0p70,4,446,0.4028906955736224,
exp13:score_proj_l2h_lam0p20:seed42,dev,pava_all_tau0p70,5,510,0.46070460704607047,
exp13:score_proj_l2h_lam0p20:seed42,dev,pava_all_tau0p70,1,13,0.6842105263157895,1
exp13:score_proj_l2h_lam0p20:seed42,dev,pava_all_tau0p70,2,0,0.0,1
exp13:score_proj_l2h_lam0p20:seed42,dev,pava_all_tau0p70,3,4,0.21052631578947367,1
exp13:score_proj_l2h_lam0p20:seed42,dev,pava_all_tau0p70,4,2,0.10526315789473684,1
exp13:score_proj_l2h_lam0p20:seed42,dev,pava_all_tau0p70,5,0,0.0,1
exp13:score_proj_l2h_lam0p20:seed42,dev,pava_all_tau0p70,1,0,0.0,2
exp13:score_proj_l2h_lam0p20:seed42,dev,pava_all_tau0p70,2,4,0.10526315789473684,2
exp13:score_proj_l2h_lam0p20:seed42,dev,pava_all_tau0p70,3,8,0.21052631578947367,2
exp13:score_proj_l2h_lam0p20:seed42,dev,pava_all_tau0p70,4,13,0.34210526315789475,2
exp13:score_proj_l2h_lam0p20:seed42,dev,pava_all_tau0p70,5,13,0.34210526315789475,2
exp13:score_proj_l2h_lam0p20:seed42,dev,pava_all_tau0p70,1,0,0.0,3
exp13:score_proj_l2h_lam0p20:seed42,dev,pava_all_tau0p70,2,0,0.0,3
exp13:score_proj_l2h_lam0p20:seed42,dev,pava_all_tau0p70,3,44,0.41904761904761906,3
exp13:score_proj_l2h_lam0p20:seed42,dev,pava_all_tau0p70,4,38,0.3619047619047619,3
exp13:score_proj_l2h_lam0p20:seed42,dev,pava_all_tau0p70,5,23,0.21904761904761905,3
exp13:score_proj_l2h_lam0p20:seed42,dev,pava_all_tau0p70,1,0,0.0,4
exp13:score_proj_l2h_lam0p20:seed42,dev,pava_all_tau0p70,2,0,0.0,4
exp13:score_proj_l2h_lam0p20:seed42,dev,pava_all_tau0p70,3,62,0.15938303341902313,4
exp13:score_proj_l2h_lam0p20:seed42,dev,pava_all_tau0p70,4,242,0.622107969151671,4
exp13:score_proj_l2h_lam0p20:seed42,dev,pava_all_tau0p70,5,85,0.2185089974293059,4
exp13:score_proj_l2h_lam0p20:seed42,dev,pava_all_tau0p70,1,0,0.0,5
exp13:score_proj_l2h_lam0p20:seed42,dev,pava_all_tau0p70,2,2,0.0035971223021582736,5
exp13:score_proj_l2h_lam0p20:seed42,dev,pava_all_tau0p70,3,14,0.025179856115107913,5
exp13:score_proj_l2h_lam0p20:seed42,dev,pava_all_tau0p70,4,151,0.2715827338129496,5
exp13:score_proj_l2h_lam0p20:seed42,dev,pava_all_tau0p70,5,389,0.6996402877697842,5
exp13:score_proj_l2h_lam0p20:seed42,test,pava_all_tau0p70,1,9,0.008159564823209429,
exp13:score_proj_l2h_lam0p20:seed42,test,pava_all_tau0p70,2,6,0.005439709882139619,
exp13:score_proj_l2h_lam0p20:seed42,test,pava_all_tau0p70,3,135,0.12239347234814144,
exp13:score_proj_l2h_lam0p20:seed42,test,pava_all_tau0p70,4,479,0.4342701722574796,
exp13:score_proj_l2h_lam0p20:seed42,test,pava_all_tau0p70,5,474,0.42973708068902994,
exp13:score_proj_l2h_lam0p20:seed42,test,pava_all_tau0p70,1,8,0.8888888888888888,1
exp13:score_proj_l2h_lam0p20:seed42,test,pava_all_tau0p70,2,0,0.0,1
exp13:score_proj_l2h_lam0p20:seed42,test,pava_all_tau0p70,3,0,0.0,1
exp13:score_proj_l2h_lam0p20:seed42,test,pava_all_tau0p70,4,0,0.0,1
exp13:score_proj_l2h_lam0p20:seed42,test,pava_all_tau0p70,5,1,0.1111111111111111,1
exp13:score_proj_l2h_lam0p20:seed42,test,pava_all_tau0p70,1,0,0.0,2
exp13:score_proj_l2h_lam0p20:seed42,test,pava_all_tau0p70,2,0,0.0,2
exp13:score_proj_l2h_lam0p20:seed42,test,pava_all_tau0p70,3,11,0.5,2
exp13:score_proj_l2h_lam0p20:seed42,test,pava_all_tau0p70,4,7,0.3181818181818182,2
exp13:score_proj_l2h_lam0p20:seed42,test,pava_all_tau0p70,5,4,0.18181818181818182,2
exp13:score_proj_l2h_lam0p20:seed42,test,pava_all_tau0p70,1,1,0.009523809523809525,3
exp13:score_proj_l2h_lam0p20:seed42,test,pava_all_tau0p70,2,1,0.009523809523809525,3
exp13:score_proj_l2h_lam0p20:seed42,test,pava_all_tau0p70,3,51,0.4857142857142857,3
exp13:score_proj_l2h_lam0p20:seed42,test,pava_all_tau0p70,4,42,0.4,3
exp13:score_proj_l2h_lam0p20:seed42,test,pava_all_tau0p70,5,10,0.09523809523809523,3
exp13:score_proj_l2h_lam0p20:seed42,test,pava_all_tau0p70,1,0,0.0,4
exp13:score_proj_l2h_lam0p20:seed42,test,pava_all_tau0p70,2,2,0.005698005698005698,4
exp13:score_proj_l2h_lam0p20:seed42,test,pava_all_tau0p70,3,62,0.17663817663817663,4
exp13:score_proj_l2h_lam0p20:seed42,test,pava_all_tau0p70,4,233,0.6638176638176638,4
exp13:score_proj_l2h_lam0p20:seed42,test,pava_all_tau0p70,5,54,0.15384615384615385,4
exp13:score_proj_l2h_lam0p20:seed42,test,pava_all_tau0p70,1,0,0.0,5
exp13:score_proj_l2h_lam0p20:seed42,test,pava_all_tau0p70,2,3,0.00487012987012987,5
exp13:score_proj_l2h_lam0p20:seed42,test,pava_all_tau0p70,3,11,0.017857142857142856,5
exp13:score_proj_l2h_lam0p20:seed42,test,pava_all_tau0p70,4,197,0.3198051948051948,5
exp13:score_proj_l2h_lam0p20:seed42,test,pava_all_tau0p70,5,405,0.6574675324675324,5
exp13:score_proj_l2h_lam0p20:seed42,dev,pava_all_tau0p75,1,13,0.011743450767841012,
exp13:score_proj_l2h_lam0p20:seed42,dev,pava_all_tau0p75,2,6,0.005420054200542005,
exp13:score_proj_l2h_lam0p20:seed42,dev,pava_all_tau0p75,3,142,0.12827461607949414,
exp13:score_proj_l2h_lam0p20:seed42,dev,pava_all_tau0p75,4,460,0.41553748870822044,
exp13:score_proj_l2h_lam0p20:seed42,dev,pava_all_tau0p75,5,486,0.43902439024390244,
exp13:score_proj_l2h_lam0p20:seed42,dev,pava_all_tau0p75,1,13,0.6842105263157895,1
exp13:score_proj_l2h_lam0p20:seed42,dev,pava_all_tau0p75,2,0,0.0,1
exp13:score_proj_l2h_lam0p20:seed42,dev,pava_all_tau0p75,3,4,0.21052631578947367,1
exp13:score_proj_l2h_lam0p20:seed42,dev,pava_all_tau0p75,4,2,0.10526315789473684,1
exp13:score_proj_l2h_lam0p20:seed42,dev,pava_all_tau0p75,5,0,0.0,1
exp13:score_proj_l2h_lam0p20:seed42,dev,pava_all_tau0p75,1,0,0.0,2
exp13:score_proj_l2h_lam0p20:seed42,dev,pava_all_tau0p75,2,4,0.10526315789473684,2
exp13:score_proj_l2h_lam0p20:seed42,dev,pava_all_tau0p75,3,8,0.21052631578947367,2
exp13:score_proj_l2h_lam0p20:seed42,dev,pava_all_tau0p75,4,13,0.34210526315789475,2
exp13:score_proj_l2h_lam0p20:seed42,dev,pava_all_tau0p75,5,13,0.34210526315789475,2
exp13:score_proj_l2h_lam0p20:seed42,dev,pava_all_tau0p75,1,0,0.0,3
exp13:score_proj_l2h_lam0p20:seed42,dev,pava_all_tau0p75,2,0,0.0,3
exp13:score_proj_l2h_lam0p20:seed42,dev,pava_all_tau0p75,3,45,0.42857142857142855,3
exp13:score_proj_l2h_lam0p20:seed42,dev,pava_all_tau0p75,4,38,0.3619047619047619,3
exp13:score_proj_l2h_lam0p20:seed42,dev,pava_all_tau0p75,5,22,0.20952380952380953,3
exp13:score_proj_l2h_lam0p20:seed42,dev,pava_all_tau0p75,1,0,0.0,4
exp13:score_proj_l2h_lam0p20:seed42,dev,pava_all_tau0p75,2,0,0.0,4
exp13:score_proj_l2h_lam0p20:seed42,dev,pava_all_tau0p75,3,67,0.17223650385604114,4
exp13:score_proj_l2h_lam0p20:seed42,dev,pava_all_tau0p75,4,249,0.6401028277634961,4
exp13:score_proj_l2h_lam0p20:seed42,dev,pava_all_tau0p75,5,73,0.18766066838046272,4
exp13:score_proj_l2h_lam0p20:seed42,dev,pava_all_tau0p75,1,0,0.0,5
exp13:score_proj_l2h_lam0p20:seed42,dev,pava_all_tau0p75,2,2,0.0035971223021582736,5
exp13:score_proj_l2h_lam0p20:seed42,dev,pava_all_tau0p75,3,18,0.03237410071942446,5
exp13:score_proj_l2h_lam0p20:seed42,dev,pava_all_tau0p75,4,158,0.2841726618705036,5
exp13:score_proj_l2h_lam0p20:seed42,dev,pava_all_tau0p75,5,378,0.6798561151079137,5
exp13:score_proj_l2h_lam0p20:seed42,test,pava_all_tau0p75,1,9,0.008159564823209429,
exp13:score_proj_l2h_lam0p20:seed42,test,pava_all_tau0p75,2,8,0.007252946509519492,
exp13:score_proj_l2h_lam0p20:seed42,test,pava_all_tau0p75,3,149,0.13508612873980055,
exp13:score_proj_l2h_lam0p20:seed42,test,pava_all_tau0p75,4,494,0.44786944696282865,
exp13:score_proj_l2h_lam0p20:seed42,test,pava_all_tau0p75,5,443,0.4016319129646419,
exp13:score_proj_l2h_lam0p20:seed42,test,pava_all_tau0p75,1,8,0.8888888888888888,1
exp13:score_proj_l2h_lam0p20:seed42,test,pava_all_tau0p75,2,0,0.0,1
exp13:score_proj_l2h_lam0p20:seed42,test,pava_all_tau0p75,3,0,0.0,1
exp13:score_proj_l2h_lam0p20:seed42,test,pava_all_tau0p75,4,0,0.0,1
exp13:score_proj_l2h_lam0p20:seed42,test,pava_all_tau0p75,5,1,0.1111111111111111,1
exp13:score_proj_l2h_lam0p20:seed42,test,pava_all_tau0p75,1,0,0.0,2
exp13:score_proj_l2h_lam0p20:seed42,test,pava_all_tau0p75,2,0,0.0,2
exp13:score_proj_l2h_lam0p20:seed42,test,pava_all_tau0p75,3,11,0.5,2
exp13:score_proj_l2h_lam0p20:seed42,test,pava_all_tau0p75,4,7,0.3181818181818182,2
exp13:score_proj_l2h_lam0p20:seed42,test,pava_all_tau0p75,5,4,0.18181818181818182,2
exp13:score_proj_l2h_lam0p20:seed42,test,pava_all_tau0p75,1,1,0.009523809523809525,3
exp13:score_proj_l2h_lam0p20:seed42,test,pava_all_tau0p75,2,2,0.01904761904761905,3
exp13:score_proj_l2h_lam0p20:seed42,test,pava_all_tau0p75,3,51,0.4857142857142857,3
exp13:score_proj_l2h_lam0p20:seed42,test,pava_all_tau0p75,4,42,0.4,3
exp13:score_proj_l2h_lam0p20:seed42,test,pava_all_tau0p75,5,9,0.08571428571428572,3
exp13:score_proj_l2h_lam0p20:seed42,test,pava_all_tau0p75,1,0,0.0,4
exp13:score_proj_l2h_lam0p20:seed42,test,pava_all_tau0p75,2,2,0.005698005698005698,4
exp13:score_proj_l2h_lam0p20:seed42,test,pava_all_tau0p75,3,71,0.2022792022792023,4
exp13:score_proj_l2h_lam0p20:seed42,test,pava_all_tau0p75,4,226,0.6438746438746439,4
exp13:score_proj_l2h_lam0p20:seed42,test,pava_all_tau0p75,5,52,0.14814814814814814,4
exp13:score_proj_l2h_lam0p20:seed42,test,pava_all_tau0p75,1,0,0.0,5
exp13:score_proj_l2h_lam0p20:seed42,test,pava_all_tau0p75,2,4,0.006493506493506494,5
exp13:score_proj_l2h_lam0p20:seed42,test,pava_all_tau0p75,3,16,0.025974025974025976,5
exp13:score_proj_l2h_lam0p20:seed42,test,pava_all_tau0p75,4,219,0.3555194805194805,5
exp13:score_proj_l2h_lam0p20:seed42,test,pava_all_tau0p75,5,377,0.612012987012987,5
exp13:score_proj_l2h_lam0p20:seed42,dev,pava_all_tau0p80,1,13,0.011743450767841012,
exp13:score_proj_l2h_lam0p20:seed42,dev,pava_all_tau0p80,2,10,0.009033423667570008,
exp13:score_proj_l2h_lam0p20:seed42,dev,pava_all_tau0p80,3,152,0.13730803974706413,
exp13:score_proj_l2h_lam0p20:seed42,dev,pava_all_tau0p80,4,472,0.42637759710930445,
exp13:score_proj_l2h_lam0p20:seed42,dev,pava_all_tau0p80,5,460,0.41553748870822044,
exp13:score_proj_l2h_lam0p20:seed42,dev,pava_all_tau0p80,1,13,0.6842105263157895,1
exp13:score_proj_l2h_lam0p20:seed42,dev,pava_all_tau0p80,2,0,0.0,1
exp13:score_proj_l2h_lam0p20:seed42,dev,pava_all_tau0p80,3,4,0.21052631578947367,1
exp13:score_proj_l2h_lam0p20:seed42,dev,pava_all_tau0p80,4,2,0.10526315789473684,1
exp13:score_proj_l2h_lam0p20:seed42,dev,pava_all_tau0p80,5,0,0.0,1
exp13:score_proj_l2h_lam0p20:seed42,dev,pava_all_tau0p80,1,0,0.0,2
exp13:score_proj_l2h_lam0p20:seed42,dev,pava_all_tau0p80,2,5,0.13157894736842105,2
exp13:score_proj_l2h_lam0p20:seed42,dev,pava_all_tau0p80,3,8,0.21052631578947367,2
exp13:score_proj_l2h_lam0p20:seed42,dev,pava_all_tau0p80,4,13,0.34210526315789475,2
exp13:score_proj_l2h_lam0p20:seed42,dev,pava_all_tau0p80,5,12,0.3157894736842105,2
exp13:score_proj_l2h_lam0p20:seed42,dev,pava_all_tau0p80,1,0,0.0,3
exp13:score_proj_l2h_lam0p20:seed42,dev,pava_all_tau0p80,2,0,0.0,3
exp13:score_proj_l2h_lam0p20:seed42,dev,pava_all_tau0p80,3,48,0.45714285714285713,3
exp13:score_proj_l2h_lam0p20:seed42,dev,pava_all_tau0p80,4,36,0.34285714285714286,3
exp13:score_proj_l2h_lam0p20:seed42,dev,pava_all_tau0p80,5,21,0.2,3
exp13:score_proj_l2h_lam0p20:seed42,dev,pava_all_tau0p80,1,0,0.0,4
exp13:score_proj_l2h_lam0p20:seed42,dev,pava_all_tau0p80,2,1,0.002570694087403599,4
exp13:score_proj_l2h_lam0p20:seed42,dev,pava_all_tau0p80,3,74,0.19023136246786632,4
exp13:score_proj_l2h_lam0p20:seed42,dev,pava_all_tau0p80,4,251,0.6452442159383034,4
exp13:score_proj_l2h_lam0p20:seed42,dev,pava_all_tau0p80,5,63,0.16195372750642673,4
exp13:score_proj_l2h_lam0p20:seed42,dev,pava_all_tau0p80,1,0,0.0,5
exp13:score_proj_l2h_lam0p20:seed42,dev,pava_all_tau0p80,2,4,0.007194244604316547,5
exp13:score_proj_l2h_lam0p20:seed42,dev,pava_all_tau0p80,3,18,0.03237410071942446,5
exp13:score_proj_l2h_lam0p20:seed42,dev,pava_all_tau0p80,4,170,0.3057553956834532,5
exp13:score_proj_l2h_lam0p20:seed42,dev,pava_all_tau0p80,5,364,0.6546762589928058,5
exp13:score_proj_l2h_lam0p20:seed42,test,pava_all_tau0p80,1,9,0.008159564823209429,
exp13:score_proj_l2h_lam0p20:seed42,test,pava_all_tau0p80,2,10,0.009066183136899365,
exp13:score_proj_l2h_lam0p20:seed42,test,pava_all_tau0p80,3,159,0.1441523118766999,
exp13:score_proj_l2h_lam0p20:seed42,test,pava_all_tau0p80,4,509,0.4614687216681777,
exp13:score_proj_l2h_lam0p20:seed42,test,pava_all_tau0p80,5,416,0.3771532184950136,
exp13:score_proj_l2h_lam0p20:seed42,test,pava_all_tau0p80,1,8,0.8888888888888888,1
exp13:score_proj_l2h_lam0p20:seed42,test,pava_all_tau0p80,2,0,0.0,1
exp13:score_proj_l2h_lam0p20:seed42,test,pava_all_tau0p80,3,0,0.0,1
exp13:score_proj_l2h_lam0p20:seed42,test,pava_all_tau0p80,4,0,0.0,1
exp13:score_proj_l2h_lam0p20:seed42,test,pava_all_tau0p80,5,1,0.1111111111111111,1
exp13:score_proj_l2h_lam0p20:seed42,test,pava_all_tau0p80,1,0,0.0,2
exp13:score_proj_l2h_lam0p20:seed42,test,pava_all_tau0p80,2,0,0.0,2
exp13:score_proj_l2h_lam0p20:seed42,test,pava_all_tau0p80,3,12,0.5454545454545454,2
exp13:score_proj_l2h_lam0p20:seed42,test,pava_all_tau0p80,4,6,0.2727272727272727,2
exp13:score_proj_l2h_lam0p20:seed42,test,pava_all_tau0p80,5,4,0.18181818181818182,2
exp13:score_proj_l2h_lam0p20:seed42,test,pava_all_tau0p80,1,1,0.009523809523809525,3
exp13:score_proj_l2h_lam0p20:seed42,test,pava_all_tau0p80,2,3,0.02857142857142857,3
exp13:score_proj_l2h_lam0p20:seed42,test,pava_all_tau0p80,3,52,0.49523809523809526,3
exp13:score_proj_l2h_lam0p20:seed42,test,pava_all_tau0p80,4,41,0.3904761904761905,3
exp13:score_proj_l2h_lam0p20:seed42,test,pava_all_tau0p80,5,8,0.0761904761904762,3
exp13:score_proj_l2h_lam0p20:seed42,test,pava_all_tau0p80,1,0,0.0,4
exp13:score_proj_l2h_lam0p20:seed42,test,pava_all_tau0p80,2,3,0.008547008547008548,4
exp13:score_proj_l2h_lam0p20:seed42,test,pava_all_tau0p80,3,77,0.21937321937321938,4
exp13:score_proj_l2h_lam0p20:seed42,test,pava_all_tau0p80,4,223,0.6353276353276354,4
exp13:score_proj_l2h_lam0p20:seed42,test,pava_all_tau0p80,5,48,0.13675213675213677,4
exp13:score_proj_l2h_lam0p20:seed42,test,pava_all_tau0p80,1,0,0.0,5
exp13:score_proj_l2h_lam0p20:seed42,test,pava_all_tau0p80,2,4,0.006493506493506494,5
exp13:score_proj_l2h_lam0p20:seed42,test,pava_all_tau0p80,3,18,0.02922077922077922,5
exp13:score_proj_l2h_lam0p20:seed42,test,pava_all_tau0p80,4,239,0.387987012987013,5
exp13:score_proj_l2h_lam0p20:seed42,test,pava_all_tau0p80,5,355,0.5762987012987013,5
exp13:score_proj_l2h_lam0p20:seed42,dev,pava_all_tau0p85,1,13,0.011743450767841012,
exp13:score_proj_l2h_lam0p20:seed42,dev,pava_all_tau0p85,2,10,0.009033423667570008,
exp13:score_proj_l2h_lam0p20:seed42,dev,pava_all_tau0p85,3,171,0.15447154471544716,
exp13:score_proj_l2h_lam0p20:seed42,dev,pava_all_tau0p85,4,481,0.43450767841011745,
exp13:score_proj_l2h_lam0p20:seed42,dev,pava_all_tau0p85,5,432,0.3902439024390244,
exp13:score_proj_l2h_lam0p20:seed42,dev,pava_all_tau0p85,1,13,0.6842105263157895,1
exp13:score_proj_l2h_lam0p20:seed42,dev,pava_all_tau0p85,2,0,0.0,1
exp13:score_proj_l2h_lam0p20:seed42,dev,pava_all_tau0p85,3,4,0.21052631578947367,1
exp13:score_proj_l2h_lam0p20:seed42,dev,pava_all_tau0p85,4,2,0.10526315789473684,1
exp13:score_proj_l2h_lam0p20:seed42,dev,pava_all_tau0p85,5,0,0.0,1
exp13:score_proj_l2h_lam0p20:seed42,dev,pava_all_tau0p85,1,0,0.0,2
exp13:score_proj_l2h_lam0p20:seed42,dev,pava_all_tau0p85,2,5,0.13157894736842105,2
exp13:score_proj_l2h_lam0p20:seed42,dev,pava_all_tau0p85,3,8,0.21052631578947367,2
exp13:score_proj_l2h_lam0p20:seed42,dev,pava_all_tau0p85,4,14,0.3684210526315789,2
exp13:score_proj_l2h_lam0p20:seed42,dev,pava_all_tau0p85,5,11,0.2894736842105263,2
exp13:score_proj_l2h_lam0p20:seed42,dev,pava_all_tau0p85,1,0,0.0,3
exp13:score_proj_l2h_lam0p20:seed42,dev,pava_all_tau0p85,2,0,0.0,3
exp13:score_proj_l2h_lam0p20:seed42,dev,pava_all_tau0p85,3,55,0.5238095238095238,3
exp13:score_proj_l2h_lam0p20:seed42,dev,pava_all_tau0p85,4,31,0.29523809523809524,3
exp13:score_proj_l2h_lam0p20:seed42,dev,pava_all_tau0p85,5,19,0.18095238095238095,3
exp13:score_proj_l2h_lam0p20:seed42,dev,pava_all_tau0p85,1,0,0.0,4
exp13:score_proj_l2h_lam0p20:seed42,dev,pava_all_tau0p85,2,1,0.002570694087403599,4
exp13:score_proj_l2h_lam0p20:seed42,dev,pava_all_tau0p85,3,85,0.2185089974293059,4
exp13:score_proj_l2h_lam0p20:seed42,dev,pava_all_tau0p85,4,249,0.6401028277634961,4
exp13:score_proj_l2h_lam0p20:seed42,dev,pava_all_tau0p85,5,54,0.13881748071979436,4
exp13:score_proj_l2h_lam0p20:seed42,dev,pava_all_tau0p85,1,0,0.0,5
exp13:score_proj_l2h_lam0p20:seed42,dev,pava_all_tau0p85,2,4,0.007194244604316547,5
exp13:score_proj_l2h_lam0p20:seed42,dev,pava_all_tau0p85,3,19,0.0341726618705036,5
exp13:score_proj_l2h_lam0p20:seed42,dev,pava_all_tau0p85,4,185,0.3327338129496403,5
exp13:score_proj_l2h_lam0p20:seed42,dev,pava_all_tau0p85,5,348,0.6258992805755396,5
exp13:score_proj_l2h_lam0p20:seed42,test,pava_all_tau0p85,1,9,0.008159564823209429,
exp13:score_proj_l2h_lam0p20:seed42,test,pava_all_tau0p85,2,14,0.012692656391659111,
exp13:score_proj_l2h_lam0p20:seed42,test,pava_all_tau0p85,3,177,0.16047144152311876,
exp13:score_proj_l2h_lam0p20:seed42,test,pava_all_tau0p85,4,519,0.47053490480507704,
exp13:score_proj_l2h_lam0p20:seed42,test,pava_all_tau0p85,5,384,0.34814143245693563,
exp13:score_proj_l2h_lam0p20:seed42,test,pava_all_tau0p85,1,8,0.8888888888888888,1
exp13:score_proj_l2h_lam0p20:seed42,test,pava_all_tau0p85,2,0,0.0,1
exp13:score_proj_l2h_lam0p20:seed42,test,pava_all_tau0p85,3,0,0.0,1
exp13:score_proj_l2h_lam0p20:seed42,test,pava_all_tau0p85,4,0,0.0,1
exp13:score_proj_l2h_lam0p20:seed42,test,pava_all_tau0p85,5,1,0.1111111111111111,1
exp13:score_proj_l2h_lam0p20:seed42,test,pava_all_tau0p85,1,0,0.0,2
exp13:score_proj_l2h_lam0p20:seed42,test,pava_all_tau0p85,2,1,0.045454545454545456,2
exp13:score_proj_l2h_lam0p20:seed42,test,pava_all_tau0p85,3,12,0.5454545454545454,2
exp13:score_proj_l2h_lam0p20:seed42,test,pava_all_tau0p85,4,6,0.2727272727272727,2
exp13:score_proj_l2h_lam0p20:seed42,test,pava_all_tau0p85,5,3,0.13636363636363635,2
exp13:score_proj_l2h_lam0p20:seed42,test,pava_all_tau0p85,1,1,0.009523809523809525,3
exp13:score_proj_l2h_lam0p20:seed42,test,pava_all_tau0p85,2,4,0.0380952380952381,3
exp13:score_proj_l2h_lam0p20:seed42,test,pava_all_tau0p85,3,55,0.5238095238095238,3
exp13:score_proj_l2h_lam0p20:seed42,test,pava_all_tau0p85,4,39,0.37142857142857144,3
exp13:score_proj_l2h_lam0p20:seed42,test,pava_all_tau0p85,5,6,0.05714285714285714,3
exp13:score_proj_l2h_lam0p20:seed42,test,pava_all_tau0p85,1,0,0.0,4
exp13:score_proj_l2h_lam0p20:seed42,test,pava_all_tau0p85,2,4,0.011396011396011397,4
exp13:score_proj_l2h_lam0p20:seed42,test,pava_all_tau0p85,3,85,0.24216524216524216,4
exp13:score_proj_l2h_lam0p20:seed42,test,pava_all_tau0p85,4,217,0.6182336182336182,4
exp13:score_proj_l2h_lam0p20:seed42,test,pava_all_tau0p85,5,45,0.1282051282051282,4
exp13:score_proj_l2h_lam0p20:seed42,test,pava_all_tau0p85,1,0,0.0,5
exp13:score_proj_l2h_lam0p20:seed42,test,pava_all_tau0p85,2,5,0.008116883116883116,5
exp13:score_proj_l2h_lam0p20:seed42,test,pava_all_tau0p85,3,25,0.040584415584415584,5
exp13:score_proj_l2h_lam0p20:seed42,test,pava_all_tau0p85,4,257,0.4172077922077922,5
exp13:score_proj_l2h_lam0p20:seed42,test,pava_all_tau0p85,5,329,0.5340909090909091,5
exp13:score_proj_l2h_lam0p20:seed42,dev,pava_all_tau0p90,1,13,0.011743450767841012,
exp13:score_proj_l2h_lam0p20:seed42,dev,pava_all_tau0p90,2,13,0.011743450767841012,
exp13:score_proj_l2h_lam0p20:seed42,dev,pava_all_tau0p90,3,191,0.17253839205058719,
exp13:score_proj_l2h_lam0p20:seed42,dev,pava_all_tau0p90,4,499,0.45076784101174344,
exp13:score_proj_l2h_lam0p20:seed42,dev,pava_all_tau0p90,5,391,0.35320686540198737,
exp13:score_proj_l2h_lam0p20:seed42,dev,pava_all_tau0p90,1,13,0.6842105263157895,1
exp13:score_proj_l2h_lam0p20:seed42,dev,pava_all_tau0p90,2,0,0.0,1
exp13:score_proj_l2h_lam0p20:seed42,dev,pava_all_tau0p90,3,4,0.21052631578947367,1
exp13:score_proj_l2h_lam0p20:seed42,dev,pava_all_tau0p90,4,2,0.10526315789473684,1
exp13:score_proj_l2h_lam0p20:seed42,dev,pava_all_tau0p90,5,0,0.0,1
exp13:score_proj_l2h_lam0p20:seed42,dev,pava_all_tau0p90,1,0,0.0,2
exp13:score_proj_l2h_lam0p20:seed42,dev,pava_all_tau0p90,2,5,0.13157894736842105,2
exp13:score_proj_l2h_lam0p20:seed42,dev,pava_all_tau0p90,3,11,0.2894736842105263,2
exp13:score_proj_l2h_lam0p20:seed42,dev,pava_all_tau0p90,4,13,0.34210526315789475,2
exp13:score_proj_l2h_lam0p20:seed42,dev,pava_all_tau0p90,5,9,0.23684210526315788,2
exp13:score_proj_l2h_lam0p20:seed42,dev,pava_all_tau0p90,1,0,0.0,3
exp13:score_proj_l2h_lam0p20:seed42,dev,pava_all_tau0p90,2,2,0.01904761904761905,3
exp13:score_proj_l2h_lam0p20:seed42,dev,pava_all_tau0p90,3,54,0.5142857142857142,3
exp13:score_proj_l2h_lam0p20:seed42,dev,pava_all_tau0p90,4,32,0.3047619047619048,3
exp13:score_proj_l2h_lam0p20:seed42,dev,pava_all_tau0p90,5,17,0.1619047619047619,3
exp13:score_proj_l2h_lam0p20:seed42,dev,pava_all_tau0p90,1,0,0.0,4
exp13:score_proj_l2h_lam0p20:seed42,dev,pava_all_tau0p90,2,1,0.002570694087403599,4
exp13:score_proj_l2h_lam0p20:seed42,dev,pava_all_tau0p90,3,100,0.2570694087403599,4
exp13:score_proj_l2h_lam0p20:seed42,dev,pava_all_tau0p90,4,244,0.6272493573264781,4
exp13:score_proj_l2h_lam0p20:seed42,dev,pava_all_tau0p90,5,44,0.11311053984575835,4
exp13:score_proj_l2h_lam0p20:seed42,dev,pava_all_tau0p90,1,0,0.0,5
exp13:score_proj_l2h_lam0p20:seed42,dev,pava_all_tau0p90,2,5,0.008992805755395683,5
exp13:score_proj_l2h_lam0p20:seed42,dev,pava_all_tau0p90,3,22,0.039568345323741004,5
exp13:score_proj_l2h_lam0p20:seed42,dev,pava_all_tau0p90,4,208,0.37410071942446044,5
exp13:score_proj_l2h_lam0p20:seed42,dev,pava_all_tau0p90,5,321,0.5773381294964028,5
exp13:score_proj_l2h_lam0p20:seed42,test,pava_all_tau0p90,1,11,0.009972801450589302,
exp13:score_proj_l2h_lam0p20:seed42,test,pava_all_tau0p90,2,17,0.015412511332728921,
exp13:score_proj_l2h_lam0p20:seed42,test,pava_all_tau0p90,3,207,0.18766999093381687,
exp13:score_proj_l2h_lam0p20:seed42,test,pava_all_tau0p90,4,527,0.47778785131459656,
exp13:score_proj_l2h_lam0p20:seed42,test,pava_all_tau0p90,5,341,0.30915684496826834,
exp13:score_proj_l2h_lam0p20:seed42,test,pava_all_tau0p90,1,8,0.8888888888888888,1
exp13:score_proj_l2h_lam0p20:seed42,test,pava_all_tau0p90,2,0,0.0,1
exp13:score_proj_l2h_lam0p20:seed42,test,pava_all_tau0p90,3,0,0.0,1
exp13:score_proj_l2h_lam0p20:seed42,test,pava_all_tau0p90,4,0,0.0,1
exp13:score_proj_l2h_lam0p20:seed42,test,pava_all_tau0p90,5,1,0.1111111111111111,1
exp13:score_proj_l2h_lam0p20:seed42,test,pava_all_tau0p90,1,0,0.0,2
exp13:score_proj_l2h_lam0p20:seed42,test,pava_all_tau0p90,2,2,0.09090909090909091,2
exp13:score_proj_l2h_lam0p20:seed42,test,pava_all_tau0p90,3,11,0.5,2
exp13:score_proj_l2h_lam0p20:seed42,test,pava_all_tau0p90,4,7,0.3181818181818182,2
exp13:score_proj_l2h_lam0p20:seed42,test,pava_all_tau0p90,5,2,0.09090909090909091,2
exp13:score_proj_l2h_lam0p20:seed42,test,pava_all_tau0p90,1,2,0.01904761904761905,3
exp13:score_proj_l2h_lam0p20:seed42,test,pava_all_tau0p90,2,7,0.06666666666666667,3
exp13:score_proj_l2h_lam0p20:seed42,test,pava_all_tau0p90,3,58,0.5523809523809524,3
exp13:score_proj_l2h_lam0p20:seed42,test,pava_all_tau0p90,4,33,0.3142857142857143,3
exp13:score_proj_l2h_lam0p20:seed42,test,pava_all_tau0p90,5,5,0.047619047619047616,3
exp13:score_proj_l2h_lam0p20:seed42,test,pava_all_tau0p90,1,1,0.002849002849002849,4
exp13:score_proj_l2h_lam0p20:seed42,test,pava_all_tau0p90,2,3,0.008547008547008548,4
exp13:score_proj_l2h_lam0p20:seed42,test,pava_all_tau0p90,3,106,0.301994301994302,4
exp13:score_proj_l2h_lam0p20:seed42,test,pava_all_tau0p90,4,206,0.5868945868945868,4
exp13:score_proj_l2h_lam0p20:seed42,test,pava_all_tau0p90,5,35,0.09971509971509972,4
exp13:score_proj_l2h_lam0p20:seed42,test,pava_all_tau0p90,1,0,0.0,5
exp13:score_proj_l2h_lam0p20:seed42,test,pava_all_tau0p90,2,5,0.008116883116883116,5
exp13:score_proj_l2h_lam0p20:seed42,test,pava_all_tau0p90,3,32,0.05194805194805195,5
exp13:score_proj_l2h_lam0p20:seed42,test,pava_all_tau0p90,4,281,0.45616883116883117,5
exp13:score_proj_l2h_lam0p20:seed42,test,pava_all_tau0p90,5,298,0.4837662337662338,5
exp13:score_proj_l2h_lam0p20:seed42,dev,pava_q3_tau0p55,1,13,0.011743450767841012,
exp13:score_proj_l2h_lam0p20:seed42,dev,pava_q3_tau0p55,2,4,0.0036133694670280035,
exp13:score_proj_l2h_lam0p20:seed42,dev,pava_q3_tau0p55,3,110,0.0993676603432701,
exp13:score_proj_l2h_lam0p20:seed42,dev,pava_q3_tau0p55,4,396,0.35772357723577236,
exp13:score_proj_l2h_lam0p20:seed42,dev,pava_q3_tau0p55,5,584,0.5275519421860885,
exp13:score_proj_l2h_lam0p20:seed42,dev,pava_q3_tau0p55,1,13,0.6842105263157895,1
exp13:score_proj_l2h_lam0p20:seed42,dev,pava_q3_tau0p55,2,0,0.0,1
exp13:score_proj_l2h_lam0p20:seed42,dev,pava_q3_tau0p55,3,4,0.21052631578947367,1
exp13:score_proj_l2h_lam0p20:seed42,dev,pava_q3_tau0p55,4,2,0.10526315789473684,1
exp13:score_proj_l2h_lam0p20:seed42,dev,pava_q3_tau0p55,5,0,0.0,1
exp13:score_proj_l2h_lam0p20:seed42,dev,pava_q3_tau0p55,1,0,0.0,2
exp13:score_proj_l2h_lam0p20:seed42,dev,pava_q3_tau0p55,2,3,0.07894736842105263,2
exp13:score_proj_l2h_lam0p20:seed42,dev,pava_q3_tau0p55,3,9,0.23684210526315788,2
exp13:score_proj_l2h_lam0p20:seed42,dev,pava_q3_tau0p55,4,11,0.2894736842105263,2
exp13:score_proj_l2h_lam0p20:seed42,dev,pava_q3_tau0p55,5,15,0.39473684210526316,2
exp13:score_proj_l2h_lam0p20:seed42,dev,pava_q3_tau0p55,1,0,0.0,3
exp13:score_proj_l2h_lam0p20:seed42,dev,pava_q3_tau0p55,2,0,0.0,3
exp13:score_proj_l2h_lam0p20:seed42,dev,pava_q3_tau0p55,3,39,0.37142857142857144,3
exp13:score_proj_l2h_lam0p20:seed42,dev,pava_q3_tau0p55,4,41,0.3904761904761905,3
exp13:score_proj_l2h_lam0p20:seed42,dev,pava_q3_tau0p55,5,25,0.23809523809523808,3
exp13:score_proj_l2h_lam0p20:seed42,dev,pava_q3_tau0p55,1,0,0.0,4
exp13:score_proj_l2h_lam0p20:seed42,dev,pava_q3_tau0p55,2,0,0.0,4
exp13:score_proj_l2h_lam0p20:seed42,dev,pava_q3_tau0p55,3,49,0.12596401028277635,4
exp13:score_proj_l2h_lam0p20:seed42,dev,pava_q3_tau0p55,4,227,0.583547557840617,4
exp13:score_proj_l2h_lam0p20:seed42,dev,pava_q3_tau0p55,5,113,0.29048843187660667,4
exp13:score_proj_l2h_lam0p20:seed42,dev,pava_q3_tau0p55,1,0,0.0,5
exp13:score_proj_l2h_lam0p20:seed42,dev,pava_q3_tau0p55,2,1,0.0017985611510791368,5
exp13:score_proj_l2h_lam0p20:seed42,dev,pava_q3_tau0p55,3,9,0.01618705035971223,5
exp13:score_proj_l2h_lam0p20:seed42,dev,pava_q3_tau0p55,4,115,0.2068345323741007,5
exp13:score_proj_l2h_lam0p20:seed42,dev,pava_q3_tau0p55,5,431,0.7751798561151079,5
exp13:score_proj_l2h_lam0p20:seed42,test,pava_q3_tau0p55,1,9,0.008159564823209429,
exp13:score_proj_l2h_lam0p20:seed42,test,pava_q3_tau0p55,2,3,0.0027198549410698096,
exp13:score_proj_l2h_lam0p20:seed42,test,pava_q3_tau0p55,3,103,0.09338168631006347,
exp13:score_proj_l2h_lam0p20:seed42,test,pava_q3_tau0p55,4,428,0.38803263825929285,
exp13:score_proj_l2h_lam0p20:seed42,test,pava_q3_tau0p55,5,560,0.5077062556663645,
exp13:score_proj_l2h_lam0p20:seed42,test,pava_q3_tau0p55,1,8,0.8888888888888888,1
exp13:score_proj_l2h_lam0p20:seed42,test,pava_q3_tau0p55,2,0,0.0,1
exp13:score_proj_l2h_lam0p20:seed42,test,pava_q3_tau0p55,3,0,0.0,1
exp13:score_proj_l2h_lam0p20:seed42,test,pava_q3_tau0p55,4,0,0.0,1
exp13:score_proj_l2h_lam0p20:seed42,test,pava_q3_tau0p55,5,1,0.1111111111111111,1
exp13:score_proj_l2h_lam0p20:seed42,test,pava_q3_tau0p55,1,0,0.0,2
exp13:score_proj_l2h_lam0p20:seed42,test,pava_q3_tau0p55,2,0,0.0,2
exp13:score_proj_l2h_lam0p20:seed42,test,pava_q3_tau0p55,3,11,0.5,2
exp13:score_proj_l2h_lam0p20:seed42,test,pava_q3_tau0p55,4,7,0.3181818181818182,2
exp13:score_proj_l2h_lam0p20:seed42,test,pava_q3_tau0p55,5,4,0.18181818181818182,2
exp13:score_proj_l2h_lam0p20:seed42,test,pava_q3_tau0p55,1,1,0.009523809523809525,3
exp13:score_proj_l2h_lam0p20:seed42,test,pava_q3_tau0p55,2,1,0.009523809523809525,3
exp13:score_proj_l2h_lam0p20:seed42,test,pava_q3_tau0p55,3,41,0.3904761904761905,3
exp13:score_proj_l2h_lam0p20:seed42,test,pava_q3_tau0p55,4,50,0.47619047619047616,3
exp13:score_proj_l2h_lam0p20:seed42,test,pava_q3_tau0p55,5,12,0.11428571428571428,3
exp13:score_proj_l2h_lam0p20:seed42,test,pava_q3_tau0p55,1,0,0.0,4
exp13:score_proj_l2h_lam0p20:seed42,test,pava_q3_tau0p55,2,0,0.0,4
exp13:score_proj_l2h_lam0p20:seed42,test,pava_q3_tau0p55,3,44,0.12535612535612536,4
exp13:score_proj_l2h_lam0p20:seed42,test,pava_q3_tau0p55,4,229,0.6524216524216524,4
exp13:score_proj_l2h_lam0p20:seed42,test,pava_q3_tau0p55,5,78,0.2222222222222222,4
exp13:score_proj_l2h_lam0p20:seed42,test,pava_q3_tau0p55,1,0,0.0,5
exp13:score_proj_l2h_lam0p20:seed42,test,pava_q3_tau0p55,2,2,0.003246753246753247,5
exp13:score_proj_l2h_lam0p20:seed42,test,pava_q3_tau0p55,3,7,0.011363636363636364,5
exp13:score_proj_l2h_lam0p20:seed42,test,pava_q3_tau0p55,4,142,0.2305194805194805,5
exp13:score_proj_l2h_lam0p20:seed42,test,pava_q3_tau0p55,5,465,0.7548701298701299,5
exp13:score_proj_l2h_lam0p20:seed42,dev,pava_q3_tau0p60,1,13,0.011743450767841012,
exp13:score_proj_l2h_lam0p20:seed42,dev,pava_q3_tau0p60,2,4,0.0036133694670280035,
exp13:score_proj_l2h_lam0p20:seed42,dev,pava_q3_tau0p60,3,117,0.10569105691056911,
exp13:score_proj_l2h_lam0p20:seed42,dev,pava_q3_tau0p60,4,389,0.35140018066847334,
exp13:score_proj_l2h_lam0p20:seed42,dev,pava_q3_tau0p60,5,584,0.5275519421860885,
exp13:score_proj_l2h_lam0p20:seed42,dev,pava_q3_tau0p60,1,13,0.6842105263157895,1
exp13:score_proj_l2h_lam0p20:seed42,dev,pava_q3_tau0p60,2,0,0.0,1
exp13:score_proj_l2h_lam0p20:seed42,dev,pava_q3_tau0p60,3,4,0.21052631578947367,1
exp13:score_proj_l2h_lam0p20:seed42,dev,pava_q3_tau0p60,4,2,0.10526315789473684,1
exp13:score_proj_l2h_lam0p20:seed42,dev,pava_q3_tau0p60,5,0,0.0,1
exp13:score_proj_l2h_lam0p20:seed42,dev,pava_q3_tau0p60,1,0,0.0,2
exp13:score_proj_l2h_lam0p20:seed42,dev,pava_q3_tau0p60,2,3,0.07894736842105263,2
exp13:score_proj_l2h_lam0p20:seed42,dev,pava_q3_tau0p60,3,9,0.23684210526315788,2
exp13:score_proj_l2h_lam0p20:seed42,dev,pava_q3_tau0p60,4,11,0.2894736842105263,2
exp13:score_proj_l2h_lam0p20:seed42,dev,pava_q3_tau0p60,5,15,0.39473684210526316,2
exp13:score_proj_l2h_lam0p20:seed42,dev,pava_q3_tau0p60,1,0,0.0,3
exp13:score_proj_l2h_lam0p20:seed42,dev,pava_q3_tau0p60,2,0,0.0,3
exp13:score_proj_l2h_lam0p20:seed42,dev,pava_q3_tau0p60,3,41,0.3904761904761905,3
exp13:score_proj_l2h_lam0p20:seed42,dev,pava_q3_tau0p60,4,39,0.37142857142857144,3
exp13:score_proj_l2h_lam0p20:seed42,dev,pava_q3_tau0p60,5,25,0.23809523809523808,3
exp13:score_proj_l2h_lam0p20:seed42,dev,pava_q3_tau0p60,1,0,0.0,4
exp13:score_proj_l2h_lam0p20:seed42,dev,pava_q3_tau0p60,2,0,0.0,4
exp13:score_proj_l2h_lam0p20:seed42,dev,pava_q3_tau0p60,3,54,0.13881748071979436,4
exp13:score_proj_l2h_lam0p20:seed42,dev,pava_q3_tau0p60,4,222,0.570694087403599,4
exp13:score_proj_l2h_lam0p20:seed42,dev,pava_q3_tau0p60,5,113,0.29048843187660667,4
exp13:score_proj_l2h_lam0p20:seed42,dev,pava_q3_tau0p60,1,0,0.0,5
exp13:score_proj_l2h_lam0p20:seed42,dev,pava_q3_tau0p60,2,1,0.0017985611510791368,5
exp13:score_proj_l2h_lam0p20:seed42,dev,pava_q3_tau0p60,3,9,0.01618705035971223,5
exp13:score_proj_l2h_lam0p20:seed42,dev,pava_q3_tau0p60,4,115,0.2068345323741007,5
exp13:score_proj_l2h_lam0p20:seed42,dev,pava_q3_tau0p60,5,431,0.7751798561151079,5
exp13:score_proj_l2h_lam0p20:seed42,test,pava_q3_tau0p60,1,9,0.008159564823209429,
exp13:score_proj_l2h_lam0p20:seed42,test,pava_q3_tau0p60,2,3,0.0027198549410698096,
exp13:score_proj_l2h_lam0p20:seed42,test,pava_q3_tau0p60,3,112,0.10154125113327289,
exp13:score_proj_l2h_lam0p20:seed42,test,pava_q3_tau0p60,4,419,0.3798730734360834,
exp13:score_proj_l2h_lam0p20:seed42,test,pava_q3_tau0p60,5,560,0.5077062556663645,
exp13:score_proj_l2h_lam0p20:seed42,test,pava_q3_tau0p60,1,8,0.8888888888888888,1
exp13:score_proj_l2h_lam0p20:seed42,test,pava_q3_tau0p60,2,0,0.0,1
exp13:score_proj_l2h_lam0p20:seed42,test,pava_q3_tau0p60,3,0,0.0,1
exp13:score_proj_l2h_lam0p20:seed42,test,pava_q3_tau0p60,4,0,0.0,1
exp13:score_proj_l2h_lam0p20:seed42,test,pava_q3_tau0p60,5,1,0.1111111111111111,1
exp13:score_proj_l2h_lam0p20:seed42,test,pava_q3_tau0p60,1,0,0.0,2
exp13:score_proj_l2h_lam0p20:seed42,test,pava_q3_tau0p60,2,0,0.0,2
exp13:score_proj_l2h_lam0p20:seed42,test,pava_q3_tau0p60,3,11,0.5,2
exp13:score_proj_l2h_lam0p20:seed42,test,pava_q3_tau0p60,4,7,0.3181818181818182,2
exp13:score_proj_l2h_lam0p20:seed42,test,pava_q3_tau0p60,5,4,0.18181818181818182,2
exp13:score_proj_l2h_lam0p20:seed42,test,pava_q3_tau0p60,1,1,0.009523809523809525,3
exp13:score_proj_l2h_lam0p20:seed42,test,pava_q3_tau0p60,2,1,0.009523809523809525,3
exp13:score_proj_l2h_lam0p20:seed42,test,pava_q3_tau0p60,3,44,0.41904761904761906,3
exp13:score_proj_l2h_lam0p20:seed42,test,pava_q3_tau0p60,4,47,0.44761904761904764,3
exp13:score_proj_l2h_lam0p20:seed42,test,pava_q3_tau0p60,5,12,0.11428571428571428,3
exp13:score_proj_l2h_lam0p20:seed42,test,pava_q3_tau0p60,1,0,0.0,4
exp13:score_proj_l2h_lam0p20:seed42,test,pava_q3_tau0p60,2,0,0.0,4
exp13:score_proj_l2h_lam0p20:seed42,test,pava_q3_tau0p60,3,49,0.1396011396011396,4
exp13:score_proj_l2h_lam0p20:seed42,test,pava_q3_tau0p60,4,224,0.6381766381766382,4
exp13:score_proj_l2h_lam0p20:seed42,test,pava_q3_tau0p60,5,78,0.2222222222222222,4
exp13:score_proj_l2h_lam0p20:seed42,test,pava_q3_tau0p60,1,0,0.0,5
exp13:score_proj_l2h_lam0p20:seed42,test,pava_q3_tau0p60,2,2,0.003246753246753247,5
exp13:score_proj_l2h_lam0p20:seed42,test,pava_q3_tau0p60,3,8,0.012987012987012988,5
exp13:score_proj_l2h_lam0p20:seed42,test,pava_q3_tau0p60,4,141,0.2288961038961039,5
exp13:score_proj_l2h_lam0p20:seed42,test,pava_q3_tau0p60,5,465,0.7548701298701299,5
exp13:score_proj_l2h_lam0p20:seed42,dev,pava_q3_tau0p65,1,13,0.011743450767841012,
exp13:score_proj_l2h_lam0p20:seed42,dev,pava_q3_tau0p65,2,4,0.0036133694670280035,
exp13:score_proj_l2h_lam0p20:seed42,dev,pava_q3_tau0p65,3,125,0.11291779584462511,
exp13:score_proj_l2h_lam0p20:seed42,dev,pava_q3_tau0p65,4,381,0.34417344173441733,
exp13:score_proj_l2h_lam0p20:seed42,dev,pava_q3_tau0p65,5,584,0.5275519421860885,
exp13:score_proj_l2h_lam0p20:seed42,dev,pava_q3_tau0p65,1,13,0.6842105263157895,1
exp13:score_proj_l2h_lam0p20:seed42,dev,pava_q3_tau0p65,2,0,0.0,1
exp13:score_proj_l2h_lam0p20:seed42,dev,pava_q3_tau0p65,3,4,0.21052631578947367,1
exp13:score_proj_l2h_lam0p20:seed42,dev,pava_q3_tau0p65,4,2,0.10526315789473684,1
exp13:score_proj_l2h_lam0p20:seed42,dev,pava_q3_tau0p65,5,0,0.0,1
exp13:score_proj_l2h_lam0p20:seed42,dev,pava_q3_tau0p65,1,0,0.0,2
exp13:score_proj_l2h_lam0p20:seed42,dev,pava_q3_tau0p65,2,3,0.07894736842105263,2
exp13:score_proj_l2h_lam0p20:seed42,dev,pava_q3_tau0p65,3,9,0.23684210526315788,2
exp13:score_proj_l2h_lam0p20:seed42,dev,pava_q3_tau0p65,4,11,0.2894736842105263,2
exp13:score_proj_l2h_lam0p20:seed42,dev,pava_q3_tau0p65,5,15,0.39473684210526316,2
exp13:score_proj_l2h_lam0p20:seed42,dev,pava_q3_tau0p65,1,0,0.0,3
exp13:score_proj_l2h_lam0p20:seed42,dev,pava_q3_tau0p65,2,0,0.0,3
exp13:score_proj_l2h_lam0p20:seed42,dev,pava_q3_tau0p65,3,42,0.4,3
exp13:score_proj_l2h_lam0p20:seed42,dev,pava_q3_tau0p65,4,38,0.3619047619047619,3
exp13:score_proj_l2h_lam0p20:seed42,dev,pava_q3_tau0p65,5,25,0.23809523809523808,3
exp13:score_proj_l2h_lam0p20:seed42,dev,pava_q3_tau0p65,1,0,0.0,4
exp13:score_proj_l2h_lam0p20:seed42,dev,pava_q3_tau0p65,2,0,0.0,4
exp13:score_proj_l2h_lam0p20:seed42,dev,pava_q3_tau0p65,3,59,0.15167095115681234,4
exp13:score_proj_l2h_lam0p20:seed42,dev,pava_q3_tau0p65,4,217,0.5578406169665809,4
exp13:score_proj_l2h_lam0p20:seed42,dev,pava_q3_tau0p65,5,113,0.29048843187660667,4
exp13:score_proj_l2h_lam0p20:seed42,dev,pava_q3_tau0p65,1,0,0.0,5
exp13:score_proj_l2h_lam0p20:seed42,dev,pava_q3_tau0p65,2,1,0.0017985611510791368,5
exp13:score_proj_l2h_lam0p20:seed42,dev,pava_q3_tau0p65,3,11,0.019784172661870502,5
exp13:score_proj_l2h_lam0p20:seed42,dev,pava_q3_tau0p65,4,113,0.20323741007194246,5
exp13:score_proj_l2h_lam0p20:seed42,dev,pava_q3_tau0p65,5,431,0.7751798561151079,5
exp13:score_proj_l2h_lam0p20:seed42,test,pava_q3_tau0p65,1,9,0.008159564823209429,
exp13:score_proj_l2h_lam0p20:seed42,test,pava_q3_tau0p65,2,3,0.0027198549410698096,
exp13:score_proj_l2h_lam0p20:seed42,test,pava_q3_tau0p65,3,127,0.11514052583862194,
exp13:score_proj_l2h_lam0p20:seed42,test,pava_q3_tau0p65,4,404,0.36627379873073435,
exp13:score_proj_l2h_lam0p20:seed42,test,pava_q3_tau0p65,5,560,0.5077062556663645,
exp13:score_proj_l2h_lam0p20:seed42,test,pava_q3_tau0p65,1,8,0.8888888888888888,1
exp13:score_proj_l2h_lam0p20:seed42,test,pava_q3_tau0p65,2,0,0.0,1
exp13:score_proj_l2h_lam0p20:seed42,test,pava_q3_tau0p65,3,0,0.0,1
exp13:score_proj_l2h_lam0p20:seed42,test,pava_q3_tau0p65,4,0,0.0,1
exp13:score_proj_l2h_lam0p20:seed42,test,pava_q3_tau0p65,5,1,0.1111111111111111,1
exp13:score_proj_l2h_lam0p20:seed42,test,pava_q3_tau0p65,1,0,0.0,2
exp13:score_proj_l2h_lam0p20:seed42,test,pava_q3_tau0p65,2,0,0.0,2
exp13:score_proj_l2h_lam0p20:seed42,test,pava_q3_tau0p65,3,11,0.5,2
exp13:score_proj_l2h_lam0p20:seed42,test,pava_q3_tau0p65,4,7,0.3181818181818182,2
exp13:score_proj_l2h_lam0p20:seed42,test,pava_q3_tau0p65,5,4,0.18181818181818182,2
exp13:score_proj_l2h_lam0p20:seed42,test,pava_q3_tau0p65,1,1,0.009523809523809525,3
exp13:score_proj_l2h_lam0p20:seed42,test,pava_q3_tau0p65,2,1,0.009523809523809525,3
exp13:score_proj_l2h_lam0p20:seed42,test,pava_q3_tau0p65,3,47,0.44761904761904764,3
exp13:score_proj_l2h_lam0p20:seed42,test,pava_q3_tau0p65,4,44,0.41904761904761906,3
exp13:score_proj_l2h_lam0p20:seed42,test,pava_q3_tau0p65,5,12,0.11428571428571428,3
exp13:score_proj_l2h_lam0p20:seed42,test,pava_q3_tau0p65,1,0,0.0,4
exp13:score_proj_l2h_lam0p20:seed42,test,pava_q3_tau0p65,2,0,0.0,4
exp13:score_proj_l2h_lam0p20:seed42,test,pava_q3_tau0p65,3,57,0.1623931623931624,4
exp13:score_proj_l2h_lam0p20:seed42,test,pava_q3_tau0p65,4,216,0.6153846153846154,4
exp13:score_proj_l2h_lam0p20:seed42,test,pava_q3_tau0p65,5,78,0.2222222222222222,4
exp13:score_proj_l2h_lam0p20:seed42,test,pava_q3_tau0p65,1,0,0.0,5
exp13:score_proj_l2h_lam0p20:seed42,test,pava_q3_tau0p65,2,2,0.003246753246753247,5
exp13:score_proj_l2h_lam0p20:seed42,test,pava_q3_tau0p65,3,12,0.01948051948051948,5
exp13:score_proj_l2h_lam0p20:seed42,test,pava_q3_tau0p65,4,137,0.2224025974025974,5
exp13:score_proj_l2h_lam0p20:seed42,test,pava_q3_tau0p65,5,465,0.7548701298701299,5
exp13:score_proj_l2h_lam0p20:seed42,dev,pava_q3_tau0p70,1,13,0.011743450767841012,
exp13:score_proj_l2h_lam0p20:seed42,dev,pava_q3_tau0p70,2,4,0.0036133694670280035,
exp13:score_proj_l2h_lam0p20:seed42,dev,pava_q3_tau0p70,3,134,0.12104787714543812,
exp13:score_proj_l2h_lam0p20:seed42,dev,pava_q3_tau0p70,4,373,0.3369467028003613,
exp13:score_proj_l2h_lam0p20:seed42,dev,pava_q3_tau0p70,5,583,0.5266485998193315,
exp13:score_proj_l2h_lam0p20:seed42,dev,pava_q3_tau0p70,1,13,0.6842105263157895,1
exp13:score_proj_l2h_lam0p20:seed42,dev,pava_q3_tau0p70,2,0,0.0,1
exp13:score_proj_l2h_lam0p20:seed42,dev,pava_q3_tau0p70,3,4,0.21052631578947367,1
exp13:score_proj_l2h_lam0p20:seed42,dev,pava_q3_tau0p70,4,2,0.10526315789473684,1
exp13:score_proj_l2h_lam0p20:seed42,dev,pava_q3_tau0p70,5,0,0.0,1
exp13:score_proj_l2h_lam0p20:seed42,dev,pava_q3_tau0p70,1,0,0.0,2
exp13:score_proj_l2h_lam0p20:seed42,dev,pava_q3_tau0p70,2,3,0.07894736842105263,2
exp13:score_proj_l2h_lam0p20:seed42,dev,pava_q3_tau0p70,3,9,0.23684210526315788,2
exp13:score_proj_l2h_lam0p20:seed42,dev,pava_q3_tau0p70,4,11,0.2894736842105263,2
exp13:score_proj_l2h_lam0p20:seed42,dev,pava_q3_tau0p70,5,15,0.39473684210526316,2
exp13:score_proj_l2h_lam0p20:seed42,dev,pava_q3_tau0p70,1,0,0.0,3
exp13:score_proj_l2h_lam0p20:seed42,dev,pava_q3_tau0p70,2,0,0.0,3
exp13:score_proj_l2h_lam0p20:seed42,dev,pava_q3_tau0p70,3,44,0.41904761904761906,3
exp13:score_proj_l2h_lam0p20:seed42,dev,pava_q3_tau0p70,4,36,0.34285714285714286,3
exp13:score_proj_l2h_lam0p20:seed42,dev,pava_q3_tau0p70,5,25,0.23809523809523808,3
exp13:score_proj_l2h_lam0p20:seed42,dev,pava_q3_tau0p70,1,0,0.0,4
exp13:score_proj_l2h_lam0p20:seed42,dev,pava_q3_tau0p70,2,0,0.0,4
exp13:score_proj_l2h_lam0p20:seed42,dev,pava_q3_tau0p70,3,62,0.15938303341902313,4
exp13:score_proj_l2h_lam0p20:seed42,dev,pava_q3_tau0p70,4,214,0.5501285347043702,4
exp13:score_proj_l2h_lam0p20:seed42,dev,pava_q3_tau0p70,5,113,0.29048843187660667,4
exp13:score_proj_l2h_lam0p20:seed42,dev,pava_q3_tau0p70,1,0,0.0,5
exp13:score_proj_l2h_lam0p20:seed42,dev,pava_q3_tau0p70,2,1,0.0017985611510791368,5
exp13:score_proj_l2h_lam0p20:seed42,dev,pava_q3_tau0p70,3,15,0.02697841726618705,5
exp13:score_proj_l2h_lam0p20:seed42,dev,pava_q3_tau0p70,4,110,0.19784172661870503,5
exp13:score_proj_l2h_lam0p20:seed42,dev,pava_q3_tau0p70,5,430,0.7733812949640287,5
exp13:score_proj_l2h_lam0p20:seed42,test,pava_q3_tau0p70,1,9,0.008159564823209429,
exp13:score_proj_l2h_lam0p20:seed42,test,pava_q3_tau0p70,2,3,0.0027198549410698096,
exp13:score_proj_l2h_lam0p20:seed42,test,pava_q3_tau0p70,3,138,0.12511332728921123,
exp13:score_proj_l2h_lam0p20:seed42,test,pava_q3_tau0p70,4,393,0.3563009972801451,
exp13:score_proj_l2h_lam0p20:seed42,test,pava_q3_tau0p70,5,560,0.5077062556663645,
exp13:score_proj_l2h_lam0p20:seed42,test,pava_q3_tau0p70,1,8,0.8888888888888888,1
exp13:score_proj_l2h_lam0p20:seed42,test,pava_q3_tau0p70,2,0,0.0,1
exp13:score_proj_l2h_lam0p20:seed42,test,pava_q3_tau0p70,3,0,0.0,1
exp13:score_proj_l2h_lam0p20:seed42,test,pava_q3_tau0p70,4,0,0.0,1
exp13:score_proj_l2h_lam0p20:seed42,test,pava_q3_tau0p70,5,1,0.1111111111111111,1
exp13:score_proj_l2h_lam0p20:seed42,test,pava_q3_tau0p70,1,0,0.0,2
exp13:score_proj_l2h_lam0p20:seed42,test,pava_q3_tau0p70,2,0,0.0,2
exp13:score_proj_l2h_lam0p20:seed42,test,pava_q3_tau0p70,3,11,0.5,2
exp13:score_proj_l2h_lam0p20:seed42,test,pava_q3_tau0p70,4,7,0.3181818181818182,2
exp13:score_proj_l2h_lam0p20:seed42,test,pava_q3_tau0p70,5,4,0.18181818181818182,2
exp13:score_proj_l2h_lam0p20:seed42,test,pava_q3_tau0p70,1,1,0.009523809523809525,3
exp13:score_proj_l2h_lam0p20:seed42,test,pava_q3_tau0p70,2,1,0.009523809523809525,3
exp13:score_proj_l2h_lam0p20:seed42,test,pava_q3_tau0p70,3,51,0.4857142857142857,3
exp13:score_proj_l2h_lam0p20:seed42,test,pava_q3_tau0p70,4,40,0.38095238095238093,3
exp13:score_proj_l2h_lam0p20:seed42,test,pava_q3_tau0p70,5,12,0.11428571428571428,3
exp13:score_proj_l2h_lam0p20:seed42,test,pava_q3_tau0p70,1,0,0.0,4
exp13:score_proj_l2h_lam0p20:seed42,test,pava_q3_tau0p70,2,0,0.0,4
exp13:score_proj_l2h_lam0p20:seed42,test,pava_q3_tau0p70,3,64,0.18233618233618235,4
exp13:score_proj_l2h_lam0p20:seed42,test,pava_q3_tau0p70,4,209,0.5954415954415955,4
exp13:score_proj_l2h_lam0p20:seed42,test,pava_q3_tau0p70,5,78,0.2222222222222222,4
exp13:score_proj_l2h_lam0p20:seed42,test,pava_q3_tau0p70,1,0,0.0,5
exp13:score_proj_l2h_lam0p20:seed42,test,pava_q3_tau0p70,2,2,0.003246753246753247,5
exp13:score_proj_l2h_lam0p20:seed42,test,pava_q3_tau0p70,3,12,0.01948051948051948,5
exp13:score_proj_l2h_lam0p20:seed42,test,pava_q3_tau0p70,4,137,0.2224025974025974,5
exp13:score_proj_l2h_lam0p20:seed42,test,pava_q3_tau0p70,5,465,0.7548701298701299,5
exp13:score_proj_l2h_lam0p20:seed42,dev,pava_q3_tau0p75,1,13,0.011743450767841012,
exp13:score_proj_l2h_lam0p20:seed42,dev,pava_q3_tau0p75,2,4,0.0036133694670280035,
exp13:score_proj_l2h_lam0p20:seed42,dev,pava_q3_tau0p75,3,144,0.13008130081300814,
exp13:score_proj_l2h_lam0p20:seed42,dev,pava_q3_tau0p75,4,364,0.3288166214995483,
exp13:score_proj_l2h_lam0p20:seed42,dev,pava_q3_tau0p75,5,582,0.5257452574525745,
exp13:score_proj_l2h_lam0p20:seed42,dev,pava_q3_tau0p75,1,13,0.6842105263157895,1
exp13:score_proj_l2h_lam0p20:seed42,dev,pava_q3_tau0p75,2,0,0.0,1
exp13:score_proj_l2h_lam0p20:seed42,dev,pava_q3_tau0p75,3,4,0.21052631578947367,1
exp13:score_proj_l2h_lam0p20:seed42,dev,pava_q3_tau0p75,4,2,0.10526315789473684,1
exp13:score_proj_l2h_lam0p20:seed42,dev,pava_q3_tau0p75,5,0,0.0,1
exp13:score_proj_l2h_lam0p20:seed42,dev,pava_q3_tau0p75,1,0,0.0,2
exp13:score_proj_l2h_lam0p20:seed42,dev,pava_q3_tau0p75,2,3,0.07894736842105263,2
exp13:score_proj_l2h_lam0p20:seed42,dev,pava_q3_tau0p75,3,9,0.23684210526315788,2
exp13:score_proj_l2h_lam0p20:seed42,dev,pava_q3_tau0p75,4,11,0.2894736842105263,2
exp13:score_proj_l2h_lam0p20:seed42,dev,pava_q3_tau0p75,5,15,0.39473684210526316,2
exp13:score_proj_l2h_lam0p20:seed42,dev,pava_q3_tau0p75,1,0,0.0,3
exp13:score_proj_l2h_lam0p20:seed42,dev,pava_q3_tau0p75,2,0,0.0,3
exp13:score_proj_l2h_lam0p20:seed42,dev,pava_q3_tau0p75,3,45,0.42857142857142855,3
exp13:score_proj_l2h_lam0p20:seed42,dev,pava_q3_tau0p75,4,35,0.3333333333333333,3
exp13:score_proj_l2h_lam0p20:seed42,dev,pava_q3_tau0p75,5,25,0.23809523809523808,3
exp13:score_proj_l2h_lam0p20:seed42,dev,pava_q3_tau0p75,1,0,0.0,4
exp13:score_proj_l2h_lam0p20:seed42,dev,pava_q3_tau0p75,2,0,0.0,4
exp13:score_proj_l2h_lam0p20:seed42,dev,pava_q3_tau0p75,3,67,0.17223650385604114,4
exp13:score_proj_l2h_lam0p20:seed42,dev,pava_q3_tau0p75,4,209,0.5372750642673522,4
exp13:score_proj_l2h_lam0p20:seed42,dev,pava_q3_tau0p75,5,113,0.29048843187660667,4
exp13:score_proj_l2h_lam0p20:seed42,dev,pava_q3_tau0p75,1,0,0.0,5
exp13:score_proj_l2h_lam0p20:seed42,dev,pava_q3_tau0p75,2,1,0.0017985611510791368,5
exp13:score_proj_l2h_lam0p20:seed42,dev,pava_q3_tau0p75,3,19,0.0341726618705036,5
exp13:score_proj_l2h_lam0p20:seed42,dev,pava_q3_tau0p75,4,107,0.19244604316546762,5
exp13:score_proj_l2h_lam0p20:seed42,dev,pava_q3_tau0p75,5,429,0.7715827338129496,5
exp13:score_proj_l2h_lam0p20:seed42,test,pava_q3_tau0p75,1,9,0.008159564823209429,
exp13:score_proj_l2h_lam0p20:seed42,test,pava_q3_tau0p75,2,3,0.0027198549410698096,
exp13:score_proj_l2h_lam0p20:seed42,test,pava_q3_tau0p75,3,154,0.13961922030825022,
exp13:score_proj_l2h_lam0p20:seed42,test,pava_q3_tau0p75,4,378,0.34270172257479603,
exp13:score_proj_l2h_lam0p20:seed42,test,pava_q3_tau0p75,5,559,0.5067996373526745,
exp13:score_proj_l2h_lam0p20:seed42,test,pava_q3_tau0p75,1,8,0.8888888888888888,1
exp13:score_proj_l2h_lam0p20:seed42,test,pava_q3_tau0p75,2,0,0.0,1
exp13:score_proj_l2h_lam0p20:seed42,test,pava_q3_tau0p75,3,0,0.0,1
exp13:score_proj_l2h_lam0p20:seed42,test,pava_q3_tau0p75,4,0,0.0,1
exp13:score_proj_l2h_lam0p20:seed42,test,pava_q3_tau0p75,5,1,0.1111111111111111,1
exp13:score_proj_l2h_lam0p20:seed42,test,pava_q3_tau0p75,1,0,0.0,2
exp13:score_proj_l2h_lam0p20:seed42,test,pava_q3_tau0p75,2,0,0.0,2
exp13:score_proj_l2h_lam0p20:seed42,test,pava_q3_tau0p75,3,11,0.5,2
exp13:score_proj_l2h_lam0p20:seed42,test,pava_q3_tau0p75,4,7,0.3181818181818182,2
exp13:score_proj_l2h_lam0p20:seed42,test,pava_q3_tau0p75,5,4,0.18181818181818182,2
exp13:score_proj_l2h_lam0p20:seed42,test,pava_q3_tau0p75,1,1,0.009523809523809525,3
exp13:score_proj_l2h_lam0p20:seed42,test,pava_q3_tau0p75,2,1,0.009523809523809525,3
exp13:score_proj_l2h_lam0p20:seed42,test,pava_q3_tau0p75,3,52,0.49523809523809526,3
exp13:score_proj_l2h_lam0p20:seed42,test,pava_q3_tau0p75,4,39,0.37142857142857144,3
exp13:score_proj_l2h_lam0p20:seed42,test,pava_q3_tau0p75,5,12,0.11428571428571428,3
exp13:score_proj_l2h_lam0p20:seed42,test,pava_q3_tau0p75,1,0,0.0,4
exp13:score_proj_l2h_lam0p20:seed42,test,pava_q3_tau0p75,2,0,0.0,4
exp13:score_proj_l2h_lam0p20:seed42,test,pava_q3_tau0p75,3,73,0.20797720797720798,4
exp13:score_proj_l2h_lam0p20:seed42,test,pava_q3_tau0p75,4,200,0.5698005698005698,4
exp13:score_proj_l2h_lam0p20:seed42,test,pava_q3_tau0p75,5,78,0.2222222222222222,4
exp13:score_proj_l2h_lam0p20:seed42,test,pava_q3_tau0p75,1,0,0.0,5
exp13:score_proj_l2h_lam0p20:seed42,test,pava_q3_tau0p75,2,2,0.003246753246753247,5
exp13:score_proj_l2h_lam0p20:seed42,test,pava_q3_tau0p75,3,18,0.02922077922077922,5
exp13:score_proj_l2h_lam0p20:seed42,test,pava_q3_tau0p75,4,132,0.21428571428571427,5
exp13:score_proj_l2h_lam0p20:seed42,test,pava_q3_tau0p75,5,464,0.7532467532467533,5
exp13:score_proj_l2h_lam0p20:seed42,dev,pava_q3_tau0p80,1,13,0.011743450767841012,
exp13:score_proj_l2h_lam0p20:seed42,dev,pava_q3_tau0p80,2,4,0.0036133694670280035,
exp13:score_proj_l2h_lam0p20:seed42,dev,pava_q3_tau0p80,3,158,0.14272809394760613,
exp13:score_proj_l2h_lam0p20:seed42,dev,pava_q3_tau0p80,4,350,0.31616982836495033,
exp13:score_proj_l2h_lam0p20:seed42,dev,pava_q3_tau0p80,5,582,0.5257452574525745,
exp13:score_proj_l2h_lam0p20:seed42,dev,pava_q3_tau0p80,1,13,0.6842105263157895,1
exp13:score_proj_l2h_lam0p20:seed42,dev,pava_q3_tau0p80,2,0,0.0,1
exp13:score_proj_l2h_lam0p20:seed42,dev,pava_q3_tau0p80,3,4,0.21052631578947367,1
exp13:score_proj_l2h_lam0p20:seed42,dev,pava_q3_tau0p80,4,2,0.10526315789473684,1
exp13:score_proj_l2h_lam0p20:seed42,dev,pava_q3_tau0p80,5,0,0.0,1
exp13:score_proj_l2h_lam0p20:seed42,dev,pava_q3_tau0p80,1,0,0.0,2
exp13:score_proj_l2h_lam0p20:seed42,dev,pava_q3_tau0p80,2,3,0.07894736842105263,2
exp13:score_proj_l2h_lam0p20:seed42,dev,pava_q3_tau0p80,3,10,0.2631578947368421,2
exp13:score_proj_l2h_lam0p20:seed42,dev,pava_q3_tau0p80,4,10,0.2631578947368421,2
exp13:score_proj_l2h_lam0p20:seed42,dev,pava_q3_tau0p80,5,15,0.39473684210526316,2
exp13:score_proj_l2h_lam0p20:seed42,dev,pava_q3_tau0p80,1,0,0.0,3
exp13:score_proj_l2h_lam0p20:seed42,dev,pava_q3_tau0p80,2,0,0.0,3
exp13:score_proj_l2h_lam0p20:seed42,dev,pava_q3_tau0p80,3,48,0.45714285714285713,3
exp13:score_proj_l2h_lam0p20:seed42,dev,pava_q3_tau0p80,4,32,0.3047619047619048,3
exp13:score_proj_l2h_lam0p20:seed42,dev,pava_q3_tau0p80,5,25,0.23809523809523808,3
exp13:score_proj_l2h_lam0p20:seed42,dev,pava_q3_tau0p80,1,0,0.0,4
exp13:score_proj_l2h_lam0p20:seed42,dev,pava_q3_tau0p80,2,0,0.0,4
exp13:score_proj_l2h_lam0p20:seed42,dev,pava_q3_tau0p80,3,75,0.1928020565552699,4
exp13:score_proj_l2h_lam0p20:seed42,dev,pava_q3_tau0p80,4,201,0.5167095115681234,4
exp13:score_proj_l2h_lam0p20:seed42,dev,pava_q3_tau0p80,5,113,0.29048843187660667,4
exp13:score_proj_l2h_lam0p20:seed42,dev,pava_q3_tau0p80,1,0,0.0,5
exp13:score_proj_l2h_lam0p20:seed42,dev,pava_q3_tau0p80,2,1,0.0017985611510791368,5
exp13:score_proj_l2h_lam0p20:seed42,dev,pava_q3_tau0p80,3,21,0.03776978417266187,5
exp13:score_proj_l2h_lam0p20:seed42,dev,pava_q3_tau0p80,4,105,0.18884892086330934,5
exp13:score_proj_l2h_lam0p20:seed42,dev,pava_q3_tau0p80,5,429,0.7715827338129496,5
exp13:score_proj_l2h_lam0p20:seed42,test,pava_q3_tau0p80,1,9,0.008159564823209429,
exp13:score_proj_l2h_lam0p20:seed42,test,pava_q3_tau0p80,2,3,0.0027198549410698096,
exp13:score_proj_l2h_lam0p20:seed42,test,pava_q3_tau0p80,3,166,0.15049864007252947,
exp13:score_proj_l2h_lam0p20:seed42,test,pava_q3_tau0p80,4,367,0.3327289211242067,
exp13:score_proj_l2h_lam0p20:seed42,test,pava_q3_tau0p80,5,558,0.5058930190389845,
exp13:score_proj_l2h_lam0p20:seed42,test,pava_q3_tau0p80,1,8,0.8888888888888888,1
exp13:score_proj_l2h_lam0p20:seed42,test,pava_q3_tau0p80,2,0,0.0,1
exp13:score_proj_l2h_lam0p20:seed42,test,pava_q3_tau0p80,3,0,0.0,1
exp13:score_proj_l2h_lam0p20:seed42,test,pava_q3_tau0p80,4,0,0.0,1
exp13:score_proj_l2h_lam0p20:seed42,test,pava_q3_tau0p80,5,1,0.1111111111111111,1
exp13:score_proj_l2h_lam0p20:seed42,test,pava_q3_tau0p80,1,0,0.0,2
exp13:score_proj_l2h_lam0p20:seed42,test,pava_q3_tau0p80,2,0,0.0,2
exp13:score_proj_l2h_lam0p20:seed42,test,pava_q3_tau0p80,3,12,0.5454545454545454,2
exp13:score_proj_l2h_lam0p20:seed42,test,pava_q3_tau0p80,4,6,0.2727272727272727,2
exp13:score_proj_l2h_lam0p20:seed42,test,pava_q3_tau0p80,5,4,0.18181818181818182,2
exp13:score_proj_l2h_lam0p20:seed42,test,pava_q3_tau0p80,1,1,0.009523809523809525,3
exp13:score_proj_l2h_lam0p20:seed42,test,pava_q3_tau0p80,2,1,0.009523809523809525,3
exp13:score_proj_l2h_lam0p20:seed42,test,pava_q3_tau0p80,3,54,0.5142857142857142,3
exp13:score_proj_l2h_lam0p20:seed42,test,pava_q3_tau0p80,4,37,0.3523809523809524,3
exp13:score_proj_l2h_lam0p20:seed42,test,pava_q3_tau0p80,5,12,0.11428571428571428,3
exp13:score_proj_l2h_lam0p20:seed42,test,pava_q3_tau0p80,1,0,0.0,4
exp13:score_proj_l2h_lam0p20:seed42,test,pava_q3_tau0p80,2,0,0.0,4
exp13:score_proj_l2h_lam0p20:seed42,test,pava_q3_tau0p80,3,80,0.22792022792022792,4
exp13:score_proj_l2h_lam0p20:seed42,test,pava_q3_tau0p80,4,194,0.5527065527065527,4
exp13:score_proj_l2h_lam0p20:seed42,test,pava_q3_tau0p80,5,77,0.21937321937321938,4
exp13:score_proj_l2h_lam0p20:seed42,test,pava_q3_tau0p80,1,0,0.0,5
exp13:score_proj_l2h_lam0p20:seed42,test,pava_q3_tau0p80,2,2,0.003246753246753247,5
exp13:score_proj_l2h_lam0p20:seed42,test,pava_q3_tau0p80,3,20,0.032467532467532464,5
exp13:score_proj_l2h_lam0p20:seed42,test,pava_q3_tau0p80,4,130,0.21103896103896103,5
exp13:score_proj_l2h_lam0p20:seed42,test,pava_q3_tau0p80,5,464,0.7532467532467533,5
exp13:score_proj_l2h_lam0p20:seed42,dev,pava_q3_tau0p85,1,13,0.011743450767841012,
exp13:score_proj_l2h_lam0p20:seed42,dev,pava_q3_tau0p85,2,4,0.0036133694670280035,
exp13:score_proj_l2h_lam0p20:seed42,dev,pava_q3_tau0p85,3,177,0.15989159891598917,
exp13:score_proj_l2h_lam0p20:seed42,dev,pava_q3_tau0p85,4,332,0.2999096657633243,
exp13:score_proj_l2h_lam0p20:seed42,dev,pava_q3_tau0p85,5,581,0.5248419150858176,
exp13:score_proj_l2h_lam0p20:seed42,dev,pava_q3_tau0p85,1,13,0.6842105263157895,1
exp13:score_proj_l2h_lam0p20:seed42,dev,pava_q3_tau0p85,2,0,0.0,1
exp13:score_proj_l2h_lam0p20:seed42,dev,pava_q3_tau0p85,3,4,0.21052631578947367,1
exp13:score_proj_l2h_lam0p20:seed42,dev,pava_q3_tau0p85,4,2,0.10526315789473684,1
exp13:score_proj_l2h_lam0p20:seed42,dev,pava_q3_tau0p85,5,0,0.0,1
exp13:score_proj_l2h_lam0p20:seed42,dev,pava_q3_tau0p85,1,0,0.0,2
exp13:score_proj_l2h_lam0p20:seed42,dev,pava_q3_tau0p85,2,3,0.07894736842105263,2
exp13:score_proj_l2h_lam0p20:seed42,dev,pava_q3_tau0p85,3,10,0.2631578947368421,2
exp13:score_proj_l2h_lam0p20:seed42,dev,pava_q3_tau0p85,4,10,0.2631578947368421,2
exp13:score_proj_l2h_lam0p20:seed42,dev,pava_q3_tau0p85,5,15,0.39473684210526316,2
exp13:score_proj_l2h_lam0p20:seed42,dev,pava_q3_tau0p85,1,0,0.0,3
exp13:score_proj_l2h_lam0p20:seed42,dev,pava_q3_tau0p85,2,0,0.0,3
exp13:score_proj_l2h_lam0p20:seed42,dev,pava_q3_tau0p85,3,55,0.5238095238095238,3
exp13:score_proj_l2h_lam0p20:seed42,dev,pava_q3_tau0p85,4,25,0.23809523809523808,3
exp13:score_proj_l2h_lam0p20:seed42,dev,pava_q3_tau0p85,5,25,0.23809523809523808,3
exp13:score_proj_l2h_lam0p20:seed42,dev,pava_q3_tau0p85,1,0,0.0,4
exp13:score_proj_l2h_lam0p20:seed42,dev,pava_q3_tau0p85,2,0,0.0,4
exp13:score_proj_l2h_lam0p20:seed42,dev,pava_q3_tau0p85,3,86,0.2210796915167095,4
exp13:score_proj_l2h_lam0p20:seed42,dev,pava_q3_tau0p85,4,190,0.4884318766066838,4
exp13:score_proj_l2h_lam0p20:seed42,dev,pava_q3_tau0p85,5,113,0.29048843187660667,4
exp13:score_proj_l2h_lam0p20:seed42,dev,pava_q3_tau0p85,1,0,0.0,5
exp13:score_proj_l2h_lam0p20:seed42,dev,pava_q3_tau0p85,2,1,0.0017985611510791368,5
exp13:score_proj_l2h_lam0p20:seed42,dev,pava_q3_tau0p85,3,22,0.039568345323741004,5
exp13:score_proj_l2h_lam0p20:seed42,dev,pava_q3_tau0p85,4,105,0.18884892086330934,5
exp13:score_proj_l2h_lam0p20:seed42,dev,pava_q3_tau0p85,5,428,0.7697841726618705,5
exp13:score_proj_l2h_lam0p20:seed42,test,pava_q3_tau0p85,1,9,0.008159564823209429,
exp13:score_proj_l2h_lam0p20:seed42,test,pava_q3_tau0p85,2,3,0.0027198549410698096,
exp13:score_proj_l2h_lam0p20:seed42,test,pava_q3_tau0p85,3,188,0.17044424297370808,
exp13:score_proj_l2h_lam0p20:seed42,test,pava_q3_tau0p85,4,347,0.314596554850408,
exp13:score_proj_l2h_lam0p20:seed42,test,pava_q3_tau0p85,5,556,0.5040797824116047,
exp13:score_proj_l2h_lam0p20:seed42,test,pava_q3_tau0p85,1,8,0.8888888888888888,1
exp13:score_proj_l2h_lam0p20:seed42,test,pava_q3_tau0p85,2,0,0.0,1
exp13:score_proj_l2h_lam0p20:seed42,test,pava_q3_tau0p85,3,0,0.0,1
exp13:score_proj_l2h_lam0p20:seed42,test,pava_q3_tau0p85,4,0,0.0,1
exp13:score_proj_l2h_lam0p20:seed42,test,pava_q3_tau0p85,5,1,0.1111111111111111,1
exp13:score_proj_l2h_lam0p20:seed42,test,pava_q3_tau0p85,1,0,0.0,2
exp13:score_proj_l2h_lam0p20:seed42,test,pava_q3_tau0p85,2,0,0.0,2
exp13:score_proj_l2h_lam0p20:seed42,test,pava_q3_tau0p85,3,13,0.5909090909090909,2
exp13:score_proj_l2h_lam0p20:seed42,test,pava_q3_tau0p85,4,5,0.22727272727272727,2
exp13:score_proj_l2h_lam0p20:seed42,test,pava_q3_tau0p85,5,4,0.18181818181818182,2
exp13:score_proj_l2h_lam0p20:seed42,test,pava_q3_tau0p85,1,1,0.009523809523809525,3
exp13:score_proj_l2h_lam0p20:seed42,test,pava_q3_tau0p85,2,1,0.009523809523809525,3
exp13:score_proj_l2h_lam0p20:seed42,test,pava_q3_tau0p85,3,58,0.5523809523809524,3
exp13:score_proj_l2h_lam0p20:seed42,test,pava_q3_tau0p85,4,33,0.3142857142857143,3
exp13:score_proj_l2h_lam0p20:seed42,test,pava_q3_tau0p85,5,12,0.11428571428571428,3
exp13:score_proj_l2h_lam0p20:seed42,test,pava_q3_tau0p85,1,0,0.0,4
exp13:score_proj_l2h_lam0p20:seed42,test,pava_q3_tau0p85,2,0,0.0,4
exp13:score_proj_l2h_lam0p20:seed42,test,pava_q3_tau0p85,3,89,0.2535612535612536,4
exp13:score_proj_l2h_lam0p20:seed42,test,pava_q3_tau0p85,4,185,0.5270655270655271,4
exp13:score_proj_l2h_lam0p20:seed42,test,pava_q3_tau0p85,5,77,0.21937321937321938,4
exp13:score_proj_l2h_lam0p20:seed42,test,pava_q3_tau0p85,1,0,0.0,5
exp13:score_proj_l2h_lam0p20:seed42,test,pava_q3_tau0p85,2,2,0.003246753246753247,5
exp13:score_proj_l2h_lam0p20:seed42,test,pava_q3_tau0p85,3,28,0.045454545454545456,5
exp13:score_proj_l2h_lam0p20:seed42,test,pava_q3_tau0p85,4,124,0.2012987012987013,5
exp13:score_proj_l2h_lam0p20:seed42,test,pava_q3_tau0p85,5,462,0.75,5
exp13:score_proj_l2h_lam0p20:seed42,dev,pava_q3_tau0p90,1,13,0.011743450767841012,
exp13:score_proj_l2h_lam0p20:seed42,dev,pava_q3_tau0p90,2,4,0.0036133694670280035,
exp13:score_proj_l2h_lam0p20:seed42,dev,pava_q3_tau0p90,3,200,0.18066847335140018,
exp13:score_proj_l2h_lam0p20:seed42,dev,pava_q3_tau0p90,4,311,0.2809394760614273,
exp13:score_proj_l2h_lam0p20:seed42,dev,pava_q3_tau0p90,5,579,0.5230352303523035,
exp13:score_proj_l2h_lam0p20:seed42,dev,pava_q3_tau0p90,1,13,0.6842105263157895,1
exp13:score_proj_l2h_lam0p20:seed42,dev,pava_q3_tau0p90,2,0,0.0,1
exp13:score_proj_l2h_lam0p20:seed42,dev,pava_q3_tau0p90,3,4,0.21052631578947367,1
exp13:score_proj_l2h_lam0p20:seed42,dev,pava_q3_tau0p90,4,2,0.10526315789473684,1
exp13:score_proj_l2h_lam0p20:seed42,dev,pava_q3_tau0p90,5,0,0.0,1
exp13:score_proj_l2h_lam0p20:seed42,dev,pava_q3_tau0p90,1,0,0.0,2
exp13:score_proj_l2h_lam0p20:seed42,dev,pava_q3_tau0p90,2,3,0.07894736842105263,2
exp13:score_proj_l2h_lam0p20:seed42,dev,pava_q3_tau0p90,3,13,0.34210526315789475,2
exp13:score_proj_l2h_lam0p20:seed42,dev,pava_q3_tau0p90,4,8,0.21052631578947367,2
exp13:score_proj_l2h_lam0p20:seed42,dev,pava_q3_tau0p90,5,14,0.3684210526315789,2
exp13:score_proj_l2h_lam0p20:seed42,dev,pava_q3_tau0p90,1,0,0.0,3
exp13:score_proj_l2h_lam0p20:seed42,dev,pava_q3_tau0p90,2,0,0.0,3
exp13:score_proj_l2h_lam0p20:seed42,dev,pava_q3_tau0p90,3,56,0.5333333333333333,3
exp13:score_proj_l2h_lam0p20:seed42,dev,pava_q3_tau0p90,4,24,0.22857142857142856,3
exp13:score_proj_l2h_lam0p20:seed42,dev,pava_q3_tau0p90,5,25,0.23809523809523808,3
exp13:score_proj_l2h_lam0p20:seed42,dev,pava_q3_tau0p90,1,0,0.0,4
exp13:score_proj_l2h_lam0p20:seed42,dev,pava_q3_tau0p90,2,0,0.0,4
exp13:score_proj_l2h_lam0p20:seed42,dev,pava_q3_tau0p90,3,101,0.2596401028277635,4
exp13:score_proj_l2h_lam0p20:seed42,dev,pava_q3_tau0p90,4,176,0.4524421593830334,4
exp13:score_proj_l2h_lam0p20:seed42,dev,pava_q3_tau0p90,5,112,0.2879177377892031,4
exp13:score_proj_l2h_lam0p20:seed42,dev,pava_q3_tau0p90,1,0,0.0,5
exp13:score_proj_l2h_lam0p20:seed42,dev,pava_q3_tau0p90,2,1,0.0017985611510791368,5
exp13:score_proj_l2h_lam0p20:seed42,dev,pava_q3_tau0p90,3,26,0.046762589928057555,5
exp13:score_proj_l2h_lam0p20:seed42,dev,pava_q3_tau0p90,4,101,0.18165467625899281,5
exp13:score_proj_l2h_lam0p20:seed42,dev,pava_q3_tau0p90,5,428,0.7697841726618705,5
exp13:score_proj_l2h_lam0p20:seed42,test,pava_q3_tau0p90,1,9,0.008159564823209429,
exp13:score_proj_l2h_lam0p20:seed42,test,pava_q3_tau0p90,2,3,0.0027198549410698096,
exp13:score_proj_l2h_lam0p20:seed42,test,pava_q3_tau0p90,3,223,0.20217588395285585,
exp13:score_proj_l2h_lam0p20:seed42,test,pava_q3_tau0p90,4,317,0.2873980054397099,
exp13:score_proj_l2h_lam0p20:seed42,test,pava_q3_tau0p90,5,551,0.499546690843155,
exp13:score_proj_l2h_lam0p20:seed42,test,pava_q3_tau0p90,1,8,0.8888888888888888,1
exp13:score_proj_l2h_lam0p20:seed42,test,pava_q3_tau0p90,2,0,0.0,1
exp13:score_proj_l2h_lam0p20:seed42,test,pava_q3_tau0p90,3,0,0.0,1
exp13:score_proj_l2h_lam0p20:seed42,test,pava_q3_tau0p90,4,0,0.0,1
exp13:score_proj_l2h_lam0p20:seed42,test,pava_q3_tau0p90,5,1,0.1111111111111111,1
exp13:score_proj_l2h_lam0p20:seed42,test,pava_q3_tau0p90,1,0,0.0,2
exp13:score_proj_l2h_lam0p20:seed42,test,pava_q3_tau0p90,2,0,0.0,2
exp13:score_proj_l2h_lam0p20:seed42,test,pava_q3_tau0p90,3,13,0.5909090909090909,2
exp13:score_proj_l2h_lam0p20:seed42,test,pava_q3_tau0p90,4,5,0.22727272727272727,2
exp13:score_proj_l2h_lam0p20:seed42,test,pava_q3_tau0p90,5,4,0.18181818181818182,2
exp13:score_proj_l2h_lam0p20:seed42,test,pava_q3_tau0p90,1,1,0.009523809523809525,3
exp13:score_proj_l2h_lam0p20:seed42,test,pava_q3_tau0p90,2,1,0.009523809523809525,3
exp13:score_proj_l2h_lam0p20:seed42,test,pava_q3_tau0p90,3,65,0.6190476190476191,3
exp13:score_proj_l2h_lam0p20:seed42,test,pava_q3_tau0p90,4,26,0.24761904761904763,3
exp13:score_proj_l2h_lam0p20:seed42,test,pava_q3_tau0p90,5,12,0.11428571428571428,3
exp13:score_proj_l2h_lam0p20:seed42,test,pava_q3_tau0p90,1,0,0.0,4
exp13:score_proj_l2h_lam0p20:seed42,test,pava_q3_tau0p90,2,0,0.0,4
exp13:score_proj_l2h_lam0p20:seed42,test,pava_q3_tau0p90,3,110,0.31339031339031337,4
exp13:score_proj_l2h_lam0p20:seed42,test,pava_q3_tau0p90,4,166,0.47293447293447294,4
exp13:score_proj_l2h_lam0p20:seed42,test,pava_q3_tau0p90,5,75,0.21367521367521367,4
exp13:score_proj_l2h_lam0p20:seed42,test,pava_q3_tau0p90,1,0,0.0,5
exp13:score_proj_l2h_lam0p20:seed42,test,pava_q3_tau0p90,2,2,0.003246753246753247,5
exp13:score_proj_l2h_lam0p20:seed42,test,pava_q3_tau0p90,3,35,0.056818181818181816,5
exp13:score_proj_l2h_lam0p20:seed42,test,pava_q3_tau0p90,4,120,0.19480519480519481,5
exp13:score_proj_l2h_lam0p20:seed42,test,pava_q3_tau0p90,5,459,0.7451298701298701,5
exp13:score_proj_l2h_lam0p20:seed42,dev,pava_q3_tau0p95,1,13,0.011743450767841012,
exp13:score_proj_l2h_lam0p20:seed42,dev,pava_q3_tau0p95,2,4,0.0036133694670280035,
exp13:score_proj_l2h_lam0p20:seed42,dev,pava_q3_tau0p95,3,248,0.2240289069557362,
exp13:score_proj_l2h_lam0p20:seed42,dev,pava_q3_tau0p95,4,269,0.24299909665763325,
exp13:score_proj_l2h_lam0p20:seed42,dev,pava_q3_tau0p95,5,573,0.5176151761517616,
exp13:score_proj_l2h_lam0p20:seed42,dev,pava_q3_tau0p95,1,13,0.6842105263157895,1
exp13:score_proj_l2h_lam0p20:seed42,dev,pava_q3_tau0p95,2,0,0.0,1
exp13:score_proj_l2h_lam0p20:seed42,dev,pava_q3_tau0p95,3,4,0.21052631578947367,1
exp13:score_proj_l2h_lam0p20:seed42,dev,pava_q3_tau0p95,4,2,0.10526315789473684,1
exp13:score_proj_l2h_lam0p20:seed42,dev,pava_q3_tau0p95,5,0,0.0,1
exp13:score_proj_l2h_lam0p20:seed42,dev,pava_q3_tau0p95,1,0,0.0,2
exp13:score_proj_l2h_lam0p20:seed42,dev,pava_q3_tau0p95,2,3,0.07894736842105263,2
exp13:score_proj_l2h_lam0p20:seed42,dev,pava_q3_tau0p95,3,15,0.39473684210526316,2
exp13:score_proj_l2h_lam0p20:seed42,dev,pava_q3_tau0p95,4,6,0.15789473684210525,2
exp13:score_proj_l2h_lam0p20:seed42,dev,pava_q3_tau0p95,5,14,0.3684210526315789,2
exp13:score_proj_l2h_lam0p20:seed42,dev,pava_q3_tau0p95,1,0,0.0,3
exp13:score_proj_l2h_lam0p20:seed42,dev,pava_q3_tau0p95,2,0,0.0,3
exp13:score_proj_l2h_lam0p20:seed42,dev,pava_q3_tau0p95,3,60,0.5714285714285714,3
exp13:score_proj_l2h_lam0p20:seed42,dev,pava_q3_tau0p95,4,20,0.19047619047619047,3
exp13:score_proj_l2h_lam0p20:seed42,dev,pava_q3_tau0p95,5,25,0.23809523809523808,3
exp13:score_proj_l2h_lam0p20:seed42,dev,pava_q3_tau0p95,1,0,0.0,4
exp13:score_proj_l2h_lam0p20:seed42,dev,pava_q3_tau0p95,2,0,0.0,4
exp13:score_proj_l2h_lam0p20:seed42,dev,pava_q3_tau0p95,3,127,0.3264781491002571,4
exp13:score_proj_l2h_lam0p20:seed42,dev,pava_q3_tau0p95,4,152,0.390745501285347,4
exp13:score_proj_l2h_lam0p20:seed42,dev,pava_q3_tau0p95,5,110,0.2827763496143959,4
exp13:score_proj_l2h_lam0p20:seed42,dev,pava_q3_tau0p95,1,0,0.0,5
exp13:score_proj_l2h_lam0p20:seed42,dev,pava_q3_tau0p95,2,1,0.0017985611510791368,5
exp13:score_proj_l2h_lam0p20:seed42,dev,pava_q3_tau0p95,3,42,0.07553956834532374,5
exp13:score_proj_l2h_lam0p20:seed42,dev,pava_q3_tau0p95,4,89,0.16007194244604317,5
exp13:score_proj_l2h_lam0p20:seed42,dev,pava_q3_tau0p95,5,424,0.762589928057554,5
exp13:score_proj_l2h_lam0p20:seed42,test,pava_q3_tau0p95,1,9,0.008159564823209429,
exp13:score_proj_l2h_lam0p20:seed42,test,pava_q3_tau0p95,2,3,0.0027198549410698096,
exp13:score_proj_l2h_lam0p20:seed42,test,pava_q3_tau0p95,3,283,0.25657298277425206,
exp13:score_proj_l2h_lam0p20:seed42,test,pava_q3_tau0p95,4,266,0.2411604714415231,
exp13:score_proj_l2h_lam0p20:seed42,test,pava_q3_tau0p95,5,542,0.4913871260199456,
exp13:score_proj_l2h_lam0p20:seed42,test,pava_q3_tau0p95,1,8,0.8888888888888888,1
exp13:score_proj_l2h_lam0p20:seed42,test,pava_q3_tau0p95,2,0,0.0,1
exp13:score_proj_l2h_lam0p20:seed42,test,pava_q3_tau0p95,3,0,0.0,1
exp13:score_proj_l2h_lam0p20:seed42,test,pava_q3_tau0p95,4,0,0.0,1
exp13:score_proj_l2h_lam0p20:seed42,test,pava_q3_tau0p95,5,1,0.1111111111111111,1
exp13:score_proj_l2h_lam0p20:seed42,test,pava_q3_tau0p95,1,0,0.0,2
exp13:score_proj_l2h_lam0p20:seed42,test,pava_q3_tau0p95,2,0,0.0,2
exp13:score_proj_l2h_lam0p20:seed42,test,pava_q3_tau0p95,3,14,0.6363636363636364,2
exp13:score_proj_l2h_lam0p20:seed42,test,pava_q3_tau0p95,4,4,0.18181818181818182,2
exp13:score_proj_l2h_lam0p20:seed42,test,pava_q3_tau0p95,5,4,0.18181818181818182,2
exp13:score_proj_l2h_lam0p20:seed42,test,pava_q3_tau0p95,1,1,0.009523809523809525,3
exp13:score_proj_l2h_lam0p20:seed42,test,pava_q3_tau0p95,2,1,0.009523809523809525,3
exp13:score_proj_l2h_lam0p20:seed42,test,pava_q3_tau0p95,3,67,0.638095238095238,3
exp13:score_proj_l2h_lam0p20:seed42,test,pava_q3_tau0p95,4,24,0.22857142857142856,3
exp13:score_proj_l2h_lam0p20:seed42,test,pava_q3_tau0p95,5,12,0.11428571428571428,3
exp13:score_proj_l2h_lam0p20:seed42,test,pava_q3_tau0p95,1,0,0.0,4
exp13:score_proj_l2h_lam0p20:seed42,test,pava_q3_tau0p95,2,0,0.0,4
exp13:score_proj_l2h_lam0p20:seed42,test,pava_q3_tau0p95,3,140,0.39886039886039887,4
exp13:score_proj_l2h_lam0p20:seed42,test,pava_q3_tau0p95,4,140,0.39886039886039887,4
exp13:score_proj_l2h_lam0p20:seed42,test,pava_q3_tau0p95,5,71,0.2022792022792023,4
exp13:score_proj_l2h_lam0p20:seed42,test,pava_q3_tau0p95,1,0,0.0,5
exp13:score_proj_l2h_lam0p20:seed42,test,pava_q3_tau0p95,2,2,0.003246753246753247,5
exp13:score_proj_l2h_lam0p20:seed42,test,pava_q3_tau0p95,3,62,0.10064935064935066,5
exp13:score_proj_l2h_lam0p20:seed42,test,pava_q3_tau0p95,4,98,0.1590909090909091,5
exp13:score_proj_l2h_lam0p20:seed42,test,pava_q3_tau0p95,5,454,0.737012987012987,5
exp13:score_proj_l2h_lam0p20:seed42,dev,pava_q3_tau0p98,1,13,0.011743450767841012,
exp13:score_proj_l2h_lam0p20:seed42,dev,pava_q3_tau0p98,2,4,0.0036133694670280035,
exp13:score_proj_l2h_lam0p20:seed42,dev,pava_q3_tau0p98,3,315,0.2845528455284553,
exp13:score_proj_l2h_lam0p20:seed42,dev,pava_q3_tau0p98,4,216,0.1951219512195122,
exp13:score_proj_l2h_lam0p20:seed42,dev,pava_q3_tau0p98,5,559,0.5049683830171635,
exp13:score_proj_l2h_lam0p20:seed42,dev,pava_q3_tau0p98,1,13,0.6842105263157895,1
exp13:score_proj_l2h_lam0p20:seed42,dev,pava_q3_tau0p98,2,0,0.0,1
exp13:score_proj_l2h_lam0p20:seed42,dev,pava_q3_tau0p98,3,5,0.2631578947368421,1
exp13:score_proj_l2h_lam0p20:seed42,dev,pava_q3_tau0p98,4,1,0.05263157894736842,1
exp13:score_proj_l2h_lam0p20:seed42,dev,pava_q3_tau0p98,5,0,0.0,1
exp13:score_proj_l2h_lam0p20:seed42,dev,pava_q3_tau0p98,1,0,0.0,2
exp13:score_proj_l2h_lam0p20:seed42,dev,pava_q3_tau0p98,2,3,0.07894736842105263,2
exp13:score_proj_l2h_lam0p20:seed42,dev,pava_q3_tau0p98,3,16,0.42105263157894735,2
exp13:score_proj_l2h_lam0p20:seed42,dev,pava_q3_tau0p98,4,6,0.15789473684210525,2
exp13:score_proj_l2h_lam0p20:seed42,dev,pava_q3_tau0p98,5,13,0.34210526315789475,2
exp13:score_proj_l2h_lam0p20:seed42,dev,pava_q3_tau0p98,1,0,0.0,3
exp13:score_proj_l2h_lam0p20:seed42,dev,pava_q3_tau0p98,2,0,0.0,3
exp13:score_proj_l2h_lam0p20:seed42,dev,pava_q3_tau0p98,3,65,0.6190476190476191,3
exp13:score_proj_l2h_lam0p20:seed42,dev,pava_q3_tau0p98,4,16,0.1523809523809524,3
exp13:score_proj_l2h_lam0p20:seed42,dev,pava_q3_tau0p98,5,24,0.22857142857142856,3
exp13:score_proj_l2h_lam0p20:seed42,dev,pava_q3_tau0p98,1,0,0.0,4
exp13:score_proj_l2h_lam0p20:seed42,dev,pava_q3_tau0p98,2,0,0.0,4
exp13:score_proj_l2h_lam0p20:seed42,dev,pava_q3_tau0p98,3,156,0.40102827763496146,4
exp13:score_proj_l2h_lam0p20:seed42,dev,pava_q3_tau0p98,4,123,0.3161953727506427,4
exp13:score_proj_l2h_lam0p20:seed42,dev,pava_q3_tau0p98,5,110,0.2827763496143959,4
exp13:score_proj_l2h_lam0p20:seed42,dev,pava_q3_tau0p98,1,0,0.0,5
exp13:score_proj_l2h_lam0p20:seed42,dev,pava_q3_tau0p98,2,1,0.0017985611510791368,5
exp13:score_proj_l2h_lam0p20:seed42,dev,pava_q3_tau0p98,3,73,0.13129496402877697,5
exp13:score_proj_l2h_lam0p20:seed42,dev,pava_q3_tau0p98,4,70,0.12589928057553956,5
exp13:score_proj_l2h_lam0p20:seed42,dev,pava_q3_tau0p98,5,412,0.7410071942446043,5
exp13:score_proj_l2h_lam0p20:seed42,test,pava_q3_tau0p98,1,9,0.008159564823209429,
exp13:score_proj_l2h_lam0p20:seed42,test,pava_q3_tau0p98,2,3,0.0027198549410698096,
exp13:score_proj_l2h_lam0p20:seed42,test,pava_q3_tau0p98,3,381,0.34542157751586583,
exp13:score_proj_l2h_lam0p20:seed42,test,pava_q3_tau0p98,4,188,0.17044424297370808,
exp13:score_proj_l2h_lam0p20:seed42,test,pava_q3_tau0p98,5,522,0.4732547597461469,
exp13:score_proj_l2h_lam0p20:seed42,test,pava_q3_tau0p98,1,8,0.8888888888888888,1
exp13:score_proj_l2h_lam0p20:seed42,test,pava_q3_tau0p98,2,0,0.0,1
exp13:score_proj_l2h_lam0p20:seed42,test,pava_q3_tau0p98,3,0,0.0,1
exp13:score_proj_l2h_lam0p20:seed42,test,pava_q3_tau0p98,4,0,0.0,1
exp13:score_proj_l2h_lam0p20:seed42,test,pava_q3_tau0p98,5,1,0.1111111111111111,1
exp13:score_proj_l2h_lam0p20:seed42,test,pava_q3_tau0p98,1,0,0.0,2
exp13:score_proj_l2h_lam0p20:seed42,test,pava_q3_tau0p98,2,0,0.0,2
exp13:score_proj_l2h_lam0p20:seed42,test,pava_q3_tau0p98,3,17,0.7727272727272727,2
exp13:score_proj_l2h_lam0p20:seed42,test,pava_q3_tau0p98,4,2,0.09090909090909091,2
exp13:score_proj_l2h_lam0p20:seed42,test,pava_q3_tau0p98,5,3,0.13636363636363635,2
exp13:score_proj_l2h_lam0p20:seed42,test,pava_q3_tau0p98,1,1,0.009523809523809525,3
exp13:score_proj_l2h_lam0p20:seed42,test,pava_q3_tau0p98,2,1,0.009523809523809525,3
exp13:score_proj_l2h_lam0p20:seed42,test,pava_q3_tau0p98,3,78,0.7428571428571429,3
exp13:score_proj_l2h_lam0p20:seed42,test,pava_q3_tau0p98,4,13,0.12380952380952381,3
exp13:score_proj_l2h_lam0p20:seed42,test,pava_q3_tau0p98,5,12,0.11428571428571428,3
exp13:score_proj_l2h_lam0p20:seed42,test,pava_q3_tau0p98,1,0,0.0,4
exp13:score_proj_l2h_lam0p20:seed42,test,pava_q3_tau0p98,2,0,0.0,4
exp13:score_proj_l2h_lam0p20:seed42,test,pava_q3_tau0p98,3,187,0.5327635327635327,4
exp13:score_proj_l2h_lam0p20:seed42,test,pava_q3_tau0p98,4,98,0.2792022792022792,4
exp13:score_proj_l2h_lam0p20:seed42,test,pava_q3_tau0p98,5,66,0.18803418803418803,4
exp13:score_proj_l2h_lam0p20:seed42,test,pava_q3_tau0p98,1,0,0.0,5
exp13:score_proj_l2h_lam0p20:seed42,test,pava_q3_tau0p98,2,2,0.003246753246753247,5
exp13:score_proj_l2h_lam0p20:seed42,test,pava_q3_tau0p98,3,99,0.16071428571428573,5
exp13:score_proj_l2h_lam0p20:seed42,test,pava_q3_tau0p98,4,75,0.12175324675324675,5
exp13:score_proj_l2h_lam0p20:seed42,test,pava_q3_tau0p98,5,440,0.7142857142857143,5
exp13:score_proj_l2h_lam0p20:seed42,dev,q3_bias_neg0p25_pava,1,13,0.011743450767841012,
exp13:score_proj_l2h_lam0p20:seed42,dev,q3_bias_neg0p25_pava,2,4,0.0036133694670280035,
exp13:score_proj_l2h_lam0p20:seed42,dev,q3_bias_neg0p25_pava,3,111,0.1002710027100271,
exp13:score_proj_l2h_lam0p20:seed42,dev,q3_bias_neg0p25_pava,4,395,0.3568202348690154,
exp13:score_proj_l2h_lam0p20:seed42,dev,q3_bias_neg0p25_pava,5,584,0.5275519421860885,
exp13:score_proj_l2h_lam0p20:seed42,dev,q3_bias_neg0p25_pava,1,13,0.6842105263157895,1
exp13:score_proj_l2h_lam0p20:seed42,dev,q3_bias_neg0p25_pava,2,0,0.0,1
exp13:score_proj_l2h_lam0p20:seed42,dev,q3_bias_neg0p25_pava,3,4,0.21052631578947367,1
exp13:score_proj_l2h_lam0p20:seed42,dev,q3_bias_neg0p25_pava,4,2,0.10526315789473684,1
exp13:score_proj_l2h_lam0p20:seed42,dev,q3_bias_neg0p25_pava,5,0,0.0,1
exp13:score_proj_l2h_lam0p20:seed42,dev,q3_bias_neg0p25_pava,1,0,0.0,2
exp13:score_proj_l2h_lam0p20:seed42,dev,q3_bias_neg0p25_pava,2,3,0.07894736842105263,2
exp13:score_proj_l2h_lam0p20:seed42,dev,q3_bias_neg0p25_pava,3,9,0.23684210526315788,2
exp13:score_proj_l2h_lam0p20:seed42,dev,q3_bias_neg0p25_pava,4,11,0.2894736842105263,2
exp13:score_proj_l2h_lam0p20:seed42,dev,q3_bias_neg0p25_pava,5,15,0.39473684210526316,2
exp13:score_proj_l2h_lam0p20:seed42,dev,q3_bias_neg0p25_pava,1,0,0.0,3
exp13:score_proj_l2h_lam0p20:seed42,dev,q3_bias_neg0p25_pava,2,0,0.0,3
exp13:score_proj_l2h_lam0p20:seed42,dev,q3_bias_neg0p25_pava,3,39,0.37142857142857144,3
exp13:score_proj_l2h_lam0p20:seed42,dev,q3_bias_neg0p25_pava,4,41,0.3904761904761905,3
exp13:score_proj_l2h_lam0p20:seed42,dev,q3_bias_neg0p25_pava,5,25,0.23809523809523808,3
exp13:score_proj_l2h_lam0p20:seed42,dev,q3_bias_neg0p25_pava,1,0,0.0,4
exp13:score_proj_l2h_lam0p20:seed42,dev,q3_bias_neg0p25_pava,2,0,0.0,4
exp13:score_proj_l2h_lam0p20:seed42,dev,q3_bias_neg0p25_pava,3,50,0.12853470437017994,4
exp13:score_proj_l2h_lam0p20:seed42,dev,q3_bias_neg0p25_pava,4,226,0.5809768637532133,4
exp13:score_proj_l2h_lam0p20:seed42,dev,q3_bias_neg0p25_pava,5,113,0.29048843187660667,4
exp13:score_proj_l2h_lam0p20:seed42,dev,q3_bias_neg0p25_pava,1,0,0.0,5
exp13:score_proj_l2h_lam0p20:seed42,dev,q3_bias_neg0p25_pava,2,1,0.0017985611510791368,5
exp13:score_proj_l2h_lam0p20:seed42,dev,q3_bias_neg0p25_pava,3,9,0.01618705035971223,5
exp13:score_proj_l2h_lam0p20:seed42,dev,q3_bias_neg0p25_pava,4,115,0.2068345323741007,5
exp13:score_proj_l2h_lam0p20:seed42,dev,q3_bias_neg0p25_pava,5,431,0.7751798561151079,5
exp13:score_proj_l2h_lam0p20:seed42,test,q3_bias_neg0p25_pava,1,9,0.008159564823209429,
exp13:score_proj_l2h_lam0p20:seed42,test,q3_bias_neg0p25_pava,2,3,0.0027198549410698096,
exp13:score_proj_l2h_lam0p20:seed42,test,q3_bias_neg0p25_pava,3,106,0.09610154125113328,
exp13:score_proj_l2h_lam0p20:seed42,test,q3_bias_neg0p25_pava,4,425,0.38531278331822305,
exp13:score_proj_l2h_lam0p20:seed42,test,q3_bias_neg0p25_pava,5,560,0.5077062556663645,
exp13:score_proj_l2h_lam0p20:seed42,test,q3_bias_neg0p25_pava,1,8,0.8888888888888888,1
exp13:score_proj_l2h_lam0p20:seed42,test,q3_bias_neg0p25_pava,2,0,0.0,1
exp13:score_proj_l2h_lam0p20:seed42,test,q3_bias_neg0p25_pava,3,0,0.0,1
exp13:score_proj_l2h_lam0p20:seed42,test,q3_bias_neg0p25_pava,4,0,0.0,1
exp13:score_proj_l2h_lam0p20:seed42,test,q3_bias_neg0p25_pava,5,1,0.1111111111111111,1
exp13:score_proj_l2h_lam0p20:seed42,test,q3_bias_neg0p25_pava,1,0,0.0,2
exp13:score_proj_l2h_lam0p20:seed42,test,q3_bias_neg0p25_pava,2,0,0.0,2
exp13:score_proj_l2h_lam0p20:seed42,test,q3_bias_neg0p25_pava,3,11,0.5,2
exp13:score_proj_l2h_lam0p20:seed42,test,q3_bias_neg0p25_pava,4,7,0.3181818181818182,2
exp13:score_proj_l2h_lam0p20:seed42,test,q3_bias_neg0p25_pava,5,4,0.18181818181818182,2
exp13:score_proj_l2h_lam0p20:seed42,test,q3_bias_neg0p25_pava,1,1,0.009523809523809525,3
exp13:score_proj_l2h_lam0p20:seed42,test,q3_bias_neg0p25_pava,2,1,0.009523809523809525,3
exp13:score_proj_l2h_lam0p20:seed42,test,q3_bias_neg0p25_pava,3,41,0.3904761904761905,3
exp13:score_proj_l2h_lam0p20:seed42,test,q3_bias_neg0p25_pava,4,50,0.47619047619047616,3
exp13:score_proj_l2h_lam0p20:seed42,test,q3_bias_neg0p25_pava,5,12,0.11428571428571428,3
exp13:score_proj_l2h_lam0p20:seed42,test,q3_bias_neg0p25_pava,1,0,0.0,4
exp13:score_proj_l2h_lam0p20:seed42,test,q3_bias_neg0p25_pava,2,0,0.0,4
exp13:score_proj_l2h_lam0p20:seed42,test,q3_bias_neg0p25_pava,3,47,0.1339031339031339,4
exp13:score_proj_l2h_lam0p20:seed42,test,q3_bias_neg0p25_pava,4,226,0.6438746438746439,4
exp13:score_proj_l2h_lam0p20:seed42,test,q3_bias_neg0p25_pava,5,78,0.2222222222222222,4
exp13:score_proj_l2h_lam0p20:seed42,test,q3_bias_neg0p25_pava,1,0,0.0,5
exp13:score_proj_l2h_lam0p20:seed42,test,q3_bias_neg0p25_pava,2,2,0.003246753246753247,5
exp13:score_proj_l2h_lam0p20:seed42,test,q3_bias_neg0p25_pava,3,7,0.011363636363636364,5
exp13:score_proj_l2h_lam0p20:seed42,test,q3_bias_neg0p25_pava,4,142,0.2305194805194805,5
exp13:score_proj_l2h_lam0p20:seed42,test,q3_bias_neg0p25_pava,5,465,0.7548701298701299,5
exp13:score_proj_l2h_lam0p20:seed42,dev,q3_bias_neg0p5_pava,1,13,0.011743450767841012,
exp13:score_proj_l2h_lam0p20:seed42,dev,q3_bias_neg0p5_pava,2,4,0.0036133694670280035,
exp13:score_proj_l2h_lam0p20:seed42,dev,q3_bias_neg0p5_pava,3,121,0.1093044263775971,
exp13:score_proj_l2h_lam0p20:seed42,dev,q3_bias_neg0p5_pava,4,385,0.34778681120144533,
exp13:score_proj_l2h_lam0p20:seed42,dev,q3_bias_neg0p5_pava,5,584,0.5275519421860885,
exp13:score_proj_l2h_lam0p20:seed42,dev,q3_bias_neg0p5_pava,1,13,0.6842105263157895,1
exp13:score_proj_l2h_lam0p20:seed42,dev,q3_bias_neg0p5_pava,2,0,0.0,1
exp13:score_proj_l2h_lam0p20:seed42,dev,q3_bias_neg0p5_pava,3,4,0.21052631578947367,1
exp13:score_proj_l2h_lam0p20:seed42,dev,q3_bias_neg0p5_pava,4,2,0.10526315789473684,1
exp13:score_proj_l2h_lam0p20:seed42,dev,q3_bias_neg0p5_pava,5,0,0.0,1
exp13:score_proj_l2h_lam0p20:seed42,dev,q3_bias_neg0p5_pava,1,0,0.0,2
exp13:score_proj_l2h_lam0p20:seed42,dev,q3_bias_neg0p5_pava,2,3,0.07894736842105263,2
exp13:score_proj_l2h_lam0p20:seed42,dev,q3_bias_neg0p5_pava,3,9,0.23684210526315788,2
exp13:score_proj_l2h_lam0p20:seed42,dev,q3_bias_neg0p5_pava,4,11,0.2894736842105263,2
exp13:score_proj_l2h_lam0p20:seed42,dev,q3_bias_neg0p5_pava,5,15,0.39473684210526316,2
exp13:score_proj_l2h_lam0p20:seed42,dev,q3_bias_neg0p5_pava,1,0,0.0,3
exp13:score_proj_l2h_lam0p20:seed42,dev,q3_bias_neg0p5_pava,2,0,0.0,3
exp13:score_proj_l2h_lam0p20:seed42,dev,q3_bias_neg0p5_pava,3,41,0.3904761904761905,3
exp13:score_proj_l2h_lam0p20:seed42,dev,q3_bias_neg0p5_pava,4,39,0.37142857142857144,3
exp13:score_proj_l2h_lam0p20:seed42,dev,q3_bias_neg0p5_pava,5,25,0.23809523809523808,3
exp13:score_proj_l2h_lam0p20:seed42,dev,q3_bias_neg0p5_pava,1,0,0.0,4
exp13:score_proj_l2h_lam0p20:seed42,dev,q3_bias_neg0p5_pava,2,0,0.0,4
exp13:score_proj_l2h_lam0p20:seed42,dev,q3_bias_neg0p5_pava,3,57,0.14652956298200515,4
exp13:score_proj_l2h_lam0p20:seed42,dev,q3_bias_neg0p5_pava,4,219,0.5629820051413882,4
exp13:score_proj_l2h_lam0p20:seed42,dev,q3_bias_neg0p5_pava,5,113,0.29048843187660667,4
exp13:score_proj_l2h_lam0p20:seed42,dev,q3_bias_neg0p5_pava,1,0,0.0,5
exp13:score_proj_l2h_lam0p20:seed42,dev,q3_bias_neg0p5_pava,2,1,0.0017985611510791368,5
exp13:score_proj_l2h_lam0p20:seed42,dev,q3_bias_neg0p5_pava,3,10,0.017985611510791366,5
exp13:score_proj_l2h_lam0p20:seed42,dev,q3_bias_neg0p5_pava,4,114,0.20503597122302158,5
exp13:score_proj_l2h_lam0p20:seed42,dev,q3_bias_neg0p5_pava,5,431,0.7751798561151079,5
exp13:score_proj_l2h_lam0p20:seed42,test,q3_bias_neg0p5_pava,1,9,0.008159564823209429,
exp13:score_proj_l2h_lam0p20:seed42,test,q3_bias_neg0p5_pava,2,3,0.0027198549410698096,
exp13:score_proj_l2h_lam0p20:seed42,test,q3_bias_neg0p5_pava,3,118,0.10698096101541252,
exp13:score_proj_l2h_lam0p20:seed42,test,q3_bias_neg0p5_pava,4,413,0.3744333635539438,
exp13:score_proj_l2h_lam0p20:seed42,test,q3_bias_neg0p5_pava,5,560,0.5077062556663645,
exp13:score_proj_l2h_lam0p20:seed42,test,q3_bias_neg0p5_pava,1,8,0.8888888888888888,1
exp13:score_proj_l2h_lam0p20:seed42,test,q3_bias_neg0p5_pava,2,0,0.0,1
exp13:score_proj_l2h_lam0p20:seed42,test,q3_bias_neg0p5_pava,3,0,0.0,1
exp13:score_proj_l2h_lam0p20:seed42,test,q3_bias_neg0p5_pava,4,0,0.0,1
exp13:score_proj_l2h_lam0p20:seed42,test,q3_bias_neg0p5_pava,5,1,0.1111111111111111,1
exp13:score_proj_l2h_lam0p20:seed42,test,q3_bias_neg0p5_pava,1,0,0.0,2
exp13:score_proj_l2h_lam0p20:seed42,test,q3_bias_neg0p5_pava,2,0,0.0,2
exp13:score_proj_l2h_lam0p20:seed42,test,q3_bias_neg0p5_pava,3,11,0.5,2
exp13:score_proj_l2h_lam0p20:seed42,test,q3_bias_neg0p5_pava,4,7,0.3181818181818182,2
exp13:score_proj_l2h_lam0p20:seed42,test,q3_bias_neg0p5_pava,5,4,0.18181818181818182,2
exp13:score_proj_l2h_lam0p20:seed42,test,q3_bias_neg0p5_pava,1,1,0.009523809523809525,3
exp13:score_proj_l2h_lam0p20:seed42,test,q3_bias_neg0p5_pava,2,1,0.009523809523809525,3
exp13:score_proj_l2h_lam0p20:seed42,test,q3_bias_neg0p5_pava,3,45,0.42857142857142855,3
exp13:score_proj_l2h_lam0p20:seed42,test,q3_bias_neg0p5_pava,4,46,0.4380952380952381,3
exp13:score_proj_l2h_lam0p20:seed42,test,q3_bias_neg0p5_pava,5,12,0.11428571428571428,3
exp13:score_proj_l2h_lam0p20:seed42,test,q3_bias_neg0p5_pava,1,0,0.0,4
exp13:score_proj_l2h_lam0p20:seed42,test,q3_bias_neg0p5_pava,2,0,0.0,4
exp13:score_proj_l2h_lam0p20:seed42,test,q3_bias_neg0p5_pava,3,51,0.1452991452991453,4
exp13:score_proj_l2h_lam0p20:seed42,test,q3_bias_neg0p5_pava,4,222,0.6324786324786325,4
exp13:score_proj_l2h_lam0p20:seed42,test,q3_bias_neg0p5_pava,5,78,0.2222222222222222,4
exp13:score_proj_l2h_lam0p20:seed42,test,q3_bias_neg0p5_pava,1,0,0.0,5
exp13:score_proj_l2h_lam0p20:seed42,test,q3_bias_neg0p5_pava,2,2,0.003246753246753247,5
exp13:score_proj_l2h_lam0p20:seed42,test,q3_bias_neg0p5_pava,3,11,0.017857142857142856,5
exp13:score_proj_l2h_lam0p20:seed42,test,q3_bias_neg0p5_pava,4,138,0.22402597402597402,5
exp13:score_proj_l2h_lam0p20:seed42,test,q3_bias_neg0p5_pava,5,465,0.7548701298701299,5
exp13:score_proj_l2h_lam0p20:seed42,dev,q3_bias_neg0p75_pava,1,13,0.011743450767841012,
exp13:score_proj_l2h_lam0p20:seed42,dev,q3_bias_neg0p75_pava,2,4,0.0036133694670280035,
exp13:score_proj_l2h_lam0p20:seed42,dev,q3_bias_neg0p75_pava,3,131,0.11833785004516711,
exp13:score_proj_l2h_lam0p20:seed42,dev,q3_bias_neg0p75_pava,4,375,0.33875338753387535,
exp13:score_proj_l2h_lam0p20:seed42,dev,q3_bias_neg0p75_pava,5,584,0.5275519421860885,
exp13:score_proj_l2h_lam0p20:seed42,dev,q3_bias_neg0p75_pava,1,13,0.6842105263157895,1
exp13:score_proj_l2h_lam0p20:seed42,dev,q3_bias_neg0p75_pava,2,0,0.0,1
exp13:score_proj_l2h_lam0p20:seed42,dev,q3_bias_neg0p75_pava,3,4,0.21052631578947367,1
exp13:score_proj_l2h_lam0p20:seed42,dev,q3_bias_neg0p75_pava,4,2,0.10526315789473684,1
exp13:score_proj_l2h_lam0p20:seed42,dev,q3_bias_neg0p75_pava,5,0,0.0,1
exp13:score_proj_l2h_lam0p20:seed42,dev,q3_bias_neg0p75_pava,1,0,0.0,2
exp13:score_proj_l2h_lam0p20:seed42,dev,q3_bias_neg0p75_pava,2,3,0.07894736842105263,2
exp13:score_proj_l2h_lam0p20:seed42,dev,q3_bias_neg0p75_pava,3,9,0.23684210526315788,2
exp13:score_proj_l2h_lam0p20:seed42,dev,q3_bias_neg0p75_pava,4,11,0.2894736842105263,2
exp13:score_proj_l2h_lam0p20:seed42,dev,q3_bias_neg0p75_pava,5,15,0.39473684210526316,2
exp13:score_proj_l2h_lam0p20:seed42,dev,q3_bias_neg0p75_pava,1,0,0.0,3
exp13:score_proj_l2h_lam0p20:seed42,dev,q3_bias_neg0p75_pava,2,0,0.0,3
exp13:score_proj_l2h_lam0p20:seed42,dev,q3_bias_neg0p75_pava,3,43,0.4095238095238095,3
exp13:score_proj_l2h_lam0p20:seed42,dev,q3_bias_neg0p75_pava,4,37,0.3523809523809524,3
exp13:score_proj_l2h_lam0p20:seed42,dev,q3_bias_neg0p75_pava,5,25,0.23809523809523808,3
exp13:score_proj_l2h_lam0p20:seed42,dev,q3_bias_neg0p75_pava,1,0,0.0,4
exp13:score_proj_l2h_lam0p20:seed42,dev,q3_bias_neg0p75_pava,2,0,0.0,4
exp13:score_proj_l2h_lam0p20:seed42,dev,q3_bias_neg0p75_pava,3,62,0.15938303341902313,4
exp13:score_proj_l2h_lam0p20:seed42,dev,q3_bias_neg0p75_pava,4,214,0.5501285347043702,4
exp13:score_proj_l2h_lam0p20:seed42,dev,q3_bias_neg0p75_pava,5,113,0.29048843187660667,4
exp13:score_proj_l2h_lam0p20:seed42,dev,q3_bias_neg0p75_pava,1,0,0.0,5
exp13:score_proj_l2h_lam0p20:seed42,dev,q3_bias_neg0p75_pava,2,1,0.0017985611510791368,5
exp13:score_proj_l2h_lam0p20:seed42,dev,q3_bias_neg0p75_pava,3,13,0.023381294964028777,5
exp13:score_proj_l2h_lam0p20:seed42,dev,q3_bias_neg0p75_pava,4,111,0.19964028776978418,5
exp13:score_proj_l2h_lam0p20:seed42,dev,q3_bias_neg0p75_pava,5,431,0.7751798561151079,5
exp13:score_proj_l2h_lam0p20:seed42,test,q3_bias_neg0p75_pava,1,9,0.008159564823209429,
exp13:score_proj_l2h_lam0p20:seed42,test,q3_bias_neg0p75_pava,2,3,0.0027198549410698096,
exp13:score_proj_l2h_lam0p20:seed42,test,q3_bias_neg0p75_pava,3,130,0.11786038077969176,
exp13:score_proj_l2h_lam0p20:seed42,test,q3_bias_neg0p75_pava,4,401,0.36355394378966455,
exp13:score_proj_l2h_lam0p20:seed42,test,q3_bias_neg0p75_pava,5,560,0.5077062556663645,
exp13:score_proj_l2h_lam0p20:seed42,test,q3_bias_neg0p75_pava,1,8,0.8888888888888888,1
exp13:score_proj_l2h_lam0p20:seed42,test,q3_bias_neg0p75_pava,2,0,0.0,1
exp13:score_proj_l2h_lam0p20:seed42,test,q3_bias_neg0p75_pava,3,0,0.0,1
exp13:score_proj_l2h_lam0p20:seed42,test,q3_bias_neg0p75_pava,4,0,0.0,1
exp13:score_proj_l2h_lam0p20:seed42,test,q3_bias_neg0p75_pava,5,1,0.1111111111111111,1
exp13:score_proj_l2h_lam0p20:seed42,test,q3_bias_neg0p75_pava,1,0,0.0,2
exp13:score_proj_l2h_lam0p20:seed42,test,q3_bias_neg0p75_pava,2,0,0.0,2
exp13:score_proj_l2h_lam0p20:seed42,test,q3_bias_neg0p75_pava,3,11,0.5,2
exp13:score_proj_l2h_lam0p20:seed42,test,q3_bias_neg0p75_pava,4,7,0.3181818181818182,2
exp13:score_proj_l2h_lam0p20:seed42,test,q3_bias_neg0p75_pava,5,4,0.18181818181818182,2
exp13:score_proj_l2h_lam0p20:seed42,test,q3_bias_neg0p75_pava,1,1,0.009523809523809525,3
exp13:score_proj_l2h_lam0p20:seed42,test,q3_bias_neg0p75_pava,2,1,0.009523809523809525,3
exp13:score_proj_l2h_lam0p20:seed42,test,q3_bias_neg0p75_pava,3,47,0.44761904761904764,3
exp13:score_proj_l2h_lam0p20:seed42,test,q3_bias_neg0p75_pava,4,44,0.41904761904761906,3
exp13:score_proj_l2h_lam0p20:seed42,test,q3_bias_neg0p75_pava,5,12,0.11428571428571428,3
exp13:score_proj_l2h_lam0p20:seed42,test,q3_bias_neg0p75_pava,1,0,0.0,4
exp13:score_proj_l2h_lam0p20:seed42,test,q3_bias_neg0p75_pava,2,0,0.0,4
exp13:score_proj_l2h_lam0p20:seed42,test,q3_bias_neg0p75_pava,3,60,0.17094017094017094,4
exp13:score_proj_l2h_lam0p20:seed42,test,q3_bias_neg0p75_pava,4,213,0.6068376068376068,4
exp13:score_proj_l2h_lam0p20:seed42,test,q3_bias_neg0p75_pava,5,78,0.2222222222222222,4
exp13:score_proj_l2h_lam0p20:seed42,test,q3_bias_neg0p75_pava,1,0,0.0,5
exp13:score_proj_l2h_lam0p20:seed42,test,q3_bias_neg0p75_pava,2,2,0.003246753246753247,5
exp13:score_proj_l2h_lam0p20:seed42,test,q3_bias_neg0p75_pava,3,12,0.01948051948051948,5
exp13:score_proj_l2h_lam0p20:seed42,test,q3_bias_neg0p75_pava,4,137,0.2224025974025974,5
exp13:score_proj_l2h_lam0p20:seed42,test,q3_bias_neg0p75_pava,5,465,0.7548701298701299,5
exp13:score_proj_l2h_lam0p20:seed42,dev,q3_bias_neg1p0_pava,1,13,0.011743450767841012,
exp13:score_proj_l2h_lam0p20:seed42,dev,q3_bias_neg1p0_pava,2,4,0.0036133694670280035,
exp13:score_proj_l2h_lam0p20:seed42,dev,q3_bias_neg1p0_pava,3,139,0.12556458897922312,
exp13:score_proj_l2h_lam0p20:seed42,dev,q3_bias_neg1p0_pava,4,368,0.3324299909665763,
exp13:score_proj_l2h_lam0p20:seed42,dev,q3_bias_neg1p0_pava,5,583,0.5266485998193315,
exp13:score_proj_l2h_lam0p20:seed42,dev,q3_bias_neg1p0_pava,1,13,0.6842105263157895,1
exp13:score_proj_l2h_lam0p20:seed42,dev,q3_bias_neg1p0_pava,2,0,0.0,1
exp13:score_proj_l2h_lam0p20:seed42,dev,q3_bias_neg1p0_pava,3,4,0.21052631578947367,1
exp13:score_proj_l2h_lam0p20:seed42,dev,q3_bias_neg1p0_pava,4,2,0.10526315789473684,1
exp13:score_proj_l2h_lam0p20:seed42,dev,q3_bias_neg1p0_pava,5,0,0.0,1
exp13:score_proj_l2h_lam0p20:seed42,dev,q3_bias_neg1p0_pava,1,0,0.0,2
exp13:score_proj_l2h_lam0p20:seed42,dev,q3_bias_neg1p0_pava,2,3,0.07894736842105263,2
exp13:score_proj_l2h_lam0p20:seed42,dev,q3_bias_neg1p0_pava,3,9,0.23684210526315788,2
exp13:score_proj_l2h_lam0p20:seed42,dev,q3_bias_neg1p0_pava,4,11,0.2894736842105263,2
exp13:score_proj_l2h_lam0p20:seed42,dev,q3_bias_neg1p0_pava,5,15,0.39473684210526316,2
exp13:score_proj_l2h_lam0p20:seed42,dev,q3_bias_neg1p0_pava,1,0,0.0,3
exp13:score_proj_l2h_lam0p20:seed42,dev,q3_bias_neg1p0_pava,2,0,0.0,3
exp13:score_proj_l2h_lam0p20:seed42,dev,q3_bias_neg1p0_pava,3,45,0.42857142857142855,3
exp13:score_proj_l2h_lam0p20:seed42,dev,q3_bias_neg1p0_pava,4,35,0.3333333333333333,3
exp13:score_proj_l2h_lam0p20:seed42,dev,q3_bias_neg1p0_pava,5,25,0.23809523809523808,3
exp13:score_proj_l2h_lam0p20:seed42,dev,q3_bias_neg1p0_pava,1,0,0.0,4
exp13:score_proj_l2h_lam0p20:seed42,dev,q3_bias_neg1p0_pava,2,0,0.0,4
exp13:score_proj_l2h_lam0p20:seed42,dev,q3_bias_neg1p0_pava,3,63,0.16195372750642673,4
exp13:score_proj_l2h_lam0p20:seed42,dev,q3_bias_neg1p0_pava,4,213,0.5475578406169666,4
exp13:score_proj_l2h_lam0p20:seed42,dev,q3_bias_neg1p0_pava,5,113,0.29048843187660667,4
exp13:score_proj_l2h_lam0p20:seed42,dev,q3_bias_neg1p0_pava,1,0,0.0,5
exp13:score_proj_l2h_lam0p20:seed42,dev,q3_bias_neg1p0_pava,2,1,0.0017985611510791368,5
exp13:score_proj_l2h_lam0p20:seed42,dev,q3_bias_neg1p0_pava,3,18,0.03237410071942446,5
exp13:score_proj_l2h_lam0p20:seed42,dev,q3_bias_neg1p0_pava,4,107,0.19244604316546762,5
exp13:score_proj_l2h_lam0p20:seed42,dev,q3_bias_neg1p0_pava,5,430,0.7733812949640287,5
exp13:score_proj_l2h_lam0p20:seed42,test,q3_bias_neg1p0_pava,1,9,0.008159564823209429,
exp13:score_proj_l2h_lam0p20:seed42,test,q3_bias_neg1p0_pava,2,3,0.0027198549410698096,
exp13:score_proj_l2h_lam0p20:seed42,test,q3_bias_neg1p0_pava,3,149,0.13508612873980055,
exp13:score_proj_l2h_lam0p20:seed42,test,q3_bias_neg1p0_pava,4,383,0.3472348141432457,
exp13:score_proj_l2h_lam0p20:seed42,test,q3_bias_neg1p0_pava,5,559,0.5067996373526745,
exp13:score_proj_l2h_lam0p20:seed42,test,q3_bias_neg1p0_pava,1,8,0.8888888888888888,1
exp13:score_proj_l2h_lam0p20:seed42,test,q3_bias_neg1p0_pava,2,0,0.0,1
exp13:score_proj_l2h_lam0p20:seed42,test,q3_bias_neg1p0_pava,3,0,0.0,1
exp13:score_proj_l2h_lam0p20:seed42,test,q3_bias_neg1p0_pava,4,0,0.0,1
exp13:score_proj_l2h_lam0p20:seed42,test,q3_bias_neg1p0_pava,5,1,0.1111111111111111,1
exp13:score_proj_l2h_lam0p20:seed42,test,q3_bias_neg1p0_pava,1,0,0.0,2
exp13:score_proj_l2h_lam0p20:seed42,test,q3_bias_neg1p0_pava,2,0,0.0,2
exp13:score_proj_l2h_lam0p20:seed42,test,q3_bias_neg1p0_pava,3,11,0.5,2
exp13:score_proj_l2h_lam0p20:seed42,test,q3_bias_neg1p0_pava,4,7,0.3181818181818182,2
exp13:score_proj_l2h_lam0p20:seed42,test,q3_bias_neg1p0_pava,5,4,0.18181818181818182,2
exp13:score_proj_l2h_lam0p20:seed42,test,q3_bias_neg1p0_pava,1,1,0.009523809523809525,3
exp13:score_proj_l2h_lam0p20:seed42,test,q3_bias_neg1p0_pava,2,1,0.009523809523809525,3
exp13:score_proj_l2h_lam0p20:seed42,test,q3_bias_neg1p0_pava,3,52,0.49523809523809526,3
exp13:score_proj_l2h_lam0p20:seed42,test,q3_bias_neg1p0_pava,4,39,0.37142857142857144,3
exp13:score_proj_l2h_lam0p20:seed42,test,q3_bias_neg1p0_pava,5,12,0.11428571428571428,3
exp13:score_proj_l2h_lam0p20:seed42,test,q3_bias_neg1p0_pava,1,0,0.0,4
exp13:score_proj_l2h_lam0p20:seed42,test,q3_bias_neg1p0_pava,2,0,0.0,4
exp13:score_proj_l2h_lam0p20:seed42,test,q3_bias_neg1p0_pava,3,69,0.19658119658119658,4
exp13:score_proj_l2h_lam0p20:seed42,test,q3_bias_neg1p0_pava,4,204,0.5811965811965812,4
exp13:score_proj_l2h_lam0p20:seed42,test,q3_bias_neg1p0_pava,5,78,0.2222222222222222,4
exp13:score_proj_l2h_lam0p20:seed42,test,q3_bias_neg1p0_pava,1,0,0.0,5
exp13:score_proj_l2h_lam0p20:seed42,test,q3_bias_neg1p0_pava,2,2,0.003246753246753247,5
exp13:score_proj_l2h_lam0p20:seed42,test,q3_bias_neg1p0_pava,3,17,0.027597402597402596,5
exp13:score_proj_l2h_lam0p20:seed42,test,q3_bias_neg1p0_pava,4,133,0.2159090909090909,5
exp13:score_proj_l2h_lam0p20:seed42,test,q3_bias_neg1p0_pava,5,464,0.7532467532467533,5
exp13:score_proj_l2h_lam0p20:seed42,dev,q3_bias_neg1p5_pava,1,13,0.011743450767841012,
exp13:score_proj_l2h_lam0p20:seed42,dev,q3_bias_neg1p5_pava,2,4,0.0036133694670280035,
exp13:score_proj_l2h_lam0p20:seed42,dev,q3_bias_neg1p5_pava,3,165,0.14905149051490515,
exp13:score_proj_l2h_lam0p20:seed42,dev,q3_bias_neg1p5_pava,4,342,0.3089430894308943,
exp13:score_proj_l2h_lam0p20:seed42,dev,q3_bias_neg1p5_pava,5,583,0.5266485998193315,
exp13:score_proj_l2h_lam0p20:seed42,dev,q3_bias_neg1p5_pava,1,13,0.6842105263157895,1
exp13:score_proj_l2h_lam0p20:seed42,dev,q3_bias_neg1p5_pava,2,0,0.0,1
exp13:score_proj_l2h_lam0p20:seed42,dev,q3_bias_neg1p5_pava,3,4,0.21052631578947367,1
exp13:score_proj_l2h_lam0p20:seed42,dev,q3_bias_neg1p5_pava,4,2,0.10526315789473684,1
exp13:score_proj_l2h_lam0p20:seed42,dev,q3_bias_neg1p5_pava,5,0,0.0,1
exp13:score_proj_l2h_lam0p20:seed42,dev,q3_bias_neg1p5_pava,1,0,0.0,2
exp13:score_proj_l2h_lam0p20:seed42,dev,q3_bias_neg1p5_pava,2,3,0.07894736842105263,2
exp13:score_proj_l2h_lam0p20:seed42,dev,q3_bias_neg1p5_pava,3,10,0.2631578947368421,2
exp13:score_proj_l2h_lam0p20:seed42,dev,q3_bias_neg1p5_pava,4,10,0.2631578947368421,2
exp13:score_proj_l2h_lam0p20:seed42,dev,q3_bias_neg1p5_pava,5,15,0.39473684210526316,2
exp13:score_proj_l2h_lam0p20:seed42,dev,q3_bias_neg1p5_pava,1,0,0.0,3
exp13:score_proj_l2h_lam0p20:seed42,dev,q3_bias_neg1p5_pava,2,0,0.0,3
exp13:score_proj_l2h_lam0p20:seed42,dev,q3_bias_neg1p5_pava,3,52,0.49523809523809526,3
exp13:score_proj_l2h_lam0p20:seed42,dev,q3_bias_neg1p5_pava,4,28,0.26666666666666666,3
exp13:score_proj_l2h_lam0p20:seed42,dev,q3_bias_neg1p5_pava,5,25,0.23809523809523808,3
exp13:score_proj_l2h_lam0p20:seed42,dev,q3_bias_neg1p5_pava,1,0,0.0,4
exp13:score_proj_l2h_lam0p20:seed42,dev,q3_bias_neg1p5_pava,2,0,0.0,4
exp13:score_proj_l2h_lam0p20:seed42,dev,q3_bias_neg1p5_pava,3,79,0.20308483290488433,4
exp13:score_proj_l2h_lam0p20:seed42,dev,q3_bias_neg1p5_pava,4,197,0.506426735218509,4
exp13:score_proj_l2h_lam0p20:seed42,dev,q3_bias_neg1p5_pava,5,113,0.29048843187660667,4
exp13:score_proj_l2h_lam0p20:seed42,dev,q3_bias_neg1p5_pava,1,0,0.0,5
exp13:score_proj_l2h_lam0p20:seed42,dev,q3_bias_neg1p5_pava,2,1,0.0017985611510791368,5
exp13:score_proj_l2h_lam0p20:seed42,dev,q3_bias_neg1p5_pava,3,20,0.03597122302158273,5
exp13:score_proj_l2h_lam0p20:seed42,dev,q3_bias_neg1p5_pava,4,105,0.18884892086330934,5
exp13:score_proj_l2h_lam0p20:seed42,dev,q3_bias_neg1p5_pava,5,430,0.7733812949640287,5
exp13:score_proj_l2h_lam0p20:seed42,test,q3_bias_neg1p5_pava,1,9,0.008159564823209429,
exp13:score_proj_l2h_lam0p20:seed42,test,q3_bias_neg1p5_pava,2,3,0.0027198549410698096,
exp13:score_proj_l2h_lam0p20:seed42,test,q3_bias_neg1p5_pava,3,174,0.15775158658204896,
exp13:score_proj_l2h_lam0p20:seed42,test,q3_bias_neg1p5_pava,4,359,0.3254759746146872,
exp13:score_proj_l2h_lam0p20:seed42,test,q3_bias_neg1p5_pava,5,558,0.5058930190389845,
exp13:score_proj_l2h_lam0p20:seed42,test,q3_bias_neg1p5_pava,1,8,0.8888888888888888,1
exp13:score_proj_l2h_lam0p20:seed42,test,q3_bias_neg1p5_pava,2,0,0.0,1
exp13:score_proj_l2h_lam0p20:seed42,test,q3_bias_neg1p5_pava,3,0,0.0,1
exp13:score_proj_l2h_lam0p20:seed42,test,q3_bias_neg1p5_pava,4,0,0.0,1
exp13:score_proj_l2h_lam0p20:seed42,test,q3_bias_neg1p5_pava,5,1,0.1111111111111111,1
exp13:score_proj_l2h_lam0p20:seed42,test,q3_bias_neg1p5_pava,1,0,0.0,2
exp13:score_proj_l2h_lam0p20:seed42,test,q3_bias_neg1p5_pava,2,0,0.0,2
exp13:score_proj_l2h_lam0p20:seed42,test,q3_bias_neg1p5_pava,3,13,0.5909090909090909,2
exp13:score_proj_l2h_lam0p20:seed42,test,q3_bias_neg1p5_pava,4,5,0.22727272727272727,2
exp13:score_proj_l2h_lam0p20:seed42,test,q3_bias_neg1p5_pava,5,4,0.18181818181818182,2
exp13:score_proj_l2h_lam0p20:seed42,test,q3_bias_neg1p5_pava,1,1,0.009523809523809525,3
exp13:score_proj_l2h_lam0p20:seed42,test,q3_bias_neg1p5_pava,2,1,0.009523809523809525,3
exp13:score_proj_l2h_lam0p20:seed42,test,q3_bias_neg1p5_pava,3,54,0.5142857142857142,3
exp13:score_proj_l2h_lam0p20:seed42,test,q3_bias_neg1p5_pava,4,37,0.3523809523809524,3
exp13:score_proj_l2h_lam0p20:seed42,test,q3_bias_neg1p5_pava,5,12,0.11428571428571428,3
exp13:score_proj_l2h_lam0p20:seed42,test,q3_bias_neg1p5_pava,1,0,0.0,4
exp13:score_proj_l2h_lam0p20:seed42,test,q3_bias_neg1p5_pava,2,0,0.0,4
exp13:score_proj_l2h_lam0p20:seed42,test,q3_bias_neg1p5_pava,3,84,0.23931623931623933,4
exp13:score_proj_l2h_lam0p20:seed42,test,q3_bias_neg1p5_pava,4,190,0.5413105413105413,4
exp13:score_proj_l2h_lam0p20:seed42,test,q3_bias_neg1p5_pava,5,77,0.21937321937321938,4
exp13:score_proj_l2h_lam0p20:seed42,test,q3_bias_neg1p5_pava,1,0,0.0,5
exp13:score_proj_l2h_lam0p20:seed42,test,q3_bias_neg1p5_pava,2,2,0.003246753246753247,5
exp13:score_proj_l2h_lam0p20:seed42,test,q3_bias_neg1p5_pava,3,23,0.037337662337662336,5
exp13:score_proj_l2h_lam0p20:seed42,test,q3_bias_neg1p5_pava,4,127,0.20616883116883117,5
exp13:score_proj_l2h_lam0p20:seed42,test,q3_bias_neg1p5_pava,5,464,0.7532467532467533,5
exp13:score_proj_l2h_lam0p20:seed42,dev,q3_bias_neg2p0_pava,1,13,0.011743450767841012,
exp13:score_proj_l2h_lam0p20:seed42,dev,q3_bias_neg2p0_pava,2,4,0.0036133694670280035,
exp13:score_proj_l2h_lam0p20:seed42,dev,q3_bias_neg2p0_pava,3,193,0.17434507678410116,
exp13:score_proj_l2h_lam0p20:seed42,dev,q3_bias_neg2p0_pava,4,316,0.28545618789521227,
exp13:score_proj_l2h_lam0p20:seed42,dev,q3_bias_neg2p0_pava,5,581,0.5248419150858176,
exp13:score_proj_l2h_lam0p20:seed42,dev,q3_bias_neg2p0_pava,1,13,0.6842105263157895,1
exp13:score_proj_l2h_lam0p20:seed42,dev,q3_bias_neg2p0_pava,2,0,0.0,1
exp13:score_proj_l2h_lam0p20:seed42,dev,q3_bias_neg2p0_pava,3,4,0.21052631578947367,1
exp13:score_proj_l2h_lam0p20:seed42,dev,q3_bias_neg2p0_pava,4,2,0.10526315789473684,1
exp13:score_proj_l2h_lam0p20:seed42,dev,q3_bias_neg2p0_pava,5,0,0.0,1
exp13:score_proj_l2h_lam0p20:seed42,dev,q3_bias_neg2p0_pava,1,0,0.0,2
exp13:score_proj_l2h_lam0p20:seed42,dev,q3_bias_neg2p0_pava,2,3,0.07894736842105263,2
exp13:score_proj_l2h_lam0p20:seed42,dev,q3_bias_neg2p0_pava,3,11,0.2894736842105263,2
exp13:score_proj_l2h_lam0p20:seed42,dev,q3_bias_neg2p0_pava,4,9,0.23684210526315788,2
exp13:score_proj_l2h_lam0p20:seed42,dev,q3_bias_neg2p0_pava,5,15,0.39473684210526316,2
exp13:score_proj_l2h_lam0p20:seed42,dev,q3_bias_neg2p0_pava,1,0,0.0,3
exp13:score_proj_l2h_lam0p20:seed42,dev,q3_bias_neg2p0_pava,2,0,0.0,3
exp13:score_proj_l2h_lam0p20:seed42,dev,q3_bias_neg2p0_pava,3,55,0.5238095238095238,3
exp13:score_proj_l2h_lam0p20:seed42,dev,q3_bias_neg2p0_pava,4,25,0.23809523809523808,3
exp13:score_proj_l2h_lam0p20:seed42,dev,q3_bias_neg2p0_pava,5,25,0.23809523809523808,3
exp13:score_proj_l2h_lam0p20:seed42,dev,q3_bias_neg2p0_pava,1,0,0.0,4
exp13:score_proj_l2h_lam0p20:seed42,dev,q3_bias_neg2p0_pava,2,0,0.0,4
exp13:score_proj_l2h_lam0p20:seed42,dev,q3_bias_neg2p0_pava,3,97,0.2493573264781491,4
exp13:score_proj_l2h_lam0p20:seed42,dev,q3_bias_neg2p0_pava,4,179,0.4601542416452442,4
exp13:score_proj_l2h_lam0p20:seed42,dev,q3_bias_neg2p0_pava,5,113,0.29048843187660667,4
exp13:score_proj_l2h_lam0p20:seed42,dev,q3_bias_neg2p0_pava,1,0,0.0,5
exp13:score_proj_l2h_lam0p20:seed42,dev,q3_bias_neg2p0_pava,2,1,0.0017985611510791368,5
exp13:score_proj_l2h_lam0p20:seed42,dev,q3_bias_neg2p0_pava,3,26,0.046762589928057555,5
exp13:score_proj_l2h_lam0p20:seed42,dev,q3_bias_neg2p0_pava,4,101,0.18165467625899281,5
exp13:score_proj_l2h_lam0p20:seed42,dev,q3_bias_neg2p0_pava,5,428,0.7697841726618705,5
exp13:score_proj_l2h_lam0p20:seed42,test,q3_bias_neg2p0_pava,1,9,0.008159564823209429,
exp13:score_proj_l2h_lam0p20:seed42,test,q3_bias_neg2p0_pava,2,3,0.0027198549410698096,
exp13:score_proj_l2h_lam0p20:seed42,test,q3_bias_neg2p0_pava,3,199,0.18041704442429737,
exp13:score_proj_l2h_lam0p20:seed42,test,q3_bias_neg2p0_pava,4,334,0.3028105167724388,
exp13:score_proj_l2h_lam0p20:seed42,test,q3_bias_neg2p0_pava,5,558,0.5058930190389845,
exp13:score_proj_l2h_lam0p20:seed42,test,q3_bias_neg2p0_pava,1,8,0.8888888888888888,1
exp13:score_proj_l2h_lam0p20:seed42,test,q3_bias_neg2p0_pava,2,0,0.0,1
exp13:score_proj_l2h_lam0p20:seed42,test,q3_bias_neg2p0_pava,3,0,0.0,1
exp13:score_proj_l2h_lam0p20:seed42,test,q3_bias_neg2p0_pava,4,0,0.0,1
exp13:score_proj_l2h_lam0p20:seed42,test,q3_bias_neg2p0_pava,5,1,0.1111111111111111,1
exp13:score_proj_l2h_lam0p20:seed42,test,q3_bias_neg2p0_pava,1,0,0.0,2
exp13:score_proj_l2h_lam0p20:seed42,test,q3_bias_neg2p0_pava,2,0,0.0,2
exp13:score_proj_l2h_lam0p20:seed42,test,q3_bias_neg2p0_pava,3,13,0.5909090909090909,2
exp13:score_proj_l2h_lam0p20:seed42,test,q3_bias_neg2p0_pava,4,5,0.22727272727272727,2
exp13:score_proj_l2h_lam0p20:seed42,test,q3_bias_neg2p0_pava,5,4,0.18181818181818182,2
exp13:score_proj_l2h_lam0p20:seed42,test,q3_bias_neg2p0_pava,1,1,0.009523809523809525,3
exp13:score_proj_l2h_lam0p20:seed42,test,q3_bias_neg2p0_pava,2,1,0.009523809523809525,3
exp13:score_proj_l2h_lam0p20:seed42,test,q3_bias_neg2p0_pava,3,62,0.5904761904761905,3
exp13:score_proj_l2h_lam0p20:seed42,test,q3_bias_neg2p0_pava,4,29,0.2761904761904762,3
exp13:score_proj_l2h_lam0p20:seed42,test,q3_bias_neg2p0_pava,5,12,0.11428571428571428,3
exp13:score_proj_l2h_lam0p20:seed42,test,q3_bias_neg2p0_pava,1,0,0.0,4
exp13:score_proj_l2h_lam0p20:seed42,test,q3_bias_neg2p0_pava,2,0,0.0,4
exp13:score_proj_l2h_lam0p20:seed42,test,q3_bias_neg2p0_pava,3,96,0.27350427350427353,4
exp13:score_proj_l2h_lam0p20:seed42,test,q3_bias_neg2p0_pava,4,178,0.5071225071225072,4
exp13:score_proj_l2h_lam0p20:seed42,test,q3_bias_neg2p0_pava,5,77,0.21937321937321938,4
exp13:score_proj_l2h_lam0p20:seed42,test,q3_bias_neg2p0_pava,1,0,0.0,5
exp13:score_proj_l2h_lam0p20:seed42,test,q3_bias_neg2p0_pava,2,2,0.003246753246753247,5
exp13:score_proj_l2h_lam0p20:seed42,test,q3_bias_neg2p0_pava,3,28,0.045454545454545456,5
exp13:score_proj_l2h_lam0p20:seed42,test,q3_bias_neg2p0_pava,4,122,0.19805194805194806,5
exp13:score_proj_l2h_lam0p20:seed42,test,q3_bias_neg2p0_pava,5,464,0.7532467532467533,5
exp13:score_proj_l2h_lam0p20:seed43,dev,raw_t0p50,1,13,0.011743450767841012,
exp13:score_proj_l2h_lam0p20:seed43,dev,raw_t0p50,2,2,0.0018066847335140017,
exp13:score_proj_l2h_lam0p20:seed43,dev,raw_t0p50,3,99,0.08943089430894309,
exp13:score_proj_l2h_lam0p20:seed43,dev,raw_t0p50,4,404,0.36495031616982837,
exp13:score_proj_l2h_lam0p20:seed43,dev,raw_t0p50,5,589,0.5320686540198736,
exp13:score_proj_l2h_lam0p20:seed43,dev,raw_t0p50,1,13,0.6842105263157895,1
exp13:score_proj_l2h_lam0p20:seed43,dev,raw_t0p50,2,0,0.0,1
exp13:score_proj_l2h_lam0p20:seed43,dev,raw_t0p50,3,4,0.21052631578947367,1
exp13:score_proj_l2h_lam0p20:seed43,dev,raw_t0p50,4,2,0.10526315789473684,1
exp13:score_proj_l2h_lam0p20:seed43,dev,raw_t0p50,5,0,0.0,1
exp13:score_proj_l2h_lam0p20:seed43,dev,raw_t0p50,1,0,0.0,2
exp13:score_proj_l2h_lam0p20:seed43,dev,raw_t0p50,2,1,0.02631578947368421,2
exp13:score_proj_l2h_lam0p20:seed43,dev,raw_t0p50,3,11,0.2894736842105263,2
exp13:score_proj_l2h_lam0p20:seed43,dev,raw_t0p50,4,8,0.21052631578947367,2
exp13:score_proj_l2h_lam0p20:seed43,dev,raw_t0p50,5,18,0.47368421052631576,2
exp13:score_proj_l2h_lam0p20:seed43,dev,raw_t0p50,1,0,0.0,3
exp13:score_proj_l2h_lam0p20:seed43,dev,raw_t0p50,2,0,0.0,3
exp13:score_proj_l2h_lam0p20:seed43,dev,raw_t0p50,3,36,0.34285714285714286,3
exp13:score_proj_l2h_lam0p20:seed43,dev,raw_t0p50,4,44,0.41904761904761906,3
exp13:score_proj_l2h_lam0p20:seed43,dev,raw_t0p50,5,25,0.23809523809523808,3
exp13:score_proj_l2h_lam0p20:seed43,dev,raw_t0p50,1,0,0.0,4
exp13:score_proj_l2h_lam0p20:seed43,dev,raw_t0p50,2,0,0.0,4
exp13:score_proj_l2h_lam0p20:seed43,dev,raw_t0p50,3,42,0.10796915167095116,4
exp13:score_proj_l2h_lam0p20:seed43,dev,raw_t0p50,4,233,0.5989717223650386,4
exp13:score_proj_l2h_lam0p20:seed43,dev,raw_t0p50,5,114,0.2930591259640103,4
exp13:score_proj_l2h_lam0p20:seed43,dev,raw_t0p50,1,0,0.0,5
exp13:score_proj_l2h_lam0p20:seed43,dev,raw_t0p50,2,1,0.0017985611510791368,5
exp13:score_proj_l2h_lam0p20:seed43,dev,raw_t0p50,3,6,0.01079136690647482,5
exp13:score_proj_l2h_lam0p20:seed43,dev,raw_t0p50,4,117,0.210431654676259,5
exp13:score_proj_l2h_lam0p20:seed43,dev,raw_t0p50,5,432,0.7769784172661871,5
exp13:score_proj_l2h_lam0p20:seed43,test,raw_t0p50,1,9,0.008159564823209429,
exp13:score_proj_l2h_lam0p20:seed43,test,raw_t0p50,2,3,0.0027198549410698096,
exp13:score_proj_l2h_lam0p20:seed43,test,raw_t0p50,3,87,0.07887579329102448,
exp13:score_proj_l2h_lam0p20:seed43,test,raw_t0p50,4,422,0.3825929283771532,
exp13:score_proj_l2h_lam0p20:seed43,test,raw_t0p50,5,582,0.527651858567543,
exp13:score_proj_l2h_lam0p20:seed43,test,raw_t0p50,1,8,0.8888888888888888,1
exp13:score_proj_l2h_lam0p20:seed43,test,raw_t0p50,2,0,0.0,1
exp13:score_proj_l2h_lam0p20:seed43,test,raw_t0p50,3,0,0.0,1
exp13:score_proj_l2h_lam0p20:seed43,test,raw_t0p50,4,0,0.0,1
exp13:score_proj_l2h_lam0p20:seed43,test,raw_t0p50,5,1,0.1111111111111111,1
exp13:score_proj_l2h_lam0p20:seed43,test,raw_t0p50,1,0,0.0,2
exp13:score_proj_l2h_lam0p20:seed43,test,raw_t0p50,2,0,0.0,2
exp13:score_proj_l2h_lam0p20:seed43,test,raw_t0p50,3,9,0.4090909090909091,2
exp13:score_proj_l2h_lam0p20:seed43,test,raw_t0p50,4,9,0.4090909090909091,2
exp13:score_proj_l2h_lam0p20:seed43,test,raw_t0p50,5,4,0.18181818181818182,2
exp13:score_proj_l2h_lam0p20:seed43,test,raw_t0p50,1,1,0.009523809523809525,3
exp13:score_proj_l2h_lam0p20:seed43,test,raw_t0p50,2,1,0.009523809523809525,3
exp13:score_proj_l2h_lam0p20:seed43,test,raw_t0p50,3,40,0.38095238095238093,3
exp13:score_proj_l2h_lam0p20:seed43,test,raw_t0p50,4,49,0.4666666666666667,3
exp13:score_proj_l2h_lam0p20:seed43,test,raw_t0p50,5,14,0.13333333333333333,3
exp13:score_proj_l2h_lam0p20:seed43,test,raw_t0p50,1,0,0.0,4
exp13:score_proj_l2h_lam0p20:seed43,test,raw_t0p50,2,0,0.0,4
exp13:score_proj_l2h_lam0p20:seed43,test,raw_t0p50,3,31,0.08831908831908832,4
exp13:score_proj_l2h_lam0p20:seed43,test,raw_t0p50,4,233,0.6638176638176638,4
exp13:score_proj_l2h_lam0p20:seed43,test,raw_t0p50,5,87,0.24786324786324787,4
exp13:score_proj_l2h_lam0p20:seed43,test,raw_t0p50,1,0,0.0,5
exp13:score_proj_l2h_lam0p20:seed43,test,raw_t0p50,2,2,0.003246753246753247,5
exp13:score_proj_l2h_lam0p20:seed43,test,raw_t0p50,3,7,0.011363636363636364,5
exp13:score_proj_l2h_lam0p20:seed43,test,raw_t0p50,4,131,0.21266233766233766,5
exp13:score_proj_l2h_lam0p20:seed43,test,raw_t0p50,5,476,0.7727272727272727,5
exp13:score_proj_l2h_lam0p20:seed43,dev,pava_t0p50,1,13,0.011743450767841012,
exp13:score_proj_l2h_lam0p20:seed43,dev,pava_t0p50,2,2,0.0018066847335140017,
exp13:score_proj_l2h_lam0p20:seed43,dev,pava_t0p50,3,99,0.08943089430894309,
exp13:score_proj_l2h_lam0p20:seed43,dev,pava_t0p50,4,404,0.36495031616982837,
exp13:score_proj_l2h_lam0p20:seed43,dev,pava_t0p50,5,589,0.5320686540198736,
exp13:score_proj_l2h_lam0p20:seed43,dev,pava_t0p50,1,13,0.6842105263157895,1
exp13:score_proj_l2h_lam0p20:seed43,dev,pava_t0p50,2,0,0.0,1
exp13:score_proj_l2h_lam0p20:seed43,dev,pava_t0p50,3,4,0.21052631578947367,1
exp13:score_proj_l2h_lam0p20:seed43,dev,pava_t0p50,4,2,0.10526315789473684,1
exp13:score_proj_l2h_lam0p20:seed43,dev,pava_t0p50,5,0,0.0,1
exp13:score_proj_l2h_lam0p20:seed43,dev,pava_t0p50,1,0,0.0,2
exp13:score_proj_l2h_lam0p20:seed43,dev,pava_t0p50,2,1,0.02631578947368421,2
exp13:score_proj_l2h_lam0p20:seed43,dev,pava_t0p50,3,11,0.2894736842105263,2
exp13:score_proj_l2h_lam0p20:seed43,dev,pava_t0p50,4,8,0.21052631578947367,2
exp13:score_proj_l2h_lam0p20:seed43,dev,pava_t0p50,5,18,0.47368421052631576,2
exp13:score_proj_l2h_lam0p20:seed43,dev,pava_t0p50,1,0,0.0,3
exp13:score_proj_l2h_lam0p20:seed43,dev,pava_t0p50,2,0,0.0,3
exp13:score_proj_l2h_lam0p20:seed43,dev,pava_t0p50,3,36,0.34285714285714286,3
exp13:score_proj_l2h_lam0p20:seed43,dev,pava_t0p50,4,44,0.41904761904761906,3
exp13:score_proj_l2h_lam0p20:seed43,dev,pava_t0p50,5,25,0.23809523809523808,3
exp13:score_proj_l2h_lam0p20:seed43,dev,pava_t0p50,1,0,0.0,4
exp13:score_proj_l2h_lam0p20:seed43,dev,pava_t0p50,2,0,0.0,4
exp13:score_proj_l2h_lam0p20:seed43,dev,pava_t0p50,3,42,0.10796915167095116,4
exp13:score_proj_l2h_lam0p20:seed43,dev,pava_t0p50,4,233,0.5989717223650386,4
exp13:score_proj_l2h_lam0p20:seed43,dev,pava_t0p50,5,114,0.2930591259640103,4
exp13:score_proj_l2h_lam0p20:seed43,dev,pava_t0p50,1,0,0.0,5
exp13:score_proj_l2h_lam0p20:seed43,dev,pava_t0p50,2,1,0.0017985611510791368,5
exp13:score_proj_l2h_lam0p20:seed43,dev,pava_t0p50,3,6,0.01079136690647482,5
exp13:score_proj_l2h_lam0p20:seed43,dev,pava_t0p50,4,117,0.210431654676259,5
exp13:score_proj_l2h_lam0p20:seed43,dev,pava_t0p50,5,432,0.7769784172661871,5
exp13:score_proj_l2h_lam0p20:seed43,test,pava_t0p50,1,9,0.008159564823209429,
exp13:score_proj_l2h_lam0p20:seed43,test,pava_t0p50,2,2,0.001813236627379873,
exp13:score_proj_l2h_lam0p20:seed43,test,pava_t0p50,3,87,0.07887579329102448,
exp13:score_proj_l2h_lam0p20:seed43,test,pava_t0p50,4,423,0.38349954669084313,
exp13:score_proj_l2h_lam0p20:seed43,test,pava_t0p50,5,582,0.527651858567543,
exp13:score_proj_l2h_lam0p20:seed43,test,pava_t0p50,1,8,0.8888888888888888,1
exp13:score_proj_l2h_lam0p20:seed43,test,pava_t0p50,2,0,0.0,1
exp13:score_proj_l2h_lam0p20:seed43,test,pava_t0p50,3,0,0.0,1
exp13:score_proj_l2h_lam0p20:seed43,test,pava_t0p50,4,0,0.0,1
exp13:score_proj_l2h_lam0p20:seed43,test,pava_t0p50,5,1,0.1111111111111111,1
exp13:score_proj_l2h_lam0p20:seed43,test,pava_t0p50,1,0,0.0,2
exp13:score_proj_l2h_lam0p20:seed43,test,pava_t0p50,2,0,0.0,2
exp13:score_proj_l2h_lam0p20:seed43,test,pava_t0p50,3,9,0.4090909090909091,2
exp13:score_proj_l2h_lam0p20:seed43,test,pava_t0p50,4,9,0.4090909090909091,2
exp13:score_proj_l2h_lam0p20:seed43,test,pava_t0p50,5,4,0.18181818181818182,2
exp13:score_proj_l2h_lam0p20:seed43,test,pava_t0p50,1,1,0.009523809523809525,3
exp13:score_proj_l2h_lam0p20:seed43,test,pava_t0p50,2,1,0.009523809523809525,3
exp13:score_proj_l2h_lam0p20:seed43,test,pava_t0p50,3,40,0.38095238095238093,3
exp13:score_proj_l2h_lam0p20:seed43,test,pava_t0p50,4,49,0.4666666666666667,3
exp13:score_proj_l2h_lam0p20:seed43,test,pava_t0p50,5,14,0.13333333333333333,3
exp13:score_proj_l2h_lam0p20:seed43,test,pava_t0p50,1,0,0.0,4
exp13:score_proj_l2h_lam0p20:seed43,test,pava_t0p50,2,0,0.0,4
exp13:score_proj_l2h_lam0p20:seed43,test,pava_t0p50,3,31,0.08831908831908832,4
exp13:score_proj_l2h_lam0p20:seed43,test,pava_t0p50,4,233,0.6638176638176638,4
exp13:score_proj_l2h_lam0p20:seed43,test,pava_t0p50,5,87,0.24786324786324787,4
exp13:score_proj_l2h_lam0p20:seed43,test,pava_t0p50,1,0,0.0,5
exp13:score_proj_l2h_lam0p20:seed43,test,pava_t0p50,2,1,0.0016233766233766235,5
exp13:score_proj_l2h_lam0p20:seed43,test,pava_t0p50,3,7,0.011363636363636364,5
exp13:score_proj_l2h_lam0p20:seed43,test,pava_t0p50,4,132,0.21428571428571427,5
exp13:score_proj_l2h_lam0p20:seed43,test,pava_t0p50,5,476,0.7727272727272727,5
exp13:score_proj_l2h_lam0p20:seed43,dev,isotonic_pava_t0p50,1,13,0.011743450767841012,
exp13:score_proj_l2h_lam0p20:seed43,dev,isotonic_pava_t0p50,2,5,0.004516711833785004,
exp13:score_proj_l2h_lam0p20:seed43,dev,isotonic_pava_t0p50,3,46,0.04155374887082204,
exp13:score_proj_l2h_lam0p20:seed43,dev,isotonic_pava_t0p50,4,407,0.3676603432700994,
exp13:score_proj_l2h_lam0p20:seed43,dev,isotonic_pava_t0p50,5,636,0.5745257452574526,
exp13:score_proj_l2h_lam0p20:seed43,dev,isotonic_pava_t0p50,1,13,0.6842105263157895,1
exp13:score_proj_l2h_lam0p20:seed43,dev,isotonic_pava_t0p50,2,0,0.0,1
exp13:score_proj_l2h_lam0p20:seed43,dev,isotonic_pava_t0p50,3,4,0.21052631578947367,1
exp13:score_proj_l2h_lam0p20:seed43,dev,isotonic_pava_t0p50,4,2,0.10526315789473684,1
exp13:score_proj_l2h_lam0p20:seed43,dev,isotonic_pava_t0p50,5,0,0.0,1
exp13:score_proj_l2h_lam0p20:seed43,dev,isotonic_pava_t0p50,1,0,0.0,2
exp13:score_proj_l2h_lam0p20:seed43,dev,isotonic_pava_t0p50,2,4,0.10526315789473684,2
exp13:score_proj_l2h_lam0p20:seed43,dev,isotonic_pava_t0p50,3,7,0.18421052631578946,2
exp13:score_proj_l2h_lam0p20:seed43,dev,isotonic_pava_t0p50,4,8,0.21052631578947367,2
exp13:score_proj_l2h_lam0p20:seed43,dev,isotonic_pava_t0p50,5,19,0.5,2
exp13:score_proj_l2h_lam0p20:seed43,dev,isotonic_pava_t0p50,1,0,0.0,3
exp13:score_proj_l2h_lam0p20:seed43,dev,isotonic_pava_t0p50,2,0,0.0,3
exp13:score_proj_l2h_lam0p20:seed43,dev,isotonic_pava_t0p50,3,19,0.18095238095238095,3
exp13:score_proj_l2h_lam0p20:seed43,dev,isotonic_pava_t0p50,4,59,0.5619047619047619,3
exp13:score_proj_l2h_lam0p20:seed43,dev,isotonic_pava_t0p50,5,27,0.2571428571428571,3
exp13:score_proj_l2h_lam0p20:seed43,dev,isotonic_pava_t0p50,1,0,0.0,4
exp13:score_proj_l2h_lam0p20:seed43,dev,isotonic_pava_t0p50,2,0,0.0,4
exp13:score_proj_l2h_lam0p20:seed43,dev,isotonic_pava_t0p50,3,15,0.038560411311053984,4
exp13:score_proj_l2h_lam0p20:seed43,dev,isotonic_pava_t0p50,4,243,0.6246786632390745,4
exp13:score_proj_l2h_lam0p20:seed43,dev,isotonic_pava_t0p50,5,131,0.33676092544987146,4
exp13:score_proj_l2h_lam0p20:seed43,dev,isotonic_pava_t0p50,1,0,0.0,5
exp13:score_proj_l2h_lam0p20:seed43,dev,isotonic_pava_t0p50,2,1,0.0017985611510791368,5
exp13:score_proj_l2h_lam0p20:seed43,dev,isotonic_pava_t0p50,3,1,0.0017985611510791368,5
exp13:score_proj_l2h_lam0p20:seed43,dev,isotonic_pava_t0p50,4,95,0.17086330935251798,5
exp13:score_proj_l2h_lam0p20:seed43,dev,isotonic_pava_t0p50,5,459,0.8255395683453237,5
exp13:score_proj_l2h_lam0p20:seed43,test,isotonic_pava_t0p50,1,9,0.008159564823209429,
exp13:score_proj_l2h_lam0p20:seed43,test,isotonic_pava_t0p50,2,4,0.003626473254759746,
exp13:score_proj_l2h_lam0p20:seed43,test,isotonic_pava_t0p50,3,40,0.03626473254759746,
exp13:score_proj_l2h_lam0p20:seed43,test,isotonic_pava_t0p50,4,414,0.37533998186763373,
exp13:score_proj_l2h_lam0p20:seed43,test,isotonic_pava_t0p50,5,636,0.5766092475067996,
exp13:score_proj_l2h_lam0p20:seed43,test,isotonic_pava_t0p50,1,8,0.8888888888888888,1
exp13:score_proj_l2h_lam0p20:seed43,test,isotonic_pava_t0p50,2,0,0.0,1
exp13:score_proj_l2h_lam0p20:seed43,test,isotonic_pava_t0p50,3,0,0.0,1
exp13:score_proj_l2h_lam0p20:seed43,test,isotonic_pava_t0p50,4,0,0.0,1
exp13:score_proj_l2h_lam0p20:seed43,test,isotonic_pava_t0p50,5,1,0.1111111111111111,1
exp13:score_proj_l2h_lam0p20:seed43,test,isotonic_pava_t0p50,1,0,0.0,2
exp13:score_proj_l2h_lam0p20:seed43,test,isotonic_pava_t0p50,2,0,0.0,2
exp13:score_proj_l2h_lam0p20:seed43,test,isotonic_pava_t0p50,3,5,0.22727272727272727,2
exp13:score_proj_l2h_lam0p20:seed43,test,isotonic_pava_t0p50,4,12,0.5454545454545454,2
exp13:score_proj_l2h_lam0p20:seed43,test,isotonic_pava_t0p50,5,5,0.22727272727272727,2
exp13:score_proj_l2h_lam0p20:seed43,test,isotonic_pava_t0p50,1,1,0.009523809523809525,3
exp13:score_proj_l2h_lam0p20:seed43,test,isotonic_pava_t0p50,2,1,0.009523809523809525,3
exp13:score_proj_l2h_lam0p20:seed43,test,isotonic_pava_t0p50,3,19,0.18095238095238095,3
exp13:score_proj_l2h_lam0p20:seed43,test,isotonic_pava_t0p50,4,65,0.6190476190476191,3
exp13:score_proj_l2h_lam0p20:seed43,test,isotonic_pava_t0p50,5,19,0.18095238095238095,3
exp13:score_proj_l2h_lam0p20:seed43,test,isotonic_pava_t0p50,1,0,0.0,4
exp13:score_proj_l2h_lam0p20:seed43,test,isotonic_pava_t0p50,2,1,0.002849002849002849,4
exp13:score_proj_l2h_lam0p20:seed43,test,isotonic_pava_t0p50,3,13,0.037037037037037035,4
exp13:score_proj_l2h_lam0p20:seed43,test,isotonic_pava_t0p50,4,227,0.6467236467236467,4
exp13:score_proj_l2h_lam0p20:seed43,test,isotonic_pava_t0p50,5,110,0.31339031339031337,4
exp13:score_proj_l2h_lam0p20:seed43,test,isotonic_pava_t0p50,1,0,0.0,5
exp13:score_proj_l2h_lam0p20:seed43,test,isotonic_pava_t0p50,2,2,0.003246753246753247,5
exp13:score_proj_l2h_lam0p20:seed43,test,isotonic_pava_t0p50,3,3,0.00487012987012987,5
exp13:score_proj_l2h_lam0p20:seed43,test,isotonic_pava_t0p50,4,110,0.17857142857142858,5
exp13:score_proj_l2h_lam0p20:seed43,test,isotonic_pava_t0p50,5,501,0.8133116883116883,5
exp13:score_proj_l2h_lam0p20:seed43,dev,temp0p5_pava_t0p50,1,13,0.011743450767841012,
exp13:score_proj_l2h_lam0p20:seed43,dev,temp0p5_pava_t0p50,2,2,0.0018066847335140017,
exp13:score_proj_l2h_lam0p20:seed43,dev,temp0p5_pava_t0p50,3,99,0.08943089430894309,
exp13:score_proj_l2h_lam0p20:seed43,dev,temp0p5_pava_t0p50,4,404,0.36495031616982837,
exp13:score_proj_l2h_lam0p20:seed43,dev,temp0p5_pava_t0p50,5,589,0.5320686540198736,
exp13:score_proj_l2h_lam0p20:seed43,dev,temp0p5_pava_t0p50,1,13,0.6842105263157895,1
exp13:score_proj_l2h_lam0p20:seed43,dev,temp0p5_pava_t0p50,2,0,0.0,1
exp13:score_proj_l2h_lam0p20:seed43,dev,temp0p5_pava_t0p50,3,4,0.21052631578947367,1
exp13:score_proj_l2h_lam0p20:seed43,dev,temp0p5_pava_t0p50,4,2,0.10526315789473684,1
exp13:score_proj_l2h_lam0p20:seed43,dev,temp0p5_pava_t0p50,5,0,0.0,1
exp13:score_proj_l2h_lam0p20:seed43,dev,temp0p5_pava_t0p50,1,0,0.0,2
exp13:score_proj_l2h_lam0p20:seed43,dev,temp0p5_pava_t0p50,2,1,0.02631578947368421,2
exp13:score_proj_l2h_lam0p20:seed43,dev,temp0p5_pava_t0p50,3,11,0.2894736842105263,2
exp13:score_proj_l2h_lam0p20:seed43,dev,temp0p5_pava_t0p50,4,8,0.21052631578947367,2
exp13:score_proj_l2h_lam0p20:seed43,dev,temp0p5_pava_t0p50,5,18,0.47368421052631576,2
exp13:score_proj_l2h_lam0p20:seed43,dev,temp0p5_pava_t0p50,1,0,0.0,3
exp13:score_proj_l2h_lam0p20:seed43,dev,temp0p5_pava_t0p50,2,0,0.0,3
exp13:score_proj_l2h_lam0p20:seed43,dev,temp0p5_pava_t0p50,3,36,0.34285714285714286,3
exp13:score_proj_l2h_lam0p20:seed43,dev,temp0p5_pava_t0p50,4,44,0.41904761904761906,3
exp13:score_proj_l2h_lam0p20:seed43,dev,temp0p5_pava_t0p50,5,25,0.23809523809523808,3
exp13:score_proj_l2h_lam0p20:seed43,dev,temp0p5_pava_t0p50,1,0,0.0,4
exp13:score_proj_l2h_lam0p20:seed43,dev,temp0p5_pava_t0p50,2,0,0.0,4
exp13:score_proj_l2h_lam0p20:seed43,dev,temp0p5_pava_t0p50,3,42,0.10796915167095116,4
exp13:score_proj_l2h_lam0p20:seed43,dev,temp0p5_pava_t0p50,4,233,0.5989717223650386,4
exp13:score_proj_l2h_lam0p20:seed43,dev,temp0p5_pava_t0p50,5,114,0.2930591259640103,4
exp13:score_proj_l2h_lam0p20:seed43,dev,temp0p5_pava_t0p50,1,0,0.0,5
exp13:score_proj_l2h_lam0p20:seed43,dev,temp0p5_pava_t0p50,2,1,0.0017985611510791368,5
exp13:score_proj_l2h_lam0p20:seed43,dev,temp0p5_pava_t0p50,3,6,0.01079136690647482,5
exp13:score_proj_l2h_lam0p20:seed43,dev,temp0p5_pava_t0p50,4,117,0.210431654676259,5
exp13:score_proj_l2h_lam0p20:seed43,dev,temp0p5_pava_t0p50,5,432,0.7769784172661871,5
exp13:score_proj_l2h_lam0p20:seed43,test,temp0p5_pava_t0p50,1,9,0.008159564823209429,
exp13:score_proj_l2h_lam0p20:seed43,test,temp0p5_pava_t0p50,2,2,0.001813236627379873,
exp13:score_proj_l2h_lam0p20:seed43,test,temp0p5_pava_t0p50,3,87,0.07887579329102448,
exp13:score_proj_l2h_lam0p20:seed43,test,temp0p5_pava_t0p50,4,423,0.38349954669084313,
exp13:score_proj_l2h_lam0p20:seed43,test,temp0p5_pava_t0p50,5,582,0.527651858567543,
exp13:score_proj_l2h_lam0p20:seed43,test,temp0p5_pava_t0p50,1,8,0.8888888888888888,1
exp13:score_proj_l2h_lam0p20:seed43,test,temp0p5_pava_t0p50,2,0,0.0,1
exp13:score_proj_l2h_lam0p20:seed43,test,temp0p5_pava_t0p50,3,0,0.0,1
exp13:score_proj_l2h_lam0p20:seed43,test,temp0p5_pava_t0p50,4,0,0.0,1
exp13:score_proj_l2h_lam0p20:seed43,test,temp0p5_pava_t0p50,5,1,0.1111111111111111,1
exp13:score_proj_l2h_lam0p20:seed43,test,temp0p5_pava_t0p50,1,0,0.0,2
exp13:score_proj_l2h_lam0p20:seed43,test,temp0p5_pava_t0p50,2,0,0.0,2
exp13:score_proj_l2h_lam0p20:seed43,test,temp0p5_pava_t0p50,3,9,0.4090909090909091,2
exp13:score_proj_l2h_lam0p20:seed43,test,temp0p5_pava_t0p50,4,9,0.4090909090909091,2
exp13:score_proj_l2h_lam0p20:seed43,test,temp0p5_pava_t0p50,5,4,0.18181818181818182,2
exp13:score_proj_l2h_lam0p20:seed43,test,temp0p5_pava_t0p50,1,1,0.009523809523809525,3
exp13:score_proj_l2h_lam0p20:seed43,test,temp0p5_pava_t0p50,2,1,0.009523809523809525,3
exp13:score_proj_l2h_lam0p20:seed43,test,temp0p5_pava_t0p50,3,40,0.38095238095238093,3
exp13:score_proj_l2h_lam0p20:seed43,test,temp0p5_pava_t0p50,4,49,0.4666666666666667,3
exp13:score_proj_l2h_lam0p20:seed43,test,temp0p5_pava_t0p50,5,14,0.13333333333333333,3
exp13:score_proj_l2h_lam0p20:seed43,test,temp0p5_pava_t0p50,1,0,0.0,4
exp13:score_proj_l2h_lam0p20:seed43,test,temp0p5_pava_t0p50,2,0,0.0,4
exp13:score_proj_l2h_lam0p20:seed43,test,temp0p5_pava_t0p50,3,31,0.08831908831908832,4
exp13:score_proj_l2h_lam0p20:seed43,test,temp0p5_pava_t0p50,4,233,0.6638176638176638,4
exp13:score_proj_l2h_lam0p20:seed43,test,temp0p5_pava_t0p50,5,87,0.24786324786324787,4
exp13:score_proj_l2h_lam0p20:seed43,test,temp0p5_pava_t0p50,1,0,0.0,5
exp13:score_proj_l2h_lam0p20:seed43,test,temp0p5_pava_t0p50,2,1,0.0016233766233766235,5
exp13:score_proj_l2h_lam0p20:seed43,test,temp0p5_pava_t0p50,3,7,0.011363636363636364,5
exp13:score_proj_l2h_lam0p20:seed43,test,temp0p5_pava_t0p50,4,132,0.21428571428571427,5
exp13:score_proj_l2h_lam0p20:seed43,test,temp0p5_pava_t0p50,5,476,0.7727272727272727,5
exp13:score_proj_l2h_lam0p20:seed43,dev,temp0p75_pava_t0p50,1,13,0.011743450767841012,
exp13:score_proj_l2h_lam0p20:seed43,dev,temp0p75_pava_t0p50,2,2,0.0018066847335140017,
exp13:score_proj_l2h_lam0p20:seed43,dev,temp0p75_pava_t0p50,3,99,0.08943089430894309,
exp13:score_proj_l2h_lam0p20:seed43,dev,temp0p75_pava_t0p50,4,404,0.36495031616982837,
exp13:score_proj_l2h_lam0p20:seed43,dev,temp0p75_pava_t0p50,5,589,0.5320686540198736,
exp13:score_proj_l2h_lam0p20:seed43,dev,temp0p75_pava_t0p50,1,13,0.6842105263157895,1
exp13:score_proj_l2h_lam0p20:seed43,dev,temp0p75_pava_t0p50,2,0,0.0,1
exp13:score_proj_l2h_lam0p20:seed43,dev,temp0p75_pava_t0p50,3,4,0.21052631578947367,1
exp13:score_proj_l2h_lam0p20:seed43,dev,temp0p75_pava_t0p50,4,2,0.10526315789473684,1
exp13:score_proj_l2h_lam0p20:seed43,dev,temp0p75_pava_t0p50,5,0,0.0,1
exp13:score_proj_l2h_lam0p20:seed43,dev,temp0p75_pava_t0p50,1,0,0.0,2
exp13:score_proj_l2h_lam0p20:seed43,dev,temp0p75_pava_t0p50,2,1,0.02631578947368421,2
exp13:score_proj_l2h_lam0p20:seed43,dev,temp0p75_pava_t0p50,3,11,0.2894736842105263,2
exp13:score_proj_l2h_lam0p20:seed43,dev,temp0p75_pava_t0p50,4,8,0.21052631578947367,2
exp13:score_proj_l2h_lam0p20:seed43,dev,temp0p75_pava_t0p50,5,18,0.47368421052631576,2
exp13:score_proj_l2h_lam0p20:seed43,dev,temp0p75_pava_t0p50,1,0,0.0,3
exp13:score_proj_l2h_lam0p20:seed43,dev,temp0p75_pava_t0p50,2,0,0.0,3
exp13:score_proj_l2h_lam0p20:seed43,dev,temp0p75_pava_t0p50,3,36,0.34285714285714286,3
exp13:score_proj_l2h_lam0p20:seed43,dev,temp0p75_pava_t0p50,4,44,0.41904761904761906,3
exp13:score_proj_l2h_lam0p20:seed43,dev,temp0p75_pava_t0p50,5,25,0.23809523809523808,3
exp13:score_proj_l2h_lam0p20:seed43,dev,temp0p75_pava_t0p50,1,0,0.0,4
exp13:score_proj_l2h_lam0p20:seed43,dev,temp0p75_pava_t0p50,2,0,0.0,4
exp13:score_proj_l2h_lam0p20:seed43,dev,temp0p75_pava_t0p50,3,42,0.10796915167095116,4
exp13:score_proj_l2h_lam0p20:seed43,dev,temp0p75_pava_t0p50,4,233,0.5989717223650386,4
exp13:score_proj_l2h_lam0p20:seed43,dev,temp0p75_pava_t0p50,5,114,0.2930591259640103,4
exp13:score_proj_l2h_lam0p20:seed43,dev,temp0p75_pava_t0p50,1,0,0.0,5
exp13:score_proj_l2h_lam0p20:seed43,dev,temp0p75_pava_t0p50,2,1,0.0017985611510791368,5
exp13:score_proj_l2h_lam0p20:seed43,dev,temp0p75_pava_t0p50,3,6,0.01079136690647482,5
exp13:score_proj_l2h_lam0p20:seed43,dev,temp0p75_pava_t0p50,4,117,0.210431654676259,5
exp13:score_proj_l2h_lam0p20:seed43,dev,temp0p75_pava_t0p50,5,432,0.7769784172661871,5
exp13:score_proj_l2h_lam0p20:seed43,test,temp0p75_pava_t0p50,1,9,0.008159564823209429,
exp13:score_proj_l2h_lam0p20:seed43,test,temp0p75_pava_t0p50,2,2,0.001813236627379873,
exp13:score_proj_l2h_lam0p20:seed43,test,temp0p75_pava_t0p50,3,87,0.07887579329102448,
exp13:score_proj_l2h_lam0p20:seed43,test,temp0p75_pava_t0p50,4,423,0.38349954669084313,
exp13:score_proj_l2h_lam0p20:seed43,test,temp0p75_pava_t0p50,5,582,0.527651858567543,
exp13:score_proj_l2h_lam0p20:seed43,test,temp0p75_pava_t0p50,1,8,0.8888888888888888,1
exp13:score_proj_l2h_lam0p20:seed43,test,temp0p75_pava_t0p50,2,0,0.0,1
exp13:score_proj_l2h_lam0p20:seed43,test,temp0p75_pava_t0p50,3,0,0.0,1
exp13:score_proj_l2h_lam0p20:seed43,test,temp0p75_pava_t0p50,4,0,0.0,1
exp13:score_proj_l2h_lam0p20:seed43,test,temp0p75_pava_t0p50,5,1,0.1111111111111111,1
exp13:score_proj_l2h_lam0p20:seed43,test,temp0p75_pava_t0p50,1,0,0.0,2
exp13:score_proj_l2h_lam0p20:seed43,test,temp0p75_pava_t0p50,2,0,0.0,2
exp13:score_proj_l2h_lam0p20:seed43,test,temp0p75_pava_t0p50,3,9,0.4090909090909091,2
exp13:score_proj_l2h_lam0p20:seed43,test,temp0p75_pava_t0p50,4,9,0.4090909090909091,2
exp13:score_proj_l2h_lam0p20:seed43,test,temp0p75_pava_t0p50,5,4,0.18181818181818182,2
exp13:score_proj_l2h_lam0p20:seed43,test,temp0p75_pava_t0p50,1,1,0.009523809523809525,3
exp13:score_proj_l2h_lam0p20:seed43,test,temp0p75_pava_t0p50,2,1,0.009523809523809525,3
exp13:score_proj_l2h_lam0p20:seed43,test,temp0p75_pava_t0p50,3,40,0.38095238095238093,3
exp13:score_proj_l2h_lam0p20:seed43,test,temp0p75_pava_t0p50,4,49,0.4666666666666667,3
exp13:score_proj_l2h_lam0p20:seed43,test,temp0p75_pava_t0p50,5,14,0.13333333333333333,3
exp13:score_proj_l2h_lam0p20:seed43,test,temp0p75_pava_t0p50,1,0,0.0,4
exp13:score_proj_l2h_lam0p20:seed43,test,temp0p75_pava_t0p50,2,0,0.0,4
exp13:score_proj_l2h_lam0p20:seed43,test,temp0p75_pava_t0p50,3,31,0.08831908831908832,4
exp13:score_proj_l2h_lam0p20:seed43,test,temp0p75_pava_t0p50,4,233,0.6638176638176638,4
exp13:score_proj_l2h_lam0p20:seed43,test,temp0p75_pava_t0p50,5,87,0.24786324786324787,4
exp13:score_proj_l2h_lam0p20:seed43,test,temp0p75_pava_t0p50,1,0,0.0,5
exp13:score_proj_l2h_lam0p20:seed43,test,temp0p75_pava_t0p50,2,1,0.0016233766233766235,5
exp13:score_proj_l2h_lam0p20:seed43,test,temp0p75_pava_t0p50,3,7,0.011363636363636364,5
exp13:score_proj_l2h_lam0p20:seed43,test,temp0p75_pava_t0p50,4,132,0.21428571428571427,5
exp13:score_proj_l2h_lam0p20:seed43,test,temp0p75_pava_t0p50,5,476,0.7727272727272727,5
exp13:score_proj_l2h_lam0p20:seed43,dev,temp1p25_pava_t0p50,1,13,0.011743450767841012,
exp13:score_proj_l2h_lam0p20:seed43,dev,temp1p25_pava_t0p50,2,2,0.0018066847335140017,
exp13:score_proj_l2h_lam0p20:seed43,dev,temp1p25_pava_t0p50,3,99,0.08943089430894309,
exp13:score_proj_l2h_lam0p20:seed43,dev,temp1p25_pava_t0p50,4,404,0.36495031616982837,
exp13:score_proj_l2h_lam0p20:seed43,dev,temp1p25_pava_t0p50,5,589,0.5320686540198736,
exp13:score_proj_l2h_lam0p20:seed43,dev,temp1p25_pava_t0p50,1,13,0.6842105263157895,1
exp13:score_proj_l2h_lam0p20:seed43,dev,temp1p25_pava_t0p50,2,0,0.0,1
exp13:score_proj_l2h_lam0p20:seed43,dev,temp1p25_pava_t0p50,3,4,0.21052631578947367,1
exp13:score_proj_l2h_lam0p20:seed43,dev,temp1p25_pava_t0p50,4,2,0.10526315789473684,1
exp13:score_proj_l2h_lam0p20:seed43,dev,temp1p25_pava_t0p50,5,0,0.0,1
exp13:score_proj_l2h_lam0p20:seed43,dev,temp1p25_pava_t0p50,1,0,0.0,2
exp13:score_proj_l2h_lam0p20:seed43,dev,temp1p25_pava_t0p50,2,1,0.02631578947368421,2
exp13:score_proj_l2h_lam0p20:seed43,dev,temp1p25_pava_t0p50,3,11,0.2894736842105263,2
exp13:score_proj_l2h_lam0p20:seed43,dev,temp1p25_pava_t0p50,4,8,0.21052631578947367,2
exp13:score_proj_l2h_lam0p20:seed43,dev,temp1p25_pava_t0p50,5,18,0.47368421052631576,2
exp13:score_proj_l2h_lam0p20:seed43,dev,temp1p25_pava_t0p50,1,0,0.0,3
exp13:score_proj_l2h_lam0p20:seed43,dev,temp1p25_pava_t0p50,2,0,0.0,3
exp13:score_proj_l2h_lam0p20:seed43,dev,temp1p25_pava_t0p50,3,36,0.34285714285714286,3
exp13:score_proj_l2h_lam0p20:seed43,dev,temp1p25_pava_t0p50,4,44,0.41904761904761906,3
exp13:score_proj_l2h_lam0p20:seed43,dev,temp1p25_pava_t0p50,5,25,0.23809523809523808,3
exp13:score_proj_l2h_lam0p20:seed43,dev,temp1p25_pava_t0p50,1,0,0.0,4
exp13:score_proj_l2h_lam0p20:seed43,dev,temp1p25_pava_t0p50,2,0,0.0,4
exp13:score_proj_l2h_lam0p20:seed43,dev,temp1p25_pava_t0p50,3,42,0.10796915167095116,4
exp13:score_proj_l2h_lam0p20:seed43,dev,temp1p25_pava_t0p50,4,233,0.5989717223650386,4
exp13:score_proj_l2h_lam0p20:seed43,dev,temp1p25_pava_t0p50,5,114,0.2930591259640103,4
exp13:score_proj_l2h_lam0p20:seed43,dev,temp1p25_pava_t0p50,1,0,0.0,5
exp13:score_proj_l2h_lam0p20:seed43,dev,temp1p25_pava_t0p50,2,1,0.0017985611510791368,5
exp13:score_proj_l2h_lam0p20:seed43,dev,temp1p25_pava_t0p50,3,6,0.01079136690647482,5
exp13:score_proj_l2h_lam0p20:seed43,dev,temp1p25_pava_t0p50,4,117,0.210431654676259,5
exp13:score_proj_l2h_lam0p20:seed43,dev,temp1p25_pava_t0p50,5,432,0.7769784172661871,5
exp13:score_proj_l2h_lam0p20:seed43,test,temp1p25_pava_t0p50,1,9,0.008159564823209429,
exp13:score_proj_l2h_lam0p20:seed43,test,temp1p25_pava_t0p50,2,2,0.001813236627379873,
exp13:score_proj_l2h_lam0p20:seed43,test,temp1p25_pava_t0p50,3,87,0.07887579329102448,
exp13:score_proj_l2h_lam0p20:seed43,test,temp1p25_pava_t0p50,4,423,0.38349954669084313,
exp13:score_proj_l2h_lam0p20:seed43,test,temp1p25_pava_t0p50,5,582,0.527651858567543,
exp13:score_proj_l2h_lam0p20:seed43,test,temp1p25_pava_t0p50,1,8,0.8888888888888888,1
exp13:score_proj_l2h_lam0p20:seed43,test,temp1p25_pava_t0p50,2,0,0.0,1
exp13:score_proj_l2h_lam0p20:seed43,test,temp1p25_pava_t0p50,3,0,0.0,1
exp13:score_proj_l2h_lam0p20:seed43,test,temp1p25_pava_t0p50,4,0,0.0,1
exp13:score_proj_l2h_lam0p20:seed43,test,temp1p25_pava_t0p50,5,1,0.1111111111111111,1
exp13:score_proj_l2h_lam0p20:seed43,test,temp1p25_pava_t0p50,1,0,0.0,2
exp13:score_proj_l2h_lam0p20:seed43,test,temp1p25_pava_t0p50,2,0,0.0,2
exp13:score_proj_l2h_lam0p20:seed43,test,temp1p25_pava_t0p50,3,9,0.4090909090909091,2
exp13:score_proj_l2h_lam0p20:seed43,test,temp1p25_pava_t0p50,4,9,0.4090909090909091,2
exp13:score_proj_l2h_lam0p20:seed43,test,temp1p25_pava_t0p50,5,4,0.18181818181818182,2
exp13:score_proj_l2h_lam0p20:seed43,test,temp1p25_pava_t0p50,1,1,0.009523809523809525,3
exp13:score_proj_l2h_lam0p20:seed43,test,temp1p25_pava_t0p50,2,1,0.009523809523809525,3
exp13:score_proj_l2h_lam0p20:seed43,test,temp1p25_pava_t0p50,3,40,0.38095238095238093,3
exp13:score_proj_l2h_lam0p20:seed43,test,temp1p25_pava_t0p50,4,49,0.4666666666666667,3
exp13:score_proj_l2h_lam0p20:seed43,test,temp1p25_pava_t0p50,5,14,0.13333333333333333,3
exp13:score_proj_l2h_lam0p20:seed43,test,temp1p25_pava_t0p50,1,0,0.0,4
exp13:score_proj_l2h_lam0p20:seed43,test,temp1p25_pava_t0p50,2,0,0.0,4
exp13:score_proj_l2h_lam0p20:seed43,test,temp1p25_pava_t0p50,3,31,0.08831908831908832,4
exp13:score_proj_l2h_lam0p20:seed43,test,temp1p25_pava_t0p50,4,233,0.6638176638176638,4
exp13:score_proj_l2h_lam0p20:seed43,test,temp1p25_pava_t0p50,5,87,0.24786324786324787,4
exp13:score_proj_l2h_lam0p20:seed43,test,temp1p25_pava_t0p50,1,0,0.0,5
exp13:score_proj_l2h_lam0p20:seed43,test,temp1p25_pava_t0p50,2,1,0.0016233766233766235,5
exp13:score_proj_l2h_lam0p20:seed43,test,temp1p25_pava_t0p50,3,7,0.011363636363636364,5
exp13:score_proj_l2h_lam0p20:seed43,test,temp1p25_pava_t0p50,4,132,0.21428571428571427,5
exp13:score_proj_l2h_lam0p20:seed43,test,temp1p25_pava_t0p50,5,476,0.7727272727272727,5
exp13:score_proj_l2h_lam0p20:seed43,dev,temp1p5_pava_t0p50,1,13,0.011743450767841012,
exp13:score_proj_l2h_lam0p20:seed43,dev,temp1p5_pava_t0p50,2,2,0.0018066847335140017,
exp13:score_proj_l2h_lam0p20:seed43,dev,temp1p5_pava_t0p50,3,99,0.08943089430894309,
exp13:score_proj_l2h_lam0p20:seed43,dev,temp1p5_pava_t0p50,4,404,0.36495031616982837,
exp13:score_proj_l2h_lam0p20:seed43,dev,temp1p5_pava_t0p50,5,589,0.5320686540198736,
exp13:score_proj_l2h_lam0p20:seed43,dev,temp1p5_pava_t0p50,1,13,0.6842105263157895,1
exp13:score_proj_l2h_lam0p20:seed43,dev,temp1p5_pava_t0p50,2,0,0.0,1
exp13:score_proj_l2h_lam0p20:seed43,dev,temp1p5_pava_t0p50,3,4,0.21052631578947367,1
exp13:score_proj_l2h_lam0p20:seed43,dev,temp1p5_pava_t0p50,4,2,0.10526315789473684,1
exp13:score_proj_l2h_lam0p20:seed43,dev,temp1p5_pava_t0p50,5,0,0.0,1
exp13:score_proj_l2h_lam0p20:seed43,dev,temp1p5_pava_t0p50,1,0,0.0,2
exp13:score_proj_l2h_lam0p20:seed43,dev,temp1p5_pava_t0p50,2,1,0.02631578947368421,2
exp13:score_proj_l2h_lam0p20:seed43,dev,temp1p5_pava_t0p50,3,11,0.2894736842105263,2
exp13:score_proj_l2h_lam0p20:seed43,dev,temp1p5_pava_t0p50,4,8,0.21052631578947367,2
exp13:score_proj_l2h_lam0p20:seed43,dev,temp1p5_pava_t0p50,5,18,0.47368421052631576,2
exp13:score_proj_l2h_lam0p20:seed43,dev,temp1p5_pava_t0p50,1,0,0.0,3
exp13:score_proj_l2h_lam0p20:seed43,dev,temp1p5_pava_t0p50,2,0,0.0,3
exp13:score_proj_l2h_lam0p20:seed43,dev,temp1p5_pava_t0p50,3,36,0.34285714285714286,3
exp13:score_proj_l2h_lam0p20:seed43,dev,temp1p5_pava_t0p50,4,44,0.41904761904761906,3
exp13:score_proj_l2h_lam0p20:seed43,dev,temp1p5_pava_t0p50,5,25,0.23809523809523808,3
exp13:score_proj_l2h_lam0p20:seed43,dev,temp1p5_pava_t0p50,1,0,0.0,4
exp13:score_proj_l2h_lam0p20:seed43,dev,temp1p5_pava_t0p50,2,0,0.0,4
exp13:score_proj_l2h_lam0p20:seed43,dev,temp1p5_pava_t0p50,3,42,0.10796915167095116,4
exp13:score_proj_l2h_lam0p20:seed43,dev,temp1p5_pava_t0p50,4,233,0.5989717223650386,4
exp13:score_proj_l2h_lam0p20:seed43,dev,temp1p5_pava_t0p50,5,114,0.2930591259640103,4
exp13:score_proj_l2h_lam0p20:seed43,dev,temp1p5_pava_t0p50,1,0,0.0,5
exp13:score_proj_l2h_lam0p20:seed43,dev,temp1p5_pava_t0p50,2,1,0.0017985611510791368,5
exp13:score_proj_l2h_lam0p20:seed43,dev,temp1p5_pava_t0p50,3,6,0.01079136690647482,5
exp13:score_proj_l2h_lam0p20:seed43,dev,temp1p5_pava_t0p50,4,117,0.210431654676259,5
exp13:score_proj_l2h_lam0p20:seed43,dev,temp1p5_pava_t0p50,5,432,0.7769784172661871,5
exp13:score_proj_l2h_lam0p20:seed43,test,temp1p5_pava_t0p50,1,9,0.008159564823209429,
exp13:score_proj_l2h_lam0p20:seed43,test,temp1p5_pava_t0p50,2,2,0.001813236627379873,
exp13:score_proj_l2h_lam0p20:seed43,test,temp1p5_pava_t0p50,3,87,0.07887579329102448,
exp13:score_proj_l2h_lam0p20:seed43,test,temp1p5_pava_t0p50,4,423,0.38349954669084313,
exp13:score_proj_l2h_lam0p20:seed43,test,temp1p5_pava_t0p50,5,582,0.527651858567543,
exp13:score_proj_l2h_lam0p20:seed43,test,temp1p5_pava_t0p50,1,8,0.8888888888888888,1
exp13:score_proj_l2h_lam0p20:seed43,test,temp1p5_pava_t0p50,2,0,0.0,1
exp13:score_proj_l2h_lam0p20:seed43,test,temp1p5_pava_t0p50,3,0,0.0,1
exp13:score_proj_l2h_lam0p20:seed43,test,temp1p5_pava_t0p50,4,0,0.0,1
exp13:score_proj_l2h_lam0p20:seed43,test,temp1p5_pava_t0p50,5,1,0.1111111111111111,1
exp13:score_proj_l2h_lam0p20:seed43,test,temp1p5_pava_t0p50,1,0,0.0,2
exp13:score_proj_l2h_lam0p20:seed43,test,temp1p5_pava_t0p50,2,0,0.0,2
exp13:score_proj_l2h_lam0p20:seed43,test,temp1p5_pava_t0p50,3,9,0.4090909090909091,2
exp13:score_proj_l2h_lam0p20:seed43,test,temp1p5_pava_t0p50,4,9,0.4090909090909091,2
exp13:score_proj_l2h_lam0p20:seed43,test,temp1p5_pava_t0p50,5,4,0.18181818181818182,2
exp13:score_proj_l2h_lam0p20:seed43,test,temp1p5_pava_t0p50,1,1,0.009523809523809525,3
exp13:score_proj_l2h_lam0p20:seed43,test,temp1p5_pava_t0p50,2,1,0.009523809523809525,3
exp13:score_proj_l2h_lam0p20:seed43,test,temp1p5_pava_t0p50,3,40,0.38095238095238093,3
exp13:score_proj_l2h_lam0p20:seed43,test,temp1p5_pava_t0p50,4,49,0.4666666666666667,3
exp13:score_proj_l2h_lam0p20:seed43,test,temp1p5_pava_t0p50,5,14,0.13333333333333333,3
exp13:score_proj_l2h_lam0p20:seed43,test,temp1p5_pava_t0p50,1,0,0.0,4
exp13:score_proj_l2h_lam0p20:seed43,test,temp1p5_pava_t0p50,2,0,0.0,4
exp13:score_proj_l2h_lam0p20:seed43,test,temp1p5_pava_t0p50,3,31,0.08831908831908832,4
exp13:score_proj_l2h_lam0p20:seed43,test,temp1p5_pava_t0p50,4,233,0.6638176638176638,4
exp13:score_proj_l2h_lam0p20:seed43,test,temp1p5_pava_t0p50,5,87,0.24786324786324787,4
exp13:score_proj_l2h_lam0p20:seed43,test,temp1p5_pava_t0p50,1,0,0.0,5
exp13:score_proj_l2h_lam0p20:seed43,test,temp1p5_pava_t0p50,2,1,0.0016233766233766235,5
exp13:score_proj_l2h_lam0p20:seed43,test,temp1p5_pava_t0p50,3,7,0.011363636363636364,5
exp13:score_proj_l2h_lam0p20:seed43,test,temp1p5_pava_t0p50,4,132,0.21428571428571427,5
exp13:score_proj_l2h_lam0p20:seed43,test,temp1p5_pava_t0p50,5,476,0.7727272727272727,5
exp13:score_proj_l2h_lam0p20:seed43,dev,temp2p0_pava_t0p50,1,13,0.011743450767841012,
exp13:score_proj_l2h_lam0p20:seed43,dev,temp2p0_pava_t0p50,2,2,0.0018066847335140017,
exp13:score_proj_l2h_lam0p20:seed43,dev,temp2p0_pava_t0p50,3,99,0.08943089430894309,
exp13:score_proj_l2h_lam0p20:seed43,dev,temp2p0_pava_t0p50,4,404,0.36495031616982837,
exp13:score_proj_l2h_lam0p20:seed43,dev,temp2p0_pava_t0p50,5,589,0.5320686540198736,
exp13:score_proj_l2h_lam0p20:seed43,dev,temp2p0_pava_t0p50,1,13,0.6842105263157895,1
exp13:score_proj_l2h_lam0p20:seed43,dev,temp2p0_pava_t0p50,2,0,0.0,1
exp13:score_proj_l2h_lam0p20:seed43,dev,temp2p0_pava_t0p50,3,4,0.21052631578947367,1
exp13:score_proj_l2h_lam0p20:seed43,dev,temp2p0_pava_t0p50,4,2,0.10526315789473684,1
exp13:score_proj_l2h_lam0p20:seed43,dev,temp2p0_pava_t0p50,5,0,0.0,1
exp13:score_proj_l2h_lam0p20:seed43,dev,temp2p0_pava_t0p50,1,0,0.0,2
exp13:score_proj_l2h_lam0p20:seed43,dev,temp2p0_pava_t0p50,2,1,0.02631578947368421,2
exp13:score_proj_l2h_lam0p20:seed43,dev,temp2p0_pava_t0p50,3,11,0.2894736842105263,2
exp13:score_proj_l2h_lam0p20:seed43,dev,temp2p0_pava_t0p50,4,8,0.21052631578947367,2
exp13:score_proj_l2h_lam0p20:seed43,dev,temp2p0_pava_t0p50,5,18,0.47368421052631576,2
exp13:score_proj_l2h_lam0p20:seed43,dev,temp2p0_pava_t0p50,1,0,0.0,3
exp13:score_proj_l2h_lam0p20:seed43,dev,temp2p0_pava_t0p50,2,0,0.0,3
exp13:score_proj_l2h_lam0p20:seed43,dev,temp2p0_pava_t0p50,3,36,0.34285714285714286,3
exp13:score_proj_l2h_lam0p20:seed43,dev,temp2p0_pava_t0p50,4,44,0.41904761904761906,3
exp13:score_proj_l2h_lam0p20:seed43,dev,temp2p0_pava_t0p50,5,25,0.23809523809523808,3
exp13:score_proj_l2h_lam0p20:seed43,dev,temp2p0_pava_t0p50,1,0,0.0,4
exp13:score_proj_l2h_lam0p20:seed43,dev,temp2p0_pava_t0p50,2,0,0.0,4
exp13:score_proj_l2h_lam0p20:seed43,dev,temp2p0_pava_t0p50,3,42,0.10796915167095116,4
exp13:score_proj_l2h_lam0p20:seed43,dev,temp2p0_pava_t0p50,4,233,0.5989717223650386,4
exp13:score_proj_l2h_lam0p20:seed43,dev,temp2p0_pava_t0p50,5,114,0.2930591259640103,4
exp13:score_proj_l2h_lam0p20:seed43,dev,temp2p0_pava_t0p50,1,0,0.0,5
exp13:score_proj_l2h_lam0p20:seed43,dev,temp2p0_pava_t0p50,2,1,0.0017985611510791368,5
exp13:score_proj_l2h_lam0p20:seed43,dev,temp2p0_pava_t0p50,3,6,0.01079136690647482,5
exp13:score_proj_l2h_lam0p20:seed43,dev,temp2p0_pava_t0p50,4,117,0.210431654676259,5
exp13:score_proj_l2h_lam0p20:seed43,dev,temp2p0_pava_t0p50,5,432,0.7769784172661871,5
exp13:score_proj_l2h_lam0p20:seed43,test,temp2p0_pava_t0p50,1,9,0.008159564823209429,
exp13:score_proj_l2h_lam0p20:seed43,test,temp2p0_pava_t0p50,2,2,0.001813236627379873,
exp13:score_proj_l2h_lam0p20:seed43,test,temp2p0_pava_t0p50,3,87,0.07887579329102448,
exp13:score_proj_l2h_lam0p20:seed43,test,temp2p0_pava_t0p50,4,423,0.38349954669084313,
exp13:score_proj_l2h_lam0p20:seed43,test,temp2p0_pava_t0p50,5,582,0.527651858567543,
exp13:score_proj_l2h_lam0p20:seed43,test,temp2p0_pava_t0p50,1,8,0.8888888888888888,1
exp13:score_proj_l2h_lam0p20:seed43,test,temp2p0_pava_t0p50,2,0,0.0,1
exp13:score_proj_l2h_lam0p20:seed43,test,temp2p0_pava_t0p50,3,0,0.0,1
exp13:score_proj_l2h_lam0p20:seed43,test,temp2p0_pava_t0p50,4,0,0.0,1
exp13:score_proj_l2h_lam0p20:seed43,test,temp2p0_pava_t0p50,5,1,0.1111111111111111,1
exp13:score_proj_l2h_lam0p20:seed43,test,temp2p0_pava_t0p50,1,0,0.0,2
exp13:score_proj_l2h_lam0p20:seed43,test,temp2p0_pava_t0p50,2,0,0.0,2
exp13:score_proj_l2h_lam0p20:seed43,test,temp2p0_pava_t0p50,3,9,0.4090909090909091,2
exp13:score_proj_l2h_lam0p20:seed43,test,temp2p0_pava_t0p50,4,9,0.4090909090909091,2
exp13:score_proj_l2h_lam0p20:seed43,test,temp2p0_pava_t0p50,5,4,0.18181818181818182,2
exp13:score_proj_l2h_lam0p20:seed43,test,temp2p0_pava_t0p50,1,1,0.009523809523809525,3
exp13:score_proj_l2h_lam0p20:seed43,test,temp2p0_pava_t0p50,2,1,0.009523809523809525,3
exp13:score_proj_l2h_lam0p20:seed43,test,temp2p0_pava_t0p50,3,40,0.38095238095238093,3
exp13:score_proj_l2h_lam0p20:seed43,test,temp2p0_pava_t0p50,4,49,0.4666666666666667,3
exp13:score_proj_l2h_lam0p20:seed43,test,temp2p0_pava_t0p50,5,14,0.13333333333333333,3
exp13:score_proj_l2h_lam0p20:seed43,test,temp2p0_pava_t0p50,1,0,0.0,4
exp13:score_proj_l2h_lam0p20:seed43,test,temp2p0_pava_t0p50,2,0,0.0,4
exp13:score_proj_l2h_lam0p20:seed43,test,temp2p0_pava_t0p50,3,31,0.08831908831908832,4
exp13:score_proj_l2h_lam0p20:seed43,test,temp2p0_pava_t0p50,4,233,0.6638176638176638,4
exp13:score_proj_l2h_lam0p20:seed43,test,temp2p0_pava_t0p50,5,87,0.24786324786324787,4
exp13:score_proj_l2h_lam0p20:seed43,test,temp2p0_pava_t0p50,1,0,0.0,5
exp13:score_proj_l2h_lam0p20:seed43,test,temp2p0_pava_t0p50,2,1,0.0016233766233766235,5
exp13:score_proj_l2h_lam0p20:seed43,test,temp2p0_pava_t0p50,3,7,0.011363636363636364,5
exp13:score_proj_l2h_lam0p20:seed43,test,temp2p0_pava_t0p50,4,132,0.21428571428571427,5
exp13:score_proj_l2h_lam0p20:seed43,test,temp2p0_pava_t0p50,5,476,0.7727272727272727,5
exp13:score_proj_l2h_lam0p20:seed43,dev,temp3p0_pava_t0p50,1,13,0.011743450767841012,
exp13:score_proj_l2h_lam0p20:seed43,dev,temp3p0_pava_t0p50,2,2,0.0018066847335140017,
exp13:score_proj_l2h_lam0p20:seed43,dev,temp3p0_pava_t0p50,3,99,0.08943089430894309,
exp13:score_proj_l2h_lam0p20:seed43,dev,temp3p0_pava_t0p50,4,404,0.36495031616982837,
exp13:score_proj_l2h_lam0p20:seed43,dev,temp3p0_pava_t0p50,5,589,0.5320686540198736,
exp13:score_proj_l2h_lam0p20:seed43,dev,temp3p0_pava_t0p50,1,13,0.6842105263157895,1
exp13:score_proj_l2h_lam0p20:seed43,dev,temp3p0_pava_t0p50,2,0,0.0,1
exp13:score_proj_l2h_lam0p20:seed43,dev,temp3p0_pava_t0p50,3,4,0.21052631578947367,1
exp13:score_proj_l2h_lam0p20:seed43,dev,temp3p0_pava_t0p50,4,2,0.10526315789473684,1
exp13:score_proj_l2h_lam0p20:seed43,dev,temp3p0_pava_t0p50,5,0,0.0,1
exp13:score_proj_l2h_lam0p20:seed43,dev,temp3p0_pava_t0p50,1,0,0.0,2
exp13:score_proj_l2h_lam0p20:seed43,dev,temp3p0_pava_t0p50,2,1,0.02631578947368421,2
exp13:score_proj_l2h_lam0p20:seed43,dev,temp3p0_pava_t0p50,3,11,0.2894736842105263,2
exp13:score_proj_l2h_lam0p20:seed43,dev,temp3p0_pava_t0p50,4,8,0.21052631578947367,2
exp13:score_proj_l2h_lam0p20:seed43,dev,temp3p0_pava_t0p50,5,18,0.47368421052631576,2
exp13:score_proj_l2h_lam0p20:seed43,dev,temp3p0_pava_t0p50,1,0,0.0,3
exp13:score_proj_l2h_lam0p20:seed43,dev,temp3p0_pava_t0p50,2,0,0.0,3
exp13:score_proj_l2h_lam0p20:seed43,dev,temp3p0_pava_t0p50,3,36,0.34285714285714286,3
exp13:score_proj_l2h_lam0p20:seed43,dev,temp3p0_pava_t0p50,4,44,0.41904761904761906,3
exp13:score_proj_l2h_lam0p20:seed43,dev,temp3p0_pava_t0p50,5,25,0.23809523809523808,3
exp13:score_proj_l2h_lam0p20:seed43,dev,temp3p0_pava_t0p50,1,0,0.0,4
exp13:score_proj_l2h_lam0p20:seed43,dev,temp3p0_pava_t0p50,2,0,0.0,4
exp13:score_proj_l2h_lam0p20:seed43,dev,temp3p0_pava_t0p50,3,42,0.10796915167095116,4
exp13:score_proj_l2h_lam0p20:seed43,dev,temp3p0_pava_t0p50,4,233,0.5989717223650386,4
exp13:score_proj_l2h_lam0p20:seed43,dev,temp3p0_pava_t0p50,5,114,0.2930591259640103,4
exp13:score_proj_l2h_lam0p20:seed43,dev,temp3p0_pava_t0p50,1,0,0.0,5
exp13:score_proj_l2h_lam0p20:seed43,dev,temp3p0_pava_t0p50,2,1,0.0017985611510791368,5
exp13:score_proj_l2h_lam0p20:seed43,dev,temp3p0_pava_t0p50,3,6,0.01079136690647482,5
exp13:score_proj_l2h_lam0p20:seed43,dev,temp3p0_pava_t0p50,4,117,0.210431654676259,5
exp13:score_proj_l2h_lam0p20:seed43,dev,temp3p0_pava_t0p50,5,432,0.7769784172661871,5
exp13:score_proj_l2h_lam0p20:seed43,test,temp3p0_pava_t0p50,1,9,0.008159564823209429,
exp13:score_proj_l2h_lam0p20:seed43,test,temp3p0_pava_t0p50,2,2,0.001813236627379873,
exp13:score_proj_l2h_lam0p20:seed43,test,temp3p0_pava_t0p50,3,87,0.07887579329102448,
exp13:score_proj_l2h_lam0p20:seed43,test,temp3p0_pava_t0p50,4,423,0.38349954669084313,
exp13:score_proj_l2h_lam0p20:seed43,test,temp3p0_pava_t0p50,5,582,0.527651858567543,
exp13:score_proj_l2h_lam0p20:seed43,test,temp3p0_pava_t0p50,1,8,0.8888888888888888,1
exp13:score_proj_l2h_lam0p20:seed43,test,temp3p0_pava_t0p50,2,0,0.0,1
exp13:score_proj_l2h_lam0p20:seed43,test,temp3p0_pava_t0p50,3,0,0.0,1
exp13:score_proj_l2h_lam0p20:seed43,test,temp3p0_pava_t0p50,4,0,0.0,1
exp13:score_proj_l2h_lam0p20:seed43,test,temp3p0_pava_t0p50,5,1,0.1111111111111111,1
exp13:score_proj_l2h_lam0p20:seed43,test,temp3p0_pava_t0p50,1,0,0.0,2
exp13:score_proj_l2h_lam0p20:seed43,test,temp3p0_pava_t0p50,2,0,0.0,2
exp13:score_proj_l2h_lam0p20:seed43,test,temp3p0_pava_t0p50,3,9,0.4090909090909091,2
exp13:score_proj_l2h_lam0p20:seed43,test,temp3p0_pava_t0p50,4,9,0.4090909090909091,2
exp13:score_proj_l2h_lam0p20:seed43,test,temp3p0_pava_t0p50,5,4,0.18181818181818182,2
exp13:score_proj_l2h_lam0p20:seed43,test,temp3p0_pava_t0p50,1,1,0.009523809523809525,3
exp13:score_proj_l2h_lam0p20:seed43,test,temp3p0_pava_t0p50,2,1,0.009523809523809525,3
exp13:score_proj_l2h_lam0p20:seed43,test,temp3p0_pava_t0p50,3,40,0.38095238095238093,3
exp13:score_proj_l2h_lam0p20:seed43,test,temp3p0_pava_t0p50,4,49,0.4666666666666667,3
exp13:score_proj_l2h_lam0p20:seed43,test,temp3p0_pava_t0p50,5,14,0.13333333333333333,3
exp13:score_proj_l2h_lam0p20:seed43,test,temp3p0_pava_t0p50,1,0,0.0,4
exp13:score_proj_l2h_lam0p20:seed43,test,temp3p0_pava_t0p50,2,0,0.0,4
exp13:score_proj_l2h_lam0p20:seed43,test,temp3p0_pava_t0p50,3,31,0.08831908831908832,4
exp13:score_proj_l2h_lam0p20:seed43,test,temp3p0_pava_t0p50,4,233,0.6638176638176638,4
exp13:score_proj_l2h_lam0p20:seed43,test,temp3p0_pava_t0p50,5,87,0.24786324786324787,4
exp13:score_proj_l2h_lam0p20:seed43,test,temp3p0_pava_t0p50,1,0,0.0,5
exp13:score_proj_l2h_lam0p20:seed43,test,temp3p0_pava_t0p50,2,1,0.0016233766233766235,5
exp13:score_proj_l2h_lam0p20:seed43,test,temp3p0_pava_t0p50,3,7,0.011363636363636364,5
exp13:score_proj_l2h_lam0p20:seed43,test,temp3p0_pava_t0p50,4,132,0.21428571428571427,5
exp13:score_proj_l2h_lam0p20:seed43,test,temp3p0_pava_t0p50,5,476,0.7727272727272727,5
exp13:score_proj_l2h_lam0p20:seed43,dev,temp4p0_pava_t0p50,1,13,0.011743450767841012,
exp13:score_proj_l2h_lam0p20:seed43,dev,temp4p0_pava_t0p50,2,2,0.0018066847335140017,
exp13:score_proj_l2h_lam0p20:seed43,dev,temp4p0_pava_t0p50,3,99,0.08943089430894309,
exp13:score_proj_l2h_lam0p20:seed43,dev,temp4p0_pava_t0p50,4,404,0.36495031616982837,
exp13:score_proj_l2h_lam0p20:seed43,dev,temp4p0_pava_t0p50,5,589,0.5320686540198736,
exp13:score_proj_l2h_lam0p20:seed43,dev,temp4p0_pava_t0p50,1,13,0.6842105263157895,1
exp13:score_proj_l2h_lam0p20:seed43,dev,temp4p0_pava_t0p50,2,0,0.0,1
exp13:score_proj_l2h_lam0p20:seed43,dev,temp4p0_pava_t0p50,3,4,0.21052631578947367,1
exp13:score_proj_l2h_lam0p20:seed43,dev,temp4p0_pava_t0p50,4,2,0.10526315789473684,1
exp13:score_proj_l2h_lam0p20:seed43,dev,temp4p0_pava_t0p50,5,0,0.0,1
exp13:score_proj_l2h_lam0p20:seed43,dev,temp4p0_pava_t0p50,1,0,0.0,2
exp13:score_proj_l2h_lam0p20:seed43,dev,temp4p0_pava_t0p50,2,1,0.02631578947368421,2
exp13:score_proj_l2h_lam0p20:seed43,dev,temp4p0_pava_t0p50,3,11,0.2894736842105263,2
exp13:score_proj_l2h_lam0p20:seed43,dev,temp4p0_pava_t0p50,4,8,0.21052631578947367,2
exp13:score_proj_l2h_lam0p20:seed43,dev,temp4p0_pava_t0p50,5,18,0.47368421052631576,2
exp13:score_proj_l2h_lam0p20:seed43,dev,temp4p0_pava_t0p50,1,0,0.0,3
exp13:score_proj_l2h_lam0p20:seed43,dev,temp4p0_pava_t0p50,2,0,0.0,3
exp13:score_proj_l2h_lam0p20:seed43,dev,temp4p0_pava_t0p50,3,36,0.34285714285714286,3
exp13:score_proj_l2h_lam0p20:seed43,dev,temp4p0_pava_t0p50,4,44,0.41904761904761906,3
exp13:score_proj_l2h_lam0p20:seed43,dev,temp4p0_pava_t0p50,5,25,0.23809523809523808,3
exp13:score_proj_l2h_lam0p20:seed43,dev,temp4p0_pava_t0p50,1,0,0.0,4
exp13:score_proj_l2h_lam0p20:seed43,dev,temp4p0_pava_t0p50,2,0,0.0,4
exp13:score_proj_l2h_lam0p20:seed43,dev,temp4p0_pava_t0p50,3,42,0.10796915167095116,4
exp13:score_proj_l2h_lam0p20:seed43,dev,temp4p0_pava_t0p50,4,233,0.5989717223650386,4
exp13:score_proj_l2h_lam0p20:seed43,dev,temp4p0_pava_t0p50,5,114,0.2930591259640103,4
exp13:score_proj_l2h_lam0p20:seed43,dev,temp4p0_pava_t0p50,1,0,0.0,5
exp13:score_proj_l2h_lam0p20:seed43,dev,temp4p0_pava_t0p50,2,1,0.0017985611510791368,5
exp13:score_proj_l2h_lam0p20:seed43,dev,temp4p0_pava_t0p50,3,6,0.01079136690647482,5
exp13:score_proj_l2h_lam0p20:seed43,dev,temp4p0_pava_t0p50,4,117,0.210431654676259,5
exp13:score_proj_l2h_lam0p20:seed43,dev,temp4p0_pava_t0p50,5,432,0.7769784172661871,5
exp13:score_proj_l2h_lam0p20:seed43,test,temp4p0_pava_t0p50,1,9,0.008159564823209429,
exp13:score_proj_l2h_lam0p20:seed43,test,temp4p0_pava_t0p50,2,2,0.001813236627379873,
exp13:score_proj_l2h_lam0p20:seed43,test,temp4p0_pava_t0p50,3,87,0.07887579329102448,
exp13:score_proj_l2h_lam0p20:seed43,test,temp4p0_pava_t0p50,4,423,0.38349954669084313,
exp13:score_proj_l2h_lam0p20:seed43,test,temp4p0_pava_t0p50,5,582,0.527651858567543,
exp13:score_proj_l2h_lam0p20:seed43,test,temp4p0_pava_t0p50,1,8,0.8888888888888888,1
exp13:score_proj_l2h_lam0p20:seed43,test,temp4p0_pava_t0p50,2,0,0.0,1
exp13:score_proj_l2h_lam0p20:seed43,test,temp4p0_pava_t0p50,3,0,0.0,1
exp13:score_proj_l2h_lam0p20:seed43,test,temp4p0_pava_t0p50,4,0,0.0,1
exp13:score_proj_l2h_lam0p20:seed43,test,temp4p0_pava_t0p50,5,1,0.1111111111111111,1
exp13:score_proj_l2h_lam0p20:seed43,test,temp4p0_pava_t0p50,1,0,0.0,2
exp13:score_proj_l2h_lam0p20:seed43,test,temp4p0_pava_t0p50,2,0,0.0,2
exp13:score_proj_l2h_lam0p20:seed43,test,temp4p0_pava_t0p50,3,9,0.4090909090909091,2
exp13:score_proj_l2h_lam0p20:seed43,test,temp4p0_pava_t0p50,4,9,0.4090909090909091,2
exp13:score_proj_l2h_lam0p20:seed43,test,temp4p0_pava_t0p50,5,4,0.18181818181818182,2
exp13:score_proj_l2h_lam0p20:seed43,test,temp4p0_pava_t0p50,1,1,0.009523809523809525,3
exp13:score_proj_l2h_lam0p20:seed43,test,temp4p0_pava_t0p50,2,1,0.009523809523809525,3
exp13:score_proj_l2h_lam0p20:seed43,test,temp4p0_pava_t0p50,3,40,0.38095238095238093,3
exp13:score_proj_l2h_lam0p20:seed43,test,temp4p0_pava_t0p50,4,49,0.4666666666666667,3
exp13:score_proj_l2h_lam0p20:seed43,test,temp4p0_pava_t0p50,5,14,0.13333333333333333,3
exp13:score_proj_l2h_lam0p20:seed43,test,temp4p0_pava_t0p50,1,0,0.0,4
exp13:score_proj_l2h_lam0p20:seed43,test,temp4p0_pava_t0p50,2,0,0.0,4
exp13:score_proj_l2h_lam0p20:seed43,test,temp4p0_pava_t0p50,3,31,0.08831908831908832,4
exp13:score_proj_l2h_lam0p20:seed43,test,temp4p0_pava_t0p50,4,233,0.6638176638176638,4
exp13:score_proj_l2h_lam0p20:seed43,test,temp4p0_pava_t0p50,5,87,0.24786324786324787,4
exp13:score_proj_l2h_lam0p20:seed43,test,temp4p0_pava_t0p50,1,0,0.0,5
exp13:score_proj_l2h_lam0p20:seed43,test,temp4p0_pava_t0p50,2,1,0.0016233766233766235,5
exp13:score_proj_l2h_lam0p20:seed43,test,temp4p0_pava_t0p50,3,7,0.011363636363636364,5
exp13:score_proj_l2h_lam0p20:seed43,test,temp4p0_pava_t0p50,4,132,0.21428571428571427,5
exp13:score_proj_l2h_lam0p20:seed43,test,temp4p0_pava_t0p50,5,476,0.7727272727272727,5
exp13:score_proj_l2h_lam0p20:seed43,dev,pava_all_tau0p55,1,13,0.011743450767841012,
exp13:score_proj_l2h_lam0p20:seed43,dev,pava_all_tau0p55,2,4,0.0036133694670280035,
exp13:score_proj_l2h_lam0p20:seed43,dev,pava_all_tau0p55,3,105,0.0948509485094851,
exp13:score_proj_l2h_lam0p20:seed43,dev,pava_all_tau0p55,4,406,0.36675700090334235,
exp13:score_proj_l2h_lam0p20:seed43,dev,pava_all_tau0p55,5,579,0.5230352303523035,
exp13:score_proj_l2h_lam0p20:seed43,dev,pava_all_tau0p55,1,13,0.6842105263157895,1
exp13:score_proj_l2h_lam0p20:seed43,dev,pava_all_tau0p55,2,0,0.0,1
exp13:score_proj_l2h_lam0p20:seed43,dev,pava_all_tau0p55,3,4,0.21052631578947367,1
exp13:score_proj_l2h_lam0p20:seed43,dev,pava_all_tau0p55,4,2,0.10526315789473684,1
exp13:score_proj_l2h_lam0p20:seed43,dev,pava_all_tau0p55,5,0,0.0,1
exp13:score_proj_l2h_lam0p20:seed43,dev,pava_all_tau0p55,1,0,0.0,2
exp13:score_proj_l2h_lam0p20:seed43,dev,pava_all_tau0p55,2,3,0.07894736842105263,2
exp13:score_proj_l2h_lam0p20:seed43,dev,pava_all_tau0p55,3,9,0.23684210526315788,2
exp13:score_proj_l2h_lam0p20:seed43,dev,pava_all_tau0p55,4,9,0.23684210526315788,2
exp13:score_proj_l2h_lam0p20:seed43,dev,pava_all_tau0p55,5,17,0.4473684210526316,2
exp13:score_proj_l2h_lam0p20:seed43,dev,pava_all_tau0p55,1,0,0.0,3
exp13:score_proj_l2h_lam0p20:seed43,dev,pava_all_tau0p55,2,0,0.0,3
exp13:score_proj_l2h_lam0p20:seed43,dev,pava_all_tau0p55,3,37,0.3523809523809524,3
exp13:score_proj_l2h_lam0p20:seed43,dev,pava_all_tau0p55,4,43,0.4095238095238095,3
exp13:score_proj_l2h_lam0p20:seed43,dev,pava_all_tau0p55,5,25,0.23809523809523808,3
exp13:score_proj_l2h_lam0p20:seed43,dev,pava_all_tau0p55,1,0,0.0,4
exp13:score_proj_l2h_lam0p20:seed43,dev,pava_all_tau0p55,2,0,0.0,4
exp13:score_proj_l2h_lam0p20:seed43,dev,pava_all_tau0p55,3,48,0.12339331619537275,4
exp13:score_proj_l2h_lam0p20:seed43,dev,pava_all_tau0p55,4,229,0.5886889460154242,4
exp13:score_proj_l2h_lam0p20:seed43,dev,pava_all_tau0p55,5,112,0.2879177377892031,4
exp13:score_proj_l2h_lam0p20:seed43,dev,pava_all_tau0p55,1,0,0.0,5
exp13:score_proj_l2h_lam0p20:seed43,dev,pava_all_tau0p55,2,1,0.0017985611510791368,5
exp13:score_proj_l2h_lam0p20:seed43,dev,pava_all_tau0p55,3,7,0.012589928057553957,5
exp13:score_proj_l2h_lam0p20:seed43,dev,pava_all_tau0p55,4,123,0.22122302158273383,5
exp13:score_proj_l2h_lam0p20:seed43,dev,pava_all_tau0p55,5,425,0.7643884892086331,5
exp13:score_proj_l2h_lam0p20:seed43,test,pava_all_tau0p55,1,9,0.008159564823209429,
exp13:score_proj_l2h_lam0p20:seed43,test,pava_all_tau0p55,2,3,0.0027198549410698096,
exp13:score_proj_l2h_lam0p20:seed43,test,pava_all_tau0p55,3,94,0.08522212148685404,
exp13:score_proj_l2h_lam0p20:seed43,test,pava_all_tau0p55,4,439,0.3980054397098821,
exp13:score_proj_l2h_lam0p20:seed43,test,pava_all_tau0p55,5,558,0.5058930190389845,
exp13:score_proj_l2h_lam0p20:seed43,test,pava_all_tau0p55,1,8,0.8888888888888888,1
exp13:score_proj_l2h_lam0p20:seed43,test,pava_all_tau0p55,2,0,0.0,1
exp13:score_proj_l2h_lam0p20:seed43,test,pava_all_tau0p55,3,0,0.0,1
exp13:score_proj_l2h_lam0p20:seed43,test,pava_all_tau0p55,4,0,0.0,1
exp13:score_proj_l2h_lam0p20:seed43,test,pava_all_tau0p55,5,1,0.1111111111111111,1
exp13:score_proj_l2h_lam0p20:seed43,test,pava_all_tau0p55,1,0,0.0,2
exp13:score_proj_l2h_lam0p20:seed43,test,pava_all_tau0p55,2,0,0.0,2
exp13:score_proj_l2h_lam0p20:seed43,test,pava_all_tau0p55,3,9,0.4090909090909091,2
exp13:score_proj_l2h_lam0p20:seed43,test,pava_all_tau0p55,4,9,0.4090909090909091,2
exp13:score_proj_l2h_lam0p20:seed43,test,pava_all_tau0p55,5,4,0.18181818181818182,2
exp13:score_proj_l2h_lam0p20:seed43,test,pava_all_tau0p55,1,1,0.009523809523809525,3
exp13:score_proj_l2h_lam0p20:seed43,test,pava_all_tau0p55,2,1,0.009523809523809525,3
exp13:score_proj_l2h_lam0p20:seed43,test,pava_all_tau0p55,3,40,0.38095238095238093,3
exp13:score_proj_l2h_lam0p20:seed43,test,pava_all_tau0p55,4,49,0.4666666666666667,3
exp13:score_proj_l2h_lam0p20:seed43,test,pava_all_tau0p55,5,14,0.13333333333333333,3
exp13:score_proj_l2h_lam0p20:seed43,test,pava_all_tau0p55,1,0,0.0,4
exp13:score_proj_l2h_lam0p20:seed43,test,pava_all_tau0p55,2,0,0.0,4
exp13:score_proj_l2h_lam0p20:seed43,test,pava_all_tau0p55,3,38,0.10826210826210826,4
exp13:score_proj_l2h_lam0p20:seed43,test,pava_all_tau0p55,4,237,0.6752136752136753,4
exp13:score_proj_l2h_lam0p20:seed43,test,pava_all_tau0p55,5,76,0.21652421652421652,4
exp13:score_proj_l2h_lam0p20:seed43,test,pava_all_tau0p55,1,0,0.0,5
exp13:score_proj_l2h_lam0p20:seed43,test,pava_all_tau0p55,2,2,0.003246753246753247,5
exp13:score_proj_l2h_lam0p20:seed43,test,pava_all_tau0p55,3,7,0.011363636363636364,5
exp13:score_proj_l2h_lam0p20:seed43,test,pava_all_tau0p55,4,144,0.23376623376623376,5
exp13:score_proj_l2h_lam0p20:seed43,test,pava_all_tau0p55,5,463,0.7516233766233766,5
exp13:score_proj_l2h_lam0p20:seed43,dev,pava_all_tau0p60,1,13,0.011743450767841012,
exp13:score_proj_l2h_lam0p20:seed43,dev,pava_all_tau0p60,2,4,0.0036133694670280035,
exp13:score_proj_l2h_lam0p20:seed43,dev,pava_all_tau0p60,3,108,0.0975609756097561,
exp13:score_proj_l2h_lam0p20:seed43,dev,pava_all_tau0p60,4,421,0.3803071364046974,
exp13:score_proj_l2h_lam0p20:seed43,dev,pava_all_tau0p60,5,561,0.5067750677506775,
exp13:score_proj_l2h_lam0p20:seed43,dev,pava_all_tau0p60,1,13,0.6842105263157895,1
exp13:score_proj_l2h_lam0p20:seed43,dev,pava_all_tau0p60,2,0,0.0,1
exp13:score_proj_l2h_lam0p20:seed43,dev,pava_all_tau0p60,3,4,0.21052631578947367,1
exp13:score_proj_l2h_lam0p20:seed43,dev,pava_all_tau0p60,4,2,0.10526315789473684,1
exp13:score_proj_l2h_lam0p20:seed43,dev,pava_all_tau0p60,5,0,0.0,1
exp13:score_proj_l2h_lam0p20:seed43,dev,pava_all_tau0p60,1,0,0.0,2
exp13:score_proj_l2h_lam0p20:seed43,dev,pava_all_tau0p60,2,3,0.07894736842105263,2
exp13:score_proj_l2h_lam0p20:seed43,dev,pava_all_tau0p60,3,9,0.23684210526315788,2
exp13:score_proj_l2h_lam0p20:seed43,dev,pava_all_tau0p60,4,11,0.2894736842105263,2
exp13:score_proj_l2h_lam0p20:seed43,dev,pava_all_tau0p60,5,15,0.39473684210526316,2
exp13:score_proj_l2h_lam0p20:seed43,dev,pava_all_tau0p60,1,0,0.0,3
exp13:score_proj_l2h_lam0p20:seed43,dev,pava_all_tau0p60,2,0,0.0,3
exp13:score_proj_l2h_lam0p20:seed43,dev,pava_all_tau0p60,3,38,0.3619047619047619,3
exp13:score_proj_l2h_lam0p20:seed43,dev,pava_all_tau0p60,4,42,0.4,3
exp13:score_proj_l2h_lam0p20:seed43,dev,pava_all_tau0p60,5,25,0.23809523809523808,3
exp13:score_proj_l2h_lam0p20:seed43,dev,pava_all_tau0p60,1,0,0.0,4
exp13:score_proj_l2h_lam0p20:seed43,dev,pava_all_tau0p60,2,0,0.0,4
exp13:score_proj_l2h_lam0p20:seed43,dev,pava_all_tau0p60,3,50,0.12853470437017994,4
exp13:score_proj_l2h_lam0p20:seed43,dev,pava_all_tau0p60,4,236,0.6066838046272494,4
exp13:score_proj_l2h_lam0p20:seed43,dev,pava_all_tau0p60,5,103,0.2647814910025707,4
exp13:score_proj_l2h_lam0p20:seed43,dev,pava_all_tau0p60,1,0,0.0,5
exp13:score_proj_l2h_lam0p20:seed43,dev,pava_all_tau0p60,2,1,0.0017985611510791368,5
exp13:score_proj_l2h_lam0p20:seed43,dev,pava_all_tau0p60,3,7,0.012589928057553957,5
exp13:score_proj_l2h_lam0p20:seed43,dev,pava_all_tau0p60,4,130,0.23381294964028776,5
exp13:score_proj_l2h_lam0p20:seed43,dev,pava_all_tau0p60,5,418,0.7517985611510791,5
exp13:score_proj_l2h_lam0p20:seed43,test,pava_all_tau0p60,1,9,0.008159564823209429,
exp13:score_proj_l2h_lam0p20:seed43,test,pava_all_tau0p60,2,3,0.0027198549410698096,
exp13:score_proj_l2h_lam0p20:seed43,test,pava_all_tau0p60,3,106,0.09610154125113328,
exp13:score_proj_l2h_lam0p20:seed43,test,pava_all_tau0p60,4,456,0.4134179510426111,
exp13:score_proj_l2h_lam0p20:seed43,test,pava_all_tau0p60,5,529,0.4796010879419764,
exp13:score_proj_l2h_lam0p20:seed43,test,pava_all_tau0p60,1,8,0.8888888888888888,1
exp13:score_proj_l2h_lam0p20:seed43,test,pava_all_tau0p60,2,0,0.0,1
exp13:score_proj_l2h_lam0p20:seed43,test,pava_all_tau0p60,3,0,0.0,1
exp13:score_proj_l2h_lam0p20:seed43,test,pava_all_tau0p60,4,0,0.0,1
exp13:score_proj_l2h_lam0p20:seed43,test,pava_all_tau0p60,5,1,0.1111111111111111,1
exp13:score_proj_l2h_lam0p20:seed43,test,pava_all_tau0p60,1,0,0.0,2
exp13:score_proj_l2h_lam0p20:seed43,test,pava_all_tau0p60,2,0,0.0,2
exp13:score_proj_l2h_lam0p20:seed43,test,pava_all_tau0p60,3,10,0.45454545454545453,2
exp13:score_proj_l2h_lam0p20:seed43,test,pava_all_tau0p60,4,8,0.36363636363636365,2
exp13:score_proj_l2h_lam0p20:seed43,test,pava_all_tau0p60,5,4,0.18181818181818182,2
exp13:score_proj_l2h_lam0p20:seed43,test,pava_all_tau0p60,1,1,0.009523809523809525,3
exp13:score_proj_l2h_lam0p20:seed43,test,pava_all_tau0p60,2,1,0.009523809523809525,3
exp13:score_proj_l2h_lam0p20:seed43,test,pava_all_tau0p60,3,44,0.41904761904761906,3
exp13:score_proj_l2h_lam0p20:seed43,test,pava_all_tau0p60,4,46,0.4380952380952381,3
exp13:score_proj_l2h_lam0p20:seed43,test,pava_all_tau0p60,5,13,0.12380952380952381,3
exp13:score_proj_l2h_lam0p20:seed43,test,pava_all_tau0p60,1,0,0.0,4
exp13:score_proj_l2h_lam0p20:seed43,test,pava_all_tau0p60,2,0,0.0,4
exp13:score_proj_l2h_lam0p20:seed43,test,pava_all_tau0p60,3,44,0.12535612535612536,4
exp13:score_proj_l2h_lam0p20:seed43,test,pava_all_tau0p60,4,237,0.6752136752136753,4
exp13:score_proj_l2h_lam0p20:seed43,test,pava_all_tau0p60,5,70,0.19943019943019943,4
exp13:score_proj_l2h_lam0p20:seed43,test,pava_all_tau0p60,1,0,0.0,5
exp13:score_proj_l2h_lam0p20:seed43,test,pava_all_tau0p60,2,2,0.003246753246753247,5
exp13:score_proj_l2h_lam0p20:seed43,test,pava_all_tau0p60,3,8,0.012987012987012988,5
exp13:score_proj_l2h_lam0p20:seed43,test,pava_all_tau0p60,4,165,0.26785714285714285,5
exp13:score_proj_l2h_lam0p20:seed43,test,pava_all_tau0p60,5,441,0.7159090909090909,5
exp13:score_proj_l2h_lam0p20:seed43,dev,pava_all_tau0p65,1,13,0.011743450767841012,
exp13:score_proj_l2h_lam0p20:seed43,dev,pava_all_tau0p65,2,5,0.004516711833785004,
exp13:score_proj_l2h_lam0p20:seed43,dev,pava_all_tau0p65,3,109,0.0984643179765131,
exp13:score_proj_l2h_lam0p20:seed43,dev,pava_all_tau0p65,4,437,0.3947606142728094,
exp13:score_proj_l2h_lam0p20:seed43,dev,pava_all_tau0p65,5,543,0.4905149051490515,
exp13:score_proj_l2h_lam0p20:seed43,dev,pava_all_tau0p65,1,13,0.6842105263157895,1
exp13:score_proj_l2h_lam0p20:seed43,dev,pava_all_tau0p65,2,0,0.0,1
exp13:score_proj_l2h_lam0p20:seed43,dev,pava_all_tau0p65,3,4,0.21052631578947367,1
exp13:score_proj_l2h_lam0p20:seed43,dev,pava_all_tau0p65,4,2,0.10526315789473684,1
exp13:score_proj_l2h_lam0p20:seed43,dev,pava_all_tau0p65,5,0,0.0,1
exp13:score_proj_l2h_lam0p20:seed43,dev,pava_all_tau0p65,1,0,0.0,2
exp13:score_proj_l2h_lam0p20:seed43,dev,pava_all_tau0p65,2,4,0.10526315789473684,2
exp13:score_proj_l2h_lam0p20:seed43,dev,pava_all_tau0p65,3,8,0.21052631578947367,2
exp13:score_proj_l2h_lam0p20:seed43,dev,pava_all_tau0p65,4,13,0.34210526315789475,2
exp13:score_proj_l2h_lam0p20:seed43,dev,pava_all_tau0p65,5,13,0.34210526315789475,2
exp13:score_proj_l2h_lam0p20:seed43,dev,pava_all_tau0p65,1,0,0.0,3
exp13:score_proj_l2h_lam0p20:seed43,dev,pava_all_tau0p65,2,0,0.0,3
exp13:score_proj_l2h_lam0p20:seed43,dev,pava_all_tau0p65,3,38,0.3619047619047619,3
exp13:score_proj_l2h_lam0p20:seed43,dev,pava_all_tau0p65,4,43,0.4095238095238095,3
exp13:score_proj_l2h_lam0p20:seed43,dev,pava_all_tau0p65,5,24,0.22857142857142856,3
exp13:score_proj_l2h_lam0p20:seed43,dev,pava_all_tau0p65,1,0,0.0,4
exp13:score_proj_l2h_lam0p20:seed43,dev,pava_all_tau0p65,2,0,0.0,4
exp13:score_proj_l2h_lam0p20:seed43,dev,pava_all_tau0p65,3,52,0.13367609254498714,4
exp13:score_proj_l2h_lam0p20:seed43,dev,pava_all_tau0p65,4,242,0.622107969151671,4
exp13:score_proj_l2h_lam0p20:seed43,dev,pava_all_tau0p65,5,95,0.2442159383033419,4
exp13:score_proj_l2h_lam0p20:seed43,dev,pava_all_tau0p65,1,0,0.0,5
exp13:score_proj_l2h_lam0p20:seed43,dev,pava_all_tau0p65,2,1,0.0017985611510791368,5
exp13:score_proj_l2h_lam0p20:seed43,dev,pava_all_tau0p65,3,7,0.012589928057553957,5
exp13:score_proj_l2h_lam0p20:seed43,dev,pava_all_tau0p65,4,137,0.24640287769784172,5
exp13:score_proj_l2h_lam0p20:seed43,dev,pava_all_tau0p65,5,411,0.7392086330935251,5
exp13:score_proj_l2h_lam0p20:seed43,test,pava_all_tau0p65,1,9,0.008159564823209429,
exp13:score_proj_l2h_lam0p20:seed43,test,pava_all_tau0p65,2,4,0.003626473254759746,
exp13:score_proj_l2h_lam0p20:seed43,test,pava_all_tau0p65,3,116,0.10516772438803264,
exp13:score_proj_l2h_lam0p20:seed43,test,pava_all_tau0p65,4,463,0.4197642792384406,
exp13:score_proj_l2h_lam0p20:seed43,test,pava_all_tau0p65,5,511,0.46328195829555757,
exp13:score_proj_l2h_lam0p20:seed43,test,pava_all_tau0p65,1,8,0.8888888888888888,1
exp13:score_proj_l2h_lam0p20:seed43,test,pava_all_tau0p65,2,0,0.0,1
exp13:score_proj_l2h_lam0p20:seed43,test,pava_all_tau0p65,3,0,0.0,1
exp13:score_proj_l2h_lam0p20:seed43,test,pava_all_tau0p65,4,0,0.0,1
exp13:score_proj_l2h_lam0p20:seed43,test,pava_all_tau0p65,5,1,0.1111111111111111,1
exp13:score_proj_l2h_lam0p20:seed43,test,pava_all_tau0p65,1,0,0.0,2
exp13:score_proj_l2h_lam0p20:seed43,test,pava_all_tau0p65,2,0,0.0,2
exp13:score_proj_l2h_lam0p20:seed43,test,pava_all_tau0p65,3,11,0.5,2
exp13:score_proj_l2h_lam0p20:seed43,test,pava_all_tau0p65,4,7,0.3181818181818182,2
exp13:score_proj_l2h_lam0p20:seed43,test,pava_all_tau0p65,5,4,0.18181818181818182,2
exp13:score_proj_l2h_lam0p20:seed43,test,pava_all_tau0p65,1,1,0.009523809523809525,3
exp13:score_proj_l2h_lam0p20:seed43,test,pava_all_tau0p65,2,1,0.009523809523809525,3
exp13:score_proj_l2h_lam0p20:seed43,test,pava_all_tau0p65,3,45,0.42857142857142855,3
exp13:score_proj_l2h_lam0p20:seed43,test,pava_all_tau0p65,4,47,0.44761904761904764,3
exp13:score_proj_l2h_lam0p20:seed43,test,pava_all_tau0p65,5,11,0.10476190476190476,3
exp13:score_proj_l2h_lam0p20:seed43,test,pava_all_tau0p65,1,0,0.0,4
exp13:score_proj_l2h_lam0p20:seed43,test,pava_all_tau0p65,2,1,0.002849002849002849,4
exp13:score_proj_l2h_lam0p20:seed43,test,pava_all_tau0p65,3,50,0.14245014245014245,4
exp13:score_proj_l2h_lam0p20:seed43,test,pava_all_tau0p65,4,236,0.6723646723646723,4
exp13:score_proj_l2h_lam0p20:seed43,test,pava_all_tau0p65,5,64,0.18233618233618235,4
exp13:score_proj_l2h_lam0p20:seed43,test,pava_all_tau0p65,1,0,0.0,5
exp13:score_proj_l2h_lam0p20:seed43,test,pava_all_tau0p65,2,2,0.003246753246753247,5
exp13:score_proj_l2h_lam0p20:seed43,test,pava_all_tau0p65,3,10,0.016233766233766232,5
exp13:score_proj_l2h_lam0p20:seed43,test,pava_all_tau0p65,4,173,0.28084415584415584,5
exp13:score_proj_l2h_lam0p20:seed43,test,pava_all_tau0p65,5,431,0.6996753246753247,5
exp13:score_proj_l2h_lam0p20:seed43,dev,pava_all_tau0p70,1,13,0.011743450767841012,
exp13:score_proj_l2h_lam0p20:seed43,dev,pava_all_tau0p70,2,6,0.005420054200542005,
exp13:score_proj_l2h_lam0p20:seed43,dev,pava_all_tau0p70,3,120,0.10840108401084012,
exp13:score_proj_l2h_lam0p20:seed43,dev,pava_all_tau0p70,4,451,0.4074074074074074,
exp13:score_proj_l2h_lam0p20:seed43,dev,pava_all_tau0p70,5,517,0.4670280036133695,
exp13:score_proj_l2h_lam0p20:seed43,dev,pava_all_tau0p70,1,13,0.6842105263157895,1
exp13:score_proj_l2h_lam0p20:seed43,dev,pava_all_tau0p70,2,0,0.0,1
exp13:score_proj_l2h_lam0p20:seed43,dev,pava_all_tau0p70,3,4,0.21052631578947367,1
exp13:score_proj_l2h_lam0p20:seed43,dev,pava_all_tau0p70,4,2,0.10526315789473684,1
exp13:score_proj_l2h_lam0p20:seed43,dev,pava_all_tau0p70,5,0,0.0,1
exp13:score_proj_l2h_lam0p20:seed43,dev,pava_all_tau0p70,1,0,0.0,2
exp13:score_proj_l2h_lam0p20:seed43,dev,pava_all_tau0p70,2,4,0.10526315789473684,2
exp13:score_proj_l2h_lam0p20:seed43,dev,pava_all_tau0p70,3,8,0.21052631578947367,2
exp13:score_proj_l2h_lam0p20:seed43,dev,pava_all_tau0p70,4,13,0.34210526315789475,2
exp13:score_proj_l2h_lam0p20:seed43,dev,pava_all_tau0p70,5,13,0.34210526315789475,2
exp13:score_proj_l2h_lam0p20:seed43,dev,pava_all_tau0p70,1,0,0.0,3
exp13:score_proj_l2h_lam0p20:seed43,dev,pava_all_tau0p70,2,0,0.0,3
exp13:score_proj_l2h_lam0p20:seed43,dev,pava_all_tau0p70,3,42,0.4,3
exp13:score_proj_l2h_lam0p20:seed43,dev,pava_all_tau0p70,4,39,0.37142857142857144,3
exp13:score_proj_l2h_lam0p20:seed43,dev,pava_all_tau0p70,5,24,0.22857142857142856,3
exp13:score_proj_l2h_lam0p20:seed43,dev,pava_all_tau0p70,1,0,0.0,4
exp13:score_proj_l2h_lam0p20:seed43,dev,pava_all_tau0p70,2,1,0.002570694087403599,4
exp13:score_proj_l2h_lam0p20:seed43,dev,pava_all_tau0p70,3,55,0.14138817480719795,4
exp13:score_proj_l2h_lam0p20:seed43,dev,pava_all_tau0p70,4,244,0.6272493573264781,4
exp13:score_proj_l2h_lam0p20:seed43,dev,pava_all_tau0p70,5,89,0.22879177377892032,4
exp13:score_proj_l2h_lam0p20:seed43,dev,pava_all_tau0p70,1,0,0.0,5
exp13:score_proj_l2h_lam0p20:seed43,dev,pava_all_tau0p70,2,1,0.0017985611510791368,5
exp13:score_proj_l2h_lam0p20:seed43,dev,pava_all_tau0p70,3,11,0.019784172661870502,5
exp13:score_proj_l2h_lam0p20:seed43,dev,pava_all_tau0p70,4,153,0.2751798561151079,5
exp13:score_proj_l2h_lam0p20:seed43,dev,pava_all_tau0p70,5,391,0.7032374100719424,5
exp13:score_proj_l2h_lam0p20:seed43,test,pava_all_tau0p70,1,9,0.008159564823209429,
exp13:score_proj_l2h_lam0p20:seed43,test,pava_all_tau0p70,2,5,0.004533091568449683,
exp13:score_proj_l2h_lam0p20:seed43,test,pava_all_tau0p70,3,124,0.11242067089755213,
exp13:score_proj_l2h_lam0p20:seed43,test,pava_all_tau0p70,4,483,0.43789664551223934,
exp13:score_proj_l2h_lam0p20:seed43,test,pava_all_tau0p70,5,482,0.4369900271985494,
exp13:score_proj_l2h_lam0p20:seed43,test,pava_all_tau0p70,1,8,0.8888888888888888,1
exp13:score_proj_l2h_lam0p20:seed43,test,pava_all_tau0p70,2,0,0.0,1
exp13:score_proj_l2h_lam0p20:seed43,test,pava_all_tau0p70,3,0,0.0,1
exp13:score_proj_l2h_lam0p20:seed43,test,pava_all_tau0p70,4,0,0.0,1
exp13:score_proj_l2h_lam0p20:seed43,test,pava_all_tau0p70,5,1,0.1111111111111111,1
exp13:score_proj_l2h_lam0p20:seed43,test,pava_all_tau0p70,1,0,0.0,2
exp13:score_proj_l2h_lam0p20:seed43,test,pava_all_tau0p70,2,0,0.0,2
exp13:score_proj_l2h_lam0p20:seed43,test,pava_all_tau0p70,3,11,0.5,2
exp13:score_proj_l2h_lam0p20:seed43,test,pava_all_tau0p70,4,7,0.3181818181818182,2
exp13:score_proj_l2h_lam0p20:seed43,test,pava_all_tau0p70,5,4,0.18181818181818182,2
exp13:score_proj_l2h_lam0p20:seed43,test,pava_all_tau0p70,1,1,0.009523809523809525,3
exp13:score_proj_l2h_lam0p20:seed43,test,pava_all_tau0p70,2,1,0.009523809523809525,3
exp13:score_proj_l2h_lam0p20:seed43,test,pava_all_tau0p70,3,47,0.44761904761904764,3
exp13:score_proj_l2h_lam0p20:seed43,test,pava_all_tau0p70,4,45,0.42857142857142855,3
exp13:score_proj_l2h_lam0p20:seed43,test,pava_all_tau0p70,5,11,0.10476190476190476,3
exp13:score_proj_l2h_lam0p20:seed43,test,pava_all_tau0p70,1,0,0.0,4
exp13:score_proj_l2h_lam0p20:seed43,test,pava_all_tau0p70,2,2,0.005698005698005698,4
exp13:score_proj_l2h_lam0p20:seed43,test,pava_all_tau0p70,3,53,0.150997150997151,4
exp13:score_proj_l2h_lam0p20:seed43,test,pava_all_tau0p70,4,238,0.6780626780626781,4
exp13:score_proj_l2h_lam0p20:seed43,test,pava_all_tau0p70,5,58,0.16524216524216523,4
exp13:score_proj_l2h_lam0p20:seed43,test,pava_all_tau0p70,1,0,0.0,5
exp13:score_proj_l2h_lam0p20:seed43,test,pava_all_tau0p70,2,2,0.003246753246753247,5
exp13:score_proj_l2h_lam0p20:seed43,test,pava_all_tau0p70,3,13,0.021103896103896104,5
exp13:score_proj_l2h_lam0p20:seed43,test,pava_all_tau0p70,4,193,0.3133116883116883,5
exp13:score_proj_l2h_lam0p20:seed43,test,pava_all_tau0p70,5,408,0.6623376623376623,5
exp13:score_proj_l2h_lam0p20:seed43,dev,pava_all_tau0p75,1,13,0.011743450767841012,
exp13:score_proj_l2h_lam0p20:seed43,dev,pava_all_tau0p75,2,8,0.007226738934056007,
exp13:score_proj_l2h_lam0p20:seed43,dev,pava_all_tau0p75,3,128,0.11562782294489611,
exp13:score_proj_l2h_lam0p20:seed43,dev,pava_all_tau0p75,4,467,0.4218608852755194,
exp13:score_proj_l2h_lam0p20:seed43,dev,pava_all_tau0p75,5,491,0.44354110207768743,
exp13:score_proj_l2h_lam0p20:seed43,dev,pava_all_tau0p75,1,13,0.6842105263157895,1
exp13:score_proj_l2h_lam0p20:seed43,dev,pava_all_tau0p75,2,0,0.0,1
exp13:score_proj_l2h_lam0p20:seed43,dev,pava_all_tau0p75,3,4,0.21052631578947367,1
exp13:score_proj_l2h_lam0p20:seed43,dev,pava_all_tau0p75,4,2,0.10526315789473684,1
exp13:score_proj_l2h_lam0p20:seed43,dev,pava_all_tau0p75,5,0,0.0,1
exp13:score_proj_l2h_lam0p20:seed43,dev,pava_all_tau0p75,1,0,0.0,2
exp13:score_proj_l2h_lam0p20:seed43,dev,pava_all_tau0p75,2,4,0.10526315789473684,2
exp13:score_proj_l2h_lam0p20:seed43,dev,pava_all_tau0p75,3,8,0.21052631578947367,2
exp13:score_proj_l2h_lam0p20:seed43,dev,pava_all_tau0p75,4,13,0.34210526315789475,2
exp13:score_proj_l2h_lam0p20:seed43,dev,pava_all_tau0p75,5,13,0.34210526315789475,2
exp13:score_proj_l2h_lam0p20:seed43,dev,pava_all_tau0p75,1,0,0.0,3
exp13:score_proj_l2h_lam0p20:seed43,dev,pava_all_tau0p75,2,0,0.0,3
exp13:score_proj_l2h_lam0p20:seed43,dev,pava_all_tau0p75,3,42,0.4,3
exp13:score_proj_l2h_lam0p20:seed43,dev,pava_all_tau0p75,4,41,0.3904761904761905,3
exp13:score_proj_l2h_lam0p20:seed43,dev,pava_all_tau0p75,5,22,0.20952380952380953,3
exp13:score_proj_l2h_lam0p20:seed43,dev,pava_all_tau0p75,1,0,0.0,4
exp13:score_proj_l2h_lam0p20:seed43,dev,pava_all_tau0p75,2,1,0.002570694087403599,4
exp13:score_proj_l2h_lam0p20:seed43,dev,pava_all_tau0p75,3,61,0.15681233933161953,4
exp13:score_proj_l2h_lam0p20:seed43,dev,pava_all_tau0p75,4,251,0.6452442159383034,4
exp13:score_proj_l2h_lam0p20:seed43,dev,pava_all_tau0p75,5,76,0.1953727506426735,4
exp13:score_proj_l2h_lam0p20:seed43,dev,pava_all_tau0p75,1,0,0.0,5
exp13:score_proj_l2h_lam0p20:seed43,dev,pava_all_tau0p75,2,3,0.00539568345323741,5
exp13:score_proj_l2h_lam0p20:seed43,dev,pava_all_tau0p75,3,13,0.023381294964028777,5
exp13:score_proj_l2h_lam0p20:seed43,dev,pava_all_tau0p75,4,160,0.28776978417266186,5
exp13:score_proj_l2h_lam0p20:seed43,dev,pava_all_tau0p75,5,380,0.6834532374100719,5
exp13:score_proj_l2h_lam0p20:seed43,test,pava_all_tau0p75,1,9,0.008159564823209429,
exp13:score_proj_l2h_lam0p20:seed43,test,pava_all_tau0p75,2,7,0.006346328195829556,
exp13:score_proj_l2h_lam0p20:seed43,test,pava_all_tau0p75,3,135,0.12239347234814144,
exp13:score_proj_l2h_lam0p20:seed43,test,pava_all_tau0p75,4,495,0.4487760652765186,
exp13:score_proj_l2h_lam0p20:seed43,test,pava_all_tau0p75,5,457,0.414324569356301,
exp13:score_proj_l2h_lam0p20:seed43,test,pava_all_tau0p75,1,8,0.8888888888888888,1
exp13:score_proj_l2h_lam0p20:seed43,test,pava_all_tau0p75,2,0,0.0,1
exp13:score_proj_l2h_lam0p20:seed43,test,pava_all_tau0p75,3,0,0.0,1
exp13:score_proj_l2h_lam0p20:seed43,test,pava_all_tau0p75,4,0,0.0,1
exp13:score_proj_l2h_lam0p20:seed43,test,pava_all_tau0p75,5,1,0.1111111111111111,1
exp13:score_proj_l2h_lam0p20:seed43,test,pava_all_tau0p75,1,0,0.0,2
exp13:score_proj_l2h_lam0p20:seed43,test,pava_all_tau0p75,2,0,0.0,2
exp13:score_proj_l2h_lam0p20:seed43,test,pava_all_tau0p75,3,11,0.5,2
exp13:score_proj_l2h_lam0p20:seed43,test,pava_all_tau0p75,4,7,0.3181818181818182,2
exp13:score_proj_l2h_lam0p20:seed43,test,pava_all_tau0p75,5,4,0.18181818181818182,2
exp13:score_proj_l2h_lam0p20:seed43,test,pava_all_tau0p75,1,1,0.009523809523809525,3
exp13:score_proj_l2h_lam0p20:seed43,test,pava_all_tau0p75,2,2,0.01904761904761905,3
exp13:score_proj_l2h_lam0p20:seed43,test,pava_all_tau0p75,3,50,0.47619047619047616,3
exp13:score_proj_l2h_lam0p20:seed43,test,pava_all_tau0p75,4,43,0.4095238095238095,3
exp13:score_proj_l2h_lam0p20:seed43,test,pava_all_tau0p75,5,9,0.08571428571428572,3
exp13:score_proj_l2h_lam0p20:seed43,test,pava_all_tau0p75,1,0,0.0,4
exp13:score_proj_l2h_lam0p20:seed43,test,pava_all_tau0p75,2,2,0.005698005698005698,4
exp13:score_proj_l2h_lam0p20:seed43,test,pava_all_tau0p75,3,59,0.16809116809116809,4
exp13:score_proj_l2h_lam0p20:seed43,test,pava_all_tau0p75,4,237,0.6752136752136753,4
exp13:score_proj_l2h_lam0p20:seed43,test,pava_all_tau0p75,5,53,0.150997150997151,4
exp13:score_proj_l2h_lam0p20:seed43,test,pava_all_tau0p75,1,0,0.0,5
exp13:score_proj_l2h_lam0p20:seed43,test,pava_all_tau0p75,2,3,0.00487012987012987,5
exp13:score_proj_l2h_lam0p20:seed43,test,pava_all_tau0p75,3,15,0.024350649350649352,5
exp13:score_proj_l2h_lam0p20:seed43,test,pava_all_tau0p75,4,208,0.33766233766233766,5
exp13:score_proj_l2h_lam0p20:seed43,test,pava_all_tau0p75,5,390,0.6331168831168831,5
exp13:score_proj_l2h_lam0p20:seed43,dev,pava_all_tau0p80,1,13,0.011743450767841012,
exp13:score_proj_l2h_lam0p20:seed43,dev,pava_all_tau0p80,2,8,0.007226738934056007,
exp13:score_proj_l2h_lam0p20:seed43,dev,pava_all_tau0p80,3,141,0.12737127371273713,
exp13:score_proj_l2h_lam0p20:seed43,dev,pava_all_tau0p80,4,481,0.43450767841011745,
exp13:score_proj_l2h_lam0p20:seed43,dev,pava_all_tau0p80,5,464,0.41915085817524844,
exp13:score_proj_l2h_lam0p20:seed43,dev,pava_all_tau0p80,1,13,0.6842105263157895,1
exp13:score_proj_l2h_lam0p20:seed43,dev,pava_all_tau0p80,2,0,0.0,1
exp13:score_proj_l2h_lam0p20:seed43,dev,pava_all_tau0p80,3,4,0.21052631578947367,1
exp13:score_proj_l2h_lam0p20:seed43,dev,pava_all_tau0p80,4,2,0.10526315789473684,1
exp13:score_proj_l2h_lam0p20:seed43,dev,pava_all_tau0p80,5,0,0.0,1
exp13:score_proj_l2h_lam0p20:seed43,dev,pava_all_tau0p80,1,0,0.0,2
exp13:score_proj_l2h_lam0p20:seed43,dev,pava_all_tau0p80,2,4,0.10526315789473684,2
exp13:score_proj_l2h_lam0p20:seed43,dev,pava_all_tau0p80,3,8,0.21052631578947367,2
exp13:score_proj_l2h_lam0p20:seed43,dev,pava_all_tau0p80,4,13,0.34210526315789475,2
exp13:score_proj_l2h_lam0p20:seed43,dev,pava_all_tau0p80,5,13,0.34210526315789475,2
exp13:score_proj_l2h_lam0p20:seed43,dev,pava_all_tau0p80,1,0,0.0,3
exp13:score_proj_l2h_lam0p20:seed43,dev,pava_all_tau0p80,2,0,0.0,3
exp13:score_proj_l2h_lam0p20:seed43,dev,pava_all_tau0p80,3,46,0.4380952380952381,3
exp13:score_proj_l2h_lam0p20:seed43,dev,pava_all_tau0p80,4,37,0.3523809523809524,3
exp13:score_proj_l2h_lam0p20:seed43,dev,pava_all_tau0p80,5,22,0.20952380952380953,3
exp13:score_proj_l2h_lam0p20:seed43,dev,pava_all_tau0p80,1,0,0.0,4
exp13:score_proj_l2h_lam0p20:seed43,dev,pava_all_tau0p80,2,1,0.002570694087403599,4
exp13:score_proj_l2h_lam0p20:seed43,dev,pava_all_tau0p80,3,68,0.17480719794344474,4
exp13:score_proj_l2h_lam0p20:seed43,dev,pava_all_tau0p80,4,258,0.6632390745501285,4
exp13:score_proj_l2h_lam0p20:seed43,dev,pava_all_tau0p80,5,62,0.15938303341902313,4
exp13:score_proj_l2h_lam0p20:seed43,dev,pava_all_tau0p80,1,0,0.0,5
exp13:score_proj_l2h_lam0p20:seed43,dev,pava_all_tau0p80,2,3,0.00539568345323741,5
exp13:score_proj_l2h_lam0p20:seed43,dev,pava_all_tau0p80,3,15,0.02697841726618705,5
exp13:score_proj_l2h_lam0p20:seed43,dev,pava_all_tau0p80,4,171,0.30755395683453235,5
exp13:score_proj_l2h_lam0p20:seed43,dev,pava_all_tau0p80,5,367,0.6600719424460432,5
exp13:score_proj_l2h_lam0p20:seed43,test,pava_all_tau0p80,1,10,0.009066183136899365,
exp13:score_proj_l2h_lam0p20:seed43,test,pava_all_tau0p80,2,10,0.009066183136899365,
exp13:score_proj_l2h_lam0p20:seed43,test,pava_all_tau0p80,3,147,0.13327289211242066,
exp13:score_proj_l2h_lam0p20:seed43,test,pava_all_tau0p80,4,509,0.4614687216681777,
exp13:score_proj_l2h_lam0p20:seed43,test,pava_all_tau0p80,5,427,0.3871260199456029,
exp13:score_proj_l2h_lam0p20:seed43,test,pava_all_tau0p80,1,8,0.8888888888888888,1
exp13:score_proj_l2h_lam0p20:seed43,test,pava_all_tau0p80,2,0,0.0,1
exp13:score_proj_l2h_lam0p20:seed43,test,pava_all_tau0p80,3,0,0.0,1
exp13:score_proj_l2h_lam0p20:seed43,test,pava_all_tau0p80,4,0,0.0,1
exp13:score_proj_l2h_lam0p20:seed43,test,pava_all_tau0p80,5,1,0.1111111111111111,1
exp13:score_proj_l2h_lam0p20:seed43,test,pava_all_tau0p80,1,0,0.0,2
exp13:score_proj_l2h_lam0p20:seed43,test,pava_all_tau0p80,2,0,0.0,2
exp13:score_proj_l2h_lam0p20:seed43,test,pava_all_tau0p80,3,12,0.5454545454545454,2
exp13:score_proj_l2h_lam0p20:seed43,test,pava_all_tau0p80,4,6,0.2727272727272727,2
exp13:score_proj_l2h_lam0p20:seed43,test,pava_all_tau0p80,5,4,0.18181818181818182,2
exp13:score_proj_l2h_lam0p20:seed43,test,pava_all_tau0p80,1,1,0.009523809523809525,3
exp13:score_proj_l2h_lam0p20:seed43,test,pava_all_tau0p80,2,3,0.02857142857142857,3
exp13:score_proj_l2h_lam0p20:seed43,test,pava_all_tau0p80,3,51,0.4857142857142857,3
exp13:score_proj_l2h_lam0p20:seed43,test,pava_all_tau0p80,4,42,0.4,3
exp13:score_proj_l2h_lam0p20:seed43,test,pava_all_tau0p80,5,8,0.0761904761904762,3
exp13:score_proj_l2h_lam0p20:seed43,test,pava_all_tau0p80,1,1,0.002849002849002849,4
exp13:score_proj_l2h_lam0p20:seed43,test,pava_all_tau0p80,2,2,0.005698005698005698,4
exp13:score_proj_l2h_lam0p20:seed43,test,pava_all_tau0p80,3,67,0.1908831908831909,4
exp13:score_proj_l2h_lam0p20:seed43,test,pava_all_tau0p80,4,234,0.6666666666666666,4
exp13:score_proj_l2h_lam0p20:seed43,test,pava_all_tau0p80,5,47,0.1339031339031339,4
exp13:score_proj_l2h_lam0p20:seed43,test,pava_all_tau0p80,1,0,0.0,5
exp13:score_proj_l2h_lam0p20:seed43,test,pava_all_tau0p80,2,5,0.008116883116883116,5
exp13:score_proj_l2h_lam0p20:seed43,test,pava_all_tau0p80,3,17,0.027597402597402596,5
exp13:score_proj_l2h_lam0p20:seed43,test,pava_all_tau0p80,4,227,0.3685064935064935,5
exp13:score_proj_l2h_lam0p20:seed43,test,pava_all_tau0p80,5,367,0.5957792207792207,5
exp13:score_proj_l2h_lam0p20:seed43,dev,pava_all_tau0p85,1,13,0.011743450767841012,
exp13:score_proj_l2h_lam0p20:seed43,dev,pava_all_tau0p85,2,14,0.012646793134598013,
exp13:score_proj_l2h_lam0p20:seed43,dev,pava_all_tau0p85,3,153,0.13821138211382114,
exp13:score_proj_l2h_lam0p20:seed43,dev,pava_all_tau0p85,4,487,0.4399277326106594,
exp13:score_proj_l2h_lam0p20:seed43,dev,pava_all_tau0p85,5,440,0.3974706413730804,
exp13:score_proj_l2h_lam0p20:seed43,dev,pava_all_tau0p85,1,13,0.6842105263157895,1
exp13:score_proj_l2h_lam0p20:seed43,dev,pava_all_tau0p85,2,0,0.0,1
exp13:score_proj_l2h_lam0p20:seed43,dev,pava_all_tau0p85,3,4,0.21052631578947367,1
exp13:score_proj_l2h_lam0p20:seed43,dev,pava_all_tau0p85,4,2,0.10526315789473684,1
exp13:score_proj_l2h_lam0p20:seed43,dev,pava_all_tau0p85,5,0,0.0,1
exp13:score_proj_l2h_lam0p20:seed43,dev,pava_all_tau0p85,1,0,0.0,2
exp13:score_proj_l2h_lam0p20:seed43,dev,pava_all_tau0p85,2,6,0.15789473684210525,2
exp13:score_proj_l2h_lam0p20:seed43,dev,pava_all_tau0p85,3,6,0.15789473684210525,2
exp13:score_proj_l2h_lam0p20:seed43,dev,pava_all_tau0p85,4,15,0.39473684210526316,2
exp13:score_proj_l2h_lam0p20:seed43,dev,pava_all_tau0p85,5,11,0.2894736842105263,2
exp13:score_proj_l2h_lam0p20:seed43,dev,pava_all_tau0p85,1,0,0.0,3
exp13:score_proj_l2h_lam0p20:seed43,dev,pava_all_tau0p85,2,2,0.01904761904761905,3
exp13:score_proj_l2h_lam0p20:seed43,dev,pava_all_tau0p85,3,48,0.45714285714285713,3
exp13:score_proj_l2h_lam0p20:seed43,dev,pava_all_tau0p85,4,37,0.3523809523809524,3
exp13:score_proj_l2h_lam0p20:seed43,dev,pava_all_tau0p85,5,18,0.17142857142857143,3
exp13:score_proj_l2h_lam0p20:seed43,dev,pava_all_tau0p85,1,0,0.0,4
exp13:score_proj_l2h_lam0p20:seed43,dev,pava_all_tau0p85,2,1,0.002570694087403599,4
exp13:score_proj_l2h_lam0p20:seed43,dev,pava_all_tau0p85,3,78,0.20051413881748073,4
exp13:score_proj_l2h_lam0p20:seed43,dev,pava_all_tau0p85,4,251,0.6452442159383034,4
exp13:score_proj_l2h_lam0p20:seed43,dev,pava_all_tau0p85,5,59,0.15167095115681234,4
exp13:score_proj_l2h_lam0p20:seed43,dev,pava_all_tau0p85,1,0,0.0,5
exp13:score_proj_l2h_lam0p20:seed43,dev,pava_all_tau0p85,2,5,0.008992805755395683,5
exp13:score_proj_l2h_lam0p20:seed43,dev,pava_all_tau0p85,3,17,0.030575539568345324,5
exp13:score_proj_l2h_lam0p20:seed43,dev,pava_all_tau0p85,4,182,0.3273381294964029,5
exp13:score_proj_l2h_lam0p20:seed43,dev,pava_all_tau0p85,5,352,0.6330935251798561,5
exp13:score_proj_l2h_lam0p20:seed43,test,pava_all_tau0p85,1,10,0.009066183136899365,
exp13:score_proj_l2h_lam0p20:seed43,test,pava_all_tau0p85,2,15,0.013599274705349048,
exp13:score_proj_l2h_lam0p20:seed43,test,pava_all_tau0p85,3,166,0.15049864007252947,
exp13:score_proj_l2h_lam0p20:seed43,test,pava_all_tau0p85,4,512,0.4641885766092475,
exp13:score_proj_l2h_lam0p20:seed43,test,pava_all_tau0p85,5,400,0.3626473254759746,
exp13:score_proj_l2h_lam0p20:seed43,test,pava_all_tau0p85,1,8,0.8888888888888888,1
exp13:score_proj_l2h_lam0p20:seed43,test,pava_all_tau0p85,2,0,0.0,1
exp13:score_proj_l2h_lam0p20:seed43,test,pava_all_tau0p85,3,0,0.0,1
exp13:score_proj_l2h_lam0p20:seed43,test,pava_all_tau0p85,4,0,0.0,1
exp13:score_proj_l2h_lam0p20:seed43,test,pava_all_tau0p85,5,1,0.1111111111111111,1
exp13:score_proj_l2h_lam0p20:seed43,test,pava_all_tau0p85,1,0,0.0,2
exp13:score_proj_l2h_lam0p20:seed43,test,pava_all_tau0p85,2,1,0.045454545454545456,2
exp13:score_proj_l2h_lam0p20:seed43,test,pava_all_tau0p85,3,12,0.5454545454545454,2
exp13:score_proj_l2h_lam0p20:seed43,test,pava_all_tau0p85,4,5,0.22727272727272727,2
exp13:score_proj_l2h_lam0p20:seed43,test,pava_all_tau0p85,5,4,0.18181818181818182,2
exp13:score_proj_l2h_lam0p20:seed43,test,pava_all_tau0p85,1,1,0.009523809523809525,3
exp13:score_proj_l2h_lam0p20:seed43,test,pava_all_tau0p85,2,6,0.05714285714285714,3
exp13:score_proj_l2h_lam0p20:seed43,test,pava_all_tau0p85,3,49,0.4666666666666667,3
exp13:score_proj_l2h_lam0p20:seed43,test,pava_all_tau0p85,4,41,0.3904761904761905,3
exp13:score_proj_l2h_lam0p20:seed43,test,pava_all_tau0p85,5,8,0.0761904761904762,3
exp13:score_proj_l2h_lam0p20:seed43,test,pava_all_tau0p85,1,1,0.002849002849002849,4
exp13:score_proj_l2h_lam0p20:seed43,test,pava_all_tau0p85,2,3,0.008547008547008548,4
exp13:score_proj_l2h_lam0p20:seed43,test,pava_all_tau0p85,3,82,0.2336182336182336,4
exp13:score_proj_l2h_lam0p20:seed43,test,pava_all_tau0p85,4,220,0.6267806267806267,4
exp13:score_proj_l2h_lam0p20:seed43,test,pava_all_tau0p85,5,45,0.1282051282051282,4
exp13:score_proj_l2h_lam0p20:seed43,test,pava_all_tau0p85,1,0,0.0,5
exp13:score_proj_l2h_lam0p20:seed43,test,pava_all_tau0p85,2,5,0.008116883116883116,5
exp13:score_proj_l2h_lam0p20:seed43,test,pava_all_tau0p85,3,23,0.037337662337662336,5
exp13:score_proj_l2h_lam0p20:seed43,test,pava_all_tau0p85,4,246,0.39935064935064934,5
exp13:score_proj_l2h_lam0p20:seed43,test,pava_all_tau0p85,5,342,0.5551948051948052,5
exp13:score_proj_l2h_lam0p20:seed43,dev,pava_all_tau0p90,1,13,0.011743450767841012,
exp13:score_proj_l2h_lam0p20:seed43,dev,pava_all_tau0p90,2,17,0.015356820234869015,
exp13:score_proj_l2h_lam0p20:seed43,dev,pava_all_tau0p90,3,178,0.16079494128274616,
exp13:score_proj_l2h_lam0p20:seed43,dev,pava_all_tau0p90,4,500,0.45167118337850043,
exp13:score_proj_l2h_lam0p20:seed43,dev,pava_all_tau0p90,5,399,0.3604336043360434,
exp13:score_proj_l2h_lam0p20:seed43,dev,pava_all_tau0p90,1,13,0.6842105263157895,1
exp13:score_proj_l2h_lam0p20:seed43,dev,pava_all_tau0p90,2,0,0.0,1
exp13:score_proj_l2h_lam0p20:seed43,dev,pava_all_tau0p90,3,4,0.21052631578947367,1
exp13:score_proj_l2h_lam0p20:seed43,dev,pava_all_tau0p90,4,2,0.10526315789473684,1
exp13:score_proj_l2h_lam0p20:seed43,dev,pava_all_tau0p90,5,0,0.0,1
exp13:score_proj_l2h_lam0p20:seed43,dev,pava_all_tau0p90,1,0,0.0,2
exp13:score_proj_l2h_lam0p20:seed43,dev,pava_all_tau0p90,2,7,0.18421052631578946,2
exp13:score_proj_l2h_lam0p20:seed43,dev,pava_all_tau0p90,3,9,0.23684210526315788,2
exp13:score_proj_l2h_lam0p20:seed43,dev,pava_all_tau0p90,4,13,0.34210526315789475,2
exp13:score_proj_l2h_lam0p20:seed43,dev,pava_all_tau0p90,5,9,0.23684210526315788,2
exp13:score_proj_l2h_lam0p20:seed43,dev,pava_all_tau0p90,1,0,0.0,3
exp13:score_proj_l2h_lam0p20:seed43,dev,pava_all_tau0p90,2,3,0.02857142857142857,3
exp13:score_proj_l2h_lam0p20:seed43,dev,pava_all_tau0p90,3,52,0.49523809523809526,3
exp13:score_proj_l2h_lam0p20:seed43,dev,pava_all_tau0p90,4,34,0.3238095238095238,3
exp13:score_proj_l2h_lam0p20:seed43,dev,pava_all_tau0p90,5,16,0.1523809523809524,3
exp13:score_proj_l2h_lam0p20:seed43,dev,pava_all_tau0p90,1,0,0.0,4
exp13:score_proj_l2h_lam0p20:seed43,dev,pava_all_tau0p90,2,2,0.005141388174807198,4
exp13:score_proj_l2h_lam0p20:seed43,dev,pava_all_tau0p90,3,92,0.2365038560411311,4
exp13:score_proj_l2h_lam0p20:seed43,dev,pava_all_tau0p90,4,246,0.6323907455012854,4
exp13:score_proj_l2h_lam0p20:seed43,dev,pava_all_tau0p90,5,49,0.12596401028277635,4
exp13:score_proj_l2h_lam0p20:seed43,dev,pava_all_tau0p90,1,0,0.0,5
exp13:score_proj_l2h_lam0p20:seed43,dev,pava_all_tau0p90,2,5,0.008992805755395683,5
exp13:score_proj_l2h_lam0p20:seed43,dev,pava_all_tau0p90,3,21,0.03776978417266187,5
exp13:score_proj_l2h_lam0p20:seed43,dev,pava_all_tau0p90,4,205,0.368705035971223,5
exp13:score_proj_l2h_lam0p20:seed43,dev,pava_all_tau0p90,5,325,0.5845323741007195,5
exp13:score_proj_l2h_lam0p20:seed43,test,pava_all_tau0p90,1,11,0.009972801450589302,
exp13:score_proj_l2h_lam0p20:seed43,test,pava_all_tau0p90,2,17,0.015412511332728921,
exp13:score_proj_l2h_lam0p20:seed43,test,pava_all_tau0p90,3,201,0.18223028105167724,
exp13:score_proj_l2h_lam0p20:seed43,test,pava_all_tau0p90,4,511,0.46328195829555757,
exp13:score_proj_l2h_lam0p20:seed43,test,pava_all_tau0p90,5,363,0.329102447869447,
exp13:score_proj_l2h_lam0p20:seed43,test,pava_all_tau0p90,1,8,0.8888888888888888,1
exp13:score_proj_l2h_lam0p20:seed43,test,pava_all_tau0p90,2,0,0.0,1
exp13:score_proj_l2h_lam0p20:seed43,test,pava_all_tau0p90,3,0,0.0,1
exp13:score_proj_l2h_lam0p20:seed43,test,pava_all_tau0p90,4,0,0.0,1
exp13:score_proj_l2h_lam0p20:seed43,test,pava_all_tau0p90,5,1,0.1111111111111111,1
exp13:score_proj_l2h_lam0p20:seed43,test,pava_all_tau0p90,1,0,0.0,2
exp13:score_proj_l2h_lam0p20:seed43,test,pava_all_tau0p90,2,2,0.09090909090909091,2
exp13:score_proj_l2h_lam0p20:seed43,test,pava_all_tau0p90,3,11,0.5,2
exp13:score_proj_l2h_lam0p20:seed43,test,pava_all_tau0p90,4,5,0.22727272727272727,2
exp13:score_proj_l2h_lam0p20:seed43,test,pava_all_tau0p90,5,4,0.18181818181818182,2
exp13:score_proj_l2h_lam0p20:seed43,test,pava_all_tau0p90,1,2,0.01904761904761905,3
exp13:score_proj_l2h_lam0p20:seed43,test,pava_all_tau0p90,2,6,0.05714285714285714,3
exp13:score_proj_l2h_lam0p20:seed43,test,pava_all_tau0p90,3,56,0.5333333333333333,3
exp13:score_proj_l2h_lam0p20:seed43,test,pava_all_tau0p90,4,34,0.3238095238095238,3
exp13:score_proj_l2h_lam0p20:seed43,test,pava_all_tau0p90,5,7,0.06666666666666667,3
exp13:score_proj_l2h_lam0p20:seed43,test,pava_all_tau0p90,1,1,0.002849002849002849,4
exp13:score_proj_l2h_lam0p20:seed43,test,pava_all_tau0p90,2,4,0.011396011396011397,4
exp13:score_proj_l2h_lam0p20:seed43,test,pava_all_tau0p90,3,100,0.2849002849002849,4
exp13:score_proj_l2h_lam0p20:seed43,test,pava_all_tau0p90,4,209,0.5954415954415955,4
exp13:score_proj_l2h_lam0p20:seed43,test,pava_all_tau0p90,5,37,0.10541310541310542,4
exp13:score_proj_l2h_lam0p20:seed43,test,pava_all_tau0p90,1,0,0.0,5
exp13:score_proj_l2h_lam0p20:seed43,test,pava_all_tau0p90,2,5,0.008116883116883116,5
exp13:score_proj_l2h_lam0p20:seed43,test,pava_all_tau0p90,3,34,0.05519480519480519,5
exp13:score_proj_l2h_lam0p20:seed43,test,pava_all_tau0p90,4,263,0.42694805194805197,5
exp13:score_proj_l2h_lam0p20:seed43,test,pava_all_tau0p90,5,314,0.5097402597402597,5
exp13:score_proj_l2h_lam0p20:seed43,dev,pava_q3_tau0p55,1,13,0.011743450767841012,
exp13:score_proj_l2h_lam0p20:seed43,dev,pava_q3_tau0p55,2,2,0.0018066847335140017,
exp13:score_proj_l2h_lam0p20:seed43,dev,pava_q3_tau0p55,3,107,0.0966576332429991,
exp13:score_proj_l2h_lam0p20:seed43,dev,pava_q3_tau0p55,4,396,0.35772357723577236,
exp13:score_proj_l2h_lam0p20:seed43,dev,pava_q3_tau0p55,5,589,0.5320686540198736,
exp13:score_proj_l2h_lam0p20:seed43,dev,pava_q3_tau0p55,1,13,0.6842105263157895,1
exp13:score_proj_l2h_lam0p20:seed43,dev,pava_q3_tau0p55,2,0,0.0,1
exp13:score_proj_l2h_lam0p20:seed43,dev,pava_q3_tau0p55,3,4,0.21052631578947367,1
exp13:score_proj_l2h_lam0p20:seed43,dev,pava_q3_tau0p55,4,2,0.10526315789473684,1
exp13:score_proj_l2h_lam0p20:seed43,dev,pava_q3_tau0p55,5,0,0.0,1
exp13:score_proj_l2h_lam0p20:seed43,dev,pava_q3_tau0p55,1,0,0.0,2
exp13:score_proj_l2h_lam0p20:seed43,dev,pava_q3_tau0p55,2,1,0.02631578947368421,2
exp13:score_proj_l2h_lam0p20:seed43,dev,pava_q3_tau0p55,3,11,0.2894736842105263,2
exp13:score_proj_l2h_lam0p20:seed43,dev,pava_q3_tau0p55,4,8,0.21052631578947367,2
exp13:score_proj_l2h_lam0p20:seed43,dev,pava_q3_tau0p55,5,18,0.47368421052631576,2
exp13:score_proj_l2h_lam0p20:seed43,dev,pava_q3_tau0p55,1,0,0.0,3
exp13:score_proj_l2h_lam0p20:seed43,dev,pava_q3_tau0p55,2,0,0.0,3
exp13:score_proj_l2h_lam0p20:seed43,dev,pava_q3_tau0p55,3,37,0.3523809523809524,3
exp13:score_proj_l2h_lam0p20:seed43,dev,pava_q3_tau0p55,4,43,0.4095238095238095,3
exp13:score_proj_l2h_lam0p20:seed43,dev,pava_q3_tau0p55,5,25,0.23809523809523808,3
exp13:score_proj_l2h_lam0p20:seed43,dev,pava_q3_tau0p55,1,0,0.0,4
exp13:score_proj_l2h_lam0p20:seed43,dev,pava_q3_tau0p55,2,0,0.0,4
exp13:score_proj_l2h_lam0p20:seed43,dev,pava_q3_tau0p55,3,48,0.12339331619537275,4
exp13:score_proj_l2h_lam0p20:seed43,dev,pava_q3_tau0p55,4,227,0.583547557840617,4
exp13:score_proj_l2h_lam0p20:seed43,dev,pava_q3_tau0p55,5,114,0.2930591259640103,4
exp13:score_proj_l2h_lam0p20:seed43,dev,pava_q3_tau0p55,1,0,0.0,5
exp13:score_proj_l2h_lam0p20:seed43,dev,pava_q3_tau0p55,2,1,0.0017985611510791368,5
exp13:score_proj_l2h_lam0p20:seed43,dev,pava_q3_tau0p55,3,7,0.012589928057553957,5
exp13:score_proj_l2h_lam0p20:seed43,dev,pava_q3_tau0p55,4,116,0.20863309352517986,5
exp13:score_proj_l2h_lam0p20:seed43,dev,pava_q3_tau0p55,5,432,0.7769784172661871,5
exp13:score_proj_l2h_lam0p20:seed43,test,pava_q3_tau0p55,1,9,0.008159564823209429,
exp13:score_proj_l2h_lam0p20:seed43,test,pava_q3_tau0p55,2,2,0.001813236627379873,
exp13:score_proj_l2h_lam0p20:seed43,test,pava_q3_tau0p55,3,95,0.08612873980054397,
exp13:score_proj_l2h_lam0p20:seed43,test,pava_q3_tau0p55,4,415,0.37624660018132366,
exp13:score_proj_l2h_lam0p20:seed43,test,pava_q3_tau0p55,5,582,0.527651858567543,
exp13:score_proj_l2h_lam0p20:seed43,test,pava_q3_tau0p55,1,8,0.8888888888888888,1
exp13:score_proj_l2h_lam0p20:seed43,test,pava_q3_tau0p55,2,0,0.0,1
exp13:score_proj_l2h_lam0p20:seed43,test,pava_q3_tau0p55,3,0,0.0,1
exp13:score_proj_l2h_lam0p20:seed43,test,pava_q3_tau0p55,4,0,0.0,1
exp13:score_proj_l2h_lam0p20:seed43,test,pava_q3_tau0p55,5,1,0.1111111111111111,1
exp13:score_proj_l2h_lam0p20:seed43,test,pava_q3_tau0p55,1,0,0.0,2
exp13:score_proj_l2h_lam0p20:seed43,test,pava_q3_tau0p55,2,0,0.0,2
exp13:score_proj_l2h_lam0p20:seed43,test,pava_q3_tau0p55,3,9,0.4090909090909091,2
exp13:score_proj_l2h_lam0p20:seed43,test,pava_q3_tau0p55,4,9,0.4090909090909091,2
exp13:score_proj_l2h_lam0p20:seed43,test,pava_q3_tau0p55,5,4,0.18181818181818182,2
exp13:score_proj_l2h_lam0p20:seed43,test,pava_q3_tau0p55,1,1,0.009523809523809525,3
exp13:score_proj_l2h_lam0p20:seed43,test,pava_q3_tau0p55,2,1,0.009523809523809525,3
exp13:score_proj_l2h_lam0p20:seed43,test,pava_q3_tau0p55,3,40,0.38095238095238093,3
exp13:score_proj_l2h_lam0p20:seed43,test,pava_q3_tau0p55,4,49,0.4666666666666667,3
exp13:score_proj_l2h_lam0p20:seed43,test,pava_q3_tau0p55,5,14,0.13333333333333333,3
exp13:score_proj_l2h_lam0p20:seed43,test,pava_q3_tau0p55,1,0,0.0,4
exp13:score_proj_l2h_lam0p20:seed43,test,pava_q3_tau0p55,2,0,0.0,4
exp13:score_proj_l2h_lam0p20:seed43,test,pava_q3_tau0p55,3,38,0.10826210826210826,4
exp13:score_proj_l2h_lam0p20:seed43,test,pava_q3_tau0p55,4,226,0.6438746438746439,4
exp13:score_proj_l2h_lam0p20:seed43,test,pava_q3_tau0p55,5,87,0.24786324786324787,4
exp13:score_proj_l2h_lam0p20:seed43,test,pava_q3_tau0p55,1,0,0.0,5
exp13:score_proj_l2h_lam0p20:seed43,test,pava_q3_tau0p55,2,1,0.0016233766233766235,5
exp13:score_proj_l2h_lam0p20:seed43,test,pava_q3_tau0p55,3,8,0.012987012987012988,5
exp13:score_proj_l2h_lam0p20:seed43,test,pava_q3_tau0p55,4,131,0.21266233766233766,5
exp13:score_proj_l2h_lam0p20:seed43,test,pava_q3_tau0p55,5,476,0.7727272727272727,5
exp13:score_proj_l2h_lam0p20:seed43,dev,pava_q3_tau0p60,1,13,0.011743450767841012,
exp13:score_proj_l2h_lam0p20:seed43,dev,pava_q3_tau0p60,2,2,0.0018066847335140017,
exp13:score_proj_l2h_lam0p20:seed43,dev,pava_q3_tau0p60,3,110,0.0993676603432701,
exp13:score_proj_l2h_lam0p20:seed43,dev,pava_q3_tau0p60,4,393,0.35501355013550134,
exp13:score_proj_l2h_lam0p20:seed43,dev,pava_q3_tau0p60,5,589,0.5320686540198736,
exp13:score_proj_l2h_lam0p20:seed43,dev,pava_q3_tau0p60,1,13,0.6842105263157895,1
exp13:score_proj_l2h_lam0p20:seed43,dev,pava_q3_tau0p60,2,0,0.0,1
exp13:score_proj_l2h_lam0p20:seed43,dev,pava_q3_tau0p60,3,4,0.21052631578947367,1
exp13:score_proj_l2h_lam0p20:seed43,dev,pava_q3_tau0p60,4,2,0.10526315789473684,1
exp13:score_proj_l2h_lam0p20:seed43,dev,pava_q3_tau0p60,5,0,0.0,1
exp13:score_proj_l2h_lam0p20:seed43,dev,pava_q3_tau0p60,1,0,0.0,2
exp13:score_proj_l2h_lam0p20:seed43,dev,pava_q3_tau0p60,2,1,0.02631578947368421,2
exp13:score_proj_l2h_lam0p20:seed43,dev,pava_q3_tau0p60,3,11,0.2894736842105263,2
exp13:score_proj_l2h_lam0p20:seed43,dev,pava_q3_tau0p60,4,8,0.21052631578947367,2
exp13:score_proj_l2h_lam0p20:seed43,dev,pava_q3_tau0p60,5,18,0.47368421052631576,2
exp13:score_proj_l2h_lam0p20:seed43,dev,pava_q3_tau0p60,1,0,0.0,3
exp13:score_proj_l2h_lam0p20:seed43,dev,pava_q3_tau0p60,2,0,0.0,3
exp13:score_proj_l2h_lam0p20:seed43,dev,pava_q3_tau0p60,3,38,0.3619047619047619,3
exp13:score_proj_l2h_lam0p20:seed43,dev,pava_q3_tau0p60,4,42,0.4,3
exp13:score_proj_l2h_lam0p20:seed43,dev,pava_q3_tau0p60,5,25,0.23809523809523808,3
exp13:score_proj_l2h_lam0p20:seed43,dev,pava_q3_tau0p60,1,0,0.0,4
exp13:score_proj_l2h_lam0p20:seed43,dev,pava_q3_tau0p60,2,0,0.0,4
exp13:score_proj_l2h_lam0p20:seed43,dev,pava_q3_tau0p60,3,50,0.12853470437017994,4
exp13:score_proj_l2h_lam0p20:seed43,dev,pava_q3_tau0p60,4,225,0.5784061696658098,4
exp13:score_proj_l2h_lam0p20:seed43,dev,pava_q3_tau0p60,5,114,0.2930591259640103,4
exp13:score_proj_l2h_lam0p20:seed43,dev,pava_q3_tau0p60,1,0,0.0,5
exp13:score_proj_l2h_lam0p20:seed43,dev,pava_q3_tau0p60,2,1,0.0017985611510791368,5
exp13:score_proj_l2h_lam0p20:seed43,dev,pava_q3_tau0p60,3,7,0.012589928057553957,5
exp13:score_proj_l2h_lam0p20:seed43,dev,pava_q3_tau0p60,4,116,0.20863309352517986,5
exp13:score_proj_l2h_lam0p20:seed43,dev,pava_q3_tau0p60,5,432,0.7769784172661871,5
exp13:score_proj_l2h_lam0p20:seed43,test,pava_q3_tau0p60,1,9,0.008159564823209429,
exp13:score_proj_l2h_lam0p20:seed43,test,pava_q3_tau0p60,2,2,0.001813236627379873,
exp13:score_proj_l2h_lam0p20:seed43,test,pava_q3_tau0p60,3,107,0.09700815956482321,
exp13:score_proj_l2h_lam0p20:seed43,test,pava_q3_tau0p60,4,403,0.3653671804170444,
exp13:score_proj_l2h_lam0p20:seed43,test,pava_q3_tau0p60,5,582,0.527651858567543,
exp13:score_proj_l2h_lam0p20:seed43,test,pava_q3_tau0p60,1,8,0.8888888888888888,1
exp13:score_proj_l2h_lam0p20:seed43,test,pava_q3_tau0p60,2,0,0.0,1
exp13:score_proj_l2h_lam0p20:seed43,test,pava_q3_tau0p60,3,0,0.0,1
exp13:score_proj_l2h_lam0p20:seed43,test,pava_q3_tau0p60,4,0,0.0,1
exp13:score_proj_l2h_lam0p20:seed43,test,pava_q3_tau0p60,5,1,0.1111111111111111,1
exp13:score_proj_l2h_lam0p20:seed43,test,pava_q3_tau0p60,1,0,0.0,2
exp13:score_proj_l2h_lam0p20:seed43,test,pava_q3_tau0p60,2,0,0.0,2
exp13:score_proj_l2h_lam0p20:seed43,test,pava_q3_tau0p60,3,10,0.45454545454545453,2
exp13:score_proj_l2h_lam0p20:seed43,test,pava_q3_tau0p60,4,8,0.36363636363636365,2
exp13:score_proj_l2h_lam0p20:seed43,test,pava_q3_tau0p60,5,4,0.18181818181818182,2
exp13:score_proj_l2h_lam0p20:seed43,test,pava_q3_tau0p60,1,1,0.009523809523809525,3
exp13:score_proj_l2h_lam0p20:seed43,test,pava_q3_tau0p60,2,1,0.009523809523809525,3
exp13:score_proj_l2h_lam0p20:seed43,test,pava_q3_tau0p60,3,44,0.41904761904761906,3
exp13:score_proj_l2h_lam0p20:seed43,test,pava_q3_tau0p60,4,45,0.42857142857142855,3
exp13:score_proj_l2h_lam0p20:seed43,test,pava_q3_tau0p60,5,14,0.13333333333333333,3
exp13:score_proj_l2h_lam0p20:seed43,test,pava_q3_tau0p60,1,0,0.0,4
exp13:score_proj_l2h_lam0p20:seed43,test,pava_q3_tau0p60,2,0,0.0,4
exp13:score_proj_l2h_lam0p20:seed43,test,pava_q3_tau0p60,3,44,0.12535612535612536,4
exp13:score_proj_l2h_lam0p20:seed43,test,pava_q3_tau0p60,4,220,0.6267806267806267,4
exp13:score_proj_l2h_lam0p20:seed43,test,pava_q3_tau0p60,5,87,0.24786324786324787,4
exp13:score_proj_l2h_lam0p20:seed43,test,pava_q3_tau0p60,1,0,0.0,5
exp13:score_proj_l2h_lam0p20:seed43,test,pava_q3_tau0p60,2,1,0.0016233766233766235,5
exp13:score_proj_l2h_lam0p20:seed43,test,pava_q3_tau0p60,3,9,0.01461038961038961,5
exp13:score_proj_l2h_lam0p20:seed43,test,pava_q3_tau0p60,4,130,0.21103896103896103,5
exp13:score_proj_l2h_lam0p20:seed43,test,pava_q3_tau0p60,5,476,0.7727272727272727,5
exp13:score_proj_l2h_lam0p20:seed43,dev,pava_q3_tau0p65,1,13,0.011743450767841012,
exp13:score_proj_l2h_lam0p20:seed43,dev,pava_q3_tau0p65,2,2,0.0018066847335140017,
exp13:score_proj_l2h_lam0p20:seed43,dev,pava_q3_tau0p65,3,112,0.1011743450767841,
exp13:score_proj_l2h_lam0p20:seed43,dev,pava_q3_tau0p65,4,391,0.35320686540198737,
exp13:score_proj_l2h_lam0p20:seed43,dev,pava_q3_tau0p65,5,589,0.5320686540198736,
exp13:score_proj_l2h_lam0p20:seed43,dev,pava_q3_tau0p65,1,13,0.6842105263157895,1
exp13:score_proj_l2h_lam0p20:seed43,dev,pava_q3_tau0p65,2,0,0.0,1
exp13:score_proj_l2h_lam0p20:seed43,dev,pava_q3_tau0p65,3,4,0.21052631578947367,1
exp13:score_proj_l2h_lam0p20:seed43,dev,pava_q3_tau0p65,4,2,0.10526315789473684,1
exp13:score_proj_l2h_lam0p20:seed43,dev,pava_q3_tau0p65,5,0,0.0,1
exp13:score_proj_l2h_lam0p20:seed43,dev,pava_q3_tau0p65,1,0,0.0,2
exp13:score_proj_l2h_lam0p20:seed43,dev,pava_q3_tau0p65,2,1,0.02631578947368421,2
exp13:score_proj_l2h_lam0p20:seed43,dev,pava_q3_tau0p65,3,11,0.2894736842105263,2
exp13:score_proj_l2h_lam0p20:seed43,dev,pava_q3_tau0p65,4,8,0.21052631578947367,2
exp13:score_proj_l2h_lam0p20:seed43,dev,pava_q3_tau0p65,5,18,0.47368421052631576,2
exp13:score_proj_l2h_lam0p20:seed43,dev,pava_q3_tau0p65,1,0,0.0,3
exp13:score_proj_l2h_lam0p20:seed43,dev,pava_q3_tau0p65,2,0,0.0,3
exp13:score_proj_l2h_lam0p20:seed43,dev,pava_q3_tau0p65,3,38,0.3619047619047619,3
exp13:score_proj_l2h_lam0p20:seed43,dev,pava_q3_tau0p65,4,42,0.4,3
exp13:score_proj_l2h_lam0p20:seed43,dev,pava_q3_tau0p65,5,25,0.23809523809523808,3
exp13:score_proj_l2h_lam0p20:seed43,dev,pava_q3_tau0p65,1,0,0.0,4
exp13:score_proj_l2h_lam0p20:seed43,dev,pava_q3_tau0p65,2,0,0.0,4
exp13:score_proj_l2h_lam0p20:seed43,dev,pava_q3_tau0p65,3,52,0.13367609254498714,4
exp13:score_proj_l2h_lam0p20:seed43,dev,pava_q3_tau0p65,4,223,0.5732647814910026,4
exp13:score_proj_l2h_lam0p20:seed43,dev,pava_q3_tau0p65,5,114,0.2930591259640103,4
exp13:score_proj_l2h_lam0p20:seed43,dev,pava_q3_tau0p65,1,0,0.0,5
exp13:score_proj_l2h_lam0p20:seed43,dev,pava_q3_tau0p65,2,1,0.0017985611510791368,5
exp13:score_proj_l2h_lam0p20:seed43,dev,pava_q3_tau0p65,3,7,0.012589928057553957,5
exp13:score_proj_l2h_lam0p20:seed43,dev,pava_q3_tau0p65,4,116,0.20863309352517986,5
exp13:score_proj_l2h_lam0p20:seed43,dev,pava_q3_tau0p65,5,432,0.7769784172661871,5
exp13:score_proj_l2h_lam0p20:seed43,test,pava_q3_tau0p65,1,9,0.008159564823209429,
exp13:score_proj_l2h_lam0p20:seed43,test,pava_q3_tau0p65,2,2,0.001813236627379873,
exp13:score_proj_l2h_lam0p20:seed43,test,pava_q3_tau0p65,3,118,0.10698096101541252,
exp13:score_proj_l2h_lam0p20:seed43,test,pava_q3_tau0p65,4,392,0.35539437896645515,
exp13:score_proj_l2h_lam0p20:seed43,test,pava_q3_tau0p65,5,582,0.527651858567543,
exp13:score_proj_l2h_lam0p20:seed43,test,pava_q3_tau0p65,1,8,0.8888888888888888,1
exp13:score_proj_l2h_lam0p20:seed43,test,pava_q3_tau0p65,2,0,0.0,1
exp13:score_proj_l2h_lam0p20:seed43,test,pava_q3_tau0p65,3,0,0.0,1
exp13:score_proj_l2h_lam0p20:seed43,test,pava_q3_tau0p65,4,0,0.0,1
exp13:score_proj_l2h_lam0p20:seed43,test,pava_q3_tau0p65,5,1,0.1111111111111111,1
exp13:score_proj_l2h_lam0p20:seed43,test,pava_q3_tau0p65,1,0,0.0,2
exp13:score_proj_l2h_lam0p20:seed43,test,pava_q3_tau0p65,2,0,0.0,2
exp13:score_proj_l2h_lam0p20:seed43,test,pava_q3_tau0p65,3,11,0.5,2
exp13:score_proj_l2h_lam0p20:seed43,test,pava_q3_tau0p65,4,7,0.3181818181818182,2
exp13:score_proj_l2h_lam0p20:seed43,test,pava_q3_tau0p65,5,4,0.18181818181818182,2
exp13:score_proj_l2h_lam0p20:seed43,test,pava_q3_tau0p65,1,1,0.009523809523809525,3
exp13:score_proj_l2h_lam0p20:seed43,test,pava_q3_tau0p65,2,1,0.009523809523809525,3
exp13:score_proj_l2h_lam0p20:seed43,test,pava_q3_tau0p65,3,45,0.42857142857142855,3
exp13:score_proj_l2h_lam0p20:seed43,test,pava_q3_tau0p65,4,44,0.41904761904761906,3
exp13:score_proj_l2h_lam0p20:seed43,test,pava_q3_tau0p65,5,14,0.13333333333333333,3
exp13:score_proj_l2h_lam0p20:seed43,test,pava_q3_tau0p65,1,0,0.0,4
exp13:score_proj_l2h_lam0p20:seed43,test,pava_q3_tau0p65,2,0,0.0,4
exp13:score_proj_l2h_lam0p20:seed43,test,pava_q3_tau0p65,3,51,0.1452991452991453,4
exp13:score_proj_l2h_lam0p20:seed43,test,pava_q3_tau0p65,4,213,0.6068376068376068,4
exp13:score_proj_l2h_lam0p20:seed43,test,pava_q3_tau0p65,5,87,0.24786324786324787,4
exp13:score_proj_l2h_lam0p20:seed43,test,pava_q3_tau0p65,1,0,0.0,5
exp13:score_proj_l2h_lam0p20:seed43,test,pava_q3_tau0p65,2,1,0.0016233766233766235,5
exp13:score_proj_l2h_lam0p20:seed43,test,pava_q3_tau0p65,3,11,0.017857142857142856,5
exp13:score_proj_l2h_lam0p20:seed43,test,pava_q3_tau0p65,4,128,0.2077922077922078,5
exp13:score_proj_l2h_lam0p20:seed43,test,pava_q3_tau0p65,5,476,0.7727272727272727,5
exp13:score_proj_l2h_lam0p20:seed43,dev,pava_q3_tau0p70,1,13,0.011743450767841012,
exp13:score_proj_l2h_lam0p20:seed43,dev,pava_q3_tau0p70,2,2,0.0018066847335140017,
exp13:score_proj_l2h_lam0p20:seed43,dev,pava_q3_tau0p70,3,124,0.1120144534778681,
exp13:score_proj_l2h_lam0p20:seed43,dev,pava_q3_tau0p70,4,380,0.34327009936766034,
exp13:score_proj_l2h_lam0p20:seed43,dev,pava_q3_tau0p70,5,588,0.5311653116531165,
exp13:score_proj_l2h_lam0p20:seed43,dev,pava_q3_tau0p70,1,13,0.6842105263157895,1
exp13:score_proj_l2h_lam0p20:seed43,dev,pava_q3_tau0p70,2,0,0.0,1
exp13:score_proj_l2h_lam0p20:seed43,dev,pava_q3_tau0p70,3,4,0.21052631578947367,1
exp13:score_proj_l2h_lam0p20:seed43,dev,pava_q3_tau0p70,4,2,0.10526315789473684,1
exp13:score_proj_l2h_lam0p20:seed43,dev,pava_q3_tau0p70,5,0,0.0,1
exp13:score_proj_l2h_lam0p20:seed43,dev,pava_q3_tau0p70,1,0,0.0,2
exp13:score_proj_l2h_lam0p20:seed43,dev,pava_q3_tau0p70,2,1,0.02631578947368421,2
exp13:score_proj_l2h_lam0p20:seed43,dev,pava_q3_tau0p70,3,11,0.2894736842105263,2
exp13:score_proj_l2h_lam0p20:seed43,dev,pava_q3_tau0p70,4,8,0.21052631578947367,2
exp13:score_proj_l2h_lam0p20:seed43,dev,pava_q3_tau0p70,5,18,0.47368421052631576,2
exp13:score_proj_l2h_lam0p20:seed43,dev,pava_q3_tau0p70,1,0,0.0,3
exp13:score_proj_l2h_lam0p20:seed43,dev,pava_q3_tau0p70,2,0,0.0,3
exp13:score_proj_l2h_lam0p20:seed43,dev,pava_q3_tau0p70,3,42,0.4,3
exp13:score_proj_l2h_lam0p20:seed43,dev,pava_q3_tau0p70,4,38,0.3619047619047619,3
exp13:score_proj_l2h_lam0p20:seed43,dev,pava_q3_tau0p70,5,25,0.23809523809523808,3
exp13:score_proj_l2h_lam0p20:seed43,dev,pava_q3_tau0p70,1,0,0.0,4
exp13:score_proj_l2h_lam0p20:seed43,dev,pava_q3_tau0p70,2,0,0.0,4
exp13:score_proj_l2h_lam0p20:seed43,dev,pava_q3_tau0p70,3,56,0.14395886889460155,4
exp13:score_proj_l2h_lam0p20:seed43,dev,pava_q3_tau0p70,4,219,0.5629820051413882,4
exp13:score_proj_l2h_lam0p20:seed43,dev,pava_q3_tau0p70,5,114,0.2930591259640103,4
exp13:score_proj_l2h_lam0p20:seed43,dev,pava_q3_tau0p70,1,0,0.0,5
exp13:score_proj_l2h_lam0p20:seed43,dev,pava_q3_tau0p70,2,1,0.0017985611510791368,5
exp13:score_proj_l2h_lam0p20:seed43,dev,pava_q3_tau0p70,3,11,0.019784172661870502,5
exp13:score_proj_l2h_lam0p20:seed43,dev,pava_q3_tau0p70,4,113,0.20323741007194246,5
exp13:score_proj_l2h_lam0p20:seed43,dev,pava_q3_tau0p70,5,431,0.7751798561151079,5
exp13:score_proj_l2h_lam0p20:seed43,test,pava_q3_tau0p70,1,9,0.008159564823209429,
exp13:score_proj_l2h_lam0p20:seed43,test,pava_q3_tau0p70,2,2,0.001813236627379873,
exp13:score_proj_l2h_lam0p20:seed43,test,pava_q3_tau0p70,3,127,0.11514052583862194,
exp13:score_proj_l2h_lam0p20:seed43,test,pava_q3_tau0p70,4,383,0.3472348141432457,
exp13:score_proj_l2h_lam0p20:seed43,test,pava_q3_tau0p70,5,582,0.527651858567543,
exp13:score_proj_l2h_lam0p20:seed43,test,pava_q3_tau0p70,1,8,0.8888888888888888,1
exp13:score_proj_l2h_lam0p20:seed43,test,pava_q3_tau0p70,2,0,0.0,1
exp13:score_proj_l2h_lam0p20:seed43,test,pava_q3_tau0p70,3,0,0.0,1
exp13:score_proj_l2h_lam0p20:seed43,test,pava_q3_tau0p70,4,0,0.0,1
exp13:score_proj_l2h_lam0p20:seed43,test,pava_q3_tau0p70,5,1,0.1111111111111111,1
exp13:score_proj_l2h_lam0p20:seed43,test,pava_q3_tau0p70,1,0,0.0,2
exp13:score_proj_l2h_lam0p20:seed43,test,pava_q3_tau0p70,2,0,0.0,2
exp13:score_proj_l2h_lam0p20:seed43,test,pava_q3_tau0p70,3,11,0.5,2
exp13:score_proj_l2h_lam0p20:seed43,test,pava_q3_tau0p70,4,7,0.3181818181818182,2
exp13:score_proj_l2h_lam0p20:seed43,test,pava_q3_tau0p70,5,4,0.18181818181818182,2
exp13:score_proj_l2h_lam0p20:seed43,test,pava_q3_tau0p70,1,1,0.009523809523809525,3
exp13:score_proj_l2h_lam0p20:seed43,test,pava_q3_tau0p70,2,1,0.009523809523809525,3
exp13:score_proj_l2h_lam0p20:seed43,test,pava_q3_tau0p70,3,47,0.44761904761904764,3
exp13:score_proj_l2h_lam0p20:seed43,test,pava_q3_tau0p70,4,42,0.4,3
exp13:score_proj_l2h_lam0p20:seed43,test,pava_q3_tau0p70,5,14,0.13333333333333333,3
exp13:score_proj_l2h_lam0p20:seed43,test,pava_q3_tau0p70,1,0,0.0,4
exp13:score_proj_l2h_lam0p20:seed43,test,pava_q3_tau0p70,2,0,0.0,4
exp13:score_proj_l2h_lam0p20:seed43,test,pava_q3_tau0p70,3,55,0.15669515669515668,4
exp13:score_proj_l2h_lam0p20:seed43,test,pava_q3_tau0p70,4,209,0.5954415954415955,4
exp13:score_proj_l2h_lam0p20:seed43,test,pava_q3_tau0p70,5,87,0.24786324786324787,4
exp13:score_proj_l2h_lam0p20:seed43,test,pava_q3_tau0p70,1,0,0.0,5
exp13:score_proj_l2h_lam0p20:seed43,test,pava_q3_tau0p70,2,1,0.0016233766233766235,5
exp13:score_proj_l2h_lam0p20:seed43,test,pava_q3_tau0p70,3,14,0.022727272727272728,5
exp13:score_proj_l2h_lam0p20:seed43,test,pava_q3_tau0p70,4,125,0.20292207792207792,5
exp13:score_proj_l2h_lam0p20:seed43,test,pava_q3_tau0p70,5,476,0.7727272727272727,5
exp13:score_proj_l2h_lam0p20:seed43,dev,pava_q3_tau0p75,1,13,0.011743450767841012,
exp13:score_proj_l2h_lam0p20:seed43,dev,pava_q3_tau0p75,2,2,0.0018066847335140017,
exp13:score_proj_l2h_lam0p20:seed43,dev,pava_q3_tau0p75,3,134,0.12104787714543812,
exp13:score_proj_l2h_lam0p20:seed43,dev,pava_q3_tau0p75,4,370,0.33423667570009036,
exp13:score_proj_l2h_lam0p20:seed43,dev,pava_q3_tau0p75,5,588,0.5311653116531165,
exp13:score_proj_l2h_lam0p20:seed43,dev,pava_q3_tau0p75,1,13,0.6842105263157895,1
exp13:score_proj_l2h_lam0p20:seed43,dev,pava_q3_tau0p75,2,0,0.0,1
exp13:score_proj_l2h_lam0p20:seed43,dev,pava_q3_tau0p75,3,4,0.21052631578947367,1
exp13:score_proj_l2h_lam0p20:seed43,dev,pava_q3_tau0p75,4,2,0.10526315789473684,1
exp13:score_proj_l2h_lam0p20:seed43,dev,pava_q3_tau0p75,5,0,0.0,1
exp13:score_proj_l2h_lam0p20:seed43,dev,pava_q3_tau0p75,1,0,0.0,2
exp13:score_proj_l2h_lam0p20:seed43,dev,pava_q3_tau0p75,2,1,0.02631578947368421,2
exp13:score_proj_l2h_lam0p20:seed43,dev,pava_q3_tau0p75,3,11,0.2894736842105263,2
exp13:score_proj_l2h_lam0p20:seed43,dev,pava_q3_tau0p75,4,8,0.21052631578947367,2
exp13:score_proj_l2h_lam0p20:seed43,dev,pava_q3_tau0p75,5,18,0.47368421052631576,2
exp13:score_proj_l2h_lam0p20:seed43,dev,pava_q3_tau0p75,1,0,0.0,3
exp13:score_proj_l2h_lam0p20:seed43,dev,pava_q3_tau0p75,2,0,0.0,3
exp13:score_proj_l2h_lam0p20:seed43,dev,pava_q3_tau0p75,3,42,0.4,3
exp13:score_proj_l2h_lam0p20:seed43,dev,pava_q3_tau0p75,4,38,0.3619047619047619,3
exp13:score_proj_l2h_lam0p20:seed43,dev,pava_q3_tau0p75,5,25,0.23809523809523808,3
exp13:score_proj_l2h_lam0p20:seed43,dev,pava_q3_tau0p75,1,0,0.0,4
exp13:score_proj_l2h_lam0p20:seed43,dev,pava_q3_tau0p75,2,0,0.0,4
exp13:score_proj_l2h_lam0p20:seed43,dev,pava_q3_tau0p75,3,62,0.15938303341902313,4
exp13:score_proj_l2h_lam0p20:seed43,dev,pava_q3_tau0p75,4,213,0.5475578406169666,4
exp13:score_proj_l2h_lam0p20:seed43,dev,pava_q3_tau0p75,5,114,0.2930591259640103,4
exp13:score_proj_l2h_lam0p20:seed43,dev,pava_q3_tau0p75,1,0,0.0,5
exp13:score_proj_l2h_lam0p20:seed43,dev,pava_q3_tau0p75,2,1,0.0017985611510791368,5
exp13:score_proj_l2h_lam0p20:seed43,dev,pava_q3_tau0p75,3,15,0.02697841726618705,5
exp13:score_proj_l2h_lam0p20:seed43,dev,pava_q3_tau0p75,4,109,0.1960431654676259,5
exp13:score_proj_l2h_lam0p20:seed43,dev,pava_q3_tau0p75,5,431,0.7751798561151079,5
exp13:score_proj_l2h_lam0p20:seed43,test,pava_q3_tau0p75,1,9,0.008159564823209429,
exp13:score_proj_l2h_lam0p20:seed43,test,pava_q3_tau0p75,2,2,0.001813236627379873,
exp13:score_proj_l2h_lam0p20:seed43,test,pava_q3_tau0p75,3,140,0.12692656391659113,
exp13:score_proj_l2h_lam0p20:seed43,test,pava_q3_tau0p75,4,371,0.33635539437896644,
exp13:score_proj_l2h_lam0p20:seed43,test,pava_q3_tau0p75,5,581,0.5267452402538532,
exp13:score_proj_l2h_lam0p20:seed43,test,pava_q3_tau0p75,1,8,0.8888888888888888,1
exp13:score_proj_l2h_lam0p20:seed43,test,pava_q3_tau0p75,2,0,0.0,1
exp13:score_proj_l2h_lam0p20:seed43,test,pava_q3_tau0p75,3,0,0.0,1
exp13:score_proj_l2h_lam0p20:seed43,test,pava_q3_tau0p75,4,0,0.0,1
exp13:score_proj_l2h_lam0p20:seed43,test,pava_q3_tau0p75,5,1,0.1111111111111111,1
exp13:score_proj_l2h_lam0p20:seed43,test,pava_q3_tau0p75,1,0,0.0,2
exp13:score_proj_l2h_lam0p20:seed43,test,pava_q3_tau0p75,2,0,0.0,2
exp13:score_proj_l2h_lam0p20:seed43,test,pava_q3_tau0p75,3,11,0.5,2
exp13:score_proj_l2h_lam0p20:seed43,test,pava_q3_tau0p75,4,7,0.3181818181818182,2
exp13:score_proj_l2h_lam0p20:seed43,test,pava_q3_tau0p75,5,4,0.18181818181818182,2
exp13:score_proj_l2h_lam0p20:seed43,test,pava_q3_tau0p75,1,1,0.009523809523809525,3
exp13:score_proj_l2h_lam0p20:seed43,test,pava_q3_tau0p75,2,1,0.009523809523809525,3
exp13:score_proj_l2h_lam0p20:seed43,test,pava_q3_tau0p75,3,51,0.4857142857142857,3
exp13:score_proj_l2h_lam0p20:seed43,test,pava_q3_tau0p75,4,38,0.3619047619047619,3
exp13:score_proj_l2h_lam0p20:seed43,test,pava_q3_tau0p75,5,14,0.13333333333333333,3
exp13:score_proj_l2h_lam0p20:seed43,test,pava_q3_tau0p75,1,0,0.0,4
exp13:score_proj_l2h_lam0p20:seed43,test,pava_q3_tau0p75,2,0,0.0,4
exp13:score_proj_l2h_lam0p20:seed43,test,pava_q3_tau0p75,3,61,0.1737891737891738,4
exp13:score_proj_l2h_lam0p20:seed43,test,pava_q3_tau0p75,4,203,0.5783475783475783,4
exp13:score_proj_l2h_lam0p20:seed43,test,pava_q3_tau0p75,5,87,0.24786324786324787,4
exp13:score_proj_l2h_lam0p20:seed43,test,pava_q3_tau0p75,1,0,0.0,5
exp13:score_proj_l2h_lam0p20:seed43,test,pava_q3_tau0p75,2,1,0.0016233766233766235,5
exp13:score_proj_l2h_lam0p20:seed43,test,pava_q3_tau0p75,3,17,0.027597402597402596,5
exp13:score_proj_l2h_lam0p20:seed43,test,pava_q3_tau0p75,4,123,0.19967532467532467,5
exp13:score_proj_l2h_lam0p20:seed43,test,pava_q3_tau0p75,5,475,0.7711038961038961,5
exp13:score_proj_l2h_lam0p20:seed43,dev,pava_q3_tau0p80,1,13,0.011743450767841012,
exp13:score_proj_l2h_lam0p20:seed43,dev,pava_q3_tau0p80,2,2,0.0018066847335140017,
exp13:score_proj_l2h_lam0p20:seed43,dev,pava_q3_tau0p80,3,147,0.13279132791327913,
exp13:score_proj_l2h_lam0p20:seed43,dev,pava_q3_tau0p80,4,357,0.3224932249322493,
exp13:score_proj_l2h_lam0p20:seed43,dev,pava_q3_tau0p80,5,588,0.5311653116531165,
exp13:score_proj_l2h_lam0p20:seed43,dev,pava_q3_tau0p80,1,13,0.6842105263157895,1
exp13:score_proj_l2h_lam0p20:seed43,dev,pava_q3_tau0p80,2,0,0.0,1
exp13:score_proj_l2h_lam0p20:seed43,dev,pava_q3_tau0p80,3,4,0.21052631578947367,1
exp13:score_proj_l2h_lam0p20:seed43,dev,pava_q3_tau0p80,4,2,0.10526315789473684,1
exp13:score_proj_l2h_lam0p20:seed43,dev,pava_q3_tau0p80,5,0,0.0,1
exp13:score_proj_l2h_lam0p20:seed43,dev,pava_q3_tau0p80,1,0,0.0,2
exp13:score_proj_l2h_lam0p20:seed43,dev,pava_q3_tau0p80,2,1,0.02631578947368421,2
exp13:score_proj_l2h_lam0p20:seed43,dev,pava_q3_tau0p80,3,11,0.2894736842105263,2
exp13:score_proj_l2h_lam0p20:seed43,dev,pava_q3_tau0p80,4,8,0.21052631578947367,2
exp13:score_proj_l2h_lam0p20:seed43,dev,pava_q3_tau0p80,5,18,0.47368421052631576,2
exp13:score_proj_l2h_lam0p20:seed43,dev,pava_q3_tau0p80,1,0,0.0,3
exp13:score_proj_l2h_lam0p20:seed43,dev,pava_q3_tau0p80,2,0,0.0,3
exp13:score_proj_l2h_lam0p20:seed43,dev,pava_q3_tau0p80,3,46,0.4380952380952381,3
exp13:score_proj_l2h_lam0p20:seed43,dev,pava_q3_tau0p80,4,34,0.3238095238095238,3
exp13:score_proj_l2h_lam0p20:seed43,dev,pava_q3_tau0p80,5,25,0.23809523809523808,3
exp13:score_proj_l2h_lam0p20:seed43,dev,pava_q3_tau0p80,1,0,0.0,4
exp13:score_proj_l2h_lam0p20:seed43,dev,pava_q3_tau0p80,2,0,0.0,4
exp13:score_proj_l2h_lam0p20:seed43,dev,pava_q3_tau0p80,3,69,0.17737789203084833,4
exp13:score_proj_l2h_lam0p20:seed43,dev,pava_q3_tau0p80,4,206,0.5295629820051414,4
exp13:score_proj_l2h_lam0p20:seed43,dev,pava_q3_tau0p80,5,114,0.2930591259640103,4
exp13:score_proj_l2h_lam0p20:seed43,dev,pava_q3_tau0p80,1,0,0.0,5
exp13:score_proj_l2h_lam0p20:seed43,dev,pava_q3_tau0p80,2,1,0.0017985611510791368,5
exp13:score_proj_l2h_lam0p20:seed43,dev,pava_q3_tau0p80,3,17,0.030575539568345324,5
exp13:score_proj_l2h_lam0p20:seed43,dev,pava_q3_tau0p80,4,107,0.19244604316546762,5
exp13:score_proj_l2h_lam0p20:seed43,dev,pava_q3_tau0p80,5,431,0.7751798561151079,5
exp13:score_proj_l2h_lam0p20:seed43,test,pava_q3_tau0p80,1,9,0.008159564823209429,
exp13:score_proj_l2h_lam0p20:seed43,test,pava_q3_tau0p80,2,2,0.001813236627379873,
exp13:score_proj_l2h_lam0p20:seed43,test,pava_q3_tau0p80,3,156,0.1414324569356301,
exp13:score_proj_l2h_lam0p20:seed43,test,pava_q3_tau0p80,4,356,0.3227561196736174,
exp13:score_proj_l2h_lam0p20:seed43,test,pava_q3_tau0p80,5,580,0.5258386219401632,
exp13:score_proj_l2h_lam0p20:seed43,test,pava_q3_tau0p80,1,8,0.8888888888888888,1
exp13:score_proj_l2h_lam0p20:seed43,test,pava_q3_tau0p80,2,0,0.0,1
exp13:score_proj_l2h_lam0p20:seed43,test,pava_q3_tau0p80,3,0,0.0,1
exp13:score_proj_l2h_lam0p20:seed43,test,pava_q3_tau0p80,4,0,0.0,1
exp13:score_proj_l2h_lam0p20:seed43,test,pava_q3_tau0p80,5,1,0.1111111111111111,1
exp13:score_proj_l2h_lam0p20:seed43,test,pava_q3_tau0p80,1,0,0.0,2
exp13:score_proj_l2h_lam0p20:seed43,test,pava_q3_tau0p80,2,0,0.0,2
exp13:score_proj_l2h_lam0p20:seed43,test,pava_q3_tau0p80,3,12,0.5454545454545454,2
exp13:score_proj_l2h_lam0p20:seed43,test,pava_q3_tau0p80,4,6,0.2727272727272727,2
exp13:score_proj_l2h_lam0p20:seed43,test,pava_q3_tau0p80,5,4,0.18181818181818182,2
exp13:score_proj_l2h_lam0p20:seed43,test,pava_q3_tau0p80,1,1,0.009523809523809525,3
exp13:score_proj_l2h_lam0p20:seed43,test,pava_q3_tau0p80,2,1,0.009523809523809525,3
exp13:score_proj_l2h_lam0p20:seed43,test,pava_q3_tau0p80,3,53,0.5047619047619047,3
exp13:score_proj_l2h_lam0p20:seed43,test,pava_q3_tau0p80,4,36,0.34285714285714286,3
exp13:score_proj_l2h_lam0p20:seed43,test,pava_q3_tau0p80,5,14,0.13333333333333333,3
exp13:score_proj_l2h_lam0p20:seed43,test,pava_q3_tau0p80,1,0,0.0,4
exp13:score_proj_l2h_lam0p20:seed43,test,pava_q3_tau0p80,2,0,0.0,4
exp13:score_proj_l2h_lam0p20:seed43,test,pava_q3_tau0p80,3,70,0.19943019943019943,4
exp13:score_proj_l2h_lam0p20:seed43,test,pava_q3_tau0p80,4,194,0.5527065527065527,4
exp13:score_proj_l2h_lam0p20:seed43,test,pava_q3_tau0p80,5,87,0.24786324786324787,4
exp13:score_proj_l2h_lam0p20:seed43,test,pava_q3_tau0p80,1,0,0.0,5
exp13:score_proj_l2h_lam0p20:seed43,test,pava_q3_tau0p80,2,1,0.0016233766233766235,5
exp13:score_proj_l2h_lam0p20:seed43,test,pava_q3_tau0p80,3,21,0.03409090909090909,5
exp13:score_proj_l2h_lam0p20:seed43,test,pava_q3_tau0p80,4,120,0.19480519480519481,5
exp13:score_proj_l2h_lam0p20:seed43,test,pava_q3_tau0p80,5,474,0.7694805194805194,5
exp13:score_proj_l2h_lam0p20:seed43,dev,pava_q3_tau0p85,1,13,0.011743450767841012,
exp13:score_proj_l2h_lam0p20:seed43,dev,pava_q3_tau0p85,2,2,0.0018066847335140017,
exp13:score_proj_l2h_lam0p20:seed43,dev,pava_q3_tau0p85,3,165,0.14905149051490515,
exp13:score_proj_l2h_lam0p20:seed43,dev,pava_q3_tau0p85,4,339,0.3062330623306233,
exp13:score_proj_l2h_lam0p20:seed43,dev,pava_q3_tau0p85,5,588,0.5311653116531165,
exp13:score_proj_l2h_lam0p20:seed43,dev,pava_q3_tau0p85,1,13,0.6842105263157895,1
exp13:score_proj_l2h_lam0p20:seed43,dev,pava_q3_tau0p85,2,0,0.0,1
exp13:score_proj_l2h_lam0p20:seed43,dev,pava_q3_tau0p85,3,4,0.21052631578947367,1
exp13:score_proj_l2h_lam0p20:seed43,dev,pava_q3_tau0p85,4,2,0.10526315789473684,1
exp13:score_proj_l2h_lam0p20:seed43,dev,pava_q3_tau0p85,5,0,0.0,1
exp13:score_proj_l2h_lam0p20:seed43,dev,pava_q3_tau0p85,1,0,0.0,2
exp13:score_proj_l2h_lam0p20:seed43,dev,pava_q3_tau0p85,2,1,0.02631578947368421,2
exp13:score_proj_l2h_lam0p20:seed43,dev,pava_q3_tau0p85,3,11,0.2894736842105263,2
exp13:score_proj_l2h_lam0p20:seed43,dev,pava_q3_tau0p85,4,8,0.21052631578947367,2
exp13:score_proj_l2h_lam0p20:seed43,dev,pava_q3_tau0p85,5,18,0.47368421052631576,2
exp13:score_proj_l2h_lam0p20:seed43,dev,pava_q3_tau0p85,1,0,0.0,3
exp13:score_proj_l2h_lam0p20:seed43,dev,pava_q3_tau0p85,2,0,0.0,3
exp13:score_proj_l2h_lam0p20:seed43,dev,pava_q3_tau0p85,3,50,0.47619047619047616,3
exp13:score_proj_l2h_lam0p20:seed43,dev,pava_q3_tau0p85,4,30,0.2857142857142857,3
exp13:score_proj_l2h_lam0p20:seed43,dev,pava_q3_tau0p85,5,25,0.23809523809523808,3
exp13:score_proj_l2h_lam0p20:seed43,dev,pava_q3_tau0p85,1,0,0.0,4
exp13:score_proj_l2h_lam0p20:seed43,dev,pava_q3_tau0p85,2,0,0.0,4
exp13:score_proj_l2h_lam0p20:seed43,dev,pava_q3_tau0p85,3,79,0.20308483290488433,4
exp13:score_proj_l2h_lam0p20:seed43,dev,pava_q3_tau0p85,4,196,0.5038560411311054,4
exp13:score_proj_l2h_lam0p20:seed43,dev,pava_q3_tau0p85,5,114,0.2930591259640103,4
exp13:score_proj_l2h_lam0p20:seed43,dev,pava_q3_tau0p85,1,0,0.0,5
exp13:score_proj_l2h_lam0p20:seed43,dev,pava_q3_tau0p85,2,1,0.0017985611510791368,5
exp13:score_proj_l2h_lam0p20:seed43,dev,pava_q3_tau0p85,3,21,0.03776978417266187,5
exp13:score_proj_l2h_lam0p20:seed43,dev,pava_q3_tau0p85,4,103,0.18525179856115107,5
exp13:score_proj_l2h_lam0p20:seed43,dev,pava_q3_tau0p85,5,431,0.7751798561151079,5
exp13:score_proj_l2h_lam0p20:seed43,test,pava_q3_tau0p85,1,9,0.008159564823209429,
exp13:score_proj_l2h_lam0p20:seed43,test,pava_q3_tau0p85,2,2,0.001813236627379873,
exp13:score_proj_l2h_lam0p20:seed43,test,pava_q3_tau0p85,3,180,0.1631912964641886,
exp13:score_proj_l2h_lam0p20:seed43,test,pava_q3_tau0p85,4,334,0.3028105167724388,
exp13:score_proj_l2h_lam0p20:seed43,test,pava_q3_tau0p85,5,578,0.5240253853127833,
exp13:score_proj_l2h_lam0p20:seed43,test,pava_q3_tau0p85,1,8,0.8888888888888888,1
exp13:score_proj_l2h_lam0p20:seed43,test,pava_q3_tau0p85,2,0,0.0,1
exp13:score_proj_l2h_lam0p20:seed43,test,pava_q3_tau0p85,3,0,0.0,1
exp13:score_proj_l2h_lam0p20:seed43,test,pava_q3_tau0p85,4,0,0.0,1
exp13:score_proj_l2h_lam0p20:seed43,test,pava_q3_tau0p85,5,1,0.1111111111111111,1
exp13:score_proj_l2h_lam0p20:seed43,test,pava_q3_tau0p85,1,0,0.0,2
exp13:score_proj_l2h_lam0p20:seed43,test,pava_q3_tau0p85,2,0,0.0,2
exp13:score_proj_l2h_lam0p20:seed43,test,pava_q3_tau0p85,3,13,0.5909090909090909,2
exp13:score_proj_l2h_lam0p20:seed43,test,pava_q3_tau0p85,4,5,0.22727272727272727,2
exp13:score_proj_l2h_lam0p20:seed43,test,pava_q3_tau0p85,5,4,0.18181818181818182,2
exp13:score_proj_l2h_lam0p20:seed43,test,pava_q3_tau0p85,1,1,0.009523809523809525,3
exp13:score_proj_l2h_lam0p20:seed43,test,pava_q3_tau0p85,2,1,0.009523809523809525,3
exp13:score_proj_l2h_lam0p20:seed43,test,pava_q3_tau0p85,3,54,0.5142857142857142,3
exp13:score_proj_l2h_lam0p20:seed43,test,pava_q3_tau0p85,4,35,0.3333333333333333,3
exp13:score_proj_l2h_lam0p20:seed43,test,pava_q3_tau0p85,5,14,0.13333333333333333,3
exp13:score_proj_l2h_lam0p20:seed43,test,pava_q3_tau0p85,1,0,0.0,4
exp13:score_proj_l2h_lam0p20:seed43,test,pava_q3_tau0p85,2,0,0.0,4
exp13:score_proj_l2h_lam0p20:seed43,test,pava_q3_tau0p85,3,86,0.245014245014245,4
exp13:score_proj_l2h_lam0p20:seed43,test,pava_q3_tau0p85,4,180,0.5128205128205128,4
exp13:score_proj_l2h_lam0p20:seed43,test,pava_q3_tau0p85,5,85,0.24216524216524216,4
exp13:score_proj_l2h_lam0p20:seed43,test,pava_q3_tau0p85,1,0,0.0,5
exp13:score_proj_l2h_lam0p20:seed43,test,pava_q3_tau0p85,2,1,0.0016233766233766235,5
exp13:score_proj_l2h_lam0p20:seed43,test,pava_q3_tau0p85,3,27,0.04383116883116883,5
exp13:score_proj_l2h_lam0p20:seed43,test,pava_q3_tau0p85,4,114,0.18506493506493507,5
exp13:score_proj_l2h_lam0p20:seed43,test,pava_q3_tau0p85,5,474,0.7694805194805194,5
exp13:score_proj_l2h_lam0p20:seed43,dev,pava_q3_tau0p90,1,13,0.011743450767841012,
exp13:score_proj_l2h_lam0p20:seed43,dev,pava_q3_tau0p90,2,2,0.0018066847335140017,
exp13:score_proj_l2h_lam0p20:seed43,dev,pava_q3_tau0p90,3,193,0.17434507678410116,
exp13:score_proj_l2h_lam0p20:seed43,dev,pava_q3_tau0p90,4,314,0.2836495031616983,
exp13:score_proj_l2h_lam0p20:seed43,dev,pava_q3_tau0p90,5,585,0.5284552845528455,
exp13:score_proj_l2h_lam0p20:seed43,dev,pava_q3_tau0p90,1,13,0.6842105263157895,1
exp13:score_proj_l2h_lam0p20:seed43,dev,pava_q3_tau0p90,2,0,0.0,1
exp13:score_proj_l2h_lam0p20:seed43,dev,pava_q3_tau0p90,3,4,0.21052631578947367,1
exp13:score_proj_l2h_lam0p20:seed43,dev,pava_q3_tau0p90,4,2,0.10526315789473684,1
exp13:score_proj_l2h_lam0p20:seed43,dev,pava_q3_tau0p90,5,0,0.0,1
exp13:score_proj_l2h_lam0p20:seed43,dev,pava_q3_tau0p90,1,0,0.0,2
exp13:score_proj_l2h_lam0p20:seed43,dev,pava_q3_tau0p90,2,1,0.02631578947368421,2
exp13:score_proj_l2h_lam0p20:seed43,dev,pava_q3_tau0p90,3,15,0.39473684210526316,2
exp13:score_proj_l2h_lam0p20:seed43,dev,pava_q3_tau0p90,4,5,0.13157894736842105,2
exp13:score_proj_l2h_lam0p20:seed43,dev,pava_q3_tau0p90,5,17,0.4473684210526316,2
exp13:score_proj_l2h_lam0p20:seed43,dev,pava_q3_tau0p90,1,0,0.0,3
exp13:score_proj_l2h_lam0p20:seed43,dev,pava_q3_tau0p90,2,0,0.0,3
exp13:score_proj_l2h_lam0p20:seed43,dev,pava_q3_tau0p90,3,55,0.5238095238095238,3
exp13:score_proj_l2h_lam0p20:seed43,dev,pava_q3_tau0p90,4,25,0.23809523809523808,3
exp13:score_proj_l2h_lam0p20:seed43,dev,pava_q3_tau0p90,5,25,0.23809523809523808,3
exp13:score_proj_l2h_lam0p20:seed43,dev,pava_q3_tau0p90,1,0,0.0,4
exp13:score_proj_l2h_lam0p20:seed43,dev,pava_q3_tau0p90,2,0,0.0,4
exp13:score_proj_l2h_lam0p20:seed43,dev,pava_q3_tau0p90,3,94,0.2416452442159383,4
exp13:score_proj_l2h_lam0p20:seed43,dev,pava_q3_tau0p90,4,182,0.46786632390745503,4
exp13:score_proj_l2h_lam0p20:seed43,dev,pava_q3_tau0p90,5,113,0.29048843187660667,4
exp13:score_proj_l2h_lam0p20:seed43,dev,pava_q3_tau0p90,1,0,0.0,5
exp13:score_proj_l2h_lam0p20:seed43,dev,pava_q3_tau0p90,2,1,0.0017985611510791368,5
exp13:score_proj_l2h_lam0p20:seed43,dev,pava_q3_tau0p90,3,25,0.044964028776978415,5
exp13:score_proj_l2h_lam0p20:seed43,dev,pava_q3_tau0p90,4,100,0.17985611510791366,5
exp13:score_proj_l2h_lam0p20:seed43,dev,pava_q3_tau0p90,5,430,0.7733812949640287,5
exp13:score_proj_l2h_lam0p20:seed43,test,pava_q3_tau0p90,1,9,0.008159564823209429,
exp13:score_proj_l2h_lam0p20:seed43,test,pava_q3_tau0p90,2,2,0.001813236627379873,
exp13:score_proj_l2h_lam0p20:seed43,test,pava_q3_tau0p90,3,218,0.19764279238440616,
exp13:score_proj_l2h_lam0p20:seed43,test,pava_q3_tau0p90,4,302,0.27379873073436084,
exp13:score_proj_l2h_lam0p20:seed43,test,pava_q3_tau0p90,5,572,0.5185856754306437,
exp13:score_proj_l2h_lam0p20:seed43,test,pava_q3_tau0p90,1,8,0.8888888888888888,1
exp13:score_proj_l2h_lam0p20:seed43,test,pava_q3_tau0p90,2,0,0.0,1
exp13:score_proj_l2h_lam0p20:seed43,test,pava_q3_tau0p90,3,0,0.0,1
exp13:score_proj_l2h_lam0p20:seed43,test,pava_q3_tau0p90,4,0,0.0,1
exp13:score_proj_l2h_lam0p20:seed43,test,pava_q3_tau0p90,5,1,0.1111111111111111,1
exp13:score_proj_l2h_lam0p20:seed43,test,pava_q3_tau0p90,1,0,0.0,2
exp13:score_proj_l2h_lam0p20:seed43,test,pava_q3_tau0p90,2,0,0.0,2
exp13:score_proj_l2h_lam0p20:seed43,test,pava_q3_tau0p90,3,13,0.5909090909090909,2
exp13:score_proj_l2h_lam0p20:seed43,test,pava_q3_tau0p90,4,5,0.22727272727272727,2
exp13:score_proj_l2h_lam0p20:seed43,test,pava_q3_tau0p90,5,4,0.18181818181818182,2
exp13:score_proj_l2h_lam0p20:seed43,test,pava_q3_tau0p90,1,1,0.009523809523809525,3
exp13:score_proj_l2h_lam0p20:seed43,test,pava_q3_tau0p90,2,1,0.009523809523809525,3
exp13:score_proj_l2h_lam0p20:seed43,test,pava_q3_tau0p90,3,62,0.5904761904761905,3
exp13:score_proj_l2h_lam0p20:seed43,test,pava_q3_tau0p90,4,27,0.2571428571428571,3
exp13:score_proj_l2h_lam0p20:seed43,test,pava_q3_tau0p90,5,14,0.13333333333333333,3
exp13:score_proj_l2h_lam0p20:seed43,test,pava_q3_tau0p90,1,0,0.0,4
exp13:score_proj_l2h_lam0p20:seed43,test,pava_q3_tau0p90,2,0,0.0,4
exp13:score_proj_l2h_lam0p20:seed43,test,pava_q3_tau0p90,3,105,0.29914529914529914,4
exp13:score_proj_l2h_lam0p20:seed43,test,pava_q3_tau0p90,4,163,0.46438746438746437,4
exp13:score_proj_l2h_lam0p20:seed43,test,pava_q3_tau0p90,5,83,0.23646723646723647,4
exp13:score_proj_l2h_lam0p20:seed43,test,pava_q3_tau0p90,1,0,0.0,5
exp13:score_proj_l2h_lam0p20:seed43,test,pava_q3_tau0p90,2,1,0.0016233766233766235,5
exp13:score_proj_l2h_lam0p20:seed43,test,pava_q3_tau0p90,3,38,0.06168831168831169,5
exp13:score_proj_l2h_lam0p20:seed43,test,pava_q3_tau0p90,4,107,0.1737012987012987,5
exp13:score_proj_l2h_lam0p20:seed43,test,pava_q3_tau0p90,5,470,0.762987012987013,5
exp13:score_proj_l2h_lam0p20:seed43,dev,pava_q3_tau0p95,1,13,0.011743450767841012,
exp13:score_proj_l2h_lam0p20:seed43,dev,pava_q3_tau0p95,2,2,0.0018066847335140017,
exp13:score_proj_l2h_lam0p20:seed43,dev,pava_q3_tau0p95,3,238,0.21499548328816623,
exp13:score_proj_l2h_lam0p20:seed43,dev,pava_q3_tau0p95,4,275,0.24841915085817526,
exp13:score_proj_l2h_lam0p20:seed43,dev,pava_q3_tau0p95,5,579,0.5230352303523035,
exp13:score_proj_l2h_lam0p20:seed43,dev,pava_q3_tau0p95,1,13,0.6842105263157895,1
exp13:score_proj_l2h_lam0p20:seed43,dev,pava_q3_tau0p95,2,0,0.0,1
exp13:score_proj_l2h_lam0p20:seed43,dev,pava_q3_tau0p95,3,4,0.21052631578947367,1
exp13:score_proj_l2h_lam0p20:seed43,dev,pava_q3_tau0p95,4,2,0.10526315789473684,1
exp13:score_proj_l2h_lam0p20:seed43,dev,pava_q3_tau0p95,5,0,0.0,1
exp13:score_proj_l2h_lam0p20:seed43,dev,pava_q3_tau0p95,1,0,0.0,2
exp13:score_proj_l2h_lam0p20:seed43,dev,pava_q3_tau0p95,2,1,0.02631578947368421,2
exp13:score_proj_l2h_lam0p20:seed43,dev,pava_q3_tau0p95,3,16,0.42105263157894735,2
exp13:score_proj_l2h_lam0p20:seed43,dev,pava_q3_tau0p95,4,5,0.13157894736842105,2
exp13:score_proj_l2h_lam0p20:seed43,dev,pava_q3_tau0p95,5,16,0.42105263157894735,2
exp13:score_proj_l2h_lam0p20:seed43,dev,pava_q3_tau0p95,1,0,0.0,3
exp13:score_proj_l2h_lam0p20:seed43,dev,pava_q3_tau0p95,2,0,0.0,3
exp13:score_proj_l2h_lam0p20:seed43,dev,pava_q3_tau0p95,3,59,0.5619047619047619,3
exp13:score_proj_l2h_lam0p20:seed43,dev,pava_q3_tau0p95,4,21,0.2,3
exp13:score_proj_l2h_lam0p20:seed43,dev,pava_q3_tau0p95,5,25,0.23809523809523808,3
exp13:score_proj_l2h_lam0p20:seed43,dev,pava_q3_tau0p95,1,0,0.0,4
exp13:score_proj_l2h_lam0p20:seed43,dev,pava_q3_tau0p95,2,0,0.0,4
exp13:score_proj_l2h_lam0p20:seed43,dev,pava_q3_tau0p95,3,121,0.3110539845758355,4
exp13:score_proj_l2h_lam0p20:seed43,dev,pava_q3_tau0p95,4,157,0.40359897172236503,4
exp13:score_proj_l2h_lam0p20:seed43,dev,pava_q3_tau0p95,5,111,0.2853470437017995,4
exp13:score_proj_l2h_lam0p20:seed43,dev,pava_q3_tau0p95,1,0,0.0,5
exp13:score_proj_l2h_lam0p20:seed43,dev,pava_q3_tau0p95,2,1,0.0017985611510791368,5
exp13:score_proj_l2h_lam0p20:seed43,dev,pava_q3_tau0p95,3,38,0.0683453237410072,5
exp13:score_proj_l2h_lam0p20:seed43,dev,pava_q3_tau0p95,4,90,0.1618705035971223,5
exp13:score_proj_l2h_lam0p20:seed43,dev,pava_q3_tau0p95,5,427,0.7679856115107914,5
exp13:score_proj_l2h_lam0p20:seed43,test,pava_q3_tau0p95,1,9,0.008159564823209429,
exp13:score_proj_l2h_lam0p20:seed43,test,pava_q3_tau0p95,2,2,0.001813236627379873,
exp13:score_proj_l2h_lam0p20:seed43,test,pava_q3_tau0p95,3,269,0.24388032638259294,
exp13:score_proj_l2h_lam0p20:seed43,test,pava_q3_tau0p95,4,258,0.23390752493200362,
exp13:score_proj_l2h_lam0p20:seed43,test,pava_q3_tau0p95,5,565,0.5122393472348141,
exp13:score_proj_l2h_lam0p20:seed43,test,pava_q3_tau0p95,1,8,0.8888888888888888,1
exp13:score_proj_l2h_lam0p20:seed43,test,pava_q3_tau0p95,2,0,0.0,1
exp13:score_proj_l2h_lam0p20:seed43,test,pava_q3_tau0p95,3,0,0.0,1
exp13:score_proj_l2h_lam0p20:seed43,test,pava_q3_tau0p95,4,0,0.0,1
exp13:score_proj_l2h_lam0p20:seed43,test,pava_q3_tau0p95,5,1,0.1111111111111111,1
exp13:score_proj_l2h_lam0p20:seed43,test,pava_q3_tau0p95,1,0,0.0,2
exp13:score_proj_l2h_lam0p20:seed43,test,pava_q3_tau0p95,2,0,0.0,2
exp13:score_proj_l2h_lam0p20:seed43,test,pava_q3_tau0p95,3,13,0.5909090909090909,2
exp13:score_proj_l2h_lam0p20:seed43,test,pava_q3_tau0p95,4,5,0.22727272727272727,2
exp13:score_proj_l2h_lam0p20:seed43,test,pava_q3_tau0p95,5,4,0.18181818181818182,2
exp13:score_proj_l2h_lam0p20:seed43,test,pava_q3_tau0p95,1,1,0.009523809523809525,3
exp13:score_proj_l2h_lam0p20:seed43,test,pava_q3_tau0p95,2,1,0.009523809523809525,3
exp13:score_proj_l2h_lam0p20:seed43,test,pava_q3_tau0p95,3,66,0.6285714285714286,3
exp13:score_proj_l2h_lam0p20:seed43,test,pava_q3_tau0p95,4,23,0.21904761904761905,3
exp13:score_proj_l2h_lam0p20:seed43,test,pava_q3_tau0p95,5,14,0.13333333333333333,3
exp13:score_proj_l2h_lam0p20:seed43,test,pava_q3_tau0p95,1,0,0.0,4
exp13:score_proj_l2h_lam0p20:seed43,test,pava_q3_tau0p95,2,0,0.0,4
exp13:score_proj_l2h_lam0p20:seed43,test,pava_q3_tau0p95,3,135,0.38461538461538464,4
exp13:score_proj_l2h_lam0p20:seed43,test,pava_q3_tau0p95,4,137,0.3903133903133903,4
exp13:score_proj_l2h_lam0p20:seed43,test,pava_q3_tau0p95,5,79,0.22507122507122507,4
exp13:score_proj_l2h_lam0p20:seed43,test,pava_q3_tau0p95,1,0,0.0,5
exp13:score_proj_l2h_lam0p20:seed43,test,pava_q3_tau0p95,2,1,0.0016233766233766235,5
exp13:score_proj_l2h_lam0p20:seed43,test,pava_q3_tau0p95,3,55,0.08928571428571429,5
exp13:score_proj_l2h_lam0p20:seed43,test,pava_q3_tau0p95,4,93,0.15097402597402598,5
exp13:score_proj_l2h_lam0p20:seed43,test,pava_q3_tau0p95,5,467,0.7581168831168831,5
exp13:score_proj_l2h_lam0p20:seed43,dev,pava_q3_tau0p98,1,13,0.011743450767841012,
exp13:score_proj_l2h_lam0p20:seed43,dev,pava_q3_tau0p98,2,2,0.0018066847335140017,
exp13:score_proj_l2h_lam0p20:seed43,dev,pava_q3_tau0p98,3,302,0.2728093947606143,
exp13:score_proj_l2h_lam0p20:seed43,dev,pava_q3_tau0p98,4,218,0.1969286359530262,
exp13:score_proj_l2h_lam0p20:seed43,dev,pava_q3_tau0p98,5,572,0.5167118337850045,
exp13:score_proj_l2h_lam0p20:seed43,dev,pava_q3_tau0p98,1,13,0.6842105263157895,1
exp13:score_proj_l2h_lam0p20:seed43,dev,pava_q3_tau0p98,2,0,0.0,1
exp13:score_proj_l2h_lam0p20:seed43,dev,pava_q3_tau0p98,3,5,0.2631578947368421,1
exp13:score_proj_l2h_lam0p20:seed43,dev,pava_q3_tau0p98,4,1,0.05263157894736842,1
exp13:score_proj_l2h_lam0p20:seed43,dev,pava_q3_tau0p98,5,0,0.0,1
exp13:score_proj_l2h_lam0p20:seed43,dev,pava_q3_tau0p98,1,0,0.0,2
exp13:score_proj_l2h_lam0p20:seed43,dev,pava_q3_tau0p98,2,1,0.02631578947368421,2
exp13:score_proj_l2h_lam0p20:seed43,dev,pava_q3_tau0p98,3,17,0.4473684210526316,2
exp13:score_proj_l2h_lam0p20:seed43,dev,pava_q3_tau0p98,4,5,0.13157894736842105,2
exp13:score_proj_l2h_lam0p20:seed43,dev,pava_q3_tau0p98,5,15,0.39473684210526316,2
exp13:score_proj_l2h_lam0p20:seed43,dev,pava_q3_tau0p98,1,0,0.0,3
exp13:score_proj_l2h_lam0p20:seed43,dev,pava_q3_tau0p98,2,0,0.0,3
exp13:score_proj_l2h_lam0p20:seed43,dev,pava_q3_tau0p98,3,63,0.6,3
exp13:score_proj_l2h_lam0p20:seed43,dev,pava_q3_tau0p98,4,17,0.1619047619047619,3
exp13:score_proj_l2h_lam0p20:seed43,dev,pava_q3_tau0p98,5,25,0.23809523809523808,3
exp13:score_proj_l2h_lam0p20:seed43,dev,pava_q3_tau0p98,1,0,0.0,4
exp13:score_proj_l2h_lam0p20:seed43,dev,pava_q3_tau0p98,2,0,0.0,4
exp13:score_proj_l2h_lam0p20:seed43,dev,pava_q3_tau0p98,3,154,0.39588688946015427,4
exp13:score_proj_l2h_lam0p20:seed43,dev,pava_q3_tau0p98,4,124,0.31876606683804626,4
exp13:score_proj_l2h_lam0p20:seed43,dev,pava_q3_tau0p98,5,111,0.2853470437017995,4
exp13:score_proj_l2h_lam0p20:seed43,dev,pava_q3_tau0p98,1,0,0.0,5
exp13:score_proj_l2h_lam0p20:seed43,dev,pava_q3_tau0p98,2,1,0.0017985611510791368,5
exp13:score_proj_l2h_lam0p20:seed43,dev,pava_q3_tau0p98,3,63,0.11330935251798561,5
exp13:score_proj_l2h_lam0p20:seed43,dev,pava_q3_tau0p98,4,71,0.12769784172661872,5
exp13:score_proj_l2h_lam0p20:seed43,dev,pava_q3_tau0p98,5,421,0.7571942446043165,5
exp13:score_proj_l2h_lam0p20:seed43,test,pava_q3_tau0p98,1,9,0.008159564823209429,
exp13:score_proj_l2h_lam0p20:seed43,test,pava_q3_tau0p98,2,2,0.001813236627379873,
exp13:score_proj_l2h_lam0p20:seed43,test,pava_q3_tau0p98,3,351,0.3182230281051677,
exp13:score_proj_l2h_lam0p20:seed43,test,pava_q3_tau0p98,4,198,0.17951042611060744,
exp13:score_proj_l2h_lam0p20:seed43,test,pava_q3_tau0p98,5,543,0.49229374433363554,
exp13:score_proj_l2h_lam0p20:seed43,test,pava_q3_tau0p98,1,8,0.8888888888888888,1
exp13:score_proj_l2h_lam0p20:seed43,test,pava_q3_tau0p98,2,0,0.0,1
exp13:score_proj_l2h_lam0p20:seed43,test,pava_q3_tau0p98,3,0,0.0,1
exp13:score_proj_l2h_lam0p20:seed43,test,pava_q3_tau0p98,4,0,0.0,1
exp13:score_proj_l2h_lam0p20:seed43,test,pava_q3_tau0p98,5,1,0.1111111111111111,1
exp13:score_proj_l2h_lam0p20:seed43,test,pava_q3_tau0p98,1,0,0.0,2
exp13:score_proj_l2h_lam0p20:seed43,test,pava_q3_tau0p98,2,0,0.0,2
exp13:score_proj_l2h_lam0p20:seed43,test,pava_q3_tau0p98,3,15,0.6818181818181818,2
exp13:score_proj_l2h_lam0p20:seed43,test,pava_q3_tau0p98,4,4,0.18181818181818182,2
exp13:score_proj_l2h_lam0p20:seed43,test,pava_q3_tau0p98,5,3,0.13636363636363635,2
exp13:score_proj_l2h_lam0p20:seed43,test,pava_q3_tau0p98,1,1,0.009523809523809525,3
exp13:score_proj_l2h_lam0p20:seed43,test,pava_q3_tau0p98,2,1,0.009523809523809525,3
exp13:score_proj_l2h_lam0p20:seed43,test,pava_q3_tau0p98,3,76,0.7238095238095238,3
exp13:score_proj_l2h_lam0p20:seed43,test,pava_q3_tau0p98,4,14,0.13333333333333333,3
exp13:score_proj_l2h_lam0p20:seed43,test,pava_q3_tau0p98,5,13,0.12380952380952381,3
exp13:score_proj_l2h_lam0p20:seed43,test,pava_q3_tau0p98,1,0,0.0,4
exp13:score_proj_l2h_lam0p20:seed43,test,pava_q3_tau0p98,2,0,0.0,4
exp13:score_proj_l2h_lam0p20:seed43,test,pava_q3_tau0p98,3,171,0.48717948717948717,4
exp13:score_proj_l2h_lam0p20:seed43,test,pava_q3_tau0p98,4,105,0.29914529914529914,4
exp13:score_proj_l2h_lam0p20:seed43,test,pava_q3_tau0p98,5,75,0.21367521367521367,4
exp13:score_proj_l2h_lam0p20:seed43,test,pava_q3_tau0p98,1,0,0.0,5
exp13:score_proj_l2h_lam0p20:seed43,test,pava_q3_tau0p98,2,1,0.0016233766233766235,5
exp13:score_proj_l2h_lam0p20:seed43,test,pava_q3_tau0p98,3,89,0.1444805194805195,5
exp13:score_proj_l2h_lam0p20:seed43,test,pava_q3_tau0p98,4,75,0.12175324675324675,5
exp13:score_proj_l2h_lam0p20:seed43,test,pava_q3_tau0p98,5,451,0.7321428571428571,5
exp13:score_proj_l2h_lam0p20:seed43,dev,q3_bias_neg0p25_pava,1,13,0.011743450767841012,
exp13:score_proj_l2h_lam0p20:seed43,dev,q3_bias_neg0p25_pava,2,2,0.0018066847335140017,
exp13:score_proj_l2h_lam0p20:seed43,dev,q3_bias_neg0p25_pava,3,108,0.0975609756097561,
exp13:score_proj_l2h_lam0p20:seed43,dev,q3_bias_neg0p25_pava,4,395,0.3568202348690154,
exp13:score_proj_l2h_lam0p20:seed43,dev,q3_bias_neg0p25_pava,5,589,0.5320686540198736,
exp13:score_proj_l2h_lam0p20:seed43,dev,q3_bias_neg0p25_pava,1,13,0.6842105263157895,1
exp13:score_proj_l2h_lam0p20:seed43,dev,q3_bias_neg0p25_pava,2,0,0.0,1
exp13:score_proj_l2h_lam0p20:seed43,dev,q3_bias_neg0p25_pava,3,4,0.21052631578947367,1
exp13:score_proj_l2h_lam0p20:seed43,dev,q3_bias_neg0p25_pava,4,2,0.10526315789473684,1
exp13:score_proj_l2h_lam0p20:seed43,dev,q3_bias_neg0p25_pava,5,0,0.0,1
exp13:score_proj_l2h_lam0p20:seed43,dev,q3_bias_neg0p25_pava,1,0,0.0,2
exp13:score_proj_l2h_lam0p20:seed43,dev,q3_bias_neg0p25_pava,2,1,0.02631578947368421,2
exp13:score_proj_l2h_lam0p20:seed43,dev,q3_bias_neg0p25_pava,3,11,0.2894736842105263,2
exp13:score_proj_l2h_lam0p20:seed43,dev,q3_bias_neg0p25_pava,4,8,0.21052631578947367,2
exp13:score_proj_l2h_lam0p20:seed43,dev,q3_bias_neg0p25_pava,5,18,0.47368421052631576,2
exp13:score_proj_l2h_lam0p20:seed43,dev,q3_bias_neg0p25_pava,1,0,0.0,3
exp13:score_proj_l2h_lam0p20:seed43,dev,q3_bias_neg0p25_pava,2,0,0.0,3
exp13:score_proj_l2h_lam0p20:seed43,dev,q3_bias_neg0p25_pava,3,37,0.3523809523809524,3
exp13:score_proj_l2h_lam0p20:seed43,dev,q3_bias_neg0p25_pava,4,43,0.4095238095238095,3
exp13:score_proj_l2h_lam0p20:seed43,dev,q3_bias_neg0p25_pava,5,25,0.23809523809523808,3
exp13:score_proj_l2h_lam0p20:seed43,dev,q3_bias_neg0p25_pava,1,0,0.0,4
exp13:score_proj_l2h_lam0p20:seed43,dev,q3_bias_neg0p25_pava,2,0,0.0,4
exp13:score_proj_l2h_lam0p20:seed43,dev,q3_bias_neg0p25_pava,3,49,0.12596401028277635,4
exp13:score_proj_l2h_lam0p20:seed43,dev,q3_bias_neg0p25_pava,4,226,0.5809768637532133,4
exp13:score_proj_l2h_lam0p20:seed43,dev,q3_bias_neg0p25_pava,5,114,0.2930591259640103,4
exp13:score_proj_l2h_lam0p20:seed43,dev,q3_bias_neg0p25_pava,1,0,0.0,5
exp13:score_proj_l2h_lam0p20:seed43,dev,q3_bias_neg0p25_pava,2,1,0.0017985611510791368,5
exp13:score_proj_l2h_lam0p20:seed43,dev,q3_bias_neg0p25_pava,3,7,0.012589928057553957,5
exp13:score_proj_l2h_lam0p20:seed43,dev,q3_bias_neg0p25_pava,4,116,0.20863309352517986,5
exp13:score_proj_l2h_lam0p20:seed43,dev,q3_bias_neg0p25_pava,5,432,0.7769784172661871,5
exp13:score_proj_l2h_lam0p20:seed43,test,q3_bias_neg0p25_pava,1,9,0.008159564823209429,
exp13:score_proj_l2h_lam0p20:seed43,test,q3_bias_neg0p25_pava,2,3,0.0027198549410698096,
exp13:score_proj_l2h_lam0p20:seed43,test,q3_bias_neg0p25_pava,3,96,0.08703535811423391,
exp13:score_proj_l2h_lam0p20:seed43,test,q3_bias_neg0p25_pava,4,413,0.3744333635539438,
exp13:score_proj_l2h_lam0p20:seed43,test,q3_bias_neg0p25_pava,5,582,0.527651858567543,
exp13:score_proj_l2h_lam0p20:seed43,test,q3_bias_neg0p25_pava,1,8,0.8888888888888888,1
exp13:score_proj_l2h_lam0p20:seed43,test,q3_bias_neg0p25_pava,2,0,0.0,1
exp13:score_proj_l2h_lam0p20:seed43,test,q3_bias_neg0p25_pava,3,0,0.0,1
exp13:score_proj_l2h_lam0p20:seed43,test,q3_bias_neg0p25_pava,4,0,0.0,1
exp13:score_proj_l2h_lam0p20:seed43,test,q3_bias_neg0p25_pava,5,1,0.1111111111111111,1
exp13:score_proj_l2h_lam0p20:seed43,test,q3_bias_neg0p25_pava,1,0,0.0,2
exp13:score_proj_l2h_lam0p20:seed43,test,q3_bias_neg0p25_pava,2,0,0.0,2
exp13:score_proj_l2h_lam0p20:seed43,test,q3_bias_neg0p25_pava,3,9,0.4090909090909091,2
exp13:score_proj_l2h_lam0p20:seed43,test,q3_bias_neg0p25_pava,4,9,0.4090909090909091,2
exp13:score_proj_l2h_lam0p20:seed43,test,q3_bias_neg0p25_pava,5,4,0.18181818181818182,2
exp13:score_proj_l2h_lam0p20:seed43,test,q3_bias_neg0p25_pava,1,1,0.009523809523809525,3
exp13:score_proj_l2h_lam0p20:seed43,test,q3_bias_neg0p25_pava,2,1,0.009523809523809525,3
exp13:score_proj_l2h_lam0p20:seed43,test,q3_bias_neg0p25_pava,3,41,0.3904761904761905,3
exp13:score_proj_l2h_lam0p20:seed43,test,q3_bias_neg0p25_pava,4,48,0.45714285714285713,3
exp13:score_proj_l2h_lam0p20:seed43,test,q3_bias_neg0p25_pava,5,14,0.13333333333333333,3
exp13:score_proj_l2h_lam0p20:seed43,test,q3_bias_neg0p25_pava,1,0,0.0,4
exp13:score_proj_l2h_lam0p20:seed43,test,q3_bias_neg0p25_pava,2,0,0.0,4
exp13:score_proj_l2h_lam0p20:seed43,test,q3_bias_neg0p25_pava,3,39,0.1111111111111111,4
exp13:score_proj_l2h_lam0p20:seed43,test,q3_bias_neg0p25_pava,4,225,0.6410256410256411,4
exp13:score_proj_l2h_lam0p20:seed43,test,q3_bias_neg0p25_pava,5,87,0.24786324786324787,4
exp13:score_proj_l2h_lam0p20:seed43,test,q3_bias_neg0p25_pava,1,0,0.0,5
exp13:score_proj_l2h_lam0p20:seed43,test,q3_bias_neg0p25_pava,2,2,0.003246753246753247,5
exp13:score_proj_l2h_lam0p20:seed43,test,q3_bias_neg0p25_pava,3,7,0.011363636363636364,5
exp13:score_proj_l2h_lam0p20:seed43,test,q3_bias_neg0p25_pava,4,131,0.21266233766233766,5
exp13:score_proj_l2h_lam0p20:seed43,test,q3_bias_neg0p25_pava,5,476,0.7727272727272727,5
exp13:score_proj_l2h_lam0p20:seed43,dev,q3_bias_neg0p5_pava,1,13,0.011743450767841012,
exp13:score_proj_l2h_lam0p20:seed43,dev,q3_bias_neg0p5_pava,2,2,0.0018066847335140017,
exp13:score_proj_l2h_lam0p20:seed43,dev,q3_bias_neg0p5_pava,3,111,0.1002710027100271,
exp13:score_proj_l2h_lam0p20:seed43,dev,q3_bias_neg0p5_pava,4,392,0.35411020776874436,
exp13:score_proj_l2h_lam0p20:seed43,dev,q3_bias_neg0p5_pava,5,589,0.5320686540198736,
exp13:score_proj_l2h_lam0p20:seed43,dev,q3_bias_neg0p5_pava,1,13,0.6842105263157895,1
exp13:score_proj_l2h_lam0p20:seed43,dev,q3_bias_neg0p5_pava,2,0,0.0,1
exp13:score_proj_l2h_lam0p20:seed43,dev,q3_bias_neg0p5_pava,3,4,0.21052631578947367,1
exp13:score_proj_l2h_lam0p20:seed43,dev,q3_bias_neg0p5_pava,4,2,0.10526315789473684,1
exp13:score_proj_l2h_lam0p20:seed43,dev,q3_bias_neg0p5_pava,5,0,0.0,1
exp13:score_proj_l2h_lam0p20:seed43,dev,q3_bias_neg0p5_pava,1,0,0.0,2
exp13:score_proj_l2h_lam0p20:seed43,dev,q3_bias_neg0p5_pava,2,1,0.02631578947368421,2
exp13:score_proj_l2h_lam0p20:seed43,dev,q3_bias_neg0p5_pava,3,11,0.2894736842105263,2
exp13:score_proj_l2h_lam0p20:seed43,dev,q3_bias_neg0p5_pava,4,8,0.21052631578947367,2
exp13:score_proj_l2h_lam0p20:seed43,dev,q3_bias_neg0p5_pava,5,18,0.47368421052631576,2
exp13:score_proj_l2h_lam0p20:seed43,dev,q3_bias_neg0p5_pava,1,0,0.0,3
exp13:score_proj_l2h_lam0p20:seed43,dev,q3_bias_neg0p5_pava,2,0,0.0,3
exp13:score_proj_l2h_lam0p20:seed43,dev,q3_bias_neg0p5_pava,3,38,0.3619047619047619,3
exp13:score_proj_l2h_lam0p20:seed43,dev,q3_bias_neg0p5_pava,4,42,0.4,3
exp13:score_proj_l2h_lam0p20:seed43,dev,q3_bias_neg0p5_pava,5,25,0.23809523809523808,3
exp13:score_proj_l2h_lam0p20:seed43,dev,q3_bias_neg0p5_pava,1,0,0.0,4
exp13:score_proj_l2h_lam0p20:seed43,dev,q3_bias_neg0p5_pava,2,0,0.0,4
exp13:score_proj_l2h_lam0p20:seed43,dev,q3_bias_neg0p5_pava,3,51,0.13110539845758354,4
exp13:score_proj_l2h_lam0p20:seed43,dev,q3_bias_neg0p5_pava,4,224,0.5758354755784062,4
exp13:score_proj_l2h_lam0p20:seed43,dev,q3_bias_neg0p5_pava,5,114,0.2930591259640103,4
exp13:score_proj_l2h_lam0p20:seed43,dev,q3_bias_neg0p5_pava,1,0,0.0,5
exp13:score_proj_l2h_lam0p20:seed43,dev,q3_bias_neg0p5_pava,2,1,0.0017985611510791368,5
exp13:score_proj_l2h_lam0p20:seed43,dev,q3_bias_neg0p5_pava,3,7,0.012589928057553957,5
exp13:score_proj_l2h_lam0p20:seed43,dev,q3_bias_neg0p5_pava,4,116,0.20863309352517986,5
exp13:score_proj_l2h_lam0p20:seed43,dev,q3_bias_neg0p5_pava,5,432,0.7769784172661871,5
exp13:score_proj_l2h_lam0p20:seed43,test,q3_bias_neg0p5_pava,1,9,0.008159564823209429,
exp13:score_proj_l2h_lam0p20:seed43,test,q3_bias_neg0p5_pava,2,3,0.0027198549410698096,
exp13:score_proj_l2h_lam0p20:seed43,test,q3_bias_neg0p5_pava,3,107,0.09700815956482321,
exp13:score_proj_l2h_lam0p20:seed43,test,q3_bias_neg0p5_pava,4,402,0.3644605621033545,
exp13:score_proj_l2h_lam0p20:seed43,test,q3_bias_neg0p5_pava,5,582,0.527651858567543,
exp13:score_proj_l2h_lam0p20:seed43,test,q3_bias_neg0p5_pava,1,8,0.8888888888888888,1
exp13:score_proj_l2h_lam0p20:seed43,test,q3_bias_neg0p5_pava,2,0,0.0,1
exp13:score_proj_l2h_lam0p20:seed43,test,q3_bias_neg0p5_pava,3,0,0.0,1
exp13:score_proj_l2h_lam0p20:seed43,test,q3_bias_neg0p5_pava,4,0,0.0,1
exp13:score_proj_l2h_lam0p20:seed43,test,q3_bias_neg0p5_pava,5,1,0.1111111111111111,1
exp13:score_proj_l2h_lam0p20:seed43,test,q3_bias_neg0p5_pava,1,0,0.0,2
exp13:score_proj_l2h_lam0p20:seed43,test,q3_bias_neg0p5_pava,2,0,0.0,2
exp13:score_proj_l2h_lam0p20:seed43,test,q3_bias_neg0p5_pava,3,10,0.45454545454545453,2
exp13:score_proj_l2h_lam0p20:seed43,test,q3_bias_neg0p5_pava,4,8,0.36363636363636365,2
exp13:score_proj_l2h_lam0p20:seed43,test,q3_bias_neg0p5_pava,5,4,0.18181818181818182,2
exp13:score_proj_l2h_lam0p20:seed43,test,q3_bias_neg0p5_pava,1,1,0.009523809523809525,3
exp13:score_proj_l2h_lam0p20:seed43,test,q3_bias_neg0p5_pava,2,1,0.009523809523809525,3
exp13:score_proj_l2h_lam0p20:seed43,test,q3_bias_neg0p5_pava,3,45,0.42857142857142855,3
exp13:score_proj_l2h_lam0p20:seed43,test,q3_bias_neg0p5_pava,4,44,0.41904761904761906,3
exp13:score_proj_l2h_lam0p20:seed43,test,q3_bias_neg0p5_pava,5,14,0.13333333333333333,3
exp13:score_proj_l2h_lam0p20:seed43,test,q3_bias_neg0p5_pava,1,0,0.0,4
exp13:score_proj_l2h_lam0p20:seed43,test,q3_bias_neg0p5_pava,2,0,0.0,4
exp13:score_proj_l2h_lam0p20:seed43,test,q3_bias_neg0p5_pava,3,44,0.12535612535612536,4
exp13:score_proj_l2h_lam0p20:seed43,test,q3_bias_neg0p5_pava,4,220,0.6267806267806267,4
exp13:score_proj_l2h_lam0p20:seed43,test,q3_bias_neg0p5_pava,5,87,0.24786324786324787,4
exp13:score_proj_l2h_lam0p20:seed43,test,q3_bias_neg0p5_pava,1,0,0.0,5
exp13:score_proj_l2h_lam0p20:seed43,test,q3_bias_neg0p5_pava,2,2,0.003246753246753247,5
exp13:score_proj_l2h_lam0p20:seed43,test,q3_bias_neg0p5_pava,3,8,0.012987012987012988,5
exp13:score_proj_l2h_lam0p20:seed43,test,q3_bias_neg0p5_pava,4,130,0.21103896103896103,5
exp13:score_proj_l2h_lam0p20:seed43,test,q3_bias_neg0p5_pava,5,476,0.7727272727272727,5
exp13:score_proj_l2h_lam0p20:seed43,dev,q3_bias_neg0p75_pava,1,13,0.011743450767841012,
exp13:score_proj_l2h_lam0p20:seed43,dev,q3_bias_neg0p75_pava,2,2,0.0018066847335140017,
exp13:score_proj_l2h_lam0p20:seed43,dev,q3_bias_neg0p75_pava,3,122,0.1102077687443541,
exp13:score_proj_l2h_lam0p20:seed43,dev,q3_bias_neg0p75_pava,4,381,0.34417344173441733,
exp13:score_proj_l2h_lam0p20:seed43,dev,q3_bias_neg0p75_pava,5,589,0.5320686540198736,
exp13:score_proj_l2h_lam0p20:seed43,dev,q3_bias_neg0p75_pava,1,13,0.6842105263157895,1
exp13:score_proj_l2h_lam0p20:seed43,dev,q3_bias_neg0p75_pava,2,0,0.0,1
exp13:score_proj_l2h_lam0p20:seed43,dev,q3_bias_neg0p75_pava,3,4,0.21052631578947367,1
exp13:score_proj_l2h_lam0p20:seed43,dev,q3_bias_neg0p75_pava,4,2,0.10526315789473684,1
exp13:score_proj_l2h_lam0p20:seed43,dev,q3_bias_neg0p75_pava,5,0,0.0,1
exp13:score_proj_l2h_lam0p20:seed43,dev,q3_bias_neg0p75_pava,1,0,0.0,2
exp13:score_proj_l2h_lam0p20:seed43,dev,q3_bias_neg0p75_pava,2,1,0.02631578947368421,2
exp13:score_proj_l2h_lam0p20:seed43,dev,q3_bias_neg0p75_pava,3,11,0.2894736842105263,2
exp13:score_proj_l2h_lam0p20:seed43,dev,q3_bias_neg0p75_pava,4,8,0.21052631578947367,2
exp13:score_proj_l2h_lam0p20:seed43,dev,q3_bias_neg0p75_pava,5,18,0.47368421052631576,2
exp13:score_proj_l2h_lam0p20:seed43,dev,q3_bias_neg0p75_pava,1,0,0.0,3
exp13:score_proj_l2h_lam0p20:seed43,dev,q3_bias_neg0p75_pava,2,0,0.0,3
exp13:score_proj_l2h_lam0p20:seed43,dev,q3_bias_neg0p75_pava,3,42,0.4,3
exp13:score_proj_l2h_lam0p20:seed43,dev,q3_bias_neg0p75_pava,4,38,0.3619047619047619,3
exp13:score_proj_l2h_lam0p20:seed43,dev,q3_bias_neg0p75_pava,5,25,0.23809523809523808,3
exp13:score_proj_l2h_lam0p20:seed43,dev,q3_bias_neg0p75_pava,1,0,0.0,4
exp13:score_proj_l2h_lam0p20:seed43,dev,q3_bias_neg0p75_pava,2,0,0.0,4
exp13:score_proj_l2h_lam0p20:seed43,dev,q3_bias_neg0p75_pava,3,56,0.14395886889460155,4
exp13:score_proj_l2h_lam0p20:seed43,dev,q3_bias_neg0p75_pava,4,219,0.5629820051413882,4
exp13:score_proj_l2h_lam0p20:seed43,dev,q3_bias_neg0p75_pava,5,114,0.2930591259640103,4
exp13:score_proj_l2h_lam0p20:seed43,dev,q3_bias_neg0p75_pava,1,0,0.0,5
exp13:score_proj_l2h_lam0p20:seed43,dev,q3_bias_neg0p75_pava,2,1,0.0017985611510791368,5
exp13:score_proj_l2h_lam0p20:seed43,dev,q3_bias_neg0p75_pava,3,9,0.01618705035971223,5
exp13:score_proj_l2h_lam0p20:seed43,dev,q3_bias_neg0p75_pava,4,114,0.20503597122302158,5
exp13:score_proj_l2h_lam0p20:seed43,dev,q3_bias_neg0p75_pava,5,432,0.7769784172661871,5
exp13:score_proj_l2h_lam0p20:seed43,test,q3_bias_neg0p75_pava,1,9,0.008159564823209429,
exp13:score_proj_l2h_lam0p20:seed43,test,q3_bias_neg0p75_pava,2,3,0.0027198549410698096,
exp13:score_proj_l2h_lam0p20:seed43,test,q3_bias_neg0p75_pava,3,121,0.10970081595648232,
exp13:score_proj_l2h_lam0p20:seed43,test,q3_bias_neg0p75_pava,4,388,0.35176790571169536,
exp13:score_proj_l2h_lam0p20:seed43,test,q3_bias_neg0p75_pava,5,582,0.527651858567543,
exp13:score_proj_l2h_lam0p20:seed43,test,q3_bias_neg0p75_pava,1,8,0.8888888888888888,1
exp13:score_proj_l2h_lam0p20:seed43,test,q3_bias_neg0p75_pava,2,0,0.0,1
exp13:score_proj_l2h_lam0p20:seed43,test,q3_bias_neg0p75_pava,3,0,0.0,1
exp13:score_proj_l2h_lam0p20:seed43,test,q3_bias_neg0p75_pava,4,0,0.0,1
exp13:score_proj_l2h_lam0p20:seed43,test,q3_bias_neg0p75_pava,5,1,0.1111111111111111,1
exp13:score_proj_l2h_lam0p20:seed43,test,q3_bias_neg0p75_pava,1,0,0.0,2
exp13:score_proj_l2h_lam0p20:seed43,test,q3_bias_neg0p75_pava,2,0,0.0,2
exp13:score_proj_l2h_lam0p20:seed43,test,q3_bias_neg0p75_pava,3,11,0.5,2
exp13:score_proj_l2h_lam0p20:seed43,test,q3_bias_neg0p75_pava,4,7,0.3181818181818182,2
exp13:score_proj_l2h_lam0p20:seed43,test,q3_bias_neg0p75_pava,5,4,0.18181818181818182,2
exp13:score_proj_l2h_lam0p20:seed43,test,q3_bias_neg0p75_pava,1,1,0.009523809523809525,3
exp13:score_proj_l2h_lam0p20:seed43,test,q3_bias_neg0p75_pava,2,1,0.009523809523809525,3
exp13:score_proj_l2h_lam0p20:seed43,test,q3_bias_neg0p75_pava,3,45,0.42857142857142855,3
exp13:score_proj_l2h_lam0p20:seed43,test,q3_bias_neg0p75_pava,4,44,0.41904761904761906,3
exp13:score_proj_l2h_lam0p20:seed43,test,q3_bias_neg0p75_pava,5,14,0.13333333333333333,3
exp13:score_proj_l2h_lam0p20:seed43,test,q3_bias_neg0p75_pava,1,0,0.0,4
exp13:score_proj_l2h_lam0p20:seed43,test,q3_bias_neg0p75_pava,2,0,0.0,4
exp13:score_proj_l2h_lam0p20:seed43,test,q3_bias_neg0p75_pava,3,53,0.150997150997151,4
exp13:score_proj_l2h_lam0p20:seed43,test,q3_bias_neg0p75_pava,4,211,0.6011396011396012,4
exp13:score_proj_l2h_lam0p20:seed43,test,q3_bias_neg0p75_pava,5,87,0.24786324786324787,4
exp13:score_proj_l2h_lam0p20:seed43,test,q3_bias_neg0p75_pava,1,0,0.0,5
exp13:score_proj_l2h_lam0p20:seed43,test,q3_bias_neg0p75_pava,2,2,0.003246753246753247,5
exp13:score_proj_l2h_lam0p20:seed43,test,q3_bias_neg0p75_pava,3,12,0.01948051948051948,5
exp13:score_proj_l2h_lam0p20:seed43,test,q3_bias_neg0p75_pava,4,126,0.20454545454545456,5
exp13:score_proj_l2h_lam0p20:seed43,test,q3_bias_neg0p75_pava,5,476,0.7727272727272727,5
exp13:score_proj_l2h_lam0p20:seed43,dev,q3_bias_neg1p0_pava,1,13,0.011743450767841012,
exp13:score_proj_l2h_lam0p20:seed43,dev,q3_bias_neg1p0_pava,2,2,0.0018066847335140017,
exp13:score_proj_l2h_lam0p20:seed43,dev,q3_bias_neg1p0_pava,3,125,0.11291779584462511,
exp13:score_proj_l2h_lam0p20:seed43,dev,q3_bias_neg1p0_pava,4,378,0.34146341463414637,
exp13:score_proj_l2h_lam0p20:seed43,dev,q3_bias_neg1p0_pava,5,589,0.5320686540198736,
exp13:score_proj_l2h_lam0p20:seed43,dev,q3_bias_neg1p0_pava,1,13,0.6842105263157895,1
exp13:score_proj_l2h_lam0p20:seed43,dev,q3_bias_neg1p0_pava,2,0,0.0,1
exp13:score_proj_l2h_lam0p20:seed43,dev,q3_bias_neg1p0_pava,3,4,0.21052631578947367,1
exp13:score_proj_l2h_lam0p20:seed43,dev,q3_bias_neg1p0_pava,4,2,0.10526315789473684,1
exp13:score_proj_l2h_lam0p20:seed43,dev,q3_bias_neg1p0_pava,5,0,0.0,1
exp13:score_proj_l2h_lam0p20:seed43,dev,q3_bias_neg1p0_pava,1,0,0.0,2
exp13:score_proj_l2h_lam0p20:seed43,dev,q3_bias_neg1p0_pava,2,1,0.02631578947368421,2
exp13:score_proj_l2h_lam0p20:seed43,dev,q3_bias_neg1p0_pava,3,11,0.2894736842105263,2
exp13:score_proj_l2h_lam0p20:seed43,dev,q3_bias_neg1p0_pava,4,8,0.21052631578947367,2
exp13:score_proj_l2h_lam0p20:seed43,dev,q3_bias_neg1p0_pava,5,18,0.47368421052631576,2
exp13:score_proj_l2h_lam0p20:seed43,dev,q3_bias_neg1p0_pava,1,0,0.0,3
exp13:score_proj_l2h_lam0p20:seed43,dev,q3_bias_neg1p0_pava,2,0,0.0,3
exp13:score_proj_l2h_lam0p20:seed43,dev,q3_bias_neg1p0_pava,3,42,0.4,3
exp13:score_proj_l2h_lam0p20:seed43,dev,q3_bias_neg1p0_pava,4,38,0.3619047619047619,3
exp13:score_proj_l2h_lam0p20:seed43,dev,q3_bias_neg1p0_pava,5,25,0.23809523809523808,3
exp13:score_proj_l2h_lam0p20:seed43,dev,q3_bias_neg1p0_pava,1,0,0.0,4
exp13:score_proj_l2h_lam0p20:seed43,dev,q3_bias_neg1p0_pava,2,0,0.0,4
exp13:score_proj_l2h_lam0p20:seed43,dev,q3_bias_neg1p0_pava,3,57,0.14652956298200515,4
exp13:score_proj_l2h_lam0p20:seed43,dev,q3_bias_neg1p0_pava,4,218,0.5604113110539846,4
exp13:score_proj_l2h_lam0p20:seed43,dev,q3_bias_neg1p0_pava,5,114,0.2930591259640103,4
exp13:score_proj_l2h_lam0p20:seed43,dev,q3_bias_neg1p0_pava,1,0,0.0,5
exp13:score_proj_l2h_lam0p20:seed43,dev,q3_bias_neg1p0_pava,2,1,0.0017985611510791368,5
exp13:score_proj_l2h_lam0p20:seed43,dev,q3_bias_neg1p0_pava,3,11,0.019784172661870502,5
exp13:score_proj_l2h_lam0p20:seed43,dev,q3_bias_neg1p0_pava,4,112,0.2014388489208633,5
exp13:score_proj_l2h_lam0p20:seed43,dev,q3_bias_neg1p0_pava,5,432,0.7769784172661871,5
exp13:score_proj_l2h_lam0p20:seed43,test,q3_bias_neg1p0_pava,1,9,0.008159564823209429,
exp13:score_proj_l2h_lam0p20:seed43,test,q3_bias_neg1p0_pava,2,3,0.0027198549410698096,
exp13:score_proj_l2h_lam0p20:seed43,test,q3_bias_neg1p0_pava,3,132,0.11967361740707162,
exp13:score_proj_l2h_lam0p20:seed43,test,q3_bias_neg1p0_pava,4,377,0.3417951042611061,
exp13:score_proj_l2h_lam0p20:seed43,test,q3_bias_neg1p0_pava,5,582,0.527651858567543,
exp13:score_proj_l2h_lam0p20:seed43,test,q3_bias_neg1p0_pava,1,8,0.8888888888888888,1
exp13:score_proj_l2h_lam0p20:seed43,test,q3_bias_neg1p0_pava,2,0,0.0,1
exp13:score_proj_l2h_lam0p20:seed43,test,q3_bias_neg1p0_pava,3,0,0.0,1
exp13:score_proj_l2h_lam0p20:seed43,test,q3_bias_neg1p0_pava,4,0,0.0,1
exp13:score_proj_l2h_lam0p20:seed43,test,q3_bias_neg1p0_pava,5,1,0.1111111111111111,1
exp13:score_proj_l2h_lam0p20:seed43,test,q3_bias_neg1p0_pava,1,0,0.0,2
exp13:score_proj_l2h_lam0p20:seed43,test,q3_bias_neg1p0_pava,2,0,0.0,2
exp13:score_proj_l2h_lam0p20:seed43,test,q3_bias_neg1p0_pava,3,11,0.5,2
exp13:score_proj_l2h_lam0p20:seed43,test,q3_bias_neg1p0_pava,4,7,0.3181818181818182,2
exp13:score_proj_l2h_lam0p20:seed43,test,q3_bias_neg1p0_pava,5,4,0.18181818181818182,2
exp13:score_proj_l2h_lam0p20:seed43,test,q3_bias_neg1p0_pava,1,1,0.009523809523809525,3
exp13:score_proj_l2h_lam0p20:seed43,test,q3_bias_neg1p0_pava,2,1,0.009523809523809525,3
exp13:score_proj_l2h_lam0p20:seed43,test,q3_bias_neg1p0_pava,3,49,0.4666666666666667,3
exp13:score_proj_l2h_lam0p20:seed43,test,q3_bias_neg1p0_pava,4,40,0.38095238095238093,3
exp13:score_proj_l2h_lam0p20:seed43,test,q3_bias_neg1p0_pava,5,14,0.13333333333333333,3
exp13:score_proj_l2h_lam0p20:seed43,test,q3_bias_neg1p0_pava,1,0,0.0,4
exp13:score_proj_l2h_lam0p20:seed43,test,q3_bias_neg1p0_pava,2,0,0.0,4
exp13:score_proj_l2h_lam0p20:seed43,test,q3_bias_neg1p0_pava,3,58,0.16524216524216523,4
exp13:score_proj_l2h_lam0p20:seed43,test,q3_bias_neg1p0_pava,4,206,0.5868945868945868,4
exp13:score_proj_l2h_lam0p20:seed43,test,q3_bias_neg1p0_pava,5,87,0.24786324786324787,4
exp13:score_proj_l2h_lam0p20:seed43,test,q3_bias_neg1p0_pava,1,0,0.0,5
exp13:score_proj_l2h_lam0p20:seed43,test,q3_bias_neg1p0_pava,2,2,0.003246753246753247,5
exp13:score_proj_l2h_lam0p20:seed43,test,q3_bias_neg1p0_pava,3,14,0.022727272727272728,5
exp13:score_proj_l2h_lam0p20:seed43,test,q3_bias_neg1p0_pava,4,124,0.2012987012987013,5
exp13:score_proj_l2h_lam0p20:seed43,test,q3_bias_neg1p0_pava,5,476,0.7727272727272727,5
exp13:score_proj_l2h_lam0p20:seed43,dev,q3_bias_neg1p5_pava,1,13,0.011743450767841012,
exp13:score_proj_l2h_lam0p20:seed43,dev,q3_bias_neg1p5_pava,2,2,0.0018066847335140017,
exp13:score_proj_l2h_lam0p20:seed43,dev,q3_bias_neg1p5_pava,3,153,0.13821138211382114,
exp13:score_proj_l2h_lam0p20:seed43,dev,q3_bias_neg1p5_pava,4,351,0.3170731707317073,
exp13:score_proj_l2h_lam0p20:seed43,dev,q3_bias_neg1p5_pava,5,588,0.5311653116531165,
exp13:score_proj_l2h_lam0p20:seed43,dev,q3_bias_neg1p5_pava,1,13,0.6842105263157895,1
exp13:score_proj_l2h_lam0p20:seed43,dev,q3_bias_neg1p5_pava,2,0,0.0,1
exp13:score_proj_l2h_lam0p20:seed43,dev,q3_bias_neg1p5_pava,3,4,0.21052631578947367,1
exp13:score_proj_l2h_lam0p20:seed43,dev,q3_bias_neg1p5_pava,4,2,0.10526315789473684,1
exp13:score_proj_l2h_lam0p20:seed43,dev,q3_bias_neg1p5_pava,5,0,0.0,1
exp13:score_proj_l2h_lam0p20:seed43,dev,q3_bias_neg1p5_pava,1,0,0.0,2
exp13:score_proj_l2h_lam0p20:seed43,dev,q3_bias_neg1p5_pava,2,1,0.02631578947368421,2
exp13:score_proj_l2h_lam0p20:seed43,dev,q3_bias_neg1p5_pava,3,11,0.2894736842105263,2
exp13:score_proj_l2h_lam0p20:seed43,dev,q3_bias_neg1p5_pava,4,8,0.21052631578947367,2
exp13:score_proj_l2h_lam0p20:seed43,dev,q3_bias_neg1p5_pava,5,18,0.47368421052631576,2
exp13:score_proj_l2h_lam0p20:seed43,dev,q3_bias_neg1p5_pava,1,0,0.0,3
exp13:score_proj_l2h_lam0p20:seed43,dev,q3_bias_neg1p5_pava,2,0,0.0,3
exp13:score_proj_l2h_lam0p20:seed43,dev,q3_bias_neg1p5_pava,3,46,0.4380952380952381,3
exp13:score_proj_l2h_lam0p20:seed43,dev,q3_bias_neg1p5_pava,4,34,0.3238095238095238,3
exp13:score_proj_l2h_lam0p20:seed43,dev,q3_bias_neg1p5_pava,5,25,0.23809523809523808,3
exp13:score_proj_l2h_lam0p20:seed43,dev,q3_bias_neg1p5_pava,1,0,0.0,4
exp13:score_proj_l2h_lam0p20:seed43,dev,q3_bias_neg1p5_pava,2,0,0.0,4
exp13:score_proj_l2h_lam0p20:seed43,dev,q3_bias_neg1p5_pava,3,74,0.19023136246786632,4
exp13:score_proj_l2h_lam0p20:seed43,dev,q3_bias_neg1p5_pava,4,201,0.5167095115681234,4
exp13:score_proj_l2h_lam0p20:seed43,dev,q3_bias_neg1p5_pava,5,114,0.2930591259640103,4
exp13:score_proj_l2h_lam0p20:seed43,dev,q3_bias_neg1p5_pava,1,0,0.0,5
exp13:score_proj_l2h_lam0p20:seed43,dev,q3_bias_neg1p5_pava,2,1,0.0017985611510791368,5
exp13:score_proj_l2h_lam0p20:seed43,dev,q3_bias_neg1p5_pava,3,18,0.03237410071942446,5
exp13:score_proj_l2h_lam0p20:seed43,dev,q3_bias_neg1p5_pava,4,106,0.1906474820143885,5
exp13:score_proj_l2h_lam0p20:seed43,dev,q3_bias_neg1p5_pava,5,431,0.7751798561151079,5
exp13:score_proj_l2h_lam0p20:seed43,test,q3_bias_neg1p5_pava,1,9,0.008159564823209429,
exp13:score_proj_l2h_lam0p20:seed43,test,q3_bias_neg1p5_pava,2,3,0.0027198549410698096,
exp13:score_proj_l2h_lam0p20:seed43,test,q3_bias_neg1p5_pava,3,159,0.1441523118766999,
exp13:score_proj_l2h_lam0p20:seed43,test,q3_bias_neg1p5_pava,4,350,0.3173164097914778,
exp13:score_proj_l2h_lam0p20:seed43,test,q3_bias_neg1p5_pava,5,582,0.527651858567543,
exp13:score_proj_l2h_lam0p20:seed43,test,q3_bias_neg1p5_pava,1,8,0.8888888888888888,1
exp13:score_proj_l2h_lam0p20:seed43,test,q3_bias_neg1p5_pava,2,0,0.0,1
exp13:score_proj_l2h_lam0p20:seed43,test,q3_bias_neg1p5_pava,3,0,0.0,1
exp13:score_proj_l2h_lam0p20:seed43,test,q3_bias_neg1p5_pava,4,0,0.0,1
exp13:score_proj_l2h_lam0p20:seed43,test,q3_bias_neg1p5_pava,5,1,0.1111111111111111,1
exp13:score_proj_l2h_lam0p20:seed43,test,q3_bias_neg1p5_pava,1,0,0.0,2
exp13:score_proj_l2h_lam0p20:seed43,test,q3_bias_neg1p5_pava,2,0,0.0,2
exp13:score_proj_l2h_lam0p20:seed43,test,q3_bias_neg1p5_pava,3,12,0.5454545454545454,2
exp13:score_proj_l2h_lam0p20:seed43,test,q3_bias_neg1p5_pava,4,6,0.2727272727272727,2
exp13:score_proj_l2h_lam0p20:seed43,test,q3_bias_neg1p5_pava,5,4,0.18181818181818182,2
exp13:score_proj_l2h_lam0p20:seed43,test,q3_bias_neg1p5_pava,1,1,0.009523809523809525,3
exp13:score_proj_l2h_lam0p20:seed43,test,q3_bias_neg1p5_pava,2,1,0.009523809523809525,3
exp13:score_proj_l2h_lam0p20:seed43,test,q3_bias_neg1p5_pava,3,53,0.5047619047619047,3
exp13:score_proj_l2h_lam0p20:seed43,test,q3_bias_neg1p5_pava,4,36,0.34285714285714286,3
exp13:score_proj_l2h_lam0p20:seed43,test,q3_bias_neg1p5_pava,5,14,0.13333333333333333,3
exp13:score_proj_l2h_lam0p20:seed43,test,q3_bias_neg1p5_pava,1,0,0.0,4
exp13:score_proj_l2h_lam0p20:seed43,test,q3_bias_neg1p5_pava,2,0,0.0,4
exp13:score_proj_l2h_lam0p20:seed43,test,q3_bias_neg1p5_pava,3,77,0.21937321937321938,4
exp13:score_proj_l2h_lam0p20:seed43,test,q3_bias_neg1p5_pava,4,187,0.5327635327635327,4
exp13:score_proj_l2h_lam0p20:seed43,test,q3_bias_neg1p5_pava,5,87,0.24786324786324787,4
exp13:score_proj_l2h_lam0p20:seed43,test,q3_bias_neg1p5_pava,1,0,0.0,5
exp13:score_proj_l2h_lam0p20:seed43,test,q3_bias_neg1p5_pava,2,2,0.003246753246753247,5
exp13:score_proj_l2h_lam0p20:seed43,test,q3_bias_neg1p5_pava,3,17,0.027597402597402596,5
exp13:score_proj_l2h_lam0p20:seed43,test,q3_bias_neg1p5_pava,4,121,0.19642857142857142,5
exp13:score_proj_l2h_lam0p20:seed43,test,q3_bias_neg1p5_pava,5,476,0.7727272727272727,5
exp13:score_proj_l2h_lam0p20:seed43,dev,q3_bias_neg2p0_pava,1,13,0.011743450767841012,
exp13:score_proj_l2h_lam0p20:seed43,dev,q3_bias_neg2p0_pava,2,2,0.0018066847335140017,
exp13:score_proj_l2h_lam0p20:seed43,dev,q3_bias_neg2p0_pava,3,177,0.15989159891598917,
exp13:score_proj_l2h_lam0p20:seed43,dev,q3_bias_neg2p0_pava,4,327,0.2953929539295393,
exp13:score_proj_l2h_lam0p20:seed43,dev,q3_bias_neg2p0_pava,5,588,0.5311653116531165,
exp13:score_proj_l2h_lam0p20:seed43,dev,q3_bias_neg2p0_pava,1,13,0.6842105263157895,1
exp13:score_proj_l2h_lam0p20:seed43,dev,q3_bias_neg2p0_pava,2,0,0.0,1
exp13:score_proj_l2h_lam0p20:seed43,dev,q3_bias_neg2p0_pava,3,4,0.21052631578947367,1
exp13:score_proj_l2h_lam0p20:seed43,dev,q3_bias_neg2p0_pava,4,2,0.10526315789473684,1
exp13:score_proj_l2h_lam0p20:seed43,dev,q3_bias_neg2p0_pava,5,0,0.0,1
exp13:score_proj_l2h_lam0p20:seed43,dev,q3_bias_neg2p0_pava,1,0,0.0,2
exp13:score_proj_l2h_lam0p20:seed43,dev,q3_bias_neg2p0_pava,2,1,0.02631578947368421,2
exp13:score_proj_l2h_lam0p20:seed43,dev,q3_bias_neg2p0_pava,3,13,0.34210526315789475,2
exp13:score_proj_l2h_lam0p20:seed43,dev,q3_bias_neg2p0_pava,4,6,0.15789473684210525,2
exp13:score_proj_l2h_lam0p20:seed43,dev,q3_bias_neg2p0_pava,5,18,0.47368421052631576,2
exp13:score_proj_l2h_lam0p20:seed43,dev,q3_bias_neg2p0_pava,1,0,0.0,3
exp13:score_proj_l2h_lam0p20:seed43,dev,q3_bias_neg2p0_pava,2,0,0.0,3
exp13:score_proj_l2h_lam0p20:seed43,dev,q3_bias_neg2p0_pava,3,53,0.5047619047619047,3
exp13:score_proj_l2h_lam0p20:seed43,dev,q3_bias_neg2p0_pava,4,27,0.2571428571428571,3
exp13:score_proj_l2h_lam0p20:seed43,dev,q3_bias_neg2p0_pava,5,25,0.23809523809523808,3
exp13:score_proj_l2h_lam0p20:seed43,dev,q3_bias_neg2p0_pava,1,0,0.0,4
exp13:score_proj_l2h_lam0p20:seed43,dev,q3_bias_neg2p0_pava,2,0,0.0,4
exp13:score_proj_l2h_lam0p20:seed43,dev,q3_bias_neg2p0_pava,3,85,0.2185089974293059,4
exp13:score_proj_l2h_lam0p20:seed43,dev,q3_bias_neg2p0_pava,4,190,0.4884318766066838,4
exp13:score_proj_l2h_lam0p20:seed43,dev,q3_bias_neg2p0_pava,5,114,0.2930591259640103,4
exp13:score_proj_l2h_lam0p20:seed43,dev,q3_bias_neg2p0_pava,1,0,0.0,5
exp13:score_proj_l2h_lam0p20:seed43,dev,q3_bias_neg2p0_pava,2,1,0.0017985611510791368,5
exp13:score_proj_l2h_lam0p20:seed43,dev,q3_bias_neg2p0_pava,3,22,0.039568345323741004,5
exp13:score_proj_l2h_lam0p20:seed43,dev,q3_bias_neg2p0_pava,4,102,0.18345323741007194,5
exp13:score_proj_l2h_lam0p20:seed43,dev,q3_bias_neg2p0_pava,5,431,0.7751798561151079,5
exp13:score_proj_l2h_lam0p20:seed43,test,q3_bias_neg2p0_pava,1,9,0.008159564823209429,
exp13:score_proj_l2h_lam0p20:seed43,test,q3_bias_neg2p0_pava,2,3,0.0027198549410698096,
exp13:score_proj_l2h_lam0p20:seed43,test,q3_bias_neg2p0_pava,3,190,0.17225747960108795,
exp13:score_proj_l2h_lam0p20:seed43,test,q3_bias_neg2p0_pava,4,322,0.29193109700815956,
exp13:score_proj_l2h_lam0p20:seed43,test,q3_bias_neg2p0_pava,5,579,0.5249320036264733,
exp13:score_proj_l2h_lam0p20:seed43,test,q3_bias_neg2p0_pava,1,8,0.8888888888888888,1
exp13:score_proj_l2h_lam0p20:seed43,test,q3_bias_neg2p0_pava,2,0,0.0,1
exp13:score_proj_l2h_lam0p20:seed43,test,q3_bias_neg2p0_pava,3,0,0.0,1
exp13:score_proj_l2h_lam0p20:seed43,test,q3_bias_neg2p0_pava,4,0,0.0,1
exp13:score_proj_l2h_lam0p20:seed43,test,q3_bias_neg2p0_pava,5,1,0.1111111111111111,1
exp13:score_proj_l2h_lam0p20:seed43,test,q3_bias_neg2p0_pava,1,0,0.0,2
exp13:score_proj_l2h_lam0p20:seed43,test,q3_bias_neg2p0_pava,2,0,0.0,2
exp13:score_proj_l2h_lam0p20:seed43,test,q3_bias_neg2p0_pava,3,13,0.5909090909090909,2
exp13:score_proj_l2h_lam0p20:seed43,test,q3_bias_neg2p0_pava,4,5,0.22727272727272727,2
exp13:score_proj_l2h_lam0p20:seed43,test,q3_bias_neg2p0_pava,5,4,0.18181818181818182,2
exp13:score_proj_l2h_lam0p20:seed43,test,q3_bias_neg2p0_pava,1,1,0.009523809523809525,3
exp13:score_proj_l2h_lam0p20:seed43,test,q3_bias_neg2p0_pava,2,1,0.009523809523809525,3
exp13:score_proj_l2h_lam0p20:seed43,test,q3_bias_neg2p0_pava,3,58,0.5523809523809524,3
exp13:score_proj_l2h_lam0p20:seed43,test,q3_bias_neg2p0_pava,4,31,0.29523809523809524,3
exp13:score_proj_l2h_lam0p20:seed43,test,q3_bias_neg2p0_pava,5,14,0.13333333333333333,3
exp13:score_proj_l2h_lam0p20:seed43,test,q3_bias_neg2p0_pava,1,0,0.0,4
exp13:score_proj_l2h_lam0p20:seed43,test,q3_bias_neg2p0_pava,2,0,0.0,4
exp13:score_proj_l2h_lam0p20:seed43,test,q3_bias_neg2p0_pava,3,93,0.26495726495726496,4
exp13:score_proj_l2h_lam0p20:seed43,test,q3_bias_neg2p0_pava,4,173,0.4928774928774929,4
exp13:score_proj_l2h_lam0p20:seed43,test,q3_bias_neg2p0_pava,5,85,0.24216524216524216,4
exp13:score_proj_l2h_lam0p20:seed43,test,q3_bias_neg2p0_pava,1,0,0.0,5
exp13:score_proj_l2h_lam0p20:seed43,test,q3_bias_neg2p0_pava,2,2,0.003246753246753247,5
exp13:score_proj_l2h_lam0p20:seed43,test,q3_bias_neg2p0_pava,3,26,0.04220779220779221,5
exp13:score_proj_l2h_lam0p20:seed43,test,q3_bias_neg2p0_pava,4,113,0.18344155844155843,5
exp13:score_proj_l2h_lam0p20:seed43,test,q3_bias_neg2p0_pava,5,475,0.7711038961038961,5
exp13:score_proj_l2h_lam0p20:seed44,dev,raw_t0p50,1,13,0.011743450767841012,
exp13:score_proj_l2h_lam0p20:seed44,dev,raw_t0p50,2,4,0.0036133694670280035,
exp13:score_proj_l2h_lam0p20:seed44,dev,raw_t0p50,3,98,0.08852755194218609,
exp13:score_proj_l2h_lam0p20:seed44,dev,raw_t0p50,4,408,0.3685636856368564,
exp13:score_proj_l2h_lam0p20:seed44,dev,raw_t0p50,5,584,0.5275519421860885,
exp13:score_proj_l2h_lam0p20:seed44,dev,raw_t0p50,1,13,0.6842105263157895,1
exp13:score_proj_l2h_lam0p20:seed44,dev,raw_t0p50,2,0,0.0,1
exp13:score_proj_l2h_lam0p20:seed44,dev,raw_t0p50,3,4,0.21052631578947367,1
exp13:score_proj_l2h_lam0p20:seed44,dev,raw_t0p50,4,2,0.10526315789473684,1
exp13:score_proj_l2h_lam0p20:seed44,dev,raw_t0p50,5,0,0.0,1
exp13:score_proj_l2h_lam0p20:seed44,dev,raw_t0p50,1,0,0.0,2
exp13:score_proj_l2h_lam0p20:seed44,dev,raw_t0p50,2,3,0.07894736842105263,2
exp13:score_proj_l2h_lam0p20:seed44,dev,raw_t0p50,3,9,0.23684210526315788,2
exp13:score_proj_l2h_lam0p20:seed44,dev,raw_t0p50,4,9,0.23684210526315788,2
exp13:score_proj_l2h_lam0p20:seed44,dev,raw_t0p50,5,17,0.4473684210526316,2
exp13:score_proj_l2h_lam0p20:seed44,dev,raw_t0p50,1,0,0.0,3
exp13:score_proj_l2h_lam0p20:seed44,dev,raw_t0p50,2,0,0.0,3
exp13:score_proj_l2h_lam0p20:seed44,dev,raw_t0p50,3,35,0.3333333333333333,3
exp13:score_proj_l2h_lam0p20:seed44,dev,raw_t0p50,4,44,0.41904761904761906,3
exp13:score_proj_l2h_lam0p20:seed44,dev,raw_t0p50,5,26,0.24761904761904763,3
exp13:score_proj_l2h_lam0p20:seed44,dev,raw_t0p50,1,0,0.0,4
exp13:score_proj_l2h_lam0p20:seed44,dev,raw_t0p50,2,0,0.0,4
exp13:score_proj_l2h_lam0p20:seed44,dev,raw_t0p50,3,44,0.11311053984575835,4
exp13:score_proj_l2h_lam0p20:seed44,dev,raw_t0p50,4,233,0.5989717223650386,4
exp13:score_proj_l2h_lam0p20:seed44,dev,raw_t0p50,5,112,0.2879177377892031,4
exp13:score_proj_l2h_lam0p20:seed44,dev,raw_t0p50,1,0,0.0,5
exp13:score_proj_l2h_lam0p20:seed44,dev,raw_t0p50,2,1,0.0017985611510791368,5
exp13:score_proj_l2h_lam0p20:seed44,dev,raw_t0p50,3,6,0.01079136690647482,5
exp13:score_proj_l2h_lam0p20:seed44,dev,raw_t0p50,4,120,0.2158273381294964,5
exp13:score_proj_l2h_lam0p20:seed44,dev,raw_t0p50,5,429,0.7715827338129496,5
exp13:score_proj_l2h_lam0p20:seed44,test,raw_t0p50,1,9,0.008159564823209429,
exp13:score_proj_l2h_lam0p20:seed44,test,raw_t0p50,2,5,0.004533091568449683,
exp13:score_proj_l2h_lam0p20:seed44,test,raw_t0p50,3,88,0.07978241160471441,
exp13:score_proj_l2h_lam0p20:seed44,test,raw_t0p50,4,432,0.3916591115140526,
exp13:score_proj_l2h_lam0p20:seed44,test,raw_t0p50,5,569,0.5158658204895739,
exp13:score_proj_l2h_lam0p20:seed44,test,raw_t0p50,1,8,0.8888888888888888,1
exp13:score_proj_l2h_lam0p20:seed44,test,raw_t0p50,2,0,0.0,1
exp13:score_proj_l2h_lam0p20:seed44,test,raw_t0p50,3,0,0.0,1
exp13:score_proj_l2h_lam0p20:seed44,test,raw_t0p50,4,0,0.0,1
exp13:score_proj_l2h_lam0p20:seed44,test,raw_t0p50,5,1,0.1111111111111111,1
exp13:score_proj_l2h_lam0p20:seed44,test,raw_t0p50,1,0,0.0,2
exp13:score_proj_l2h_lam0p20:seed44,test,raw_t0p50,2,0,0.0,2
exp13:score_proj_l2h_lam0p20:seed44,test,raw_t0p50,3,9,0.4090909090909091,2
exp13:score_proj_l2h_lam0p20:seed44,test,raw_t0p50,4,9,0.4090909090909091,2
exp13:score_proj_l2h_lam0p20:seed44,test,raw_t0p50,5,4,0.18181818181818182,2
exp13:score_proj_l2h_lam0p20:seed44,test,raw_t0p50,1,1,0.009523809523809525,3
exp13:score_proj_l2h_lam0p20:seed44,test,raw_t0p50,2,1,0.009523809523809525,3
exp13:score_proj_l2h_lam0p20:seed44,test,raw_t0p50,3,40,0.38095238095238093,3
exp13:score_proj_l2h_lam0p20:seed44,test,raw_t0p50,4,49,0.4666666666666667,3
exp13:score_proj_l2h_lam0p20:seed44,test,raw_t0p50,5,14,0.13333333333333333,3
exp13:score_proj_l2h_lam0p20:seed44,test,raw_t0p50,1,0,0.0,4
exp13:score_proj_l2h_lam0p20:seed44,test,raw_t0p50,2,1,0.002849002849002849,4
exp13:score_proj_l2h_lam0p20:seed44,test,raw_t0p50,3,33,0.09401709401709402,4
exp13:score_proj_l2h_lam0p20:seed44,test,raw_t0p50,4,232,0.6609686609686609,4
exp13:score_proj_l2h_lam0p20:seed44,test,raw_t0p50,5,85,0.24216524216524216,4
exp13:score_proj_l2h_lam0p20:seed44,test,raw_t0p50,1,0,0.0,5
exp13:score_proj_l2h_lam0p20:seed44,test,raw_t0p50,2,3,0.00487012987012987,5
exp13:score_proj_l2h_lam0p20:seed44,test,raw_t0p50,3,6,0.00974025974025974,5
exp13:score_proj_l2h_lam0p20:seed44,test,raw_t0p50,4,142,0.2305194805194805,5
exp13:score_proj_l2h_lam0p20:seed44,test,raw_t0p50,5,465,0.7548701298701299,5
exp13:score_proj_l2h_lam0p20:seed44,dev,pava_t0p50,1,13,0.011743450767841012,
exp13:score_proj_l2h_lam0p20:seed44,dev,pava_t0p50,2,4,0.0036133694670280035,
exp13:score_proj_l2h_lam0p20:seed44,dev,pava_t0p50,3,98,0.08852755194218609,
exp13:score_proj_l2h_lam0p20:seed44,dev,pava_t0p50,4,408,0.3685636856368564,
exp13:score_proj_l2h_lam0p20:seed44,dev,pava_t0p50,5,584,0.5275519421860885,
exp13:score_proj_l2h_lam0p20:seed44,dev,pava_t0p50,1,13,0.6842105263157895,1
exp13:score_proj_l2h_lam0p20:seed44,dev,pava_t0p50,2,0,0.0,1
exp13:score_proj_l2h_lam0p20:seed44,dev,pava_t0p50,3,4,0.21052631578947367,1
exp13:score_proj_l2h_lam0p20:seed44,dev,pava_t0p50,4,2,0.10526315789473684,1
exp13:score_proj_l2h_lam0p20:seed44,dev,pava_t0p50,5,0,0.0,1
exp13:score_proj_l2h_lam0p20:seed44,dev,pava_t0p50,1,0,0.0,2
exp13:score_proj_l2h_lam0p20:seed44,dev,pava_t0p50,2,3,0.07894736842105263,2
exp13:score_proj_l2h_lam0p20:seed44,dev,pava_t0p50,3,9,0.23684210526315788,2
exp13:score_proj_l2h_lam0p20:seed44,dev,pava_t0p50,4,9,0.23684210526315788,2
exp13:score_proj_l2h_lam0p20:seed44,dev,pava_t0p50,5,17,0.4473684210526316,2
exp13:score_proj_l2h_lam0p20:seed44,dev,pava_t0p50,1,0,0.0,3
exp13:score_proj_l2h_lam0p20:seed44,dev,pava_t0p50,2,0,0.0,3
exp13:score_proj_l2h_lam0p20:seed44,dev,pava_t0p50,3,35,0.3333333333333333,3
exp13:score_proj_l2h_lam0p20:seed44,dev,pava_t0p50,4,44,0.41904761904761906,3
exp13:score_proj_l2h_lam0p20:seed44,dev,pava_t0p50,5,26,0.24761904761904763,3
exp13:score_proj_l2h_lam0p20:seed44,dev,pava_t0p50,1,0,0.0,4
exp13:score_proj_l2h_lam0p20:seed44,dev,pava_t0p50,2,0,0.0,4
exp13:score_proj_l2h_lam0p20:seed44,dev,pava_t0p50,3,44,0.11311053984575835,4
exp13:score_proj_l2h_lam0p20:seed44,dev,pava_t0p50,4,233,0.5989717223650386,4
exp13:score_proj_l2h_lam0p20:seed44,dev,pava_t0p50,5,112,0.2879177377892031,4
exp13:score_proj_l2h_lam0p20:seed44,dev,pava_t0p50,1,0,0.0,5
exp13:score_proj_l2h_lam0p20:seed44,dev,pava_t0p50,2,1,0.0017985611510791368,5
exp13:score_proj_l2h_lam0p20:seed44,dev,pava_t0p50,3,6,0.01079136690647482,5
exp13:score_proj_l2h_lam0p20:seed44,dev,pava_t0p50,4,120,0.2158273381294964,5
exp13:score_proj_l2h_lam0p20:seed44,dev,pava_t0p50,5,429,0.7715827338129496,5
exp13:score_proj_l2h_lam0p20:seed44,test,pava_t0p50,1,9,0.008159564823209429,
exp13:score_proj_l2h_lam0p20:seed44,test,pava_t0p50,2,5,0.004533091568449683,
exp13:score_proj_l2h_lam0p20:seed44,test,pava_t0p50,3,88,0.07978241160471441,
exp13:score_proj_l2h_lam0p20:seed44,test,pava_t0p50,4,432,0.3916591115140526,
exp13:score_proj_l2h_lam0p20:seed44,test,pava_t0p50,5,569,0.5158658204895739,
exp13:score_proj_l2h_lam0p20:seed44,test,pava_t0p50,1,8,0.8888888888888888,1
exp13:score_proj_l2h_lam0p20:seed44,test,pava_t0p50,2,0,0.0,1
exp13:score_proj_l2h_lam0p20:seed44,test,pava_t0p50,3,0,0.0,1
exp13:score_proj_l2h_lam0p20:seed44,test,pava_t0p50,4,0,0.0,1
exp13:score_proj_l2h_lam0p20:seed44,test,pava_t0p50,5,1,0.1111111111111111,1
exp13:score_proj_l2h_lam0p20:seed44,test,pava_t0p50,1,0,0.0,2
exp13:score_proj_l2h_lam0p20:seed44,test,pava_t0p50,2,0,0.0,2
exp13:score_proj_l2h_lam0p20:seed44,test,pava_t0p50,3,9,0.4090909090909091,2
exp13:score_proj_l2h_lam0p20:seed44,test,pava_t0p50,4,9,0.4090909090909091,2
exp13:score_proj_l2h_lam0p20:seed44,test,pava_t0p50,5,4,0.18181818181818182,2
exp13:score_proj_l2h_lam0p20:seed44,test,pava_t0p50,1,1,0.009523809523809525,3
exp13:score_proj_l2h_lam0p20:seed44,test,pava_t0p50,2,1,0.009523809523809525,3
exp13:score_proj_l2h_lam0p20:seed44,test,pava_t0p50,3,40,0.38095238095238093,3
exp13:score_proj_l2h_lam0p20:seed44,test,pava_t0p50,4,49,0.4666666666666667,3
exp13:score_proj_l2h_lam0p20:seed44,test,pava_t0p50,5,14,0.13333333333333333,3
exp13:score_proj_l2h_lam0p20:seed44,test,pava_t0p50,1,0,0.0,4
exp13:score_proj_l2h_lam0p20:seed44,test,pava_t0p50,2,1,0.002849002849002849,4
exp13:score_proj_l2h_lam0p20:seed44,test,pava_t0p50,3,33,0.09401709401709402,4
exp13:score_proj_l2h_lam0p20:seed44,test,pava_t0p50,4,232,0.6609686609686609,4
exp13:score_proj_l2h_lam0p20:seed44,test,pava_t0p50,5,85,0.24216524216524216,4
exp13:score_proj_l2h_lam0p20:seed44,test,pava_t0p50,1,0,0.0,5
exp13:score_proj_l2h_lam0p20:seed44,test,pava_t0p50,2,3,0.00487012987012987,5
exp13:score_proj_l2h_lam0p20:seed44,test,pava_t0p50,3,6,0.00974025974025974,5
exp13:score_proj_l2h_lam0p20:seed44,test,pava_t0p50,4,142,0.2305194805194805,5
exp13:score_proj_l2h_lam0p20:seed44,test,pava_t0p50,5,465,0.7548701298701299,5
exp13:score_proj_l2h_lam0p20:seed44,dev,isotonic_pava_t0p50,1,13,0.011743450767841012,
exp13:score_proj_l2h_lam0p20:seed44,dev,isotonic_pava_t0p50,2,5,0.004516711833785004,
exp13:score_proj_l2h_lam0p20:seed44,dev,isotonic_pava_t0p50,3,48,0.04336043360433604,
exp13:score_proj_l2h_lam0p20:seed44,dev,isotonic_pava_t0p50,4,465,0.42005420054200543,
exp13:score_proj_l2h_lam0p20:seed44,dev,isotonic_pava_t0p50,5,576,0.5203252032520326,
exp13:score_proj_l2h_lam0p20:seed44,dev,isotonic_pava_t0p50,1,13,0.6842105263157895,1
exp13:score_proj_l2h_lam0p20:seed44,dev,isotonic_pava_t0p50,2,0,0.0,1
exp13:score_proj_l2h_lam0p20:seed44,dev,isotonic_pava_t0p50,3,4,0.21052631578947367,1
exp13:score_proj_l2h_lam0p20:seed44,dev,isotonic_pava_t0p50,4,2,0.10526315789473684,1
exp13:score_proj_l2h_lam0p20:seed44,dev,isotonic_pava_t0p50,5,0,0.0,1
exp13:score_proj_l2h_lam0p20:seed44,dev,isotonic_pava_t0p50,1,0,0.0,2
exp13:score_proj_l2h_lam0p20:seed44,dev,isotonic_pava_t0p50,2,4,0.10526315789473684,2
exp13:score_proj_l2h_lam0p20:seed44,dev,isotonic_pava_t0p50,3,7,0.18421052631578946,2
exp13:score_proj_l2h_lam0p20:seed44,dev,isotonic_pava_t0p50,4,11,0.2894736842105263,2
exp13:score_proj_l2h_lam0p20:seed44,dev,isotonic_pava_t0p50,5,16,0.42105263157894735,2
exp13:score_proj_l2h_lam0p20:seed44,dev,isotonic_pava_t0p50,1,0,0.0,3
exp13:score_proj_l2h_lam0p20:seed44,dev,isotonic_pava_t0p50,2,0,0.0,3
exp13:score_proj_l2h_lam0p20:seed44,dev,isotonic_pava_t0p50,3,20,0.19047619047619047,3
exp13:score_proj_l2h_lam0p20:seed44,dev,isotonic_pava_t0p50,4,59,0.5619047619047619,3
exp13:score_proj_l2h_lam0p20:seed44,dev,isotonic_pava_t0p50,5,26,0.24761904761904763,3
exp13:score_proj_l2h_lam0p20:seed44,dev,isotonic_pava_t0p50,1,0,0.0,4
exp13:score_proj_l2h_lam0p20:seed44,dev,isotonic_pava_t0p50,2,0,0.0,4
exp13:score_proj_l2h_lam0p20:seed44,dev,isotonic_pava_t0p50,3,15,0.038560411311053984,4
exp13:score_proj_l2h_lam0p20:seed44,dev,isotonic_pava_t0p50,4,267,0.6863753213367609,4
exp13:score_proj_l2h_lam0p20:seed44,dev,isotonic_pava_t0p50,5,107,0.2750642673521851,4
exp13:score_proj_l2h_lam0p20:seed44,dev,isotonic_pava_t0p50,1,0,0.0,5
exp13:score_proj_l2h_lam0p20:seed44,dev,isotonic_pava_t0p50,2,1,0.0017985611510791368,5
exp13:score_proj_l2h_lam0p20:seed44,dev,isotonic_pava_t0p50,3,2,0.0035971223021582736,5
exp13:score_proj_l2h_lam0p20:seed44,dev,isotonic_pava_t0p50,4,126,0.22661870503597123,5
exp13:score_proj_l2h_lam0p20:seed44,dev,isotonic_pava_t0p50,5,427,0.7679856115107914,5
exp13:score_proj_l2h_lam0p20:seed44,test,isotonic_pava_t0p50,1,9,0.008159564823209429,
exp13:score_proj_l2h_lam0p20:seed44,test,isotonic_pava_t0p50,2,5,0.004533091568449683,
exp13:score_proj_l2h_lam0p20:seed44,test,isotonic_pava_t0p50,3,44,0.03989120580235721,
exp13:score_proj_l2h_lam0p20:seed44,test,isotonic_pava_t0p50,4,490,0.4442429737080689,
exp13:score_proj_l2h_lam0p20:seed44,test,isotonic_pava_t0p50,5,555,0.5031731640979148,
exp13:score_proj_l2h_lam0p20:seed44,test,isotonic_pava_t0p50,1,8,0.8888888888888888,1
exp13:score_proj_l2h_lam0p20:seed44,test,isotonic_pava_t0p50,2,0,0.0,1
exp13:score_proj_l2h_lam0p20:seed44,test,isotonic_pava_t0p50,3,0,0.0,1
exp13:score_proj_l2h_lam0p20:seed44,test,isotonic_pava_t0p50,4,0,0.0,1
exp13:score_proj_l2h_lam0p20:seed44,test,isotonic_pava_t0p50,5,1,0.1111111111111111,1
exp13:score_proj_l2h_lam0p20:seed44,test,isotonic_pava_t0p50,1,0,0.0,2
exp13:score_proj_l2h_lam0p20:seed44,test,isotonic_pava_t0p50,2,0,0.0,2
exp13:score_proj_l2h_lam0p20:seed44,test,isotonic_pava_t0p50,3,5,0.22727272727272727,2
exp13:score_proj_l2h_lam0p20:seed44,test,isotonic_pava_t0p50,4,13,0.5909090909090909,2
exp13:score_proj_l2h_lam0p20:seed44,test,isotonic_pava_t0p50,5,4,0.18181818181818182,2
exp13:score_proj_l2h_lam0p20:seed44,test,isotonic_pava_t0p50,1,1,0.009523809523809525,3
exp13:score_proj_l2h_lam0p20:seed44,test,isotonic_pava_t0p50,2,1,0.009523809523809525,3
exp13:score_proj_l2h_lam0p20:seed44,test,isotonic_pava_t0p50,3,22,0.20952380952380953,3
exp13:score_proj_l2h_lam0p20:seed44,test,isotonic_pava_t0p50,4,68,0.6476190476190476,3
exp13:score_proj_l2h_lam0p20:seed44,test,isotonic_pava_t0p50,5,13,0.12380952380952381,3
exp13:score_proj_l2h_lam0p20:seed44,test,isotonic_pava_t0p50,1,0,0.0,4
exp13:score_proj_l2h_lam0p20:seed44,test,isotonic_pava_t0p50,2,1,0.002849002849002849,4
exp13:score_proj_l2h_lam0p20:seed44,test,isotonic_pava_t0p50,3,14,0.039886039886039885,4
exp13:score_proj_l2h_lam0p20:seed44,test,isotonic_pava_t0p50,4,258,0.7350427350427351,4
exp13:score_proj_l2h_lam0p20:seed44,test,isotonic_pava_t0p50,5,78,0.2222222222222222,4
exp13:score_proj_l2h_lam0p20:seed44,test,isotonic_pava_t0p50,1,0,0.0,5
exp13:score_proj_l2h_lam0p20:seed44,test,isotonic_pava_t0p50,2,3,0.00487012987012987,5
exp13:score_proj_l2h_lam0p20:seed44,test,isotonic_pava_t0p50,3,3,0.00487012987012987,5
exp13:score_proj_l2h_lam0p20:seed44,test,isotonic_pava_t0p50,4,151,0.24512987012987014,5
exp13:score_proj_l2h_lam0p20:seed44,test,isotonic_pava_t0p50,5,459,0.7451298701298701,5
exp13:score_proj_l2h_lam0p20:seed44,dev,temp0p5_pava_t0p50,1,13,0.011743450767841012,
exp13:score_proj_l2h_lam0p20:seed44,dev,temp0p5_pava_t0p50,2,4,0.0036133694670280035,
exp13:score_proj_l2h_lam0p20:seed44,dev,temp0p5_pava_t0p50,3,98,0.08852755194218609,
exp13:score_proj_l2h_lam0p20:seed44,dev,temp0p5_pava_t0p50,4,408,0.3685636856368564,
exp13:score_proj_l2h_lam0p20:seed44,dev,temp0p5_pava_t0p50,5,584,0.5275519421860885,
exp13:score_proj_l2h_lam0p20:seed44,dev,temp0p5_pava_t0p50,1,13,0.6842105263157895,1
exp13:score_proj_l2h_lam0p20:seed44,dev,temp0p5_pava_t0p50,2,0,0.0,1
exp13:score_proj_l2h_lam0p20:seed44,dev,temp0p5_pava_t0p50,3,4,0.21052631578947367,1
exp13:score_proj_l2h_lam0p20:seed44,dev,temp0p5_pava_t0p50,4,2,0.10526315789473684,1
exp13:score_proj_l2h_lam0p20:seed44,dev,temp0p5_pava_t0p50,5,0,0.0,1
exp13:score_proj_l2h_lam0p20:seed44,dev,temp0p5_pava_t0p50,1,0,0.0,2
exp13:score_proj_l2h_lam0p20:seed44,dev,temp0p5_pava_t0p50,2,3,0.07894736842105263,2
exp13:score_proj_l2h_lam0p20:seed44,dev,temp0p5_pava_t0p50,3,9,0.23684210526315788,2
exp13:score_proj_l2h_lam0p20:seed44,dev,temp0p5_pava_t0p50,4,9,0.23684210526315788,2
exp13:score_proj_l2h_lam0p20:seed44,dev,temp0p5_pava_t0p50,5,17,0.4473684210526316,2
exp13:score_proj_l2h_lam0p20:seed44,dev,temp0p5_pava_t0p50,1,0,0.0,3
exp13:score_proj_l2h_lam0p20:seed44,dev,temp0p5_pava_t0p50,2,0,0.0,3
exp13:score_proj_l2h_lam0p20:seed44,dev,temp0p5_pava_t0p50,3,35,0.3333333333333333,3
exp13:score_proj_l2h_lam0p20:seed44,dev,temp0p5_pava_t0p50,4,44,0.41904761904761906,3
exp13:score_proj_l2h_lam0p20:seed44,dev,temp0p5_pava_t0p50,5,26,0.24761904761904763,3
exp13:score_proj_l2h_lam0p20:seed44,dev,temp0p5_pava_t0p50,1,0,0.0,4
exp13:score_proj_l2h_lam0p20:seed44,dev,temp0p5_pava_t0p50,2,0,0.0,4
exp13:score_proj_l2h_lam0p20:seed44,dev,temp0p5_pava_t0p50,3,44,0.11311053984575835,4
exp13:score_proj_l2h_lam0p20:seed44,dev,temp0p5_pava_t0p50,4,233,0.5989717223650386,4
exp13:score_proj_l2h_lam0p20:seed44,dev,temp0p5_pava_t0p50,5,112,0.2879177377892031,4
exp13:score_proj_l2h_lam0p20:seed44,dev,temp0p5_pava_t0p50,1,0,0.0,5
exp13:score_proj_l2h_lam0p20:seed44,dev,temp0p5_pava_t0p50,2,1,0.0017985611510791368,5
exp13:score_proj_l2h_lam0p20:seed44,dev,temp0p5_pava_t0p50,3,6,0.01079136690647482,5
exp13:score_proj_l2h_lam0p20:seed44,dev,temp0p5_pava_t0p50,4,120,0.2158273381294964,5
exp13:score_proj_l2h_lam0p20:seed44,dev,temp0p5_pava_t0p50,5,429,0.7715827338129496,5
exp13:score_proj_l2h_lam0p20:seed44,test,temp0p5_pava_t0p50,1,9,0.008159564823209429,
exp13:score_proj_l2h_lam0p20:seed44,test,temp0p5_pava_t0p50,2,5,0.004533091568449683,
exp13:score_proj_l2h_lam0p20:seed44,test,temp0p5_pava_t0p50,3,88,0.07978241160471441,
exp13:score_proj_l2h_lam0p20:seed44,test,temp0p5_pava_t0p50,4,432,0.3916591115140526,
exp13:score_proj_l2h_lam0p20:seed44,test,temp0p5_pava_t0p50,5,569,0.5158658204895739,
exp13:score_proj_l2h_lam0p20:seed44,test,temp0p5_pava_t0p50,1,8,0.8888888888888888,1
exp13:score_proj_l2h_lam0p20:seed44,test,temp0p5_pava_t0p50,2,0,0.0,1
exp13:score_proj_l2h_lam0p20:seed44,test,temp0p5_pava_t0p50,3,0,0.0,1
exp13:score_proj_l2h_lam0p20:seed44,test,temp0p5_pava_t0p50,4,0,0.0,1
exp13:score_proj_l2h_lam0p20:seed44,test,temp0p5_pava_t0p50,5,1,0.1111111111111111,1
exp13:score_proj_l2h_lam0p20:seed44,test,temp0p5_pava_t0p50,1,0,0.0,2
exp13:score_proj_l2h_lam0p20:seed44,test,temp0p5_pava_t0p50,2,0,0.0,2
exp13:score_proj_l2h_lam0p20:seed44,test,temp0p5_pava_t0p50,3,9,0.4090909090909091,2
exp13:score_proj_l2h_lam0p20:seed44,test,temp0p5_pava_t0p50,4,9,0.4090909090909091,2
exp13:score_proj_l2h_lam0p20:seed44,test,temp0p5_pava_t0p50,5,4,0.18181818181818182,2
exp13:score_proj_l2h_lam0p20:seed44,test,temp0p5_pava_t0p50,1,1,0.009523809523809525,3
exp13:score_proj_l2h_lam0p20:seed44,test,temp0p5_pava_t0p50,2,1,0.009523809523809525,3
exp13:score_proj_l2h_lam0p20:seed44,test,temp0p5_pava_t0p50,3,40,0.38095238095238093,3
exp13:score_proj_l2h_lam0p20:seed44,test,temp0p5_pava_t0p50,4,49,0.4666666666666667,3
exp13:score_proj_l2h_lam0p20:seed44,test,temp0p5_pava_t0p50,5,14,0.13333333333333333,3
exp13:score_proj_l2h_lam0p20:seed44,test,temp0p5_pava_t0p50,1,0,0.0,4
exp13:score_proj_l2h_lam0p20:seed44,test,temp0p5_pava_t0p50,2,1,0.002849002849002849,4
exp13:score_proj_l2h_lam0p20:seed44,test,temp0p5_pava_t0p50,3,33,0.09401709401709402,4
exp13:score_proj_l2h_lam0p20:seed44,test,temp0p5_pava_t0p50,4,232,0.6609686609686609,4
exp13:score_proj_l2h_lam0p20:seed44,test,temp0p5_pava_t0p50,5,85,0.24216524216524216,4
exp13:score_proj_l2h_lam0p20:seed44,test,temp0p5_pava_t0p50,1,0,0.0,5
exp13:score_proj_l2h_lam0p20:seed44,test,temp0p5_pava_t0p50,2,3,0.00487012987012987,5
exp13:score_proj_l2h_lam0p20:seed44,test,temp0p5_pava_t0p50,3,6,0.00974025974025974,5
exp13:score_proj_l2h_lam0p20:seed44,test,temp0p5_pava_t0p50,4,142,0.2305194805194805,5
exp13:score_proj_l2h_lam0p20:seed44,test,temp0p5_pava_t0p50,5,465,0.7548701298701299,5
exp13:score_proj_l2h_lam0p20:seed44,dev,temp0p75_pava_t0p50,1,13,0.011743450767841012,
exp13:score_proj_l2h_lam0p20:seed44,dev,temp0p75_pava_t0p50,2,4,0.0036133694670280035,
exp13:score_proj_l2h_lam0p20:seed44,dev,temp0p75_pava_t0p50,3,98,0.08852755194218609,
exp13:score_proj_l2h_lam0p20:seed44,dev,temp0p75_pava_t0p50,4,408,0.3685636856368564,
exp13:score_proj_l2h_lam0p20:seed44,dev,temp0p75_pava_t0p50,5,584,0.5275519421860885,
exp13:score_proj_l2h_lam0p20:seed44,dev,temp0p75_pava_t0p50,1,13,0.6842105263157895,1
exp13:score_proj_l2h_lam0p20:seed44,dev,temp0p75_pava_t0p50,2,0,0.0,1
exp13:score_proj_l2h_lam0p20:seed44,dev,temp0p75_pava_t0p50,3,4,0.21052631578947367,1
exp13:score_proj_l2h_lam0p20:seed44,dev,temp0p75_pava_t0p50,4,2,0.10526315789473684,1
exp13:score_proj_l2h_lam0p20:seed44,dev,temp0p75_pava_t0p50,5,0,0.0,1
exp13:score_proj_l2h_lam0p20:seed44,dev,temp0p75_pava_t0p50,1,0,0.0,2
exp13:score_proj_l2h_lam0p20:seed44,dev,temp0p75_pava_t0p50,2,3,0.07894736842105263,2
exp13:score_proj_l2h_lam0p20:seed44,dev,temp0p75_pava_t0p50,3,9,0.23684210526315788,2
exp13:score_proj_l2h_lam0p20:seed44,dev,temp0p75_pava_t0p50,4,9,0.23684210526315788,2
exp13:score_proj_l2h_lam0p20:seed44,dev,temp0p75_pava_t0p50,5,17,0.4473684210526316,2
exp13:score_proj_l2h_lam0p20:seed44,dev,temp0p75_pava_t0p50,1,0,0.0,3
exp13:score_proj_l2h_lam0p20:seed44,dev,temp0p75_pava_t0p50,2,0,0.0,3
exp13:score_proj_l2h_lam0p20:seed44,dev,temp0p75_pava_t0p50,3,35,0.3333333333333333,3
exp13:score_proj_l2h_lam0p20:seed44,dev,temp0p75_pava_t0p50,4,44,0.41904761904761906,3
exp13:score_proj_l2h_lam0p20:seed44,dev,temp0p75_pava_t0p50,5,26,0.24761904761904763,3
exp13:score_proj_l2h_lam0p20:seed44,dev,temp0p75_pava_t0p50,1,0,0.0,4
exp13:score_proj_l2h_lam0p20:seed44,dev,temp0p75_pava_t0p50,2,0,0.0,4
exp13:score_proj_l2h_lam0p20:seed44,dev,temp0p75_pava_t0p50,3,44,0.11311053984575835,4
exp13:score_proj_l2h_lam0p20:seed44,dev,temp0p75_pava_t0p50,4,233,0.5989717223650386,4
exp13:score_proj_l2h_lam0p20:seed44,dev,temp0p75_pava_t0p50,5,112,0.2879177377892031,4
exp13:score_proj_l2h_lam0p20:seed44,dev,temp0p75_pava_t0p50,1,0,0.0,5
exp13:score_proj_l2h_lam0p20:seed44,dev,temp0p75_pava_t0p50,2,1,0.0017985611510791368,5
exp13:score_proj_l2h_lam0p20:seed44,dev,temp0p75_pava_t0p50,3,6,0.01079136690647482,5
exp13:score_proj_l2h_lam0p20:seed44,dev,temp0p75_pava_t0p50,4,120,0.2158273381294964,5
exp13:score_proj_l2h_lam0p20:seed44,dev,temp0p75_pava_t0p50,5,429,0.7715827338129496,5
exp13:score_proj_l2h_lam0p20:seed44,test,temp0p75_pava_t0p50,1,9,0.008159564823209429,
exp13:score_proj_l2h_lam0p20:seed44,test,temp0p75_pava_t0p50,2,5,0.004533091568449683,
exp13:score_proj_l2h_lam0p20:seed44,test,temp0p75_pava_t0p50,3,88,0.07978241160471441,
exp13:score_proj_l2h_lam0p20:seed44,test,temp0p75_pava_t0p50,4,432,0.3916591115140526,
exp13:score_proj_l2h_lam0p20:seed44,test,temp0p75_pava_t0p50,5,569,0.5158658204895739,
exp13:score_proj_l2h_lam0p20:seed44,test,temp0p75_pava_t0p50,1,8,0.8888888888888888,1
exp13:score_proj_l2h_lam0p20:seed44,test,temp0p75_pava_t0p50,2,0,0.0,1
exp13:score_proj_l2h_lam0p20:seed44,test,temp0p75_pava_t0p50,3,0,0.0,1
exp13:score_proj_l2h_lam0p20:seed44,test,temp0p75_pava_t0p50,4,0,0.0,1
exp13:score_proj_l2h_lam0p20:seed44,test,temp0p75_pava_t0p50,5,1,0.1111111111111111,1
exp13:score_proj_l2h_lam0p20:seed44,test,temp0p75_pava_t0p50,1,0,0.0,2
exp13:score_proj_l2h_lam0p20:seed44,test,temp0p75_pava_t0p50,2,0,0.0,2
exp13:score_proj_l2h_lam0p20:seed44,test,temp0p75_pava_t0p50,3,9,0.4090909090909091,2
exp13:score_proj_l2h_lam0p20:seed44,test,temp0p75_pava_t0p50,4,9,0.4090909090909091,2
exp13:score_proj_l2h_lam0p20:seed44,test,temp0p75_pava_t0p50,5,4,0.18181818181818182,2
exp13:score_proj_l2h_lam0p20:seed44,test,temp0p75_pava_t0p50,1,1,0.009523809523809525,3
exp13:score_proj_l2h_lam0p20:seed44,test,temp0p75_pava_t0p50,2,1,0.009523809523809525,3
exp13:score_proj_l2h_lam0p20:seed44,test,temp0p75_pava_t0p50,3,40,0.38095238095238093,3
exp13:score_proj_l2h_lam0p20:seed44,test,temp0p75_pava_t0p50,4,49,0.4666666666666667,3
exp13:score_proj_l2h_lam0p20:seed44,test,temp0p75_pava_t0p50,5,14,0.13333333333333333,3
exp13:score_proj_l2h_lam0p20:seed44,test,temp0p75_pava_t0p50,1,0,0.0,4
exp13:score_proj_l2h_lam0p20:seed44,test,temp0p75_pava_t0p50,2,1,0.002849002849002849,4
exp13:score_proj_l2h_lam0p20:seed44,test,temp0p75_pava_t0p50,3,33,0.09401709401709402,4
exp13:score_proj_l2h_lam0p20:seed44,test,temp0p75_pava_t0p50,4,232,0.6609686609686609,4
exp13:score_proj_l2h_lam0p20:seed44,test,temp0p75_pava_t0p50,5,85,0.24216524216524216,4
exp13:score_proj_l2h_lam0p20:seed44,test,temp0p75_pava_t0p50,1,0,0.0,5
exp13:score_proj_l2h_lam0p20:seed44,test,temp0p75_pava_t0p50,2,3,0.00487012987012987,5
exp13:score_proj_l2h_lam0p20:seed44,test,temp0p75_pava_t0p50,3,6,0.00974025974025974,5
exp13:score_proj_l2h_lam0p20:seed44,test,temp0p75_pava_t0p50,4,142,0.2305194805194805,5
exp13:score_proj_l2h_lam0p20:seed44,test,temp0p75_pava_t0p50,5,465,0.7548701298701299,5
exp13:score_proj_l2h_lam0p20:seed44,dev,temp1p25_pava_t0p50,1,13,0.011743450767841012,
exp13:score_proj_l2h_lam0p20:seed44,dev,temp1p25_pava_t0p50,2,4,0.0036133694670280035,
exp13:score_proj_l2h_lam0p20:seed44,dev,temp1p25_pava_t0p50,3,98,0.08852755194218609,
exp13:score_proj_l2h_lam0p20:seed44,dev,temp1p25_pava_t0p50,4,408,0.3685636856368564,
exp13:score_proj_l2h_lam0p20:seed44,dev,temp1p25_pava_t0p50,5,584,0.5275519421860885,
exp13:score_proj_l2h_lam0p20:seed44,dev,temp1p25_pava_t0p50,1,13,0.6842105263157895,1
exp13:score_proj_l2h_lam0p20:seed44,dev,temp1p25_pava_t0p50,2,0,0.0,1
exp13:score_proj_l2h_lam0p20:seed44,dev,temp1p25_pava_t0p50,3,4,0.21052631578947367,1
exp13:score_proj_l2h_lam0p20:seed44,dev,temp1p25_pava_t0p50,4,2,0.10526315789473684,1
exp13:score_proj_l2h_lam0p20:seed44,dev,temp1p25_pava_t0p50,5,0,0.0,1
exp13:score_proj_l2h_lam0p20:seed44,dev,temp1p25_pava_t0p50,1,0,0.0,2
exp13:score_proj_l2h_lam0p20:seed44,dev,temp1p25_pava_t0p50,2,3,0.07894736842105263,2
exp13:score_proj_l2h_lam0p20:seed44,dev,temp1p25_pava_t0p50,3,9,0.23684210526315788,2
exp13:score_proj_l2h_lam0p20:seed44,dev,temp1p25_pava_t0p50,4,9,0.23684210526315788,2
exp13:score_proj_l2h_lam0p20:seed44,dev,temp1p25_pava_t0p50,5,17,0.4473684210526316,2
exp13:score_proj_l2h_lam0p20:seed44,dev,temp1p25_pava_t0p50,1,0,0.0,3
exp13:score_proj_l2h_lam0p20:seed44,dev,temp1p25_pava_t0p50,2,0,0.0,3
exp13:score_proj_l2h_lam0p20:seed44,dev,temp1p25_pava_t0p50,3,35,0.3333333333333333,3
exp13:score_proj_l2h_lam0p20:seed44,dev,temp1p25_pava_t0p50,4,44,0.41904761904761906,3
exp13:score_proj_l2h_lam0p20:seed44,dev,temp1p25_pava_t0p50,5,26,0.24761904761904763,3
exp13:score_proj_l2h_lam0p20:seed44,dev,temp1p25_pava_t0p50,1,0,0.0,4
exp13:score_proj_l2h_lam0p20:seed44,dev,temp1p25_pava_t0p50,2,0,0.0,4
exp13:score_proj_l2h_lam0p20:seed44,dev,temp1p25_pava_t0p50,3,44,0.11311053984575835,4
exp13:score_proj_l2h_lam0p20:seed44,dev,temp1p25_pava_t0p50,4,233,0.5989717223650386,4
exp13:score_proj_l2h_lam0p20:seed44,dev,temp1p25_pava_t0p50,5,112,0.2879177377892031,4
exp13:score_proj_l2h_lam0p20:seed44,dev,temp1p25_pava_t0p50,1,0,0.0,5
exp13:score_proj_l2h_lam0p20:seed44,dev,temp1p25_pava_t0p50,2,1,0.0017985611510791368,5
exp13:score_proj_l2h_lam0p20:seed44,dev,temp1p25_pava_t0p50,3,6,0.01079136690647482,5
exp13:score_proj_l2h_lam0p20:seed44,dev,temp1p25_pava_t0p50,4,120,0.2158273381294964,5
exp13:score_proj_l2h_lam0p20:seed44,dev,temp1p25_pava_t0p50,5,429,0.7715827338129496,5
exp13:score_proj_l2h_lam0p20:seed44,test,temp1p25_pava_t0p50,1,9,0.008159564823209429,
exp13:score_proj_l2h_lam0p20:seed44,test,temp1p25_pava_t0p50,2,5,0.004533091568449683,
exp13:score_proj_l2h_lam0p20:seed44,test,temp1p25_pava_t0p50,3,88,0.07978241160471441,
exp13:score_proj_l2h_lam0p20:seed44,test,temp1p25_pava_t0p50,4,432,0.3916591115140526,
exp13:score_proj_l2h_lam0p20:seed44,test,temp1p25_pava_t0p50,5,569,0.5158658204895739,
exp13:score_proj_l2h_lam0p20:seed44,test,temp1p25_pava_t0p50,1,8,0.8888888888888888,1
exp13:score_proj_l2h_lam0p20:seed44,test,temp1p25_pava_t0p50,2,0,0.0,1
exp13:score_proj_l2h_lam0p20:seed44,test,temp1p25_pava_t0p50,3,0,0.0,1
exp13:score_proj_l2h_lam0p20:seed44,test,temp1p25_pava_t0p50,4,0,0.0,1
exp13:score_proj_l2h_lam0p20:seed44,test,temp1p25_pava_t0p50,5,1,0.1111111111111111,1
exp13:score_proj_l2h_lam0p20:seed44,test,temp1p25_pava_t0p50,1,0,0.0,2
exp13:score_proj_l2h_lam0p20:seed44,test,temp1p25_pava_t0p50,2,0,0.0,2
exp13:score_proj_l2h_lam0p20:seed44,test,temp1p25_pava_t0p50,3,9,0.4090909090909091,2
exp13:score_proj_l2h_lam0p20:seed44,test,temp1p25_pava_t0p50,4,9,0.4090909090909091,2
exp13:score_proj_l2h_lam0p20:seed44,test,temp1p25_pava_t0p50,5,4,0.18181818181818182,2
exp13:score_proj_l2h_lam0p20:seed44,test,temp1p25_pava_t0p50,1,1,0.009523809523809525,3
exp13:score_proj_l2h_lam0p20:seed44,test,temp1p25_pava_t0p50,2,1,0.009523809523809525,3
exp13:score_proj_l2h_lam0p20:seed44,test,temp1p25_pava_t0p50,3,40,0.38095238095238093,3
exp13:score_proj_l2h_lam0p20:seed44,test,temp1p25_pava_t0p50,4,49,0.4666666666666667,3
exp13:score_proj_l2h_lam0p20:seed44,test,temp1p25_pava_t0p50,5,14,0.13333333333333333,3
exp13:score_proj_l2h_lam0p20:seed44,test,temp1p25_pava_t0p50,1,0,0.0,4
exp13:score_proj_l2h_lam0p20:seed44,test,temp1p25_pava_t0p50,2,1,0.002849002849002849,4
exp13:score_proj_l2h_lam0p20:seed44,test,temp1p25_pava_t0p50,3,33,0.09401709401709402,4
exp13:score_proj_l2h_lam0p20:seed44,test,temp1p25_pava_t0p50,4,232,0.6609686609686609,4
exp13:score_proj_l2h_lam0p20:seed44,test,temp1p25_pava_t0p50,5,85,0.24216524216524216,4
exp13:score_proj_l2h_lam0p20:seed44,test,temp1p25_pava_t0p50,1,0,0.0,5
exp13:score_proj_l2h_lam0p20:seed44,test,temp1p25_pava_t0p50,2,3,0.00487012987012987,5
exp13:score_proj_l2h_lam0p20:seed44,test,temp1p25_pava_t0p50,3,6,0.00974025974025974,5
exp13:score_proj_l2h_lam0p20:seed44,test,temp1p25_pava_t0p50,4,142,0.2305194805194805,5
exp13:score_proj_l2h_lam0p20:seed44,test,temp1p25_pava_t0p50,5,465,0.7548701298701299,5
exp13:score_proj_l2h_lam0p20:seed44,dev,temp1p5_pava_t0p50,1,13,0.011743450767841012,
exp13:score_proj_l2h_lam0p20:seed44,dev,temp1p5_pava_t0p50,2,4,0.0036133694670280035,
exp13:score_proj_l2h_lam0p20:seed44,dev,temp1p5_pava_t0p50,3,98,0.08852755194218609,
exp13:score_proj_l2h_lam0p20:seed44,dev,temp1p5_pava_t0p50,4,408,0.3685636856368564,
exp13:score_proj_l2h_lam0p20:seed44,dev,temp1p5_pava_t0p50,5,584,0.5275519421860885,
exp13:score_proj_l2h_lam0p20:seed44,dev,temp1p5_pava_t0p50,1,13,0.6842105263157895,1
exp13:score_proj_l2h_lam0p20:seed44,dev,temp1p5_pava_t0p50,2,0,0.0,1
exp13:score_proj_l2h_lam0p20:seed44,dev,temp1p5_pava_t0p50,3,4,0.21052631578947367,1
exp13:score_proj_l2h_lam0p20:seed44,dev,temp1p5_pava_t0p50,4,2,0.10526315789473684,1
exp13:score_proj_l2h_lam0p20:seed44,dev,temp1p5_pava_t0p50,5,0,0.0,1
exp13:score_proj_l2h_lam0p20:seed44,dev,temp1p5_pava_t0p50,1,0,0.0,2
exp13:score_proj_l2h_lam0p20:seed44,dev,temp1p5_pava_t0p50,2,3,0.07894736842105263,2
exp13:score_proj_l2h_lam0p20:seed44,dev,temp1p5_pava_t0p50,3,9,0.23684210526315788,2
exp13:score_proj_l2h_lam0p20:seed44,dev,temp1p5_pava_t0p50,4,9,0.23684210526315788,2
exp13:score_proj_l2h_lam0p20:seed44,dev,temp1p5_pava_t0p50,5,17,0.4473684210526316,2
exp13:score_proj_l2h_lam0p20:seed44,dev,temp1p5_pava_t0p50,1,0,0.0,3
exp13:score_proj_l2h_lam0p20:seed44,dev,temp1p5_pava_t0p50,2,0,0.0,3
exp13:score_proj_l2h_lam0p20:seed44,dev,temp1p5_pava_t0p50,3,35,0.3333333333333333,3
exp13:score_proj_l2h_lam0p20:seed44,dev,temp1p5_pava_t0p50,4,44,0.41904761904761906,3
exp13:score_proj_l2h_lam0p20:seed44,dev,temp1p5_pava_t0p50,5,26,0.24761904761904763,3
exp13:score_proj_l2h_lam0p20:seed44,dev,temp1p5_pava_t0p50,1,0,0.0,4
exp13:score_proj_l2h_lam0p20:seed44,dev,temp1p5_pava_t0p50,2,0,0.0,4
exp13:score_proj_l2h_lam0p20:seed44,dev,temp1p5_pava_t0p50,3,44,0.11311053984575835,4
exp13:score_proj_l2h_lam0p20:seed44,dev,temp1p5_pava_t0p50,4,233,0.5989717223650386,4
exp13:score_proj_l2h_lam0p20:seed44,dev,temp1p5_pava_t0p50,5,112,0.2879177377892031,4
exp13:score_proj_l2h_lam0p20:seed44,dev,temp1p5_pava_t0p50,1,0,0.0,5
exp13:score_proj_l2h_lam0p20:seed44,dev,temp1p5_pava_t0p50,2,1,0.0017985611510791368,5
exp13:score_proj_l2h_lam0p20:seed44,dev,temp1p5_pava_t0p50,3,6,0.01079136690647482,5
exp13:score_proj_l2h_lam0p20:seed44,dev,temp1p5_pava_t0p50,4,120,0.2158273381294964,5
exp13:score_proj_l2h_lam0p20:seed44,dev,temp1p5_pava_t0p50,5,429,0.7715827338129496,5
exp13:score_proj_l2h_lam0p20:seed44,test,temp1p5_pava_t0p50,1,9,0.008159564823209429,
exp13:score_proj_l2h_lam0p20:seed44,test,temp1p5_pava_t0p50,2,5,0.004533091568449683,
exp13:score_proj_l2h_lam0p20:seed44,test,temp1p5_pava_t0p50,3,88,0.07978241160471441,
exp13:score_proj_l2h_lam0p20:seed44,test,temp1p5_pava_t0p50,4,432,0.3916591115140526,
exp13:score_proj_l2h_lam0p20:seed44,test,temp1p5_pava_t0p50,5,569,0.5158658204895739,
exp13:score_proj_l2h_lam0p20:seed44,test,temp1p5_pava_t0p50,1,8,0.8888888888888888,1
exp13:score_proj_l2h_lam0p20:seed44,test,temp1p5_pava_t0p50,2,0,0.0,1
exp13:score_proj_l2h_lam0p20:seed44,test,temp1p5_pava_t0p50,3,0,0.0,1
exp13:score_proj_l2h_lam0p20:seed44,test,temp1p5_pava_t0p50,4,0,0.0,1
exp13:score_proj_l2h_lam0p20:seed44,test,temp1p5_pava_t0p50,5,1,0.1111111111111111,1
exp13:score_proj_l2h_lam0p20:seed44,test,temp1p5_pava_t0p50,1,0,0.0,2
exp13:score_proj_l2h_lam0p20:seed44,test,temp1p5_pava_t0p50,2,0,0.0,2
exp13:score_proj_l2h_lam0p20:seed44,test,temp1p5_pava_t0p50,3,9,0.4090909090909091,2
exp13:score_proj_l2h_lam0p20:seed44,test,temp1p5_pava_t0p50,4,9,0.4090909090909091,2
exp13:score_proj_l2h_lam0p20:seed44,test,temp1p5_pava_t0p50,5,4,0.18181818181818182,2
exp13:score_proj_l2h_lam0p20:seed44,test,temp1p5_pava_t0p50,1,1,0.009523809523809525,3
exp13:score_proj_l2h_lam0p20:seed44,test,temp1p5_pava_t0p50,2,1,0.009523809523809525,3
exp13:score_proj_l2h_lam0p20:seed44,test,temp1p5_pava_t0p50,3,40,0.38095238095238093,3
exp13:score_proj_l2h_lam0p20:seed44,test,temp1p5_pava_t0p50,4,49,0.4666666666666667,3
exp13:score_proj_l2h_lam0p20:seed44,test,temp1p5_pava_t0p50,5,14,0.13333333333333333,3
exp13:score_proj_l2h_lam0p20:seed44,test,temp1p5_pava_t0p50,1,0,0.0,4
exp13:score_proj_l2h_lam0p20:seed44,test,temp1p5_pava_t0p50,2,1,0.002849002849002849,4
exp13:score_proj_l2h_lam0p20:seed44,test,temp1p5_pava_t0p50,3,33,0.09401709401709402,4
exp13:score_proj_l2h_lam0p20:seed44,test,temp1p5_pava_t0p50,4,232,0.6609686609686609,4
exp13:score_proj_l2h_lam0p20:seed44,test,temp1p5_pava_t0p50,5,85,0.24216524216524216,4
exp13:score_proj_l2h_lam0p20:seed44,test,temp1p5_pava_t0p50,1,0,0.0,5
exp13:score_proj_l2h_lam0p20:seed44,test,temp1p5_pava_t0p50,2,3,0.00487012987012987,5
exp13:score_proj_l2h_lam0p20:seed44,test,temp1p5_pava_t0p50,3,6,0.00974025974025974,5
exp13:score_proj_l2h_lam0p20:seed44,test,temp1p5_pava_t0p50,4,142,0.2305194805194805,5
exp13:score_proj_l2h_lam0p20:seed44,test,temp1p5_pava_t0p50,5,465,0.7548701298701299,5
exp13:score_proj_l2h_lam0p20:seed44,dev,temp2p0_pava_t0p50,1,13,0.011743450767841012,
exp13:score_proj_l2h_lam0p20:seed44,dev,temp2p0_pava_t0p50,2,4,0.0036133694670280035,
exp13:score_proj_l2h_lam0p20:seed44,dev,temp2p0_pava_t0p50,3,98,0.08852755194218609,
exp13:score_proj_l2h_lam0p20:seed44,dev,temp2p0_pava_t0p50,4,408,0.3685636856368564,
exp13:score_proj_l2h_lam0p20:seed44,dev,temp2p0_pava_t0p50,5,584,0.5275519421860885,
exp13:score_proj_l2h_lam0p20:seed44,dev,temp2p0_pava_t0p50,1,13,0.6842105263157895,1
exp13:score_proj_l2h_lam0p20:seed44,dev,temp2p0_pava_t0p50,2,0,0.0,1
exp13:score_proj_l2h_lam0p20:seed44,dev,temp2p0_pava_t0p50,3,4,0.21052631578947367,1
exp13:score_proj_l2h_lam0p20:seed44,dev,temp2p0_pava_t0p50,4,2,0.10526315789473684,1
exp13:score_proj_l2h_lam0p20:seed44,dev,temp2p0_pava_t0p50,5,0,0.0,1
exp13:score_proj_l2h_lam0p20:seed44,dev,temp2p0_pava_t0p50,1,0,0.0,2
exp13:score_proj_l2h_lam0p20:seed44,dev,temp2p0_pava_t0p50,2,3,0.07894736842105263,2
exp13:score_proj_l2h_lam0p20:seed44,dev,temp2p0_pava_t0p50,3,9,0.23684210526315788,2
exp13:score_proj_l2h_lam0p20:seed44,dev,temp2p0_pava_t0p50,4,9,0.23684210526315788,2
exp13:score_proj_l2h_lam0p20:seed44,dev,temp2p0_pava_t0p50,5,17,0.4473684210526316,2
exp13:score_proj_l2h_lam0p20:seed44,dev,temp2p0_pava_t0p50,1,0,0.0,3
exp13:score_proj_l2h_lam0p20:seed44,dev,temp2p0_pava_t0p50,2,0,0.0,3
exp13:score_proj_l2h_lam0p20:seed44,dev,temp2p0_pava_t0p50,3,35,0.3333333333333333,3
exp13:score_proj_l2h_lam0p20:seed44,dev,temp2p0_pava_t0p50,4,44,0.41904761904761906,3
exp13:score_proj_l2h_lam0p20:seed44,dev,temp2p0_pava_t0p50,5,26,0.24761904761904763,3
exp13:score_proj_l2h_lam0p20:seed44,dev,temp2p0_pava_t0p50,1,0,0.0,4
exp13:score_proj_l2h_lam0p20:seed44,dev,temp2p0_pava_t0p50,2,0,0.0,4
exp13:score_proj_l2h_lam0p20:seed44,dev,temp2p0_pava_t0p50,3,44,0.11311053984575835,4
exp13:score_proj_l2h_lam0p20:seed44,dev,temp2p0_pava_t0p50,4,233,0.5989717223650386,4
exp13:score_proj_l2h_lam0p20:seed44,dev,temp2p0_pava_t0p50,5,112,0.2879177377892031,4
exp13:score_proj_l2h_lam0p20:seed44,dev,temp2p0_pava_t0p50,1,0,0.0,5
exp13:score_proj_l2h_lam0p20:seed44,dev,temp2p0_pava_t0p50,2,1,0.0017985611510791368,5
exp13:score_proj_l2h_lam0p20:seed44,dev,temp2p0_pava_t0p50,3,6,0.01079136690647482,5
exp13:score_proj_l2h_lam0p20:seed44,dev,temp2p0_pava_t0p50,4,120,0.2158273381294964,5
exp13:score_proj_l2h_lam0p20:seed44,dev,temp2p0_pava_t0p50,5,429,0.7715827338129496,5
exp13:score_proj_l2h_lam0p20:seed44,test,temp2p0_pava_t0p50,1,9,0.008159564823209429,
exp13:score_proj_l2h_lam0p20:seed44,test,temp2p0_pava_t0p50,2,5,0.004533091568449683,
exp13:score_proj_l2h_lam0p20:seed44,test,temp2p0_pava_t0p50,3,88,0.07978241160471441,
exp13:score_proj_l2h_lam0p20:seed44,test,temp2p0_pava_t0p50,4,432,0.3916591115140526,
exp13:score_proj_l2h_lam0p20:seed44,test,temp2p0_pava_t0p50,5,569,0.5158658204895739,
exp13:score_proj_l2h_lam0p20:seed44,test,temp2p0_pava_t0p50,1,8,0.8888888888888888,1
exp13:score_proj_l2h_lam0p20:seed44,test,temp2p0_pava_t0p50,2,0,0.0,1
exp13:score_proj_l2h_lam0p20:seed44,test,temp2p0_pava_t0p50,3,0,0.0,1
exp13:score_proj_l2h_lam0p20:seed44,test,temp2p0_pava_t0p50,4,0,0.0,1
exp13:score_proj_l2h_lam0p20:seed44,test,temp2p0_pava_t0p50,5,1,0.1111111111111111,1
exp13:score_proj_l2h_lam0p20:seed44,test,temp2p0_pava_t0p50,1,0,0.0,2
exp13:score_proj_l2h_lam0p20:seed44,test,temp2p0_pava_t0p50,2,0,0.0,2
exp13:score_proj_l2h_lam0p20:seed44,test,temp2p0_pava_t0p50,3,9,0.4090909090909091,2
exp13:score_proj_l2h_lam0p20:seed44,test,temp2p0_pava_t0p50,4,9,0.4090909090909091,2
exp13:score_proj_l2h_lam0p20:seed44,test,temp2p0_pava_t0p50,5,4,0.18181818181818182,2
exp13:score_proj_l2h_lam0p20:seed44,test,temp2p0_pava_t0p50,1,1,0.009523809523809525,3
exp13:score_proj_l2h_lam0p20:seed44,test,temp2p0_pava_t0p50,2,1,0.009523809523809525,3
exp13:score_proj_l2h_lam0p20:seed44,test,temp2p0_pava_t0p50,3,40,0.38095238095238093,3
exp13:score_proj_l2h_lam0p20:seed44,test,temp2p0_pava_t0p50,4,49,0.4666666666666667,3
exp13:score_proj_l2h_lam0p20:seed44,test,temp2p0_pava_t0p50,5,14,0.13333333333333333,3
exp13:score_proj_l2h_lam0p20:seed44,test,temp2p0_pava_t0p50,1,0,0.0,4
exp13:score_proj_l2h_lam0p20:seed44,test,temp2p0_pava_t0p50,2,1,0.002849002849002849,4
exp13:score_proj_l2h_lam0p20:seed44,test,temp2p0_pava_t0p50,3,33,0.09401709401709402,4
exp13:score_proj_l2h_lam0p20:seed44,test,temp2p0_pava_t0p50,4,232,0.6609686609686609,4
exp13:score_proj_l2h_lam0p20:seed44,test,temp2p0_pava_t0p50,5,85,0.24216524216524216,4
exp13:score_proj_l2h_lam0p20:seed44,test,temp2p0_pava_t0p50,1,0,0.0,5
exp13:score_proj_l2h_lam0p20:seed44,test,temp2p0_pava_t0p50,2,3,0.00487012987012987,5
exp13:score_proj_l2h_lam0p20:seed44,test,temp2p0_pava_t0p50,3,6,0.00974025974025974,5
exp13:score_proj_l2h_lam0p20:seed44,test,temp2p0_pava_t0p50,4,142,0.2305194805194805,5
exp13:score_proj_l2h_lam0p20:seed44,test,temp2p0_pava_t0p50,5,465,0.7548701298701299,5
exp13:score_proj_l2h_lam0p20:seed44,dev,temp3p0_pava_t0p50,1,13,0.011743450767841012,
exp13:score_proj_l2h_lam0p20:seed44,dev,temp3p0_pava_t0p50,2,4,0.0036133694670280035,
exp13:score_proj_l2h_lam0p20:seed44,dev,temp3p0_pava_t0p50,3,98,0.08852755194218609,
exp13:score_proj_l2h_lam0p20:seed44,dev,temp3p0_pava_t0p50,4,408,0.3685636856368564,
exp13:score_proj_l2h_lam0p20:seed44,dev,temp3p0_pava_t0p50,5,584,0.5275519421860885,
exp13:score_proj_l2h_lam0p20:seed44,dev,temp3p0_pava_t0p50,1,13,0.6842105263157895,1
exp13:score_proj_l2h_lam0p20:seed44,dev,temp3p0_pava_t0p50,2,0,0.0,1
exp13:score_proj_l2h_lam0p20:seed44,dev,temp3p0_pava_t0p50,3,4,0.21052631578947367,1
exp13:score_proj_l2h_lam0p20:seed44,dev,temp3p0_pava_t0p50,4,2,0.10526315789473684,1
exp13:score_proj_l2h_lam0p20:seed44,dev,temp3p0_pava_t0p50,5,0,0.0,1
exp13:score_proj_l2h_lam0p20:seed44,dev,temp3p0_pava_t0p50,1,0,0.0,2
exp13:score_proj_l2h_lam0p20:seed44,dev,temp3p0_pava_t0p50,2,3,0.07894736842105263,2
exp13:score_proj_l2h_lam0p20:seed44,dev,temp3p0_pava_t0p50,3,9,0.23684210526315788,2
exp13:score_proj_l2h_lam0p20:seed44,dev,temp3p0_pava_t0p50,4,9,0.23684210526315788,2
exp13:score_proj_l2h_lam0p20:seed44,dev,temp3p0_pava_t0p50,5,17,0.4473684210526316,2
exp13:score_proj_l2h_lam0p20:seed44,dev,temp3p0_pava_t0p50,1,0,0.0,3
exp13:score_proj_l2h_lam0p20:seed44,dev,temp3p0_pava_t0p50,2,0,0.0,3
exp13:score_proj_l2h_lam0p20:seed44,dev,temp3p0_pava_t0p50,3,35,0.3333333333333333,3
exp13:score_proj_l2h_lam0p20:seed44,dev,temp3p0_pava_t0p50,4,44,0.41904761904761906,3
exp13:score_proj_l2h_lam0p20:seed44,dev,temp3p0_pava_t0p50,5,26,0.24761904761904763,3
exp13:score_proj_l2h_lam0p20:seed44,dev,temp3p0_pava_t0p50,1,0,0.0,4
exp13:score_proj_l2h_lam0p20:seed44,dev,temp3p0_pava_t0p50,2,0,0.0,4
exp13:score_proj_l2h_lam0p20:seed44,dev,temp3p0_pava_t0p50,3,44,0.11311053984575835,4
exp13:score_proj_l2h_lam0p20:seed44,dev,temp3p0_pava_t0p50,4,233,0.5989717223650386,4
exp13:score_proj_l2h_lam0p20:seed44,dev,temp3p0_pava_t0p50,5,112,0.2879177377892031,4
exp13:score_proj_l2h_lam0p20:seed44,dev,temp3p0_pava_t0p50,1,0,0.0,5
exp13:score_proj_l2h_lam0p20:seed44,dev,temp3p0_pava_t0p50,2,1,0.0017985611510791368,5
exp13:score_proj_l2h_lam0p20:seed44,dev,temp3p0_pava_t0p50,3,6,0.01079136690647482,5
exp13:score_proj_l2h_lam0p20:seed44,dev,temp3p0_pava_t0p50,4,120,0.2158273381294964,5
exp13:score_proj_l2h_lam0p20:seed44,dev,temp3p0_pava_t0p50,5,429,0.7715827338129496,5
exp13:score_proj_l2h_lam0p20:seed44,test,temp3p0_pava_t0p50,1,9,0.008159564823209429,
exp13:score_proj_l2h_lam0p20:seed44,test,temp3p0_pava_t0p50,2,5,0.004533091568449683,
exp13:score_proj_l2h_lam0p20:seed44,test,temp3p0_pava_t0p50,3,88,0.07978241160471441,
exp13:score_proj_l2h_lam0p20:seed44,test,temp3p0_pava_t0p50,4,432,0.3916591115140526,
exp13:score_proj_l2h_lam0p20:seed44,test,temp3p0_pava_t0p50,5,569,0.5158658204895739,
exp13:score_proj_l2h_lam0p20:seed44,test,temp3p0_pava_t0p50,1,8,0.8888888888888888,1
exp13:score_proj_l2h_lam0p20:seed44,test,temp3p0_pava_t0p50,2,0,0.0,1
exp13:score_proj_l2h_lam0p20:seed44,test,temp3p0_pava_t0p50,3,0,0.0,1
exp13:score_proj_l2h_lam0p20:seed44,test,temp3p0_pava_t0p50,4,0,0.0,1
exp13:score_proj_l2h_lam0p20:seed44,test,temp3p0_pava_t0p50,5,1,0.1111111111111111,1
exp13:score_proj_l2h_lam0p20:seed44,test,temp3p0_pava_t0p50,1,0,0.0,2
exp13:score_proj_l2h_lam0p20:seed44,test,temp3p0_pava_t0p50,2,0,0.0,2
exp13:score_proj_l2h_lam0p20:seed44,test,temp3p0_pava_t0p50,3,9,0.4090909090909091,2
exp13:score_proj_l2h_lam0p20:seed44,test,temp3p0_pava_t0p50,4,9,0.4090909090909091,2
exp13:score_proj_l2h_lam0p20:seed44,test,temp3p0_pava_t0p50,5,4,0.18181818181818182,2
exp13:score_proj_l2h_lam0p20:seed44,test,temp3p0_pava_t0p50,1,1,0.009523809523809525,3
exp13:score_proj_l2h_lam0p20:seed44,test,temp3p0_pava_t0p50,2,1,0.009523809523809525,3
exp13:score_proj_l2h_lam0p20:seed44,test,temp3p0_pava_t0p50,3,40,0.38095238095238093,3
exp13:score_proj_l2h_lam0p20:seed44,test,temp3p0_pava_t0p50,4,49,0.4666666666666667,3
exp13:score_proj_l2h_lam0p20:seed44,test,temp3p0_pava_t0p50,5,14,0.13333333333333333,3
exp13:score_proj_l2h_lam0p20:seed44,test,temp3p0_pava_t0p50,1,0,0.0,4
exp13:score_proj_l2h_lam0p20:seed44,test,temp3p0_pava_t0p50,2,1,0.002849002849002849,4
exp13:score_proj_l2h_lam0p20:seed44,test,temp3p0_pava_t0p50,3,33,0.09401709401709402,4
exp13:score_proj_l2h_lam0p20:seed44,test,temp3p0_pava_t0p50,4,232,0.6609686609686609,4
exp13:score_proj_l2h_lam0p20:seed44,test,temp3p0_pava_t0p50,5,85,0.24216524216524216,4
exp13:score_proj_l2h_lam0p20:seed44,test,temp3p0_pava_t0p50,1,0,0.0,5
exp13:score_proj_l2h_lam0p20:seed44,test,temp3p0_pava_t0p50,2,3,0.00487012987012987,5
exp13:score_proj_l2h_lam0p20:seed44,test,temp3p0_pava_t0p50,3,6,0.00974025974025974,5
exp13:score_proj_l2h_lam0p20:seed44,test,temp3p0_pava_t0p50,4,142,0.2305194805194805,5
exp13:score_proj_l2h_lam0p20:seed44,test,temp3p0_pava_t0p50,5,465,0.7548701298701299,5
exp13:score_proj_l2h_lam0p20:seed44,dev,temp4p0_pava_t0p50,1,13,0.011743450767841012,
exp13:score_proj_l2h_lam0p20:seed44,dev,temp4p0_pava_t0p50,2,4,0.0036133694670280035,
exp13:score_proj_l2h_lam0p20:seed44,dev,temp4p0_pava_t0p50,3,98,0.08852755194218609,
exp13:score_proj_l2h_lam0p20:seed44,dev,temp4p0_pava_t0p50,4,408,0.3685636856368564,
exp13:score_proj_l2h_lam0p20:seed44,dev,temp4p0_pava_t0p50,5,584,0.5275519421860885,
exp13:score_proj_l2h_lam0p20:seed44,dev,temp4p0_pava_t0p50,1,13,0.6842105263157895,1
exp13:score_proj_l2h_lam0p20:seed44,dev,temp4p0_pava_t0p50,2,0,0.0,1
exp13:score_proj_l2h_lam0p20:seed44,dev,temp4p0_pava_t0p50,3,4,0.21052631578947367,1
exp13:score_proj_l2h_lam0p20:seed44,dev,temp4p0_pava_t0p50,4,2,0.10526315789473684,1
exp13:score_proj_l2h_lam0p20:seed44,dev,temp4p0_pava_t0p50,5,0,0.0,1
exp13:score_proj_l2h_lam0p20:seed44,dev,temp4p0_pava_t0p50,1,0,0.0,2
exp13:score_proj_l2h_lam0p20:seed44,dev,temp4p0_pava_t0p50,2,3,0.07894736842105263,2
exp13:score_proj_l2h_lam0p20:seed44,dev,temp4p0_pava_t0p50,3,9,0.23684210526315788,2
exp13:score_proj_l2h_lam0p20:seed44,dev,temp4p0_pava_t0p50,4,9,0.23684210526315788,2
exp13:score_proj_l2h_lam0p20:seed44,dev,temp4p0_pava_t0p50,5,17,0.4473684210526316,2
exp13:score_proj_l2h_lam0p20:seed44,dev,temp4p0_pava_t0p50,1,0,0.0,3
exp13:score_proj_l2h_lam0p20:seed44,dev,temp4p0_pava_t0p50,2,0,0.0,3
exp13:score_proj_l2h_lam0p20:seed44,dev,temp4p0_pava_t0p50,3,35,0.3333333333333333,3
exp13:score_proj_l2h_lam0p20:seed44,dev,temp4p0_pava_t0p50,4,44,0.41904761904761906,3
exp13:score_proj_l2h_lam0p20:seed44,dev,temp4p0_pava_t0p50,5,26,0.24761904761904763,3
exp13:score_proj_l2h_lam0p20:seed44,dev,temp4p0_pava_t0p50,1,0,0.0,4
exp13:score_proj_l2h_lam0p20:seed44,dev,temp4p0_pava_t0p50,2,0,0.0,4
exp13:score_proj_l2h_lam0p20:seed44,dev,temp4p0_pava_t0p50,3,44,0.11311053984575835,4
exp13:score_proj_l2h_lam0p20:seed44,dev,temp4p0_pava_t0p50,4,233,0.5989717223650386,4
exp13:score_proj_l2h_lam0p20:seed44,dev,temp4p0_pava_t0p50,5,112,0.2879177377892031,4
exp13:score_proj_l2h_lam0p20:seed44,dev,temp4p0_pava_t0p50,1,0,0.0,5
exp13:score_proj_l2h_lam0p20:seed44,dev,temp4p0_pava_t0p50,2,1,0.0017985611510791368,5
exp13:score_proj_l2h_lam0p20:seed44,dev,temp4p0_pava_t0p50,3,6,0.01079136690647482,5
exp13:score_proj_l2h_lam0p20:seed44,dev,temp4p0_pava_t0p50,4,120,0.2158273381294964,5
exp13:score_proj_l2h_lam0p20:seed44,dev,temp4p0_pava_t0p50,5,429,0.7715827338129496,5
exp13:score_proj_l2h_lam0p20:seed44,test,temp4p0_pava_t0p50,1,9,0.008159564823209429,
exp13:score_proj_l2h_lam0p20:seed44,test,temp4p0_pava_t0p50,2,5,0.004533091568449683,
exp13:score_proj_l2h_lam0p20:seed44,test,temp4p0_pava_t0p50,3,88,0.07978241160471441,
exp13:score_proj_l2h_lam0p20:seed44,test,temp4p0_pava_t0p50,4,432,0.3916591115140526,
exp13:score_proj_l2h_lam0p20:seed44,test,temp4p0_pava_t0p50,5,569,0.5158658204895739,
exp13:score_proj_l2h_lam0p20:seed44,test,temp4p0_pava_t0p50,1,8,0.8888888888888888,1
exp13:score_proj_l2h_lam0p20:seed44,test,temp4p0_pava_t0p50,2,0,0.0,1
exp13:score_proj_l2h_lam0p20:seed44,test,temp4p0_pava_t0p50,3,0,0.0,1
exp13:score_proj_l2h_lam0p20:seed44,test,temp4p0_pava_t0p50,4,0,0.0,1
exp13:score_proj_l2h_lam0p20:seed44,test,temp4p0_pava_t0p50,5,1,0.1111111111111111,1
exp13:score_proj_l2h_lam0p20:seed44,test,temp4p0_pava_t0p50,1,0,0.0,2
exp13:score_proj_l2h_lam0p20:seed44,test,temp4p0_pava_t0p50,2,0,0.0,2
exp13:score_proj_l2h_lam0p20:seed44,test,temp4p0_pava_t0p50,3,9,0.4090909090909091,2
exp13:score_proj_l2h_lam0p20:seed44,test,temp4p0_pava_t0p50,4,9,0.4090909090909091,2
exp13:score_proj_l2h_lam0p20:seed44,test,temp4p0_pava_t0p50,5,4,0.18181818181818182,2
exp13:score_proj_l2h_lam0p20:seed44,test,temp4p0_pava_t0p50,1,1,0.009523809523809525,3
exp13:score_proj_l2h_lam0p20:seed44,test,temp4p0_pava_t0p50,2,1,0.009523809523809525,3
exp13:score_proj_l2h_lam0p20:seed44,test,temp4p0_pava_t0p50,3,40,0.38095238095238093,3
exp13:score_proj_l2h_lam0p20:seed44,test,temp4p0_pava_t0p50,4,49,0.4666666666666667,3
exp13:score_proj_l2h_lam0p20:seed44,test,temp4p0_pava_t0p50,5,14,0.13333333333333333,3
exp13:score_proj_l2h_lam0p20:seed44,test,temp4p0_pava_t0p50,1,0,0.0,4
exp13:score_proj_l2h_lam0p20:seed44,test,temp4p0_pava_t0p50,2,1,0.002849002849002849,4
exp13:score_proj_l2h_lam0p20:seed44,test,temp4p0_pava_t0p50,3,33,0.09401709401709402,4
exp13:score_proj_l2h_lam0p20:seed44,test,temp4p0_pava_t0p50,4,232,0.6609686609686609,4
exp13:score_proj_l2h_lam0p20:seed44,test,temp4p0_pava_t0p50,5,85,0.24216524216524216,4
exp13:score_proj_l2h_lam0p20:seed44,test,temp4p0_pava_t0p50,1,0,0.0,5
exp13:score_proj_l2h_lam0p20:seed44,test,temp4p0_pava_t0p50,2,3,0.00487012987012987,5
exp13:score_proj_l2h_lam0p20:seed44,test,temp4p0_pava_t0p50,3,6,0.00974025974025974,5
exp13:score_proj_l2h_lam0p20:seed44,test,temp4p0_pava_t0p50,4,142,0.2305194805194805,5
exp13:score_proj_l2h_lam0p20:seed44,test,temp4p0_pava_t0p50,5,465,0.7548701298701299,5
exp13:score_proj_l2h_lam0p20:seed44,dev,pava_all_tau0p55,1,13,0.011743450767841012,
exp13:score_proj_l2h_lam0p20:seed44,dev,pava_all_tau0p55,2,5,0.004516711833785004,
exp13:score_proj_l2h_lam0p20:seed44,dev,pava_all_tau0p55,3,102,0.0921409214092141,
exp13:score_proj_l2h_lam0p20:seed44,dev,pava_all_tau0p55,4,419,0.3785004516711834,
exp13:score_proj_l2h_lam0p20:seed44,dev,pava_all_tau0p55,5,568,0.5130984643179766,
exp13:score_proj_l2h_lam0p20:seed44,dev,pava_all_tau0p55,1,13,0.6842105263157895,1
exp13:score_proj_l2h_lam0p20:seed44,dev,pava_all_tau0p55,2,0,0.0,1
exp13:score_proj_l2h_lam0p20:seed44,dev,pava_all_tau0p55,3,4,0.21052631578947367,1
exp13:score_proj_l2h_lam0p20:seed44,dev,pava_all_tau0p55,4,2,0.10526315789473684,1
exp13:score_proj_l2h_lam0p20:seed44,dev,pava_all_tau0p55,5,0,0.0,1
exp13:score_proj_l2h_lam0p20:seed44,dev,pava_all_tau0p55,1,0,0.0,2
exp13:score_proj_l2h_lam0p20:seed44,dev,pava_all_tau0p55,2,4,0.10526315789473684,2
exp13:score_proj_l2h_lam0p20:seed44,dev,pava_all_tau0p55,3,8,0.21052631578947367,2
exp13:score_proj_l2h_lam0p20:seed44,dev,pava_all_tau0p55,4,10,0.2631578947368421,2
exp13:score_proj_l2h_lam0p20:seed44,dev,pava_all_tau0p55,5,16,0.42105263157894735,2
exp13:score_proj_l2h_lam0p20:seed44,dev,pava_all_tau0p55,1,0,0.0,3
exp13:score_proj_l2h_lam0p20:seed44,dev,pava_all_tau0p55,2,0,0.0,3
exp13:score_proj_l2h_lam0p20:seed44,dev,pava_all_tau0p55,3,36,0.34285714285714286,3
exp13:score_proj_l2h_lam0p20:seed44,dev,pava_all_tau0p55,4,43,0.4095238095238095,3
exp13:score_proj_l2h_lam0p20:seed44,dev,pava_all_tau0p55,5,26,0.24761904761904763,3
exp13:score_proj_l2h_lam0p20:seed44,dev,pava_all_tau0p55,1,0,0.0,4
exp13:score_proj_l2h_lam0p20:seed44,dev,pava_all_tau0p55,2,0,0.0,4
exp13:score_proj_l2h_lam0p20:seed44,dev,pava_all_tau0p55,3,46,0.11825192802056556,4
exp13:score_proj_l2h_lam0p20:seed44,dev,pava_all_tau0p55,4,238,0.6118251928020566,4
exp13:score_proj_l2h_lam0p20:seed44,dev,pava_all_tau0p55,5,105,0.2699228791773779,4
exp13:score_proj_l2h_lam0p20:seed44,dev,pava_all_tau0p55,1,0,0.0,5
exp13:score_proj_l2h_lam0p20:seed44,dev,pava_all_tau0p55,2,1,0.0017985611510791368,5
exp13:score_proj_l2h_lam0p20:seed44,dev,pava_all_tau0p55,3,8,0.014388489208633094,5
exp13:score_proj_l2h_lam0p20:seed44,dev,pava_all_tau0p55,4,126,0.22661870503597123,5
exp13:score_proj_l2h_lam0p20:seed44,dev,pava_all_tau0p55,5,421,0.7571942446043165,5
exp13:score_proj_l2h_lam0p20:seed44,test,pava_all_tau0p55,1,9,0.008159564823209429,
exp13:score_proj_l2h_lam0p20:seed44,test,pava_all_tau0p55,2,5,0.004533091568449683,
exp13:score_proj_l2h_lam0p20:seed44,test,pava_all_tau0p55,3,97,0.08794197642792384,
exp13:score_proj_l2h_lam0p20:seed44,test,pava_all_tau0p55,4,448,0.40616500453309157,
exp13:score_proj_l2h_lam0p20:seed44,test,pava_all_tau0p55,5,544,0.4932003626473255,
exp13:score_proj_l2h_lam0p20:seed44,test,pava_all_tau0p55,1,8,0.8888888888888888,1
exp13:score_proj_l2h_lam0p20:seed44,test,pava_all_tau0p55,2,0,0.0,1
exp13:score_proj_l2h_lam0p20:seed44,test,pava_all_tau0p55,3,0,0.0,1
exp13:score_proj_l2h_lam0p20:seed44,test,pava_all_tau0p55,4,0,0.0,1
exp13:score_proj_l2h_lam0p20:seed44,test,pava_all_tau0p55,5,1,0.1111111111111111,1
exp13:score_proj_l2h_lam0p20:seed44,test,pava_all_tau0p55,1,0,0.0,2
exp13:score_proj_l2h_lam0p20:seed44,test,pava_all_tau0p55,2,0,0.0,2
exp13:score_proj_l2h_lam0p20:seed44,test,pava_all_tau0p55,3,10,0.45454545454545453,2
exp13:score_proj_l2h_lam0p20:seed44,test,pava_all_tau0p55,4,8,0.36363636363636365,2
exp13:score_proj_l2h_lam0p20:seed44,test,pava_all_tau0p55,5,4,0.18181818181818182,2
exp13:score_proj_l2h_lam0p20:seed44,test,pava_all_tau0p55,1,1,0.009523809523809525,3
exp13:score_proj_l2h_lam0p20:seed44,test,pava_all_tau0p55,2,1,0.009523809523809525,3
exp13:score_proj_l2h_lam0p20:seed44,test,pava_all_tau0p55,3,40,0.38095238095238093,3
exp13:score_proj_l2h_lam0p20:seed44,test,pava_all_tau0p55,4,51,0.4857142857142857,3
exp13:score_proj_l2h_lam0p20:seed44,test,pava_all_tau0p55,5,12,0.11428571428571428,3
exp13:score_proj_l2h_lam0p20:seed44,test,pava_all_tau0p55,1,0,0.0,4
exp13:score_proj_l2h_lam0p20:seed44,test,pava_all_tau0p55,2,1,0.002849002849002849,4
exp13:score_proj_l2h_lam0p20:seed44,test,pava_all_tau0p55,3,41,0.1168091168091168,4
exp13:score_proj_l2h_lam0p20:seed44,test,pava_all_tau0p55,4,237,0.6752136752136753,4
exp13:score_proj_l2h_lam0p20:seed44,test,pava_all_tau0p55,5,72,0.20512820512820512,4
exp13:score_proj_l2h_lam0p20:seed44,test,pava_all_tau0p55,1,0,0.0,5
exp13:score_proj_l2h_lam0p20:seed44,test,pava_all_tau0p55,2,3,0.00487012987012987,5
exp13:score_proj_l2h_lam0p20:seed44,test,pava_all_tau0p55,3,6,0.00974025974025974,5
exp13:score_proj_l2h_lam0p20:seed44,test,pava_all_tau0p55,4,152,0.24675324675324675,5
exp13:score_proj_l2h_lam0p20:seed44,test,pava_all_tau0p55,5,455,0.7386363636363636,5
exp13:score_proj_l2h_lam0p20:seed44,dev,pava_all_tau0p60,1,13,0.011743450767841012,
exp13:score_proj_l2h_lam0p20:seed44,dev,pava_all_tau0p60,2,5,0.004516711833785004,
exp13:score_proj_l2h_lam0p20:seed44,dev,pava_all_tau0p60,3,108,0.0975609756097561,
exp13:score_proj_l2h_lam0p20:seed44,dev,pava_all_tau0p60,4,432,0.3902439024390244,
exp13:score_proj_l2h_lam0p20:seed44,dev,pava_all_tau0p60,5,549,0.4959349593495935,
exp13:score_proj_l2h_lam0p20:seed44,dev,pava_all_tau0p60,1,13,0.6842105263157895,1
exp13:score_proj_l2h_lam0p20:seed44,dev,pava_all_tau0p60,2,0,0.0,1
exp13:score_proj_l2h_lam0p20:seed44,dev,pava_all_tau0p60,3,4,0.21052631578947367,1
exp13:score_proj_l2h_lam0p20:seed44,dev,pava_all_tau0p60,4,2,0.10526315789473684,1
exp13:score_proj_l2h_lam0p20:seed44,dev,pava_all_tau0p60,5,0,0.0,1
exp13:score_proj_l2h_lam0p20:seed44,dev,pava_all_tau0p60,1,0,0.0,2
exp13:score_proj_l2h_lam0p20:seed44,dev,pava_all_tau0p60,2,4,0.10526315789473684,2
exp13:score_proj_l2h_lam0p20:seed44,dev,pava_all_tau0p60,3,8,0.21052631578947367,2
exp13:score_proj_l2h_lam0p20:seed44,dev,pava_all_tau0p60,4,11,0.2894736842105263,2
exp13:score_proj_l2h_lam0p20:seed44,dev,pava_all_tau0p60,5,15,0.39473684210526316,2
exp13:score_proj_l2h_lam0p20:seed44,dev,pava_all_tau0p60,1,0,0.0,3
exp13:score_proj_l2h_lam0p20:seed44,dev,pava_all_tau0p60,2,0,0.0,3
exp13:score_proj_l2h_lam0p20:seed44,dev,pava_all_tau0p60,3,37,0.3523809523809524,3
exp13:score_proj_l2h_lam0p20:seed44,dev,pava_all_tau0p60,4,43,0.4095238095238095,3
exp13:score_proj_l2h_lam0p20:seed44,dev,pava_all_tau0p60,5,25,0.23809523809523808,3
exp13:score_proj_l2h_lam0p20:seed44,dev,pava_all_tau0p60,1,0,0.0,4
exp13:score_proj_l2h_lam0p20:seed44,dev,pava_all_tau0p60,2,0,0.0,4
exp13:score_proj_l2h_lam0p20:seed44,dev,pava_all_tau0p60,3,50,0.12853470437017994,4
exp13:score_proj_l2h_lam0p20:seed44,dev,pava_all_tau0p60,4,240,0.6169665809768637,4
exp13:score_proj_l2h_lam0p20:seed44,dev,pava_all_tau0p60,5,99,0.2544987146529563,4
exp13:score_proj_l2h_lam0p20:seed44,dev,pava_all_tau0p60,1,0,0.0,5
exp13:score_proj_l2h_lam0p20:seed44,dev,pava_all_tau0p60,2,1,0.0017985611510791368,5
exp13:score_proj_l2h_lam0p20:seed44,dev,pava_all_tau0p60,3,9,0.01618705035971223,5
exp13:score_proj_l2h_lam0p20:seed44,dev,pava_all_tau0p60,4,136,0.2446043165467626,5
exp13:score_proj_l2h_lam0p20:seed44,dev,pava_all_tau0p60,5,410,0.737410071942446,5
exp13:score_proj_l2h_lam0p20:seed44,test,pava_all_tau0p60,1,9,0.008159564823209429,
exp13:score_proj_l2h_lam0p20:seed44,test,pava_all_tau0p60,2,5,0.004533091568449683,
exp13:score_proj_l2h_lam0p20:seed44,test,pava_all_tau0p60,3,103,0.09338168631006347,
exp13:score_proj_l2h_lam0p20:seed44,test,pava_all_tau0p60,4,460,0.4170444242973708,
exp13:score_proj_l2h_lam0p20:seed44,test,pava_all_tau0p60,5,526,0.4768812330009066,
exp13:score_proj_l2h_lam0p20:seed44,test,pava_all_tau0p60,1,8,0.8888888888888888,1
exp13:score_proj_l2h_lam0p20:seed44,test,pava_all_tau0p60,2,0,0.0,1
exp13:score_proj_l2h_lam0p20:seed44,test,pava_all_tau0p60,3,0,0.0,1
exp13:score_proj_l2h_lam0p20:seed44,test,pava_all_tau0p60,4,0,0.0,1
exp13:score_proj_l2h_lam0p20:seed44,test,pava_all_tau0p60,5,1,0.1111111111111111,1
exp13:score_proj_l2h_lam0p20:seed44,test,pava_all_tau0p60,1,0,0.0,2
exp13:score_proj_l2h_lam0p20:seed44,test,pava_all_tau0p60,2,0,0.0,2
exp13:score_proj_l2h_lam0p20:seed44,test,pava_all_tau0p60,3,10,0.45454545454545453,2
exp13:score_proj_l2h_lam0p20:seed44,test,pava_all_tau0p60,4,8,0.36363636363636365,2
exp13:score_proj_l2h_lam0p20:seed44,test,pava_all_tau0p60,5,4,0.18181818181818182,2
exp13:score_proj_l2h_lam0p20:seed44,test,pava_all_tau0p60,1,1,0.009523809523809525,3
exp13:score_proj_l2h_lam0p20:seed44,test,pava_all_tau0p60,2,1,0.009523809523809525,3
exp13:score_proj_l2h_lam0p20:seed44,test,pava_all_tau0p60,3,41,0.3904761904761905,3
exp13:score_proj_l2h_lam0p20:seed44,test,pava_all_tau0p60,4,50,0.47619047619047616,3
exp13:score_proj_l2h_lam0p20:seed44,test,pava_all_tau0p60,5,12,0.11428571428571428,3
exp13:score_proj_l2h_lam0p20:seed44,test,pava_all_tau0p60,1,0,0.0,4
exp13:score_proj_l2h_lam0p20:seed44,test,pava_all_tau0p60,2,1,0.002849002849002849,4
exp13:score_proj_l2h_lam0p20:seed44,test,pava_all_tau0p60,3,46,0.13105413105413105,4
exp13:score_proj_l2h_lam0p20:seed44,test,pava_all_tau0p60,4,236,0.6723646723646723,4
exp13:score_proj_l2h_lam0p20:seed44,test,pava_all_tau0p60,5,68,0.19373219373219372,4
exp13:score_proj_l2h_lam0p20:seed44,test,pava_all_tau0p60,1,0,0.0,5
exp13:score_proj_l2h_lam0p20:seed44,test,pava_all_tau0p60,2,3,0.00487012987012987,5
exp13:score_proj_l2h_lam0p20:seed44,test,pava_all_tau0p60,3,6,0.00974025974025974,5
exp13:score_proj_l2h_lam0p20:seed44,test,pava_all_tau0p60,4,166,0.2694805194805195,5
exp13:score_proj_l2h_lam0p20:seed44,test,pava_all_tau0p60,5,441,0.7159090909090909,5
exp13:score_proj_l2h_lam0p20:seed44,dev,pava_all_tau0p65,1,13,0.011743450767841012,
exp13:score_proj_l2h_lam0p20:seed44,dev,pava_all_tau0p65,2,7,0.006323396567299007,
exp13:score_proj_l2h_lam0p20:seed44,dev,pava_all_tau0p65,3,116,0.10478771454381211,
exp13:score_proj_l2h_lam0p20:seed44,dev,pava_all_tau0p65,4,436,0.3938572719060524,
exp13:score_proj_l2h_lam0p20:seed44,dev,pava_all_tau0p65,5,535,0.4832881662149955,
exp13:score_proj_l2h_lam0p20:seed44,dev,pava_all_tau0p65,1,13,0.6842105263157895,1
exp13:score_proj_l2h_lam0p20:seed44,dev,pava_all_tau0p65,2,0,0.0,1
exp13:score_proj_l2h_lam0p20:seed44,dev,pava_all_tau0p65,3,4,0.21052631578947367,1
exp13:score_proj_l2h_lam0p20:seed44,dev,pava_all_tau0p65,4,2,0.10526315789473684,1
exp13:score_proj_l2h_lam0p20:seed44,dev,pava_all_tau0p65,5,0,0.0,1
exp13:score_proj_l2h_lam0p20:seed44,dev,pava_all_tau0p65,1,0,0.0,2
exp13:score_proj_l2h_lam0p20:seed44,dev,pava_all_tau0p65,2,4,0.10526315789473684,2
exp13:score_proj_l2h_lam0p20:seed44,dev,pava_all_tau0p65,3,8,0.21052631578947367,2
exp13:score_proj_l2h_lam0p20:seed44,dev,pava_all_tau0p65,4,12,0.3157894736842105,2
exp13:score_proj_l2h_lam0p20:seed44,dev,pava_all_tau0p65,5,14,0.3684210526315789,2
exp13:score_proj_l2h_lam0p20:seed44,dev,pava_all_tau0p65,1,0,0.0,3
exp13:score_proj_l2h_lam0p20:seed44,dev,pava_all_tau0p65,2,0,0.0,3
exp13:score_proj_l2h_lam0p20:seed44,dev,pava_all_tau0p65,3,40,0.38095238095238093,3
exp13:score_proj_l2h_lam0p20:seed44,dev,pava_all_tau0p65,4,41,0.3904761904761905,3
exp13:score_proj_l2h_lam0p20:seed44,dev,pava_all_tau0p65,5,24,0.22857142857142856,3
exp13:score_proj_l2h_lam0p20:seed44,dev,pava_all_tau0p65,1,0,0.0,4
exp13:score_proj_l2h_lam0p20:seed44,dev,pava_all_tau0p65,2,0,0.0,4
exp13:score_proj_l2h_lam0p20:seed44,dev,pava_all_tau0p65,3,55,0.14138817480719795,4
exp13:score_proj_l2h_lam0p20:seed44,dev,pava_all_tau0p65,4,241,0.6195372750642674,4
exp13:score_proj_l2h_lam0p20:seed44,dev,pava_all_tau0p65,5,93,0.2390745501285347,4
exp13:score_proj_l2h_lam0p20:seed44,dev,pava_all_tau0p65,1,0,0.0,5
exp13:score_proj_l2h_lam0p20:seed44,dev,pava_all_tau0p65,2,3,0.00539568345323741,5
exp13:score_proj_l2h_lam0p20:seed44,dev,pava_all_tau0p65,3,9,0.01618705035971223,5
exp13:score_proj_l2h_lam0p20:seed44,dev,pava_all_tau0p65,4,140,0.2517985611510791,5
exp13:score_proj_l2h_lam0p20:seed44,dev,pava_all_tau0p65,5,404,0.7266187050359713,5
exp13:score_proj_l2h_lam0p20:seed44,test,pava_all_tau0p65,1,9,0.008159564823209429,
exp13:score_proj_l2h_lam0p20:seed44,test,pava_all_tau0p65,2,6,0.005439709882139619,
exp13:score_proj_l2h_lam0p20:seed44,test,pava_all_tau0p65,3,109,0.09882139619220308,
exp13:score_proj_l2h_lam0p20:seed44,test,pava_all_tau0p65,4,473,0.42883046237534,
exp13:score_proj_l2h_lam0p20:seed44,test,pava_all_tau0p65,5,506,0.4587488667271079,
exp13:score_proj_l2h_lam0p20:seed44,test,pava_all_tau0p65,1,8,0.8888888888888888,1
exp13:score_proj_l2h_lam0p20:seed44,test,pava_all_tau0p65,2,0,0.0,1
exp13:score_proj_l2h_lam0p20:seed44,test,pava_all_tau0p65,3,0,0.0,1
exp13:score_proj_l2h_lam0p20:seed44,test,pava_all_tau0p65,4,0,0.0,1
exp13:score_proj_l2h_lam0p20:seed44,test,pava_all_tau0p65,5,1,0.1111111111111111,1
exp13:score_proj_l2h_lam0p20:seed44,test,pava_all_tau0p65,1,0,0.0,2
exp13:score_proj_l2h_lam0p20:seed44,test,pava_all_tau0p65,2,0,0.0,2
exp13:score_proj_l2h_lam0p20:seed44,test,pava_all_tau0p65,3,11,0.5,2
exp13:score_proj_l2h_lam0p20:seed44,test,pava_all_tau0p65,4,7,0.3181818181818182,2
exp13:score_proj_l2h_lam0p20:seed44,test,pava_all_tau0p65,5,4,0.18181818181818182,2
exp13:score_proj_l2h_lam0p20:seed44,test,pava_all_tau0p65,1,1,0.009523809523809525,3
exp13:score_proj_l2h_lam0p20:seed44,test,pava_all_tau0p65,2,1,0.009523809523809525,3
exp13:score_proj_l2h_lam0p20:seed44,test,pava_all_tau0p65,3,42,0.4,3
exp13:score_proj_l2h_lam0p20:seed44,test,pava_all_tau0p65,4,49,0.4666666666666667,3
exp13:score_proj_l2h_lam0p20:seed44,test,pava_all_tau0p65,5,12,0.11428571428571428,3
exp13:score_proj_l2h_lam0p20:seed44,test,pava_all_tau0p65,1,0,0.0,4
exp13:score_proj_l2h_lam0p20:seed44,test,pava_all_tau0p65,2,2,0.005698005698005698,4
exp13:score_proj_l2h_lam0p20:seed44,test,pava_all_tau0p65,3,49,0.1396011396011396,4
exp13:score_proj_l2h_lam0p20:seed44,test,pava_all_tau0p65,4,237,0.6752136752136753,4
exp13:score_proj_l2h_lam0p20:seed44,test,pava_all_tau0p65,5,63,0.1794871794871795,4
exp13:score_proj_l2h_lam0p20:seed44,test,pava_all_tau0p65,1,0,0.0,5
exp13:score_proj_l2h_lam0p20:seed44,test,pava_all_tau0p65,2,3,0.00487012987012987,5
exp13:score_proj_l2h_lam0p20:seed44,test,pava_all_tau0p65,3,7,0.011363636363636364,5
exp13:score_proj_l2h_lam0p20:seed44,test,pava_all_tau0p65,4,180,0.2922077922077922,5
exp13:score_proj_l2h_lam0p20:seed44,test,pava_all_tau0p65,5,426,0.6915584415584416,5
exp13:score_proj_l2h_lam0p20:seed44,dev,pava_all_tau0p70,1,13,0.011743450767841012,
exp13:score_proj_l2h_lam0p20:seed44,dev,pava_all_tau0p70,2,7,0.006323396567299007,
exp13:score_proj_l2h_lam0p20:seed44,dev,pava_all_tau0p70,3,126,0.11382113821138211,
exp13:score_proj_l2h_lam0p20:seed44,dev,pava_all_tau0p70,4,442,0.3992773261065944,
exp13:score_proj_l2h_lam0p20:seed44,dev,pava_all_tau0p70,5,519,0.46883468834688347,
exp13:score_proj_l2h_lam0p20:seed44,dev,pava_all_tau0p70,1,13,0.6842105263157895,1
exp13:score_proj_l2h_lam0p20:seed44,dev,pava_all_tau0p70,2,0,0.0,1
exp13:score_proj_l2h_lam0p20:seed44,dev,pava_all_tau0p70,3,4,0.21052631578947367,1
exp13:score_proj_l2h_lam0p20:seed44,dev,pava_all_tau0p70,4,2,0.10526315789473684,1
exp13:score_proj_l2h_lam0p20:seed44,dev,pava_all_tau0p70,5,0,0.0,1
exp13:score_proj_l2h_lam0p20:seed44,dev,pava_all_tau0p70,1,0,0.0,2
exp13:score_proj_l2h_lam0p20:seed44,dev,pava_all_tau0p70,2,4,0.10526315789473684,2
exp13:score_proj_l2h_lam0p20:seed44,dev,pava_all_tau0p70,3,8,0.21052631578947367,2
exp13:score_proj_l2h_lam0p20:seed44,dev,pava_all_tau0p70,4,13,0.34210526315789475,2
exp13:score_proj_l2h_lam0p20:seed44,dev,pava_all_tau0p70,5,13,0.34210526315789475,2
exp13:score_proj_l2h_lam0p20:seed44,dev,pava_all_tau0p70,1,0,0.0,3
exp13:score_proj_l2h_lam0p20:seed44,dev,pava_all_tau0p70,2,0,0.0,3
exp13:score_proj_l2h_lam0p20:seed44,dev,pava_all_tau0p70,3,42,0.4,3
exp13:score_proj_l2h_lam0p20:seed44,dev,pava_all_tau0p70,4,40,0.38095238095238093,3
exp13:score_proj_l2h_lam0p20:seed44,dev,pava_all_tau0p70,5,23,0.21904761904761905,3
exp13:score_proj_l2h_lam0p20:seed44,dev,pava_all_tau0p70,1,0,0.0,4
exp13:score_proj_l2h_lam0p20:seed44,dev,pava_all_tau0p70,2,0,0.0,4
exp13:score_proj_l2h_lam0p20:seed44,dev,pava_all_tau0p70,3,61,0.15681233933161953,4
exp13:score_proj_l2h_lam0p20:seed44,dev,pava_all_tau0p70,4,242,0.622107969151671,4
exp13:score_proj_l2h_lam0p20:seed44,dev,pava_all_tau0p70,5,86,0.2210796915167095,4
exp13:score_proj_l2h_lam0p20:seed44,dev,pava_all_tau0p70,1,0,0.0,5
exp13:score_proj_l2h_lam0p20:seed44,dev,pava_all_tau0p70,2,3,0.00539568345323741,5
exp13:score_proj_l2h_lam0p20:seed44,dev,pava_all_tau0p70,3,11,0.019784172661870502,5
exp13:score_proj_l2h_lam0p20:seed44,dev,pava_all_tau0p70,4,145,0.2607913669064748,5
exp13:score_proj_l2h_lam0p20:seed44,dev,pava_all_tau0p70,5,397,0.7140287769784173,5
exp13:score_proj_l2h_lam0p20:seed44,test,pava_all_tau0p70,1,9,0.008159564823209429,
exp13:score_proj_l2h_lam0p20:seed44,test,pava_all_tau0p70,2,7,0.006346328195829556,
exp13:score_proj_l2h_lam0p20:seed44,test,pava_all_tau0p70,3,126,0.11423390752493201,
exp13:score_proj_l2h_lam0p20:seed44,test,pava_all_tau0p70,4,487,0.44152311876699907,
exp13:score_proj_l2h_lam0p20:seed44,test,pava_all_tau0p70,5,474,0.42973708068902994,
exp13:score_proj_l2h_lam0p20:seed44,test,pava_all_tau0p70,1,8,0.8888888888888888,1
exp13:score_proj_l2h_lam0p20:seed44,test,pava_all_tau0p70,2,0,0.0,1
exp13:score_proj_l2h_lam0p20:seed44,test,pava_all_tau0p70,3,0,0.0,1
exp13:score_proj_l2h_lam0p20:seed44,test,pava_all_tau0p70,4,0,0.0,1
exp13:score_proj_l2h_lam0p20:seed44,test,pava_all_tau0p70,5,1,0.1111111111111111,1
exp13:score_proj_l2h_lam0p20:seed44,test,pava_all_tau0p70,1,0,0.0,2
exp13:score_proj_l2h_lam0p20:seed44,test,pava_all_tau0p70,2,0,0.0,2
exp13:score_proj_l2h_lam0p20:seed44,test,pava_all_tau0p70,3,11,0.5,2
exp13:score_proj_l2h_lam0p20:seed44,test,pava_all_tau0p70,4,7,0.3181818181818182,2
exp13:score_proj_l2h_lam0p20:seed44,test,pava_all_tau0p70,5,4,0.18181818181818182,2
exp13:score_proj_l2h_lam0p20:seed44,test,pava_all_tau0p70,1,1,0.009523809523809525,3
exp13:score_proj_l2h_lam0p20:seed44,test,pava_all_tau0p70,2,2,0.01904761904761905,3
exp13:score_proj_l2h_lam0p20:seed44,test,pava_all_tau0p70,3,47,0.44761904761904764,3
exp13:score_proj_l2h_lam0p20:seed44,test,pava_all_tau0p70,4,45,0.42857142857142855,3
exp13:score_proj_l2h_lam0p20:seed44,test,pava_all_tau0p70,5,10,0.09523809523809523,3
exp13:score_proj_l2h_lam0p20:seed44,test,pava_all_tau0p70,1,0,0.0,4
exp13:score_proj_l2h_lam0p20:seed44,test,pava_all_tau0p70,2,2,0.005698005698005698,4
exp13:score_proj_l2h_lam0p20:seed44,test,pava_all_tau0p70,3,58,0.16524216524216523,4
exp13:score_proj_l2h_lam0p20:seed44,test,pava_all_tau0p70,4,235,0.6695156695156695,4
exp13:score_proj_l2h_lam0p20:seed44,test,pava_all_tau0p70,5,56,0.15954415954415954,4
exp13:score_proj_l2h_lam0p20:seed44,test,pava_all_tau0p70,1,0,0.0,5
exp13:score_proj_l2h_lam0p20:seed44,test,pava_all_tau0p70,2,3,0.00487012987012987,5
exp13:score_proj_l2h_lam0p20:seed44,test,pava_all_tau0p70,3,10,0.016233766233766232,5
exp13:score_proj_l2h_lam0p20:seed44,test,pava_all_tau0p70,4,200,0.3246753246753247,5
exp13:score_proj_l2h_lam0p20:seed44,test,pava_all_tau0p70,5,403,0.6542207792207793,5
exp13:score_proj_l2h_lam0p20:seed44,dev,pava_all_tau0p75,1,13,0.011743450767841012,
exp13:score_proj_l2h_lam0p20:seed44,dev,pava_all_tau0p75,2,8,0.007226738934056007,
exp13:score_proj_l2h_lam0p20:seed44,dev,pava_all_tau0p75,3,136,0.12285456187895212,
exp13:score_proj_l2h_lam0p20:seed44,dev,pava_all_tau0p75,4,453,0.4092140921409214,
exp13:score_proj_l2h_lam0p20:seed44,dev,pava_all_tau0p75,5,497,0.44896115627822947,
exp13:score_proj_l2h_lam0p20:seed44,dev,pava_all_tau0p75,1,13,0.6842105263157895,1
exp13:score_proj_l2h_lam0p20:seed44,dev,pava_all_tau0p75,2,0,0.0,1
exp13:score_proj_l2h_lam0p20:seed44,dev,pava_all_tau0p75,3,4,0.21052631578947367,1
exp13:score_proj_l2h_lam0p20:seed44,dev,pava_all_tau0p75,4,2,0.10526315789473684,1
exp13:score_proj_l2h_lam0p20:seed44,dev,pava_all_tau0p75,5,0,0.0,1
exp13:score_proj_l2h_lam0p20:seed44,dev,pava_all_tau0p75,1,0,0.0,2
exp13:score_proj_l2h_lam0p20:seed44,dev,pava_all_tau0p75,2,4,0.10526315789473684,2
exp13:score_proj_l2h_lam0p20:seed44,dev,pava_all_tau0p75,3,8,0.21052631578947367,2
exp13:score_proj_l2h_lam0p20:seed44,dev,pava_all_tau0p75,4,14,0.3684210526315789,2
exp13:score_proj_l2h_lam0p20:seed44,dev,pava_all_tau0p75,5,12,0.3157894736842105,2
exp13:score_proj_l2h_lam0p20:seed44,dev,pava_all_tau0p75,1,0,0.0,3
exp13:score_proj_l2h_lam0p20:seed44,dev,pava_all_tau0p75,2,0,0.0,3
exp13:score_proj_l2h_lam0p20:seed44,dev,pava_all_tau0p75,3,42,0.4,3
exp13:score_proj_l2h_lam0p20:seed44,dev,pava_all_tau0p75,4,41,0.3904761904761905,3
exp13:score_proj_l2h_lam0p20:seed44,dev,pava_all_tau0p75,5,22,0.20952380952380953,3
exp13:score_proj_l2h_lam0p20:seed44,dev,pava_all_tau0p75,1,0,0.0,4
exp13:score_proj_l2h_lam0p20:seed44,dev,pava_all_tau0p75,2,0,0.0,4
exp13:score_proj_l2h_lam0p20:seed44,dev,pava_all_tau0p75,3,68,0.17480719794344474,4
exp13:score_proj_l2h_lam0p20:seed44,dev,pava_all_tau0p75,4,243,0.6246786632390745,4
exp13:score_proj_l2h_lam0p20:seed44,dev,pava_all_tau0p75,5,78,0.20051413881748073,4
exp13:score_proj_l2h_lam0p20:seed44,dev,pava_all_tau0p75,1,0,0.0,5
exp13:score_proj_l2h_lam0p20:seed44,dev,pava_all_tau0p75,2,4,0.007194244604316547,5
exp13:score_proj_l2h_lam0p20:seed44,dev,pava_all_tau0p75,3,14,0.025179856115107913,5
exp13:score_proj_l2h_lam0p20:seed44,dev,pava_all_tau0p75,4,153,0.2751798561151079,5
exp13:score_proj_l2h_lam0p20:seed44,dev,pava_all_tau0p75,5,385,0.6924460431654677,5
exp13:score_proj_l2h_lam0p20:seed44,test,pava_all_tau0p75,1,9,0.008159564823209429,
exp13:score_proj_l2h_lam0p20:seed44,test,pava_all_tau0p75,2,9,0.008159564823209429,
exp13:score_proj_l2h_lam0p20:seed44,test,pava_all_tau0p75,3,133,0.12058023572076156,
exp13:score_proj_l2h_lam0p20:seed44,test,pava_all_tau0p75,4,503,0.45602901178603805,
exp13:score_proj_l2h_lam0p20:seed44,test,pava_all_tau0p75,5,449,0.4070716228467815,
exp13:score_proj_l2h_lam0p20:seed44,test,pava_all_tau0p75,1,8,0.8888888888888888,1
exp13:score_proj_l2h_lam0p20:seed44,test,pava_all_tau0p75,2,0,0.0,1
exp13:score_proj_l2h_lam0p20:seed44,test,pava_all_tau0p75,3,0,0.0,1
exp13:score_proj_l2h_lam0p20:seed44,test,pava_all_tau0p75,4,0,0.0,1
exp13:score_proj_l2h_lam0p20:seed44,test,pava_all_tau0p75,5,1,0.1111111111111111,1
exp13:score_proj_l2h_lam0p20:seed44,test,pava_all_tau0p75,1,0,0.0,2
exp13:score_proj_l2h_lam0p20:seed44,test,pava_all_tau0p75,2,0,0.0,2
exp13:score_proj_l2h_lam0p20:seed44,test,pava_all_tau0p75,3,11,0.5,2
exp13:score_proj_l2h_lam0p20:seed44,test,pava_all_tau0p75,4,7,0.3181818181818182,2
exp13:score_proj_l2h_lam0p20:seed44,test,pava_all_tau0p75,5,4,0.18181818181818182,2
exp13:score_proj_l2h_lam0p20:seed44,test,pava_all_tau0p75,1,1,0.009523809523809525,3
exp13:score_proj_l2h_lam0p20:seed44,test,pava_all_tau0p75,2,2,0.01904761904761905,3
exp13:score_proj_l2h_lam0p20:seed44,test,pava_all_tau0p75,3,49,0.4666666666666667,3
exp13:score_proj_l2h_lam0p20:seed44,test,pava_all_tau0p75,4,43,0.4095238095238095,3
exp13:score_proj_l2h_lam0p20:seed44,test,pava_all_tau0p75,5,10,0.09523809523809523,3
exp13:score_proj_l2h_lam0p20:seed44,test,pava_all_tau0p75,1,0,0.0,4
exp13:score_proj_l2h_lam0p20:seed44,test,pava_all_tau0p75,2,2,0.005698005698005698,4
exp13:score_proj_l2h_lam0p20:seed44,test,pava_all_tau0p75,3,62,0.17663817663817663,4
exp13:score_proj_l2h_lam0p20:seed44,test,pava_all_tau0p75,4,235,0.6695156695156695,4
exp13:score_proj_l2h_lam0p20:seed44,test,pava_all_tau0p75,5,52,0.14814814814814814,4
exp13:score_proj_l2h_lam0p20:seed44,test,pava_all_tau0p75,1,0,0.0,5
exp13:score_proj_l2h_lam0p20:seed44,test,pava_all_tau0p75,2,5,0.008116883116883116,5
exp13:score_proj_l2h_lam0p20:seed44,test,pava_all_tau0p75,3,11,0.017857142857142856,5
exp13:score_proj_l2h_lam0p20:seed44,test,pava_all_tau0p75,4,218,0.3538961038961039,5
exp13:score_proj_l2h_lam0p20:seed44,test,pava_all_tau0p75,5,382,0.6201298701298701,5
exp13:score_proj_l2h_lam0p20:seed44,dev,pava_all_tau0p80,1,13,0.011743450767841012,
exp13:score_proj_l2h_lam0p20:seed44,dev,pava_all_tau0p80,2,10,0.009033423667570008,
exp13:score_proj_l2h_lam0p20:seed44,dev,pava_all_tau0p80,3,146,0.13188798554652212,
exp13:score_proj_l2h_lam0p20:seed44,dev,pava_all_tau0p80,4,474,0.4281842818428184,
exp13:score_proj_l2h_lam0p20:seed44,dev,pava_all_tau0p80,5,464,0.41915085817524844,
exp13:score_proj_l2h_lam0p20:seed44,dev,pava_all_tau0p80,1,13,0.6842105263157895,1
exp13:score_proj_l2h_lam0p20:seed44,dev,pava_all_tau0p80,2,0,0.0,1
exp13:score_proj_l2h_lam0p20:seed44,dev,pava_all_tau0p80,3,4,0.21052631578947367,1
exp13:score_proj_l2h_lam0p20:seed44,dev,pava_all_tau0p80,4,2,0.10526315789473684,1
exp13:score_proj_l2h_lam0p20:seed44,dev,pava_all_tau0p80,5,0,0.0,1
exp13:score_proj_l2h_lam0p20:seed44,dev,pava_all_tau0p80,1,0,0.0,2
exp13:score_proj_l2h_lam0p20:seed44,dev,pava_all_tau0p80,2,5,0.13157894736842105,2
exp13:score_proj_l2h_lam0p20:seed44,dev,pava_all_tau0p80,3,7,0.18421052631578946,2
exp13:score_proj_l2h_lam0p20:seed44,dev,pava_all_tau0p80,4,14,0.3684210526315789,2
exp13:score_proj_l2h_lam0p20:seed44,dev,pava_all_tau0p80,5,12,0.3157894736842105,2
exp13:score_proj_l2h_lam0p20:seed44,dev,pava_all_tau0p80,1,0,0.0,3
exp13:score_proj_l2h_lam0p20:seed44,dev,pava_all_tau0p80,2,0,0.0,3
exp13:score_proj_l2h_lam0p20:seed44,dev,pava_all_tau0p80,3,48,0.45714285714285713,3
exp13:score_proj_l2h_lam0p20:seed44,dev,pava_all_tau0p80,4,36,0.34285714285714286,3
exp13:score_proj_l2h_lam0p20:seed44,dev,pava_all_tau0p80,5,21,0.2,3
exp13:score_proj_l2h_lam0p20:seed44,dev,pava_all_tau0p80,1,0,0.0,4
exp13:score_proj_l2h_lam0p20:seed44,dev,pava_all_tau0p80,2,1,0.002570694087403599,4
exp13:score_proj_l2h_lam0p20:seed44,dev,pava_all_tau0p80,3,71,0.18251928020565553,4
exp13:score_proj_l2h_lam0p20:seed44,dev,pava_all_tau0p80,4,252,0.6478149100257069,4
exp13:score_proj_l2h_lam0p20:seed44,dev,pava_all_tau0p80,5,65,0.16709511568123395,4
exp13:score_proj_l2h_lam0p20:seed44,dev,pava_all_tau0p80,1,0,0.0,5
exp13:score_proj_l2h_lam0p20:seed44,dev,pava_all_tau0p80,2,4,0.007194244604316547,5
exp13:score_proj_l2h_lam0p20:seed44,dev,pava_all_tau0p80,3,16,0.02877697841726619,5
exp13:score_proj_l2h_lam0p20:seed44,dev,pava_all_tau0p80,4,170,0.3057553956834532,5
exp13:score_proj_l2h_lam0p20:seed44,dev,pava_all_tau0p80,5,366,0.658273381294964,5
exp13:score_proj_l2h_lam0p20:seed44,test,pava_all_tau0p80,1,10,0.009066183136899365,
exp13:score_proj_l2h_lam0p20:seed44,test,pava_all_tau0p80,2,10,0.009066183136899365,
exp13:score_proj_l2h_lam0p20:seed44,test,pava_all_tau0p80,3,146,0.13236627379873073,
exp13:score_proj_l2h_lam0p20:seed44,test,pava_all_tau0p80,4,515,0.4669084315503173,
exp13:score_proj_l2h_lam0p20:seed44,test,pava_all_tau0p80,5,422,0.3825929283771532,
exp13:score_proj_l2h_lam0p20:seed44,test,pava_all_tau0p80,1,8,0.8888888888888888,1
exp13:score_proj_l2h_lam0p20:seed44,test,pava_all_tau0p80,2,0,0.0,1
exp13:score_proj_l2h_lam0p20:seed44,test,pava_all_tau0p80,3,0,0.0,1
exp13:score_proj_l2h_lam0p20:seed44,test,pava_all_tau0p80,4,0,0.0,1
exp13:score_proj_l2h_lam0p20:seed44,test,pava_all_tau0p80,5,1,0.1111111111111111,1
exp13:score_proj_l2h_lam0p20:seed44,test,pava_all_tau0p80,1,0,0.0,2
exp13:score_proj_l2h_lam0p20:seed44,test,pava_all_tau0p80,2,0,0.0,2
exp13:score_proj_l2h_lam0p20:seed44,test,pava_all_tau0p80,3,11,0.5,2
exp13:score_proj_l2h_lam0p20:seed44,test,pava_all_tau0p80,4,7,0.3181818181818182,2
exp13:score_proj_l2h_lam0p20:seed44,test,pava_all_tau0p80,5,4,0.18181818181818182,2
exp13:score_proj_l2h_lam0p20:seed44,test,pava_all_tau0p80,1,1,0.009523809523809525,3
exp13:score_proj_l2h_lam0p20:seed44,test,pava_all_tau0p80,2,3,0.02857142857142857,3
exp13:score_proj_l2h_lam0p20:seed44,test,pava_all_tau0p80,3,49,0.4666666666666667,3
exp13:score_proj_l2h_lam0p20:seed44,test,pava_all_tau0p80,4,44,0.41904761904761906,3
exp13:score_proj_l2h_lam0p20:seed44,test,pava_all_tau0p80,5,8,0.0761904761904762,3
exp13:score_proj_l2h_lam0p20:seed44,test,pava_all_tau0p80,1,1,0.002849002849002849,4
exp13:score_proj_l2h_lam0p20:seed44,test,pava_all_tau0p80,2,2,0.005698005698005698,4
exp13:score_proj_l2h_lam0p20:seed44,test,pava_all_tau0p80,3,69,0.19658119658119658,4
exp13:score_proj_l2h_lam0p20:seed44,test,pava_all_tau0p80,4,232,0.6609686609686609,4
exp13:score_proj_l2h_lam0p20:seed44,test,pava_all_tau0p80,5,47,0.1339031339031339,4
exp13:score_proj_l2h_lam0p20:seed44,test,pava_all_tau0p80,1,0,0.0,5
exp13:score_proj_l2h_lam0p20:seed44,test,pava_all_tau0p80,2,5,0.008116883116883116,5
exp13:score_proj_l2h_lam0p20:seed44,test,pava_all_tau0p80,3,17,0.027597402597402596,5
exp13:score_proj_l2h_lam0p20:seed44,test,pava_all_tau0p80,4,232,0.37662337662337664,5
exp13:score_proj_l2h_lam0p20:seed44,test,pava_all_tau0p80,5,362,0.5876623376623377,5
exp13:score_proj_l2h_lam0p20:seed44,dev,pava_all_tau0p85,1,13,0.011743450767841012,
exp13:score_proj_l2h_lam0p20:seed44,dev,pava_all_tau0p85,2,13,0.011743450767841012,
exp13:score_proj_l2h_lam0p20:seed44,dev,pava_all_tau0p85,3,165,0.14905149051490515,
exp13:score_proj_l2h_lam0p20:seed44,dev,pava_all_tau0p85,4,482,0.43541102077687444,
exp13:score_proj_l2h_lam0p20:seed44,dev,pava_all_tau0p85,5,434,0.3920505871725384,
exp13:score_proj_l2h_lam0p20:seed44,dev,pava_all_tau0p85,1,13,0.6842105263157895,1
exp13:score_proj_l2h_lam0p20:seed44,dev,pava_all_tau0p85,2,0,0.0,1
exp13:score_proj_l2h_lam0p20:seed44,dev,pava_all_tau0p85,3,4,0.21052631578947367,1
exp13:score_proj_l2h_lam0p20:seed44,dev,pava_all_tau0p85,4,2,0.10526315789473684,1
exp13:score_proj_l2h_lam0p20:seed44,dev,pava_all_tau0p85,5,0,0.0,1
exp13:score_proj_l2h_lam0p20:seed44,dev,pava_all_tau0p85,1,0,0.0,2
exp13:score_proj_l2h_lam0p20:seed44,dev,pava_all_tau0p85,2,5,0.13157894736842105,2
exp13:score_proj_l2h_lam0p20:seed44,dev,pava_all_tau0p85,3,9,0.23684210526315788,2
exp13:score_proj_l2h_lam0p20:seed44,dev,pava_all_tau0p85,4,13,0.34210526315789475,2
exp13:score_proj_l2h_lam0p20:seed44,dev,pava_all_tau0p85,5,11,0.2894736842105263,2
exp13:score_proj_l2h_lam0p20:seed44,dev,pava_all_tau0p85,1,0,0.0,3
exp13:score_proj_l2h_lam0p20:seed44,dev,pava_all_tau0p85,2,2,0.01904761904761905,3
exp13:score_proj_l2h_lam0p20:seed44,dev,pava_all_tau0p85,3,51,0.4857142857142857,3
exp13:score_proj_l2h_lam0p20:seed44,dev,pava_all_tau0p85,4,33,0.3142857142857143,3
exp13:score_proj_l2h_lam0p20:seed44,dev,pava_all_tau0p85,5,19,0.18095238095238095,3
exp13:score_proj_l2h_lam0p20:seed44,dev,pava_all_tau0p85,1,0,0.0,4
exp13:score_proj_l2h_lam0p20:seed44,dev,pava_all_tau0p85,2,1,0.002570694087403599,4
exp13:score_proj_l2h_lam0p20:seed44,dev,pava_all_tau0p85,3,84,0.2159383033419023,4
exp13:score_proj_l2h_lam0p20:seed44,dev,pava_all_tau0p85,4,247,0.6349614395886889,4
exp13:score_proj_l2h_lam0p20:seed44,dev,pava_all_tau0p85,5,57,0.14652956298200515,4
exp13:score_proj_l2h_lam0p20:seed44,dev,pava_all_tau0p85,1,0,0.0,5
exp13:score_proj_l2h_lam0p20:seed44,dev,pava_all_tau0p85,2,5,0.008992805755395683,5
exp13:score_proj_l2h_lam0p20:seed44,dev,pava_all_tau0p85,3,17,0.030575539568345324,5
exp13:score_proj_l2h_lam0p20:seed44,dev,pava_all_tau0p85,4,187,0.3363309352517986,5
exp13:score_proj_l2h_lam0p20:seed44,dev,pava_all_tau0p85,5,347,0.6241007194244604,5
exp13:score_proj_l2h_lam0p20:seed44,test,pava_all_tau0p85,1,10,0.009066183136899365,
exp13:score_proj_l2h_lam0p20:seed44,test,pava_all_tau0p85,2,16,0.014505893019038985,
exp13:score_proj_l2h_lam0p20:seed44,test,pava_all_tau0p85,3,165,0.14959202175883954,
exp13:score_proj_l2h_lam0p20:seed44,test,pava_all_tau0p85,4,518,0.4696282864913871,
exp13:score_proj_l2h_lam0p20:seed44,test,pava_all_tau0p85,5,394,0.357207615593835,
exp13:score_proj_l2h_lam0p20:seed44,test,pava_all_tau0p85,1,8,0.8888888888888888,1
exp13:score_proj_l2h_lam0p20:seed44,test,pava_all_tau0p85,2,0,0.0,1
exp13:score_proj_l2h_lam0p20:seed44,test,pava_all_tau0p85,3,0,0.0,1
exp13:score_proj_l2h_lam0p20:seed44,test,pava_all_tau0p85,4,0,0.0,1
exp13:score_proj_l2h_lam0p20:seed44,test,pava_all_tau0p85,5,1,0.1111111111111111,1
exp13:score_proj_l2h_lam0p20:seed44,test,pava_all_tau0p85,1,0,0.0,2
exp13:score_proj_l2h_lam0p20:seed44,test,pava_all_tau0p85,2,2,0.09090909090909091,2
exp13:score_proj_l2h_lam0p20:seed44,test,pava_all_tau0p85,3,11,0.5,2
exp13:score_proj_l2h_lam0p20:seed44,test,pava_all_tau0p85,4,6,0.2727272727272727,2
exp13:score_proj_l2h_lam0p20:seed44,test,pava_all_tau0p85,5,3,0.13636363636363635,2
exp13:score_proj_l2h_lam0p20:seed44,test,pava_all_tau0p85,1,1,0.009523809523809525,3
exp13:score_proj_l2h_lam0p20:seed44,test,pava_all_tau0p85,2,6,0.05714285714285714,3
exp13:score_proj_l2h_lam0p20:seed44,test,pava_all_tau0p85,3,51,0.4857142857142857,3
exp13:score_proj_l2h_lam0p20:seed44,test,pava_all_tau0p85,4,40,0.38095238095238093,3
exp13:score_proj_l2h_lam0p20:seed44,test,pava_all_tau0p85,5,7,0.06666666666666667,3
exp13:score_proj_l2h_lam0p20:seed44,test,pava_all_tau0p85,1,1,0.002849002849002849,4
exp13:score_proj_l2h_lam0p20:seed44,test,pava_all_tau0p85,2,3,0.008547008547008548,4
exp13:score_proj_l2h_lam0p20:seed44,test,pava_all_tau0p85,3,79,0.22507122507122507,4
exp13:score_proj_l2h_lam0p20:seed44,test,pava_all_tau0p85,4,225,0.6410256410256411,4
exp13:score_proj_l2h_lam0p20:seed44,test,pava_all_tau0p85,5,43,0.1225071225071225,4
exp13:score_proj_l2h_lam0p20:seed44,test,pava_all_tau0p85,1,0,0.0,5
exp13:score_proj_l2h_lam0p20:seed44,test,pava_all_tau0p85,2,5,0.008116883116883116,5
exp13:score_proj_l2h_lam0p20:seed44,test,pava_all_tau0p85,3,24,0.03896103896103896,5
exp13:score_proj_l2h_lam0p20:seed44,test,pava_all_tau0p85,4,247,0.400974025974026,5
exp13:score_proj_l2h_lam0p20:seed44,test,pava_all_tau0p85,5,340,0.551948051948052,5
exp13:score_proj_l2h_lam0p20:seed44,dev,pava_all_tau0p90,1,13,0.011743450767841012,
exp13:score_proj_l2h_lam0p20:seed44,dev,pava_all_tau0p90,2,16,0.014453477868112014,
exp13:score_proj_l2h_lam0p20:seed44,dev,pava_all_tau0p90,3,181,0.16350496838301717,
exp13:score_proj_l2h_lam0p20:seed44,dev,pava_all_tau0p90,4,500,0.45167118337850043,
exp13:score_proj_l2h_lam0p20:seed44,dev,pava_all_tau0p90,5,397,0.35862691960252935,
exp13:score_proj_l2h_lam0p20:seed44,dev,pava_all_tau0p90,1,13,0.6842105263157895,1
exp13:score_proj_l2h_lam0p20:seed44,dev,pava_all_tau0p90,2,0,0.0,1
exp13:score_proj_l2h_lam0p20:seed44,dev,pava_all_tau0p90,3,4,0.21052631578947367,1
exp13:score_proj_l2h_lam0p20:seed44,dev,pava_all_tau0p90,4,2,0.10526315789473684,1
exp13:score_proj_l2h_lam0p20:seed44,dev,pava_all_tau0p90,5,0,0.0,1
exp13:score_proj_l2h_lam0p20:seed44,dev,pava_all_tau0p90,1,0,0.0,2
exp13:score_proj_l2h_lam0p20:seed44,dev,pava_all_tau0p90,2,7,0.18421052631578946,2
exp13:score_proj_l2h_lam0p20:seed44,dev,pava_all_tau0p90,3,8,0.21052631578947367,2
exp13:score_proj_l2h_lam0p20:seed44,dev,pava_all_tau0p90,4,13,0.34210526315789475,2
exp13:score_proj_l2h_lam0p20:seed44,dev,pava_all_tau0p90,5,10,0.2631578947368421,2
exp13:score_proj_l2h_lam0p20:seed44,dev,pava_all_tau0p90,1,0,0.0,3
exp13:score_proj_l2h_lam0p20:seed44,dev,pava_all_tau0p90,2,3,0.02857142857142857,3
exp13:score_proj_l2h_lam0p20:seed44,dev,pava_all_tau0p90,3,54,0.5142857142857142,3
exp13:score_proj_l2h_lam0p20:seed44,dev,pava_all_tau0p90,4,31,0.29523809523809524,3
exp13:score_proj_l2h_lam0p20:seed44,dev,pava_all_tau0p90,5,17,0.1619047619047619,3
exp13:score_proj_l2h_lam0p20:seed44,dev,pava_all_tau0p90,1,0,0.0,4
exp13:score_proj_l2h_lam0p20:seed44,dev,pava_all_tau0p90,2,1,0.002570694087403599,4
exp13:score_proj_l2h_lam0p20:seed44,dev,pava_all_tau0p90,3,94,0.2416452442159383,4
exp13:score_proj_l2h_lam0p20:seed44,dev,pava_all_tau0p90,4,247,0.6349614395886889,4
exp13:score_proj_l2h_lam0p20:seed44,dev,pava_all_tau0p90,5,47,0.12082262210796915,4
exp13:score_proj_l2h_lam0p20:seed44,dev,pava_all_tau0p90,1,0,0.0,5
exp13:score_proj_l2h_lam0p20:seed44,dev,pava_all_tau0p90,2,5,0.008992805755395683,5
exp13:score_proj_l2h_lam0p20:seed44,dev,pava_all_tau0p90,3,21,0.03776978417266187,5
exp13:score_proj_l2h_lam0p20:seed44,dev,pava_all_tau0p90,4,207,0.3723021582733813,5
exp13:score_proj_l2h_lam0p20:seed44,dev,pava_all_tau0p90,5,323,0.5809352517985612,5
exp13:score_proj_l2h_lam0p20:seed44,test,pava_all_tau0p90,1,12,0.010879419764279238,
exp13:score_proj_l2h_lam0p20:seed44,test,pava_all_tau0p90,2,16,0.014505893019038985,
exp13:score_proj_l2h_lam0p20:seed44,test,pava_all_tau0p90,3,197,0.1786038077969175,
exp13:score_proj_l2h_lam0p20:seed44,test,pava_all_tau0p90,4,528,0.4786944696282865,
exp13:score_proj_l2h_lam0p20:seed44,test,pava_all_tau0p90,5,350,0.3173164097914778,
exp13:score_proj_l2h_lam0p20:seed44,test,pava_all_tau0p90,1,8,0.8888888888888888,1
exp13:score_proj_l2h_lam0p20:seed44,test,pava_all_tau0p90,2,0,0.0,1
exp13:score_proj_l2h_lam0p20:seed44,test,pava_all_tau0p90,3,0,0.0,1
exp13:score_proj_l2h_lam0p20:seed44,test,pava_all_tau0p90,4,0,0.0,1
exp13:score_proj_l2h_lam0p20:seed44,test,pava_all_tau0p90,5,1,0.1111111111111111,1
exp13:score_proj_l2h_lam0p20:seed44,test,pava_all_tau0p90,1,0,0.0,2
exp13:score_proj_l2h_lam0p20:seed44,test,pava_all_tau0p90,2,2,0.09090909090909091,2
exp13:score_proj_l2h_lam0p20:seed44,test,pava_all_tau0p90,3,11,0.5,2
exp13:score_proj_l2h_lam0p20:seed44,test,pava_all_tau0p90,4,6,0.2727272727272727,2
exp13:score_proj_l2h_lam0p20:seed44,test,pava_all_tau0p90,5,3,0.13636363636363635,2
exp13:score_proj_l2h_lam0p20:seed44,test,pava_all_tau0p90,1,2,0.01904761904761905,3
exp13:score_proj_l2h_lam0p20:seed44,test,pava_all_tau0p90,2,6,0.05714285714285714,3
exp13:score_proj_l2h_lam0p20:seed44,test,pava_all_tau0p90,3,56,0.5333333333333333,3
exp13:score_proj_l2h_lam0p20:seed44,test,pava_all_tau0p90,4,34,0.3238095238095238,3
exp13:score_proj_l2h_lam0p20:seed44,test,pava_all_tau0p90,5,7,0.06666666666666667,3
exp13:score_proj_l2h_lam0p20:seed44,test,pava_all_tau0p90,1,1,0.002849002849002849,4
exp13:score_proj_l2h_lam0p20:seed44,test,pava_all_tau0p90,2,3,0.008547008547008548,4
exp13:score_proj_l2h_lam0p20:seed44,test,pava_all_tau0p90,3,100,0.2849002849002849,4
exp13:score_proj_l2h_lam0p20:seed44,test,pava_all_tau0p90,4,210,0.5982905982905983,4
exp13:score_proj_l2h_lam0p20:seed44,test,pava_all_tau0p90,5,37,0.10541310541310542,4
exp13:score_proj_l2h_lam0p20:seed44,test,pava_all_tau0p90,1,1,0.0016233766233766235,5
exp13:score_proj_l2h_lam0p20:seed44,test,pava_all_tau0p90,2,5,0.008116883116883116,5
exp13:score_proj_l2h_lam0p20:seed44,test,pava_all_tau0p90,3,30,0.048701298701298704,5
exp13:score_proj_l2h_lam0p20:seed44,test,pava_all_tau0p90,4,278,0.4512987012987013,5
exp13:score_proj_l2h_lam0p20:seed44,test,pava_all_tau0p90,5,302,0.4902597402597403,5
exp13:score_proj_l2h_lam0p20:seed44,dev,pava_q3_tau0p55,1,13,0.011743450767841012,
exp13:score_proj_l2h_lam0p20:seed44,dev,pava_q3_tau0p55,2,4,0.0036133694670280035,
exp13:score_proj_l2h_lam0p20:seed44,dev,pava_q3_tau0p55,3,103,0.0930442637759711,
exp13:score_proj_l2h_lam0p20:seed44,dev,pava_q3_tau0p55,4,403,0.3640469738030714,
exp13:score_proj_l2h_lam0p20:seed44,dev,pava_q3_tau0p55,5,584,0.5275519421860885,
exp13:score_proj_l2h_lam0p20:seed44,dev,pava_q3_tau0p55,1,13,0.6842105263157895,1
exp13:score_proj_l2h_lam0p20:seed44,dev,pava_q3_tau0p55,2,0,0.0,1
exp13:score_proj_l2h_lam0p20:seed44,dev,pava_q3_tau0p55,3,4,0.21052631578947367,1
exp13:score_proj_l2h_lam0p20:seed44,dev,pava_q3_tau0p55,4,2,0.10526315789473684,1
exp13:score_proj_l2h_lam0p20:seed44,dev,pava_q3_tau0p55,5,0,0.0,1
exp13:score_proj_l2h_lam0p20:seed44,dev,pava_q3_tau0p55,1,0,0.0,2
exp13:score_proj_l2h_lam0p20:seed44,dev,pava_q3_tau0p55,2,3,0.07894736842105263,2
exp13:score_proj_l2h_lam0p20:seed44,dev,pava_q3_tau0p55,3,9,0.23684210526315788,2
exp13:score_proj_l2h_lam0p20:seed44,dev,pava_q3_tau0p55,4,9,0.23684210526315788,2
exp13:score_proj_l2h_lam0p20:seed44,dev,pava_q3_tau0p55,5,17,0.4473684210526316,2
exp13:score_proj_l2h_lam0p20:seed44,dev,pava_q3_tau0p55,1,0,0.0,3
exp13:score_proj_l2h_lam0p20:seed44,dev,pava_q3_tau0p55,2,0,0.0,3
exp13:score_proj_l2h_lam0p20:seed44,dev,pava_q3_tau0p55,3,36,0.34285714285714286,3
exp13:score_proj_l2h_lam0p20:seed44,dev,pava_q3_tau0p55,4,43,0.4095238095238095,3
exp13:score_proj_l2h_lam0p20:seed44,dev,pava_q3_tau0p55,5,26,0.24761904761904763,3
exp13:score_proj_l2h_lam0p20:seed44,dev,pava_q3_tau0p55,1,0,0.0,4
exp13:score_proj_l2h_lam0p20:seed44,dev,pava_q3_tau0p55,2,0,0.0,4
exp13:score_proj_l2h_lam0p20:seed44,dev,pava_q3_tau0p55,3,46,0.11825192802056556,4
exp13:score_proj_l2h_lam0p20:seed44,dev,pava_q3_tau0p55,4,231,0.5938303341902313,4
exp13:score_proj_l2h_lam0p20:seed44,dev,pava_q3_tau0p55,5,112,0.2879177377892031,4
exp13:score_proj_l2h_lam0p20:seed44,dev,pava_q3_tau0p55,1,0,0.0,5
exp13:score_proj_l2h_lam0p20:seed44,dev,pava_q3_tau0p55,2,1,0.0017985611510791368,5
exp13:score_proj_l2h_lam0p20:seed44,dev,pava_q3_tau0p55,3,8,0.014388489208633094,5
exp13:score_proj_l2h_lam0p20:seed44,dev,pava_q3_tau0p55,4,118,0.21223021582733814,5
exp13:score_proj_l2h_lam0p20:seed44,dev,pava_q3_tau0p55,5,429,0.7715827338129496,5
exp13:score_proj_l2h_lam0p20:seed44,test,pava_q3_tau0p55,1,9,0.008159564823209429,
exp13:score_proj_l2h_lam0p20:seed44,test,pava_q3_tau0p55,2,5,0.004533091568449683,
exp13:score_proj_l2h_lam0p20:seed44,test,pava_q3_tau0p55,3,97,0.08794197642792384,
exp13:score_proj_l2h_lam0p20:seed44,test,pava_q3_tau0p55,4,423,0.38349954669084313,
exp13:score_proj_l2h_lam0p20:seed44,test,pava_q3_tau0p55,5,569,0.5158658204895739,
exp13:score_proj_l2h_lam0p20:seed44,test,pava_q3_tau0p55,1,8,0.8888888888888888,1
exp13:score_proj_l2h_lam0p20:seed44,test,pava_q3_tau0p55,2,0,0.0,1
exp13:score_proj_l2h_lam0p20:seed44,test,pava_q3_tau0p55,3,0,0.0,1
exp13:score_proj_l2h_lam0p20:seed44,test,pava_q3_tau0p55,4,0,0.0,1
exp13:score_proj_l2h_lam0p20:seed44,test,pava_q3_tau0p55,5,1,0.1111111111111111,1
exp13:score_proj_l2h_lam0p20:seed44,test,pava_q3_tau0p55,1,0,0.0,2
exp13:score_proj_l2h_lam0p20:seed44,test,pava_q3_tau0p55,2,0,0.0,2
exp13:score_proj_l2h_lam0p20:seed44,test,pava_q3_tau0p55,3,10,0.45454545454545453,2
exp13:score_proj_l2h_lam0p20:seed44,test,pava_q3_tau0p55,4,8,0.36363636363636365,2
exp13:score_proj_l2h_lam0p20:seed44,test,pava_q3_tau0p55,5,4,0.18181818181818182,2
exp13:score_proj_l2h_lam0p20:seed44,test,pava_q3_tau0p55,1,1,0.009523809523809525,3
exp13:score_proj_l2h_lam0p20:seed44,test,pava_q3_tau0p55,2,1,0.009523809523809525,3
exp13:score_proj_l2h_lam0p20:seed44,test,pava_q3_tau0p55,3,40,0.38095238095238093,3
exp13:score_proj_l2h_lam0p20:seed44,test,pava_q3_tau0p55,4,49,0.4666666666666667,3
exp13:score_proj_l2h_lam0p20:seed44,test,pava_q3_tau0p55,5,14,0.13333333333333333,3
exp13:score_proj_l2h_lam0p20:seed44,test,pava_q3_tau0p55,1,0,0.0,4
exp13:score_proj_l2h_lam0p20:seed44,test,pava_q3_tau0p55,2,1,0.002849002849002849,4
exp13:score_proj_l2h_lam0p20:seed44,test,pava_q3_tau0p55,3,41,0.1168091168091168,4
exp13:score_proj_l2h_lam0p20:seed44,test,pava_q3_tau0p55,4,224,0.6381766381766382,4
exp13:score_proj_l2h_lam0p20:seed44,test,pava_q3_tau0p55,5,85,0.24216524216524216,4
exp13:score_proj_l2h_lam0p20:seed44,test,pava_q3_tau0p55,1,0,0.0,5
exp13:score_proj_l2h_lam0p20:seed44,test,pava_q3_tau0p55,2,3,0.00487012987012987,5
exp13:score_proj_l2h_lam0p20:seed44,test,pava_q3_tau0p55,3,6,0.00974025974025974,5
exp13:score_proj_l2h_lam0p20:seed44,test,pava_q3_tau0p55,4,142,0.2305194805194805,5
exp13:score_proj_l2h_lam0p20:seed44,test,pava_q3_tau0p55,5,465,0.7548701298701299,5
exp13:score_proj_l2h_lam0p20:seed44,dev,pava_q3_tau0p60,1,13,0.011743450767841012,
exp13:score_proj_l2h_lam0p20:seed44,dev,pava_q3_tau0p60,2,4,0.0036133694670280035,
exp13:score_proj_l2h_lam0p20:seed44,dev,pava_q3_tau0p60,3,109,0.0984643179765131,
exp13:score_proj_l2h_lam0p20:seed44,dev,pava_q3_tau0p60,4,397,0.35862691960252935,
exp13:score_proj_l2h_lam0p20:seed44,dev,pava_q3_tau0p60,5,584,0.5275519421860885,
exp13:score_proj_l2h_lam0p20:seed44,dev,pava_q3_tau0p60,1,13,0.6842105263157895,1
exp13:score_proj_l2h_lam0p20:seed44,dev,pava_q3_tau0p60,2,0,0.0,1
exp13:score_proj_l2h_lam0p20:seed44,dev,pava_q3_tau0p60,3,4,0.21052631578947367,1
exp13:score_proj_l2h_lam0p20:seed44,dev,pava_q3_tau0p60,4,2,0.10526315789473684,1
exp13:score_proj_l2h_lam0p20:seed44,dev,pava_q3_tau0p60,5,0,0.0,1
exp13:score_proj_l2h_lam0p20:seed44,dev,pava_q3_tau0p60,1,0,0.0,2
exp13:score_proj_l2h_lam0p20:seed44,dev,pava_q3_tau0p60,2,3,0.07894736842105263,2
exp13:score_proj_l2h_lam0p20:seed44,dev,pava_q3_tau0p60,3,9,0.23684210526315788,2
exp13:score_proj_l2h_lam0p20:seed44,dev,pava_q3_tau0p60,4,9,0.23684210526315788,2
exp13:score_proj_l2h_lam0p20:seed44,dev,pava_q3_tau0p60,5,17,0.4473684210526316,2
exp13:score_proj_l2h_lam0p20:seed44,dev,pava_q3_tau0p60,1,0,0.0,3
exp13:score_proj_l2h_lam0p20:seed44,dev,pava_q3_tau0p60,2,0,0.0,3
exp13:score_proj_l2h_lam0p20:seed44,dev,pava_q3_tau0p60,3,37,0.3523809523809524,3
exp13:score_proj_l2h_lam0p20:seed44,dev,pava_q3_tau0p60,4,42,0.4,3
exp13:score_proj_l2h_lam0p20:seed44,dev,pava_q3_tau0p60,5,26,0.24761904761904763,3
exp13:score_proj_l2h_lam0p20:seed44,dev,pava_q3_tau0p60,1,0,0.0,4
exp13:score_proj_l2h_lam0p20:seed44,dev,pava_q3_tau0p60,2,0,0.0,4
exp13:score_proj_l2h_lam0p20:seed44,dev,pava_q3_tau0p60,3,50,0.12853470437017994,4
exp13:score_proj_l2h_lam0p20:seed44,dev,pava_q3_tau0p60,4,227,0.583547557840617,4
exp13:score_proj_l2h_lam0p20:seed44,dev,pava_q3_tau0p60,5,112,0.2879177377892031,4
exp13:score_proj_l2h_lam0p20:seed44,dev,pava_q3_tau0p60,1,0,0.0,5
exp13:score_proj_l2h_lam0p20:seed44,dev,pava_q3_tau0p60,2,1,0.0017985611510791368,5
exp13:score_proj_l2h_lam0p20:seed44,dev,pava_q3_tau0p60,3,9,0.01618705035971223,5
exp13:score_proj_l2h_lam0p20:seed44,dev,pava_q3_tau0p60,4,117,0.210431654676259,5
exp13:score_proj_l2h_lam0p20:seed44,dev,pava_q3_tau0p60,5,429,0.7715827338129496,5
exp13:score_proj_l2h_lam0p20:seed44,test,pava_q3_tau0p60,1,9,0.008159564823209429,
exp13:score_proj_l2h_lam0p20:seed44,test,pava_q3_tau0p60,2,5,0.004533091568449683,
exp13:score_proj_l2h_lam0p20:seed44,test,pava_q3_tau0p60,3,103,0.09338168631006347,
exp13:score_proj_l2h_lam0p20:seed44,test,pava_q3_tau0p60,4,417,0.37805983680870353,
exp13:score_proj_l2h_lam0p20:seed44,test,pava_q3_tau0p60,5,569,0.5158658204895739,
exp13:score_proj_l2h_lam0p20:seed44,test,pava_q3_tau0p60,1,8,0.8888888888888888,1
exp13:score_proj_l2h_lam0p20:seed44,test,pava_q3_tau0p60,2,0,0.0,1
exp13:score_proj_l2h_lam0p20:seed44,test,pava_q3_tau0p60,3,0,0.0,1
exp13:score_proj_l2h_lam0p20:seed44,test,pava_q3_tau0p60,4,0,0.0,1
exp13:score_proj_l2h_lam0p20:seed44,test,pava_q3_tau0p60,5,1,0.1111111111111111,1
exp13:score_proj_l2h_lam0p20:seed44,test,pava_q3_tau0p60,1,0,0.0,2
exp13:score_proj_l2h_lam0p20:seed44,test,pava_q3_tau0p60,2,0,0.0,2
exp13:score_proj_l2h_lam0p20:seed44,test,pava_q3_tau0p60,3,10,0.45454545454545453,2
exp13:score_proj_l2h_lam0p20:seed44,test,pava_q3_tau0p60,4,8,0.36363636363636365,2
exp13:score_proj_l2h_lam0p20:seed44,test,pava_q3_tau0p60,5,4,0.18181818181818182,2
exp13:score_proj_l2h_lam0p20:seed44,test,pava_q3_tau0p60,1,1,0.009523809523809525,3
exp13:score_proj_l2h_lam0p20:seed44,test,pava_q3_tau0p60,2,1,0.009523809523809525,3
exp13:score_proj_l2h_lam0p20:seed44,test,pava_q3_tau0p60,3,41,0.3904761904761905,3
exp13:score_proj_l2h_lam0p20:seed44,test,pava_q3_tau0p60,4,48,0.45714285714285713,3
exp13:score_proj_l2h_lam0p20:seed44,test,pava_q3_tau0p60,5,14,0.13333333333333333,3
exp13:score_proj_l2h_lam0p20:seed44,test,pava_q3_tau0p60,1,0,0.0,4
exp13:score_proj_l2h_lam0p20:seed44,test,pava_q3_tau0p60,2,1,0.002849002849002849,4
exp13:score_proj_l2h_lam0p20:seed44,test,pava_q3_tau0p60,3,46,0.13105413105413105,4
exp13:score_proj_l2h_lam0p20:seed44,test,pava_q3_tau0p60,4,219,0.6239316239316239,4
exp13:score_proj_l2h_lam0p20:seed44,test,pava_q3_tau0p60,5,85,0.24216524216524216,4
exp13:score_proj_l2h_lam0p20:seed44,test,pava_q3_tau0p60,1,0,0.0,5
exp13:score_proj_l2h_lam0p20:seed44,test,pava_q3_tau0p60,2,3,0.00487012987012987,5
exp13:score_proj_l2h_lam0p20:seed44,test,pava_q3_tau0p60,3,6,0.00974025974025974,5
exp13:score_proj_l2h_lam0p20:seed44,test,pava_q3_tau0p60,4,142,0.2305194805194805,5
exp13:score_proj_l2h_lam0p20:seed44,test,pava_q3_tau0p60,5,465,0.7548701298701299,5
exp13:score_proj_l2h_lam0p20:seed44,dev,pava_q3_tau0p65,1,13,0.011743450767841012,
exp13:score_proj_l2h_lam0p20:seed44,dev,pava_q3_tau0p65,2,4,0.0036133694670280035,
exp13:score_proj_l2h_lam0p20:seed44,dev,pava_q3_tau0p65,3,119,0.10749774164408311,
exp13:score_proj_l2h_lam0p20:seed44,dev,pava_q3_tau0p65,4,387,0.34959349593495936,
exp13:score_proj_l2h_lam0p20:seed44,dev,pava_q3_tau0p65,5,584,0.5275519421860885,
exp13:score_proj_l2h_lam0p20:seed44,dev,pava_q3_tau0p65,1,13,0.6842105263157895,1
exp13:score_proj_l2h_lam0p20:seed44,dev,pava_q3_tau0p65,2,0,0.0,1
exp13:score_proj_l2h_lam0p20:seed44,dev,pava_q3_tau0p65,3,4,0.21052631578947367,1
exp13:score_proj_l2h_lam0p20:seed44,dev,pava_q3_tau0p65,4,2,0.10526315789473684,1
exp13:score_proj_l2h_lam0p20:seed44,dev,pava_q3_tau0p65,5,0,0.0,1
exp13:score_proj_l2h_lam0p20:seed44,dev,pava_q3_tau0p65,1,0,0.0,2
exp13:score_proj_l2h_lam0p20:seed44,dev,pava_q3_tau0p65,2,3,0.07894736842105263,2
exp13:score_proj_l2h_lam0p20:seed44,dev,pava_q3_tau0p65,3,9,0.23684210526315788,2
exp13:score_proj_l2h_lam0p20:seed44,dev,pava_q3_tau0p65,4,9,0.23684210526315788,2
exp13:score_proj_l2h_lam0p20:seed44,dev,pava_q3_tau0p65,5,17,0.4473684210526316,2
exp13:score_proj_l2h_lam0p20:seed44,dev,pava_q3_tau0p65,1,0,0.0,3
exp13:score_proj_l2h_lam0p20:seed44,dev,pava_q3_tau0p65,2,0,0.0,3
exp13:score_proj_l2h_lam0p20:seed44,dev,pava_q3_tau0p65,3,40,0.38095238095238093,3
exp13:score_proj_l2h_lam0p20:seed44,dev,pava_q3_tau0p65,4,39,0.37142857142857144,3
exp13:score_proj_l2h_lam0p20:seed44,dev,pava_q3_tau0p65,5,26,0.24761904761904763,3
exp13:score_proj_l2h_lam0p20:seed44,dev,pava_q3_tau0p65,1,0,0.0,4
exp13:score_proj_l2h_lam0p20:seed44,dev,pava_q3_tau0p65,2,0,0.0,4
exp13:score_proj_l2h_lam0p20:seed44,dev,pava_q3_tau0p65,3,55,0.14138817480719795,4
exp13:score_proj_l2h_lam0p20:seed44,dev,pava_q3_tau0p65,4,222,0.570694087403599,4
exp13:score_proj_l2h_lam0p20:seed44,dev,pava_q3_tau0p65,5,112,0.2879177377892031,4
exp13:score_proj_l2h_lam0p20:seed44,dev,pava_q3_tau0p65,1,0,0.0,5
exp13:score_proj_l2h_lam0p20:seed44,dev,pava_q3_tau0p65,2,1,0.0017985611510791368,5
exp13:score_proj_l2h_lam0p20:seed44,dev,pava_q3_tau0p65,3,11,0.019784172661870502,5
exp13:score_proj_l2h_lam0p20:seed44,dev,pava_q3_tau0p65,4,115,0.2068345323741007,5
exp13:score_proj_l2h_lam0p20:seed44,dev,pava_q3_tau0p65,5,429,0.7715827338129496,5
exp13:score_proj_l2h_lam0p20:seed44,test,pava_q3_tau0p65,1,9,0.008159564823209429,
exp13:score_proj_l2h_lam0p20:seed44,test,pava_q3_tau0p65,2,5,0.004533091568449683,
exp13:score_proj_l2h_lam0p20:seed44,test,pava_q3_tau0p65,3,110,0.09972801450589303,
exp13:score_proj_l2h_lam0p20:seed44,test,pava_q3_tau0p65,4,410,0.371713508612874,
exp13:score_proj_l2h_lam0p20:seed44,test,pava_q3_tau0p65,5,569,0.5158658204895739,
exp13:score_proj_l2h_lam0p20:seed44,test,pava_q3_tau0p65,1,8,0.8888888888888888,1
exp13:score_proj_l2h_lam0p20:seed44,test,pava_q3_tau0p65,2,0,0.0,1
exp13:score_proj_l2h_lam0p20:seed44,test,pava_q3_tau0p65,3,0,0.0,1
exp13:score_proj_l2h_lam0p20:seed44,test,pava_q3_tau0p65,4,0,0.0,1
exp13:score_proj_l2h_lam0p20:seed44,test,pava_q3_tau0p65,5,1,0.1111111111111111,1
exp13:score_proj_l2h_lam0p20:seed44,test,pava_q3_tau0p65,1,0,0.0,2
exp13:score_proj_l2h_lam0p20:seed44,test,pava_q3_tau0p65,2,0,0.0,2
exp13:score_proj_l2h_lam0p20:seed44,test,pava_q3_tau0p65,3,11,0.5,2
exp13:score_proj_l2h_lam0p20:seed44,test,pava_q3_tau0p65,4,7,0.3181818181818182,2
exp13:score_proj_l2h_lam0p20:seed44,test,pava_q3_tau0p65,5,4,0.18181818181818182,2
exp13:score_proj_l2h_lam0p20:seed44,test,pava_q3_tau0p65,1,1,0.009523809523809525,3
exp13:score_proj_l2h_lam0p20:seed44,test,pava_q3_tau0p65,2,1,0.009523809523809525,3
exp13:score_proj_l2h_lam0p20:seed44,test,pava_q3_tau0p65,3,42,0.4,3
exp13:score_proj_l2h_lam0p20:seed44,test,pava_q3_tau0p65,4,47,0.44761904761904764,3
exp13:score_proj_l2h_lam0p20:seed44,test,pava_q3_tau0p65,5,14,0.13333333333333333,3
exp13:score_proj_l2h_lam0p20:seed44,test,pava_q3_tau0p65,1,0,0.0,4
exp13:score_proj_l2h_lam0p20:seed44,test,pava_q3_tau0p65,2,1,0.002849002849002849,4
exp13:score_proj_l2h_lam0p20:seed44,test,pava_q3_tau0p65,3,50,0.14245014245014245,4
exp13:score_proj_l2h_lam0p20:seed44,test,pava_q3_tau0p65,4,215,0.6125356125356125,4
exp13:score_proj_l2h_lam0p20:seed44,test,pava_q3_tau0p65,5,85,0.24216524216524216,4
exp13:score_proj_l2h_lam0p20:seed44,test,pava_q3_tau0p65,1,0,0.0,5
exp13:score_proj_l2h_lam0p20:seed44,test,pava_q3_tau0p65,2,3,0.00487012987012987,5
exp13:score_proj_l2h_lam0p20:seed44,test,pava_q3_tau0p65,3,7,0.011363636363636364,5
exp13:score_proj_l2h_lam0p20:seed44,test,pava_q3_tau0p65,4,141,0.2288961038961039,5
exp13:score_proj_l2h_lam0p20:seed44,test,pava_q3_tau0p65,5,465,0.7548701298701299,5
exp13:score_proj_l2h_lam0p20:seed44,dev,pava_q3_tau0p70,1,13,0.011743450767841012,
exp13:score_proj_l2h_lam0p20:seed44,dev,pava_q3_tau0p70,2,4,0.0036133694670280035,
exp13:score_proj_l2h_lam0p20:seed44,dev,pava_q3_tau0p70,3,129,0.11653116531165311,
exp13:score_proj_l2h_lam0p20:seed44,dev,pava_q3_tau0p70,4,378,0.34146341463414637,
exp13:score_proj_l2h_lam0p20:seed44,dev,pava_q3_tau0p70,5,583,0.5266485998193315,
exp13:score_proj_l2h_lam0p20:seed44,dev,pava_q3_tau0p70,1,13,0.6842105263157895,1
exp13:score_proj_l2h_lam0p20:seed44,dev,pava_q3_tau0p70,2,0,0.0,1
exp13:score_proj_l2h_lam0p20:seed44,dev,pava_q3_tau0p70,3,4,0.21052631578947367,1
exp13:score_proj_l2h_lam0p20:seed44,dev,pava_q3_tau0p70,4,2,0.10526315789473684,1
exp13:score_proj_l2h_lam0p20:seed44,dev,pava_q3_tau0p70,5,0,0.0,1
exp13:score_proj_l2h_lam0p20:seed44,dev,pava_q3_tau0p70,1,0,0.0,2
exp13:score_proj_l2h_lam0p20:seed44,dev,pava_q3_tau0p70,2,3,0.07894736842105263,2
exp13:score_proj_l2h_lam0p20:seed44,dev,pava_q3_tau0p70,3,9,0.23684210526315788,2
exp13:score_proj_l2h_lam0p20:seed44,dev,pava_q3_tau0p70,4,9,0.23684210526315788,2
exp13:score_proj_l2h_lam0p20:seed44,dev,pava_q3_tau0p70,5,17,0.4473684210526316,2
exp13:score_proj_l2h_lam0p20:seed44,dev,pava_q3_tau0p70,1,0,0.0,3
exp13:score_proj_l2h_lam0p20:seed44,dev,pava_q3_tau0p70,2,0,0.0,3
exp13:score_proj_l2h_lam0p20:seed44,dev,pava_q3_tau0p70,3,42,0.4,3
exp13:score_proj_l2h_lam0p20:seed44,dev,pava_q3_tau0p70,4,37,0.3523809523809524,3
exp13:score_proj_l2h_lam0p20:seed44,dev,pava_q3_tau0p70,5,26,0.24761904761904763,3
exp13:score_proj_l2h_lam0p20:seed44,dev,pava_q3_tau0p70,1,0,0.0,4
exp13:score_proj_l2h_lam0p20:seed44,dev,pava_q3_tau0p70,2,0,0.0,4
exp13:score_proj_l2h_lam0p20:seed44,dev,pava_q3_tau0p70,3,61,0.15681233933161953,4
exp13:score_proj_l2h_lam0p20:seed44,dev,pava_q3_tau0p70,4,216,0.5552699228791774,4
exp13:score_proj_l2h_lam0p20:seed44,dev,pava_q3_tau0p70,5,112,0.2879177377892031,4
exp13:score_proj_l2h_lam0p20:seed44,dev,pava_q3_tau0p70,1,0,0.0,5
exp13:score_proj_l2h_lam0p20:seed44,dev,pava_q3_tau0p70,2,1,0.0017985611510791368,5
exp13:score_proj_l2h_lam0p20:seed44,dev,pava_q3_tau0p70,3,13,0.023381294964028777,5
exp13:score_proj_l2h_lam0p20:seed44,dev,pava_q3_tau0p70,4,114,0.20503597122302158,5
exp13:score_proj_l2h_lam0p20:seed44,dev,pava_q3_tau0p70,5,428,0.7697841726618705,5
exp13:score_proj_l2h_lam0p20:seed44,test,pava_q3_tau0p70,1,9,0.008159564823209429,
exp13:score_proj_l2h_lam0p20:seed44,test,pava_q3_tau0p70,2,5,0.004533091568449683,
exp13:score_proj_l2h_lam0p20:seed44,test,pava_q3_tau0p70,3,128,0.11604714415231188,
exp13:score_proj_l2h_lam0p20:seed44,test,pava_q3_tau0p70,4,392,0.35539437896645515,
exp13:score_proj_l2h_lam0p20:seed44,test,pava_q3_tau0p70,5,569,0.5158658204895739,
exp13:score_proj_l2h_lam0p20:seed44,test,pava_q3_tau0p70,1,8,0.8888888888888888,1
exp13:score_proj_l2h_lam0p20:seed44,test,pava_q3_tau0p70,2,0,0.0,1
exp13:score_proj_l2h_lam0p20:seed44,test,pava_q3_tau0p70,3,0,0.0,1
exp13:score_proj_l2h_lam0p20:seed44,test,pava_q3_tau0p70,4,0,0.0,1
exp13:score_proj_l2h_lam0p20:seed44,test,pava_q3_tau0p70,5,1,0.1111111111111111,1
exp13:score_proj_l2h_lam0p20:seed44,test,pava_q3_tau0p70,1,0,0.0,2
exp13:score_proj_l2h_lam0p20:seed44,test,pava_q3_tau0p70,2,0,0.0,2
exp13:score_proj_l2h_lam0p20:seed44,test,pava_q3_tau0p70,3,11,0.5,2
exp13:score_proj_l2h_lam0p20:seed44,test,pava_q3_tau0p70,4,7,0.3181818181818182,2
exp13:score_proj_l2h_lam0p20:seed44,test,pava_q3_tau0p70,5,4,0.18181818181818182,2
exp13:score_proj_l2h_lam0p20:seed44,test,pava_q3_tau0p70,1,1,0.009523809523809525,3
exp13:score_proj_l2h_lam0p20:seed44,test,pava_q3_tau0p70,2,1,0.009523809523809525,3
exp13:score_proj_l2h_lam0p20:seed44,test,pava_q3_tau0p70,3,48,0.45714285714285713,3
exp13:score_proj_l2h_lam0p20:seed44,test,pava_q3_tau0p70,4,41,0.3904761904761905,3
exp13:score_proj_l2h_lam0p20:seed44,test,pava_q3_tau0p70,5,14,0.13333333333333333,3
exp13:score_proj_l2h_lam0p20:seed44,test,pava_q3_tau0p70,1,0,0.0,4
exp13:score_proj_l2h_lam0p20:seed44,test,pava_q3_tau0p70,2,1,0.002849002849002849,4
exp13:score_proj_l2h_lam0p20:seed44,test,pava_q3_tau0p70,3,59,0.16809116809116809,4
exp13:score_proj_l2h_lam0p20:seed44,test,pava_q3_tau0p70,4,206,0.5868945868945868,4
exp13:score_proj_l2h_lam0p20:seed44,test,pava_q3_tau0p70,5,85,0.24216524216524216,4
exp13:score_proj_l2h_lam0p20:seed44,test,pava_q3_tau0p70,1,0,0.0,5
exp13:score_proj_l2h_lam0p20:seed44,test,pava_q3_tau0p70,2,3,0.00487012987012987,5
exp13:score_proj_l2h_lam0p20:seed44,test,pava_q3_tau0p70,3,10,0.016233766233766232,5
exp13:score_proj_l2h_lam0p20:seed44,test,pava_q3_tau0p70,4,138,0.22402597402597402,5
exp13:score_proj_l2h_lam0p20:seed44,test,pava_q3_tau0p70,5,465,0.7548701298701299,5
exp13:score_proj_l2h_lam0p20:seed44,dev,pava_q3_tau0p75,1,13,0.011743450767841012,
exp13:score_proj_l2h_lam0p20:seed44,dev,pava_q3_tau0p75,2,4,0.0036133694670280035,
exp13:score_proj_l2h_lam0p20:seed44,dev,pava_q3_tau0p75,3,140,0.12646793134598014,
exp13:score_proj_l2h_lam0p20:seed44,dev,pava_q3_tau0p75,4,367,0.33152664859981934,
exp13:score_proj_l2h_lam0p20:seed44,dev,pava_q3_tau0p75,5,583,0.5266485998193315,
exp13:score_proj_l2h_lam0p20:seed44,dev,pava_q3_tau0p75,1,13,0.6842105263157895,1
exp13:score_proj_l2h_lam0p20:seed44,dev,pava_q3_tau0p75,2,0,0.0,1
exp13:score_proj_l2h_lam0p20:seed44,dev,pava_q3_tau0p75,3,4,0.21052631578947367,1
exp13:score_proj_l2h_lam0p20:seed44,dev,pava_q3_tau0p75,4,2,0.10526315789473684,1
exp13:score_proj_l2h_lam0p20:seed44,dev,pava_q3_tau0p75,5,0,0.0,1
exp13:score_proj_l2h_lam0p20:seed44,dev,pava_q3_tau0p75,1,0,0.0,2
exp13:score_proj_l2h_lam0p20:seed44,dev,pava_q3_tau0p75,2,3,0.07894736842105263,2
exp13:score_proj_l2h_lam0p20:seed44,dev,pava_q3_tau0p75,3,9,0.23684210526315788,2
exp13:score_proj_l2h_lam0p20:seed44,dev,pava_q3_tau0p75,4,9,0.23684210526315788,2
exp13:score_proj_l2h_lam0p20:seed44,dev,pava_q3_tau0p75,5,17,0.4473684210526316,2
exp13:score_proj_l2h_lam0p20:seed44,dev,pava_q3_tau0p75,1,0,0.0,3
exp13:score_proj_l2h_lam0p20:seed44,dev,pava_q3_tau0p75,2,0,0.0,3
exp13:score_proj_l2h_lam0p20:seed44,dev,pava_q3_tau0p75,3,42,0.4,3
exp13:score_proj_l2h_lam0p20:seed44,dev,pava_q3_tau0p75,4,37,0.3523809523809524,3
exp13:score_proj_l2h_lam0p20:seed44,dev,pava_q3_tau0p75,5,26,0.24761904761904763,3
exp13:score_proj_l2h_lam0p20:seed44,dev,pava_q3_tau0p75,1,0,0.0,4
exp13:score_proj_l2h_lam0p20:seed44,dev,pava_q3_tau0p75,2,0,0.0,4
exp13:score_proj_l2h_lam0p20:seed44,dev,pava_q3_tau0p75,3,68,0.17480719794344474,4
exp13:score_proj_l2h_lam0p20:seed44,dev,pava_q3_tau0p75,4,209,0.5372750642673522,4
exp13:score_proj_l2h_lam0p20:seed44,dev,pava_q3_tau0p75,5,112,0.2879177377892031,4
exp13:score_proj_l2h_lam0p20:seed44,dev,pava_q3_tau0p75,1,0,0.0,5
exp13:score_proj_l2h_lam0p20:seed44,dev,pava_q3_tau0p75,2,1,0.0017985611510791368,5
exp13:score_proj_l2h_lam0p20:seed44,dev,pava_q3_tau0p75,3,17,0.030575539568345324,5
exp13:score_proj_l2h_lam0p20:seed44,dev,pava_q3_tau0p75,4,110,0.19784172661870503,5
exp13:score_proj_l2h_lam0p20:seed44,dev,pava_q3_tau0p75,5,428,0.7697841726618705,5
exp13:score_proj_l2h_lam0p20:seed44,test,pava_q3_tau0p75,1,9,0.008159564823209429,
exp13:score_proj_l2h_lam0p20:seed44,test,pava_q3_tau0p75,2,5,0.004533091568449683,
exp13:score_proj_l2h_lam0p20:seed44,test,pava_q3_tau0p75,3,137,0.1242067089755213,
exp13:score_proj_l2h_lam0p20:seed44,test,pava_q3_tau0p75,4,383,0.3472348141432457,
exp13:score_proj_l2h_lam0p20:seed44,test,pava_q3_tau0p75,5,569,0.5158658204895739,
exp13:score_proj_l2h_lam0p20:seed44,test,pava_q3_tau0p75,1,8,0.8888888888888888,1
exp13:score_proj_l2h_lam0p20:seed44,test,pava_q3_tau0p75,2,0,0.0,1
exp13:score_proj_l2h_lam0p20:seed44,test,pava_q3_tau0p75,3,0,0.0,1
exp13:score_proj_l2h_lam0p20:seed44,test,pava_q3_tau0p75,4,0,0.0,1
exp13:score_proj_l2h_lam0p20:seed44,test,pava_q3_tau0p75,5,1,0.1111111111111111,1
exp13:score_proj_l2h_lam0p20:seed44,test,pava_q3_tau0p75,1,0,0.0,2
exp13:score_proj_l2h_lam0p20:seed44,test,pava_q3_tau0p75,2,0,0.0,2
exp13:score_proj_l2h_lam0p20:seed44,test,pava_q3_tau0p75,3,11,0.5,2
exp13:score_proj_l2h_lam0p20:seed44,test,pava_q3_tau0p75,4,7,0.3181818181818182,2
exp13:score_proj_l2h_lam0p20:seed44,test,pava_q3_tau0p75,5,4,0.18181818181818182,2
exp13:score_proj_l2h_lam0p20:seed44,test,pava_q3_tau0p75,1,1,0.009523809523809525,3
exp13:score_proj_l2h_lam0p20:seed44,test,pava_q3_tau0p75,2,1,0.009523809523809525,3
exp13:score_proj_l2h_lam0p20:seed44,test,pava_q3_tau0p75,3,50,0.47619047619047616,3
exp13:score_proj_l2h_lam0p20:seed44,test,pava_q3_tau0p75,4,39,0.37142857142857144,3
exp13:score_proj_l2h_lam0p20:seed44,test,pava_q3_tau0p75,5,14,0.13333333333333333,3
exp13:score_proj_l2h_lam0p20:seed44,test,pava_q3_tau0p75,1,0,0.0,4
exp13:score_proj_l2h_lam0p20:seed44,test,pava_q3_tau0p75,2,1,0.002849002849002849,4
exp13:score_proj_l2h_lam0p20:seed44,test,pava_q3_tau0p75,3,63,0.1794871794871795,4
exp13:score_proj_l2h_lam0p20:seed44,test,pava_q3_tau0p75,4,202,0.5754985754985755,4
exp13:score_proj_l2h_lam0p20:seed44,test,pava_q3_tau0p75,5,85,0.24216524216524216,4
exp13:score_proj_l2h_lam0p20:seed44,test,pava_q3_tau0p75,1,0,0.0,5
exp13:score_proj_l2h_lam0p20:seed44,test,pava_q3_tau0p75,2,3,0.00487012987012987,5
exp13:score_proj_l2h_lam0p20:seed44,test,pava_q3_tau0p75,3,13,0.021103896103896104,5
exp13:score_proj_l2h_lam0p20:seed44,test,pava_q3_tau0p75,4,135,0.21915584415584416,5
exp13:score_proj_l2h_lam0p20:seed44,test,pava_q3_tau0p75,5,465,0.7548701298701299,5
exp13:score_proj_l2h_lam0p20:seed44,dev,pava_q3_tau0p80,1,13,0.011743450767841012,
exp13:score_proj_l2h_lam0p20:seed44,dev,pava_q3_tau0p80,2,4,0.0036133694670280035,
exp13:score_proj_l2h_lam0p20:seed44,dev,pava_q3_tau0p80,3,152,0.13730803974706413,
exp13:score_proj_l2h_lam0p20:seed44,dev,pava_q3_tau0p80,4,355,0.3206865401987353,
exp13:score_proj_l2h_lam0p20:seed44,dev,pava_q3_tau0p80,5,583,0.5266485998193315,
exp13:score_proj_l2h_lam0p20:seed44,dev,pava_q3_tau0p80,1,13,0.6842105263157895,1
exp13:score_proj_l2h_lam0p20:seed44,dev,pava_q3_tau0p80,2,0,0.0,1
exp13:score_proj_l2h_lam0p20:seed44,dev,pava_q3_tau0p80,3,4,0.21052631578947367,1
exp13:score_proj_l2h_lam0p20:seed44,dev,pava_q3_tau0p80,4,2,0.10526315789473684,1
exp13:score_proj_l2h_lam0p20:seed44,dev,pava_q3_tau0p80,5,0,0.0,1
exp13:score_proj_l2h_lam0p20:seed44,dev,pava_q3_tau0p80,1,0,0.0,2
exp13:score_proj_l2h_lam0p20:seed44,dev,pava_q3_tau0p80,2,3,0.07894736842105263,2
exp13:score_proj_l2h_lam0p20:seed44,dev,pava_q3_tau0p80,3,9,0.23684210526315788,2
exp13:score_proj_l2h_lam0p20:seed44,dev,pava_q3_tau0p80,4,9,0.23684210526315788,2
exp13:score_proj_l2h_lam0p20:seed44,dev,pava_q3_tau0p80,5,17,0.4473684210526316,2
exp13:score_proj_l2h_lam0p20:seed44,dev,pava_q3_tau0p80,1,0,0.0,3
exp13:score_proj_l2h_lam0p20:seed44,dev,pava_q3_tau0p80,2,0,0.0,3
exp13:score_proj_l2h_lam0p20:seed44,dev,pava_q3_tau0p80,3,48,0.45714285714285713,3
exp13:score_proj_l2h_lam0p20:seed44,dev,pava_q3_tau0p80,4,31,0.29523809523809524,3
exp13:score_proj_l2h_lam0p20:seed44,dev,pava_q3_tau0p80,5,26,0.24761904761904763,3
exp13:score_proj_l2h_lam0p20:seed44,dev,pava_q3_tau0p80,1,0,0.0,4
exp13:score_proj_l2h_lam0p20:seed44,dev,pava_q3_tau0p80,2,0,0.0,4
exp13:score_proj_l2h_lam0p20:seed44,dev,pava_q3_tau0p80,3,72,0.18508997429305912,4
exp13:score_proj_l2h_lam0p20:seed44,dev,pava_q3_tau0p80,4,205,0.5269922879177378,4
exp13:score_proj_l2h_lam0p20:seed44,dev,pava_q3_tau0p80,5,112,0.2879177377892031,4
exp13:score_proj_l2h_lam0p20:seed44,dev,pava_q3_tau0p80,1,0,0.0,5
exp13:score_proj_l2h_lam0p20:seed44,dev,pava_q3_tau0p80,2,1,0.0017985611510791368,5
exp13:score_proj_l2h_lam0p20:seed44,dev,pava_q3_tau0p80,3,19,0.0341726618705036,5
exp13:score_proj_l2h_lam0p20:seed44,dev,pava_q3_tau0p80,4,108,0.19424460431654678,5
exp13:score_proj_l2h_lam0p20:seed44,dev,pava_q3_tau0p80,5,428,0.7697841726618705,5
exp13:score_proj_l2h_lam0p20:seed44,test,pava_q3_tau0p80,1,9,0.008159564823209429,
exp13:score_proj_l2h_lam0p20:seed44,test,pava_q3_tau0p80,2,5,0.004533091568449683,
exp13:score_proj_l2h_lam0p20:seed44,test,pava_q3_tau0p80,3,152,0.13780598368087035,
exp13:score_proj_l2h_lam0p20:seed44,test,pava_q3_tau0p80,4,370,0.3354487760652765,
exp13:score_proj_l2h_lam0p20:seed44,test,pava_q3_tau0p80,5,567,0.514052583862194,
exp13:score_proj_l2h_lam0p20:seed44,test,pava_q3_tau0p80,1,8,0.8888888888888888,1
exp13:score_proj_l2h_lam0p20:seed44,test,pava_q3_tau0p80,2,0,0.0,1
exp13:score_proj_l2h_lam0p20:seed44,test,pava_q3_tau0p80,3,0,0.0,1
exp13:score_proj_l2h_lam0p20:seed44,test,pava_q3_tau0p80,4,0,0.0,1
exp13:score_proj_l2h_lam0p20:seed44,test,pava_q3_tau0p80,5,1,0.1111111111111111,1
exp13:score_proj_l2h_lam0p20:seed44,test,pava_q3_tau0p80,1,0,0.0,2
exp13:score_proj_l2h_lam0p20:seed44,test,pava_q3_tau0p80,2,0,0.0,2
exp13:score_proj_l2h_lam0p20:seed44,test,pava_q3_tau0p80,3,11,0.5,2
exp13:score_proj_l2h_lam0p20:seed44,test,pava_q3_tau0p80,4,7,0.3181818181818182,2
exp13:score_proj_l2h_lam0p20:seed44,test,pava_q3_tau0p80,5,4,0.18181818181818182,2
exp13:score_proj_l2h_lam0p20:seed44,test,pava_q3_tau0p80,1,1,0.009523809523809525,3
exp13:score_proj_l2h_lam0p20:seed44,test,pava_q3_tau0p80,2,1,0.009523809523809525,3
exp13:score_proj_l2h_lam0p20:seed44,test,pava_q3_tau0p80,3,51,0.4857142857142857,3
exp13:score_proj_l2h_lam0p20:seed44,test,pava_q3_tau0p80,4,38,0.3619047619047619,3
exp13:score_proj_l2h_lam0p20:seed44,test,pava_q3_tau0p80,5,14,0.13333333333333333,3
exp13:score_proj_l2h_lam0p20:seed44,test,pava_q3_tau0p80,1,0,0.0,4
exp13:score_proj_l2h_lam0p20:seed44,test,pava_q3_tau0p80,2,1,0.002849002849002849,4
exp13:score_proj_l2h_lam0p20:seed44,test,pava_q3_tau0p80,3,71,0.2022792022792023,4
exp13:score_proj_l2h_lam0p20:seed44,test,pava_q3_tau0p80,4,195,0.5555555555555556,4
exp13:score_proj_l2h_lam0p20:seed44,test,pava_q3_tau0p80,5,84,0.23931623931623933,4
exp13:score_proj_l2h_lam0p20:seed44,test,pava_q3_tau0p80,1,0,0.0,5
exp13:score_proj_l2h_lam0p20:seed44,test,pava_q3_tau0p80,2,3,0.00487012987012987,5
exp13:score_proj_l2h_lam0p20:seed44,test,pava_q3_tau0p80,3,19,0.030844155844155844,5
exp13:score_proj_l2h_lam0p20:seed44,test,pava_q3_tau0p80,4,130,0.21103896103896103,5
exp13:score_proj_l2h_lam0p20:seed44,test,pava_q3_tau0p80,5,464,0.7532467532467533,5
exp13:score_proj_l2h_lam0p20:seed44,dev,pava_q3_tau0p85,1,13,0.011743450767841012,
exp13:score_proj_l2h_lam0p20:seed44,dev,pava_q3_tau0p85,2,4,0.0036133694670280035,
exp13:score_proj_l2h_lam0p20:seed44,dev,pava_q3_tau0p85,3,174,0.15718157181571815,
exp13:score_proj_l2h_lam0p20:seed44,dev,pava_q3_tau0p85,4,335,0.3026196928635953,
exp13:score_proj_l2h_lam0p20:seed44,dev,pava_q3_tau0p85,5,581,0.5248419150858176,
exp13:score_proj_l2h_lam0p20:seed44,dev,pava_q3_tau0p85,1,13,0.6842105263157895,1
exp13:score_proj_l2h_lam0p20:seed44,dev,pava_q3_tau0p85,2,0,0.0,1
exp13:score_proj_l2h_lam0p20:seed44,dev,pava_q3_tau0p85,3,4,0.21052631578947367,1
exp13:score_proj_l2h_lam0p20:seed44,dev,pava_q3_tau0p85,4,2,0.10526315789473684,1
exp13:score_proj_l2h_lam0p20:seed44,dev,pava_q3_tau0p85,5,0,0.0,1
exp13:score_proj_l2h_lam0p20:seed44,dev,pava_q3_tau0p85,1,0,0.0,2
exp13:score_proj_l2h_lam0p20:seed44,dev,pava_q3_tau0p85,2,3,0.07894736842105263,2
exp13:score_proj_l2h_lam0p20:seed44,dev,pava_q3_tau0p85,3,11,0.2894736842105263,2
exp13:score_proj_l2h_lam0p20:seed44,dev,pava_q3_tau0p85,4,8,0.21052631578947367,2
exp13:score_proj_l2h_lam0p20:seed44,dev,pava_q3_tau0p85,5,16,0.42105263157894735,2
exp13:score_proj_l2h_lam0p20:seed44,dev,pava_q3_tau0p85,1,0,0.0,3
exp13:score_proj_l2h_lam0p20:seed44,dev,pava_q3_tau0p85,2,0,0.0,3
exp13:score_proj_l2h_lam0p20:seed44,dev,pava_q3_tau0p85,3,53,0.5047619047619047,3
exp13:score_proj_l2h_lam0p20:seed44,dev,pava_q3_tau0p85,4,26,0.24761904761904763,3
exp13:score_proj_l2h_lam0p20:seed44,dev,pava_q3_tau0p85,5,26,0.24761904761904763,3
exp13:score_proj_l2h_lam0p20:seed44,dev,pava_q3_tau0p85,1,0,0.0,4
exp13:score_proj_l2h_lam0p20:seed44,dev,pava_q3_tau0p85,2,0,0.0,4
exp13:score_proj_l2h_lam0p20:seed44,dev,pava_q3_tau0p85,3,85,0.2185089974293059,4
exp13:score_proj_l2h_lam0p20:seed44,dev,pava_q3_tau0p85,4,193,0.4961439588688946,4
exp13:score_proj_l2h_lam0p20:seed44,dev,pava_q3_tau0p85,5,111,0.2853470437017995,4
exp13:score_proj_l2h_lam0p20:seed44,dev,pava_q3_tau0p85,1,0,0.0,5
exp13:score_proj_l2h_lam0p20:seed44,dev,pava_q3_tau0p85,2,1,0.0017985611510791368,5
exp13:score_proj_l2h_lam0p20:seed44,dev,pava_q3_tau0p85,3,21,0.03776978417266187,5
exp13:score_proj_l2h_lam0p20:seed44,dev,pava_q3_tau0p85,4,106,0.1906474820143885,5
exp13:score_proj_l2h_lam0p20:seed44,dev,pava_q3_tau0p85,5,428,0.7697841726618705,5
exp13:score_proj_l2h_lam0p20:seed44,test,pava_q3_tau0p85,1,9,0.008159564823209429,
exp13:score_proj_l2h_lam0p20:seed44,test,pava_q3_tau0p85,2,5,0.004533091568449683,
exp13:score_proj_l2h_lam0p20:seed44,test,pava_q3_tau0p85,3,177,0.16047144152311876,
exp13:score_proj_l2h_lam0p20:seed44,test,pava_q3_tau0p85,4,348,0.3155031731640979,
exp13:score_proj_l2h_lam0p20:seed44,test,pava_q3_tau0p85,5,564,0.5113327289211242,
exp13:score_proj_l2h_lam0p20:seed44,test,pava_q3_tau0p85,1,8,0.8888888888888888,1
exp13:score_proj_l2h_lam0p20:seed44,test,pava_q3_tau0p85,2,0,0.0,1
exp13:score_proj_l2h_lam0p20:seed44,test,pava_q3_tau0p85,3,0,0.0,1
exp13:score_proj_l2h_lam0p20:seed44,test,pava_q3_tau0p85,4,0,0.0,1
exp13:score_proj_l2h_lam0p20:seed44,test,pava_q3_tau0p85,5,1,0.1111111111111111,1
exp13:score_proj_l2h_lam0p20:seed44,test,pava_q3_tau0p85,1,0,0.0,2
exp13:score_proj_l2h_lam0p20:seed44,test,pava_q3_tau0p85,2,0,0.0,2
exp13:score_proj_l2h_lam0p20:seed44,test,pava_q3_tau0p85,3,13,0.5909090909090909,2
exp13:score_proj_l2h_lam0p20:seed44,test,pava_q3_tau0p85,4,5,0.22727272727272727,2
exp13:score_proj_l2h_lam0p20:seed44,test,pava_q3_tau0p85,5,4,0.18181818181818182,2
exp13:score_proj_l2h_lam0p20:seed44,test,pava_q3_tau0p85,1,1,0.009523809523809525,3
exp13:score_proj_l2h_lam0p20:seed44,test,pava_q3_tau0p85,2,1,0.009523809523809525,3
exp13:score_proj_l2h_lam0p20:seed44,test,pava_q3_tau0p85,3,56,0.5333333333333333,3
exp13:score_proj_l2h_lam0p20:seed44,test,pava_q3_tau0p85,4,33,0.3142857142857143,3
exp13:score_proj_l2h_lam0p20:seed44,test,pava_q3_tau0p85,5,14,0.13333333333333333,3
exp13:score_proj_l2h_lam0p20:seed44,test,pava_q3_tau0p85,1,0,0.0,4
exp13:score_proj_l2h_lam0p20:seed44,test,pava_q3_tau0p85,2,1,0.002849002849002849,4
exp13:score_proj_l2h_lam0p20:seed44,test,pava_q3_tau0p85,3,82,0.2336182336182336,4
exp13:score_proj_l2h_lam0p20:seed44,test,pava_q3_tau0p85,4,184,0.5242165242165242,4
exp13:score_proj_l2h_lam0p20:seed44,test,pava_q3_tau0p85,5,84,0.23931623931623933,4
exp13:score_proj_l2h_lam0p20:seed44,test,pava_q3_tau0p85,1,0,0.0,5
exp13:score_proj_l2h_lam0p20:seed44,test,pava_q3_tau0p85,2,3,0.00487012987012987,5
exp13:score_proj_l2h_lam0p20:seed44,test,pava_q3_tau0p85,3,26,0.04220779220779221,5
exp13:score_proj_l2h_lam0p20:seed44,test,pava_q3_tau0p85,4,126,0.20454545454545456,5
exp13:score_proj_l2h_lam0p20:seed44,test,pava_q3_tau0p85,5,461,0.7483766233766234,5
exp13:score_proj_l2h_lam0p20:seed44,dev,pava_q3_tau0p90,1,13,0.011743450767841012,
exp13:score_proj_l2h_lam0p20:seed44,dev,pava_q3_tau0p90,2,4,0.0036133694670280035,
exp13:score_proj_l2h_lam0p20:seed44,dev,pava_q3_tau0p90,3,193,0.17434507678410116,
exp13:score_proj_l2h_lam0p20:seed44,dev,pava_q3_tau0p90,4,316,0.28545618789521227,
exp13:score_proj_l2h_lam0p20:seed44,dev,pava_q3_tau0p90,5,581,0.5248419150858176,
exp13:score_proj_l2h_lam0p20:seed44,dev,pava_q3_tau0p90,1,13,0.6842105263157895,1
exp13:score_proj_l2h_lam0p20:seed44,dev,pava_q3_tau0p90,2,0,0.0,1
exp13:score_proj_l2h_lam0p20:seed44,dev,pava_q3_tau0p90,3,4,0.21052631578947367,1
exp13:score_proj_l2h_lam0p20:seed44,dev,pava_q3_tau0p90,4,2,0.10526315789473684,1
exp13:score_proj_l2h_lam0p20:seed44,dev,pava_q3_tau0p90,5,0,0.0,1
exp13:score_proj_l2h_lam0p20:seed44,dev,pava_q3_tau0p90,1,0,0.0,2
exp13:score_proj_l2h_lam0p20:seed44,dev,pava_q3_tau0p90,2,3,0.07894736842105263,2
exp13:score_proj_l2h_lam0p20:seed44,dev,pava_q3_tau0p90,3,12,0.3157894736842105,2
exp13:score_proj_l2h_lam0p20:seed44,dev,pava_q3_tau0p90,4,7,0.18421052631578946,2
exp13:score_proj_l2h_lam0p20:seed44,dev,pava_q3_tau0p90,5,16,0.42105263157894735,2
exp13:score_proj_l2h_lam0p20:seed44,dev,pava_q3_tau0p90,1,0,0.0,3
exp13:score_proj_l2h_lam0p20:seed44,dev,pava_q3_tau0p90,2,0,0.0,3
exp13:score_proj_l2h_lam0p20:seed44,dev,pava_q3_tau0p90,3,57,0.5428571428571428,3
exp13:score_proj_l2h_lam0p20:seed44,dev,pava_q3_tau0p90,4,22,0.20952380952380953,3
exp13:score_proj_l2h_lam0p20:seed44,dev,pava_q3_tau0p90,5,26,0.24761904761904763,3
exp13:score_proj_l2h_lam0p20:seed44,dev,pava_q3_tau0p90,1,0,0.0,4
exp13:score_proj_l2h_lam0p20:seed44,dev,pava_q3_tau0p90,2,0,0.0,4
exp13:score_proj_l2h_lam0p20:seed44,dev,pava_q3_tau0p90,3,95,0.2442159383033419,4
exp13:score_proj_l2h_lam0p20:seed44,dev,pava_q3_tau0p90,4,183,0.4704370179948586,4
exp13:score_proj_l2h_lam0p20:seed44,dev,pava_q3_tau0p90,5,111,0.2853470437017995,4
exp13:score_proj_l2h_lam0p20:seed44,dev,pava_q3_tau0p90,1,0,0.0,5
exp13:score_proj_l2h_lam0p20:seed44,dev,pava_q3_tau0p90,2,1,0.0017985611510791368,5
exp13:score_proj_l2h_lam0p20:seed44,dev,pava_q3_tau0p90,3,25,0.044964028776978415,5
exp13:score_proj_l2h_lam0p20:seed44,dev,pava_q3_tau0p90,4,102,0.18345323741007194,5
exp13:score_proj_l2h_lam0p20:seed44,dev,pava_q3_tau0p90,5,428,0.7697841726618705,5
exp13:score_proj_l2h_lam0p20:seed44,test,pava_q3_tau0p90,1,9,0.008159564823209429,
exp13:score_proj_l2h_lam0p20:seed44,test,pava_q3_tau0p90,2,5,0.004533091568449683,
exp13:score_proj_l2h_lam0p20:seed44,test,pava_q3_tau0p90,3,211,0.1912964641885766,
exp13:score_proj_l2h_lam0p20:seed44,test,pava_q3_tau0p90,4,317,0.2873980054397099,
exp13:score_proj_l2h_lam0p20:seed44,test,pava_q3_tau0p90,5,561,0.5086128739800544,
exp13:score_proj_l2h_lam0p20:seed44,test,pava_q3_tau0p90,1,8,0.8888888888888888,1
exp13:score_proj_l2h_lam0p20:seed44,test,pava_q3_tau0p90,2,0,0.0,1
exp13:score_proj_l2h_lam0p20:seed44,test,pava_q3_tau0p90,3,0,0.0,1
exp13:score_proj_l2h_lam0p20:seed44,test,pava_q3_tau0p90,4,0,0.0,1
exp13:score_proj_l2h_lam0p20:seed44,test,pava_q3_tau0p90,5,1,0.1111111111111111,1
exp13:score_proj_l2h_lam0p20:seed44,test,pava_q3_tau0p90,1,0,0.0,2
exp13:score_proj_l2h_lam0p20:seed44,test,pava_q3_tau0p90,2,0,0.0,2
exp13:score_proj_l2h_lam0p20:seed44,test,pava_q3_tau0p90,3,13,0.5909090909090909,2
exp13:score_proj_l2h_lam0p20:seed44,test,pava_q3_tau0p90,4,5,0.22727272727272727,2
exp13:score_proj_l2h_lam0p20:seed44,test,pava_q3_tau0p90,5,4,0.18181818181818182,2
exp13:score_proj_l2h_lam0p20:seed44,test,pava_q3_tau0p90,1,1,0.009523809523809525,3
exp13:score_proj_l2h_lam0p20:seed44,test,pava_q3_tau0p90,2,1,0.009523809523809525,3
exp13:score_proj_l2h_lam0p20:seed44,test,pava_q3_tau0p90,3,62,0.5904761904761905,3
exp13:score_proj_l2h_lam0p20:seed44,test,pava_q3_tau0p90,4,28,0.26666666666666666,3
exp13:score_proj_l2h_lam0p20:seed44,test,pava_q3_tau0p90,5,13,0.12380952380952381,3
exp13:score_proj_l2h_lam0p20:seed44,test,pava_q3_tau0p90,1,0,0.0,4
exp13:score_proj_l2h_lam0p20:seed44,test,pava_q3_tau0p90,2,1,0.002849002849002849,4
exp13:score_proj_l2h_lam0p20:seed44,test,pava_q3_tau0p90,3,103,0.2934472934472934,4
exp13:score_proj_l2h_lam0p20:seed44,test,pava_q3_tau0p90,4,164,0.4672364672364672,4
exp13:score_proj_l2h_lam0p20:seed44,test,pava_q3_tau0p90,5,83,0.23646723646723647,4
exp13:score_proj_l2h_lam0p20:seed44,test,pava_q3_tau0p90,1,0,0.0,5
exp13:score_proj_l2h_lam0p20:seed44,test,pava_q3_tau0p90,2,3,0.00487012987012987,5
exp13:score_proj_l2h_lam0p20:seed44,test,pava_q3_tau0p90,3,33,0.05357142857142857,5
exp13:score_proj_l2h_lam0p20:seed44,test,pava_q3_tau0p90,4,120,0.19480519480519481,5
exp13:score_proj_l2h_lam0p20:seed44,test,pava_q3_tau0p90,5,460,0.7467532467532467,5
exp13:score_proj_l2h_lam0p20:seed44,dev,pava_q3_tau0p95,1,13,0.011743450767841012,
exp13:score_proj_l2h_lam0p20:seed44,dev,pava_q3_tau0p95,2,4,0.0036133694670280035,
exp13:score_proj_l2h_lam0p20:seed44,dev,pava_q3_tau0p95,3,238,0.21499548328816623,
exp13:score_proj_l2h_lam0p20:seed44,dev,pava_q3_tau0p95,4,277,0.25022583559168926,
exp13:score_proj_l2h_lam0p20:seed44,dev,pava_q3_tau0p95,5,575,0.5194218608852755,
exp13:score_proj_l2h_lam0p20:seed44,dev,pava_q3_tau0p95,1,13,0.6842105263157895,1
exp13:score_proj_l2h_lam0p20:seed44,dev,pava_q3_tau0p95,2,0,0.0,1
exp13:score_proj_l2h_lam0p20:seed44,dev,pava_q3_tau0p95,3,4,0.21052631578947367,1
exp13:score_proj_l2h_lam0p20:seed44,dev,pava_q3_tau0p95,4,2,0.10526315789473684,1
exp13:score_proj_l2h_lam0p20:seed44,dev,pava_q3_tau0p95,5,0,0.0,1
exp13:score_proj_l2h_lam0p20:seed44,dev,pava_q3_tau0p95,1,0,0.0,2
exp13:score_proj_l2h_lam0p20:seed44,dev,pava_q3_tau0p95,2,3,0.07894736842105263,2
exp13:score_proj_l2h_lam0p20:seed44,dev,pava_q3_tau0p95,3,13,0.34210526315789475,2
exp13:score_proj_l2h_lam0p20:seed44,dev,pava_q3_tau0p95,4,6,0.15789473684210525,2
exp13:score_proj_l2h_lam0p20:seed44,dev,pava_q3_tau0p95,5,16,0.42105263157894735,2
exp13:score_proj_l2h_lam0p20:seed44,dev,pava_q3_tau0p95,1,0,0.0,3
exp13:score_proj_l2h_lam0p20:seed44,dev,pava_q3_tau0p95,2,0,0.0,3
exp13:score_proj_l2h_lam0p20:seed44,dev,pava_q3_tau0p95,3,60,0.5714285714285714,3
exp13:score_proj_l2h_lam0p20:seed44,dev,pava_q3_tau0p95,4,19,0.18095238095238095,3
exp13:score_proj_l2h_lam0p20:seed44,dev,pava_q3_tau0p95,5,26,0.24761904761904763,3
exp13:score_proj_l2h_lam0p20:seed44,dev,pava_q3_tau0p95,1,0,0.0,4
exp13:score_proj_l2h_lam0p20:seed44,dev,pava_q3_tau0p95,2,0,0.0,4
exp13:score_proj_l2h_lam0p20:seed44,dev,pava_q3_tau0p95,3,124,0.31876606683804626,4
exp13:score_proj_l2h_lam0p20:seed44,dev,pava_q3_tau0p95,4,156,0.40102827763496146,4
exp13:score_proj_l2h_lam0p20:seed44,dev,pava_q3_tau0p95,5,109,0.2802056555269923,4
exp13:score_proj_l2h_lam0p20:seed44,dev,pava_q3_tau0p95,1,0,0.0,5
exp13:score_proj_l2h_lam0p20:seed44,dev,pava_q3_tau0p95,2,1,0.0017985611510791368,5
exp13:score_proj_l2h_lam0p20:seed44,dev,pava_q3_tau0p95,3,37,0.06654676258992806,5
exp13:score_proj_l2h_lam0p20:seed44,dev,pava_q3_tau0p95,4,94,0.16906474820143885,5
exp13:score_proj_l2h_lam0p20:seed44,dev,pava_q3_tau0p95,5,424,0.762589928057554,5
exp13:score_proj_l2h_lam0p20:seed44,test,pava_q3_tau0p95,1,9,0.008159564823209429,
exp13:score_proj_l2h_lam0p20:seed44,test,pava_q3_tau0p95,2,5,0.004533091568449683,
exp13:score_proj_l2h_lam0p20:seed44,test,pava_q3_tau0p95,3,267,0.24206708975521304,
exp13:score_proj_l2h_lam0p20:seed44,test,pava_q3_tau0p95,4,268,0.242973708068903,
exp13:score_proj_l2h_lam0p20:seed44,test,pava_q3_tau0p95,5,554,0.5022665457842248,
exp13:score_proj_l2h_lam0p20:seed44,test,pava_q3_tau0p95,1,8,0.8888888888888888,1
exp13:score_proj_l2h_lam0p20:seed44,test,pava_q3_tau0p95,2,0,0.0,1
exp13:score_proj_l2h_lam0p20:seed44,test,pava_q3_tau0p95,3,0,0.0,1
exp13:score_proj_l2h_lam0p20:seed44,test,pava_q3_tau0p95,4,0,0.0,1
exp13:score_proj_l2h_lam0p20:seed44,test,pava_q3_tau0p95,5,1,0.1111111111111111,1
exp13:score_proj_l2h_lam0p20:seed44,test,pava_q3_tau0p95,1,0,0.0,2
exp13:score_proj_l2h_lam0p20:seed44,test,pava_q3_tau0p95,2,0,0.0,2
exp13:score_proj_l2h_lam0p20:seed44,test,pava_q3_tau0p95,3,13,0.5909090909090909,2
exp13:score_proj_l2h_lam0p20:seed44,test,pava_q3_tau0p95,4,5,0.22727272727272727,2
exp13:score_proj_l2h_lam0p20:seed44,test,pava_q3_tau0p95,5,4,0.18181818181818182,2
exp13:score_proj_l2h_lam0p20:seed44,test,pava_q3_tau0p95,1,1,0.009523809523809525,3
exp13:score_proj_l2h_lam0p20:seed44,test,pava_q3_tau0p95,2,1,0.009523809523809525,3
exp13:score_proj_l2h_lam0p20:seed44,test,pava_q3_tau0p95,3,67,0.638095238095238,3
exp13:score_proj_l2h_lam0p20:seed44,test,pava_q3_tau0p95,4,23,0.21904761904761905,3
exp13:score_proj_l2h_lam0p20:seed44,test,pava_q3_tau0p95,5,13,0.12380952380952381,3
exp13:score_proj_l2h_lam0p20:seed44,test,pava_q3_tau0p95,1,0,0.0,4
exp13:score_proj_l2h_lam0p20:seed44,test,pava_q3_tau0p95,2,1,0.002849002849002849,4
exp13:score_proj_l2h_lam0p20:seed44,test,pava_q3_tau0p95,3,134,0.3817663817663818,4
exp13:score_proj_l2h_lam0p20:seed44,test,pava_q3_tau0p95,4,136,0.38746438746438744,4
exp13:score_proj_l2h_lam0p20:seed44,test,pava_q3_tau0p95,5,80,0.22792022792022792,4
exp13:score_proj_l2h_lam0p20:seed44,test,pava_q3_tau0p95,1,0,0.0,5
exp13:score_proj_l2h_lam0p20:seed44,test,pava_q3_tau0p95,2,3,0.00487012987012987,5
exp13:score_proj_l2h_lam0p20:seed44,test,pava_q3_tau0p95,3,53,0.08603896103896104,5
exp13:score_proj_l2h_lam0p20:seed44,test,pava_q3_tau0p95,4,104,0.16883116883116883,5
exp13:score_proj_l2h_lam0p20:seed44,test,pava_q3_tau0p95,5,456,0.7402597402597403,5
exp13:score_proj_l2h_lam0p20:seed44,dev,pava_q3_tau0p98,1,13,0.011743450767841012,
exp13:score_proj_l2h_lam0p20:seed44,dev,pava_q3_tau0p98,2,4,0.0036133694670280035,
exp13:score_proj_l2h_lam0p20:seed44,dev,pava_q3_tau0p98,3,305,0.2755194218608853,
exp13:score_proj_l2h_lam0p20:seed44,dev,pava_q3_tau0p98,4,220,0.1987353206865402,
exp13:score_proj_l2h_lam0p20:seed44,dev,pava_q3_tau0p98,5,565,0.5103884372177055,
exp13:score_proj_l2h_lam0p20:seed44,dev,pava_q3_tau0p98,1,13,0.6842105263157895,1
exp13:score_proj_l2h_lam0p20:seed44,dev,pava_q3_tau0p98,2,0,0.0,1
exp13:score_proj_l2h_lam0p20:seed44,dev,pava_q3_tau0p98,3,5,0.2631578947368421,1
exp13:score_proj_l2h_lam0p20:seed44,dev,pava_q3_tau0p98,4,1,0.05263157894736842,1
exp13:score_proj_l2h_lam0p20:seed44,dev,pava_q3_tau0p98,5,0,0.0,1
exp13:score_proj_l2h_lam0p20:seed44,dev,pava_q3_tau0p98,1,0,0.0,2
exp13:score_proj_l2h_lam0p20:seed44,dev,pava_q3_tau0p98,2,3,0.07894736842105263,2
exp13:score_proj_l2h_lam0p20:seed44,dev,pava_q3_tau0p98,3,15,0.39473684210526316,2
exp13:score_proj_l2h_lam0p20:seed44,dev,pava_q3_tau0p98,4,6,0.15789473684210525,2
exp13:score_proj_l2h_lam0p20:seed44,dev,pava_q3_tau0p98,5,14,0.3684210526315789,2
exp13:score_proj_l2h_lam0p20:seed44,dev,pava_q3_tau0p98,1,0,0.0,3
exp13:score_proj_l2h_lam0p20:seed44,dev,pava_q3_tau0p98,2,0,0.0,3
exp13:score_proj_l2h_lam0p20:seed44,dev,pava_q3_tau0p98,3,64,0.6095238095238096,3
exp13:score_proj_l2h_lam0p20:seed44,dev,pava_q3_tau0p98,4,15,0.14285714285714285,3
exp13:score_proj_l2h_lam0p20:seed44,dev,pava_q3_tau0p98,5,26,0.24761904761904763,3
exp13:score_proj_l2h_lam0p20:seed44,dev,pava_q3_tau0p98,1,0,0.0,4
exp13:score_proj_l2h_lam0p20:seed44,dev,pava_q3_tau0p98,2,0,0.0,4
exp13:score_proj_l2h_lam0p20:seed44,dev,pava_q3_tau0p98,3,154,0.39588688946015427,4
exp13:score_proj_l2h_lam0p20:seed44,dev,pava_q3_tau0p98,4,126,0.32390745501285345,4
exp13:score_proj_l2h_lam0p20:seed44,dev,pava_q3_tau0p98,5,109,0.2802056555269923,4
exp13:score_proj_l2h_lam0p20:seed44,dev,pava_q3_tau0p98,1,0,0.0,5
exp13:score_proj_l2h_lam0p20:seed44,dev,pava_q3_tau0p98,2,1,0.0017985611510791368,5
exp13:score_proj_l2h_lam0p20:seed44,dev,pava_q3_tau0p98,3,67,0.12050359712230216,5
exp13:score_proj_l2h_lam0p20:seed44,dev,pava_q3_tau0p98,4,72,0.12949640287769784,5
exp13:score_proj_l2h_lam0p20:seed44,dev,pava_q3_tau0p98,5,416,0.7482014388489209,5
exp13:score_proj_l2h_lam0p20:seed44,test,pava_q3_tau0p98,1,9,0.008159564823209429,
exp13:score_proj_l2h_lam0p20:seed44,test,pava_q3_tau0p98,2,5,0.004533091568449683,
exp13:score_proj_l2h_lam0p20:seed44,test,pava_q3_tau0p98,3,358,0.32456935630099726,
exp13:score_proj_l2h_lam0p20:seed44,test,pava_q3_tau0p98,4,198,0.17951042611060744,
exp13:score_proj_l2h_lam0p20:seed44,test,pava_q3_tau0p98,5,533,0.48322756119673616,
exp13:score_proj_l2h_lam0p20:seed44,test,pava_q3_tau0p98,1,8,0.8888888888888888,1
exp13:score_proj_l2h_lam0p20:seed44,test,pava_q3_tau0p98,2,0,0.0,1
exp13:score_proj_l2h_lam0p20:seed44,test,pava_q3_tau0p98,3,0,0.0,1
exp13:score_proj_l2h_lam0p20:seed44,test,pava_q3_tau0p98,4,0,0.0,1
exp13:score_proj_l2h_lam0p20:seed44,test,pava_q3_tau0p98,5,1,0.1111111111111111,1
exp13:score_proj_l2h_lam0p20:seed44,test,pava_q3_tau0p98,1,0,0.0,2
exp13:score_proj_l2h_lam0p20:seed44,test,pava_q3_tau0p98,2,0,0.0,2
exp13:score_proj_l2h_lam0p20:seed44,test,pava_q3_tau0p98,3,16,0.7272727272727273,2
exp13:score_proj_l2h_lam0p20:seed44,test,pava_q3_tau0p98,4,3,0.13636363636363635,2
exp13:score_proj_l2h_lam0p20:seed44,test,pava_q3_tau0p98,5,3,0.13636363636363635,2
exp13:score_proj_l2h_lam0p20:seed44,test,pava_q3_tau0p98,1,1,0.009523809523809525,3
exp13:score_proj_l2h_lam0p20:seed44,test,pava_q3_tau0p98,2,1,0.009523809523809525,3
exp13:score_proj_l2h_lam0p20:seed44,test,pava_q3_tau0p98,3,76,0.7238095238095238,3
exp13:score_proj_l2h_lam0p20:seed44,test,pava_q3_tau0p98,4,14,0.13333333333333333,3
exp13:score_proj_l2h_lam0p20:seed44,test,pava_q3_tau0p98,5,13,0.12380952380952381,3
exp13:score_proj_l2h_lam0p20:seed44,test,pava_q3_tau0p98,1,0,0.0,4
exp13:score_proj_l2h_lam0p20:seed44,test,pava_q3_tau0p98,2,1,0.002849002849002849,4
exp13:score_proj_l2h_lam0p20:seed44,test,pava_q3_tau0p98,3,169,0.48148148148148145,4
exp13:score_proj_l2h_lam0p20:seed44,test,pava_q3_tau0p98,4,103,0.2934472934472934,4
exp13:score_proj_l2h_lam0p20:seed44,test,pava_q3_tau0p98,5,78,0.2222222222222222,4
exp13:score_proj_l2h_lam0p20:seed44,test,pava_q3_tau0p98,1,0,0.0,5
exp13:score_proj_l2h_lam0p20:seed44,test,pava_q3_tau0p98,2,3,0.00487012987012987,5
exp13:score_proj_l2h_lam0p20:seed44,test,pava_q3_tau0p98,3,97,0.15746753246753248,5
exp13:score_proj_l2h_lam0p20:seed44,test,pava_q3_tau0p98,4,78,0.1266233766233766,5
exp13:score_proj_l2h_lam0p20:seed44,test,pava_q3_tau0p98,5,438,0.711038961038961,5
exp13:score_proj_l2h_lam0p20:seed44,dev,q3_bias_neg0p25_pava,1,13,0.011743450767841012,
exp13:score_proj_l2h_lam0p20:seed44,dev,q3_bias_neg0p25_pava,2,4,0.0036133694670280035,
exp13:score_proj_l2h_lam0p20:seed44,dev,q3_bias_neg0p25_pava,3,107,0.0966576332429991,
exp13:score_proj_l2h_lam0p20:seed44,dev,q3_bias_neg0p25_pava,4,399,0.3604336043360434,
exp13:score_proj_l2h_lam0p20:seed44,dev,q3_bias_neg0p25_pava,5,584,0.5275519421860885,
exp13:score_proj_l2h_lam0p20:seed44,dev,q3_bias_neg0p25_pava,1,13,0.6842105263157895,1
exp13:score_proj_l2h_lam0p20:seed44,dev,q3_bias_neg0p25_pava,2,0,0.0,1
exp13:score_proj_l2h_lam0p20:seed44,dev,q3_bias_neg0p25_pava,3,4,0.21052631578947367,1
exp13:score_proj_l2h_lam0p20:seed44,dev,q3_bias_neg0p25_pava,4,2,0.10526315789473684,1
exp13:score_proj_l2h_lam0p20:seed44,dev,q3_bias_neg0p25_pava,5,0,0.0,1
exp13:score_proj_l2h_lam0p20:seed44,dev,q3_bias_neg0p25_pava,1,0,0.0,2
exp13:score_proj_l2h_lam0p20:seed44,dev,q3_bias_neg0p25_pava,2,3,0.07894736842105263,2
exp13:score_proj_l2h_lam0p20:seed44,dev,q3_bias_neg0p25_pava,3,9,0.23684210526315788,2
exp13:score_proj_l2h_lam0p20:seed44,dev,q3_bias_neg0p25_pava,4,9,0.23684210526315788,2
exp13:score_proj_l2h_lam0p20:seed44,dev,q3_bias_neg0p25_pava,5,17,0.4473684210526316,2
exp13:score_proj_l2h_lam0p20:seed44,dev,q3_bias_neg0p25_pava,1,0,0.0,3
exp13:score_proj_l2h_lam0p20:seed44,dev,q3_bias_neg0p25_pava,2,0,0.0,3
exp13:score_proj_l2h_lam0p20:seed44,dev,q3_bias_neg0p25_pava,3,36,0.34285714285714286,3
exp13:score_proj_l2h_lam0p20:seed44,dev,q3_bias_neg0p25_pava,4,43,0.4095238095238095,3
exp13:score_proj_l2h_lam0p20:seed44,dev,q3_bias_neg0p25_pava,5,26,0.24761904761904763,3
exp13:score_proj_l2h_lam0p20:seed44,dev,q3_bias_neg0p25_pava,1,0,0.0,4
exp13:score_proj_l2h_lam0p20:seed44,dev,q3_bias_neg0p25_pava,2,0,0.0,4
exp13:score_proj_l2h_lam0p20:seed44,dev,q3_bias_neg0p25_pava,3,49,0.12596401028277635,4
exp13:score_proj_l2h_lam0p20:seed44,dev,q3_bias_neg0p25_pava,4,228,0.5861182519280206,4
exp13:score_proj_l2h_lam0p20:seed44,dev,q3_bias_neg0p25_pava,5,112,0.2879177377892031,4
exp13:score_proj_l2h_lam0p20:seed44,dev,q3_bias_neg0p25_pava,1,0,0.0,5
exp13:score_proj_l2h_lam0p20:seed44,dev,q3_bias_neg0p25_pava,2,1,0.0017985611510791368,5
exp13:score_proj_l2h_lam0p20:seed44,dev,q3_bias_neg0p25_pava,3,9,0.01618705035971223,5
exp13:score_proj_l2h_lam0p20:seed44,dev,q3_bias_neg0p25_pava,4,117,0.210431654676259,5
exp13:score_proj_l2h_lam0p20:seed44,dev,q3_bias_neg0p25_pava,5,429,0.7715827338129496,5
exp13:score_proj_l2h_lam0p20:seed44,test,q3_bias_neg0p25_pava,1,9,0.008159564823209429,
exp13:score_proj_l2h_lam0p20:seed44,test,q3_bias_neg0p25_pava,2,5,0.004533091568449683,
exp13:score_proj_l2h_lam0p20:seed44,test,q3_bias_neg0p25_pava,3,98,0.08884859474161379,
exp13:score_proj_l2h_lam0p20:seed44,test,q3_bias_neg0p25_pava,4,422,0.3825929283771532,
exp13:score_proj_l2h_lam0p20:seed44,test,q3_bias_neg0p25_pava,5,569,0.5158658204895739,
exp13:score_proj_l2h_lam0p20:seed44,test,q3_bias_neg0p25_pava,1,8,0.8888888888888888,1
exp13:score_proj_l2h_lam0p20:seed44,test,q3_bias_neg0p25_pava,2,0,0.0,1
exp13:score_proj_l2h_lam0p20:seed44,test,q3_bias_neg0p25_pava,3,0,0.0,1
exp13:score_proj_l2h_lam0p20:seed44,test,q3_bias_neg0p25_pava,4,0,0.0,1
exp13:score_proj_l2h_lam0p20:seed44,test,q3_bias_neg0p25_pava,5,1,0.1111111111111111,1
exp13:score_proj_l2h_lam0p20:seed44,test,q3_bias_neg0p25_pava,1,0,0.0,2
exp13:score_proj_l2h_lam0p20:seed44,test,q3_bias_neg0p25_pava,2,0,0.0,2
exp13:score_proj_l2h_lam0p20:seed44,test,q3_bias_neg0p25_pava,3,10,0.45454545454545453,2
exp13:score_proj_l2h_lam0p20:seed44,test,q3_bias_neg0p25_pava,4,8,0.36363636363636365,2
exp13:score_proj_l2h_lam0p20:seed44,test,q3_bias_neg0p25_pava,5,4,0.18181818181818182,2
exp13:score_proj_l2h_lam0p20:seed44,test,q3_bias_neg0p25_pava,1,1,0.009523809523809525,3
exp13:score_proj_l2h_lam0p20:seed44,test,q3_bias_neg0p25_pava,2,1,0.009523809523809525,3
exp13:score_proj_l2h_lam0p20:seed44,test,q3_bias_neg0p25_pava,3,40,0.38095238095238093,3
exp13:score_proj_l2h_lam0p20:seed44,test,q3_bias_neg0p25_pava,4,49,0.4666666666666667,3
exp13:score_proj_l2h_lam0p20:seed44,test,q3_bias_neg0p25_pava,5,14,0.13333333333333333,3
exp13:score_proj_l2h_lam0p20:seed44,test,q3_bias_neg0p25_pava,1,0,0.0,4
exp13:score_proj_l2h_lam0p20:seed44,test,q3_bias_neg0p25_pava,2,1,0.002849002849002849,4
exp13:score_proj_l2h_lam0p20:seed44,test,q3_bias_neg0p25_pava,3,42,0.11965811965811966,4
exp13:score_proj_l2h_lam0p20:seed44,test,q3_bias_neg0p25_pava,4,223,0.6353276353276354,4
exp13:score_proj_l2h_lam0p20:seed44,test,q3_bias_neg0p25_pava,5,85,0.24216524216524216,4
exp13:score_proj_l2h_lam0p20:seed44,test,q3_bias_neg0p25_pava,1,0,0.0,5
exp13:score_proj_l2h_lam0p20:seed44,test,q3_bias_neg0p25_pava,2,3,0.00487012987012987,5
exp13:score_proj_l2h_lam0p20:seed44,test,q3_bias_neg0p25_pava,3,6,0.00974025974025974,5
exp13:score_proj_l2h_lam0p20:seed44,test,q3_bias_neg0p25_pava,4,142,0.2305194805194805,5
exp13:score_proj_l2h_lam0p20:seed44,test,q3_bias_neg0p25_pava,5,465,0.7548701298701299,5
exp13:score_proj_l2h_lam0p20:seed44,dev,q3_bias_neg0p5_pava,1,13,0.011743450767841012,
exp13:score_proj_l2h_lam0p20:seed44,dev,q3_bias_neg0p5_pava,2,4,0.0036133694670280035,
exp13:score_proj_l2h_lam0p20:seed44,dev,q3_bias_neg0p5_pava,3,112,0.1011743450767841,
exp13:score_proj_l2h_lam0p20:seed44,dev,q3_bias_neg0p5_pava,4,394,0.35591689250225833,
exp13:score_proj_l2h_lam0p20:seed44,dev,q3_bias_neg0p5_pava,5,584,0.5275519421860885,
exp13:score_proj_l2h_lam0p20:seed44,dev,q3_bias_neg0p5_pava,1,13,0.6842105263157895,1
exp13:score_proj_l2h_lam0p20:seed44,dev,q3_bias_neg0p5_pava,2,0,0.0,1
exp13:score_proj_l2h_lam0p20:seed44,dev,q3_bias_neg0p5_pava,3,4,0.21052631578947367,1
exp13:score_proj_l2h_lam0p20:seed44,dev,q3_bias_neg0p5_pava,4,2,0.10526315789473684,1
exp13:score_proj_l2h_lam0p20:seed44,dev,q3_bias_neg0p5_pava,5,0,0.0,1
exp13:score_proj_l2h_lam0p20:seed44,dev,q3_bias_neg0p5_pava,1,0,0.0,2
exp13:score_proj_l2h_lam0p20:seed44,dev,q3_bias_neg0p5_pava,2,3,0.07894736842105263,2
exp13:score_proj_l2h_lam0p20:seed44,dev,q3_bias_neg0p5_pava,3,9,0.23684210526315788,2
exp13:score_proj_l2h_lam0p20:seed44,dev,q3_bias_neg0p5_pava,4,9,0.23684210526315788,2
exp13:score_proj_l2h_lam0p20:seed44,dev,q3_bias_neg0p5_pava,5,17,0.4473684210526316,2
exp13:score_proj_l2h_lam0p20:seed44,dev,q3_bias_neg0p5_pava,1,0,0.0,3
exp13:score_proj_l2h_lam0p20:seed44,dev,q3_bias_neg0p5_pava,2,0,0.0,3
exp13:score_proj_l2h_lam0p20:seed44,dev,q3_bias_neg0p5_pava,3,38,0.3619047619047619,3
exp13:score_proj_l2h_lam0p20:seed44,dev,q3_bias_neg0p5_pava,4,41,0.3904761904761905,3
exp13:score_proj_l2h_lam0p20:seed44,dev,q3_bias_neg0p5_pava,5,26,0.24761904761904763,3
exp13:score_proj_l2h_lam0p20:seed44,dev,q3_bias_neg0p5_pava,1,0,0.0,4
exp13:score_proj_l2h_lam0p20:seed44,dev,q3_bias_neg0p5_pava,2,0,0.0,4
exp13:score_proj_l2h_lam0p20:seed44,dev,q3_bias_neg0p5_pava,3,52,0.13367609254498714,4
exp13:score_proj_l2h_lam0p20:seed44,dev,q3_bias_neg0p5_pava,4,225,0.5784061696658098,4
exp13:score_proj_l2h_lam0p20:seed44,dev,q3_bias_neg0p5_pava,5,112,0.2879177377892031,4
exp13:score_proj_l2h_lam0p20:seed44,dev,q3_bias_neg0p5_pava,1,0,0.0,5
exp13:score_proj_l2h_lam0p20:seed44,dev,q3_bias_neg0p5_pava,2,1,0.0017985611510791368,5
exp13:score_proj_l2h_lam0p20:seed44,dev,q3_bias_neg0p5_pava,3,9,0.01618705035971223,5
exp13:score_proj_l2h_lam0p20:seed44,dev,q3_bias_neg0p5_pava,4,117,0.210431654676259,5
exp13:score_proj_l2h_lam0p20:seed44,dev,q3_bias_neg0p5_pava,5,429,0.7715827338129496,5
exp13:score_proj_l2h_lam0p20:seed44,test,q3_bias_neg0p5_pava,1,9,0.008159564823209429,
exp13:score_proj_l2h_lam0p20:seed44,test,q3_bias_neg0p5_pava,2,5,0.004533091568449683,
exp13:score_proj_l2h_lam0p20:seed44,test,q3_bias_neg0p5_pava,3,105,0.09519492293744333,
exp13:score_proj_l2h_lam0p20:seed44,test,q3_bias_neg0p5_pava,4,415,0.37624660018132366,
exp13:score_proj_l2h_lam0p20:seed44,test,q3_bias_neg0p5_pava,5,569,0.5158658204895739,
exp13:score_proj_l2h_lam0p20:seed44,test,q3_bias_neg0p5_pava,1,8,0.8888888888888888,1
exp13:score_proj_l2h_lam0p20:seed44,test,q3_bias_neg0p5_pava,2,0,0.0,1
exp13:score_proj_l2h_lam0p20:seed44,test,q3_bias_neg0p5_pava,3,0,0.0,1
exp13:score_proj_l2h_lam0p20:seed44,test,q3_bias_neg0p5_pava,4,0,0.0,1
exp13:score_proj_l2h_lam0p20:seed44,test,q3_bias_neg0p5_pava,5,1,0.1111111111111111,1
exp13:score_proj_l2h_lam0p20:seed44,test,q3_bias_neg0p5_pava,1,0,0.0,2
exp13:score_proj_l2h_lam0p20:seed44,test,q3_bias_neg0p5_pava,2,0,0.0,2
exp13:score_proj_l2h_lam0p20:seed44,test,q3_bias_neg0p5_pava,3,10,0.45454545454545453,2
exp13:score_proj_l2h_lam0p20:seed44,test,q3_bias_neg0p5_pava,4,8,0.36363636363636365,2
exp13:score_proj_l2h_lam0p20:seed44,test,q3_bias_neg0p5_pava,5,4,0.18181818181818182,2
exp13:score_proj_l2h_lam0p20:seed44,test,q3_bias_neg0p5_pava,1,1,0.009523809523809525,3
exp13:score_proj_l2h_lam0p20:seed44,test,q3_bias_neg0p5_pava,2,1,0.009523809523809525,3
exp13:score_proj_l2h_lam0p20:seed44,test,q3_bias_neg0p5_pava,3,42,0.4,3
exp13:score_proj_l2h_lam0p20:seed44,test,q3_bias_neg0p5_pava,4,47,0.44761904761904764,3
exp13:score_proj_l2h_lam0p20:seed44,test,q3_bias_neg0p5_pava,5,14,0.13333333333333333,3
exp13:score_proj_l2h_lam0p20:seed44,test,q3_bias_neg0p5_pava,1,0,0.0,4
exp13:score_proj_l2h_lam0p20:seed44,test,q3_bias_neg0p5_pava,2,1,0.002849002849002849,4
exp13:score_proj_l2h_lam0p20:seed44,test,q3_bias_neg0p5_pava,3,47,0.1339031339031339,4
exp13:score_proj_l2h_lam0p20:seed44,test,q3_bias_neg0p5_pava,4,218,0.6210826210826211,4
exp13:score_proj_l2h_lam0p20:seed44,test,q3_bias_neg0p5_pava,5,85,0.24216524216524216,4
exp13:score_proj_l2h_lam0p20:seed44,test,q3_bias_neg0p5_pava,1,0,0.0,5
exp13:score_proj_l2h_lam0p20:seed44,test,q3_bias_neg0p5_pava,2,3,0.00487012987012987,5
exp13:score_proj_l2h_lam0p20:seed44,test,q3_bias_neg0p5_pava,3,6,0.00974025974025974,5
exp13:score_proj_l2h_lam0p20:seed44,test,q3_bias_neg0p5_pava,4,142,0.2305194805194805,5
exp13:score_proj_l2h_lam0p20:seed44,test,q3_bias_neg0p5_pava,5,465,0.7548701298701299,5
exp13:score_proj_l2h_lam0p20:seed44,dev,q3_bias_neg0p75_pava,1,13,0.011743450767841012,
exp13:score_proj_l2h_lam0p20:seed44,dev,q3_bias_neg0p75_pava,2,4,0.0036133694670280035,
exp13:score_proj_l2h_lam0p20:seed44,dev,q3_bias_neg0p75_pava,3,122,0.1102077687443541,
exp13:score_proj_l2h_lam0p20:seed44,dev,q3_bias_neg0p75_pava,4,384,0.34688346883468835,
exp13:score_proj_l2h_lam0p20:seed44,dev,q3_bias_neg0p75_pava,5,584,0.5275519421860885,
exp13:score_proj_l2h_lam0p20:seed44,dev,q3_bias_neg0p75_pava,1,13,0.6842105263157895,1
exp13:score_proj_l2h_lam0p20:seed44,dev,q3_bias_neg0p75_pava,2,0,0.0,1
exp13:score_proj_l2h_lam0p20:seed44,dev,q3_bias_neg0p75_pava,3,4,0.21052631578947367,1
exp13:score_proj_l2h_lam0p20:seed44,dev,q3_bias_neg0p75_pava,4,2,0.10526315789473684,1
exp13:score_proj_l2h_lam0p20:seed44,dev,q3_bias_neg0p75_pava,5,0,0.0,1
exp13:score_proj_l2h_lam0p20:seed44,dev,q3_bias_neg0p75_pava,1,0,0.0,2
exp13:score_proj_l2h_lam0p20:seed44,dev,q3_bias_neg0p75_pava,2,3,0.07894736842105263,2
exp13:score_proj_l2h_lam0p20:seed44,dev,q3_bias_neg0p75_pava,3,9,0.23684210526315788,2
exp13:score_proj_l2h_lam0p20:seed44,dev,q3_bias_neg0p75_pava,4,9,0.23684210526315788,2
exp13:score_proj_l2h_lam0p20:seed44,dev,q3_bias_neg0p75_pava,5,17,0.4473684210526316,2
exp13:score_proj_l2h_lam0p20:seed44,dev,q3_bias_neg0p75_pava,1,0,0.0,3
exp13:score_proj_l2h_lam0p20:seed44,dev,q3_bias_neg0p75_pava,2,0,0.0,3
exp13:score_proj_l2h_lam0p20:seed44,dev,q3_bias_neg0p75_pava,3,41,0.3904761904761905,3
exp13:score_proj_l2h_lam0p20:seed44,dev,q3_bias_neg0p75_pava,4,38,0.3619047619047619,3
exp13:score_proj_l2h_lam0p20:seed44,dev,q3_bias_neg0p75_pava,5,26,0.24761904761904763,3
exp13:score_proj_l2h_lam0p20:seed44,dev,q3_bias_neg0p75_pava,1,0,0.0,4
exp13:score_proj_l2h_lam0p20:seed44,dev,q3_bias_neg0p75_pava,2,0,0.0,4
exp13:score_proj_l2h_lam0p20:seed44,dev,q3_bias_neg0p75_pava,3,57,0.14652956298200515,4
exp13:score_proj_l2h_lam0p20:seed44,dev,q3_bias_neg0p75_pava,4,220,0.5655526992287918,4
exp13:score_proj_l2h_lam0p20:seed44,dev,q3_bias_neg0p75_pava,5,112,0.2879177377892031,4
exp13:score_proj_l2h_lam0p20:seed44,dev,q3_bias_neg0p75_pava,1,0,0.0,5
exp13:score_proj_l2h_lam0p20:seed44,dev,q3_bias_neg0p75_pava,2,1,0.0017985611510791368,5
exp13:score_proj_l2h_lam0p20:seed44,dev,q3_bias_neg0p75_pava,3,11,0.019784172661870502,5
exp13:score_proj_l2h_lam0p20:seed44,dev,q3_bias_neg0p75_pava,4,115,0.2068345323741007,5
exp13:score_proj_l2h_lam0p20:seed44,dev,q3_bias_neg0p75_pava,5,429,0.7715827338129496,5
exp13:score_proj_l2h_lam0p20:seed44,test,q3_bias_neg0p75_pava,1,9,0.008159564823209429,
exp13:score_proj_l2h_lam0p20:seed44,test,q3_bias_neg0p75_pava,2,5,0.004533091568449683,
exp13:score_proj_l2h_lam0p20:seed44,test,q3_bias_neg0p75_pava,3,122,0.11060743427017226,
exp13:score_proj_l2h_lam0p20:seed44,test,q3_bias_neg0p75_pava,4,398,0.36083408884859475,
exp13:score_proj_l2h_lam0p20:seed44,test,q3_bias_neg0p75_pava,5,569,0.5158658204895739,
exp13:score_proj_l2h_lam0p20:seed44,test,q3_bias_neg0p75_pava,1,8,0.8888888888888888,1
exp13:score_proj_l2h_lam0p20:seed44,test,q3_bias_neg0p75_pava,2,0,0.0,1
exp13:score_proj_l2h_lam0p20:seed44,test,q3_bias_neg0p75_pava,3,0,0.0,1
exp13:score_proj_l2h_lam0p20:seed44,test,q3_bias_neg0p75_pava,4,0,0.0,1
exp13:score_proj_l2h_lam0p20:seed44,test,q3_bias_neg0p75_pava,5,1,0.1111111111111111,1
exp13:score_proj_l2h_lam0p20:seed44,test,q3_bias_neg0p75_pava,1,0,0.0,2
exp13:score_proj_l2h_lam0p20:seed44,test,q3_bias_neg0p75_pava,2,0,0.0,2
exp13:score_proj_l2h_lam0p20:seed44,test,q3_bias_neg0p75_pava,3,11,0.5,2
exp13:score_proj_l2h_lam0p20:seed44,test,q3_bias_neg0p75_pava,4,7,0.3181818181818182,2
exp13:score_proj_l2h_lam0p20:seed44,test,q3_bias_neg0p75_pava,5,4,0.18181818181818182,2
exp13:score_proj_l2h_lam0p20:seed44,test,q3_bias_neg0p75_pava,1,1,0.009523809523809525,3
exp13:score_proj_l2h_lam0p20:seed44,test,q3_bias_neg0p75_pava,2,1,0.009523809523809525,3
exp13:score_proj_l2h_lam0p20:seed44,test,q3_bias_neg0p75_pava,3,46,0.4380952380952381,3
exp13:score_proj_l2h_lam0p20:seed44,test,q3_bias_neg0p75_pava,4,43,0.4095238095238095,3
exp13:score_proj_l2h_lam0p20:seed44,test,q3_bias_neg0p75_pava,5,14,0.13333333333333333,3
exp13:score_proj_l2h_lam0p20:seed44,test,q3_bias_neg0p75_pava,1,0,0.0,4
exp13:score_proj_l2h_lam0p20:seed44,test,q3_bias_neg0p75_pava,2,1,0.002849002849002849,4
exp13:score_proj_l2h_lam0p20:seed44,test,q3_bias_neg0p75_pava,3,56,0.15954415954415954,4
exp13:score_proj_l2h_lam0p20:seed44,test,q3_bias_neg0p75_pava,4,209,0.5954415954415955,4
exp13:score_proj_l2h_lam0p20:seed44,test,q3_bias_neg0p75_pava,5,85,0.24216524216524216,4
exp13:score_proj_l2h_lam0p20:seed44,test,q3_bias_neg0p75_pava,1,0,0.0,5
exp13:score_proj_l2h_lam0p20:seed44,test,q3_bias_neg0p75_pava,2,3,0.00487012987012987,5
exp13:score_proj_l2h_lam0p20:seed44,test,q3_bias_neg0p75_pava,3,9,0.01461038961038961,5
exp13:score_proj_l2h_lam0p20:seed44,test,q3_bias_neg0p75_pava,4,139,0.22564935064935066,5
exp13:score_proj_l2h_lam0p20:seed44,test,q3_bias_neg0p75_pava,5,465,0.7548701298701299,5
exp13:score_proj_l2h_lam0p20:seed44,dev,q3_bias_neg1p0_pava,1,13,0.011743450767841012,
exp13:score_proj_l2h_lam0p20:seed44,dev,q3_bias_neg1p0_pava,2,4,0.0036133694670280035,
exp13:score_proj_l2h_lam0p20:seed44,dev,q3_bias_neg1p0_pava,3,138,0.12466124661246612,
exp13:score_proj_l2h_lam0p20:seed44,dev,q3_bias_neg1p0_pava,4,368,0.3324299909665763,
exp13:score_proj_l2h_lam0p20:seed44,dev,q3_bias_neg1p0_pava,5,584,0.5275519421860885,
exp13:score_proj_l2h_lam0p20:seed44,dev,q3_bias_neg1p0_pava,1,13,0.6842105263157895,1
exp13:score_proj_l2h_lam0p20:seed44,dev,q3_bias_neg1p0_pava,2,0,0.0,1
exp13:score_proj_l2h_lam0p20:seed44,dev,q3_bias_neg1p0_pava,3,4,0.21052631578947367,1
exp13:score_proj_l2h_lam0p20:seed44,dev,q3_bias_neg1p0_pava,4,2,0.10526315789473684,1
exp13:score_proj_l2h_lam0p20:seed44,dev,q3_bias_neg1p0_pava,5,0,0.0,1
exp13:score_proj_l2h_lam0p20:seed44,dev,q3_bias_neg1p0_pava,1,0,0.0,2
exp13:score_proj_l2h_lam0p20:seed44,dev,q3_bias_neg1p0_pava,2,3,0.07894736842105263,2
exp13:score_proj_l2h_lam0p20:seed44,dev,q3_bias_neg1p0_pava,3,9,0.23684210526315788,2
exp13:score_proj_l2h_lam0p20:seed44,dev,q3_bias_neg1p0_pava,4,9,0.23684210526315788,2
exp13:score_proj_l2h_lam0p20:seed44,dev,q3_bias_neg1p0_pava,5,17,0.4473684210526316,2
exp13:score_proj_l2h_lam0p20:seed44,dev,q3_bias_neg1p0_pava,1,0,0.0,3
exp13:score_proj_l2h_lam0p20:seed44,dev,q3_bias_neg1p0_pava,2,0,0.0,3
exp13:score_proj_l2h_lam0p20:seed44,dev,q3_bias_neg1p0_pava,3,42,0.4,3
exp13:score_proj_l2h_lam0p20:seed44,dev,q3_bias_neg1p0_pava,4,37,0.3523809523809524,3
exp13:score_proj_l2h_lam0p20:seed44,dev,q3_bias_neg1p0_pava,5,26,0.24761904761904763,3
exp13:score_proj_l2h_lam0p20:seed44,dev,q3_bias_neg1p0_pava,1,0,0.0,4
exp13:score_proj_l2h_lam0p20:seed44,dev,q3_bias_neg1p0_pava,2,0,0.0,4
exp13:score_proj_l2h_lam0p20:seed44,dev,q3_bias_neg1p0_pava,3,67,0.17223650385604114,4
exp13:score_proj_l2h_lam0p20:seed44,dev,q3_bias_neg1p0_pava,4,210,0.5398457583547558,4
exp13:score_proj_l2h_lam0p20:seed44,dev,q3_bias_neg1p0_pava,5,112,0.2879177377892031,4
exp13:score_proj_l2h_lam0p20:seed44,dev,q3_bias_neg1p0_pava,1,0,0.0,5
exp13:score_proj_l2h_lam0p20:seed44,dev,q3_bias_neg1p0_pava,2,1,0.0017985611510791368,5
exp13:score_proj_l2h_lam0p20:seed44,dev,q3_bias_neg1p0_pava,3,16,0.02877697841726619,5
exp13:score_proj_l2h_lam0p20:seed44,dev,q3_bias_neg1p0_pava,4,110,0.19784172661870503,5
exp13:score_proj_l2h_lam0p20:seed44,dev,q3_bias_neg1p0_pava,5,429,0.7715827338129496,5
exp13:score_proj_l2h_lam0p20:seed44,test,q3_bias_neg1p0_pava,1,9,0.008159564823209429,
exp13:score_proj_l2h_lam0p20:seed44,test,q3_bias_neg1p0_pava,2,5,0.004533091568449683,
exp13:score_proj_l2h_lam0p20:seed44,test,q3_bias_neg1p0_pava,3,133,0.12058023572076156,
exp13:score_proj_l2h_lam0p20:seed44,test,q3_bias_neg1p0_pava,4,387,0.35086128739800543,
exp13:score_proj_l2h_lam0p20:seed44,test,q3_bias_neg1p0_pava,5,569,0.5158658204895739,
exp13:score_proj_l2h_lam0p20:seed44,test,q3_bias_neg1p0_pava,1,8,0.8888888888888888,1
exp13:score_proj_l2h_lam0p20:seed44,test,q3_bias_neg1p0_pava,2,0,0.0,1
exp13:score_proj_l2h_lam0p20:seed44,test,q3_bias_neg1p0_pava,3,0,0.0,1
exp13:score_proj_l2h_lam0p20:seed44,test,q3_bias_neg1p0_pava,4,0,0.0,1
exp13:score_proj_l2h_lam0p20:seed44,test,q3_bias_neg1p0_pava,5,1,0.1111111111111111,1
exp13:score_proj_l2h_lam0p20:seed44,test,q3_bias_neg1p0_pava,1,0,0.0,2
exp13:score_proj_l2h_lam0p20:seed44,test,q3_bias_neg1p0_pava,2,0,0.0,2
exp13:score_proj_l2h_lam0p20:seed44,test,q3_bias_neg1p0_pava,3,11,0.5,2
exp13:score_proj_l2h_lam0p20:seed44,test,q3_bias_neg1p0_pava,4,7,0.3181818181818182,2
exp13:score_proj_l2h_lam0p20:seed44,test,q3_bias_neg1p0_pava,5,4,0.18181818181818182,2
exp13:score_proj_l2h_lam0p20:seed44,test,q3_bias_neg1p0_pava,1,1,0.009523809523809525,3
exp13:score_proj_l2h_lam0p20:seed44,test,q3_bias_neg1p0_pava,2,1,0.009523809523809525,3
exp13:score_proj_l2h_lam0p20:seed44,test,q3_bias_neg1p0_pava,3,49,0.4666666666666667,3
exp13:score_proj_l2h_lam0p20:seed44,test,q3_bias_neg1p0_pava,4,40,0.38095238095238093,3
exp13:score_proj_l2h_lam0p20:seed44,test,q3_bias_neg1p0_pava,5,14,0.13333333333333333,3
exp13:score_proj_l2h_lam0p20:seed44,test,q3_bias_neg1p0_pava,1,0,0.0,4
exp13:score_proj_l2h_lam0p20:seed44,test,q3_bias_neg1p0_pava,2,1,0.002849002849002849,4
exp13:score_proj_l2h_lam0p20:seed44,test,q3_bias_neg1p0_pava,3,62,0.17663817663817663,4
exp13:score_proj_l2h_lam0p20:seed44,test,q3_bias_neg1p0_pava,4,203,0.5783475783475783,4
exp13:score_proj_l2h_lam0p20:seed44,test,q3_bias_neg1p0_pava,5,85,0.24216524216524216,4
exp13:score_proj_l2h_lam0p20:seed44,test,q3_bias_neg1p0_pava,1,0,0.0,5
exp13:score_proj_l2h_lam0p20:seed44,test,q3_bias_neg1p0_pava,2,3,0.00487012987012987,5
exp13:score_proj_l2h_lam0p20:seed44,test,q3_bias_neg1p0_pava,3,11,0.017857142857142856,5
exp13:score_proj_l2h_lam0p20:seed44,test,q3_bias_neg1p0_pava,4,137,0.2224025974025974,5
exp13:score_proj_l2h_lam0p20:seed44,test,q3_bias_neg1p0_pava,5,465,0.7548701298701299,5
exp13:score_proj_l2h_lam0p20:seed44,dev,q3_bias_neg1p5_pava,1,13,0.011743450767841012,
exp13:score_proj_l2h_lam0p20:seed44,dev,q3_bias_neg1p5_pava,2,4,0.0036133694670280035,
exp13:score_proj_l2h_lam0p20:seed44,dev,q3_bias_neg1p5_pava,3,157,0.14182475158084915,
exp13:score_proj_l2h_lam0p20:seed44,dev,q3_bias_neg1p5_pava,4,350,0.31616982836495033,
exp13:score_proj_l2h_lam0p20:seed44,dev,q3_bias_neg1p5_pava,5,583,0.5266485998193315,
exp13:score_proj_l2h_lam0p20:seed44,dev,q3_bias_neg1p5_pava,1,13,0.6842105263157895,1
exp13:score_proj_l2h_lam0p20:seed44,dev,q3_bias_neg1p5_pava,2,0,0.0,1
exp13:score_proj_l2h_lam0p20:seed44,dev,q3_bias_neg1p5_pava,3,4,0.21052631578947367,1
exp13:score_proj_l2h_lam0p20:seed44,dev,q3_bias_neg1p5_pava,4,2,0.10526315789473684,1
exp13:score_proj_l2h_lam0p20:seed44,dev,q3_bias_neg1p5_pava,5,0,0.0,1
exp13:score_proj_l2h_lam0p20:seed44,dev,q3_bias_neg1p5_pava,1,0,0.0,2
exp13:score_proj_l2h_lam0p20:seed44,dev,q3_bias_neg1p5_pava,2,3,0.07894736842105263,2
exp13:score_proj_l2h_lam0p20:seed44,dev,q3_bias_neg1p5_pava,3,9,0.23684210526315788,2
exp13:score_proj_l2h_lam0p20:seed44,dev,q3_bias_neg1p5_pava,4,9,0.23684210526315788,2
exp13:score_proj_l2h_lam0p20:seed44,dev,q3_bias_neg1p5_pava,5,17,0.4473684210526316,2
exp13:score_proj_l2h_lam0p20:seed44,dev,q3_bias_neg1p5_pava,1,0,0.0,3
exp13:score_proj_l2h_lam0p20:seed44,dev,q3_bias_neg1p5_pava,2,0,0.0,3
exp13:score_proj_l2h_lam0p20:seed44,dev,q3_bias_neg1p5_pava,3,50,0.47619047619047616,3
exp13:score_proj_l2h_lam0p20:seed44,dev,q3_bias_neg1p5_pava,4,29,0.2761904761904762,3
exp13:score_proj_l2h_lam0p20:seed44,dev,q3_bias_neg1p5_pava,5,26,0.24761904761904763,3
exp13:score_proj_l2h_lam0p20:seed44,dev,q3_bias_neg1p5_pava,1,0,0.0,4
exp13:score_proj_l2h_lam0p20:seed44,dev,q3_bias_neg1p5_pava,2,0,0.0,4
exp13:score_proj_l2h_lam0p20:seed44,dev,q3_bias_neg1p5_pava,3,75,0.1928020565552699,4
exp13:score_proj_l2h_lam0p20:seed44,dev,q3_bias_neg1p5_pava,4,202,0.519280205655527,4
exp13:score_proj_l2h_lam0p20:seed44,dev,q3_bias_neg1p5_pava,5,112,0.2879177377892031,4
exp13:score_proj_l2h_lam0p20:seed44,dev,q3_bias_neg1p5_pava,1,0,0.0,5
exp13:score_proj_l2h_lam0p20:seed44,dev,q3_bias_neg1p5_pava,2,1,0.0017985611510791368,5
exp13:score_proj_l2h_lam0p20:seed44,dev,q3_bias_neg1p5_pava,3,19,0.0341726618705036,5
exp13:score_proj_l2h_lam0p20:seed44,dev,q3_bias_neg1p5_pava,4,108,0.19424460431654678,5
exp13:score_proj_l2h_lam0p20:seed44,dev,q3_bias_neg1p5_pava,5,428,0.7697841726618705,5
exp13:score_proj_l2h_lam0p20:seed44,test,q3_bias_neg1p5_pava,1,9,0.008159564823209429,
exp13:score_proj_l2h_lam0p20:seed44,test,q3_bias_neg1p5_pava,2,5,0.004533091568449683,
exp13:score_proj_l2h_lam0p20:seed44,test,q3_bias_neg1p5_pava,3,153,0.1387126019945603,
exp13:score_proj_l2h_lam0p20:seed44,test,q3_bias_neg1p5_pava,4,367,0.3327289211242067,
exp13:score_proj_l2h_lam0p20:seed44,test,q3_bias_neg1p5_pava,5,569,0.5158658204895739,
exp13:score_proj_l2h_lam0p20:seed44,test,q3_bias_neg1p5_pava,1,8,0.8888888888888888,1
exp13:score_proj_l2h_lam0p20:seed44,test,q3_bias_neg1p5_pava,2,0,0.0,1
exp13:score_proj_l2h_lam0p20:seed44,test,q3_bias_neg1p5_pava,3,0,0.0,1
exp13:score_proj_l2h_lam0p20:seed44,test,q3_bias_neg1p5_pava,4,0,0.0,1
exp13:score_proj_l2h_lam0p20:seed44,test,q3_bias_neg1p5_pava,5,1,0.1111111111111111,1
exp13:score_proj_l2h_lam0p20:seed44,test,q3_bias_neg1p5_pava,1,0,0.0,2
exp13:score_proj_l2h_lam0p20:seed44,test,q3_bias_neg1p5_pava,2,0,0.0,2
exp13:score_proj_l2h_lam0p20:seed44,test,q3_bias_neg1p5_pava,3,11,0.5,2
exp13:score_proj_l2h_lam0p20:seed44,test,q3_bias_neg1p5_pava,4,7,0.3181818181818182,2
exp13:score_proj_l2h_lam0p20:seed44,test,q3_bias_neg1p5_pava,5,4,0.18181818181818182,2
exp13:score_proj_l2h_lam0p20:seed44,test,q3_bias_neg1p5_pava,1,1,0.009523809523809525,3
exp13:score_proj_l2h_lam0p20:seed44,test,q3_bias_neg1p5_pava,2,1,0.009523809523809525,3
exp13:score_proj_l2h_lam0p20:seed44,test,q3_bias_neg1p5_pava,3,52,0.49523809523809526,3
exp13:score_proj_l2h_lam0p20:seed44,test,q3_bias_neg1p5_pava,4,37,0.3523809523809524,3
exp13:score_proj_l2h_lam0p20:seed44,test,q3_bias_neg1p5_pava,5,14,0.13333333333333333,3
exp13:score_proj_l2h_lam0p20:seed44,test,q3_bias_neg1p5_pava,1,0,0.0,4
exp13:score_proj_l2h_lam0p20:seed44,test,q3_bias_neg1p5_pava,2,1,0.002849002849002849,4
exp13:score_proj_l2h_lam0p20:seed44,test,q3_bias_neg1p5_pava,3,72,0.20512820512820512,4
exp13:score_proj_l2h_lam0p20:seed44,test,q3_bias_neg1p5_pava,4,193,0.5498575498575499,4
exp13:score_proj_l2h_lam0p20:seed44,test,q3_bias_neg1p5_pava,5,85,0.24216524216524216,4
exp13:score_proj_l2h_lam0p20:seed44,test,q3_bias_neg1p5_pava,1,0,0.0,5
exp13:score_proj_l2h_lam0p20:seed44,test,q3_bias_neg1p5_pava,2,3,0.00487012987012987,5
exp13:score_proj_l2h_lam0p20:seed44,test,q3_bias_neg1p5_pava,3,18,0.02922077922077922,5
exp13:score_proj_l2h_lam0p20:seed44,test,q3_bias_neg1p5_pava,4,130,0.21103896103896103,5
exp13:score_proj_l2h_lam0p20:seed44,test,q3_bias_neg1p5_pava,5,465,0.7548701298701299,5
exp13:score_proj_l2h_lam0p20:seed44,dev,q3_bias_neg2p0_pava,1,13,0.011743450767841012,
exp13:score_proj_l2h_lam0p20:seed44,dev,q3_bias_neg2p0_pava,2,4,0.0036133694670280035,
exp13:score_proj_l2h_lam0p20:seed44,dev,q3_bias_neg2p0_pava,3,183,0.16531165311653118,
exp13:score_proj_l2h_lam0p20:seed44,dev,q3_bias_neg2p0_pava,4,324,0.2926829268292683,
exp13:score_proj_l2h_lam0p20:seed44,dev,q3_bias_neg2p0_pava,5,583,0.5266485998193315,
exp13:score_proj_l2h_lam0p20:seed44,dev,q3_bias_neg2p0_pava,1,13,0.6842105263157895,1
exp13:score_proj_l2h_lam0p20:seed44,dev,q3_bias_neg2p0_pava,2,0,0.0,1
exp13:score_proj_l2h_lam0p20:seed44,dev,q3_bias_neg2p0_pava,3,4,0.21052631578947367,1
exp13:score_proj_l2h_lam0p20:seed44,dev,q3_bias_neg2p0_pava,4,2,0.10526315789473684,1
exp13:score_proj_l2h_lam0p20:seed44,dev,q3_bias_neg2p0_pava,5,0,0.0,1
exp13:score_proj_l2h_lam0p20:seed44,dev,q3_bias_neg2p0_pava,1,0,0.0,2
exp13:score_proj_l2h_lam0p20:seed44,dev,q3_bias_neg2p0_pava,2,3,0.07894736842105263,2
exp13:score_proj_l2h_lam0p20:seed44,dev,q3_bias_neg2p0_pava,3,11,0.2894736842105263,2
exp13:score_proj_l2h_lam0p20:seed44,dev,q3_bias_neg2p0_pava,4,7,0.18421052631578946,2
exp13:score_proj_l2h_lam0p20:seed44,dev,q3_bias_neg2p0_pava,5,17,0.4473684210526316,2
exp13:score_proj_l2h_lam0p20:seed44,dev,q3_bias_neg2p0_pava,1,0,0.0,3
exp13:score_proj_l2h_lam0p20:seed44,dev,q3_bias_neg2p0_pava,2,0,0.0,3
exp13:score_proj_l2h_lam0p20:seed44,dev,q3_bias_neg2p0_pava,3,56,0.5333333333333333,3
exp13:score_proj_l2h_lam0p20:seed44,dev,q3_bias_neg2p0_pava,4,23,0.21904761904761905,3
exp13:score_proj_l2h_lam0p20:seed44,dev,q3_bias_neg2p0_pava,5,26,0.24761904761904763,3
exp13:score_proj_l2h_lam0p20:seed44,dev,q3_bias_neg2p0_pava,1,0,0.0,4
exp13:score_proj_l2h_lam0p20:seed44,dev,q3_bias_neg2p0_pava,2,0,0.0,4
exp13:score_proj_l2h_lam0p20:seed44,dev,q3_bias_neg2p0_pava,3,88,0.2262210796915167,4
exp13:score_proj_l2h_lam0p20:seed44,dev,q3_bias_neg2p0_pava,4,189,0.48586118251928023,4
exp13:score_proj_l2h_lam0p20:seed44,dev,q3_bias_neg2p0_pava,5,112,0.2879177377892031,4
exp13:score_proj_l2h_lam0p20:seed44,dev,q3_bias_neg2p0_pava,1,0,0.0,5
exp13:score_proj_l2h_lam0p20:seed44,dev,q3_bias_neg2p0_pava,2,1,0.0017985611510791368,5
exp13:score_proj_l2h_lam0p20:seed44,dev,q3_bias_neg2p0_pava,3,24,0.04316546762589928,5
exp13:score_proj_l2h_lam0p20:seed44,dev,q3_bias_neg2p0_pava,4,103,0.18525179856115107,5
exp13:score_proj_l2h_lam0p20:seed44,dev,q3_bias_neg2p0_pava,5,428,0.7697841726618705,5
exp13:score_proj_l2h_lam0p20:seed44,test,q3_bias_neg2p0_pava,1,9,0.008159564823209429,
exp13:score_proj_l2h_lam0p20:seed44,test,q3_bias_neg2p0_pava,2,5,0.004533091568449683,
exp13:score_proj_l2h_lam0p20:seed44,test,q3_bias_neg2p0_pava,3,192,0.17407071622846781,
exp13:score_proj_l2h_lam0p20:seed44,test,q3_bias_neg2p0_pava,4,329,0.29827742520398914,
exp13:score_proj_l2h_lam0p20:seed44,test,q3_bias_neg2p0_pava,5,568,0.514959202175884,
exp13:score_proj_l2h_lam0p20:seed44,test,q3_bias_neg2p0_pava,1,8,0.8888888888888888,1
exp13:score_proj_l2h_lam0p20:seed44,test,q3_bias_neg2p0_pava,2,0,0.0,1
exp13:score_proj_l2h_lam0p20:seed44,test,q3_bias_neg2p0_pava,3,0,0.0,1
exp13:score_proj_l2h_lam0p20:seed44,test,q3_bias_neg2p0_pava,4,0,0.0,1
exp13:score_proj_l2h_lam0p20:seed44,test,q3_bias_neg2p0_pava,5,1,0.1111111111111111,1
exp13:score_proj_l2h_lam0p20:seed44,test,q3_bias_neg2p0_pava,1,0,0.0,2
exp13:score_proj_l2h_lam0p20:seed44,test,q3_bias_neg2p0_pava,2,0,0.0,2
exp13:score_proj_l2h_lam0p20:seed44,test,q3_bias_neg2p0_pava,3,13,0.5909090909090909,2
exp13:score_proj_l2h_lam0p20:seed44,test,q3_bias_neg2p0_pava,4,5,0.22727272727272727,2
exp13:score_proj_l2h_lam0p20:seed44,test,q3_bias_neg2p0_pava,5,4,0.18181818181818182,2
exp13:score_proj_l2h_lam0p20:seed44,test,q3_bias_neg2p0_pava,1,1,0.009523809523809525,3
exp13:score_proj_l2h_lam0p20:seed44,test,q3_bias_neg2p0_pava,2,1,0.009523809523809525,3
exp13:score_proj_l2h_lam0p20:seed44,test,q3_bias_neg2p0_pava,3,60,0.5714285714285714,3
exp13:score_proj_l2h_lam0p20:seed44,test,q3_bias_neg2p0_pava,4,29,0.2761904761904762,3
exp13:score_proj_l2h_lam0p20:seed44,test,q3_bias_neg2p0_pava,5,14,0.13333333333333333,3
exp13:score_proj_l2h_lam0p20:seed44,test,q3_bias_neg2p0_pava,1,0,0.0,4
exp13:score_proj_l2h_lam0p20:seed44,test,q3_bias_neg2p0_pava,2,1,0.002849002849002849,4
exp13:score_proj_l2h_lam0p20:seed44,test,q3_bias_neg2p0_pava,3,92,0.2621082621082621,4
exp13:score_proj_l2h_lam0p20:seed44,test,q3_bias_neg2p0_pava,4,173,0.4928774928774929,4
exp13:score_proj_l2h_lam0p20:seed44,test,q3_bias_neg2p0_pava,5,85,0.24216524216524216,4
exp13:score_proj_l2h_lam0p20:seed44,test,q3_bias_neg2p0_pava,1,0,0.0,5
exp13:score_proj_l2h_lam0p20:seed44,test,q3_bias_neg2p0_pava,2,3,0.00487012987012987,5
exp13:score_proj_l2h_lam0p20:seed44,test,q3_bias_neg2p0_pava,3,27,0.04383116883116883,5
exp13:score_proj_l2h_lam0p20:seed44,test,q3_bias_neg2p0_pava,4,122,0.19805194805194806,5
exp13:score_proj_l2h_lam0p20:seed44,test,q3_bias_neg2p0_pava,5,464,0.7532467532467533,5
