score_model,risk_model,rule,thresholds,MAE,QWK,Signed_Bias,low_to_high,label2_recall,high_to_low,label5_recall,D1_hidden_pred_ge4
r4b_shuffled_reason_balanced,r5f2_real_only_from_r2c,risk_pred_le,"{""gap_threshold"": null, ""risk_threshold"": 1, ""score_cap_threshold"": null, ""score_threshold"": 4}",0.44173441734417346,0.5278126779007257,0.0966576332429991,0.47368421052631576,0.05263157894736842,0.006349206349206349,0.8075539568345323,0.8461538461538461
r4b_shuffled_reason_balanced,r5f2_real_only_from_r2c,risk_pred_le,"{""gap_threshold"": null, ""risk_threshold"": 2, ""score_cap_threshold"": null, ""score_threshold"": 4}",0.4751580849141825,0.5154462497217894,0.01987353206865402,0.3684210526315789,0.05263157894736842,0.006349206349206349,0.7715827338129496,0.6538461538461539
r4b_shuffled_reason_balanced,r5f2_real_only_from_r2c,risk_pred_le,"{""gap_threshold"": null, ""risk_threshold"": 3, ""score_cap_threshold"": null, ""score_threshold"": 4}",0.5826558265582655,0.4962419246405184,-0.17434507678410116,0.22807017543859648,0.05263157894736842,0.006349206349206349,0.7410071942446043,0.46153846153846156
r4b_shuffled_reason_balanced,r5f2_real_only_from_r2c,gap_ge,"{""gap_threshold"": 1, ""risk_threshold"": null, ""score_cap_threshold"": null, ""score_threshold"": 4}",0.6422764227642277,0.4727989982027342,-0.35862691960252935,0.12280701754385964,0.05263157894736842,0.006349206349206349,0.658273381294964,0.2692307692307692
r4b_shuffled_reason_balanced,r5f2_real_only_from_r2c,gap_ge,"{""gap_threshold"": 2, ""risk_threshold"": null, ""score_cap_threshold"": null, ""score_threshold"": 4}",0.4950316169828365,0.5131805228750055,-0.045167118337850046,0.2807017543859649,0.05263157894736842,0.006349206349206349,0.7410071942446043,0.46153846153846156
r4b_shuffled_reason_balanced,r5f2_real_only_from_r2c,gap_ge,"{""gap_threshold"": 3, ""risk_threshold"": null, ""score_cap_threshold"": null, ""score_threshold"": 4}",0.4670280036133695,0.5115218376466116,0.04065040650406504,0.42105263157894735,0.05263157894736842,0.006349206349206349,0.7715827338129496,0.7307692307692307
r4b_shuffled_reason_balanced,r5f2_real_only_from_r2c,score_cap_le,"{""gap_threshold"": null, ""risk_threshold"": null, ""score_cap_threshold"": 2, ""score_threshold"": 4}",0.47335140018066846,0.5174674989977665,0.02168021680216802,0.3684210526315789,0.05263157894736842,0.006349206349206349,0.7733812949640287,0.6538461538461539
r4b_shuffled_reason_balanced,r5f2_real_only_from_r2c,score_cap_le,"{""gap_threshold"": null, ""risk_threshold"": null, ""score_cap_threshold"": 3, ""score_threshold"": 4}",0.5781391147244805,0.4982984004412575,-0.16982836495031617,0.22807017543859648,0.05263157894736842,0.006349206349206349,0.7428057553956835,0.46153846153846156
r4b_shuffled_reason_balanced,r5f2_real_only_from_r2c,risk_or_score_cap,"{""gap_threshold"": null, ""risk_threshold"": 1, ""score_cap_threshold"": 2, ""score_threshold"": 4}",0.4751580849141825,0.5154462497217894,0.01987353206865402,0.3684210526315789,0.05263157894736842,0.006349206349206349,0.7715827338129496,0.6538461538461539
r4b_shuffled_reason_balanced,r5f2_real_only_from_r2c,risk_or_score_cap,"{""gap_threshold"": null, ""risk_threshold"": 1, ""score_cap_threshold"": 3, ""score_threshold"": 4}",0.5799457994579946,0.4965574457294687,-0.17163504968383017,0.22807017543859648,0.05263157894736842,0.006349206349206349,0.7410071942446043,0.46153846153846156
r4b_shuffled_reason_balanced,r5f2_real_only_from_r2c,risk_or_score_cap,"{""gap_threshold"": null, ""risk_threshold"": 2, ""score_cap_threshold"": 2, ""score_threshold"": 4}",0.4751580849141825,0.5154462497217894,0.01987353206865402,0.3684210526315789,0.05263157894736842,0.006349206349206349,0.7715827338129496,0.6538461538461539
r4b_shuffled_reason_balanced,r5f2_real_only_from_r2c,risk_or_score_cap,"{""gap_threshold"": null, ""risk_threshold"": 2, ""score_cap_threshold"": 3, ""score_threshold"": 4}",0.5799457994579946,0.4965574457294687,-0.17163504968383017,0.22807017543859648,0.05263157894736842,0.006349206349206349,0.7410071942446043,0.46153846153846156
r4b_shuffled_reason_balanced,r5f2_real_only_from_r2c,risk_or_score_cap,"{""gap_threshold"": null, ""risk_threshold"": 3, ""score_cap_threshold"": 2, ""score_threshold"": 4}",0.5826558265582655,0.4962419246405184,-0.17434507678410116,0.22807017543859648,0.05263157894736842,0.006349206349206349,0.7410071942446043,0.46153846153846156
r4b_shuffled_reason_balanced,r5f2_real_only_from_r2c,risk_or_score_cap,"{""gap_threshold"": null, ""risk_threshold"": 3, ""score_cap_threshold"": 3, ""score_threshold"": 4}",0.5826558265582655,0.4962419246405184,-0.17434507678410116,0.22807017543859648,0.05263157894736842,0.006349206349206349,0.7410071942446043,0.46153846153846156
r4b_shuffled_reason_balanced,r5f2_real_only_from_r2c,risk_and_gap,"{""gap_threshold"": 1, ""risk_threshold"": 1, ""score_cap_threshold"": null, ""score_threshold"": 4}",0.44173441734417346,0.5278126779007257,0.0966576332429991,0.47368421052631576,0.05263157894736842,0.006349206349206349,0.8075539568345323,0.8461538461538461
r4b_shuffled_reason_balanced,r5f2_real_only_from_r2c,risk_and_gap,"{""gap_threshold"": 2, ""risk_threshold"": 1, ""score_cap_threshold"": null, ""score_threshold"": 4}",0.44173441734417346,0.5278126779007257,0.0966576332429991,0.47368421052631576,0.05263157894736842,0.006349206349206349,0.8075539568345323,0.8461538461538461
r4b_shuffled_reason_balanced,r5f2_real_only_from_r2c,risk_and_gap,"{""gap_threshold"": 3, ""risk_threshold"": 1, ""score_cap_threshold"": null, ""score_threshold"": 4}",0.44173441734417346,0.5278126779007257,0.0966576332429991,0.47368421052631576,0.05263157894736842,0.006349206349206349,0.8075539568345323,0.8461538461538461
r4b_shuffled_reason_balanced,r5f2_real_only_from_r2c,risk_and_gap,"{""gap_threshold"": 1, ""risk_threshold"": 2, ""score_cap_threshold"": null, ""score_threshold"": 4}",0.4751580849141825,0.5154462497217894,0.01987353206865402,0.3684210526315789,0.05263157894736842,0.006349206349206349,0.7715827338129496,0.6538461538461539
r4b_shuffled_reason_balanced,r5f2_real_only_from_r2c,risk_and_gap,"{""gap_threshold"": 2, ""risk_threshold"": 2, ""score_cap_threshold"": null, ""score_threshold"": 4}",0.4751580849141825,0.5154462497217894,0.01987353206865402,0.3684210526315789,0.05263157894736842,0.006349206349206349,0.7715827338129496,0.6538461538461539
r4b_shuffled_reason_balanced,r5f2_real_only_from_r2c,risk_and_gap,"{""gap_threshold"": 3, ""risk_threshold"": 2, ""score_cap_threshold"": null, ""score_threshold"": 4}",0.4670280036133695,0.5115218376466116,0.04065040650406504,0.42105263157894735,0.05263157894736842,0.006349206349206349,0.7715827338129496,0.7307692307692307
r4b_shuffled_reason_balanced,r5f2_real_only_from_r2c,risk_and_gap,"{""gap_threshold"": 1, ""risk_threshold"": 3, ""score_cap_threshold"": null, ""score_threshold"": 4}",0.5826558265582655,0.4962419246405184,-0.17434507678410116,0.22807017543859648,0.05263157894736842,0.006349206349206349,0.7410071942446043,0.46153846153846156
r4b_shuffled_reason_balanced,r5f2_real_only_from_r2c,risk_and_gap,"{""gap_threshold"": 2, ""risk_threshold"": 3, ""score_cap_threshold"": null, ""score_threshold"": 4}",0.4950316169828365,0.5131805228750055,-0.045167118337850046,0.2807017543859649,0.05263157894736842,0.006349206349206349,0.7410071942446043,0.46153846153846156
r4b_shuffled_reason_balanced,r5f2_real_only_from_r2c,risk_and_gap,"{""gap_threshold"": 3, ""risk_threshold"": 3, ""score_cap_threshold"": null, ""score_threshold"": 4}",0.4670280036133695,0.5115218376466116,0.04065040650406504,0.42105263157894735,0.05263157894736842,0.006349206349206349,0.7715827338129496,0.7307692307692307
r4b_shuffled_reason_balanced,r5f2_real_only_from_r2c,gap_or_score_cap,"{""gap_threshold"": 1, ""risk_threshold"": null, ""score_cap_threshold"": 2, ""score_threshold"": 4}",0.6422764227642277,0.4727989982027342,-0.35862691960252935,0.12280701754385964,0.05263157894736842,0.006349206349206349,0.658273381294964,0.2692307692307692
r4b_shuffled_reason_balanced,r5f2_real_only_from_r2c,gap_or_score_cap,"{""gap_threshold"": 1, ""risk_threshold"": null, ""score_cap_threshold"": 3, ""score_threshold"": 4}",0.6422764227642277,0.4727989982027342,-0.35862691960252935,0.12280701754385964,0.05263157894736842,0.006349206349206349,0.658273381294964,0.2692307692307692
r4b_shuffled_reason_balanced,r5f2_real_only_from_r2c,gap_or_score_cap,"{""gap_threshold"": 2, ""risk_threshold"": null, ""score_cap_threshold"": 2, ""score_threshold"": 4}",0.4950316169828365,0.5131805228750055,-0.045167118337850046,0.2807017543859649,0.05263157894736842,0.006349206349206349,0.7410071942446043,0.46153846153846156
r4b_shuffled_reason_balanced,r5f2_real_only_from_r2c,gap_or_score_cap,"{""gap_threshold"": 2, ""risk_threshold"": null, ""score_cap_threshold"": 3, ""score_threshold"": 4}",0.5799457994579946,0.4965574457294687,-0.17163504968383017,0.22807017543859648,0.05263157894736842,0.006349206349206349,0.7410071942446043,0.46153846153846156
r4b_shuffled_reason_balanced,r5f2_real_only_from_r2c,gap_or_score_cap,"{""gap_threshold"": 3, ""risk_threshold"": null, ""score_cap_threshold"": 2, ""score_threshold"": 4}",0.4751580849141825,0.5154462497217894,0.01987353206865402,0.3684210526315789,0.05263157894736842,0.006349206349206349,0.7715827338129496,0.6538461538461539
r4b_shuffled_reason_balanced,r5f2_real_only_from_r2c,gap_or_score_cap,"{""gap_threshold"": 3, ""risk_threshold"": null, ""score_cap_threshold"": 3, ""score_threshold"": 4}",0.5799457994579946,0.4965574457294687,-0.17163504968383017,0.22807017543859648,0.05263157894736842,0.006349206349206349,0.7410071942446043,0.46153846153846156
r4b_shuffled_reason_balanced,r5f2_real_only_from_r2c,risk_pred_le,"{""gap_threshold"": null, ""risk_threshold"": 1, ""score_cap_threshold"": null, ""score_threshold"": 5}",0.4363143631436314,0.5287608071088615,0.1020776874435411,0.47368421052631576,0.05263157894736842,0.006349206349206349,0.8075539568345323,0.8461538461538461
r4b_shuffled_reason_balanced,r5f2_real_only_from_r2c,risk_pred_le,"{""gap_threshold"": null, ""risk_threshold"": 2, ""score_cap_threshold"": null, ""score_threshold"": 5}",0.46160794941282746,0.5123568414707655,0.04607046070460705,0.42105263157894735,0.05263157894736842,0.006349206349206349,0.7715827338129496,0.7307692307692307
r4b_shuffled_reason_balanced,r5f2_real_only_from_r2c,risk_pred_le,"{""gap_threshold"": null, ""risk_threshold"": 3, ""score_cap_threshold"": null, ""score_threshold"": 5}",0.48148148148148145,0.5101054292476511,-0.018970189701897018,0.3333333333333333,0.05263157894736842,0.006349206349206349,0.7410071942446043,0.5384615384615384
r4b_shuffled_reason_balanced,r5f2_real_only_from_r2c,gap_ge,"{""gap_threshold"": 1, ""risk_threshold"": null, ""score_cap_threshold"": null, ""score_threshold"": 5}",0.5411020776874436,0.4822755310631103,-0.2032520325203252,0.22807017543859648,0.05263157894736842,0.006349206349206349,0.658273381294964,0.34615384615384615
r4b_shuffled_reason_balanced,r5f2_real_only_from_r2c,gap_ge,"{""gap_threshold"": 2, ""risk_threshold"": null, ""score_cap_threshold"": null, ""score_threshold"": 5}",0.48148148148148145,0.5101054292476511,-0.018970189701897018,0.3333333333333333,0.05263157894736842,0.006349206349206349,0.7410071942446043,0.5384615384615384
r4b_shuffled_reason_balanced,r5f2_real_only_from_r2c,gap_ge,"{""gap_threshold"": 3, ""risk_threshold"": null, ""score_cap_threshold"": null, ""score_threshold"": 5}",0.46160794941282746,0.5123568414707655,0.04607046070460705,0.42105263157894735,0.05263157894736842,0.006349206349206349,0.7715827338129496,0.7307692307692307
r4b_shuffled_reason_balanced,r5f2_real_only_from_r2c,score_cap_le,"{""gap_threshold"": null, ""risk_threshold"": null, ""score_cap_threshold"": 2, ""score_threshold"": 5}",0.4598012646793135,0.5144316196074521,0.04787714543812105,0.42105263157894735,0.05263157894736842,0.006349206349206349,0.7733812949640287,0.7307692307692307
r4b_shuffled_reason_balanced,r5f2_real_only_from_r2c,score_cap_le,"{""gap_threshold"": null, ""risk_threshold"": null, ""score_cap_threshold"": 3, ""score_threshold"": 5}",0.4796747967479675,0.5121281763796808,-0.017163504968383016,0.3333333333333333,0.05263157894736842,0.006349206349206349,0.7428057553956835,0.5384615384615384
r4b_shuffled_reason_balanced,r5f2_real_only_from_r2c,risk_or_score_cap,"{""gap_threshold"": null, ""risk_threshold"": 1, ""score_cap_threshold"": 2, ""score_threshold"": 5}",0.46160794941282746,0.5123568414707655,0.04607046070460705,0.42105263157894735,0.05263157894736842,0.006349206349206349,0.7715827338129496,0.7307692307692307
r4b_shuffled_reason_balanced,r5f2_real_only_from_r2c,risk_or_score_cap,"{""gap_threshold"": null, ""risk_threshold"": 1, ""score_cap_threshold"": 3, ""score_threshold"": 5}",0.48148148148148145,0.5101054292476511,-0.018970189701897018,0.3333333333333333,0.05263157894736842,0.006349206349206349,0.7410071942446043,0.5384615384615384
r4b_shuffled_reason_balanced,r5f2_real_only_from_r2c,risk_or_score_cap,"{""gap_threshold"": null, ""risk_threshold"": 2, ""score_cap_threshold"": 2, ""score_threshold"": 5}",0.46160794941282746,0.5123568414707655,0.04607046070460705,0.42105263157894735,0.05263157894736842,0.006349206349206349,0.7715827338129496,0.7307692307692307
r4b_shuffled_reason_balanced,r5f2_real_only_from_r2c,risk_or_score_cap,"{""gap_threshold"": null, ""risk_threshold"": 2, ""score_cap_threshold"": 3, ""score_threshold"": 5}",0.48148148148148145,0.5101054292476511,-0.018970189701897018,0.3333333333333333,0.05263157894736842,0.006349206349206349,0.7410071942446043,0.5384615384615384
r4b_shuffled_reason_balanced,r5f2_real_only_from_r2c,risk_or_score_cap,"{""gap_threshold"": null, ""risk_threshold"": 3, ""score_cap_threshold"": 2, ""score_threshold"": 5}",0.48148148148148145,0.5101054292476511,-0.018970189701897018,0.3333333333333333,0.05263157894736842,0.006349206349206349,0.7410071942446043,0.5384615384615384
r4b_shuffled_reason_balanced,r5f2_real_only_from_r2c,risk_or_score_cap,"{""gap_threshold"": null, ""risk_threshold"": 3, ""score_cap_threshold"": 3, ""score_threshold"": 5}",0.48148148148148145,0.5101054292476511,-0.018970189701897018,0.3333333333333333,0.05263157894736842,0.006349206349206349,0.7410071942446043,0.5384615384615384
r4b_shuffled_reason_balanced,r5f2_real_only_from_r2c,risk_and_gap,"{""gap_threshold"": 1, ""risk_threshold"": 1, ""score_cap_threshold"": null, ""score_threshold"": 5}",0.4363143631436314,0.5287608071088615,0.1020776874435411,0.47368421052631576,0.05263157894736842,0.006349206349206349,0.8075539568345323,0.8461538461538461
r4b_shuffled_reason_balanced,r5f2_real_only_from_r2c,risk_and_gap,"{""gap_threshold"": 2, ""risk_threshold"": 1, ""score_cap_threshold"": null, ""score_threshold"": 5}",0.4363143631436314,0.5287608071088615,0.1020776874435411,0.47368421052631576,0.05263157894736842,0.006349206349206349,0.8075539568345323,0.8461538461538461
r4b_shuffled_reason_balanced,r5f2_real_only_from_r2c,risk_and_gap,"{""gap_threshold"": 3, ""risk_threshold"": 1, ""score_cap_threshold"": null, ""score_threshold"": 5}",0.4363143631436314,0.5287608071088615,0.1020776874435411,0.47368421052631576,0.05263157894736842,0.006349206349206349,0.8075539568345323,0.8461538461538461
r4b_shuffled_reason_balanced,r5f2_real_only_from_r2c,risk_and_gap,"{""gap_threshold"": 1, ""risk_threshold"": 2, ""score_cap_threshold"": null, ""score_threshold"": 5}",0.46160794941282746,0.5123568414707655,0.04607046070460705,0.42105263157894735,0.05263157894736842,0.006349206349206349,0.7715827338129496,0.7307692307692307
r4b_shuffled_reason_balanced,r5f2_real_only_from_r2c,risk_and_gap,"{""gap_threshold"": 2, ""risk_threshold"": 2, ""score_cap_threshold"": null, ""score_threshold"": 5}",0.46160794941282746,0.5123568414707655,0.04607046070460705,0.42105263157894735,0.05263157894736842,0.006349206349206349,0.7715827338129496,0.7307692307692307
r4b_shuffled_reason_balanced,r5f2_real_only_from_r2c,risk_and_gap,"{""gap_threshold"": 3, ""risk_threshold"": 2, ""score_cap_threshold"": null, ""score_threshold"": 5}",0.46160794941282746,0.5123568414707655,0.04607046070460705,0.42105263157894735,0.05263157894736842,0.006349206349206349,0.7715827338129496,0.7307692307692307
r4b_shuffled_reason_balanced,r5f2_real_only_from_r2c,risk_and_gap,"{""gap_threshold"": 1, ""risk_threshold"": 3, ""score_cap_threshold"": null, ""score_threshold"": 5}",0.48148148148148145,0.5101054292476511,-0.018970189701897018,0.3333333333333333,0.05263157894736842,0.006349206349206349,0.7410071942446043,0.5384615384615384
r4b_shuffled_reason_balanced,r5f2_real_only_from_r2c,risk_and_gap,"{""gap_threshold"": 2, ""risk_threshold"": 3, ""score_cap_threshold"": null, ""score_threshold"": 5}",0.48148148148148145,0.5101054292476511,-0.018970189701897018,0.3333333333333333,0.05263157894736842,0.006349206349206349,0.7410071942446043,0.5384615384615384
r4b_shuffled_reason_balanced,r5f2_real_only_from_r2c,risk_and_gap,"{""gap_threshold"": 3, ""risk_threshold"": 3, ""score_cap_threshold"": null, ""score_threshold"": 5}",0.46160794941282746,0.5123568414707655,0.04607046070460705,0.42105263157894735,0.05263157894736842,0.006349206349206349,0.7715827338129496,0.7307692307692307
r4b_shuffled_reason_balanced,r5f2_real_only_from_r2c,gap_or_score_cap,"{""gap_threshold"": 1, ""risk_threshold"": null, ""score_cap_threshold"": 2, ""score_threshold"": 5}",0.5411020776874436,0.4822755310631103,-0.2032520325203252,0.22807017543859648,0.05263157894736842,0.006349206349206349,0.658273381294964,0.34615384615384615
r4b_shuffled_reason_balanced,r5f2_real_only_from_r2c,gap_or_score_cap,"{""gap_threshold"": 1, ""risk_threshold"": null, ""score_cap_threshold"": 3, ""score_threshold"": 5}",0.5411020776874436,0.4822755310631103,-0.2032520325203252,0.22807017543859648,0.05263157894736842,0.006349206349206349,0.658273381294964,0.34615384615384615
r4b_shuffled_reason_balanced,r5f2_real_only_from_r2c,gap_or_score_cap,"{""gap_threshold"": 2, ""risk_threshold"": null, ""score_cap_threshold"": 2, ""score_threshold"": 5}",0.48148148148148145,0.5101054292476511,-0.018970189701897018,0.3333333333333333,0.05263157894736842,0.006349206349206349,0.7410071942446043,0.5384615384615384
r4b_shuffled_reason_balanced,r5f2_real_only_from_r2c,gap_or_score_cap,"{""gap_threshold"": 2, ""risk_threshold"": null, ""score_cap_threshold"": 3, ""score_threshold"": 5}",0.48148148148148145,0.5101054292476511,-0.018970189701897018,0.3333333333333333,0.05263157894736842,0.006349206349206349,0.7410071942446043,0.5384615384615384
r4b_shuffled_reason_balanced,r5f2_real_only_from_r2c,gap_or_score_cap,"{""gap_threshold"": 3, ""risk_threshold"": null, ""score_cap_threshold"": 2, ""score_threshold"": 5}",0.46160794941282746,0.5123568414707655,0.04607046070460705,0.42105263157894735,0.05263157894736842,0.006349206349206349,0.7715827338129496,0.7307692307692307
r4b_shuffled_reason_balanced,r5f2_real_only_from_r2c,gap_or_score_cap,"{""gap_threshold"": 3, ""risk_threshold"": null, ""score_cap_threshold"": 3, ""score_threshold"": 5}",0.48148148148148145,0.5101054292476511,-0.018970189701897018,0.3333333333333333,0.05263157894736842,0.006349206349206349,0.7410071942446043,0.5384615384615384
r4b_shuffled_reason_balanced,r5h_h1_from_r5f2_real_highprotect_s10_b0p02_lr1e6,risk_pred_le,"{""gap_threshold"": null, ""risk_threshold"": 1, ""score_cap_threshold"": null, ""score_threshold"": 4}",0.43812104787714545,0.5320535513948792,0.1002710027100271,0.47368421052631576,0.05263157894736842,0.006349206349206349,0.8111510791366906,0.8461538461538461
r4b_shuffled_reason_balanced,r5h_h1_from_r5f2_real_highprotect_s10_b0p02_lr1e6,risk_pred_le,"{""gap_threshold"": null, ""risk_threshold"": 2, ""score_cap_threshold"": null, ""score_threshold"": 4}",0.46973803071364045,0.5211947892954836,0.02710027100271003,0.3684210526315789,0.05263157894736842,0.006349206349206349,0.7769784172661871,0.6538461538461539
r4b_shuffled_reason_balanced,r5h_h1_from_r5f2_real_highprotect_s10_b0p02_lr1e6,risk_pred_le,"{""gap_threshold"": null, ""risk_threshold"": 3, ""score_cap_threshold"": null, ""score_threshold"": 4}",0.5636856368563685,0.5094845446834544,-0.15356820234869015,0.22807017543859648,0.05263157894736842,0.006349206349206349,0.7517985611510791,0.46153846153846156
r4b_shuffled_reason_balanced,r5h_h1_from_r5f2_real_highprotect_s10_b0p02_lr1e6,gap_ge,"{""gap_threshold"": 1, ""risk_threshold"": null, ""score_cap_threshold"": null, ""score_threshold"": 4}",0.6214995483288166,0.4861169867541838,-0.3324299909665763,0.12280701754385964,0.05263157894736842,0.006349206349206349,0.670863309352518,0.2692307692307692
r4b_shuffled_reason_balanced,r5h_h1_from_r5f2_real_highprotect_s10_b0p02_lr1e6,gap_ge,"{""gap_threshold"": 2, ""risk_threshold"": null, ""score_cap_threshold"": null, ""score_threshold"": 4}",0.48419150858175247,0.5247366352936773,-0.032520325203252036,0.2807017543859649,0.05263157894736842,0.006349206349206349,0.7517985611510791,0.46153846153846156
r4b_shuffled_reason_balanced,r5h_h1_from_r5f2_real_highprotect_s10_b0p02_lr1e6,gap_ge,"{""gap_threshold"": 3, ""risk_threshold"": null, ""score_cap_threshold"": null, ""score_threshold"": 4}",0.46160794941282746,0.5173846547256259,0.04787714543812105,0.42105263157894735,0.05263157894736842,0.006349206349206349,0.7769784172661871,0.7307692307692307
r4b_shuffled_reason_balanced,r5h_h1_from_r5f2_real_highprotect_s10_b0p02_lr1e6,score_cap_le,"{""gap_threshold"": null, ""risk_threshold"": null, ""score_cap_threshold"": 2, ""score_threshold"": 4}",0.4679313459801265,0.5232253947998086,0.028906955736224028,0.3684210526315789,0.05263157894736842,0.006349206349206349,0.7787769784172662,0.6538461538461539
r4b_shuffled_reason_balanced,r5h_h1_from_r5f2_real_highprotect_s10_b0p02_lr1e6,score_cap_le,"{""gap_threshold"": null, ""risk_threshold"": null, ""score_cap_threshold"": 3, ""score_threshold"": 4}",0.5609756097560976,0.51136716492728,-0.15085817524841916,0.22807017543859648,0.05263157894736842,0.006349206349206349,0.7535971223021583,0.46153846153846156
r4b_shuffled_reason_balanced,r5h_h1_from_r5f2_real_highprotect_s10_b0p02_lr1e6,risk_or_score_cap,"{""gap_threshold"": null, ""risk_threshold"": 1, ""score_cap_threshold"": 2, ""score_threshold"": 4}",0.46973803071364045,0.5211947892954836,0.02710027100271003,0.3684210526315789,0.05263157894736842,0.006349206349206349,0.7769784172661871,0.6538461538461539
r4b_shuffled_reason_balanced,r5h_h1_from_r5f2_real_highprotect_s10_b0p02_lr1e6,risk_or_score_cap,"{""gap_threshold"": null, ""risk_threshold"": 1, ""score_cap_threshold"": 3, ""score_threshold"": 4}",0.5627822944896116,0.5096014550737626,-0.15266485998193316,0.22807017543859648,0.05263157894736842,0.006349206349206349,0.7517985611510791,0.46153846153846156
r4b_shuffled_reason_balanced,r5h_h1_from_r5f2_real_highprotect_s10_b0p02_lr1e6,risk_or_score_cap,"{""gap_threshold"": null, ""risk_threshold"": 2, ""score_cap_threshold"": 2, ""score_threshold"": 4}",0.46973803071364045,0.5211947892954836,0.02710027100271003,0.3684210526315789,0.05263157894736842,0.006349206349206349,0.7769784172661871,0.6538461538461539
r4b_shuffled_reason_balanced,r5h_h1_from_r5f2_real_highprotect_s10_b0p02_lr1e6,risk_or_score_cap,"{""gap_threshold"": null, ""risk_threshold"": 2, ""score_cap_threshold"": 3, ""score_threshold"": 4}",0.5627822944896116,0.5096014550737626,-0.15266485998193316,0.22807017543859648,0.05263157894736842,0.006349206349206349,0.7517985611510791,0.46153846153846156
r4b_shuffled_reason_balanced,r5h_h1_from_r5f2_real_highprotect_s10_b0p02_lr1e6,risk_or_score_cap,"{""gap_threshold"": null, ""risk_threshold"": 3, ""score_cap_threshold"": 2, ""score_threshold"": 4}",0.5636856368563685,0.5094845446834544,-0.15356820234869015,0.22807017543859648,0.05263157894736842,0.006349206349206349,0.7517985611510791,0.46153846153846156
r4b_shuffled_reason_balanced,r5h_h1_from_r5f2_real_highprotect_s10_b0p02_lr1e6,risk_or_score_cap,"{""gap_threshold"": null, ""risk_threshold"": 3, ""score_cap_threshold"": 3, ""score_threshold"": 4}",0.5636856368563685,0.5094845446834544,-0.15356820234869015,0.22807017543859648,0.05263157894736842,0.006349206349206349,0.7517985611510791,0.46153846153846156
r4b_shuffled_reason_balanced,r5h_h1_from_r5f2_real_highprotect_s10_b0p02_lr1e6,risk_and_gap,"{""gap_threshold"": 1, ""risk_threshold"": 1, ""score_cap_threshold"": null, ""score_threshold"": 4}",0.43812104787714545,0.5320535513948792,0.1002710027100271,0.47368421052631576,0.05263157894736842,0.006349206349206349,0.8111510791366906,0.8461538461538461
r4b_shuffled_reason_balanced,r5h_h1_from_r5f2_real_highprotect_s10_b0p02_lr1e6,risk_and_gap,"{""gap_threshold"": 2, ""risk_threshold"": 1, ""score_cap_threshold"": null, ""score_threshold"": 4}",0.43812104787714545,0.5320535513948792,0.1002710027100271,0.47368421052631576,0.05263157894736842,0.006349206349206349,0.8111510791366906,0.8461538461538461
r4b_shuffled_reason_balanced,r5h_h1_from_r5f2_real_highprotect_s10_b0p02_lr1e6,risk_and_gap,"{""gap_threshold"": 3, ""risk_threshold"": 1, ""score_cap_threshold"": null, ""score_threshold"": 4}",0.43812104787714545,0.5320535513948792,0.1002710027100271,0.47368421052631576,0.05263157894736842,0.006349206349206349,0.8111510791366906,0.8461538461538461
r4b_shuffled_reason_balanced,r5h_h1_from_r5f2_real_highprotect_s10_b0p02_lr1e6,risk_and_gap,"{""gap_threshold"": 1, ""risk_threshold"": 2, ""score_cap_threshold"": null, ""score_threshold"": 4}",0.46973803071364045,0.5211947892954836,0.02710027100271003,0.3684210526315789,0.05263157894736842,0.006349206349206349,0.7769784172661871,0.6538461538461539
r4b_shuffled_reason_balanced,r5h_h1_from_r5f2_real_highprotect_s10_b0p02_lr1e6,risk_and_gap,"{""gap_threshold"": 2, ""risk_threshold"": 2, ""score_cap_threshold"": null, ""score_threshold"": 4}",0.46973803071364045,0.5211947892954836,0.02710027100271003,0.3684210526315789,0.05263157894736842,0.006349206349206349,0.7769784172661871,0.6538461538461539
r4b_shuffled_reason_balanced,r5h_h1_from_r5f2_real_highprotect_s10_b0p02_lr1e6,risk_and_gap,"{""gap_threshold"": 3, ""risk_threshold"": 2, ""score_cap_threshold"": null, ""score_threshold"": 4}",0.46160794941282746,0.5173846547256259,0.04787714543812105,0.42105263157894735,0.05263157894736842,0.006349206349206349,0.7769784172661871,0.7307692307692307
r4b_shuffled_reason_balanced,r5h_h1_from_r5f2_real_highprotect_s10_b0p02_lr1e6,risk_and_gap,"{""gap_threshold"": 1, ""risk_threshold"": 3, ""score_cap_threshold"": null, ""score_threshold"": 4}",0.5636856368563685,0.5094845446834544,-0.15356820234869015,0.22807017543859648,0.05263157894736842,0.006349206349206349,0.7517985611510791,0.46153846153846156
r4b_shuffled_reason_balanced,r5h_h1_from_r5f2_real_highprotect_s10_b0p02_lr1e6,risk_and_gap,"{""gap_threshold"": 2, ""risk_threshold"": 3, ""score_cap_threshold"": null, ""score_threshold"": 4}",0.48419150858175247,0.5247366352936773,-0.032520325203252036,0.2807017543859649,0.05263157894736842,0.006349206349206349,0.7517985611510791,0.46153846153846156
r4b_shuffled_reason_balanced,r5h_h1_from_r5f2_real_highprotect_s10_b0p02_lr1e6,risk_and_gap,"{""gap_threshold"": 3, ""risk_threshold"": 3, ""score_cap_threshold"": null, ""score_threshold"": 4}",0.46160794941282746,0.5173846547256259,0.04787714543812105,0.42105263157894735,0.05263157894736842,0.006349206349206349,0.7769784172661871,0.7307692307692307
r4b_shuffled_reason_balanced,r5h_h1_from_r5f2_real_highprotect_s10_b0p02_lr1e6,gap_or_score_cap,"{""gap_threshold"": 1, ""risk_threshold"": null, ""score_cap_threshold"": 2, ""score_threshold"": 4}",0.6214995483288166,0.4861169867541838,-0.3324299909665763,0.12280701754385964,0.05263157894736842,0.006349206349206349,0.670863309352518,0.2692307692307692
r4b_shuffled_reason_balanced,r5h_h1_from_r5f2_real_highprotect_s10_b0p02_lr1e6,gap_or_score_cap,"{""gap_threshold"": 1, ""risk_threshold"": null, ""score_cap_threshold"": 3, ""score_threshold"": 4}",0.6214995483288166,0.4861169867541838,-0.3324299909665763,0.12280701754385964,0.05263157894736842,0.006349206349206349,0.670863309352518,0.2692307692307692
r4b_shuffled_reason_balanced,r5h_h1_from_r5f2_real_highprotect_s10_b0p02_lr1e6,gap_or_score_cap,"{""gap_threshold"": 2, ""risk_threshold"": null, ""score_cap_threshold"": 2, ""score_threshold"": 4}",0.48419150858175247,0.5247366352936773,-0.032520325203252036,0.2807017543859649,0.05263157894736842,0.006349206349206349,0.7517985611510791,0.46153846153846156
r4b_shuffled_reason_balanced,r5h_h1_from_r5f2_real_highprotect_s10_b0p02_lr1e6,gap_or_score_cap,"{""gap_threshold"": 2, ""risk_threshold"": null, ""score_cap_threshold"": 3, ""score_threshold"": 4}",0.5627822944896116,0.5096014550737626,-0.15266485998193316,0.22807017543859648,0.05263157894736842,0.006349206349206349,0.7517985611510791,0.46153846153846156
r4b_shuffled_reason_balanced,r5h_h1_from_r5f2_real_highprotect_s10_b0p02_lr1e6,gap_or_score_cap,"{""gap_threshold"": 3, ""risk_threshold"": null, ""score_cap_threshold"": 2, ""score_threshold"": 4}",0.46973803071364045,0.5211947892954836,0.02710027100271003,0.3684210526315789,0.05263157894736842,0.006349206349206349,0.7769784172661871,0.6538461538461539
r4b_shuffled_reason_balanced,r5h_h1_from_r5f2_real_highprotect_s10_b0p02_lr1e6,gap_or_score_cap,"{""gap_threshold"": 3, ""risk_threshold"": null, ""score_cap_threshold"": 3, ""score_threshold"": 4}",0.5627822944896116,0.5096014550737626,-0.15266485998193316,0.22807017543859648,0.05263157894736842,0.006349206349206349,0.7517985611510791,0.46153846153846156
r4b_shuffled_reason_balanced,r5h_h1_from_r5f2_real_highprotect_s10_b0p02_lr1e6,risk_pred_le,"{""gap_threshold"": null, ""risk_threshold"": 1, ""score_cap_threshold"": null, ""score_threshold"": 5}",0.4327009936766034,0.5330277391884369,0.10569105691056911,0.47368421052631576,0.05263157894736842,0.006349206349206349,0.8111510791366906,0.8461538461538461
r4b_shuffled_reason_balanced,r5h_h1_from_r5f2_real_highprotect_s10_b0p02_lr1e6,risk_pred_le,"{""gap_threshold"": null, ""risk_threshold"": 2, ""score_cap_threshold"": null, ""score_threshold"": 5}",0.4561878952122855,0.5182554568164135,0.053297199638663056,0.42105263157894735,0.05263157894736842,0.006349206349206349,0.7769784172661871,0.7307692307692307
r4b_shuffled_reason_balanced,r5h_h1_from_r5f2_real_highprotect_s10_b0p02_lr1e6,risk_pred_le,"{""gap_threshold"": null, ""risk_threshold"": 3, ""score_cap_threshold"": null, ""score_threshold"": 5}",0.4706413730803975,0.5219587264018755,-0.006323396567299007,0.3333333333333333,0.05263157894736842,0.006349206349206349,0.7517985611510791,0.5384615384615384
r4b_shuffled_reason_balanced,r5h_h1_from_r5f2_real_highprotect_s10_b0p02_lr1e6,gap_ge,"{""gap_threshold"": 1, ""risk_threshold"": null, ""score_cap_threshold"": null, ""score_threshold"": 5}",0.5284552845528455,0.4944848996838439,-0.18518518518518517,0.22807017543859648,0.05263157894736842,0.006349206349206349,0.670863309352518,0.34615384615384615
r4b_shuffled_reason_balanced,r5h_h1_from_r5f2_real_highprotect_s10_b0p02_lr1e6,gap_ge,"{""gap_threshold"": 2, ""risk_threshold"": null, ""score_cap_threshold"": null, ""score_threshold"": 5}",0.4706413730803975,0.5219587264018755,-0.006323396567299007,0.3333333333333333,0.05263157894736842,0.006349206349206349,0.7517985611510791,0.5384615384615384
r4b_shuffled_reason_balanced,r5h_h1_from_r5f2_real_highprotect_s10_b0p02_lr1e6,gap_ge,"{""gap_threshold"": 3, ""risk_threshold"": null, ""score_cap_threshold"": null, ""score_threshold"": 5}",0.4561878952122855,0.5182554568164135,0.053297199638663056,0.42105263157894735,0.05263157894736842,0.006349206349206349,0.7769784172661871,0.7307692307692307
r4b_shuffled_reason_balanced,r5h_h1_from_r5f2_real_highprotect_s10_b0p02_lr1e6,score_cap_le,"{""gap_threshold"": null, ""risk_threshold"": null, ""score_cap_threshold"": 2, ""score_threshold"": 5}",0.45438121047877145,0.520340102712724,0.05510388437217705,0.42105263157894735,0.05263157894736842,0.006349206349206349,0.7787769784172662,0.7307692307692307
r4b_shuffled_reason_balanced,r5h_h1_from_r5f2_real_highprotect_s10_b0p02_lr1e6,score_cap_le,"{""gap_threshold"": null, ""risk_threshold"": null, ""score_cap_threshold"": 3, ""score_threshold"": 5}",0.46883468834688347,0.5239991474946438,-0.004516711833785004,0.3333333333333333,0.05263157894736842,0.006349206349206349,0.7535971223021583,0.5384615384615384
r4b_shuffled_reason_balanced,r5h_h1_from_r5f2_real_highprotect_s10_b0p02_lr1e6,risk_or_score_cap,"{""gap_threshold"": null, ""risk_threshold"": 1, ""score_cap_threshold"": 2, ""score_threshold"": 5}",0.4561878952122855,0.5182554568164135,0.053297199638663056,0.42105263157894735,0.05263157894736842,0.006349206349206349,0.7769784172661871,0.7307692307692307
r4b_shuffled_reason_balanced,r5h_h1_from_r5f2_real_highprotect_s10_b0p02_lr1e6,risk_or_score_cap,"{""gap_threshold"": null, ""risk_threshold"": 1, ""score_cap_threshold"": 3, ""score_threshold"": 5}",0.4706413730803975,0.5219587264018755,-0.006323396567299007,0.3333333333333333,0.05263157894736842,0.006349206349206349,0.7517985611510791,0.5384615384615384
r4b_shuffled_reason_balanced,r5h_h1_from_r5f2_real_highprotect_s10_b0p02_lr1e6,risk_or_score_cap,"{""gap_threshold"": null, ""risk_threshold"": 2, ""score_cap_threshold"": 2, ""score_threshold"": 5}",0.4561878952122855,0.5182554568164135,0.053297199638663056,0.42105263157894735,0.05263157894736842,0.006349206349206349,0.7769784172661871,0.7307692307692307
r4b_shuffled_reason_balanced,r5h_h1_from_r5f2_real_highprotect_s10_b0p02_lr1e6,risk_or_score_cap,"{""gap_threshold"": null, ""risk_threshold"": 2, ""score_cap_threshold"": 3, ""score_threshold"": 5}",0.4706413730803975,0.5219587264018755,-0.006323396567299007,0.3333333333333333,0.05263157894736842,0.006349206349206349,0.7517985611510791,0.5384615384615384
r4b_shuffled_reason_balanced,r5h_h1_from_r5f2_real_highprotect_s10_b0p02_lr1e6,risk_or_score_cap,"{""gap_threshold"": null, ""risk_threshold"": 3, ""score_cap_threshold"": 2, ""score_threshold"": 5}",0.4706413730803975,0.5219587264018755,-0.006323396567299007,0.3333333333333333,0.05263157894736842,0.006349206349206349,0.7517985611510791,0.5384615384615384
r4b_shuffled_reason_balanced,r5h_h1_from_r5f2_real_highprotect_s10_b0p02_lr1e6,risk_or_score_cap,"{""gap_threshold"": null, ""risk_threshold"": 3, ""score_cap_threshold"": 3, ""score_threshold"": 5}",0.4706413730803975,0.5219587264018755,-0.006323396567299007,0.3333333333333333,0.05263157894736842,0.006349206349206349,0.7517985611510791,0.5384615384615384
r4b_shuffled_reason_balanced,r5h_h1_from_r5f2_real_highprotect_s10_b0p02_lr1e6,risk_and_gap,"{""gap_threshold"": 1, ""risk_threshold"": 1, ""score_cap_threshold"": null, ""score_threshold"": 5}",0.4327009936766034,0.5330277391884369,0.10569105691056911,0.47368421052631576,0.05263157894736842,0.006349206349206349,0.8111510791366906,0.8461538461538461
r4b_shuffled_reason_balanced,r5h_h1_from_r5f2_real_highprotect_s10_b0p02_lr1e6,risk_and_gap,"{""gap_threshold"": 2, ""risk_threshold"": 1, ""score_cap_threshold"": null, ""score_threshold"": 5}",0.4327009936766034,0.5330277391884369,0.10569105691056911,0.47368421052631576,0.05263157894736842,0.006349206349206349,0.8111510791366906,0.8461538461538461
r4b_shuffled_reason_balanced,r5h_h1_from_r5f2_real_highprotect_s10_b0p02_lr1e6,risk_and_gap,"{""gap_threshold"": 3, ""risk_threshold"": 1, ""score_cap_threshold"": null, ""score_threshold"": 5}",0.4327009936766034,0.5330277391884369,0.10569105691056911,0.47368421052631576,0.05263157894736842,0.006349206349206349,0.8111510791366906,0.8461538461538461
r4b_shuffled_reason_balanced,r5h_h1_from_r5f2_real_highprotect_s10_b0p02_lr1e6,risk_and_gap,"{""gap_threshold"": 1, ""risk_threshold"": 2, ""score_cap_threshold"": null, ""score_threshold"": 5}",0.4561878952122855,0.5182554568164135,0.053297199638663056,0.42105263157894735,0.05263157894736842,0.006349206349206349,0.7769784172661871,0.7307692307692307
r4b_shuffled_reason_balanced,r5h_h1_from_r5f2_real_highprotect_s10_b0p02_lr1e6,risk_and_gap,"{""gap_threshold"": 2, ""risk_threshold"": 2, ""score_cap_threshold"": null, ""score_threshold"": 5}",0.4561878952122855,0.5182554568164135,0.053297199638663056,0.42105263157894735,0.05263157894736842,0.006349206349206349,0.7769784172661871,0.7307692307692307
r4b_shuffled_reason_balanced,r5h_h1_from_r5f2_real_highprotect_s10_b0p02_lr1e6,risk_and_gap,"{""gap_threshold"": 3, ""risk_threshold"": 2, ""score_cap_threshold"": null, ""score_threshold"": 5}",0.4561878952122855,0.5182554568164135,0.053297199638663056,0.42105263157894735,0.05263157894736842,0.006349206349206349,0.7769784172661871,0.7307692307692307
r4b_shuffled_reason_balanced,r5h_h1_from_r5f2_real_highprotect_s10_b0p02_lr1e6,risk_and_gap,"{""gap_threshold"": 1, ""risk_threshold"": 3, ""score_cap_threshold"": null, ""score_threshold"": 5}",0.4706413730803975,0.5219587264018755,-0.006323396567299007,0.3333333333333333,0.05263157894736842,0.006349206349206349,0.7517985611510791,0.5384615384615384
r4b_shuffled_reason_balanced,r5h_h1_from_r5f2_real_highprotect_s10_b0p02_lr1e6,risk_and_gap,"{""gap_threshold"": 2, ""risk_threshold"": 3, ""score_cap_threshold"": null, ""score_threshold"": 5}",0.4706413730803975,0.5219587264018755,-0.006323396567299007,0.3333333333333333,0.05263157894736842,0.006349206349206349,0.7517985611510791,0.5384615384615384
r4b_shuffled_reason_balanced,r5h_h1_from_r5f2_real_highprotect_s10_b0p02_lr1e6,risk_and_gap,"{""gap_threshold"": 3, ""risk_threshold"": 3, ""score_cap_threshold"": null, ""score_threshold"": 5}",0.4561878952122855,0.5182554568164135,0.053297199638663056,0.42105263157894735,0.05263157894736842,0.006349206349206349,0.7769784172661871,0.7307692307692307
r4b_shuffled_reason_balanced,r5h_h1_from_r5f2_real_highprotect_s10_b0p02_lr1e6,gap_or_score_cap,"{""gap_threshold"": 1, ""risk_threshold"": null, ""score_cap_threshold"": 2, ""score_threshold"": 5}",0.5284552845528455,0.4944848996838439,-0.18518518518518517,0.22807017543859648,0.05263157894736842,0.006349206349206349,0.670863309352518,0.34615384615384615
r4b_shuffled_reason_balanced,r5h_h1_from_r5f2_real_highprotect_s10_b0p02_lr1e6,gap_or_score_cap,"{""gap_threshold"": 1, ""risk_threshold"": null, ""score_cap_threshold"": 3, ""score_threshold"": 5}",0.5284552845528455,0.4944848996838439,-0.18518518518518517,0.22807017543859648,0.05263157894736842,0.006349206349206349,0.670863309352518,0.34615384615384615
r4b_shuffled_reason_balanced,r5h_h1_from_r5f2_real_highprotect_s10_b0p02_lr1e6,gap_or_score_cap,"{""gap_threshold"": 2, ""risk_threshold"": null, ""score_cap_threshold"": 2, ""score_threshold"": 5}",0.4706413730803975,0.5219587264018755,-0.006323396567299007,0.3333333333333333,0.05263157894736842,0.006349206349206349,0.7517985611510791,0.5384615384615384
r4b_shuffled_reason_balanced,r5h_h1_from_r5f2_real_highprotect_s10_b0p02_lr1e6,gap_or_score_cap,"{""gap_threshold"": 2, ""risk_threshold"": null, ""score_cap_threshold"": 3, ""score_threshold"": 5}",0.4706413730803975,0.5219587264018755,-0.006323396567299007,0.3333333333333333,0.05263157894736842,0.006349206349206349,0.7517985611510791,0.5384615384615384
r4b_shuffled_reason_balanced,r5h_h1_from_r5f2_real_highprotect_s10_b0p02_lr1e6,gap_or_score_cap,"{""gap_threshold"": 3, ""risk_threshold"": null, ""score_cap_threshold"": 2, ""score_threshold"": 5}",0.4561878952122855,0.5182554568164135,0.053297199638663056,0.42105263157894735,0.05263157894736842,0.006349206349206349,0.7769784172661871,0.7307692307692307
r4b_shuffled_reason_balanced,r5h_h1_from_r5f2_real_highprotect_s10_b0p02_lr1e6,gap_or_score_cap,"{""gap_threshold"": 3, ""risk_threshold"": null, ""score_cap_threshold"": 3, ""score_threshold"": 5}",0.4706413730803975,0.5219587264018755,-0.006323396567299007,0.3333333333333333,0.05263157894736842,0.006349206349206349,0.7517985611510791,0.5384615384615384
r4b_shuffled_reason_balanced,r5h_h2_from_r5f2_real_highprotect_s20_b0p02_lr1e6,risk_pred_le,"{""gap_threshold"": null, ""risk_threshold"": 1, ""score_cap_threshold"": null, ""score_threshold"": 4}",0.43812104787714545,0.5317235517870538,0.1020776874435411,0.47368421052631576,0.05263157894736842,0.006349206349206349,0.8111510791366906,0.8461538461538461
r4b_shuffled_reason_balanced,r5h_h2_from_r5f2_real_highprotect_s20_b0p02_lr1e6,risk_pred_le,"{""gap_threshold"": null, ""risk_threshold"": 2, ""score_cap_threshold"": null, ""score_threshold"": 4}",0.4670280036133695,0.5221622677207703,0.03342366757000903,0.3684210526315789,0.05263157894736842,0.006349206349206349,0.7787769784172662,0.6538461538461539
r4b_shuffled_reason_balanced,r5h_h2_from_r5f2_real_highprotect_s20_b0p02_lr1e6,risk_pred_le,"{""gap_threshold"": null, ""risk_threshold"": 3, ""score_cap_threshold"": null, ""score_threshold"": 4}",0.5555555555555556,0.5072446841593506,-0.13459801264679314,0.24561403508771928,0.05263157894736842,0.006349206349206349,0.7553956834532374,0.5
r4b_shuffled_reason_balanced,r5h_h2_from_r5f2_real_highprotect_s20_b0p02_lr1e6,gap_ge,"{""gap_threshold"": 1, ""risk_threshold"": null, ""score_cap_threshold"": null, ""score_threshold"": 4}",0.6115627822944896,0.4848282388139954,-0.3080397470641373,0.14035087719298245,0.05263157894736842,0.006349206349206349,0.6762589928057554,0.3076923076923077
r4b_shuffled_reason_balanced,r5h_h2_from_r5f2_real_highprotect_s20_b0p02_lr1e6,gap_ge,"{""gap_threshold"": 2, ""risk_threshold"": null, ""score_cap_threshold"": null, ""score_threshold"": 4}",0.48148148148148145,0.5224353795495511,-0.02077687443541102,0.2982456140350877,0.05263157894736842,0.006349206349206349,0.7553956834532374,0.5
r4b_shuffled_reason_balanced,r5h_h2_from_r5f2_real_highprotect_s20_b0p02_lr1e6,gap_ge,"{""gap_threshold"": 3, ""risk_threshold"": null, ""score_cap_threshold"": null, ""score_threshold"": 4}",0.4598012646793135,0.5191245333241996,0.051490514905149054,0.42105263157894735,0.05263157894736842,0.006349206349206349,0.7787769784172662,0.7307692307692307
r4b_shuffled_reason_balanced,r5h_h2_from_r5f2_real_highprotect_s20_b0p02_lr1e6,score_cap_le,"{""gap_threshold"": null, ""risk_threshold"": null, ""score_cap_threshold"": 2, ""score_threshold"": 4}",0.4670280036133695,0.5221622677207703,0.03342366757000903,0.3684210526315789,0.05263157894736842,0.006349206349206349,0.7787769784172662,0.6538461538461539
r4b_shuffled_reason_balanced,r5h_h2_from_r5f2_real_highprotect_s20_b0p02_lr1e6,score_cap_le,"{""gap_threshold"": null, ""risk_threshold"": null, ""score_cap_threshold"": 3, ""score_threshold"": 4}",0.5537488708220416,0.5074778328872426,-0.13279132791327913,0.24561403508771928,0.05263157894736842,0.006349206349206349,0.7553956834532374,0.5
r4b_shuffled_reason_balanced,r5h_h2_from_r5f2_real_highprotect_s20_b0p02_lr1e6,risk_or_score_cap,"{""gap_threshold"": null, ""risk_threshold"": 1, ""score_cap_threshold"": 2, ""score_threshold"": 4}",0.4670280036133695,0.5221622677207703,0.03342366757000903,0.3684210526315789,0.05263157894736842,0.006349206349206349,0.7787769784172662,0.6538461538461539
r4b_shuffled_reason_balanced,r5h_h2_from_r5f2_real_highprotect_s20_b0p02_lr1e6,risk_or_score_cap,"{""gap_threshold"": null, ""risk_threshold"": 1, ""score_cap_threshold"": 3, ""score_threshold"": 4}",0.5537488708220416,0.5074778328872426,-0.13279132791327913,0.24561403508771928,0.05263157894736842,0.006349206349206349,0.7553956834532374,0.5
r4b_shuffled_reason_balanced,r5h_h2_from_r5f2_real_highprotect_s20_b0p02_lr1e6,risk_or_score_cap,"{""gap_threshold"": null, ""risk_threshold"": 2, ""score_cap_threshold"": 2, ""score_threshold"": 4}",0.4670280036133695,0.5221622677207703,0.03342366757000903,0.3684210526315789,0.05263157894736842,0.006349206349206349,0.7787769784172662,0.6538461538461539
r4b_shuffled_reason_balanced,r5h_h2_from_r5f2_real_highprotect_s20_b0p02_lr1e6,risk_or_score_cap,"{""gap_threshold"": null, ""risk_threshold"": 2, ""score_cap_threshold"": 3, ""score_threshold"": 4}",0.5537488708220416,0.5074778328872426,-0.13279132791327913,0.24561403508771928,0.05263157894736842,0.006349206349206349,0.7553956834532374,0.5
r4b_shuffled_reason_balanced,r5h_h2_from_r5f2_real_highprotect_s20_b0p02_lr1e6,risk_or_score_cap,"{""gap_threshold"": null, ""risk_threshold"": 3, ""score_cap_threshold"": 2, ""score_threshold"": 4}",0.5555555555555556,0.5072446841593506,-0.13459801264679314,0.24561403508771928,0.05263157894736842,0.006349206349206349,0.7553956834532374,0.5
r4b_shuffled_reason_balanced,r5h_h2_from_r5f2_real_highprotect_s20_b0p02_lr1e6,risk_or_score_cap,"{""gap_threshold"": null, ""risk_threshold"": 3, ""score_cap_threshold"": 3, ""score_threshold"": 4}",0.5555555555555556,0.5072446841593506,-0.13459801264679314,0.24561403508771928,0.05263157894736842,0.006349206349206349,0.7553956834532374,0.5
r4b_shuffled_reason_balanced,r5h_h2_from_r5f2_real_highprotect_s20_b0p02_lr1e6,risk_and_gap,"{""gap_threshold"": 1, ""risk_threshold"": 1, ""score_cap_threshold"": null, ""score_threshold"": 4}",0.43812104787714545,0.5317235517870538,0.1020776874435411,0.47368421052631576,0.05263157894736842,0.006349206349206349,0.8111510791366906,0.8461538461538461
r4b_shuffled_reason_balanced,r5h_h2_from_r5f2_real_highprotect_s20_b0p02_lr1e6,risk_and_gap,"{""gap_threshold"": 2, ""risk_threshold"": 1, ""score_cap_threshold"": null, ""score_threshold"": 4}",0.43812104787714545,0.5317235517870538,0.1020776874435411,0.47368421052631576,0.05263157894736842,0.006349206349206349,0.8111510791366906,0.8461538461538461
r4b_shuffled_reason_balanced,r5h_h2_from_r5f2_real_highprotect_s20_b0p02_lr1e6,risk_and_gap,"{""gap_threshold"": 3, ""risk_threshold"": 1, ""score_cap_threshold"": null, ""score_threshold"": 4}",0.43812104787714545,0.5317235517870538,0.1020776874435411,0.47368421052631576,0.05263157894736842,0.006349206349206349,0.8111510791366906,0.8461538461538461
r4b_shuffled_reason_balanced,r5h_h2_from_r5f2_real_highprotect_s20_b0p02_lr1e6,risk_and_gap,"{""gap_threshold"": 1, ""risk_threshold"": 2, ""score_cap_threshold"": null, ""score_threshold"": 4}",0.4670280036133695,0.5221622677207703,0.03342366757000903,0.3684210526315789,0.05263157894736842,0.006349206349206349,0.7787769784172662,0.6538461538461539
r4b_shuffled_reason_balanced,r5h_h2_from_r5f2_real_highprotect_s20_b0p02_lr1e6,risk_and_gap,"{""gap_threshold"": 2, ""risk_threshold"": 2, ""score_cap_threshold"": null, ""score_threshold"": 4}",0.4670280036133695,0.5221622677207703,0.03342366757000903,0.3684210526315789,0.05263157894736842,0.006349206349206349,0.7787769784172662,0.6538461538461539
r4b_shuffled_reason_balanced,r5h_h2_from_r5f2_real_highprotect_s20_b0p02_lr1e6,risk_and_gap,"{""gap_threshold"": 3, ""risk_threshold"": 2, ""score_cap_threshold"": null, ""score_threshold"": 4}",0.4598012646793135,0.5191245333241996,0.051490514905149054,0.42105263157894735,0.05263157894736842,0.006349206349206349,0.7787769784172662,0.7307692307692307
r4b_shuffled_reason_balanced,r5h_h2_from_r5f2_real_highprotect_s20_b0p02_lr1e6,risk_and_gap,"{""gap_threshold"": 1, ""risk_threshold"": 3, ""score_cap_threshold"": null, ""score_threshold"": 4}",0.5555555555555556,0.5072446841593506,-0.13459801264679314,0.24561403508771928,0.05263157894736842,0.006349206349206349,0.7553956834532374,0.5
r4b_shuffled_reason_balanced,r5h_h2_from_r5f2_real_highprotect_s20_b0p02_lr1e6,risk_and_gap,"{""gap_threshold"": 2, ""risk_threshold"": 3, ""score_cap_threshold"": null, ""score_threshold"": 4}",0.48148148148148145,0.5224353795495511,-0.02077687443541102,0.2982456140350877,0.05263157894736842,0.006349206349206349,0.7553956834532374,0.5
r4b_shuffled_reason_balanced,r5h_h2_from_r5f2_real_highprotect_s20_b0p02_lr1e6,risk_and_gap,"{""gap_threshold"": 3, ""risk_threshold"": 3, ""score_cap_threshold"": null, ""score_threshold"": 4}",0.4598012646793135,0.5191245333241996,0.051490514905149054,0.42105263157894735,0.05263157894736842,0.006349206349206349,0.7787769784172662,0.7307692307692307
r4b_shuffled_reason_balanced,r5h_h2_from_r5f2_real_highprotect_s20_b0p02_lr1e6,gap_or_score_cap,"{""gap_threshold"": 1, ""risk_threshold"": null, ""score_cap_threshold"": 2, ""score_threshold"": 4}",0.6115627822944896,0.4848282388139954,-0.3080397470641373,0.14035087719298245,0.05263157894736842,0.006349206349206349,0.6762589928057554,0.3076923076923077
r4b_shuffled_reason_balanced,r5h_h2_from_r5f2_real_highprotect_s20_b0p02_lr1e6,gap_or_score_cap,"{""gap_threshold"": 1, ""risk_threshold"": null, ""score_cap_threshold"": 3, ""score_threshold"": 4}",0.6115627822944896,0.4848282388139954,-0.3080397470641373,0.14035087719298245,0.05263157894736842,0.006349206349206349,0.6762589928057554,0.3076923076923077
r4b_shuffled_reason_balanced,r5h_h2_from_r5f2_real_highprotect_s20_b0p02_lr1e6,gap_or_score_cap,"{""gap_threshold"": 2, ""risk_threshold"": null, ""score_cap_threshold"": 2, ""score_threshold"": 4}",0.48148148148148145,0.5224353795495511,-0.02077687443541102,0.2982456140350877,0.05263157894736842,0.006349206349206349,0.7553956834532374,0.5
r4b_shuffled_reason_balanced,r5h_h2_from_r5f2_real_highprotect_s20_b0p02_lr1e6,gap_or_score_cap,"{""gap_threshold"": 2, ""risk_threshold"": null, ""score_cap_threshold"": 3, ""score_threshold"": 4}",0.5537488708220416,0.5074778328872426,-0.13279132791327913,0.24561403508771928,0.05263157894736842,0.006349206349206349,0.7553956834532374,0.5
r4b_shuffled_reason_balanced,r5h_h2_from_r5f2_real_highprotect_s20_b0p02_lr1e6,gap_or_score_cap,"{""gap_threshold"": 3, ""risk_threshold"": null, ""score_cap_threshold"": 2, ""score_threshold"": 4}",0.4670280036133695,0.5221622677207703,0.03342366757000903,0.3684210526315789,0.05263157894736842,0.006349206349206349,0.7787769784172662,0.6538461538461539
r4b_shuffled_reason_balanced,r5h_h2_from_r5f2_real_highprotect_s20_b0p02_lr1e6,gap_or_score_cap,"{""gap_threshold"": 3, ""risk_threshold"": null, ""score_cap_threshold"": 3, ""score_threshold"": 4}",0.5537488708220416,0.5074778328872426,-0.13279132791327913,0.24561403508771928,0.05263157894736842,0.006349206349206349,0.7553956834532374,0.5
r4b_shuffled_reason_balanced,r5h_h2_from_r5f2_real_highprotect_s20_b0p02_lr1e6,risk_pred_le,"{""gap_threshold"": null, ""risk_threshold"": 1, ""score_cap_threshold"": null, ""score_threshold"": 5}",0.4327009936766034,0.5326965060936337,0.10749774164408311,0.47368421052631576,0.05263157894736842,0.006349206349206349,0.8111510791366906,0.8461538461538461
r4b_shuffled_reason_balanced,r5h_h2_from_r5f2_real_highprotect_s20_b0p02_lr1e6,risk_pred_le,"{""gap_threshold"": null, ""risk_threshold"": 2, ""score_cap_threshold"": null, ""score_threshold"": 5}",0.45438121047877145,0.5200064957752856,0.056910569105691054,0.42105263157894735,0.05263157894736842,0.006349206349206349,0.7787769784172662,0.7307692307692307
r4b_shuffled_reason_balanced,r5h_h2_from_r5f2_real_highprotect_s20_b0p02_lr1e6,risk_pred_le,"{""gap_threshold"": null, ""risk_threshold"": 3, ""score_cap_threshold"": null, ""score_threshold"": 5}",0.46883468834688347,0.5203302980491591,0.0027100271002710027,0.3508771929824561,0.05263157894736842,0.006349206349206349,0.7553956834532374,0.5769230769230769
r4b_shuffled_reason_balanced,r5h_h2_from_r5f2_real_highprotect_s20_b0p02_lr1e6,gap_ge,"{""gap_threshold"": 1, ""risk_threshold"": null, ""score_cap_threshold"": null, ""score_threshold"": 5}",0.5248419150858176,0.49412488632096174,-0.17073170731707318,0.24561403508771928,0.05263157894736842,0.006349206349206349,0.6762589928057554,0.38461538461538464
r4b_shuffled_reason_balanced,r5h_h2_from_r5f2_real_highprotect_s20_b0p02_lr1e6,gap_ge,"{""gap_threshold"": 2, ""risk_threshold"": null, ""score_cap_threshold"": null, ""score_threshold"": 5}",0.46883468834688347,0.5203302980491591,0.0027100271002710027,0.3508771929824561,0.05263157894736842,0.006349206349206349,0.7553956834532374,0.5769230769230769
r4b_shuffled_reason_balanced,r5h_h2_from_r5f2_real_highprotect_s20_b0p02_lr1e6,gap_ge,"{""gap_threshold"": 3, ""risk_threshold"": null, ""score_cap_threshold"": null, ""score_threshold"": 5}",0.45438121047877145,0.5200064957752856,0.056910569105691054,0.42105263157894735,0.05263157894736842,0.006349206349206349,0.7787769784172662,0.7307692307692307
r4b_shuffled_reason_balanced,r5h_h2_from_r5f2_real_highprotect_s20_b0p02_lr1e6,score_cap_le,"{""gap_threshold"": null, ""risk_threshold"": null, ""score_cap_threshold"": 2, ""score_threshold"": 5}",0.45438121047877145,0.5200064957752856,0.056910569105691054,0.42105263157894735,0.05263157894736842,0.006349206349206349,0.7787769784172662,0.7307692307692307
r4b_shuffled_reason_balanced,r5h_h2_from_r5f2_real_highprotect_s20_b0p02_lr1e6,score_cap_le,"{""gap_threshold"": null, ""risk_threshold"": null, ""score_cap_threshold"": 3, ""score_threshold"": 5}",0.46883468834688347,0.5203302980491591,0.0027100271002710027,0.3508771929824561,0.05263157894736842,0.006349206349206349,0.7553956834532374,0.5769230769230769
r4b_shuffled_reason_balanced,r5h_h2_from_r5f2_real_highprotect_s20_b0p02_lr1e6,risk_or_score_cap,"{""gap_threshold"": null, ""risk_threshold"": 1, ""score_cap_threshold"": 2, ""score_threshold"": 5}",0.45438121047877145,0.5200064957752856,0.056910569105691054,0.42105263157894735,0.05263157894736842,0.006349206349206349,0.7787769784172662,0.7307692307692307
r4b_shuffled_reason_balanced,r5h_h2_from_r5f2_real_highprotect_s20_b0p02_lr1e6,risk_or_score_cap,"{""gap_threshold"": null, ""risk_threshold"": 1, ""score_cap_threshold"": 3, ""score_threshold"": 5}",0.46883468834688347,0.5203302980491591,0.0027100271002710027,0.3508771929824561,0.05263157894736842,0.006349206349206349,0.7553956834532374,0.5769230769230769
r4b_shuffled_reason_balanced,r5h_h2_from_r5f2_real_highprotect_s20_b0p02_lr1e6,risk_or_score_cap,"{""gap_threshold"": null, ""risk_threshold"": 2, ""score_cap_threshold"": 2, ""score_threshold"": 5}",0.45438121047877145,0.5200064957752856,0.056910569105691054,0.42105263157894735,0.05263157894736842,0.006349206349206349,0.7787769784172662,0.7307692307692307
r4b_shuffled_reason_balanced,r5h_h2_from_r5f2_real_highprotect_s20_b0p02_lr1e6,risk_or_score_cap,"{""gap_threshold"": null, ""risk_threshold"": 2, ""score_cap_threshold"": 3, ""score_threshold"": 5}",0.46883468834688347,0.5203302980491591,0.0027100271002710027,0.3508771929824561,0.05263157894736842,0.006349206349206349,0.7553956834532374,0.5769230769230769
r4b_shuffled_reason_balanced,r5h_h2_from_r5f2_real_highprotect_s20_b0p02_lr1e6,risk_or_score_cap,"{""gap_threshold"": null, ""risk_threshold"": 3, ""score_cap_threshold"": 2, ""score_threshold"": 5}",0.46883468834688347,0.5203302980491591,0.0027100271002710027,0.3508771929824561,0.05263157894736842,0.006349206349206349,0.7553956834532374,0.5769230769230769
r4b_shuffled_reason_balanced,r5h_h2_from_r5f2_real_highprotect_s20_b0p02_lr1e6,risk_or_score_cap,"{""gap_threshold"": null, ""risk_threshold"": 3, ""score_cap_threshold"": 3, ""score_threshold"": 5}",0.46883468834688347,0.5203302980491591,0.0027100271002710027,0.3508771929824561,0.05263157894736842,0.006349206349206349,0.7553956834532374,0.5769230769230769
r4b_shuffled_reason_balanced,r5h_h2_from_r5f2_real_highprotect_s20_b0p02_lr1e6,risk_and_gap,"{""gap_threshold"": 1, ""risk_threshold"": 1, ""score_cap_threshold"": null, ""score_threshold"": 5}",0.4327009936766034,0.5326965060936337,0.10749774164408311,0.47368421052631576,0.05263157894736842,0.006349206349206349,0.8111510791366906,0.8461538461538461
r4b_shuffled_reason_balanced,r5h_h2_from_r5f2_real_highprotect_s20_b0p02_lr1e6,risk_and_gap,"{""gap_threshold"": 2, ""risk_threshold"": 1, ""score_cap_threshold"": null, ""score_threshold"": 5}",0.4327009936766034,0.5326965060936337,0.10749774164408311,0.47368421052631576,0.05263157894736842,0.006349206349206349,0.8111510791366906,0.8461538461538461
r4b_shuffled_reason_balanced,r5h_h2_from_r5f2_real_highprotect_s20_b0p02_lr1e6,risk_and_gap,"{""gap_threshold"": 3, ""risk_threshold"": 1, ""score_cap_threshold"": null, ""score_threshold"": 5}",0.4327009936766034,0.5326965060936337,0.10749774164408311,0.47368421052631576,0.05263157894736842,0.006349206349206349,0.8111510791366906,0.8461538461538461
r4b_shuffled_reason_balanced,r5h_h2_from_r5f2_real_highprotect_s20_b0p02_lr1e6,risk_and_gap,"{""gap_threshold"": 1, ""risk_threshold"": 2, ""score_cap_threshold"": null, ""score_threshold"": 5}",0.45438121047877145,0.5200064957752856,0.056910569105691054,0.42105263157894735,0.05263157894736842,0.006349206349206349,0.7787769784172662,0.7307692307692307
r4b_shuffled_reason_balanced,r5h_h2_from_r5f2_real_highprotect_s20_b0p02_lr1e6,risk_and_gap,"{""gap_threshold"": 2, ""risk_threshold"": 2, ""score_cap_threshold"": null, ""score_threshold"": 5}",0.45438121047877145,0.5200064957752856,0.056910569105691054,0.42105263157894735,0.05263157894736842,0.006349206349206349,0.7787769784172662,0.7307692307692307
r4b_shuffled_reason_balanced,r5h_h2_from_r5f2_real_highprotect_s20_b0p02_lr1e6,risk_and_gap,"{""gap_threshold"": 3, ""risk_threshold"": 2, ""score_cap_threshold"": null, ""score_threshold"": 5}",0.45438121047877145,0.5200064957752856,0.056910569105691054,0.42105263157894735,0.05263157894736842,0.006349206349206349,0.7787769784172662,0.7307692307692307
r4b_shuffled_reason_balanced,r5h_h2_from_r5f2_real_highprotect_s20_b0p02_lr1e6,risk_and_gap,"{""gap_threshold"": 1, ""risk_threshold"": 3, ""score_cap_threshold"": null, ""score_threshold"": 5}",0.46883468834688347,0.5203302980491591,0.0027100271002710027,0.3508771929824561,0.05263157894736842,0.006349206349206349,0.7553956834532374,0.5769230769230769
r4b_shuffled_reason_balanced,r5h_h2_from_r5f2_real_highprotect_s20_b0p02_lr1e6,risk_and_gap,"{""gap_threshold"": 2, ""risk_threshold"": 3, ""score_cap_threshold"": null, ""score_threshold"": 5}",0.46883468834688347,0.5203302980491591,0.0027100271002710027,0.3508771929824561,0.05263157894736842,0.006349206349206349,0.7553956834532374,0.5769230769230769
r4b_shuffled_reason_balanced,r5h_h2_from_r5f2_real_highprotect_s20_b0p02_lr1e6,risk_and_gap,"{""gap_threshold"": 3, ""risk_threshold"": 3, ""score_cap_threshold"": null, ""score_threshold"": 5}",0.45438121047877145,0.5200064957752856,0.056910569105691054,0.42105263157894735,0.05263157894736842,0.006349206349206349,0.7787769784172662,0.7307692307692307
r4b_shuffled_reason_balanced,r5h_h2_from_r5f2_real_highprotect_s20_b0p02_lr1e6,gap_or_score_cap,"{""gap_threshold"": 1, ""risk_threshold"": null, ""score_cap_threshold"": 2, ""score_threshold"": 5}",0.5248419150858176,0.49412488632096174,-0.17073170731707318,0.24561403508771928,0.05263157894736842,0.006349206349206349,0.6762589928057554,0.38461538461538464
r4b_shuffled_reason_balanced,r5h_h2_from_r5f2_real_highprotect_s20_b0p02_lr1e6,gap_or_score_cap,"{""gap_threshold"": 1, ""risk_threshold"": null, ""score_cap_threshold"": 3, ""score_threshold"": 5}",0.5248419150858176,0.49412488632096174,-0.17073170731707318,0.24561403508771928,0.05263157894736842,0.006349206349206349,0.6762589928057554,0.38461538461538464
r4b_shuffled_reason_balanced,r5h_h2_from_r5f2_real_highprotect_s20_b0p02_lr1e6,gap_or_score_cap,"{""gap_threshold"": 2, ""risk_threshold"": null, ""score_cap_threshold"": 2, ""score_threshold"": 5}",0.46883468834688347,0.5203302980491591,0.0027100271002710027,0.3508771929824561,0.05263157894736842,0.006349206349206349,0.7553956834532374,0.5769230769230769
r4b_shuffled_reason_balanced,r5h_h2_from_r5f2_real_highprotect_s20_b0p02_lr1e6,gap_or_score_cap,"{""gap_threshold"": 2, ""risk_threshold"": null, ""score_cap_threshold"": 3, ""score_threshold"": 5}",0.46883468834688347,0.5203302980491591,0.0027100271002710027,0.3508771929824561,0.05263157894736842,0.006349206349206349,0.7553956834532374,0.5769230769230769
r4b_shuffled_reason_balanced,r5h_h2_from_r5f2_real_highprotect_s20_b0p02_lr1e6,gap_or_score_cap,"{""gap_threshold"": 3, ""risk_threshold"": null, ""score_cap_threshold"": 2, ""score_threshold"": 5}",0.45438121047877145,0.5200064957752856,0.056910569105691054,0.42105263157894735,0.05263157894736842,0.006349206349206349,0.7787769784172662,0.7307692307692307
r4b_shuffled_reason_balanced,r5h_h2_from_r5f2_real_highprotect_s20_b0p02_lr1e6,gap_or_score_cap,"{""gap_threshold"": 3, ""risk_threshold"": null, ""score_cap_threshold"": 3, ""score_threshold"": 5}",0.46883468834688347,0.5203302980491591,0.0027100271002710027,0.3508771929824561,0.05263157894736842,0.006349206349206349,0.7553956834532374,0.5769230769230769
r5g_a3_real_only_s50_b0p05_lr5em6,r5f2_real_only_from_r2c,risk_pred_le,"{""gap_threshold"": null, ""risk_threshold"": 1, ""score_cap_threshold"": null, ""score_threshold"": 4}",0.5121951219512195,0.48715178651700297,-0.04787714543812105,0.38596491228070173,0.15789473684210525,0.021164021164021163,0.7535971223021583,0.7692307692307693
r5g_a3_real_only_s50_b0p05_lr5em6,r5f2_real_only_from_r2c,risk_pred_le,"{""gap_threshold"": null, ""risk_threshold"": 2, ""score_cap_threshold"": null, ""score_threshold"": 4}",0.5392953929539296,0.4673721871277634,-0.0948509485094851,0.3684210526315789,0.15789473684210525,0.021164021164021163,0.7338129496402878,0.7307692307692307
r5g_a3_real_only_s50_b0p05_lr5em6,r5f2_real_only_from_r2c,risk_pred_le,"{""gap_threshold"": null, ""risk_threshold"": 3, ""score_cap_threshold"": null, ""score_threshold"": 4}",0.6115627822944896,0.4601996842092767,-0.2140921409214092,0.2631578947368421,0.15789473684210525,0.021164021164021163,0.710431654676259,0.5384615384615384
r5g_a3_real_only_s50_b0p05_lr5em6,r5f2_real_only_from_r2c,gap_ge,"{""gap_threshold"": 1, ""risk_threshold"": null, ""score_cap_threshold"": null, ""score_threshold"": 4}",0.6476964769647696,0.4502630967304374,-0.33875338753387535,0.19298245614035087,0.15789473684210525,0.021164021164021163,0.6618705035971223,0.4230769230769231
r5g_a3_real_only_s50_b0p05_lr5em6,r5f2_real_only_from_r2c,gap_ge,"{""gap_threshold"": 2, ""risk_threshold"": null, ""score_cap_threshold"": null, ""score_threshold"": 4}",0.5537488708220416,0.4702242955490269,-0.13459801264679314,0.2807017543859649,0.15789473684210525,0.021164021164021163,0.710431654676259,0.5769230769230769
r5g_a3_real_only_s50_b0p05_lr5em6,r5f2_real_only_from_r2c,gap_ge,"{""gap_threshold"": 3, ""risk_threshold"": null, ""score_cap_threshold"": null, ""score_threshold"": 4}",0.5302619692863595,0.47036251257558126,-0.07497741644083107,0.38596491228070173,0.15789473684210525,0.021164021164021163,0.7338129496402878,0.7692307692307693
r5g_a3_real_only_s50_b0p05_lr5em6,r5f2_real_only_from_r2c,score_cap_le,"{""gap_threshold"": null, ""risk_threshold"": null, ""score_cap_threshold"": 2, ""score_threshold"": 4}",0.5392953929539296,0.4673721871277634,-0.0948509485094851,0.3684210526315789,0.15789473684210525,0.021164021164021163,0.7338129496402878,0.7307692307692307
r5g_a3_real_only_s50_b0p05_lr5em6,r5f2_real_only_from_r2c,score_cap_le,"{""gap_threshold"": null, ""risk_threshold"": null, ""score_cap_threshold"": 3, ""score_threshold"": 4}",0.6106594399277326,0.4599705187744687,-0.21138211382113822,0.2631578947368421,0.15789473684210525,0.021164021164021163,0.710431654676259,0.5384615384615384
r5g_a3_real_only_s50_b0p05_lr5em6,r5f2_real_only_from_r2c,risk_or_score_cap,"{""gap_threshold"": null, ""risk_threshold"": 1, ""score_cap_threshold"": 2, ""score_threshold"": 4}",0.5392953929539296,0.4673721871277634,-0.0948509485094851,0.3684210526315789,0.15789473684210525,0.021164021164021163,0.7338129496402878,0.7307692307692307
r5g_a3_real_only_s50_b0p05_lr5em6,r5f2_real_only_from_r2c,risk_or_score_cap,"{""gap_threshold"": null, ""risk_threshold"": 1, ""score_cap_threshold"": 3, ""score_threshold"": 4}",0.6106594399277326,0.4599705187744687,-0.21138211382113822,0.2631578947368421,0.15789473684210525,0.021164021164021163,0.710431654676259,0.5384615384615384
r5g_a3_real_only_s50_b0p05_lr5em6,r5f2_real_only_from_r2c,risk_or_score_cap,"{""gap_threshold"": null, ""risk_threshold"": 2, ""score_cap_threshold"": 2, ""score_threshold"": 4}",0.5392953929539296,0.4673721871277634,-0.0948509485094851,0.3684210526315789,0.15789473684210525,0.021164021164021163,0.7338129496402878,0.7307692307692307
r5g_a3_real_only_s50_b0p05_lr5em6,r5f2_real_only_from_r2c,risk_or_score_cap,"{""gap_threshold"": null, ""risk_threshold"": 2, ""score_cap_threshold"": 3, ""score_threshold"": 4}",0.6106594399277326,0.4599705187744687,-0.21138211382113822,0.2631578947368421,0.15789473684210525,0.021164021164021163,0.710431654676259,0.5384615384615384
r5g_a3_real_only_s50_b0p05_lr5em6,r5f2_real_only_from_r2c,risk_or_score_cap,"{""gap_threshold"": null, ""risk_threshold"": 3, ""score_cap_threshold"": 2, ""score_threshold"": 4}",0.6115627822944896,0.4601996842092767,-0.2140921409214092,0.2631578947368421,0.15789473684210525,0.021164021164021163,0.710431654676259,0.5384615384615384
r5g_a3_real_only_s50_b0p05_lr5em6,r5f2_real_only_from_r2c,risk_or_score_cap,"{""gap_threshold"": null, ""risk_threshold"": 3, ""score_cap_threshold"": 3, ""score_threshold"": 4}",0.6115627822944896,0.4601996842092767,-0.2140921409214092,0.2631578947368421,0.15789473684210525,0.021164021164021163,0.710431654676259,0.5384615384615384
r5g_a3_real_only_s50_b0p05_lr5em6,r5f2_real_only_from_r2c,risk_and_gap,"{""gap_threshold"": 1, ""risk_threshold"": 1, ""score_cap_threshold"": null, ""score_threshold"": 4}",0.5121951219512195,0.48715178651700297,-0.04787714543812105,0.38596491228070173,0.15789473684210525,0.021164021164021163,0.7535971223021583,0.7692307692307693
r5g_a3_real_only_s50_b0p05_lr5em6,r5f2_real_only_from_r2c,risk_and_gap,"{""gap_threshold"": 2, ""risk_threshold"": 1, ""score_cap_threshold"": null, ""score_threshold"": 4}",0.5121951219512195,0.48715178651700297,-0.04787714543812105,0.38596491228070173,0.15789473684210525,0.021164021164021163,0.7535971223021583,0.7692307692307693
r5g_a3_real_only_s50_b0p05_lr5em6,r5f2_real_only_from_r2c,risk_and_gap,"{""gap_threshold"": 3, ""risk_threshold"": 1, ""score_cap_threshold"": null, ""score_threshold"": 4}",0.5121951219512195,0.48715178651700297,-0.04787714543812105,0.38596491228070173,0.15789473684210525,0.021164021164021163,0.7535971223021583,0.7692307692307693
r5g_a3_real_only_s50_b0p05_lr5em6,r5f2_real_only_from_r2c,risk_and_gap,"{""gap_threshold"": 1, ""risk_threshold"": 2, ""score_cap_threshold"": null, ""score_threshold"": 4}",0.5392953929539296,0.4673721871277634,-0.0948509485094851,0.3684210526315789,0.15789473684210525,0.021164021164021163,0.7338129496402878,0.7307692307692307
r5g_a3_real_only_s50_b0p05_lr5em6,r5f2_real_only_from_r2c,risk_and_gap,"{""gap_threshold"": 2, ""risk_threshold"": 2, ""score_cap_threshold"": null, ""score_threshold"": 4}",0.5392953929539296,0.4673721871277634,-0.0948509485094851,0.3684210526315789,0.15789473684210525,0.021164021164021163,0.7338129496402878,0.7307692307692307
r5g_a3_real_only_s50_b0p05_lr5em6,r5f2_real_only_from_r2c,risk_and_gap,"{""gap_threshold"": 3, ""risk_threshold"": 2, ""score_cap_threshold"": null, ""score_threshold"": 4}",0.5302619692863595,0.47036251257558126,-0.07497741644083107,0.38596491228070173,0.15789473684210525,0.021164021164021163,0.7338129496402878,0.7692307692307693
r5g_a3_real_only_s50_b0p05_lr5em6,r5f2_real_only_from_r2c,risk_and_gap,"{""gap_threshold"": 1, ""risk_threshold"": 3, ""score_cap_threshold"": null, ""score_threshold"": 4}",0.6115627822944896,0.4601996842092767,-0.2140921409214092,0.2631578947368421,0.15789473684210525,0.021164021164021163,0.710431654676259,0.5384615384615384
r5g_a3_real_only_s50_b0p05_lr5em6,r5f2_real_only_from_r2c,risk_and_gap,"{""gap_threshold"": 2, ""risk_threshold"": 3, ""score_cap_threshold"": null, ""score_threshold"": 4}",0.5537488708220416,0.4702242955490269,-0.13459801264679314,0.2807017543859649,0.15789473684210525,0.021164021164021163,0.710431654676259,0.5769230769230769
r5g_a3_real_only_s50_b0p05_lr5em6,r5f2_real_only_from_r2c,risk_and_gap,"{""gap_threshold"": 3, ""risk_threshold"": 3, ""score_cap_threshold"": null, ""score_threshold"": 4}",0.5302619692863595,0.47036251257558126,-0.07497741644083107,0.38596491228070173,0.15789473684210525,0.021164021164021163,0.7338129496402878,0.7692307692307693
r5g_a3_real_only_s50_b0p05_lr5em6,r5f2_real_only_from_r2c,gap_or_score_cap,"{""gap_threshold"": 1, ""risk_threshold"": null, ""score_cap_threshold"": 2, ""score_threshold"": 4}",0.6476964769647696,0.4502630967304374,-0.33875338753387535,0.19298245614035087,0.15789473684210525,0.021164021164021163,0.6618705035971223,0.4230769230769231
r5g_a3_real_only_s50_b0p05_lr5em6,r5f2_real_only_from_r2c,gap_or_score_cap,"{""gap_threshold"": 1, ""risk_threshold"": null, ""score_cap_threshold"": 3, ""score_threshold"": 4}",0.6476964769647696,0.4502630967304374,-0.33875338753387535,0.19298245614035087,0.15789473684210525,0.021164021164021163,0.6618705035971223,0.4230769230769231
r5g_a3_real_only_s50_b0p05_lr5em6,r5f2_real_only_from_r2c,gap_or_score_cap,"{""gap_threshold"": 2, ""risk_threshold"": null, ""score_cap_threshold"": 2, ""score_threshold"": 4}",0.5537488708220416,0.4702242955490269,-0.13459801264679314,0.2807017543859649,0.15789473684210525,0.021164021164021163,0.710431654676259,0.5769230769230769
r5g_a3_real_only_s50_b0p05_lr5em6,r5f2_real_only_from_r2c,gap_or_score_cap,"{""gap_threshold"": 2, ""risk_threshold"": null, ""score_cap_threshold"": 3, ""score_threshold"": 4}",0.6106594399277326,0.4602727863173848,-0.21318879855465223,0.2631578947368421,0.15789473684210525,0.021164021164021163,0.710431654676259,0.5384615384615384
r5g_a3_real_only_s50_b0p05_lr5em6,r5f2_real_only_from_r2c,gap_or_score_cap,"{""gap_threshold"": 3, ""risk_threshold"": null, ""score_cap_threshold"": 2, ""score_threshold"": 4}",0.5392953929539296,0.4673721871277634,-0.0948509485094851,0.3684210526315789,0.15789473684210525,0.021164021164021163,0.7338129496402878,0.7307692307692307
r5g_a3_real_only_s50_b0p05_lr5em6,r5f2_real_only_from_r2c,gap_or_score_cap,"{""gap_threshold"": 3, ""risk_threshold"": null, ""score_cap_threshold"": 3, ""score_threshold"": 4}",0.6106594399277326,0.4599705187744687,-0.21138211382113822,0.2631578947368421,0.15789473684210525,0.021164021164021163,0.710431654676259,0.5384615384615384
r5g_a3_real_only_s50_b0p05_lr5em6,r5f2_real_only_from_r2c,risk_pred_le,"{""gap_threshold"": null, ""risk_threshold"": 1, ""score_cap_threshold"": null, ""score_threshold"": 5}",0.5067750677506775,0.48887651052646386,-0.04245709123757904,0.38596491228070173,0.15789473684210525,0.021164021164021163,0.7535971223021583,0.7692307692307693
r5g_a3_real_only_s50_b0p05_lr5em6,r5f2_real_only_from_r2c,risk_pred_le,"{""gap_threshold"": null, ""risk_threshold"": 2, ""score_cap_threshold"": null, ""score_threshold"": 5}",0.5248419150858176,0.471985241563725,-0.06955736224028906,0.38596491228070173,0.15789473684210525,0.021164021164021163,0.7338129496402878,0.7692307692307693
r5g_a3_real_only_s50_b0p05_lr5em6,r5f2_real_only_from_r2c,risk_pred_le,"{""gap_threshold"": null, ""risk_threshold"": 3, ""score_cap_threshold"": null, ""score_threshold"": 5}",0.5392953929539296,0.47484222550712973,-0.1093044263775971,0.2982456140350877,0.15789473684210525,0.021164021164021163,0.710431654676259,0.6153846153846154
r5g_a3_real_only_s50_b0p05_lr5em6,r5f2_real_only_from_r2c,gap_ge,"{""gap_threshold"": 1, ""risk_threshold"": null, ""score_cap_threshold"": null, ""score_threshold"": 5}",0.5754290876242095,0.46338045188809884,-0.23396567299006324,0.22807017543859648,0.15789473684210525,0.021164021164021163,0.6618705035971223,0.5
r5g_a3_real_only_s50_b0p05_lr5em6,r5f2_real_only_from_r2c,gap_ge,"{""gap_threshold"": 2, ""risk_threshold"": null, ""score_cap_threshold"": null, ""score_threshold"": 5}",0.5392953929539296,0.47484222550712973,-0.1093044263775971,0.2982456140350877,0.15789473684210525,0.021164021164021163,0.710431654676259,0.6153846153846154
r5g_a3_real_only_s50_b0p05_lr5em6,r5f2_real_only_from_r2c,gap_ge,"{""gap_threshold"": 3, ""risk_threshold"": null, ""score_cap_threshold"": null, ""score_threshold"": 5}",0.5248419150858176,0.471985241563725,-0.06955736224028906,0.38596491228070173,0.15789473684210525,0.021164021164021163,0.7338129496402878,0.7692307692307693
r5g_a3_real_only_s50_b0p05_lr5em6,r5f2_real_only_from_r2c,score_cap_le,"{""gap_threshold"": null, ""risk_threshold"": null, ""score_cap_threshold"": 2, ""score_threshold"": 5}",0.5248419150858176,0.471985241563725,-0.06955736224028906,0.38596491228070173,0.15789473684210525,0.021164021164021163,0.7338129496402878,0.7692307692307693
r5g_a3_real_only_s50_b0p05_lr5em6,r5f2_real_only_from_r2c,score_cap_le,"{""gap_threshold"": null, ""risk_threshold"": null, ""score_cap_threshold"": 3, ""score_threshold"": 5}",0.5392953929539296,0.47451964935815627,-0.10749774164408311,0.2982456140350877,0.15789473684210525,0.021164021164021163,0.710431654676259,0.6153846153846154
r5g_a3_real_only_s50_b0p05_lr5em6,r5f2_real_only_from_r2c,risk_or_score_cap,"{""gap_threshold"": null, ""risk_threshold"": 1, ""score_cap_threshold"": 2, ""score_threshold"": 5}",0.5248419150858176,0.471985241563725,-0.06955736224028906,0.38596491228070173,0.15789473684210525,0.021164021164021163,0.7338129496402878,0.7692307692307693
r5g_a3_real_only_s50_b0p05_lr5em6,r5f2_real_only_from_r2c,risk_or_score_cap,"{""gap_threshold"": null, ""risk_threshold"": 1, ""score_cap_threshold"": 3, ""score_threshold"": 5}",0.5392953929539296,0.47451964935815627,-0.10749774164408311,0.2982456140350877,0.15789473684210525,0.021164021164021163,0.710431654676259,0.6153846153846154
r5g_a3_real_only_s50_b0p05_lr5em6,r5f2_real_only_from_r2c,risk_or_score_cap,"{""gap_threshold"": null, ""risk_threshold"": 2, ""score_cap_threshold"": 2, ""score_threshold"": 5}",0.5248419150858176,0.471985241563725,-0.06955736224028906,0.38596491228070173,0.15789473684210525,0.021164021164021163,0.7338129496402878,0.7692307692307693
r5g_a3_real_only_s50_b0p05_lr5em6,r5f2_real_only_from_r2c,risk_or_score_cap,"{""gap_threshold"": null, ""risk_threshold"": 2, ""score_cap_threshold"": 3, ""score_threshold"": 5}",0.5392953929539296,0.47451964935815627,-0.10749774164408311,0.2982456140350877,0.15789473684210525,0.021164021164021163,0.710431654676259,0.6153846153846154
r5g_a3_real_only_s50_b0p05_lr5em6,r5f2_real_only_from_r2c,risk_or_score_cap,"{""gap_threshold"": null, ""risk_threshold"": 3, ""score_cap_threshold"": 2, ""score_threshold"": 5}",0.5392953929539296,0.47484222550712973,-0.1093044263775971,0.2982456140350877,0.15789473684210525,0.021164021164021163,0.710431654676259,0.6153846153846154
r5g_a3_real_only_s50_b0p05_lr5em6,r5f2_real_only_from_r2c,risk_or_score_cap,"{""gap_threshold"": null, ""risk_threshold"": 3, ""score_cap_threshold"": 3, ""score_threshold"": 5}",0.5392953929539296,0.47484222550712973,-0.1093044263775971,0.2982456140350877,0.15789473684210525,0.021164021164021163,0.710431654676259,0.6153846153846154
r5g_a3_real_only_s50_b0p05_lr5em6,r5f2_real_only_from_r2c,risk_and_gap,"{""gap_threshold"": 1, ""risk_threshold"": 1, ""score_cap_threshold"": null, ""score_threshold"": 5}",0.5067750677506775,0.48887651052646386,-0.04245709123757904,0.38596491228070173,0.15789473684210525,0.021164021164021163,0.7535971223021583,0.7692307692307693
r5g_a3_real_only_s50_b0p05_lr5em6,r5f2_real_only_from_r2c,risk_and_gap,"{""gap_threshold"": 2, ""risk_threshold"": 1, ""score_cap_threshold"": null, ""score_threshold"": 5}",0.5067750677506775,0.48887651052646386,-0.04245709123757904,0.38596491228070173,0.15789473684210525,0.021164021164021163,0.7535971223021583,0.7692307692307693
r5g_a3_real_only_s50_b0p05_lr5em6,r5f2_real_only_from_r2c,risk_and_gap,"{""gap_threshold"": 3, ""risk_threshold"": 1, ""score_cap_threshold"": null, ""score_threshold"": 5}",0.5067750677506775,0.48887651052646386,-0.04245709123757904,0.38596491228070173,0.15789473684210525,0.021164021164021163,0.7535971223021583,0.7692307692307693
r5g_a3_real_only_s50_b0p05_lr5em6,r5f2_real_only_from_r2c,risk_and_gap,"{""gap_threshold"": 1, ""risk_threshold"": 2, ""score_cap_threshold"": null, ""score_threshold"": 5}",0.5248419150858176,0.471985241563725,-0.06955736224028906,0.38596491228070173,0.15789473684210525,0.021164021164021163,0.7338129496402878,0.7692307692307693
r5g_a3_real_only_s50_b0p05_lr5em6,r5f2_real_only_from_r2c,risk_and_gap,"{""gap_threshold"": 2, ""risk_threshold"": 2, ""score_cap_threshold"": null, ""score_threshold"": 5}",0.5248419150858176,0.471985241563725,-0.06955736224028906,0.38596491228070173,0.15789473684210525,0.021164021164021163,0.7338129496402878,0.7692307692307693
r5g_a3_real_only_s50_b0p05_lr5em6,r5f2_real_only_from_r2c,risk_and_gap,"{""gap_threshold"": 3, ""risk_threshold"": 2, ""score_cap_threshold"": null, ""score_threshold"": 5}",0.5248419150858176,0.471985241563725,-0.06955736224028906,0.38596491228070173,0.15789473684210525,0.021164021164021163,0.7338129496402878,0.7692307692307693
r5g_a3_real_only_s50_b0p05_lr5em6,r5f2_real_only_from_r2c,risk_and_gap,"{""gap_threshold"": 1, ""risk_threshold"": 3, ""score_cap_threshold"": null, ""score_threshold"": 5}",0.5392953929539296,0.47484222550712973,-0.1093044263775971,0.2982456140350877,0.15789473684210525,0.021164021164021163,0.710431654676259,0.6153846153846154
r5g_a3_real_only_s50_b0p05_lr5em6,r5f2_real_only_from_r2c,risk_and_gap,"{""gap_threshold"": 2, ""risk_threshold"": 3, ""score_cap_threshold"": null, ""score_threshold"": 5}",0.5392953929539296,0.47484222550712973,-0.1093044263775971,0.2982456140350877,0.15789473684210525,0.021164021164021163,0.710431654676259,0.6153846153846154
r5g_a3_real_only_s50_b0p05_lr5em6,r5f2_real_only_from_r2c,risk_and_gap,"{""gap_threshold"": 3, ""risk_threshold"": 3, ""score_cap_threshold"": null, ""score_threshold"": 5}",0.5248419150858176,0.471985241563725,-0.06955736224028906,0.38596491228070173,0.15789473684210525,0.021164021164021163,0.7338129496402878,0.7692307692307693
r5g_a3_real_only_s50_b0p05_lr5em6,r5f2_real_only_from_r2c,gap_or_score_cap,"{""gap_threshold"": 1, ""risk_threshold"": null, ""score_cap_threshold"": 2, ""score_threshold"": 5}",0.5754290876242095,0.46338045188809884,-0.23396567299006324,0.22807017543859648,0.15789473684210525,0.021164021164021163,0.6618705035971223,0.5
r5g_a3_real_only_s50_b0p05_lr5em6,r5f2_real_only_from_r2c,gap_or_score_cap,"{""gap_threshold"": 1, ""risk_threshold"": null, ""score_cap_threshold"": 3, ""score_threshold"": 5}",0.5754290876242095,0.46338045188809884,-0.23396567299006324,0.22807017543859648,0.15789473684210525,0.021164021164021163,0.6618705035971223,0.5
r5g_a3_real_only_s50_b0p05_lr5em6,r5f2_real_only_from_r2c,gap_or_score_cap,"{""gap_threshold"": 2, ""risk_threshold"": null, ""score_cap_threshold"": 2, ""score_threshold"": 5}",0.5392953929539296,0.47484222550712973,-0.1093044263775971,0.2982456140350877,0.15789473684210525,0.021164021164021163,0.710431654676259,0.6153846153846154
r5g_a3_real_only_s50_b0p05_lr5em6,r5f2_real_only_from_r2c,gap_or_score_cap,"{""gap_threshold"": 2, ""risk_threshold"": null, ""score_cap_threshold"": 3, ""score_threshold"": 5}",0.5392953929539296,0.47484222550712973,-0.1093044263775971,0.2982456140350877,0.15789473684210525,0.021164021164021163,0.710431654676259,0.6153846153846154
r5g_a3_real_only_s50_b0p05_lr5em6,r5f2_real_only_from_r2c,gap_or_score_cap,"{""gap_threshold"": 3, ""risk_threshold"": null, ""score_cap_threshold"": 2, ""score_threshold"": 5}",0.5248419150858176,0.471985241563725,-0.06955736224028906,0.38596491228070173,0.15789473684210525,0.021164021164021163,0.7338129496402878,0.7692307692307693
r5g_a3_real_only_s50_b0p05_lr5em6,r5f2_real_only_from_r2c,gap_or_score_cap,"{""gap_threshold"": 3, ""risk_threshold"": null, ""score_cap_threshold"": 3, ""score_threshold"": 5}",0.5392953929539296,0.47451964935815627,-0.10749774164408311,0.2982456140350877,0.15789473684210525,0.021164021164021163,0.710431654676259,0.6153846153846154
r5g_a3_real_only_s50_b0p05_lr5em6,r5h_h1_from_r5f2_real_highprotect_s10_b0p02_lr1e6,risk_pred_le,"{""gap_threshold"": null, ""risk_threshold"": 1, ""score_cap_threshold"": null, ""score_threshold"": 4}",0.5085817524841915,0.49086624235779186,-0.044263775971093045,0.38596491228070173,0.15789473684210525,0.021164021164021163,0.7571942446043165,0.7692307692307693
r5g_a3_real_only_s50_b0p05_lr5em6,r5h_h1_from_r5f2_real_highprotect_s10_b0p02_lr1e6,risk_pred_le,"{""gap_threshold"": null, ""risk_threshold"": 2, ""score_cap_threshold"": null, ""score_threshold"": 4}",0.5338753387533876,0.47243675865190493,-0.08762420957542909,0.3684210526315789,0.15789473684210525,0.021164021164021163,0.7392086330935251,0.7307692307692307
r5g_a3_real_only_s50_b0p05_lr5em6,r5h_h1_from_r5f2_real_highprotect_s10_b0p02_lr1e6,risk_pred_le,"{""gap_threshold"": null, ""risk_threshold"": 3, ""score_cap_threshold"": null, ""score_threshold"": 4}",0.5934959349593496,0.47190303877462003,-0.1942186088527552,0.2631578947368421,0.15789473684210525,0.021164021164021163,0.7194244604316546,0.5384615384615384
r5g_a3_real_only_s50_b0p05_lr5em6,r5h_h1_from_r5f2_real_highprotect_s10_b0p02_lr1e6,gap_ge,"{""gap_threshold"": 1, ""risk_threshold"": null, ""score_cap_threshold"": null, ""score_threshold"": 4}",0.6260162601626016,0.46433517159620274,-0.3134598012646793,0.19298245614035087,0.15789473684210525,0.021164021164021163,0.6744604316546763,0.4230769230769231
r5g_a3_real_only_s50_b0p05_lr5em6,r5h_h1_from_r5f2_real_highprotect_s10_b0p02_lr1e6,gap_ge,"{""gap_threshold"": 2, ""risk_threshold"": null, ""score_cap_threshold"": null, ""score_threshold"": 4}",0.5447154471544715,0.4787876636973418,-0.12375790424570912,0.2807017543859649,0.15789473684210525,0.021164021164021163,0.7194244604316546,0.5769230769230769
r5g_a3_real_only_s50_b0p05_lr5em6,r5h_h1_from_r5f2_real_highprotect_s10_b0p02_lr1e6,gap_ge,"{""gap_threshold"": 3, ""risk_threshold"": null, ""score_cap_threshold"": null, ""score_threshold"": 4}",0.5248419150858176,0.4755292660755924,-0.06775067750677506,0.38596491228070173,0.15789473684210525,0.021164021164021163,0.7392086330935251,0.7692307692307693
r5g_a3_real_only_s50_b0p05_lr5em6,r5h_h1_from_r5f2_real_highprotect_s10_b0p02_lr1e6,score_cap_le,"{""gap_threshold"": null, ""risk_threshold"": null, ""score_cap_threshold"": 2, ""score_threshold"": 4}",0.5338753387533876,0.47243675865190493,-0.08762420957542909,0.3684210526315789,0.15789473684210525,0.021164021164021163,0.7392086330935251,0.7307692307692307
r5g_a3_real_only_s50_b0p05_lr5em6,r5h_h1_from_r5f2_real_highprotect_s10_b0p02_lr1e6,score_cap_le,"{""gap_threshold"": null, ""risk_threshold"": null, ""score_cap_threshold"": 3, ""score_threshold"": 4}",0.5934959349593496,0.4716042166286988,-0.19241192411924118,0.2631578947368421,0.15789473684210525,0.021164021164021163,0.7194244604316546,0.5384615384615384
r5g_a3_real_only_s50_b0p05_lr5em6,r5h_h1_from_r5f2_real_highprotect_s10_b0p02_lr1e6,risk_or_score_cap,"{""gap_threshold"": null, ""risk_threshold"": 1, ""score_cap_threshold"": 2, ""score_threshold"": 4}",0.5338753387533876,0.47243675865190493,-0.08762420957542909,0.3684210526315789,0.15789473684210525,0.021164021164021163,0.7392086330935251,0.7307692307692307
r5g_a3_real_only_s50_b0p05_lr5em6,r5h_h1_from_r5f2_real_highprotect_s10_b0p02_lr1e6,risk_or_score_cap,"{""gap_threshold"": null, ""risk_threshold"": 1, ""score_cap_threshold"": 3, ""score_threshold"": 4}",0.5934959349593496,0.4716042166286988,-0.19241192411924118,0.2631578947368421,0.15789473684210525,0.021164021164021163,0.7194244604316546,0.5384615384615384
r5g_a3_real_only_s50_b0p05_lr5em6,r5h_h1_from_r5f2_real_highprotect_s10_b0p02_lr1e6,risk_or_score_cap,"{""gap_threshold"": null, ""risk_threshold"": 2, ""score_cap_threshold"": 2, ""score_threshold"": 4}",0.5338753387533876,0.47243675865190493,-0.08762420957542909,0.3684210526315789,0.15789473684210525,0.021164021164021163,0.7392086330935251,0.7307692307692307
r5g_a3_real_only_s50_b0p05_lr5em6,r5h_h1_from_r5f2_real_highprotect_s10_b0p02_lr1e6,risk_or_score_cap,"{""gap_threshold"": null, ""risk_threshold"": 2, ""score_cap_threshold"": 3, ""score_threshold"": 4}",0.5934959349593496,0.4716042166286988,-0.19241192411924118,0.2631578947368421,0.15789473684210525,0.021164021164021163,0.7194244604316546,0.5384615384615384
r5g_a3_real_only_s50_b0p05_lr5em6,r5h_h1_from_r5f2_real_highprotect_s10_b0p02_lr1e6,risk_or_score_cap,"{""gap_threshold"": null, ""risk_threshold"": 3, ""score_cap_threshold"": 2, ""score_threshold"": 4}",0.5934959349593496,0.47190303877462003,-0.1942186088527552,0.2631578947368421,0.15789473684210525,0.021164021164021163,0.7194244604316546,0.5384615384615384
r5g_a3_real_only_s50_b0p05_lr5em6,r5h_h1_from_r5f2_real_highprotect_s10_b0p02_lr1e6,risk_or_score_cap,"{""gap_threshold"": null, ""risk_threshold"": 3, ""score_cap_threshold"": 3, ""score_threshold"": 4}",0.5934959349593496,0.47190303877462003,-0.1942186088527552,0.2631578947368421,0.15789473684210525,0.021164021164021163,0.7194244604316546,0.5384615384615384
r5g_a3_real_only_s50_b0p05_lr5em6,r5h_h1_from_r5f2_real_highprotect_s10_b0p02_lr1e6,risk_and_gap,"{""gap_threshold"": 1, ""risk_threshold"": 1, ""score_cap_threshold"": null, ""score_threshold"": 4}",0.5085817524841915,0.49086624235779186,-0.044263775971093045,0.38596491228070173,0.15789473684210525,0.021164021164021163,0.7571942446043165,0.7692307692307693
r5g_a3_real_only_s50_b0p05_lr5em6,r5h_h1_from_r5f2_real_highprotect_s10_b0p02_lr1e6,risk_and_gap,"{""gap_threshold"": 2, ""risk_threshold"": 1, ""score_cap_threshold"": null, ""score_threshold"": 4}",0.5085817524841915,0.49086624235779186,-0.044263775971093045,0.38596491228070173,0.15789473684210525,0.021164021164021163,0.7571942446043165,0.7692307692307693
r5g_a3_real_only_s50_b0p05_lr5em6,r5h_h1_from_r5f2_real_highprotect_s10_b0p02_lr1e6,risk_and_gap,"{""gap_threshold"": 3, ""risk_threshold"": 1, ""score_cap_threshold"": null, ""score_threshold"": 4}",0.5085817524841915,0.49086624235779186,-0.044263775971093045,0.38596491228070173,0.15789473684210525,0.021164021164021163,0.7571942446043165,0.7692307692307693
r5g_a3_real_only_s50_b0p05_lr5em6,r5h_h1_from_r5f2_real_highprotect_s10_b0p02_lr1e6,risk_and_gap,"{""gap_threshold"": 1, ""risk_threshold"": 2, ""score_cap_threshold"": null, ""score_threshold"": 4}",0.5338753387533876,0.47243675865190493,-0.08762420957542909,0.3684210526315789,0.15789473684210525,0.021164021164021163,0.7392086330935251,0.7307692307692307
r5g_a3_real_only_s50_b0p05_lr5em6,r5h_h1_from_r5f2_real_highprotect_s10_b0p02_lr1e6,risk_and_gap,"{""gap_threshold"": 2, ""risk_threshold"": 2, ""score_cap_threshold"": null, ""score_threshold"": 4}",0.5338753387533876,0.47243675865190493,-0.08762420957542909,0.3684210526315789,0.15789473684210525,0.021164021164021163,0.7392086330935251,0.7307692307692307
r5g_a3_real_only_s50_b0p05_lr5em6,r5h_h1_from_r5f2_real_highprotect_s10_b0p02_lr1e6,risk_and_gap,"{""gap_threshold"": 3, ""risk_threshold"": 2, ""score_cap_threshold"": null, ""score_threshold"": 4}",0.5248419150858176,0.4755292660755924,-0.06775067750677506,0.38596491228070173,0.15789473684210525,0.021164021164021163,0.7392086330935251,0.7692307692307693
r5g_a3_real_only_s50_b0p05_lr5em6,r5h_h1_from_r5f2_real_highprotect_s10_b0p02_lr1e6,risk_and_gap,"{""gap_threshold"": 1, ""risk_threshold"": 3, ""score_cap_threshold"": null, ""score_threshold"": 4}",0.5934959349593496,0.47190303877462003,-0.1942186088527552,0.2631578947368421,0.15789473684210525,0.021164021164021163,0.7194244604316546,0.5384615384615384
r5g_a3_real_only_s50_b0p05_lr5em6,r5h_h1_from_r5f2_real_highprotect_s10_b0p02_lr1e6,risk_and_gap,"{""gap_threshold"": 2, ""risk_threshold"": 3, ""score_cap_threshold"": null, ""score_threshold"": 4}",0.5447154471544715,0.4787876636973418,-0.12375790424570912,0.2807017543859649,0.15789473684210525,0.021164021164021163,0.7194244604316546,0.5769230769230769
r5g_a3_real_only_s50_b0p05_lr5em6,r5h_h1_from_r5f2_real_highprotect_s10_b0p02_lr1e6,risk_and_gap,"{""gap_threshold"": 3, ""risk_threshold"": 3, ""score_cap_threshold"": null, ""score_threshold"": 4}",0.5248419150858176,0.4755292660755924,-0.06775067750677506,0.38596491228070173,0.15789473684210525,0.021164021164021163,0.7392086330935251,0.7692307692307693
r5g_a3_real_only_s50_b0p05_lr5em6,r5h_h1_from_r5f2_real_highprotect_s10_b0p02_lr1e6,gap_or_score_cap,"{""gap_threshold"": 1, ""risk_threshold"": null, ""score_cap_threshold"": 2, ""score_threshold"": 4}",0.6260162601626016,0.46433517159620274,-0.3134598012646793,0.19298245614035087,0.15789473684210525,0.021164021164021163,0.6744604316546763,0.4230769230769231
r5g_a3_real_only_s50_b0p05_lr5em6,r5h_h1_from_r5f2_real_highprotect_s10_b0p02_lr1e6,gap_or_score_cap,"{""gap_threshold"": 1, ""risk_threshold"": null, ""score_cap_threshold"": 3, ""score_threshold"": 4}",0.6260162601626016,0.46433517159620274,-0.3134598012646793,0.19298245614035087,0.15789473684210525,0.021164021164021163,0.6744604316546763,0.4230769230769231
r5g_a3_real_only_s50_b0p05_lr5em6,r5h_h1_from_r5f2_real_highprotect_s10_b0p02_lr1e6,gap_or_score_cap,"{""gap_threshold"": 2, ""risk_threshold"": null, ""score_cap_threshold"": 2, ""score_threshold"": 4}",0.5447154471544715,0.4787876636973418,-0.12375790424570912,0.2807017543859649,0.15789473684210525,0.021164021164021163,0.7194244604316546,0.5769230769230769
r5g_a3_real_only_s50_b0p05_lr5em6,r5h_h1_from_r5f2_real_highprotect_s10_b0p02_lr1e6,gap_or_score_cap,"{""gap_threshold"": 2, ""risk_threshold"": null, ""score_cap_threshold"": 3, ""score_threshold"": 4}",0.5934959349593496,0.47190303877462003,-0.1942186088527552,0.2631578947368421,0.15789473684210525,0.021164021164021163,0.7194244604316546,0.5384615384615384
r5g_a3_real_only_s50_b0p05_lr5em6,r5h_h1_from_r5f2_real_highprotect_s10_b0p02_lr1e6,gap_or_score_cap,"{""gap_threshold"": 3, ""risk_threshold"": null, ""score_cap_threshold"": 2, ""score_threshold"": 4}",0.5338753387533876,0.47243675865190493,-0.08762420957542909,0.3684210526315789,0.15789473684210525,0.021164021164021163,0.7392086330935251,0.7307692307692307
r5g_a3_real_only_s50_b0p05_lr5em6,r5h_h1_from_r5f2_real_highprotect_s10_b0p02_lr1e6,gap_or_score_cap,"{""gap_threshold"": 3, ""risk_threshold"": null, ""score_cap_threshold"": 3, ""score_threshold"": 4}",0.5934959349593496,0.4716042166286988,-0.19241192411924118,0.2631578947368421,0.15789473684210525,0.021164021164021163,0.7194244604316546,0.5384615384615384
r5g_a3_real_only_s50_b0p05_lr5em6,r5h_h1_from_r5f2_real_highprotect_s10_b0p02_lr1e6,risk_pred_le,"{""gap_threshold"": null, ""risk_threshold"": 1, ""score_cap_threshold"": null, ""score_threshold"": 5}",0.5031616982836495,0.4926123426757544,-0.03884372177055104,0.38596491228070173,0.15789473684210525,0.021164021164021163,0.7571942446043165,0.7692307692307693
r5g_a3_real_only_s50_b0p05_lr5em6,r5h_h1_from_r5f2_real_highprotect_s10_b0p02_lr1e6,risk_pred_le,"{""gap_threshold"": null, ""risk_threshold"": 2, ""score_cap_threshold"": null, ""score_threshold"": 5}",0.5194218608852755,0.4771825440613704,-0.06233062330623306,0.38596491228070173,0.15789473684210525,0.021164021164021163,0.7392086330935251,0.7692307692307693
r5g_a3_real_only_s50_b0p05_lr5em6,r5h_h1_from_r5f2_real_highprotect_s10_b0p02_lr1e6,risk_pred_le,"{""gap_threshold"": null, ""risk_threshold"": 3, ""score_cap_threshold"": null, ""score_threshold"": 5}",0.5302619692863595,0.48362510299248573,-0.0984643179765131,0.2982456140350877,0.15789473684210525,0.021164021164021163,0.7194244604316546,0.6153846153846154
r5g_a3_real_only_s50_b0p05_lr5em6,r5h_h1_from_r5f2_real_highprotect_s10_b0p02_lr1e6,gap_ge,"{""gap_threshold"": 1, ""risk_threshold"": null, ""score_cap_threshold"": null, ""score_threshold"": 5}",0.5627822944896116,0.47494836910608385,-0.21770551038843722,0.22807017543859648,0.15789473684210525,0.021164021164021163,0.6744604316546763,0.5
r5g_a3_real_only_s50_b0p05_lr5em6,r5h_h1_from_r5f2_real_highprotect_s10_b0p02_lr1e6,gap_ge,"{""gap_threshold"": 2, ""risk_threshold"": null, ""score_cap_threshold"": null, ""score_threshold"": 5}",0.5302619692863595,0.48362510299248573,-0.0984643179765131,0.2982456140350877,0.15789473684210525,0.021164021164021163,0.7194244604316546,0.6153846153846154
r5g_a3_real_only_s50_b0p05_lr5em6,r5h_h1_from_r5f2_real_highprotect_s10_b0p02_lr1e6,gap_ge,"{""gap_threshold"": 3, ""risk_threshold"": null, ""score_cap_threshold"": null, ""score_threshold"": 5}",0.5194218608852755,0.4771825440613704,-0.06233062330623306,0.38596491228070173,0.15789473684210525,0.021164021164021163,0.7392086330935251,0.7692307692307693
r5g_a3_real_only_s50_b0p05_lr5em6,r5h_h1_from_r5f2_real_highprotect_s10_b0p02_lr1e6,score_cap_le,"{""gap_threshold"": null, ""risk_threshold"": null, ""score_cap_threshold"": 2, ""score_threshold"": 5}",0.5194218608852755,0.4771825440613704,-0.06233062330623306,0.38596491228070173,0.15789473684210525,0.021164021164021163,0.7392086330935251,0.7692307692307693
r5g_a3_real_only_s50_b0p05_lr5em6,r5h_h1_from_r5f2_real_highprotect_s10_b0p02_lr1e6,score_cap_le,"{""gap_threshold"": null, ""risk_threshold"": null, ""score_cap_threshold"": 3, ""score_threshold"": 5}",0.5302619692863595,0.4833067484038137,-0.0966576332429991,0.2982456140350877,0.15789473684210525,0.021164021164021163,0.7194244604316546,0.6153846153846154
r5g_a3_real_only_s50_b0p05_lr5em6,r5h_h1_from_r5f2_real_highprotect_s10_b0p02_lr1e6,risk_or_score_cap,"{""gap_threshold"": null, ""risk_threshold"": 1, ""score_cap_threshold"": 2, ""score_threshold"": 5}",0.5194218608852755,0.4771825440613704,-0.06233062330623306,0.38596491228070173,0.15789473684210525,0.021164021164021163,0.7392086330935251,0.7692307692307693
r5g_a3_real_only_s50_b0p05_lr5em6,r5h_h1_from_r5f2_real_highprotect_s10_b0p02_lr1e6,risk_or_score_cap,"{""gap_threshold"": null, ""risk_threshold"": 1, ""score_cap_threshold"": 3, ""score_threshold"": 5}",0.5302619692863595,0.4833067484038137,-0.0966576332429991,0.2982456140350877,0.15789473684210525,0.021164021164021163,0.7194244604316546,0.6153846153846154
r5g_a3_real_only_s50_b0p05_lr5em6,r5h_h1_from_r5f2_real_highprotect_s10_b0p02_lr1e6,risk_or_score_cap,"{""gap_threshold"": null, ""risk_threshold"": 2, ""score_cap_threshold"": 2, ""score_threshold"": 5}",0.5194218608852755,0.4771825440613704,-0.06233062330623306,0.38596491228070173,0.15789473684210525,0.021164021164021163,0.7392086330935251,0.7692307692307693
r5g_a3_real_only_s50_b0p05_lr5em6,r5h_h1_from_r5f2_real_highprotect_s10_b0p02_lr1e6,risk_or_score_cap,"{""gap_threshold"": null, ""risk_threshold"": 2, ""score_cap_threshold"": 3, ""score_threshold"": 5}",0.5302619692863595,0.4833067484038137,-0.0966576332429991,0.2982456140350877,0.15789473684210525,0.021164021164021163,0.7194244604316546,0.6153846153846154
r5g_a3_real_only_s50_b0p05_lr5em6,r5h_h1_from_r5f2_real_highprotect_s10_b0p02_lr1e6,risk_or_score_cap,"{""gap_threshold"": null, ""risk_threshold"": 3, ""score_cap_threshold"": 2, ""score_threshold"": 5}",0.5302619692863595,0.48362510299248573,-0.0984643179765131,0.2982456140350877,0.15789473684210525,0.021164021164021163,0.7194244604316546,0.6153846153846154
r5g_a3_real_only_s50_b0p05_lr5em6,r5h_h1_from_r5f2_real_highprotect_s10_b0p02_lr1e6,risk_or_score_cap,"{""gap_threshold"": null, ""risk_threshold"": 3, ""score_cap_threshold"": 3, ""score_threshold"": 5}",0.5302619692863595,0.48362510299248573,-0.0984643179765131,0.2982456140350877,0.15789473684210525,0.021164021164021163,0.7194244604316546,0.6153846153846154
r5g_a3_real_only_s50_b0p05_lr5em6,r5h_h1_from_r5f2_real_highprotect_s10_b0p02_lr1e6,risk_and_gap,"{""gap_threshold"": 1, ""risk_threshold"": 1, ""score_cap_threshold"": null, ""score_threshold"": 5}",0.5031616982836495,0.4926123426757544,-0.03884372177055104,0.38596491228070173,0.15789473684210525,0.021164021164021163,0.7571942446043165,0.7692307692307693
r5g_a3_real_only_s50_b0p05_lr5em6,r5h_h1_from_r5f2_real_highprotect_s10_b0p02_lr1e6,risk_and_gap,"{""gap_threshold"": 2, ""risk_threshold"": 1, ""score_cap_threshold"": null, ""score_threshold"": 5}",0.5031616982836495,0.4926123426757544,-0.03884372177055104,0.38596491228070173,0.15789473684210525,0.021164021164021163,0.7571942446043165,0.7692307692307693
r5g_a3_real_only_s50_b0p05_lr5em6,r5h_h1_from_r5f2_real_highprotect_s10_b0p02_lr1e6,risk_and_gap,"{""gap_threshold"": 3, ""risk_threshold"": 1, ""score_cap_threshold"": null, ""score_threshold"": 5}",0.5031616982836495,0.4926123426757544,-0.03884372177055104,0.38596491228070173,0.15789473684210525,0.021164021164021163,0.7571942446043165,0.7692307692307693
r5g_a3_real_only_s50_b0p05_lr5em6,r5h_h1_from_r5f2_real_highprotect_s10_b0p02_lr1e6,risk_and_gap,"{""gap_threshold"": 1, ""risk_threshold"": 2, ""score_cap_threshold"": null, ""score_threshold"": 5}",0.5194218608852755,0.4771825440613704,-0.06233062330623306,0.38596491228070173,0.15789473684210525,0.021164021164021163,0.7392086330935251,0.7692307692307693
r5g_a3_real_only_s50_b0p05_lr5em6,r5h_h1_from_r5f2_real_highprotect_s10_b0p02_lr1e6,risk_and_gap,"{""gap_threshold"": 2, ""risk_threshold"": 2, ""score_cap_threshold"": null, ""score_threshold"": 5}",0.5194218608852755,0.4771825440613704,-0.06233062330623306,0.38596491228070173,0.15789473684210525,0.021164021164021163,0.7392086330935251,0.7692307692307693
r5g_a3_real_only_s50_b0p05_lr5em6,r5h_h1_from_r5f2_real_highprotect_s10_b0p02_lr1e6,risk_and_gap,"{""gap_threshold"": 3, ""risk_threshold"": 2, ""score_cap_threshold"": null, ""score_threshold"": 5}",0.5194218608852755,0.4771825440613704,-0.06233062330623306,0.38596491228070173,0.15789473684210525,0.021164021164021163,0.7392086330935251,0.7692307692307693
r5g_a3_real_only_s50_b0p05_lr5em6,r5h_h1_from_r5f2_real_highprotect_s10_b0p02_lr1e6,risk_and_gap,"{""gap_threshold"": 1, ""risk_threshold"": 3, ""score_cap_threshold"": null, ""score_threshold"": 5}",0.5302619692863595,0.48362510299248573,-0.0984643179765131,0.2982456140350877,0.15789473684210525,0.021164021164021163,0.7194244604316546,0.6153846153846154
r5g_a3_real_only_s50_b0p05_lr5em6,r5h_h1_from_r5f2_real_highprotect_s10_b0p02_lr1e6,risk_and_gap,"{""gap_threshold"": 2, ""risk_threshold"": 3, ""score_cap_threshold"": null, ""score_threshold"": 5}",0.5302619692863595,0.48362510299248573,-0.0984643179765131,0.2982456140350877,0.15789473684210525,0.021164021164021163,0.7194244604316546,0.6153846153846154
r5g_a3_real_only_s50_b0p05_lr5em6,r5h_h1_from_r5f2_real_highprotect_s10_b0p02_lr1e6,risk_and_gap,"{""gap_threshold"": 3, ""risk_threshold"": 3, ""score_cap_threshold"": null, ""score_threshold"": 5}",0.5194218608852755,0.4771825440613704,-0.06233062330623306,0.38596491228070173,0.15789473684210525,0.021164021164021163,0.7392086330935251,0.7692307692307693
r5g_a3_real_only_s50_b0p05_lr5em6,r5h_h1_from_r5f2_real_highprotect_s10_b0p02_lr1e6,gap_or_score_cap,"{""gap_threshold"": 1, ""risk_threshold"": null, ""score_cap_threshold"": 2, ""score_threshold"": 5}",0.5627822944896116,0.47494836910608385,-0.21770551038843722,0.22807017543859648,0.15789473684210525,0.021164021164021163,0.6744604316546763,0.5
r5g_a3_real_only_s50_b0p05_lr5em6,r5h_h1_from_r5f2_real_highprotect_s10_b0p02_lr1e6,gap_or_score_cap,"{""gap_threshold"": 1, ""risk_threshold"": null, ""score_cap_threshold"": 3, ""score_threshold"": 5}",0.5627822944896116,0.47494836910608385,-0.21770551038843722,0.22807017543859648,0.15789473684210525,0.021164021164021163,0.6744604316546763,0.5
r5g_a3_real_only_s50_b0p05_lr5em6,r5h_h1_from_r5f2_real_highprotect_s10_b0p02_lr1e6,gap_or_score_cap,"{""gap_threshold"": 2, ""risk_threshold"": null, ""score_cap_threshold"": 2, ""score_threshold"": 5}",0.5302619692863595,0.48362510299248573,-0.0984643179765131,0.2982456140350877,0.15789473684210525,0.021164021164021163,0.7194244604316546,0.6153846153846154
r5g_a3_real_only_s50_b0p05_lr5em6,r5h_h1_from_r5f2_real_highprotect_s10_b0p02_lr1e6,gap_or_score_cap,"{""gap_threshold"": 2, ""risk_threshold"": null, ""score_cap_threshold"": 3, ""score_threshold"": 5}",0.5302619692863595,0.48362510299248573,-0.0984643179765131,0.2982456140350877,0.15789473684210525,0.021164021164021163,0.7194244604316546,0.6153846153846154
r5g_a3_real_only_s50_b0p05_lr5em6,r5h_h1_from_r5f2_real_highprotect_s10_b0p02_lr1e6,gap_or_score_cap,"{""gap_threshold"": 3, ""risk_threshold"": null, ""score_cap_threshold"": 2, ""score_threshold"": 5}",0.5194218608852755,0.4771825440613704,-0.06233062330623306,0.38596491228070173,0.15789473684210525,0.021164021164021163,0.7392086330935251,0.7692307692307693
r5g_a3_real_only_s50_b0p05_lr5em6,r5h_h1_from_r5f2_real_highprotect_s10_b0p02_lr1e6,gap_or_score_cap,"{""gap_threshold"": 3, ""risk_threshold"": null, ""score_cap_threshold"": 3, ""score_threshold"": 5}",0.5302619692863595,0.4833067484038137,-0.0966576332429991,0.2982456140350877,0.15789473684210525,0.021164021164021163,0.7194244604316546,0.6153846153846154
r5g_a3_real_only_s50_b0p05_lr5em6,r5h_h2_from_r5f2_real_highprotect_s20_b0p02_lr1e6,risk_pred_le,"{""gap_threshold"": null, ""risk_threshold"": 1, ""score_cap_threshold"": null, ""score_threshold"": 4}",0.5085817524841915,0.49054748260184544,-0.04245709123757904,0.38596491228070173,0.15789473684210525,0.021164021164021163,0.7571942446043165,0.7692307692307693
r5g_a3_real_only_s50_b0p05_lr5em6,r5h_h2_from_r5f2_real_highprotect_s20_b0p02_lr1e6,risk_pred_le,"{""gap_threshold"": null, ""risk_threshold"": 2, ""score_cap_threshold"": null, ""score_threshold"": 4}",0.5311653116531165,0.4731262818127536,-0.08130081300813008,0.3684210526315789,0.15789473684210525,0.021164021164021163,0.7410071942446043,0.7307692307692307
r5g_a3_real_only_s50_b0p05_lr5em6,r5h_h2_from_r5f2_real_highprotect_s20_b0p02_lr1e6,risk_pred_le,"{""gap_threshold"": null, ""risk_threshold"": 3, ""score_cap_threshold"": null, ""score_threshold"": 4}",0.5844625112917796,0.4697095435684647,-0.17615176151761516,0.2807017543859649,0.15789473684210525,0.021164021164021163,0.7230215827338129,0.5769230769230769
r5g_a3_real_only_s50_b0p05_lr5em6,r5h_h2_from_r5f2_real_highprotect_s20_b0p02_lr1e6,gap_ge,"{""gap_threshold"": 1, ""risk_threshold"": null, ""score_cap_threshold"": null, ""score_threshold"": 4}",0.6151761517615176,0.4625739465589832,-0.2863595302619693,0.21052631578947367,0.15789473684210525,0.021164021164021163,0.6798561151079137,0.46153846153846156
r5g_a3_real_only_s50_b0p05_lr5em6,r5h_h2_from_r5f2_real_highprotect_s20_b0p02_lr1e6,gap_ge,"{""gap_threshold"": 2, ""risk_threshold"": null, ""score_cap_threshold"": null, ""score_threshold"": 4}",0.5420054200542005,0.47675702510463824,-0.11382113821138211,0.2982456140350877,0.15789473684210525,0.021164021164021163,0.7230215827338129,0.6153846153846154
r5g_a3_real_only_s50_b0p05_lr5em6,r5h_h2_from_r5f2_real_highprotect_s20_b0p02_lr1e6,gap_ge,"{""gap_threshold"": 3, ""risk_threshold"": null, ""score_cap_threshold"": null, ""score_threshold"": 4}",0.5230352303523035,0.4770406630368672,-0.06413730803974707,0.38596491228070173,0.15789473684210525,0.021164021164021163,0.7410071942446043,0.7692307692307693
r5g_a3_real_only_s50_b0p05_lr5em6,r5h_h2_from_r5f2_real_highprotect_s20_b0p02_lr1e6,score_cap_le,"{""gap_threshold"": null, ""risk_threshold"": null, ""score_cap_threshold"": 2, ""score_threshold"": 4}",0.5311653116531165,0.4731262818127536,-0.08130081300813008,0.3684210526315789,0.15789473684210525,0.021164021164021163,0.7410071942446043,0.7307692307692307
r5g_a3_real_only_s50_b0p05_lr5em6,r5h_h2_from_r5f2_real_highprotect_s20_b0p02_lr1e6,score_cap_le,"{""gap_threshold"": null, ""risk_threshold"": null, ""score_cap_threshold"": 3, ""score_threshold"": 4}",0.5835591689250226,0.4697917876444644,-0.17524841915085818,0.2807017543859649,0.15789473684210525,0.021164021164021163,0.7230215827338129,0.5769230769230769
r5g_a3_real_only_s50_b0p05_lr5em6,r5h_h2_from_r5f2_real_highprotect_s20_b0p02_lr1e6,risk_or_score_cap,"{""gap_threshold"": null, ""risk_threshold"": 1, ""score_cap_threshold"": 2, ""score_threshold"": 4}",0.5311653116531165,0.4731262818127536,-0.08130081300813008,0.3684210526315789,0.15789473684210525,0.021164021164021163,0.7410071942446043,0.7307692307692307
r5g_a3_real_only_s50_b0p05_lr5em6,r5h_h2_from_r5f2_real_highprotect_s20_b0p02_lr1e6,risk_or_score_cap,"{""gap_threshold"": null, ""risk_threshold"": 1, ""score_cap_threshold"": 3, ""score_threshold"": 4}",0.5835591689250226,0.4697917876444644,-0.17524841915085818,0.2807017543859649,0.15789473684210525,0.021164021164021163,0.7230215827338129,0.5769230769230769
r5g_a3_real_only_s50_b0p05_lr5em6,r5h_h2_from_r5f2_real_highprotect_s20_b0p02_lr1e6,risk_or_score_cap,"{""gap_threshold"": null, ""risk_threshold"": 2, ""score_cap_threshold"": 2, ""score_threshold"": 4}",0.5311653116531165,0.4731262818127536,-0.08130081300813008,0.3684210526315789,0.15789473684210525,0.021164021164021163,0.7410071942446043,0.7307692307692307
r5g_a3_real_only_s50_b0p05_lr5em6,r5h_h2_from_r5f2_real_highprotect_s20_b0p02_lr1e6,risk_or_score_cap,"{""gap_threshold"": null, ""risk_threshold"": 2, ""score_cap_threshold"": 3, ""score_threshold"": 4}",0.5835591689250226,0.4697917876444644,-0.17524841915085818,0.2807017543859649,0.15789473684210525,0.021164021164021163,0.7230215827338129,0.5769230769230769
r5g_a3_real_only_s50_b0p05_lr5em6,r5h_h2_from_r5f2_real_highprotect_s20_b0p02_lr1e6,risk_or_score_cap,"{""gap_threshold"": null, ""risk_threshold"": 3, ""score_cap_threshold"": 2, ""score_threshold"": 4}",0.5844625112917796,0.4697095435684647,-0.17615176151761516,0.2807017543859649,0.15789473684210525,0.021164021164021163,0.7230215827338129,0.5769230769230769
r5g_a3_real_only_s50_b0p05_lr5em6,r5h_h2_from_r5f2_real_highprotect_s20_b0p02_lr1e6,risk_or_score_cap,"{""gap_threshold"": null, ""risk_threshold"": 3, ""score_cap_threshold"": 3, ""score_threshold"": 4}",0.5844625112917796,0.4697095435684647,-0.17615176151761516,0.2807017543859649,0.15789473684210525,0.021164021164021163,0.7230215827338129,0.5769230769230769
r5g_a3_real_only_s50_b0p05_lr5em6,r5h_h2_from_r5f2_real_highprotect_s20_b0p02_lr1e6,risk_and_gap,"{""gap_threshold"": 1, ""risk_threshold"": 1, ""score_cap_threshold"": null, ""score_threshold"": 4}",0.5085817524841915,0.49054748260184544,-0.04245709123757904,0.38596491228070173,0.15789473684210525,0.021164021164021163,0.7571942446043165,0.7692307692307693
r5g_a3_real_only_s50_b0p05_lr5em6,r5h_h2_from_r5f2_real_highprotect_s20_b0p02_lr1e6,risk_and_gap,"{""gap_threshold"": 2, ""risk_threshold"": 1, ""score_cap_threshold"": null, ""score_threshold"": 4}",0.5085817524841915,0.49054748260184544,-0.04245709123757904,0.38596491228070173,0.15789473684210525,0.021164021164021163,0.7571942446043165,0.7692307692307693
r5g_a3_real_only_s50_b0p05_lr5em6,r5h_h2_from_r5f2_real_highprotect_s20_b0p02_lr1e6,risk_and_gap,"{""gap_threshold"": 3, ""risk_threshold"": 1, ""score_cap_threshold"": null, ""score_threshold"": 4}",0.5085817524841915,0.49054748260184544,-0.04245709123757904,0.38596491228070173,0.15789473684210525,0.021164021164021163,0.7571942446043165,0.7692307692307693
r5g_a3_real_only_s50_b0p05_lr5em6,r5h_h2_from_r5f2_real_highprotect_s20_b0p02_lr1e6,risk_and_gap,"{""gap_threshold"": 1, ""risk_threshold"": 2, ""score_cap_threshold"": null, ""score_threshold"": 4}",0.5311653116531165,0.4731262818127536,-0.08130081300813008,0.3684210526315789,0.15789473684210525,0.021164021164021163,0.7410071942446043,0.7307692307692307
r5g_a3_real_only_s50_b0p05_lr5em6,r5h_h2_from_r5f2_real_highprotect_s20_b0p02_lr1e6,risk_and_gap,"{""gap_threshold"": 2, ""risk_threshold"": 2, ""score_cap_threshold"": null, ""score_threshold"": 4}",0.5311653116531165,0.4731262818127536,-0.08130081300813008,0.3684210526315789,0.15789473684210525,0.021164021164021163,0.7410071942446043,0.7307692307692307
r5g_a3_real_only_s50_b0p05_lr5em6,r5h_h2_from_r5f2_real_highprotect_s20_b0p02_lr1e6,risk_and_gap,"{""gap_threshold"": 3, ""risk_threshold"": 2, ""score_cap_threshold"": null, ""score_threshold"": 4}",0.5230352303523035,0.4770406630368672,-0.06413730803974707,0.38596491228070173,0.15789473684210525,0.021164021164021163,0.7410071942446043,0.7692307692307693
r5g_a3_real_only_s50_b0p05_lr5em6,r5h_h2_from_r5f2_real_highprotect_s20_b0p02_lr1e6,risk_and_gap,"{""gap_threshold"": 1, ""risk_threshold"": 3, ""score_cap_threshold"": null, ""score_threshold"": 4}",0.5844625112917796,0.4697095435684647,-0.17615176151761516,0.2807017543859649,0.15789473684210525,0.021164021164021163,0.7230215827338129,0.5769230769230769
r5g_a3_real_only_s50_b0p05_lr5em6,r5h_h2_from_r5f2_real_highprotect_s20_b0p02_lr1e6,risk_and_gap,"{""gap_threshold"": 2, ""risk_threshold"": 3, ""score_cap_threshold"": null, ""score_threshold"": 4}",0.5420054200542005,0.47675702510463824,-0.11382113821138211,0.2982456140350877,0.15789473684210525,0.021164021164021163,0.7230215827338129,0.6153846153846154
r5g_a3_real_only_s50_b0p05_lr5em6,r5h_h2_from_r5f2_real_highprotect_s20_b0p02_lr1e6,risk_and_gap,"{""gap_threshold"": 3, ""risk_threshold"": 3, ""score_cap_threshold"": null, ""score_threshold"": 4}",0.5230352303523035,0.4770406630368672,-0.06413730803974707,0.38596491228070173,0.15789473684210525,0.021164021164021163,0.7410071942446043,0.7692307692307693
r5g_a3_real_only_s50_b0p05_lr5em6,r5h_h2_from_r5f2_real_highprotect_s20_b0p02_lr1e6,gap_or_score_cap,"{""gap_threshold"": 1, ""risk_threshold"": null, ""score_cap_threshold"": 2, ""score_threshold"": 4}",0.6151761517615176,0.4625739465589832,-0.2863595302619693,0.21052631578947367,0.15789473684210525,0.021164021164021163,0.6798561151079137,0.46153846153846156
r5g_a3_real_only_s50_b0p05_lr5em6,r5h_h2_from_r5f2_real_highprotect_s20_b0p02_lr1e6,gap_or_score_cap,"{""gap_threshold"": 1, ""risk_threshold"": null, ""score_cap_threshold"": 3, ""score_threshold"": 4}",0.6151761517615176,0.4625739465589832,-0.2863595302619693,0.21052631578947367,0.15789473684210525,0.021164021164021163,0.6798561151079137,0.46153846153846156
r5g_a3_real_only_s50_b0p05_lr5em6,r5h_h2_from_r5f2_real_highprotect_s20_b0p02_lr1e6,gap_or_score_cap,"{""gap_threshold"": 2, ""risk_threshold"": null, ""score_cap_threshold"": 2, ""score_threshold"": 4}",0.5420054200542005,0.47675702510463824,-0.11382113821138211,0.2982456140350877,0.15789473684210525,0.021164021164021163,0.7230215827338129,0.6153846153846154
r5g_a3_real_only_s50_b0p05_lr5em6,r5h_h2_from_r5f2_real_highprotect_s20_b0p02_lr1e6,gap_or_score_cap,"{""gap_threshold"": 2, ""risk_threshold"": null, ""score_cap_threshold"": 3, ""score_threshold"": 4}",0.5835591689250226,0.4697917876444644,-0.17524841915085818,0.2807017543859649,0.15789473684210525,0.021164021164021163,0.7230215827338129,0.5769230769230769
r5g_a3_real_only_s50_b0p05_lr5em6,r5h_h2_from_r5f2_real_highprotect_s20_b0p02_lr1e6,gap_or_score_cap,"{""gap_threshold"": 3, ""risk_threshold"": null, ""score_cap_threshold"": 2, ""score_threshold"": 4}",0.5311653116531165,0.4731262818127536,-0.08130081300813008,0.3684210526315789,0.15789473684210525,0.021164021164021163,0.7410071942446043,0.7307692307692307
r5g_a3_real_only_s50_b0p05_lr5em6,r5h_h2_from_r5f2_real_highprotect_s20_b0p02_lr1e6,gap_or_score_cap,"{""gap_threshold"": 3, ""risk_threshold"": null, ""score_cap_threshold"": 3, ""score_threshold"": 4}",0.5835591689250226,0.4697917876444644,-0.17524841915085818,0.2807017543859649,0.15789473684210525,0.021164021164021163,0.7230215827338129,0.5769230769230769
r5g_a3_real_only_s50_b0p05_lr5em6,r5h_h2_from_r5f2_real_highprotect_s20_b0p02_lr1e6,risk_pred_le,"{""gap_threshold"": null, ""risk_threshold"": 1, ""score_cap_threshold"": null, ""score_threshold"": 5}",0.5031616982836495,0.49229303248577716,-0.037037037037037035,0.38596491228070173,0.15789473684210525,0.021164021164021163,0.7571942446043165,0.7692307692307693
r5g_a3_real_only_s50_b0p05_lr5em6,r5h_h2_from_r5f2_real_highprotect_s20_b0p02_lr1e6,risk_pred_le,"{""gap_threshold"": null, ""risk_threshold"": 2, ""score_cap_threshold"": null, ""score_threshold"": 5}",0.5176151761517616,0.47870376781192314,-0.05871725383920506,0.38596491228070173,0.15789473684210525,0.021164021164021163,0.7410071942446043,0.7692307692307693
r5g_a3_real_only_s50_b0p05_lr5em6,r5h_h2_from_r5f2_real_highprotect_s20_b0p02_lr1e6,risk_pred_le,"{""gap_threshold"": null, ""risk_threshold"": 3, ""score_cap_threshold"": null, ""score_threshold"": 5}",0.5284552845528455,0.48234932501627914,-0.09123757904245709,0.3157894736842105,0.15789473684210525,0.021164021164021163,0.7230215827338129,0.6538461538461539
r5g_a3_real_only_s50_b0p05_lr5em6,r5h_h2_from_r5f2_real_highprotect_s20_b0p02_lr1e6,gap_ge,"{""gap_threshold"": 1, ""risk_threshold"": null, ""score_cap_threshold"": null, ""score_threshold"": 5}",0.5591689250225835,0.47420770013687574,-0.2014453477868112,0.24561403508771928,0.15789473684210525,0.021164021164021163,0.6798561151079137,0.5384615384615384
r5g_a3_real_only_s50_b0p05_lr5em6,r5h_h2_from_r5f2_real_highprotect_s20_b0p02_lr1e6,gap_ge,"{""gap_threshold"": 2, ""risk_threshold"": null, ""score_cap_threshold"": null, ""score_threshold"": 5}",0.5284552845528455,0.48234932501627914,-0.09123757904245709,0.3157894736842105,0.15789473684210525,0.021164021164021163,0.7230215827338129,0.6538461538461539
r5g_a3_real_only_s50_b0p05_lr5em6,r5h_h2_from_r5f2_real_highprotect_s20_b0p02_lr1e6,gap_ge,"{""gap_threshold"": 3, ""risk_threshold"": null, ""score_cap_threshold"": null, ""score_threshold"": 5}",0.5176151761517616,0.47870376781192314,-0.05871725383920506,0.38596491228070173,0.15789473684210525,0.021164021164021163,0.7410071942446043,0.7692307692307693
r5g_a3_real_only_s50_b0p05_lr5em6,r5h_h2_from_r5f2_real_highprotect_s20_b0p02_lr1e6,score_cap_le,"{""gap_threshold"": null, ""risk_threshold"": null, ""score_cap_threshold"": 2, ""score_threshold"": 5}",0.5176151761517616,0.47870376781192314,-0.05871725383920506,0.38596491228070173,0.15789473684210525,0.021164021164021163,0.7410071942446043,0.7692307692307693
r5g_a3_real_only_s50_b0p05_lr5em6,r5h_h2_from_r5f2_real_highprotect_s20_b0p02_lr1e6,score_cap_le,"{""gap_threshold"": null, ""risk_threshold"": null, ""score_cap_threshold"": 3, ""score_threshold"": 5}",0.5284552845528455,0.48234932501627914,-0.09123757904245709,0.3157894736842105,0.15789473684210525,0.021164021164021163,0.7230215827338129,0.6538461538461539
r5g_a3_real_only_s50_b0p05_lr5em6,r5h_h2_from_r5f2_real_highprotect_s20_b0p02_lr1e6,risk_or_score_cap,"{""gap_threshold"": null, ""risk_threshold"": 1, ""score_cap_threshold"": 2, ""score_threshold"": 5}",0.5176151761517616,0.47870376781192314,-0.05871725383920506,0.38596491228070173,0.15789473684210525,0.021164021164021163,0.7410071942446043,0.7692307692307693
r5g_a3_real_only_s50_b0p05_lr5em6,r5h_h2_from_r5f2_real_highprotect_s20_b0p02_lr1e6,risk_or_score_cap,"{""gap_threshold"": null, ""risk_threshold"": 1, ""score_cap_threshold"": 3, ""score_threshold"": 5}",0.5284552845528455,0.48234932501627914,-0.09123757904245709,0.3157894736842105,0.15789473684210525,0.021164021164021163,0.7230215827338129,0.6538461538461539
r5g_a3_real_only_s50_b0p05_lr5em6,r5h_h2_from_r5f2_real_highprotect_s20_b0p02_lr1e6,risk_or_score_cap,"{""gap_threshold"": null, ""risk_threshold"": 2, ""score_cap_threshold"": 2, ""score_threshold"": 5}",0.5176151761517616,0.47870376781192314,-0.05871725383920506,0.38596491228070173,0.15789473684210525,0.021164021164021163,0.7410071942446043,0.7692307692307693
r5g_a3_real_only_s50_b0p05_lr5em6,r5h_h2_from_r5f2_real_highprotect_s20_b0p02_lr1e6,risk_or_score_cap,"{""gap_threshold"": null, ""risk_threshold"": 2, ""score_cap_threshold"": 3, ""score_threshold"": 5}",0.5284552845528455,0.48234932501627914,-0.09123757904245709,0.3157894736842105,0.15789473684210525,0.021164021164021163,0.7230215827338129,0.6538461538461539
r5g_a3_real_only_s50_b0p05_lr5em6,r5h_h2_from_r5f2_real_highprotect_s20_b0p02_lr1e6,risk_or_score_cap,"{""gap_threshold"": null, ""risk_threshold"": 3, ""score_cap_threshold"": 2, ""score_threshold"": 5}",0.5284552845528455,0.48234932501627914,-0.09123757904245709,0.3157894736842105,0.15789473684210525,0.021164021164021163,0.7230215827338129,0.6538461538461539
r5g_a3_real_only_s50_b0p05_lr5em6,r5h_h2_from_r5f2_real_highprotect_s20_b0p02_lr1e6,risk_or_score_cap,"{""gap_threshold"": null, ""risk_threshold"": 3, ""score_cap_threshold"": 3, ""score_threshold"": 5}",0.5284552845528455,0.48234932501627914,-0.09123757904245709,0.3157894736842105,0.15789473684210525,0.021164021164021163,0.7230215827338129,0.6538461538461539
r5g_a3_real_only_s50_b0p05_lr5em6,r5h_h2_from_r5f2_real_highprotect_s20_b0p02_lr1e6,risk_and_gap,"{""gap_threshold"": 1, ""risk_threshold"": 1, ""score_cap_threshold"": null, ""score_threshold"": 5}",0.5031616982836495,0.49229303248577716,-0.037037037037037035,0.38596491228070173,0.15789473684210525,0.021164021164021163,0.7571942446043165,0.7692307692307693
r5g_a3_real_only_s50_b0p05_lr5em6,r5h_h2_from_r5f2_real_highprotect_s20_b0p02_lr1e6,risk_and_gap,"{""gap_threshold"": 2, ""risk_threshold"": 1, ""score_cap_threshold"": null, ""score_threshold"": 5}",0.5031616982836495,0.49229303248577716,-0.037037037037037035,0.38596491228070173,0.15789473684210525,0.021164021164021163,0.7571942446043165,0.7692307692307693
r5g_a3_real_only_s50_b0p05_lr5em6,r5h_h2_from_r5f2_real_highprotect_s20_b0p02_lr1e6,risk_and_gap,"{""gap_threshold"": 3, ""risk_threshold"": 1, ""score_cap_threshold"": null, ""score_threshold"": 5}",0.5031616982836495,0.49229303248577716,-0.037037037037037035,0.38596491228070173,0.15789473684210525,0.021164021164021163,0.7571942446043165,0.7692307692307693
r5g_a3_real_only_s50_b0p05_lr5em6,r5h_h2_from_r5f2_real_highprotect_s20_b0p02_lr1e6,risk_and_gap,"{""gap_threshold"": 1, ""risk_threshold"": 2, ""score_cap_threshold"": null, ""score_threshold"": 5}",0.5176151761517616,0.47870376781192314,-0.05871725383920506,0.38596491228070173,0.15789473684210525,0.021164021164021163,0.7410071942446043,0.7692307692307693
r5g_a3_real_only_s50_b0p05_lr5em6,r5h_h2_from_r5f2_real_highprotect_s20_b0p02_lr1e6,risk_and_gap,"{""gap_threshold"": 2, ""risk_threshold"": 2, ""score_cap_threshold"": null, ""score_threshold"": 5}",0.5176151761517616,0.47870376781192314,-0.05871725383920506,0.38596491228070173,0.15789473684210525,0.021164021164021163,0.7410071942446043,0.7692307692307693
r5g_a3_real_only_s50_b0p05_lr5em6,r5h_h2_from_r5f2_real_highprotect_s20_b0p02_lr1e6,risk_and_gap,"{""gap_threshold"": 3, ""risk_threshold"": 2, ""score_cap_threshold"": null, ""score_threshold"": 5}",0.5176151761517616,0.47870376781192314,-0.05871725383920506,0.38596491228070173,0.15789473684210525,0.021164021164021163,0.7410071942446043,0.7692307692307693
r5g_a3_real_only_s50_b0p05_lr5em6,r5h_h2_from_r5f2_real_highprotect_s20_b0p02_lr1e6,risk_and_gap,"{""gap_threshold"": 1, ""risk_threshold"": 3, ""score_cap_threshold"": null, ""score_threshold"": 5}",0.5284552845528455,0.48234932501627914,-0.09123757904245709,0.3157894736842105,0.15789473684210525,0.021164021164021163,0.7230215827338129,0.6538461538461539
r5g_a3_real_only_s50_b0p05_lr5em6,r5h_h2_from_r5f2_real_highprotect_s20_b0p02_lr1e6,risk_and_gap,"{""gap_threshold"": 2, ""risk_threshold"": 3, ""score_cap_threshold"": null, ""score_threshold"": 5}",0.5284552845528455,0.48234932501627914,-0.09123757904245709,0.3157894736842105,0.15789473684210525,0.021164021164021163,0.7230215827338129,0.6538461538461539
r5g_a3_real_only_s50_b0p05_lr5em6,r5h_h2_from_r5f2_real_highprotect_s20_b0p02_lr1e6,risk_and_gap,"{""gap_threshold"": 3, ""risk_threshold"": 3, ""score_cap_threshold"": null, ""score_threshold"": 5}",0.5176151761517616,0.47870376781192314,-0.05871725383920506,0.38596491228070173,0.15789473684210525,0.021164021164021163,0.7410071942446043,0.7692307692307693
r5g_a3_real_only_s50_b0p05_lr5em6,r5h_h2_from_r5f2_real_highprotect_s20_b0p02_lr1e6,gap_or_score_cap,"{""gap_threshold"": 1, ""risk_threshold"": null, ""score_cap_threshold"": 2, ""score_threshold"": 5}",0.5591689250225835,0.47420770013687574,-0.2014453477868112,0.24561403508771928,0.15789473684210525,0.021164021164021163,0.6798561151079137,0.5384615384615384
r5g_a3_real_only_s50_b0p05_lr5em6,r5h_h2_from_r5f2_real_highprotect_s20_b0p02_lr1e6,gap_or_score_cap,"{""gap_threshold"": 1, ""risk_threshold"": null, ""score_cap_threshold"": 3, ""score_threshold"": 5}",0.5591689250225835,0.47420770013687574,-0.2014453477868112,0.24561403508771928,0.15789473684210525,0.021164021164021163,0.6798561151079137,0.5384615384615384
r5g_a3_real_only_s50_b0p05_lr5em6,r5h_h2_from_r5f2_real_highprotect_s20_b0p02_lr1e6,gap_or_score_cap,"{""gap_threshold"": 2, ""risk_threshold"": null, ""score_cap_threshold"": 2, ""score_threshold"": 5}",0.5284552845528455,0.48234932501627914,-0.09123757904245709,0.3157894736842105,0.15789473684210525,0.021164021164021163,0.7230215827338129,0.6538461538461539
r5g_a3_real_only_s50_b0p05_lr5em6,r5h_h2_from_r5f2_real_highprotect_s20_b0p02_lr1e6,gap_or_score_cap,"{""gap_threshold"": 2, ""risk_threshold"": null, ""score_cap_threshold"": 3, ""score_threshold"": 5}",0.5284552845528455,0.48234932501627914,-0.09123757904245709,0.3157894736842105,0.15789473684210525,0.021164021164021163,0.7230215827338129,0.6538461538461539
r5g_a3_real_only_s50_b0p05_lr5em6,r5h_h2_from_r5f2_real_highprotect_s20_b0p02_lr1e6,gap_or_score_cap,"{""gap_threshold"": 3, ""risk_threshold"": null, ""score_cap_threshold"": 2, ""score_threshold"": 5}",0.5176151761517616,0.47870376781192314,-0.05871725383920506,0.38596491228070173,0.15789473684210525,0.021164021164021163,0.7410071942446043,0.7692307692307693
r5g_a3_real_only_s50_b0p05_lr5em6,r5h_h2_from_r5f2_real_highprotect_s20_b0p02_lr1e6,gap_or_score_cap,"{""gap_threshold"": 3, ""risk_threshold"": null, ""score_cap_threshold"": 3, ""score_threshold"": 5}",0.5284552845528455,0.48234932501627914,-0.09123757904245709,0.3157894736842105,0.15789473684210525,0.021164021164021163,0.7230215827338129,0.6538461538461539
r5h_h6_from_r5g_a3_highprotect_s30_b0p02_lr1e6,r5f2_real_only_from_r2c,risk_pred_le,"{""gap_threshold"": null, ""risk_threshold"": 1, ""score_cap_threshold"": null, ""score_threshold"": 4}",0.4905149051490515,0.49452751090901026,-0.00993676603432701,0.42105263157894735,0.13157894736842105,0.015873015873015872,0.7643884892086331,0.8076923076923077
r5h_h6_from_r5g_a3_highprotect_s30_b0p02_lr1e6,r5f2_real_only_from_r2c,risk_pred_le,"{""gap_threshold"": null, ""risk_threshold"": 2, ""score_cap_threshold"": null, ""score_threshold"": 4}",0.5176151761517616,0.4803117072368859,-0.06233062330623306,0.3684210526315789,0.13157894736842105,0.015873015873015872,0.7446043165467626,0.7307692307692307
r5h_h6_from_r5g_a3_highprotect_s30_b0p02_lr1e6,r5f2_real_only_from_r2c,risk_pred_le,"{""gap_threshold"": null, ""risk_threshold"": 3, ""score_cap_threshold"": null, ""score_threshold"": 4}",0.6043360433604336,0.4689837231312525,-0.2014453477868112,0.2631578947368421,0.13157894736842105,0.015873015873015872,0.7176258992805755,0.5384615384615384
r5h_h6_from_r5g_a3_highprotect_s30_b0p02_lr1e6,r5f2_real_only_from_r2c,gap_ge,"{""gap_threshold"": 1, ""risk_threshold"": null, ""score_cap_threshold"": null, ""score_threshold"": 4}",0.6476964769647696,0.45276196663888923,-0.3369467028003613,0.19298245614035087,0.13157894736842105,0.015873015873015872,0.6618705035971223,0.4230769230769231
r5h_h6_from_r5g_a3_highprotect_s30_b0p02_lr1e6,r5f2_real_only_from_r2c,gap_ge,"{""gap_threshold"": 2, ""risk_threshold"": null, ""score_cap_threshold"": null, ""score_threshold"": 4}",0.5356820234869015,0.47941350257139725,-0.10569105691056911,0.2807017543859649,0.13157894736842105,0.015873015873015872,0.7176258992805755,0.5769230769230769
r5h_h6_from_r5g_a3_highprotect_s30_b0p02_lr1e6,r5f2_real_only_from_r2c,gap_ge,"{""gap_threshold"": 3, ""risk_threshold"": null, ""score_cap_threshold"": null, ""score_threshold"": 4}",0.5067750677506775,0.48183499635685,-0.03884372177055104,0.40350877192982454,0.13157894736842105,0.015873015873015872,0.7446043165467626,0.7692307692307693
r5h_h6_from_r5g_a3_highprotect_s30_b0p02_lr1e6,r5f2_real_only_from_r2c,score_cap_le,"{""gap_threshold"": null, ""risk_threshold"": null, ""score_cap_threshold"": 2, ""score_threshold"": 4}",0.5176151761517616,0.4803117072368859,-0.06233062330623306,0.3684210526315789,0.13157894736842105,0.015873015873015872,0.7446043165467626,0.7307692307692307
r5h_h6_from_r5g_a3_highprotect_s30_b0p02_lr1e6,r5f2_real_only_from_r2c,score_cap_le,"{""gap_threshold"": null, ""risk_threshold"": null, ""score_cap_threshold"": 3, ""score_threshold"": 4}",0.6025293586269196,0.4688439480833082,-0.1978319783197832,0.2631578947368421,0.13157894736842105,0.015873015873015872,0.7176258992805755,0.5384615384615384
r5h_h6_from_r5g_a3_highprotect_s30_b0p02_lr1e6,r5f2_real_only_from_r2c,risk_or_score_cap,"{""gap_threshold"": null, ""risk_threshold"": 1, ""score_cap_threshold"": 2, ""score_threshold"": 4}",0.5176151761517616,0.4803117072368859,-0.06233062330623306,0.3684210526315789,0.13157894736842105,0.015873015873015872,0.7446043165467626,0.7307692307692307
r5h_h6_from_r5g_a3_highprotect_s30_b0p02_lr1e6,r5f2_real_only_from_r2c,risk_or_score_cap,"{""gap_threshold"": null, ""risk_threshold"": 1, ""score_cap_threshold"": 3, ""score_threshold"": 4}",0.6025293586269196,0.4688439480833082,-0.1978319783197832,0.2631578947368421,0.13157894736842105,0.015873015873015872,0.7176258992805755,0.5384615384615384
r5h_h6_from_r5g_a3_highprotect_s30_b0p02_lr1e6,r5f2_real_only_from_r2c,risk_or_score_cap,"{""gap_threshold"": null, ""risk_threshold"": 2, ""score_cap_threshold"": 2, ""score_threshold"": 4}",0.5176151761517616,0.4803117072368859,-0.06233062330623306,0.3684210526315789,0.13157894736842105,0.015873015873015872,0.7446043165467626,0.7307692307692307
r5h_h6_from_r5g_a3_highprotect_s30_b0p02_lr1e6,r5f2_real_only_from_r2c,risk_or_score_cap,"{""gap_threshold"": null, ""risk_threshold"": 2, ""score_cap_threshold"": 3, ""score_threshold"": 4}",0.6025293586269196,0.4688439480833082,-0.1978319783197832,0.2631578947368421,0.13157894736842105,0.015873015873015872,0.7176258992805755,0.5384615384615384
r5h_h6_from_r5g_a3_highprotect_s30_b0p02_lr1e6,r5f2_real_only_from_r2c,risk_or_score_cap,"{""gap_threshold"": null, ""risk_threshold"": 3, ""score_cap_threshold"": 2, ""score_threshold"": 4}",0.6043360433604336,0.4689837231312525,-0.2014453477868112,0.2631578947368421,0.13157894736842105,0.015873015873015872,0.7176258992805755,0.5384615384615384
r5h_h6_from_r5g_a3_highprotect_s30_b0p02_lr1e6,r5f2_real_only_from_r2c,risk_or_score_cap,"{""gap_threshold"": null, ""risk_threshold"": 3, ""score_cap_threshold"": 3, ""score_threshold"": 4}",0.6043360433604336,0.4689837231312525,-0.2014453477868112,0.2631578947368421,0.13157894736842105,0.015873015873015872,0.7176258992805755,0.5384615384615384
r5h_h6_from_r5g_a3_highprotect_s30_b0p02_lr1e6,r5f2_real_only_from_r2c,risk_and_gap,"{""gap_threshold"": 1, ""risk_threshold"": 1, ""score_cap_threshold"": null, ""score_threshold"": 4}",0.4905149051490515,0.49452751090901026,-0.00993676603432701,0.42105263157894735,0.13157894736842105,0.015873015873015872,0.7643884892086331,0.8076923076923077
r5h_h6_from_r5g_a3_highprotect_s30_b0p02_lr1e6,r5f2_real_only_from_r2c,risk_and_gap,"{""gap_threshold"": 2, ""risk_threshold"": 1, ""score_cap_threshold"": null, ""score_threshold"": 4}",0.4905149051490515,0.49452751090901026,-0.00993676603432701,0.42105263157894735,0.13157894736842105,0.015873015873015872,0.7643884892086331,0.8076923076923077
r5h_h6_from_r5g_a3_highprotect_s30_b0p02_lr1e6,r5f2_real_only_from_r2c,risk_and_gap,"{""gap_threshold"": 3, ""risk_threshold"": 1, ""score_cap_threshold"": null, ""score_threshold"": 4}",0.4905149051490515,0.49452751090901026,-0.00993676603432701,0.42105263157894735,0.13157894736842105,0.015873015873015872,0.7643884892086331,0.8076923076923077
r5h_h6_from_r5g_a3_highprotect_s30_b0p02_lr1e6,r5f2_real_only_from_r2c,risk_and_gap,"{""gap_threshold"": 1, ""risk_threshold"": 2, ""score_cap_threshold"": null, ""score_threshold"": 4}",0.5176151761517616,0.4803117072368859,-0.06233062330623306,0.3684210526315789,0.13157894736842105,0.015873015873015872,0.7446043165467626,0.7307692307692307
r5h_h6_from_r5g_a3_highprotect_s30_b0p02_lr1e6,r5f2_real_only_from_r2c,risk_and_gap,"{""gap_threshold"": 2, ""risk_threshold"": 2, ""score_cap_threshold"": null, ""score_threshold"": 4}",0.5176151761517616,0.4803117072368859,-0.06233062330623306,0.3684210526315789,0.13157894736842105,0.015873015873015872,0.7446043165467626,0.7307692307692307
r5h_h6_from_r5g_a3_highprotect_s30_b0p02_lr1e6,r5f2_real_only_from_r2c,risk_and_gap,"{""gap_threshold"": 3, ""risk_threshold"": 2, ""score_cap_threshold"": null, ""score_threshold"": 4}",0.5067750677506775,0.48183499635685,-0.03884372177055104,0.40350877192982454,0.13157894736842105,0.015873015873015872,0.7446043165467626,0.7692307692307693
r5h_h6_from_r5g_a3_highprotect_s30_b0p02_lr1e6,r5f2_real_only_from_r2c,risk_and_gap,"{""gap_threshold"": 1, ""risk_threshold"": 3, ""score_cap_threshold"": null, ""score_threshold"": 4}",0.6043360433604336,0.4689837231312525,-0.2014453477868112,0.2631578947368421,0.13157894736842105,0.015873015873015872,0.7176258992805755,0.5384615384615384
r5h_h6_from_r5g_a3_highprotect_s30_b0p02_lr1e6,r5f2_real_only_from_r2c,risk_and_gap,"{""gap_threshold"": 2, ""risk_threshold"": 3, ""score_cap_threshold"": null, ""score_threshold"": 4}",0.5356820234869015,0.47941350257139725,-0.10569105691056911,0.2807017543859649,0.13157894736842105,0.015873015873015872,0.7176258992805755,0.5769230769230769
r5h_h6_from_r5g_a3_highprotect_s30_b0p02_lr1e6,r5f2_real_only_from_r2c,risk_and_gap,"{""gap_threshold"": 3, ""risk_threshold"": 3, ""score_cap_threshold"": null, ""score_threshold"": 4}",0.5067750677506775,0.48183499635685,-0.03884372177055104,0.40350877192982454,0.13157894736842105,0.015873015873015872,0.7446043165467626,0.7692307692307693
r5h_h6_from_r5g_a3_highprotect_s30_b0p02_lr1e6,r5f2_real_only_from_r2c,gap_or_score_cap,"{""gap_threshold"": 1, ""risk_threshold"": null, ""score_cap_threshold"": 2, ""score_threshold"": 4}",0.6476964769647696,0.45276196663888923,-0.3369467028003613,0.19298245614035087,0.13157894736842105,0.015873015873015872,0.6618705035971223,0.4230769230769231
r5h_h6_from_r5g_a3_highprotect_s30_b0p02_lr1e6,r5f2_real_only_from_r2c,gap_or_score_cap,"{""gap_threshold"": 1, ""risk_threshold"": null, ""score_cap_threshold"": 3, ""score_threshold"": 4}",0.6476964769647696,0.45276196663888923,-0.3369467028003613,0.19298245614035087,0.13157894736842105,0.015873015873015872,0.6618705035971223,0.4230769230769231
r5h_h6_from_r5g_a3_highprotect_s30_b0p02_lr1e6,r5f2_real_only_from_r2c,gap_or_score_cap,"{""gap_threshold"": 2, ""risk_threshold"": null, ""score_cap_threshold"": 2, ""score_threshold"": 4}",0.5356820234869015,0.47941350257139725,-0.10569105691056911,0.2807017543859649,0.13157894736842105,0.015873015873015872,0.7176258992805755,0.5769230769230769
r5h_h6_from_r5g_a3_highprotect_s30_b0p02_lr1e6,r5f2_real_only_from_r2c,gap_or_score_cap,"{""gap_threshold"": 2, ""risk_threshold"": null, ""score_cap_threshold"": 3, ""score_threshold"": 4}",0.6025293586269196,0.46914589950512764,-0.1996386630532972,0.2631578947368421,0.13157894736842105,0.015873015873015872,0.7176258992805755,0.5384615384615384
r5h_h6_from_r5g_a3_highprotect_s30_b0p02_lr1e6,r5f2_real_only_from_r2c,gap_or_score_cap,"{""gap_threshold"": 3, ""risk_threshold"": null, ""score_cap_threshold"": 2, ""score_threshold"": 4}",0.5176151761517616,0.4803117072368859,-0.06233062330623306,0.3684210526315789,0.13157894736842105,0.015873015873015872,0.7446043165467626,0.7307692307692307
r5h_h6_from_r5g_a3_highprotect_s30_b0p02_lr1e6,r5f2_real_only_from_r2c,gap_or_score_cap,"{""gap_threshold"": 3, ""risk_threshold"": null, ""score_cap_threshold"": 3, ""score_threshold"": 4}",0.6025293586269196,0.4688439480833082,-0.1978319783197832,0.2631578947368421,0.13157894736842105,0.015873015873015872,0.7176258992805755,0.5384615384615384
r5h_h6_from_r5g_a3_highprotect_s30_b0p02_lr1e6,r5f2_real_only_from_r2c,risk_pred_le,"{""gap_threshold"": null, ""risk_threshold"": 1, ""score_cap_threshold"": null, ""score_threshold"": 5}",0.48509485094850946,0.4963585192799208,-0.004516711833785004,0.42105263157894735,0.13157894736842105,0.015873015873015872,0.7643884892086331,0.8076923076923077
r5h_h6_from_r5g_a3_highprotect_s30_b0p02_lr1e6,r5f2_real_only_from_r2c,risk_pred_le,"{""gap_threshold"": null, ""risk_threshold"": 2, ""score_cap_threshold"": null, ""score_threshold"": 5}",0.5013550135501355,0.48357970751853707,-0.03342366757000903,0.40350877192982454,0.13157894736842105,0.015873015873015872,0.7446043165467626,0.7692307692307693
r5h_h6_from_r5g_a3_highprotect_s30_b0p02_lr1e6,r5f2_real_only_from_r2c,risk_pred_le,"{""gap_threshold"": null, ""risk_threshold"": 3, ""score_cap_threshold"": null, ""score_threshold"": 5}",0.5194218608852755,0.4826065896558809,-0.07678410117434507,0.3157894736842105,0.13157894736842105,0.015873015873015872,0.7176258992805755,0.6153846153846154
r5h_h6_from_r5g_a3_highprotect_s30_b0p02_lr1e6,r5f2_real_only_from_r2c,gap_ge,"{""gap_threshold"": 1, ""risk_threshold"": null, ""score_cap_threshold"": null, ""score_threshold"": 5}",0.5627822944896116,0.46390307929914565,-0.2122854561878952,0.24561403508771928,0.13157894736842105,0.015873015873015872,0.6618705035971223,0.5
r5h_h6_from_r5g_a3_highprotect_s30_b0p02_lr1e6,r5f2_real_only_from_r2c,gap_ge,"{""gap_threshold"": 2, ""risk_threshold"": null, ""score_cap_threshold"": null, ""score_threshold"": 5}",0.5194218608852755,0.4826065896558809,-0.07678410117434507,0.3157894736842105,0.13157894736842105,0.015873015873015872,0.7176258992805755,0.6153846153846154
r5h_h6_from_r5g_a3_highprotect_s30_b0p02_lr1e6,r5f2_real_only_from_r2c,gap_ge,"{""gap_threshold"": 3, ""risk_threshold"": null, ""score_cap_threshold"": null, ""score_threshold"": 5}",0.5013550135501355,0.48357970751853707,-0.03342366757000903,0.40350877192982454,0.13157894736842105,0.015873015873015872,0.7446043165467626,0.7692307692307693
r5h_h6_from_r5g_a3_highprotect_s30_b0p02_lr1e6,r5f2_real_only_from_r2c,score_cap_le,"{""gap_threshold"": null, ""risk_threshold"": null, ""score_cap_threshold"": 2, ""score_threshold"": 5}",0.5013550135501355,0.48357970751853707,-0.03342366757000903,0.40350877192982454,0.13157894736842105,0.015873015873015872,0.7446043165467626,0.7692307692307693
r5h_h6_from_r5g_a3_highprotect_s30_b0p02_lr1e6,r5f2_real_only_from_r2c,score_cap_le,"{""gap_threshold"": null, ""risk_threshold"": null, ""score_cap_threshold"": 3, ""score_threshold"": 5}",0.5194218608852755,0.48227740021518317,-0.07497741644083107,0.3157894736842105,0.13157894736842105,0.015873015873015872,0.7176258992805755,0.6153846153846154
r5h_h6_from_r5g_a3_highprotect_s30_b0p02_lr1e6,r5f2_real_only_from_r2c,risk_or_score_cap,"{""gap_threshold"": null, ""risk_threshold"": 1, ""score_cap_threshold"": 2, ""score_threshold"": 5}",0.5013550135501355,0.48357970751853707,-0.03342366757000903,0.40350877192982454,0.13157894736842105,0.015873015873015872,0.7446043165467626,0.7692307692307693
r5h_h6_from_r5g_a3_highprotect_s30_b0p02_lr1e6,r5f2_real_only_from_r2c,risk_or_score_cap,"{""gap_threshold"": null, ""risk_threshold"": 1, ""score_cap_threshold"": 3, ""score_threshold"": 5}",0.5194218608852755,0.48227740021518317,-0.07497741644083107,0.3157894736842105,0.13157894736842105,0.015873015873015872,0.7176258992805755,0.6153846153846154
r5h_h6_from_r5g_a3_highprotect_s30_b0p02_lr1e6,r5f2_real_only_from_r2c,risk_or_score_cap,"{""gap_threshold"": null, ""risk_threshold"": 2, ""score_cap_threshold"": 2, ""score_threshold"": 5}",0.5013550135501355,0.48357970751853707,-0.03342366757000903,0.40350877192982454,0.13157894736842105,0.015873015873015872,0.7446043165467626,0.7692307692307693
r5h_h6_from_r5g_a3_highprotect_s30_b0p02_lr1e6,r5f2_real_only_from_r2c,risk_or_score_cap,"{""gap_threshold"": null, ""risk_threshold"": 2, ""score_cap_threshold"": 3, ""score_threshold"": 5}",0.5194218608852755,0.48227740021518317,-0.07497741644083107,0.3157894736842105,0.13157894736842105,0.015873015873015872,0.7176258992805755,0.6153846153846154
r5h_h6_from_r5g_a3_highprotect_s30_b0p02_lr1e6,r5f2_real_only_from_r2c,risk_or_score_cap,"{""gap_threshold"": null, ""risk_threshold"": 3, ""score_cap_threshold"": 2, ""score_threshold"": 5}",0.5194218608852755,0.4826065896558809,-0.07678410117434507,0.3157894736842105,0.13157894736842105,0.015873015873015872,0.7176258992805755,0.6153846153846154
r5h_h6_from_r5g_a3_highprotect_s30_b0p02_lr1e6,r5f2_real_only_from_r2c,risk_or_score_cap,"{""gap_threshold"": null, ""risk_threshold"": 3, ""score_cap_threshold"": 3, ""score_threshold"": 5}",0.5194218608852755,0.4826065896558809,-0.07678410117434507,0.3157894736842105,0.13157894736842105,0.015873015873015872,0.7176258992805755,0.6153846153846154
r5h_h6_from_r5g_a3_highprotect_s30_b0p02_lr1e6,r5f2_real_only_from_r2c,risk_and_gap,"{""gap_threshold"": 1, ""risk_threshold"": 1, ""score_cap_threshold"": null, ""score_threshold"": 5}",0.48509485094850946,0.4963585192799208,-0.004516711833785004,0.42105263157894735,0.13157894736842105,0.015873015873015872,0.7643884892086331,0.8076923076923077
r5h_h6_from_r5g_a3_highprotect_s30_b0p02_lr1e6,r5f2_real_only_from_r2c,risk_and_gap,"{""gap_threshold"": 2, ""risk_threshold"": 1, ""score_cap_threshold"": null, ""score_threshold"": 5}",0.48509485094850946,0.4963585192799208,-0.004516711833785004,0.42105263157894735,0.13157894736842105,0.015873015873015872,0.7643884892086331,0.8076923076923077
r5h_h6_from_r5g_a3_highprotect_s30_b0p02_lr1e6,r5f2_real_only_from_r2c,risk_and_gap,"{""gap_threshold"": 3, ""risk_threshold"": 1, ""score_cap_threshold"": null, ""score_threshold"": 5}",0.48509485094850946,0.4963585192799208,-0.004516711833785004,0.42105263157894735,0.13157894736842105,0.015873015873015872,0.7643884892086331,0.8076923076923077
r5h_h6_from_r5g_a3_highprotect_s30_b0p02_lr1e6,r5f2_real_only_from_r2c,risk_and_gap,"{""gap_threshold"": 1, ""risk_threshold"": 2, ""score_cap_threshold"": null, ""score_threshold"": 5}",0.5013550135501355,0.48357970751853707,-0.03342366757000903,0.40350877192982454,0.13157894736842105,0.015873015873015872,0.7446043165467626,0.7692307692307693
r5h_h6_from_r5g_a3_highprotect_s30_b0p02_lr1e6,r5f2_real_only_from_r2c,risk_and_gap,"{""gap_threshold"": 2, ""risk_threshold"": 2, ""score_cap_threshold"": null, ""score_threshold"": 5}",0.5013550135501355,0.48357970751853707,-0.03342366757000903,0.40350877192982454,0.13157894736842105,0.015873015873015872,0.7446043165467626,0.7692307692307693
r5h_h6_from_r5g_a3_highprotect_s30_b0p02_lr1e6,r5f2_real_only_from_r2c,risk_and_gap,"{""gap_threshold"": 3, ""risk_threshold"": 2, ""score_cap_threshold"": null, ""score_threshold"": 5}",0.5013550135501355,0.48357970751853707,-0.03342366757000903,0.40350877192982454,0.13157894736842105,0.015873015873015872,0.7446043165467626,0.7692307692307693
r5h_h6_from_r5g_a3_highprotect_s30_b0p02_lr1e6,r5f2_real_only_from_r2c,risk_and_gap,"{""gap_threshold"": 1, ""risk_threshold"": 3, ""score_cap_threshold"": null, ""score_threshold"": 5}",0.5194218608852755,0.4826065896558809,-0.07678410117434507,0.3157894736842105,0.13157894736842105,0.015873015873015872,0.7176258992805755,0.6153846153846154
r5h_h6_from_r5g_a3_highprotect_s30_b0p02_lr1e6,r5f2_real_only_from_r2c,risk_and_gap,"{""gap_threshold"": 2, ""risk_threshold"": 3, ""score_cap_threshold"": null, ""score_threshold"": 5}",0.5194218608852755,0.4826065896558809,-0.07678410117434507,0.3157894736842105,0.13157894736842105,0.015873015873015872,0.7176258992805755,0.6153846153846154
r5h_h6_from_r5g_a3_highprotect_s30_b0p02_lr1e6,r5f2_real_only_from_r2c,risk_and_gap,"{""gap_threshold"": 3, ""risk_threshold"": 3, ""score_cap_threshold"": null, ""score_threshold"": 5}",0.5013550135501355,0.48357970751853707,-0.03342366757000903,0.40350877192982454,0.13157894736842105,0.015873015873015872,0.7446043165467626,0.7692307692307693
r5h_h6_from_r5g_a3_highprotect_s30_b0p02_lr1e6,r5f2_real_only_from_r2c,gap_or_score_cap,"{""gap_threshold"": 1, ""risk_threshold"": null, ""score_cap_threshold"": 2, ""score_threshold"": 5}",0.5627822944896116,0.46390307929914565,-0.2122854561878952,0.24561403508771928,0.13157894736842105,0.015873015873015872,0.6618705035971223,0.5
r5h_h6_from_r5g_a3_highprotect_s30_b0p02_lr1e6,r5f2_real_only_from_r2c,gap_or_score_cap,"{""gap_threshold"": 1, ""risk_threshold"": null, ""score_cap_threshold"": 3, ""score_threshold"": 5}",0.5627822944896116,0.46390307929914565,-0.2122854561878952,0.24561403508771928,0.13157894736842105,0.015873015873015872,0.6618705035971223,0.5
r5h_h6_from_r5g_a3_highprotect_s30_b0p02_lr1e6,r5f2_real_only_from_r2c,gap_or_score_cap,"{""gap_threshold"": 2, ""risk_threshold"": null, ""score_cap_threshold"": 2, ""score_threshold"": 5}",0.5194218608852755,0.4826065896558809,-0.07678410117434507,0.3157894736842105,0.13157894736842105,0.015873015873015872,0.7176258992805755,0.6153846153846154
r5h_h6_from_r5g_a3_highprotect_s30_b0p02_lr1e6,r5f2_real_only_from_r2c,gap_or_score_cap,"{""gap_threshold"": 2, ""risk_threshold"": null, ""score_cap_threshold"": 3, ""score_threshold"": 5}",0.5194218608852755,0.4826065896558809,-0.07678410117434507,0.3157894736842105,0.13157894736842105,0.015873015873015872,0.7176258992805755,0.6153846153846154
r5h_h6_from_r5g_a3_highprotect_s30_b0p02_lr1e6,r5f2_real_only_from_r2c,gap_or_score_cap,"{""gap_threshold"": 3, ""risk_threshold"": null, ""score_cap_threshold"": 2, ""score_threshold"": 5}",0.5013550135501355,0.48357970751853707,-0.03342366757000903,0.40350877192982454,0.13157894736842105,0.015873015873015872,0.7446043165467626,0.7692307692307693
r5h_h6_from_r5g_a3_highprotect_s30_b0p02_lr1e6,r5f2_real_only_from_r2c,gap_or_score_cap,"{""gap_threshold"": 3, ""risk_threshold"": null, ""score_cap_threshold"": 3, ""score_threshold"": 5}",0.5194218608852755,0.48227740021518317,-0.07497741644083107,0.3157894736842105,0.13157894736842105,0.015873015873015872,0.7176258992805755,0.6153846153846154
r5h_h6_from_r5g_a3_highprotect_s30_b0p02_lr1e6,r5h_h1_from_r5f2_real_highprotect_s10_b0p02_lr1e6,risk_pred_le,"{""gap_threshold"": null, ""risk_threshold"": 1, ""score_cap_threshold"": null, ""score_threshold"": 4}",0.4869015356820235,0.4983946630784768,-0.006323396567299007,0.42105263157894735,0.13157894736842105,0.015873015873015872,0.7679856115107914,0.8076923076923077
r5h_h6_from_r5g_a3_highprotect_s30_b0p02_lr1e6,r5h_h1_from_r5f2_real_highprotect_s10_b0p02_lr1e6,risk_pred_le,"{""gap_threshold"": null, ""risk_threshold"": 2, ""score_cap_threshold"": null, ""score_threshold"": 4}",0.5121951219512195,0.48557723000268727,-0.05510388437217705,0.3684210526315789,0.13157894736842105,0.015873015873015872,0.75,0.7307692307692307
r5h_h6_from_r5g_a3_highprotect_s30_b0p02_lr1e6,r5h_h1_from_r5f2_real_highprotect_s10_b0p02_lr1e6,risk_pred_le,"{""gap_threshold"": null, ""risk_threshold"": 3, ""score_cap_threshold"": null, ""score_threshold"": 4}",0.5862691960252936,0.48096207035200367,-0.18157181571815717,0.2631578947368421,0.13157894736842105,0.015873015873015872,0.7266187050359713,0.5384615384615384
r5h_h6_from_r5g_a3_highprotect_s30_b0p02_lr1e6,r5h_h1_from_r5f2_real_highprotect_s10_b0p02_lr1e6,gap_ge,"{""gap_threshold"": 1, ""risk_threshold"": null, ""score_cap_threshold"": null, ""score_threshold"": 4}",0.6260162601626016,0.4670215877844732,-0.3116531165311653,0.19298245614035087,0.13157894736842105,0.015873015873015872,0.6744604316546763,0.4230769230769231
r5h_h6_from_r5g_a3_highprotect_s30_b0p02_lr1e6,r5h_h1_from_r5f2_real_highprotect_s10_b0p02_lr1e6,gap_ge,"{""gap_threshold"": 2, ""risk_threshold"": null, ""score_cap_threshold"": null, ""score_threshold"": 4}",0.5266485998193315,0.4882812671607498,-0.0948509485094851,0.2807017543859649,0.13157894736842105,0.015873015873015872,0.7266187050359713,0.5769230769230769
r5h_h6_from_r5g_a3_highprotect_s30_b0p02_lr1e6,r5h_h1_from_r5f2_real_highprotect_s10_b0p02_lr1e6,gap_ge,"{""gap_threshold"": 3, ""risk_threshold"": null, ""score_cap_threshold"": null, ""score_threshold"": 4}",0.5013550135501355,0.4872252436414777,-0.031616982836495035,0.40350877192982454,0.13157894736842105,0.015873015873015872,0.75,0.7692307692307693
r5h_h6_from_r5g_a3_highprotect_s30_b0p02_lr1e6,r5h_h1_from_r5f2_real_highprotect_s10_b0p02_lr1e6,score_cap_le,"{""gap_threshold"": null, ""risk_threshold"": null, ""score_cap_threshold"": 2, ""score_threshold"": 4}",0.5121951219512195,0.48557723000268727,-0.05510388437217705,0.3684210526315789,0.13157894736842105,0.015873015873015872,0.75,0.7307692307692307
r5h_h6_from_r5g_a3_highprotect_s30_b0p02_lr1e6,r5h_h1_from_r5f2_real_highprotect_s10_b0p02_lr1e6,score_cap_le,"{""gap_threshold"": null, ""risk_threshold"": null, ""score_cap_threshold"": 3, ""score_threshold"": 4}",0.5862691960252936,0.48066396381630194,-0.17976513098464317,0.2631578947368421,0.13157894736842105,0.015873015873015872,0.7266187050359713,0.5384615384615384
r5h_h6_from_r5g_a3_highprotect_s30_b0p02_lr1e6,r5h_h1_from_r5f2_real_highprotect_s10_b0p02_lr1e6,risk_or_score_cap,"{""gap_threshold"": null, ""risk_threshold"": 1, ""score_cap_threshold"": 2, ""score_threshold"": 4}",0.5121951219512195,0.48557723000268727,-0.05510388437217705,0.3684210526315789,0.13157894736842105,0.015873015873015872,0.75,0.7307692307692307
r5h_h6_from_r5g_a3_highprotect_s30_b0p02_lr1e6,r5h_h1_from_r5f2_real_highprotect_s10_b0p02_lr1e6,risk_or_score_cap,"{""gap_threshold"": null, ""risk_threshold"": 1, ""score_cap_threshold"": 3, ""score_threshold"": 4}",0.5862691960252936,0.48066396381630194,-0.17976513098464317,0.2631578947368421,0.13157894736842105,0.015873015873015872,0.7266187050359713,0.5384615384615384
r5h_h6_from_r5g_a3_highprotect_s30_b0p02_lr1e6,r5h_h1_from_r5f2_real_highprotect_s10_b0p02_lr1e6,risk_or_score_cap,"{""gap_threshold"": null, ""risk_threshold"": 2, ""score_cap_threshold"": 2, ""score_threshold"": 4}",0.5121951219512195,0.48557723000268727,-0.05510388437217705,0.3684210526315789,0.13157894736842105,0.015873015873015872,0.75,0.7307692307692307
r5h_h6_from_r5g_a3_highprotect_s30_b0p02_lr1e6,r5h_h1_from_r5f2_real_highprotect_s10_b0p02_lr1e6,risk_or_score_cap,"{""gap_threshold"": null, ""risk_threshold"": 2, ""score_cap_threshold"": 3, ""score_threshold"": 4}",0.5862691960252936,0.48066396381630194,-0.17976513098464317,0.2631578947368421,0.13157894736842105,0.015873015873015872,0.7266187050359713,0.5384615384615384
r5h_h6_from_r5g_a3_highprotect_s30_b0p02_lr1e6,r5h_h1_from_r5f2_real_highprotect_s10_b0p02_lr1e6,risk_or_score_cap,"{""gap_threshold"": null, ""risk_threshold"": 3, ""score_cap_threshold"": 2, ""score_threshold"": 4}",0.5862691960252936,0.48096207035200367,-0.18157181571815717,0.2631578947368421,0.13157894736842105,0.015873015873015872,0.7266187050359713,0.5384615384615384
r5h_h6_from_r5g_a3_highprotect_s30_b0p02_lr1e6,r5h_h1_from_r5f2_real_highprotect_s10_b0p02_lr1e6,risk_or_score_cap,"{""gap_threshold"": null, ""risk_threshold"": 3, ""score_cap_threshold"": 3, ""score_threshold"": 4}",0.5862691960252936,0.48096207035200367,-0.18157181571815717,0.2631578947368421,0.13157894736842105,0.015873015873015872,0.7266187050359713,0.5384615384615384
r5h_h6_from_r5g_a3_highprotect_s30_b0p02_lr1e6,r5h_h1_from_r5f2_real_highprotect_s10_b0p02_lr1e6,risk_and_gap,"{""gap_threshold"": 1, ""risk_threshold"": 1, ""score_cap_threshold"": null, ""score_threshold"": 4}",0.4869015356820235,0.4983946630784768,-0.006323396567299007,0.42105263157894735,0.13157894736842105,0.015873015873015872,0.7679856115107914,0.8076923076923077
r5h_h6_from_r5g_a3_highprotect_s30_b0p02_lr1e6,r5h_h1_from_r5f2_real_highprotect_s10_b0p02_lr1e6,risk_and_gap,"{""gap_threshold"": 2, ""risk_threshold"": 1, ""score_cap_threshold"": null, ""score_threshold"": 4}",0.4869015356820235,0.4983946630784768,-0.006323396567299007,0.42105263157894735,0.13157894736842105,0.015873015873015872,0.7679856115107914,0.8076923076923077
r5h_h6_from_r5g_a3_highprotect_s30_b0p02_lr1e6,r5h_h1_from_r5f2_real_highprotect_s10_b0p02_lr1e6,risk_and_gap,"{""gap_threshold"": 3, ""risk_threshold"": 1, ""score_cap_threshold"": null, ""score_threshold"": 4}",0.4869015356820235,0.4983946630784768,-0.006323396567299007,0.42105263157894735,0.13157894736842105,0.015873015873015872,0.7679856115107914,0.8076923076923077
r5h_h6_from_r5g_a3_highprotect_s30_b0p02_lr1e6,r5h_h1_from_r5f2_real_highprotect_s10_b0p02_lr1e6,risk_and_gap,"{""gap_threshold"": 1, ""risk_threshold"": 2, ""score_cap_threshold"": null, ""score_threshold"": 4}",0.5121951219512195,0.48557723000268727,-0.05510388437217705,0.3684210526315789,0.13157894736842105,0.015873015873015872,0.75,0.7307692307692307
r5h_h6_from_r5g_a3_highprotect_s30_b0p02_lr1e6,r5h_h1_from_r5f2_real_highprotect_s10_b0p02_lr1e6,risk_and_gap,"{""gap_threshold"": 2, ""risk_threshold"": 2, ""score_cap_threshold"": null, ""score_threshold"": 4}",0.5121951219512195,0.48557723000268727,-0.05510388437217705,0.3684210526315789,0.13157894736842105,0.015873015873015872,0.75,0.7307692307692307
r5h_h6_from_r5g_a3_highprotect_s30_b0p02_lr1e6,r5h_h1_from_r5f2_real_highprotect_s10_b0p02_lr1e6,risk_and_gap,"{""gap_threshold"": 3, ""risk_threshold"": 2, ""score_cap_threshold"": null, ""score_threshold"": 4}",0.5013550135501355,0.4872252436414777,-0.031616982836495035,0.40350877192982454,0.13157894736842105,0.015873015873015872,0.75,0.7692307692307693
r5h_h6_from_r5g_a3_highprotect_s30_b0p02_lr1e6,r5h_h1_from_r5f2_real_highprotect_s10_b0p02_lr1e6,risk_and_gap,"{""gap_threshold"": 1, ""risk_threshold"": 3, ""score_cap_threshold"": null, ""score_threshold"": 4}",0.5862691960252936,0.48096207035200367,-0.18157181571815717,0.2631578947368421,0.13157894736842105,0.015873015873015872,0.7266187050359713,0.5384615384615384
r5h_h6_from_r5g_a3_highprotect_s30_b0p02_lr1e6,r5h_h1_from_r5f2_real_highprotect_s10_b0p02_lr1e6,risk_and_gap,"{""gap_threshold"": 2, ""risk_threshold"": 3, ""score_cap_threshold"": null, ""score_threshold"": 4}",0.5266485998193315,0.4882812671607498,-0.0948509485094851,0.2807017543859649,0.13157894736842105,0.015873015873015872,0.7266187050359713,0.5769230769230769
r5h_h6_from_r5g_a3_highprotect_s30_b0p02_lr1e6,r5h_h1_from_r5f2_real_highprotect_s10_b0p02_lr1e6,risk_and_gap,"{""gap_threshold"": 3, ""risk_threshold"": 3, ""score_cap_threshold"": null, ""score_threshold"": 4}",0.5013550135501355,0.4872252436414777,-0.031616982836495035,0.40350877192982454,0.13157894736842105,0.015873015873015872,0.75,0.7692307692307693
r5h_h6_from_r5g_a3_highprotect_s30_b0p02_lr1e6,r5h_h1_from_r5f2_real_highprotect_s10_b0p02_lr1e6,gap_or_score_cap,"{""gap_threshold"": 1, ""risk_threshold"": null, ""score_cap_threshold"": 2, ""score_threshold"": 4}",0.6260162601626016,0.4670215877844732,-0.3116531165311653,0.19298245614035087,0.13157894736842105,0.015873015873015872,0.6744604316546763,0.4230769230769231
r5h_h6_from_r5g_a3_highprotect_s30_b0p02_lr1e6,r5h_h1_from_r5f2_real_highprotect_s10_b0p02_lr1e6,gap_or_score_cap,"{""gap_threshold"": 1, ""risk_threshold"": null, ""score_cap_threshold"": 3, ""score_threshold"": 4}",0.6260162601626016,0.4670215877844732,-0.3116531165311653,0.19298245614035087,0.13157894736842105,0.015873015873015872,0.6744604316546763,0.4230769230769231
r5h_h6_from_r5g_a3_highprotect_s30_b0p02_lr1e6,r5h_h1_from_r5f2_real_highprotect_s10_b0p02_lr1e6,gap_or_score_cap,"{""gap_threshold"": 2, ""risk_threshold"": null, ""score_cap_threshold"": 2, ""score_threshold"": 4}",0.5266485998193315,0.4882812671607498,-0.0948509485094851,0.2807017543859649,0.13157894736842105,0.015873015873015872,0.7266187050359713,0.5769230769230769
r5h_h6_from_r5g_a3_highprotect_s30_b0p02_lr1e6,r5h_h1_from_r5f2_real_highprotect_s10_b0p02_lr1e6,gap_or_score_cap,"{""gap_threshold"": 2, ""risk_threshold"": null, ""score_cap_threshold"": 3, ""score_threshold"": 4}",0.5862691960252936,0.48096207035200367,-0.18157181571815717,0.2631578947368421,0.13157894736842105,0.015873015873015872,0.7266187050359713,0.5384615384615384
r5h_h6_from_r5g_a3_highprotect_s30_b0p02_lr1e6,r5h_h1_from_r5f2_real_highprotect_s10_b0p02_lr1e6,gap_or_score_cap,"{""gap_threshold"": 3, ""risk_threshold"": null, ""score_cap_threshold"": 2, ""score_threshold"": 4}",0.5121951219512195,0.48557723000268727,-0.05510388437217705,0.3684210526315789,0.13157894736842105,0.015873015873015872,0.75,0.7307692307692307
r5h_h6_from_r5g_a3_highprotect_s30_b0p02_lr1e6,r5h_h1_from_r5f2_real_highprotect_s10_b0p02_lr1e6,gap_or_score_cap,"{""gap_threshold"": 3, ""risk_threshold"": null, ""score_cap_threshold"": 3, ""score_threshold"": 4}",0.5862691960252936,0.48066396381630194,-0.17976513098464317,0.2631578947368421,0.13157894736842105,0.015873015873015872,0.7266187050359713,0.5384615384615384
r5h_h6_from_r5g_a3_highprotect_s30_b0p02_lr1e6,r5h_h1_from_r5f2_real_highprotect_s10_b0p02_lr1e6,risk_pred_le,"{""gap_threshold"": null, ""risk_threshold"": 1, ""score_cap_threshold"": null, ""score_threshold"": 5}",0.48148148148148145,0.5002488347906475,-0.0009033423667570009,0.42105263157894735,0.13157894736842105,0.015873015873015872,0.7679856115107914,0.8076923076923077
r5h_h6_from_r5g_a3_highprotect_s30_b0p02_lr1e6,r5h_h1_from_r5f2_real_highprotect_s10_b0p02_lr1e6,risk_pred_le,"{""gap_threshold"": null, ""risk_threshold"": 2, ""score_cap_threshold"": null, ""score_threshold"": 5}",0.4959349593495935,0.489003162020334,-0.026196928635953028,0.40350877192982454,0.13157894736842105,0.015873015873015872,0.75,0.7692307692307693
r5h_h6_from_r5g_a3_highprotect_s30_b0p02_lr1e6,r5h_h1_from_r5f2_real_highprotect_s10_b0p02_lr1e6,risk_pred_le,"{""gap_threshold"": null, ""risk_threshold"": 3, ""score_cap_threshold"": null, ""score_threshold"": 5}",0.5103884372177055,0.4917347720645683,-0.06594399277326106,0.3157894736842105,0.13157894736842105,0.015873015873015872,0.7266187050359713,0.6153846153846154
r5h_h6_from_r5g_a3_highprotect_s30_b0p02_lr1e6,r5h_h1_from_r5f2_real_highprotect_s10_b0p02_lr1e6,gap_ge,"{""gap_threshold"": 1, ""risk_threshold"": null, ""score_cap_threshold"": null, ""score_threshold"": 5}",0.5501355013550135,0.47582888731853135,-0.1960252935862692,0.24561403508771928,0.13157894736842105,0.015873015873015872,0.6744604316546763,0.5
r5h_h6_from_r5g_a3_highprotect_s30_b0p02_lr1e6,r5h_h1_from_r5f2_real_highprotect_s10_b0p02_lr1e6,gap_ge,"{""gap_threshold"": 2, ""risk_threshold"": null, ""score_cap_threshold"": null, ""score_threshold"": 5}",0.5103884372177055,0.4917347720645683,-0.06594399277326106,0.3157894736842105,0.13157894736842105,0.015873015873015872,0.7266187050359713,0.6153846153846154
r5h_h6_from_r5g_a3_highprotect_s30_b0p02_lr1e6,r5h_h1_from_r5f2_real_highprotect_s10_b0p02_lr1e6,gap_ge,"{""gap_threshold"": 3, ""risk_threshold"": null, ""score_cap_threshold"": null, ""score_threshold"": 5}",0.4959349593495935,0.489003162020334,-0.026196928635953028,0.40350877192982454,0.13157894736842105,0.015873015873015872,0.75,0.7692307692307693
r5h_h6_from_r5g_a3_highprotect_s30_b0p02_lr1e6,r5h_h1_from_r5f2_real_highprotect_s10_b0p02_lr1e6,score_cap_le,"{""gap_threshold"": null, ""risk_threshold"": null, ""score_cap_threshold"": 2, ""score_threshold"": 5}",0.4959349593495935,0.489003162020334,-0.026196928635953028,0.40350877192982454,0.13157894736842105,0.015873015873015872,0.75,0.7692307692307693
r5h_h6_from_r5g_a3_highprotect_s30_b0p02_lr1e6,r5h_h1_from_r5f2_real_highprotect_s10_b0p02_lr1e6,score_cap_le,"{""gap_threshold"": null, ""risk_threshold"": null, ""score_cap_threshold"": 3, ""score_threshold"": 5}",0.5103884372177055,0.4914101511602509,-0.06413730803974707,0.3157894736842105,0.13157894736842105,0.015873015873015872,0.7266187050359713,0.6153846153846154
r5h_h6_from_r5g_a3_highprotect_s30_b0p02_lr1e6,r5h_h1_from_r5f2_real_highprotect_s10_b0p02_lr1e6,risk_or_score_cap,"{""gap_threshold"": null, ""risk_threshold"": 1, ""score_cap_threshold"": 2, ""score_threshold"": 5}",0.4959349593495935,0.489003162020334,-0.026196928635953028,0.40350877192982454,0.13157894736842105,0.015873015873015872,0.75,0.7692307692307693
r5h_h6_from_r5g_a3_highprotect_s30_b0p02_lr1e6,r5h_h1_from_r5f2_real_highprotect_s10_b0p02_lr1e6,risk_or_score_cap,"{""gap_threshold"": null, ""risk_threshold"": 1, ""score_cap_threshold"": 3, ""score_threshold"": 5}",0.5103884372177055,0.4914101511602509,-0.06413730803974707,0.3157894736842105,0.13157894736842105,0.015873015873015872,0.7266187050359713,0.6153846153846154
r5h_h6_from_r5g_a3_highprotect_s30_b0p02_lr1e6,r5h_h1_from_r5f2_real_highprotect_s10_b0p02_lr1e6,risk_or_score_cap,"{""gap_threshold"": null, ""risk_threshold"": 2, ""score_cap_threshold"": 2, ""score_threshold"": 5}",0.4959349593495935,0.489003162020334,-0.026196928635953028,0.40350877192982454,0.13157894736842105,0.015873015873015872,0.75,0.7692307692307693
r5h_h6_from_r5g_a3_highprotect_s30_b0p02_lr1e6,r5h_h1_from_r5f2_real_highprotect_s10_b0p02_lr1e6,risk_or_score_cap,"{""gap_threshold"": null, ""risk_threshold"": 2, ""score_cap_threshold"": 3, ""score_threshold"": 5}",0.5103884372177055,0.4914101511602509,-0.06413730803974707,0.3157894736842105,0.13157894736842105,0.015873015873015872,0.7266187050359713,0.6153846153846154
r5h_h6_from_r5g_a3_highprotect_s30_b0p02_lr1e6,r5h_h1_from_r5f2_real_highprotect_s10_b0p02_lr1e6,risk_or_score_cap,"{""gap_threshold"": null, ""risk_threshold"": 3, ""score_cap_threshold"": 2, ""score_threshold"": 5}",0.5103884372177055,0.4917347720645683,-0.06594399277326106,0.3157894736842105,0.13157894736842105,0.015873015873015872,0.7266187050359713,0.6153846153846154
r5h_h6_from_r5g_a3_highprotect_s30_b0p02_lr1e6,r5h_h1_from_r5f2_real_highprotect_s10_b0p02_lr1e6,risk_or_score_cap,"{""gap_threshold"": null, ""risk_threshold"": 3, ""score_cap_threshold"": 3, ""score_threshold"": 5}",0.5103884372177055,0.4917347720645683,-0.06594399277326106,0.3157894736842105,0.13157894736842105,0.015873015873015872,0.7266187050359713,0.6153846153846154
r5h_h6_from_r5g_a3_highprotect_s30_b0p02_lr1e6,r5h_h1_from_r5f2_real_highprotect_s10_b0p02_lr1e6,risk_and_gap,"{""gap_threshold"": 1, ""risk_threshold"": 1, ""score_cap_threshold"": null, ""score_threshold"": 5}",0.48148148148148145,0.5002488347906475,-0.0009033423667570009,0.42105263157894735,0.13157894736842105,0.015873015873015872,0.7679856115107914,0.8076923076923077
r5h_h6_from_r5g_a3_highprotect_s30_b0p02_lr1e6,r5h_h1_from_r5f2_real_highprotect_s10_b0p02_lr1e6,risk_and_gap,"{""gap_threshold"": 2, ""risk_threshold"": 1, ""score_cap_threshold"": null, ""score_threshold"": 5}",0.48148148148148145,0.5002488347906475,-0.0009033423667570009,0.42105263157894735,0.13157894736842105,0.015873015873015872,0.7679856115107914,0.8076923076923077
r5h_h6_from_r5g_a3_highprotect_s30_b0p02_lr1e6,r5h_h1_from_r5f2_real_highprotect_s10_b0p02_lr1e6,risk_and_gap,"{""gap_threshold"": 3, ""risk_threshold"": 1, ""score_cap_threshold"": null, ""score_threshold"": 5}",0.48148148148148145,0.5002488347906475,-0.0009033423667570009,0.42105263157894735,0.13157894736842105,0.015873015873015872,0.7679856115107914,0.8076923076923077
r5h_h6_from_r5g_a3_highprotect_s30_b0p02_lr1e6,r5h_h1_from_r5f2_real_highprotect_s10_b0p02_lr1e6,risk_and_gap,"{""gap_threshold"": 1, ""risk_threshold"": 2, ""score_cap_threshold"": null, ""score_threshold"": 5}",0.4959349593495935,0.489003162020334,-0.026196928635953028,0.40350877192982454,0.13157894736842105,0.015873015873015872,0.75,0.7692307692307693
r5h_h6_from_r5g_a3_highprotect_s30_b0p02_lr1e6,r5h_h1_from_r5f2_real_highprotect_s10_b0p02_lr1e6,risk_and_gap,"{""gap_threshold"": 2, ""risk_threshold"": 2, ""score_cap_threshold"": null, ""score_threshold"": 5}",0.4959349593495935,0.489003162020334,-0.026196928635953028,0.40350877192982454,0.13157894736842105,0.015873015873015872,0.75,0.7692307692307693
r5h_h6_from_r5g_a3_highprotect_s30_b0p02_lr1e6,r5h_h1_from_r5f2_real_highprotect_s10_b0p02_lr1e6,risk_and_gap,"{""gap_threshold"": 3, ""risk_threshold"": 2, ""score_cap_threshold"": null, ""score_threshold"": 5}",0.4959349593495935,0.489003162020334,-0.026196928635953028,0.40350877192982454,0.13157894736842105,0.015873015873015872,0.75,0.7692307692307693
r5h_h6_from_r5g_a3_highprotect_s30_b0p02_lr1e6,r5h_h1_from_r5f2_real_highprotect_s10_b0p02_lr1e6,risk_and_gap,"{""gap_threshold"": 1, ""risk_threshold"": 3, ""score_cap_threshold"": null, ""score_threshold"": 5}",0.5103884372177055,0.4917347720645683,-0.06594399277326106,0.3157894736842105,0.13157894736842105,0.015873015873015872,0.7266187050359713,0.6153846153846154
r5h_h6_from_r5g_a3_highprotect_s30_b0p02_lr1e6,r5h_h1_from_r5f2_real_highprotect_s10_b0p02_lr1e6,risk_and_gap,"{""gap_threshold"": 2, ""risk_threshold"": 3, ""score_cap_threshold"": null, ""score_threshold"": 5}",0.5103884372177055,0.4917347720645683,-0.06594399277326106,0.3157894736842105,0.13157894736842105,0.015873015873015872,0.7266187050359713,0.6153846153846154
r5h_h6_from_r5g_a3_highprotect_s30_b0p02_lr1e6,r5h_h1_from_r5f2_real_highprotect_s10_b0p02_lr1e6,risk_and_gap,"{""gap_threshold"": 3, ""risk_threshold"": 3, ""score_cap_threshold"": null, ""score_threshold"": 5}",0.4959349593495935,0.489003162020334,-0.026196928635953028,0.40350877192982454,0.13157894736842105,0.015873015873015872,0.75,0.7692307692307693
r5h_h6_from_r5g_a3_highprotect_s30_b0p02_lr1e6,r5h_h1_from_r5f2_real_highprotect_s10_b0p02_lr1e6,gap_or_score_cap,"{""gap_threshold"": 1, ""risk_threshold"": null, ""score_cap_threshold"": 2, ""score_threshold"": 5}",0.5501355013550135,0.47582888731853135,-0.1960252935862692,0.24561403508771928,0.13157894736842105,0.015873015873015872,0.6744604316546763,0.5
r5h_h6_from_r5g_a3_highprotect_s30_b0p02_lr1e6,r5h_h1_from_r5f2_real_highprotect_s10_b0p02_lr1e6,gap_or_score_cap,"{""gap_threshold"": 1, ""risk_threshold"": null, ""score_cap_threshold"": 3, ""score_threshold"": 5}",0.5501355013550135,0.47582888731853135,-0.1960252935862692,0.24561403508771928,0.13157894736842105,0.015873015873015872,0.6744604316546763,0.5
r5h_h6_from_r5g_a3_highprotect_s30_b0p02_lr1e6,r5h_h1_from_r5f2_real_highprotect_s10_b0p02_lr1e6,gap_or_score_cap,"{""gap_threshold"": 2, ""risk_threshold"": null, ""score_cap_threshold"": 2, ""score_threshold"": 5}",0.5103884372177055,0.4917347720645683,-0.06594399277326106,0.3157894736842105,0.13157894736842105,0.015873015873015872,0.7266187050359713,0.6153846153846154
r5h_h6_from_r5g_a3_highprotect_s30_b0p02_lr1e6,r5h_h1_from_r5f2_real_highprotect_s10_b0p02_lr1e6,gap_or_score_cap,"{""gap_threshold"": 2, ""risk_threshold"": null, ""score_cap_threshold"": 3, ""score_threshold"": 5}",0.5103884372177055,0.4917347720645683,-0.06594399277326106,0.3157894736842105,0.13157894736842105,0.015873015873015872,0.7266187050359713,0.6153846153846154
r5h_h6_from_r5g_a3_highprotect_s30_b0p02_lr1e6,r5h_h1_from_r5f2_real_highprotect_s10_b0p02_lr1e6,gap_or_score_cap,"{""gap_threshold"": 3, ""risk_threshold"": null, ""score_cap_threshold"": 2, ""score_threshold"": 5}",0.4959349593495935,0.489003162020334,-0.026196928635953028,0.40350877192982454,0.13157894736842105,0.015873015873015872,0.75,0.7692307692307693
r5h_h6_from_r5g_a3_highprotect_s30_b0p02_lr1e6,r5h_h1_from_r5f2_real_highprotect_s10_b0p02_lr1e6,gap_or_score_cap,"{""gap_threshold"": 3, ""risk_threshold"": null, ""score_cap_threshold"": 3, ""score_threshold"": 5}",0.5103884372177055,0.4914101511602509,-0.06413730803974707,0.3157894736842105,0.13157894736842105,0.015873015873015872,0.7266187050359713,0.6153846153846154
r5h_h6_from_r5g_a3_highprotect_s30_b0p02_lr1e6,r5h_h2_from_r5f2_real_highprotect_s20_b0p02_lr1e6,risk_pred_le,"{""gap_threshold"": null, ""risk_threshold"": 1, ""score_cap_threshold"": null, ""score_threshold"": 4}",0.4869015356820235,0.49806850926333446,-0.004516711833785004,0.42105263157894735,0.13157894736842105,0.015873015873015872,0.7679856115107914,0.8076923076923077
r5h_h6_from_r5g_a3_highprotect_s30_b0p02_lr1e6,r5h_h2_from_r5f2_real_highprotect_s20_b0p02_lr1e6,risk_pred_le,"{""gap_threshold"": null, ""risk_threshold"": 2, ""score_cap_threshold"": null, ""score_threshold"": 4}",0.5094850948509485,0.4863405081062714,-0.04878048780487805,0.3684210526315789,0.13157894736842105,0.015873015873015872,0.7517985611510791,0.7307692307692307
r5h_h6_from_r5g_a3_highprotect_s30_b0p02_lr1e6,r5h_h2_from_r5f2_real_highprotect_s20_b0p02_lr1e6,risk_pred_le,"{""gap_threshold"": null, ""risk_threshold"": 3, ""score_cap_threshold"": null, ""score_threshold"": 4}",0.5763324299909666,0.4799453803632535,-0.16260162601626016,0.2807017543859649,0.13157894736842105,0.015873015873015872,0.7302158273381295,0.5769230769230769
r5h_h6_from_r5g_a3_highprotect_s30_b0p02_lr1e6,r5h_h2_from_r5f2_real_highprotect_s20_b0p02_lr1e6,gap_ge,"{""gap_threshold"": 1, ""risk_threshold"": null, ""score_cap_threshold"": null, ""score_threshold"": 4}",0.6142728093947606,0.46632955757070316,-0.2836495031616983,0.21052631578947367,0.13157894736842105,0.015873015873015872,0.6798561151079137,0.46153846153846156
r5h_h6_from_r5g_a3_highprotect_s30_b0p02_lr1e6,r5h_h2_from_r5f2_real_highprotect_s20_b0p02_lr1e6,gap_ge,"{""gap_threshold"": 2, ""risk_threshold"": null, ""score_cap_threshold"": null, ""score_threshold"": 4}",0.5239385727190605,0.48623429225747006,-0.08491418247515808,0.2982456140350877,0.13157894736842105,0.015873015873015872,0.7302158273381295,0.6153846153846154
r5h_h6_from_r5g_a3_highprotect_s30_b0p02_lr1e6,r5h_h2_from_r5f2_real_highprotect_s20_b0p02_lr1e6,gap_ge,"{""gap_threshold"": 3, ""risk_threshold"": null, ""score_cap_threshold"": null, ""score_threshold"": 4}",0.4995483288166215,0.4888085292100506,-0.028003613369467027,0.40350877192982454,0.13157894736842105,0.015873015873015872,0.7517985611510791,0.7692307692307693
r5h_h6_from_r5g_a3_highprotect_s30_b0p02_lr1e6,r5h_h2_from_r5f2_real_highprotect_s20_b0p02_lr1e6,score_cap_le,"{""gap_threshold"": null, ""risk_threshold"": null, ""score_cap_threshold"": 2, ""score_threshold"": 4}",0.5094850948509485,0.4863405081062714,-0.04878048780487805,0.3684210526315789,0.13157894736842105,0.015873015873015872,0.7517985611510791,0.7307692307692307
r5h_h6_from_r5g_a3_highprotect_s30_b0p02_lr1e6,r5h_h2_from_r5f2_real_highprotect_s20_b0p02_lr1e6,score_cap_le,"{""gap_threshold"": null, ""risk_threshold"": null, ""score_cap_threshold"": 3, ""score_threshold"": 4}",0.5745257452574526,0.4801289674093644,-0.16079494128274616,0.2807017543859649,0.13157894736842105,0.015873015873015872,0.7302158273381295,0.5769230769230769
r5h_h6_from_r5g_a3_highprotect_s30_b0p02_lr1e6,r5h_h2_from_r5f2_real_highprotect_s20_b0p02_lr1e6,risk_or_score_cap,"{""gap_threshold"": null, ""risk_threshold"": 1, ""score_cap_threshold"": 2, ""score_threshold"": 4}",0.5094850948509485,0.4863405081062714,-0.04878048780487805,0.3684210526315789,0.13157894736842105,0.015873015873015872,0.7517985611510791,0.7307692307692307
r5h_h6_from_r5g_a3_highprotect_s30_b0p02_lr1e6,r5h_h2_from_r5f2_real_highprotect_s20_b0p02_lr1e6,risk_or_score_cap,"{""gap_threshold"": null, ""risk_threshold"": 1, ""score_cap_threshold"": 3, ""score_threshold"": 4}",0.5745257452574526,0.4801289674093644,-0.16079494128274616,0.2807017543859649,0.13157894736842105,0.015873015873015872,0.7302158273381295,0.5769230769230769
r5h_h6_from_r5g_a3_highprotect_s30_b0p02_lr1e6,r5h_h2_from_r5f2_real_highprotect_s20_b0p02_lr1e6,risk_or_score_cap,"{""gap_threshold"": null, ""risk_threshold"": 2, ""score_cap_threshold"": 2, ""score_threshold"": 4}",0.5094850948509485,0.4863405081062714,-0.04878048780487805,0.3684210526315789,0.13157894736842105,0.015873015873015872,0.7517985611510791,0.7307692307692307
r5h_h6_from_r5g_a3_highprotect_s30_b0p02_lr1e6,r5h_h2_from_r5f2_real_highprotect_s20_b0p02_lr1e6,risk_or_score_cap,"{""gap_threshold"": null, ""risk_threshold"": 2, ""score_cap_threshold"": 3, ""score_threshold"": 4}",0.5745257452574526,0.4801289674093644,-0.16079494128274616,0.2807017543859649,0.13157894736842105,0.015873015873015872,0.7302158273381295,0.5769230769230769
r5h_h6_from_r5g_a3_highprotect_s30_b0p02_lr1e6,r5h_h2_from_r5f2_real_highprotect_s20_b0p02_lr1e6,risk_or_score_cap,"{""gap_threshold"": null, ""risk_threshold"": 3, ""score_cap_threshold"": 2, ""score_threshold"": 4}",0.5763324299909666,0.4799453803632535,-0.16260162601626016,0.2807017543859649,0.13157894736842105,0.015873015873015872,0.7302158273381295,0.5769230769230769
r5h_h6_from_r5g_a3_highprotect_s30_b0p02_lr1e6,r5h_h2_from_r5f2_real_highprotect_s20_b0p02_lr1e6,risk_or_score_cap,"{""gap_threshold"": null, ""risk_threshold"": 3, ""score_cap_threshold"": 3, ""score_threshold"": 4}",0.5763324299909666,0.4799453803632535,-0.16260162601626016,0.2807017543859649,0.13157894736842105,0.015873015873015872,0.7302158273381295,0.5769230769230769
r5h_h6_from_r5g_a3_highprotect_s30_b0p02_lr1e6,r5h_h2_from_r5f2_real_highprotect_s20_b0p02_lr1e6,risk_and_gap,"{""gap_threshold"": 1, ""risk_threshold"": 1, ""score_cap_threshold"": null, ""score_threshold"": 4}",0.4869015356820235,0.49806850926333446,-0.004516711833785004,0.42105263157894735,0.13157894736842105,0.015873015873015872,0.7679856115107914,0.8076923076923077
r5h_h6_from_r5g_a3_highprotect_s30_b0p02_lr1e6,r5h_h2_from_r5f2_real_highprotect_s20_b0p02_lr1e6,risk_and_gap,"{""gap_threshold"": 2, ""risk_threshold"": 1, ""score_cap_threshold"": null, ""score_threshold"": 4}",0.4869015356820235,0.49806850926333446,-0.004516711833785004,0.42105263157894735,0.13157894736842105,0.015873015873015872,0.7679856115107914,0.8076923076923077
r5h_h6_from_r5g_a3_highprotect_s30_b0p02_lr1e6,r5h_h2_from_r5f2_real_highprotect_s20_b0p02_lr1e6,risk_and_gap,"{""gap_threshold"": 3, ""risk_threshold"": 1, ""score_cap_threshold"": null, ""score_threshold"": 4}",0.4869015356820235,0.49806850926333446,-0.004516711833785004,0.42105263157894735,0.13157894736842105,0.015873015873015872,0.7679856115107914,0.8076923076923077
r5h_h6_from_r5g_a3_highprotect_s30_b0p02_lr1e6,r5h_h2_from_r5f2_real_highprotect_s20_b0p02_lr1e6,risk_and_gap,"{""gap_threshold"": 1, ""risk_threshold"": 2, ""score_cap_threshold"": null, ""score_threshold"": 4}",0.5094850948509485,0.4863405081062714,-0.04878048780487805,0.3684210526315789,0.13157894736842105,0.015873015873015872,0.7517985611510791,0.7307692307692307
r5h_h6_from_r5g_a3_highprotect_s30_b0p02_lr1e6,r5h_h2_from_r5f2_real_highprotect_s20_b0p02_lr1e6,risk_and_gap,"{""gap_threshold"": 2, ""risk_threshold"": 2, ""score_cap_threshold"": null, ""score_threshold"": 4}",0.5094850948509485,0.4863405081062714,-0.04878048780487805,0.3684210526315789,0.13157894736842105,0.015873015873015872,0.7517985611510791,0.7307692307692307
r5h_h6_from_r5g_a3_highprotect_s30_b0p02_lr1e6,r5h_h2_from_r5f2_real_highprotect_s20_b0p02_lr1e6,risk_and_gap,"{""gap_threshold"": 3, ""risk_threshold"": 2, ""score_cap_threshold"": null, ""score_threshold"": 4}",0.4995483288166215,0.4888085292100506,-0.028003613369467027,0.40350877192982454,0.13157894736842105,0.015873015873015872,0.7517985611510791,0.7692307692307693
r5h_h6_from_r5g_a3_highprotect_s30_b0p02_lr1e6,r5h_h2_from_r5f2_real_highprotect_s20_b0p02_lr1e6,risk_and_gap,"{""gap_threshold"": 1, ""risk_threshold"": 3, ""score_cap_threshold"": null, ""score_threshold"": 4}",0.5763324299909666,0.4799453803632535,-0.16260162601626016,0.2807017543859649,0.13157894736842105,0.015873015873015872,0.7302158273381295,0.5769230769230769
r5h_h6_from_r5g_a3_highprotect_s30_b0p02_lr1e6,r5h_h2_from_r5f2_real_highprotect_s20_b0p02_lr1e6,risk_and_gap,"{""gap_threshold"": 2, ""risk_threshold"": 3, ""score_cap_threshold"": null, ""score_threshold"": 4}",0.5239385727190605,0.48623429225747006,-0.08491418247515808,0.2982456140350877,0.13157894736842105,0.015873015873015872,0.7302158273381295,0.6153846153846154
r5h_h6_from_r5g_a3_highprotect_s30_b0p02_lr1e6,r5h_h2_from_r5f2_real_highprotect_s20_b0p02_lr1e6,risk_and_gap,"{""gap_threshold"": 3, ""risk_threshold"": 3, ""score_cap_threshold"": null, ""score_threshold"": 4}",0.4995483288166215,0.4888085292100506,-0.028003613369467027,0.40350877192982454,0.13157894736842105,0.015873015873015872,0.7517985611510791,0.7692307692307693
r5h_h6_from_r5g_a3_highprotect_s30_b0p02_lr1e6,r5h_h2_from_r5f2_real_highprotect_s20_b0p02_lr1e6,gap_or_score_cap,"{""gap_threshold"": 1, ""risk_threshold"": null, ""score_cap_threshold"": 2, ""score_threshold"": 4}",0.6142728093947606,0.46632955757070316,-0.2836495031616983,0.21052631578947367,0.13157894736842105,0.015873015873015872,0.6798561151079137,0.46153846153846156
r5h_h6_from_r5g_a3_highprotect_s30_b0p02_lr1e6,r5h_h2_from_r5f2_real_highprotect_s20_b0p02_lr1e6,gap_or_score_cap,"{""gap_threshold"": 1, ""risk_threshold"": null, ""score_cap_threshold"": 3, ""score_threshold"": 4}",0.6142728093947606,0.46632955757070316,-0.2836495031616983,0.21052631578947367,0.13157894736842105,0.015873015873015872,0.6798561151079137,0.46153846153846156
r5h_h6_from_r5g_a3_highprotect_s30_b0p02_lr1e6,r5h_h2_from_r5f2_real_highprotect_s20_b0p02_lr1e6,gap_or_score_cap,"{""gap_threshold"": 2, ""risk_threshold"": null, ""score_cap_threshold"": 2, ""score_threshold"": 4}",0.5239385727190605,0.48623429225747006,-0.08491418247515808,0.2982456140350877,0.13157894736842105,0.015873015873015872,0.7302158273381295,0.6153846153846154
r5h_h6_from_r5g_a3_highprotect_s30_b0p02_lr1e6,r5h_h2_from_r5f2_real_highprotect_s20_b0p02_lr1e6,gap_or_score_cap,"{""gap_threshold"": 2, ""risk_threshold"": null, ""score_cap_threshold"": 3, ""score_threshold"": 4}",0.5745257452574526,0.4801289674093644,-0.16079494128274616,0.2807017543859649,0.13157894736842105,0.015873015873015872,0.7302158273381295,0.5769230769230769
r5h_h6_from_r5g_a3_highprotect_s30_b0p02_lr1e6,r5h_h2_from_r5f2_real_highprotect_s20_b0p02_lr1e6,gap_or_score_cap,"{""gap_threshold"": 3, ""risk_threshold"": null, ""score_cap_threshold"": 2, ""score_threshold"": 4}",0.5094850948509485,0.4863405081062714,-0.04878048780487805,0.3684210526315789,0.13157894736842105,0.015873015873015872,0.7517985611510791,0.7307692307692307
r5h_h6_from_r5g_a3_highprotect_s30_b0p02_lr1e6,r5h_h2_from_r5f2_real_highprotect_s20_b0p02_lr1e6,gap_or_score_cap,"{""gap_threshold"": 3, ""risk_threshold"": null, ""score_cap_threshold"": 3, ""score_threshold"": 4}",0.5745257452574526,0.4801289674093644,-0.16079494128274616,0.2807017543859649,0.13157894736842105,0.015873015873015872,0.7302158273381295,0.5769230769230769
r5h_h6_from_r5g_a3_highprotect_s30_b0p02_lr1e6,r5h_h2_from_r5f2_real_highprotect_s20_b0p02_lr1e6,risk_pred_le,"{""gap_threshold"": null, ""risk_threshold"": 1, ""score_cap_threshold"": null, ""score_threshold"": 5}",0.48148148148148145,0.4999221401138758,0.0009033423667570009,0.42105263157894735,0.13157894736842105,0.015873015873015872,0.7679856115107914,0.8076923076923077
r5h_h6_from_r5g_a3_highprotect_s30_b0p02_lr1e6,r5h_h2_from_r5f2_real_highprotect_s20_b0p02_lr1e6,risk_pred_le,"{""gap_threshold"": null, ""risk_threshold"": 2, ""score_cap_threshold"": null, ""score_threshold"": 5}",0.4941282746160795,0.49059719039370875,-0.022583559168925023,0.40350877192982454,0.13157894736842105,0.015873015873015872,0.7517985611510791,0.7692307692307693
r5h_h6_from_r5g_a3_highprotect_s30_b0p02_lr1e6,r5h_h2_from_r5f2_real_highprotect_s20_b0p02_lr1e6,risk_pred_le,"{""gap_threshold"": null, ""risk_threshold"": 3, ""score_cap_threshold"": null, ""score_threshold"": 5}",0.5085817524841915,0.49043379570867784,-0.05871725383920506,0.3333333333333333,0.13157894736842105,0.015873015873015872,0.7302158273381295,0.6538461538461539
r5h_h6_from_r5g_a3_highprotect_s30_b0p02_lr1e6,r5h_h2_from_r5f2_real_highprotect_s20_b0p02_lr1e6,gap_ge,"{""gap_threshold"": 1, ""risk_threshold"": null, ""score_cap_threshold"": null, ""score_threshold"": 5}",0.5465221318879856,0.47507022421096345,-0.17976513098464317,0.2631578947368421,0.13157894736842105,0.015873015873015872,0.6798561151079137,0.5384615384615384
r5h_h6_from_r5g_a3_highprotect_s30_b0p02_lr1e6,r5h_h2_from_r5f2_real_highprotect_s20_b0p02_lr1e6,gap_ge,"{""gap_threshold"": 2, ""risk_threshold"": null, ""score_cap_threshold"": null, ""score_threshold"": 5}",0.5085817524841915,0.49043379570867784,-0.05871725383920506,0.3333333333333333,0.13157894736842105,0.015873015873015872,0.7302158273381295,0.6538461538461539
r5h_h6_from_r5g_a3_highprotect_s30_b0p02_lr1e6,r5h_h2_from_r5f2_real_highprotect_s20_b0p02_lr1e6,gap_ge,"{""gap_threshold"": 3, ""risk_threshold"": null, ""score_cap_threshold"": null, ""score_threshold"": 5}",0.4941282746160795,0.49059719039370875,-0.022583559168925023,0.40350877192982454,0.13157894736842105,0.015873015873015872,0.7517985611510791,0.7692307692307693
r5h_h6_from_r5g_a3_highprotect_s30_b0p02_lr1e6,r5h_h2_from_r5f2_real_highprotect_s20_b0p02_lr1e6,score_cap_le,"{""gap_threshold"": null, ""risk_threshold"": null, ""score_cap_threshold"": 2, ""score_threshold"": 5}",0.4941282746160795,0.49059719039370875,-0.022583559168925023,0.40350877192982454,0.13157894736842105,0.015873015873015872,0.7517985611510791,0.7692307692307693
r5h_h6_from_r5g_a3_highprotect_s30_b0p02_lr1e6,r5h_h2_from_r5f2_real_highprotect_s20_b0p02_lr1e6,score_cap_le,"{""gap_threshold"": null, ""risk_threshold"": null, ""score_cap_threshold"": 3, ""score_threshold"": 5}",0.5085817524841915,0.49043379570867784,-0.05871725383920506,0.3333333333333333,0.13157894736842105,0.015873015873015872,0.7302158273381295,0.6538461538461539
r5h_h6_from_r5g_a3_highprotect_s30_b0p02_lr1e6,r5h_h2_from_r5f2_real_highprotect_s20_b0p02_lr1e6,risk_or_score_cap,"{""gap_threshold"": null, ""risk_threshold"": 1, ""score_cap_threshold"": 2, ""score_threshold"": 5}",0.4941282746160795,0.49059719039370875,-0.022583559168925023,0.40350877192982454,0.13157894736842105,0.015873015873015872,0.7517985611510791,0.7692307692307693
r5h_h6_from_r5g_a3_highprotect_s30_b0p02_lr1e6,r5h_h2_from_r5f2_real_highprotect_s20_b0p02_lr1e6,risk_or_score_cap,"{""gap_threshold"": null, ""risk_threshold"": 1, ""score_cap_threshold"": 3, ""score_threshold"": 5}",0.5085817524841915,0.49043379570867784,-0.05871725383920506,0.3333333333333333,0.13157894736842105,0.015873015873015872,0.7302158273381295,0.6538461538461539
r5h_h6_from_r5g_a3_highprotect_s30_b0p02_lr1e6,r5h_h2_from_r5f2_real_highprotect_s20_b0p02_lr1e6,risk_or_score_cap,"{""gap_threshold"": null, ""risk_threshold"": 2, ""score_cap_threshold"": 2, ""score_threshold"": 5}",0.4941282746160795,0.49059719039370875,-0.022583559168925023,0.40350877192982454,0.13157894736842105,0.015873015873015872,0.7517985611510791,0.7692307692307693
r5h_h6_from_r5g_a3_highprotect_s30_b0p02_lr1e6,r5h_h2_from_r5f2_real_highprotect_s20_b0p02_lr1e6,risk_or_score_cap,"{""gap_threshold"": null, ""risk_threshold"": 2, ""score_cap_threshold"": 3, ""score_threshold"": 5}",0.5085817524841915,0.49043379570867784,-0.05871725383920506,0.3333333333333333,0.13157894736842105,0.015873015873015872,0.7302158273381295,0.6538461538461539
r5h_h6_from_r5g_a3_highprotect_s30_b0p02_lr1e6,r5h_h2_from_r5f2_real_highprotect_s20_b0p02_lr1e6,risk_or_score_cap,"{""gap_threshold"": null, ""risk_threshold"": 3, ""score_cap_threshold"": 2, ""score_threshold"": 5}",0.5085817524841915,0.49043379570867784,-0.05871725383920506,0.3333333333333333,0.13157894736842105,0.015873015873015872,0.7302158273381295,0.6538461538461539
r5h_h6_from_r5g_a3_highprotect_s30_b0p02_lr1e6,r5h_h2_from_r5f2_real_highprotect_s20_b0p02_lr1e6,risk_or_score_cap,"{""gap_threshold"": null, ""risk_threshold"": 3, ""score_cap_threshold"": 3, ""score_threshold"": 5}",0.5085817524841915,0.49043379570867784,-0.05871725383920506,0.3333333333333333,0.13157894736842105,0.015873015873015872,0.7302158273381295,0.6538461538461539
r5h_h6_from_r5g_a3_highprotect_s30_b0p02_lr1e6,r5h_h2_from_r5f2_real_highprotect_s20_b0p02_lr1e6,risk_and_gap,"{""gap_threshold"": 1, ""risk_threshold"": 1, ""score_cap_threshold"": null, ""score_threshold"": 5}",0.48148148148148145,0.4999221401138758,0.0009033423667570009,0.42105263157894735,0.13157894736842105,0.015873015873015872,0.7679856115107914,0.8076923076923077
r5h_h6_from_r5g_a3_highprotect_s30_b0p02_lr1e6,r5h_h2_from_r5f2_real_highprotect_s20_b0p02_lr1e6,risk_and_gap,"{""gap_threshold"": 2, ""risk_threshold"": 1, ""score_cap_threshold"": null, ""score_threshold"": 5}",0.48148148148148145,0.4999221401138758,0.0009033423667570009,0.42105263157894735,0.13157894736842105,0.015873015873015872,0.7679856115107914,0.8076923076923077
r5h_h6_from_r5g_a3_highprotect_s30_b0p02_lr1e6,r5h_h2_from_r5f2_real_highprotect_s20_b0p02_lr1e6,risk_and_gap,"{""gap_threshold"": 3, ""risk_threshold"": 1, ""score_cap_threshold"": null, ""score_threshold"": 5}",0.48148148148148145,0.4999221401138758,0.0009033423667570009,0.42105263157894735,0.13157894736842105,0.015873015873015872,0.7679856115107914,0.8076923076923077
r5h_h6_from_r5g_a3_highprotect_s30_b0p02_lr1e6,r5h_h2_from_r5f2_real_highprotect_s20_b0p02_lr1e6,risk_and_gap,"{""gap_threshold"": 1, ""risk_threshold"": 2, ""score_cap_threshold"": null, ""score_threshold"": 5}",0.4941282746160795,0.49059719039370875,-0.022583559168925023,0.40350877192982454,0.13157894736842105,0.015873015873015872,0.7517985611510791,0.7692307692307693
r5h_h6_from_r5g_a3_highprotect_s30_b0p02_lr1e6,r5h_h2_from_r5f2_real_highprotect_s20_b0p02_lr1e6,risk_and_gap,"{""gap_threshold"": 2, ""risk_threshold"": 2, ""score_cap_threshold"": null, ""score_threshold"": 5}",0.4941282746160795,0.49059719039370875,-0.022583559168925023,0.40350877192982454,0.13157894736842105,0.015873015873015872,0.7517985611510791,0.7692307692307693
r5h_h6_from_r5g_a3_highprotect_s30_b0p02_lr1e6,r5h_h2_from_r5f2_real_highprotect_s20_b0p02_lr1e6,risk_and_gap,"{""gap_threshold"": 3, ""risk_threshold"": 2, ""score_cap_threshold"": null, ""score_threshold"": 5}",0.4941282746160795,0.49059719039370875,-0.022583559168925023,0.40350877192982454,0.13157894736842105,0.015873015873015872,0.7517985611510791,0.7692307692307693
r5h_h6_from_r5g_a3_highprotect_s30_b0p02_lr1e6,r5h_h2_from_r5f2_real_highprotect_s20_b0p02_lr1e6,risk_and_gap,"{""gap_threshold"": 1, ""risk_threshold"": 3, ""score_cap_threshold"": null, ""score_threshold"": 5}",0.5085817524841915,0.49043379570867784,-0.05871725383920506,0.3333333333333333,0.13157894736842105,0.015873015873015872,0.7302158273381295,0.6538461538461539
r5h_h6_from_r5g_a3_highprotect_s30_b0p02_lr1e6,r5h_h2_from_r5f2_real_highprotect_s20_b0p02_lr1e6,risk_and_gap,"{""gap_threshold"": 2, ""risk_threshold"": 3, ""score_cap_threshold"": null, ""score_threshold"": 5}",0.5085817524841915,0.49043379570867784,-0.05871725383920506,0.3333333333333333,0.13157894736842105,0.015873015873015872,0.7302158273381295,0.6538461538461539
r5h_h6_from_r5g_a3_highprotect_s30_b0p02_lr1e6,r5h_h2_from_r5f2_real_highprotect_s20_b0p02_lr1e6,risk_and_gap,"{""gap_threshold"": 3, ""risk_threshold"": 3, ""score_cap_threshold"": null, ""score_threshold"": 5}",0.4941282746160795,0.49059719039370875,-0.022583559168925023,0.40350877192982454,0.13157894736842105,0.015873015873015872,0.7517985611510791,0.7692307692307693
r5h_h6_from_r5g_a3_highprotect_s30_b0p02_lr1e6,r5h_h2_from_r5f2_real_highprotect_s20_b0p02_lr1e6,gap_or_score_cap,"{""gap_threshold"": 1, ""risk_threshold"": null, ""score_cap_threshold"": 2, ""score_threshold"": 5}",0.5465221318879856,0.47507022421096345,-0.17976513098464317,0.2631578947368421,0.13157894736842105,0.015873015873015872,0.6798561151079137,0.5384615384615384
r5h_h6_from_r5g_a3_highprotect_s30_b0p02_lr1e6,r5h_h2_from_r5f2_real_highprotect_s20_b0p02_lr1e6,gap_or_score_cap,"{""gap_threshold"": 1, ""risk_threshold"": null, ""score_cap_threshold"": 3, ""score_threshold"": 5}",0.5465221318879856,0.47507022421096345,-0.17976513098464317,0.2631578947368421,0.13157894736842105,0.015873015873015872,0.6798561151079137,0.5384615384615384
r5h_h6_from_r5g_a3_highprotect_s30_b0p02_lr1e6,r5h_h2_from_r5f2_real_highprotect_s20_b0p02_lr1e6,gap_or_score_cap,"{""gap_threshold"": 2, ""risk_threshold"": null, ""score_cap_threshold"": 2, ""score_threshold"": 5}",0.5085817524841915,0.49043379570867784,-0.05871725383920506,0.3333333333333333,0.13157894736842105,0.015873015873015872,0.7302158273381295,0.6538461538461539
r5h_h6_from_r5g_a3_highprotect_s30_b0p02_lr1e6,r5h_h2_from_r5f2_real_highprotect_s20_b0p02_lr1e6,gap_or_score_cap,"{""gap_threshold"": 2, ""risk_threshold"": null, ""score_cap_threshold"": 3, ""score_threshold"": 5}",0.5085817524841915,0.49043379570867784,-0.05871725383920506,0.3333333333333333,0.13157894736842105,0.015873015873015872,0.7302158273381295,0.6538461538461539
r5h_h6_from_r5g_a3_highprotect_s30_b0p02_lr1e6,r5h_h2_from_r5f2_real_highprotect_s20_b0p02_lr1e6,gap_or_score_cap,"{""gap_threshold"": 3, ""risk_threshold"": null, ""score_cap_threshold"": 2, ""score_threshold"": 5}",0.4941282746160795,0.49059719039370875,-0.022583559168925023,0.40350877192982454,0.13157894736842105,0.015873015873015872,0.7517985611510791,0.7692307692307693
r5h_h6_from_r5g_a3_highprotect_s30_b0p02_lr1e6,r5h_h2_from_r5f2_real_highprotect_s20_b0p02_lr1e6,gap_or_score_cap,"{""gap_threshold"": 3, ""risk_threshold"": null, ""score_cap_threshold"": 3, ""score_threshold"": 5}",0.5085817524841915,0.49043379570867784,-0.05871725383920506,0.3333333333333333,0.13157894736842105,0.015873015873015872,0.7302158273381295,0.6538461538461539
