Bias_human_mean,BinAgreement_paper_3way,Brier_rounded,ECE_rounded,Exact_rounded,H2L_count,H2L_n,H2L_rounded,Kendall_human_mean,L2H_count,L2H_n,L2H_rounded,MAE_expected_human_mean,MAE_human_mean,NLL_rounded,Predicted_1_count,Predicted_2_count,Predicted_3_count,Predicted_4_count,Predicted_5_count,QWK_rounded,Recall_1_correct,Recall_1_rounded,Recall_1_total,Recall_2_correct,Recall_2_rounded,Recall_2_total,Recall_3_correct,Recall_3_rounded,Recall_3_total,Recall_4_correct,Recall_4_rounded,Recall_4_total,Recall_5_correct,Recall_5_rounded,Recall_5_total,n,paper_bin_status,prediction_path
0.03714859437751003,0.875,0.415475124841982,0.07274127307246965,0.7198795180722891,2,582,0.003436426116838488,0.5775338576071984,9,20,0.45,0.37609335337994576,0.4016064257028112,0.7762346014767597,3,5,56,273,327,0.6154389822522381,3,0.5,6,2,0.14285714285714285,14,23,0.3709677419354839,62,175,0.7383966244725738,237,275,0.7971014492753623,345,664,REPRODUCED_SPLIT_TOLERANT,thesis_exp/exp17_low_score_evidence/outputs/exp28e_paper_reranker_multiseed_dev/runs/b0_original_human/seed_42/predictions_dev.jsonl
0.03714859437751003,0.875,0.415475124841982,0.07274127307246965,0.7198795180722891,2,582,0.003436426116838488,0.5775338576071984,9,20,0.45,0.37609335337994576,0.4016064257028112,0.7762346014767597,3,5,56,273,327,0.6154389822522381,3,0.5,6,2,0.14285714285714285,14,23,0.3709677419354839,62,175,0.7383966244725738,237,275,0.7971014492753623,345,664,REPRODUCED_SPLIT_TOLERANT,thesis_exp/exp17_low_score_evidence/outputs/exp28e_paper_reranker_multiseed_dev/runs/b0_original_human/seed_42/predictions_dev_best.jsonl
0.11546184738955823,0.8734939759036144,0.4773182896227455,0.18961194009486448,0.7108433734939759,3,582,0.005154639175257732,0.5679789838062941,11,20,0.55,0.3710403724779481,0.4066265060240964,1.1100710812223615,3,6,38,254,363,0.5917487783385404,3,0.5,6,1,0.07142857142857142,14,15,0.24193548387096775,62,162,0.6835443037974683,237,291,0.8434782608695652,345,664,REPRODUCED_SPLIT_TOLERANT,thesis_exp/exp17_low_score_evidence/outputs/exp28e_paper_reranker_multiseed_dev/runs/b0_original_human/seed_43/predictions_dev.jsonl
0.11546184738955823,0.8734939759036144,0.4773182896227455,0.18961194009486448,0.7108433734939759,3,582,0.005154639175257732,0.5679789838062941,11,20,0.55,0.3710403724779481,0.4066265060240964,1.1100710812223615,3,6,38,254,363,0.5917487783385404,3,0.5,6,1,0.07142857142857142,14,15,0.24193548387096775,62,162,0.6835443037974683,237,291,0.8434782608695652,345,664,REPRODUCED_SPLIT_TOLERANT,thesis_exp/exp17_low_score_evidence/outputs/exp28e_paper_reranker_multiseed_dev/runs/b0_original_human/seed_43/predictions_dev_best.jsonl
0.09889558232931725,0.8810240963855421,0.4086372809669797,0.13252920643931412,0.7424698795180723,0,582,0.0,0.6100338615750481,11,20,0.55,0.3356867534246474,0.377008032128514,0.853304402111752,4,2,42,265,351,0.6482467739913542,4,0.6666666666666666,6,2,0.14285714285714285,14,18,0.2903225806451613,62,174,0.7341772151898734,237,295,0.855072463768116,345,664,REPRODUCED_SPLIT_TOLERANT,thesis_exp/exp17_low_score_evidence/outputs/exp28e_paper_reranker_multiseed_dev/runs/b0_original_human/seed_44/predictions_dev.jsonl
0.09889558232931725,0.8810240963855421,0.4086372809669797,0.13252920643931412,0.7424698795180723,0,582,0.0,0.6100338615750481,11,20,0.55,0.3356867534246474,0.377008032128514,0.853304402111752,4,2,42,265,351,0.6482467739913542,4,0.6666666666666666,6,2,0.14285714285714285,14,18,0.2903225806451613,62,174,0.7341772151898734,237,295,0.855072463768116,345,664,REPRODUCED_SPLIT_TOLERANT,thesis_exp/exp17_low_score_evidence/outputs/exp28e_paper_reranker_multiseed_dev/runs/b0_original_human/seed_44/predictions_dev_best.jsonl
0.22238955823293174,0.858433734939759,0.6124964784246456,0.17639483430658476,0.5768072289156626,15,582,0.02577319587628866,0.3283781331472701,16,20,0.8,0.5067931768313267,0.5627510040160643,1.180218581233505,0,27,3,202,432,0.31591932939230927,0,0.0,6,2,0.14285714285714285,14,1,0.016129032258064516,62,103,0.4345991561181435,237,277,0.8028985507246377,345,664,REPRODUCED_SPLIT_TOLERANT,thesis_exp/exp17_low_score_evidence/outputs/exp28e_paper_reranker_multiseed_dev/runs/b1_primary_teacher_all/seed_42/predictions_dev.jsonl
0.22238955823293174,0.858433734939759,0.6124964784246456,0.17639483430658476,0.5768072289156626,15,582,0.02577319587628866,0.3283781331472701,16,20,0.8,0.5067931768313267,0.5627510040160643,1.180218581233505,0,27,3,202,432,0.31591932939230927,0,0.0,6,2,0.14285714285714285,14,1,0.016129032258064516,62,103,0.4345991561181435,237,277,0.8028985507246377,345,664,REPRODUCED_SPLIT_TOLERANT,thesis_exp/exp17_low_score_evidence/outputs/exp28e_paper_reranker_multiseed_dev/runs/b1_primary_teacher_all/seed_42/predictions_dev_best.jsonl
0.18022088353413654,0.8493975903614458,0.6484684098576237,0.19425798575562164,0.5737951807228916,22,582,0.037800687285223365,0.36235116499390446,13,20,0.65,0.5426814264985429,0.5667670682730923,1.3142146923632947,0,41,3,188,432,0.3573591699534816,0,0.0,6,5,0.35714285714285715,14,0,0.0,62,96,0.4050632911392405,237,280,0.8115942028985508,345,664,REPRODUCED_SPLIT_TOLERANT,thesis_exp/exp17_low_score_evidence/outputs/exp28e_paper_reranker_multiseed_dev/runs/b1_primary_teacher_all/seed_43/predictions_dev.jsonl
0.18022088353413654,0.8493975903614458,0.6484684098576237,0.19425798575562164,0.5737951807228916,22,582,0.037800687285223365,0.36235116499390446,13,20,0.65,0.5426814264985429,0.5667670682730923,1.3142146923632947,0,41,3,188,432,0.3573591699534816,0,0.0,6,5,0.35714285714285715,14,0,0.0,62,96,0.4050632911392405,237,280,0.8115942028985508,345,664,REPRODUCED_SPLIT_TOLERANT,thesis_exp/exp17_low_score_evidence/outputs/exp28e_paper_reranker_multiseed_dev/runs/b1_primary_teacher_all/seed_43/predictions_dev_best.jsonl
0.39106425702811237,0.8719879518072289,0.615318219511399,0.12415497103728441,0.5557228915662651,4,582,0.006872852233676976,0.19433730000422014,19,20,0.95,0.6938529012332733,0.5948795180722891,1.145530151411018,0,6,0,159,499,0.12761190458581484,0,0.0,6,1,0.07142857142857142,14,0,0.0,62,79,0.3333333333333333,237,289,0.8376811594202899,345,664,REPRODUCED_SPLIT_TOLERANT,thesis_exp/exp17_low_score_evidence/outputs/exp28e_paper_reranker_multiseed_dev/runs/b1_primary_teacher_all/seed_44/predictions_dev.jsonl
0.39106425702811237,0.8719879518072289,0.615318219511399,0.12415497103728441,0.5557228915662651,4,582,0.006872852233676976,0.19433730000422014,19,20,0.95,0.6938529012332733,0.5948795180722891,1.145530151411018,0,6,0,159,499,0.12761190458581484,0,0.0,6,1,0.07142857142857142,14,0,0.0,62,79,0.3333333333333333,237,289,0.8376811594202899,345,664,REPRODUCED_SPLIT_TOLERANT,thesis_exp/exp17_low_score_evidence/outputs/exp28e_paper_reranker_multiseed_dev/runs/b1_primary_teacher_all/seed_44/predictions_dev_best.jsonl
0.1711847389558233,0.8704819277108434,0.5801350911052988,0.23729311831923852,0.6400602409638554,5,582,0.00859106529209622,0.47572462903196977,10,20,0.5,0.4173508566311011,0.4623493975903614,1.3908135456530943,3,11,41,196,413,0.5316659563152754,3,0.5,6,2,0.14285714285714285,14,16,0.25806451612903225,62,113,0.4767932489451477,237,291,0.8434782608695652,345,664,REPRODUCED_SPLIT_TOLERANT,thesis_exp/exp17_low_score_evidence/outputs/exp28e_paper_reranker_multiseed_dev/runs/b2_selective_dual_teacher/seed_42/predictions_dev.jsonl
0.1711847389558233,0.8704819277108434,0.5801350911052988,0.23729311831923852,0.6400602409638554,5,582,0.00859106529209622,0.47572462903196977,10,20,0.5,0.4173508566311011,0.4623493975903614,1.3908135456530943,3,11,41,196,413,0.5316659563152754,3,0.5,6,2,0.14285714285714285,14,16,0.25806451612903225,62,113,0.4767932489451477,237,291,0.8434782608695652,345,664,REPRODUCED_SPLIT_TOLERANT,thesis_exp/exp17_low_score_evidence/outputs/exp28e_paper_reranker_multiseed_dev/runs/b2_selective_dual_teacher/seed_42/predictions_dev_best.jsonl
0.16967871485943775,0.8704819277108434,0.5992879332282892,0.24873535837753702,0.6400602409638554,6,582,0.010309278350515464,0.4561635593587867,12,20,0.6,0.42882609636240987,0.46987951807228917,1.5132617512023634,4,14,26,214,406,0.5102025415798848,4,0.6666666666666666,6,2,0.14285714285714285,14,10,0.16129032258064516,62,123,0.5189873417721519,237,286,0.8289855072463768,345,664,REPRODUCED_SPLIT_TOLERANT,thesis_exp/exp17_low_score_evidence/outputs/exp28e_paper_reranker_multiseed_dev/runs/b2_selective_dual_teacher/seed_43/predictions_dev.jsonl
0.16967871485943775,0.8704819277108434,0.5992879332282892,0.24873535837753702,0.6400602409638554,6,582,0.010309278350515464,0.4561635593587867,12,20,0.6,0.42882609636240987,0.46987951807228917,1.5132617512023634,4,14,26,214,406,0.5102025415798848,4,0.6666666666666666,6,2,0.14285714285714285,14,10,0.16129032258064516,62,123,0.5189873417721519,237,286,0.8289855072463768,345,664,REPRODUCED_SPLIT_TOLERANT,thesis_exp/exp17_low_score_evidence/outputs/exp28e_paper_reranker_multiseed_dev/runs/b2_selective_dual_teacher/seed_43/predictions_dev_best.jsonl
0.18022088353413657,0.8795180722891566,0.5290710490133155,0.16371589872133302,0.6385542168674698,3,582,0.005154639175257732,0.4648912088585984,15,20,0.75,0.40747897371453595,0.4613453815261043,0.9649892844714183,1,8,14,261,380,0.468970383834064,1,0.16666666666666666,6,2,0.14285714285714285,14,7,0.11290322580645161,62,140,0.5907172995780591,237,274,0.7942028985507247,345,664,REPRODUCED_SPLIT_TOLERANT,thesis_exp/exp17_low_score_evidence/outputs/exp28e_paper_reranker_multiseed_dev/runs/b2_selective_dual_teacher/seed_44/predictions_dev.jsonl
0.18022088353413657,0.8795180722891566,0.5290710490133155,0.16371589872133302,0.6385542168674698,3,582,0.005154639175257732,0.4648912088585984,15,20,0.75,0.40747897371453595,0.4613453815261043,0.9649892844714183,1,8,14,261,380,0.468970383834064,1,0.16666666666666666,6,2,0.14285714285714285,14,7,0.11290322580645161,62,140,0.5907172995780591,237,274,0.7942028985507247,345,664,REPRODUCED_SPLIT_TOLERANT,thesis_exp/exp17_low_score_evidence/outputs/exp28e_paper_reranker_multiseed_dev/runs/b2_selective_dual_teacher/seed_44/predictions_dev_best.jsonl
0.17269076305220885,0.8659638554216867,0.6915568204969749,0.29642906811941105,0.5948795180722891,15,582,0.02577319587628866,0.3764385972815517,11,20,0.55,0.49715360285231314,0.5291164658634537,1.820597033872671,4,24,17,200,419,0.4184535366054605,3,0.5,6,3,0.21428571428571427,14,8,0.12903225806451613,62,105,0.4430379746835443,237,276,0.8,345,664,REPRODUCED_SPLIT_TOLERANT,thesis_exp/exp17_low_score_evidence/outputs/exp28e_paper_reranker_multiseed_dev/runs/b3_filter_unresolved/seed_42/predictions_dev.jsonl
0.17269076305220885,0.8659638554216867,0.6915568204969749,0.29642906811941105,0.5948795180722891,15,582,0.02577319587628866,0.3764385972815517,11,20,0.55,0.49715360285231314,0.5291164658634537,1.820597033872671,4,24,17,200,419,0.4184535366054605,3,0.5,6,3,0.21428571428571427,14,8,0.12903225806451613,62,105,0.4430379746835443,237,276,0.8,345,664,REPRODUCED_SPLIT_TOLERANT,thesis_exp/exp17_low_score_evidence/outputs/exp28e_paper_reranker_multiseed_dev/runs/b3_filter_unresolved/seed_42/predictions_dev_best.jsonl
0.24196787148594376,0.8539156626506024,0.6316661496767103,0.20801296495798843,0.5948795180722891,18,582,0.030927835051546393,0.3726646264510347,16,20,0.8,0.49490911647176483,0.5532128514056226,1.3010191073064086,1,28,1,186,448,0.3247114469300333,0,0.0,6,3,0.21428571428571427,14,0,0.0,62,99,0.4177215189873418,237,293,0.8492753623188406,345,664,REPRODUCED_SPLIT_TOLERANT,thesis_exp/exp17_low_score_evidence/outputs/exp28e_paper_reranker_multiseed_dev/runs/b3_filter_unresolved/seed_43/predictions_dev.jsonl
0.24196787148594376,0.8539156626506024,0.6316661496767103,0.20801296495798843,0.5948795180722891,18,582,0.030927835051546393,0.3726646264510347,16,20,0.8,0.49490911647176483,0.5532128514056226,1.3010191073064086,1,28,1,186,448,0.3247114469300333,0,0.0,6,3,0.21428571428571427,14,0,0.0,62,99,0.4177215189873418,237,293,0.8492753623188406,345,664,REPRODUCED_SPLIT_TOLERANT,thesis_exp/exp17_low_score_evidence/outputs/exp28e_paper_reranker_multiseed_dev/runs/b3_filter_unresolved/seed_43/predictions_dev_best.jsonl
0.22238955823293174,0.8629518072289156,0.6577455521381578,0.26666940232536884,0.5948795180722891,14,582,0.024054982817869417,0.3851823539983858,15,20,0.75,0.47596915726597094,0.5276104417670683,1.453948630047114,2,24,0,209,429,0.38407496816134123,2,0.3333333333333333,6,3,0.21428571428571427,14,0,0.0,62,106,0.4472573839662447,237,284,0.8231884057971014,345,664,REPRODUCED_SPLIT_TOLERANT,thesis_exp/exp17_low_score_evidence/outputs/exp28e_paper_reranker_multiseed_dev/runs/b3_filter_unresolved/seed_44/predictions_dev.jsonl
0.22238955823293174,0.8629518072289156,0.6577455521381578,0.26666940232536884,0.5948795180722891,14,582,0.024054982817869417,0.3851823539983858,15,20,0.75,0.47596915726597094,0.5276104417670683,1.453948630047114,2,24,0,209,429,0.38407496816134123,2,0.3333333333333333,6,3,0.21428571428571427,14,0,0.0,62,106,0.4472573839662447,237,284,0.8231884057971014,345,664,REPRODUCED_SPLIT_TOLERANT,thesis_exp/exp17_low_score_evidence/outputs/exp28e_paper_reranker_multiseed_dev/runs/b3_filter_unresolved/seed_44/predictions_dev_best.jsonl
0.24347389558232935,0.8780120481927711,0.4605319343624125,0.0451896955001067,0.6521084337349398,0,582,0.0,0.45504253566469544,17,20,0.85,0.39604962602655186,0.45833333333333337,0.8211214133667817,2,0,12,243,407,0.42334157258333893,2,0.3333333333333333,6,0,0.0,14,5,0.08064516129032258,62,137,0.5780590717299579,237,289,0.8376811594202899,345,664,REPRODUCED_SPLIT_TOLERANT,thesis_exp/exp17_low_score_evidence/outputs/exp28e_paper_reranker_multiseed_dev/runs/b4_random_transition_control/seed_42/predictions_dev.jsonl
0.24347389558232935,0.8780120481927711,0.4605319343624125,0.0451896955001067,0.6521084337349398,0,582,0.0,0.45504253566469544,17,20,0.85,0.39604962602655186,0.45833333333333337,0.8211214133667817,2,0,12,243,407,0.42334157258333893,2,0.3333333333333333,6,0,0.0,14,5,0.08064516129032258,62,137,0.5780590717299579,237,289,0.8376811594202899,345,664,REPRODUCED_SPLIT_TOLERANT,thesis_exp/exp17_low_score_evidence/outputs/exp28e_paper_reranker_multiseed_dev/runs/b4_random_transition_control/seed_42/predictions_dev_best.jsonl
0.142570281124498,0.8734939759036144,0.45130957736798794,0.03464948161538829,0.6671686746987951,3,582,0.005154639175257732,0.48808457628389884,13,20,0.65,0.37881947660811965,0.44779116465863444,0.8023035529935125,3,8,32,242,379,0.5099972152603731,3,0.5,6,3,0.21428571428571427,14,13,0.20967741935483872,62,142,0.5991561181434599,237,282,0.8173913043478261,345,664,REPRODUCED_SPLIT_TOLERANT,thesis_exp/exp17_low_score_evidence/outputs/exp28e_paper_reranker_multiseed_dev/runs/b4_random_transition_control/seed_43/predictions_dev.jsonl
0.142570281124498,0.8734939759036144,0.45130957736798794,0.03464948161538829,0.6671686746987951,3,582,0.005154639175257732,0.48808457628389884,13,20,0.65,0.37881947660811965,0.44779116465863444,0.8023035529935125,3,8,32,242,379,0.5099972152603731,3,0.5,6,3,0.21428571428571427,14,13,0.20967741935483872,62,142,0.5991561181434599,237,282,0.8173913043478261,345,664,REPRODUCED_SPLIT_TOLERANT,thesis_exp/exp17_low_score_evidence/outputs/exp28e_paper_reranker_multiseed_dev/runs/b4_random_transition_control/seed_43/predictions_dev_best.jsonl
0.178714859437751,0.8810240963855421,0.48219256583976283,0.11821088210556165,0.6430722891566265,7,582,0.012027491408934709,0.45889988546104166,7,20,0.35,0.3791042662274015,0.46787148594377503,0.864248597877615,7,11,43,171,432,0.541083056995185,4,0.6666666666666666,6,4,0.2857142857142857,14,20,0.3225806451612903,62,103,0.4345991561181435,237,296,0.8579710144927536,345,664,REPRODUCED_SPLIT_TOLERANT,thesis_exp/exp17_low_score_evidence/outputs/exp28e_paper_reranker_multiseed_dev/runs/b4_random_transition_control/seed_44/predictions_dev.jsonl
0.178714859437751,0.8810240963855421,0.48219256583976283,0.11821088210556165,0.6430722891566265,7,582,0.012027491408934709,0.45889988546104166,7,20,0.35,0.3791042662274015,0.46787148594377503,0.864248597877615,7,11,43,171,432,0.541083056995185,4,0.6666666666666666,6,4,0.2857142857142857,14,20,0.3225806451612903,62,103,0.4345991561181435,237,296,0.8579710144927536,345,664,REPRODUCED_SPLIT_TOLERANT,thesis_exp/exp17_low_score_evidence/outputs/exp28e_paper_reranker_multiseed_dev/runs/b4_random_transition_control/seed_44/predictions_dev_best.jsonl
0.14782717910072843,0.8639788997739262,0.5540531601461862,0.20475993099388723,0.6375282592313489,0,2327,0.0,0.4182676844257997,60,76,0.7894736842105263,0.4616715783958038,0.4907058528008037,1.2812840134953811,1,0,162,1078,1413,0.38967351047672216,1,0.041666666666666664,24,0,0.0,52,56,0.22310756972111553,251,595,0.6289640591966174,946,1040,0.7530774800868936,1381,2654,REPRODUCED_SPLIT_TOLERANT,thesis_exp/exp36_safer_score/outputs/exp36a_safer_score_seed42/private/exp36a_oof_human_baseline_predictions.jsonl
0.11546184738955824,0.8810240963855421,0.42668069137851317,0.08929848576705142,0.7108433734939759,0,582,0.0,0.5718356043458594,14,20,0.7,0.36824477102019987,0.39759036144578314,0.7821650684399487,3,1,27,291,342,0.5757069829084838,3,0.5,6,1,0.07142857142857142,14,12,0.1935483870967742,62,176,0.7426160337552743,237,280,0.8115942028985508,345,664,REPRODUCED_SPLIT_TOLERANT,thesis_exp/outputs/exp02_ce_baseline/predictions/predictions_dev.jsonl
0.11546184738955824,0.8810240963855421,0.42668069137851317,0.08929848576705142,0.7108433734939759,0,582,0.0,0.5718356043458594,14,20,0.7,0.36824477102019987,0.39759036144578314,0.7821650684399487,3,1,27,291,342,0.5757069829084838,3,0.5,6,1,0.07142857142857142,14,12,0.1935483870967742,62,176,0.7426160337552743,237,280,0.8115942028985508,345,664,REPRODUCED_SPLIT_TOLERANT,thesis_exp/outputs/exp02_ce_baseline/predictions/predictions_dev_best.jsonl
0.14096783889389838,0.8809738503155996,0.3893898658462428,0.06811279212977028,0.7299368800721371,1,1921,0.0005205622071837585,0.5692855146538734,55,103,0.5339805825242718,0.38645533517366676,0.4238052299368801,0.7200581226388741,11,15,102,945,1145,0.5445660551774902,10,0.17857142857142858,56,12,0.2553191489361702,47,44,0.2268041237113402,194,582,0.8083333333333333,720,971,0.8084929225645295,1201,2218,REPRODUCED_SPLIT_TOLERANT,thesis_exp/outputs/exp02_ce_baseline/predictions/predictions_test.jsonl
0.11546184738955824,0.8810240963855421,0.42668069137851317,0.08929848576705142,0.7108433734939759,0,582,0.0,0.5718356043458594,14,20,0.7,0.36824477102019987,0.39759036144578314,0.7821650684399487,3,1,27,291,342,0.5757069829084838,3,0.5,6,1,0.07142857142857142,14,12,0.1935483870967742,62,176,0.7426160337552743,237,280,0.8115942028985508,345,664,REPRODUCED_SPLIT_TOLERANT,thesis_exp/outputs/exp02_ce_baseline/predictions_dev.jsonl
0.11546184738955824,0.8810240963855421,0.42668069137851317,0.08929848576705142,0.7108433734939759,0,582,0.0,0.5718356043458594,14,20,0.7,0.36824477102019987,0.39759036144578314,0.7821650684399487,3,1,27,291,342,0.5757069829084838,3,0.5,6,1,0.07142857142857142,14,12,0.1935483870967742,62,176,0.7426160337552743,237,280,0.8115942028985508,345,664,REPRODUCED_SPLIT_TOLERANT,thesis_exp/outputs/exp02_ce_baseline/predictions_dev_best.jsonl
0.14096783889389838,0.8809738503155996,0.3893898658462428,0.06811279212977028,0.7299368800721371,1,1921,0.0005205622071837585,0.5692855146538734,55,103,0.5339805825242718,0.38645533517366676,0.4238052299368801,0.7200581226388741,11,15,102,945,1145,0.5445660551774902,10,0.17857142857142858,56,12,0.2553191489361702,47,44,0.2268041237113402,194,582,0.8083333333333333,720,971,0.8084929225645295,1201,2218,REPRODUCED_SPLIT_TOLERANT,thesis_exp/outputs/exp02_ce_baseline/predictions_test.jsonl
0.24196787148594381,0.8780120481927711,0.48428529040243723,0.06517871743045656,0.6445783132530121,1,582,0.001718213058419244,0.3892020698389396,18,20,0.9,0.4435962806553781,0.4869477911646587,0.8614676855177426,1,1,10,249,403,0.331856005788712,1,0.16666666666666666,6,0,0.0,14,5,0.08064516129032258,62,142,0.5991561181434599,237,280,0.8115942028985508,345,664,REPRODUCED_SPLIT_TOLERANT,thesis_exp/outputs/exp03_input_ablation/predictions/A0_answer_only_predictions_dev.jsonl
0.34430417793808227,0.8701532912533815,0.46974756805618667,0.03635844976596729,0.6668169522091975,2,1921,0.001041124414367517,0.3507460708301964,87,103,0.8446601941747572,0.490635122477037,0.5408776675683798,0.8805705575791689,0,21,15,694,1488,0.23175831704267857,0,0.0,56,13,0.2765957446808511,47,5,0.02577319587628866,194,432,0.6,720,1029,0.8567860116569526,1201,2218,REPRODUCED_SPLIT_TOLERANT,thesis_exp/outputs/exp03_input_ablation/predictions/A0_answer_only_predictions_test.jsonl
0.1757028112449799,0.8704819277108434,0.5062324550572306,0.10686370883002339,0.641566265060241,1,582,0.001718213058419244,0.3857540656132877,13,20,0.65,0.4457848615979445,0.4949799196787149,0.9119529183591966,2,1,40,229,392,0.37554599657869825,1,0.16666666666666666,6,1,0.07142857142857142,14,15,0.24193548387096775,62,136,0.5738396624472574,237,273,0.7913043478260869,345,664,REPRODUCED_SPLIT_TOLERANT,thesis_exp/outputs/exp03_input_ablation/predictions/A1_question_answer_predictions_dev.jsonl
0.2775773970544034,0.8620378719567178,0.48482361886463804,0.09548993897771277,0.6492335437330928,1,1921,0.0005205622071837585,0.3699011680295815,81,103,0.7864077669902912,0.4755269345788837,0.5405770964833183,0.9109660354580549,1,17,86,708,1406,0.2985246246049513,0,0.0,56,11,0.23404255319148937,47,28,0.14432989690721648,194,411,0.5708333333333333,720,990,0.8243130724396336,1201,2218,REPRODUCED_SPLIT_TOLERANT,thesis_exp/outputs/exp03_input_ablation/predictions/A1_question_answer_predictions_test.jsonl
0.11546184738955824,0.8810240963855421,0.42668069137851317,0.08929848576705142,0.7108433734939759,0,582,0.0,0.5718356043458594,14,20,0.7,0.36824477102019987,0.39759036144578314,0.7821650684399487,3,1,27,291,342,0.5757069829084838,3,0.5,6,1,0.07142857142857142,14,12,0.1935483870967742,62,176,0.7426160337552743,237,280,0.8115942028985508,345,664,REPRODUCED_SPLIT_TOLERANT,thesis_exp/outputs/exp03_input_ablation/predictions/A2_question_answer_metric_predictions_dev.jsonl
0.14096783889389838,0.8809738503155996,0.3893898658462428,0.06811279212977028,0.7299368800721371,1,1921,0.0005205622071837585,0.5692855146538734,55,103,0.5339805825242718,0.38645533517366676,0.4238052299368801,0.7200581226388741,11,15,102,945,1145,0.5445660551774902,10,0.17857142857142858,56,12,0.2553191489361702,47,44,0.2268041237113402,194,582,0.8083333333333333,720,971,0.8084929225645295,1201,2218,REPRODUCED_SPLIT_TOLERANT,thesis_exp/outputs/exp03_input_ablation/predictions/A2_question_answer_metric_predictions_test.jsonl
0.06425702811244978,0.8810240963855421,0.40575670715720363,0.08800676038645837,0.7304216867469879,1,582,0.001718213058419244,0.5923641224059009,11,20,0.55,0.385948786014224,0.39156626506024095,0.7482202805442175,2,4,41,292,325,0.6175401532101774,2,0.3333333333333333,6,2,0.14285714285714285,14,18,0.2903225806451613,62,185,0.7805907172995781,237,278,0.8057971014492754,345,664,REPRODUCED_SPLIT_TOLERANT,thesis_exp/outputs/exp03_input_ablation/predictions/A3_question_answer_metric_rubric_predictions_dev.jsonl
0.07018334836188757,0.8764652840396754,0.39230300993331285,0.061071616301029204,0.7168620378719567,5,1921,0.0026028110359187923,0.5914073850965026,41,103,0.39805825242718446,0.40383419724273606,0.4236549443943492,0.723296575358509,5,32,200,879,1102,0.5939022924836752,5,0.08928571428571429,56,17,0.3617021276595745,47,83,0.42783505154639173,194,541,0.7513888888888889,720,944,0.7860116569525396,1201,2218,REPRODUCED_SPLIT_TOLERANT,thesis_exp/outputs/exp03_input_ablation/predictions/A3_question_answer_metric_rubric_predictions_test.jsonl
0.10341365461847388,0.8810240963855421,0.41505427171796466,0.12410662619464366,0.7274096385542169,1,582,0.001718213058419244,0.5744568810878344,10,20,0.5,0.3719766403599309,0.39759036144578314,0.8229160916445218,3,4,42,260,355,0.6204902008304656,3,0.5,6,2,0.14285714285714285,14,18,0.2903225806451613,62,169,0.7130801687763713,237,291,0.8434782608695652,345,664,REPRODUCED_SPLIT_TOLERANT,thesis_exp/outputs/exp03_input_ablation/predictions/A4_question_answer_metric_rubric_metadata_predictions_dev.jsonl
0.13014727983168017,0.8881875563570785,0.38289215744160965,0.1089103270802442,0.7412082957619477,4,1921,0.002082248828735034,0.5940582341762678,46,103,0.44660194174757284,0.3665725016165289,0.4030658250676285,0.7439738394314854,20,29,160,775,1234,0.6232592630519495,19,0.3392857142857143,56,18,0.3829787234042553,47,78,0.4020618556701031,194,507,0.7041666666666667,720,1022,0.8509575353871773,1201,2218,REPRODUCED_SPLIT_TOLERANT,thesis_exp/outputs/exp03_input_ablation/predictions/A4_question_answer_metric_rubric_metadata_predictions_test.jsonl
0.24196787148594381,0.8780120481927711,0.48428529040243723,0.06517871743045656,0.6445783132530121,1,582,0.001718213058419244,0.3892020698389396,18,20,0.9,0.4435962806553781,0.4869477911646587,0.8614676855177426,1,1,10,249,403,0.331856005788712,1,0.16666666666666666,6,0,0.0,14,5,0.08064516129032258,62,142,0.5991561181434599,237,280,0.8115942028985508,345,664,REPRODUCED_SPLIT_TOLERANT,thesis_exp/outputs/exp03_input_ablation/runs/A0_answer_only/predictions/predictions_dev.jsonl
0.24196787148594381,0.8780120481927711,0.48428529040243723,0.06517871743045656,0.6445783132530121,1,582,0.001718213058419244,0.3892020698389396,18,20,0.9,0.4435962806553781,0.4869477911646587,0.8614676855177426,1,1,10,249,403,0.331856005788712,1,0.16666666666666666,6,0,0.0,14,5,0.08064516129032258,62,142,0.5991561181434599,237,280,0.8115942028985508,345,664,REPRODUCED_SPLIT_TOLERANT,thesis_exp/outputs/exp03_input_ablation/runs/A0_answer_only/predictions/predictions_dev_best.jsonl
0.34430417793808227,0.8701532912533815,0.46974756805618667,0.03635844976596729,0.6668169522091975,2,1921,0.001041124414367517,0.3507460708301964,87,103,0.8446601941747572,0.490635122477037,0.5408776675683798,0.8805705575791689,0,21,15,694,1488,0.23175831704267857,0,0.0,56,13,0.2765957446808511,47,5,0.02577319587628866,194,432,0.6,720,1029,0.8567860116569526,1201,2218,REPRODUCED_SPLIT_TOLERANT,thesis_exp/outputs/exp03_input_ablation/runs/A0_answer_only/predictions/predictions_test.jsonl
0.24196787148594381,0.8780120481927711,0.48428529040243723,0.06517871743045656,0.6445783132530121,1,582,0.001718213058419244,0.3892020698389396,18,20,0.9,0.4435962806553781,0.4869477911646587,0.8614676855177426,1,1,10,249,403,0.331856005788712,1,0.16666666666666666,6,0,0.0,14,5,0.08064516129032258,62,142,0.5991561181434599,237,280,0.8115942028985508,345,664,REPRODUCED_SPLIT_TOLERANT,thesis_exp/outputs/exp03_input_ablation/runs/A0_answer_only/predictions_dev.jsonl
0.24196787148594381,0.8780120481927711,0.48428529040243723,0.06517871743045656,0.6445783132530121,1,582,0.001718213058419244,0.3892020698389396,18,20,0.9,0.4435962806553781,0.4869477911646587,0.8614676855177426,1,1,10,249,403,0.331856005788712,1,0.16666666666666666,6,0,0.0,14,5,0.08064516129032258,62,142,0.5991561181434599,237,280,0.8115942028985508,345,664,REPRODUCED_SPLIT_TOLERANT,thesis_exp/outputs/exp03_input_ablation/runs/A0_answer_only/predictions_dev_best.jsonl
0.34430417793808227,0.8701532912533815,0.46974756805618667,0.03635844976596729,0.6668169522091975,2,1921,0.001041124414367517,0.3507460708301964,87,103,0.8446601941747572,0.490635122477037,0.5408776675683798,0.8805705575791689,0,21,15,694,1488,0.23175831704267857,0,0.0,56,13,0.2765957446808511,47,5,0.02577319587628866,194,432,0.6,720,1029,0.8567860116569526,1201,2218,REPRODUCED_SPLIT_TOLERANT,thesis_exp/outputs/exp03_input_ablation/runs/A0_answer_only/predictions_test.jsonl
0.1757028112449799,0.8704819277108434,0.5062324550572306,0.10686370883002339,0.641566265060241,1,582,0.001718213058419244,0.3857540656132877,13,20,0.65,0.4457848615979445,0.4949799196787149,0.9119529183591966,2,1,40,229,392,0.37554599657869825,1,0.16666666666666666,6,1,0.07142857142857142,14,15,0.24193548387096775,62,136,0.5738396624472574,237,273,0.7913043478260869,345,664,REPRODUCED_SPLIT_TOLERANT,thesis_exp/outputs/exp03_input_ablation/runs/A1_question_answer/predictions/predictions_dev.jsonl
0.1757028112449799,0.8704819277108434,0.5062324550572306,0.10686370883002339,0.641566265060241,1,582,0.001718213058419244,0.3857540656132877,13,20,0.65,0.4457848615979445,0.4949799196787149,0.9119529183591966,2,1,40,229,392,0.37554599657869825,1,0.16666666666666666,6,1,0.07142857142857142,14,15,0.24193548387096775,62,136,0.5738396624472574,237,273,0.7913043478260869,345,664,REPRODUCED_SPLIT_TOLERANT,thesis_exp/outputs/exp03_input_ablation/runs/A1_question_answer/predictions/predictions_dev_best.jsonl
0.2775773970544034,0.8620378719567178,0.48482361886463804,0.09548993897771277,0.6492335437330928,1,1921,0.0005205622071837585,0.3699011680295815,81,103,0.7864077669902912,0.4755269345788837,0.5405770964833183,0.9109660354580549,1,17,86,708,1406,0.2985246246049513,0,0.0,56,11,0.23404255319148937,47,28,0.14432989690721648,194,411,0.5708333333333333,720,990,0.8243130724396336,1201,2218,REPRODUCED_SPLIT_TOLERANT,thesis_exp/outputs/exp03_input_ablation/runs/A1_question_answer/predictions/predictions_test.jsonl
0.1757028112449799,0.8704819277108434,0.5062324550572306,0.10686370883002339,0.641566265060241,1,582,0.001718213058419244,0.3857540656132877,13,20,0.65,0.4457848615979445,0.4949799196787149,0.9119529183591966,2,1,40,229,392,0.37554599657869825,1,0.16666666666666666,6,1,0.07142857142857142,14,15,0.24193548387096775,62,136,0.5738396624472574,237,273,0.7913043478260869,345,664,REPRODUCED_SPLIT_TOLERANT,thesis_exp/outputs/exp03_input_ablation/runs/A1_question_answer/predictions_dev.jsonl
0.1757028112449799,0.8704819277108434,0.5062324550572306,0.10686370883002339,0.641566265060241,1,582,0.001718213058419244,0.3857540656132877,13,20,0.65,0.4457848615979445,0.4949799196787149,0.9119529183591966,2,1,40,229,392,0.37554599657869825,1,0.16666666666666666,6,1,0.07142857142857142,14,15,0.24193548387096775,62,136,0.5738396624472574,237,273,0.7913043478260869,345,664,REPRODUCED_SPLIT_TOLERANT,thesis_exp/outputs/exp03_input_ablation/runs/A1_question_answer/predictions_dev_best.jsonl
0.2775773970544034,0.8620378719567178,0.48482361886463804,0.09548993897771277,0.6492335437330928,1,1921,0.0005205622071837585,0.3699011680295815,81,103,0.7864077669902912,0.4755269345788837,0.5405770964833183,0.9109660354580549,1,17,86,708,1406,0.2985246246049513,0,0.0,56,11,0.23404255319148937,47,28,0.14432989690721648,194,411,0.5708333333333333,720,990,0.8243130724396336,1201,2218,REPRODUCED_SPLIT_TOLERANT,thesis_exp/outputs/exp03_input_ablation/runs/A1_question_answer/predictions_test.jsonl
0.11546184738955824,0.8810240963855421,0.42668069137851317,0.08929848576705142,0.7108433734939759,0,582,0.0,0.5718356043458594,14,20,0.7,0.36824477102019987,0.39759036144578314,0.7821650684399487,3,1,27,291,342,0.5757069829084838,3,0.5,6,1,0.07142857142857142,14,12,0.1935483870967742,62,176,0.7426160337552743,237,280,0.8115942028985508,345,664,REPRODUCED_SPLIT_TOLERANT,thesis_exp/outputs/exp03_input_ablation/runs/A2_question_answer_metric/predictions/predictions_dev.jsonl
0.14096783889389838,0.8809738503155996,0.3893898658462428,0.06811279212977028,0.7299368800721371,1,1921,0.0005205622071837585,0.5692855146538734,55,103,0.5339805825242718,0.38645533517366676,0.4238052299368801,0.7200581226388741,11,15,102,945,1145,0.5445660551774902,10,0.17857142857142858,56,12,0.2553191489361702,47,44,0.2268041237113402,194,582,0.8083333333333333,720,971,0.8084929225645295,1201,2218,REPRODUCED_SPLIT_TOLERANT,thesis_exp/outputs/exp03_input_ablation/runs/A2_question_answer_metric/predictions/predictions_test.jsonl
0.06425702811244978,0.8810240963855421,0.40575670715720363,0.08800676038645837,0.7304216867469879,1,582,0.001718213058419244,0.5923641224059009,11,20,0.55,0.385948786014224,0.39156626506024095,0.7482202805442175,2,4,41,292,325,0.6175401532101774,2,0.3333333333333333,6,2,0.14285714285714285,14,18,0.2903225806451613,62,185,0.7805907172995781,237,278,0.8057971014492754,345,664,REPRODUCED_SPLIT_TOLERANT,thesis_exp/outputs/exp03_input_ablation/runs/A3_question_answer_metric_rubric/predictions/predictions_dev.jsonl
0.06425702811244978,0.8810240963855421,0.40575670715720363,0.08800676038645837,0.7304216867469879,1,582,0.001718213058419244,0.5923641224059009,11,20,0.55,0.385948786014224,0.39156626506024095,0.7482202805442175,2,4,41,292,325,0.6175401532101774,2,0.3333333333333333,6,2,0.14285714285714285,14,18,0.2903225806451613,62,185,0.7805907172995781,237,278,0.8057971014492754,345,664,REPRODUCED_SPLIT_TOLERANT,thesis_exp/outputs/exp03_input_ablation/runs/A3_question_answer_metric_rubric/predictions/predictions_dev_best.jsonl
0.07018334836188757,0.8764652840396754,0.39230300993331285,0.061071616301029204,0.7168620378719567,5,1921,0.0026028110359187923,0.5914073850965026,41,103,0.39805825242718446,0.40383419724273606,0.4236549443943492,0.723296575358509,5,32,200,879,1102,0.5939022924836752,5,0.08928571428571429,56,17,0.3617021276595745,47,83,0.42783505154639173,194,541,0.7513888888888889,720,944,0.7860116569525396,1201,2218,REPRODUCED_SPLIT_TOLERANT,thesis_exp/outputs/exp03_input_ablation/runs/A3_question_answer_metric_rubric/predictions/predictions_test.jsonl
0.06425702811244978,0.8810240963855421,0.40575670715720363,0.08800676038645837,0.7304216867469879,1,582,0.001718213058419244,0.5923641224059009,11,20,0.55,0.385948786014224,0.39156626506024095,0.7482202805442175,2,4,41,292,325,0.6175401532101774,2,0.3333333333333333,6,2,0.14285714285714285,14,18,0.2903225806451613,62,185,0.7805907172995781,237,278,0.8057971014492754,345,664,REPRODUCED_SPLIT_TOLERANT,thesis_exp/outputs/exp03_input_ablation/runs/A3_question_answer_metric_rubric/predictions_dev.jsonl
0.06425702811244978,0.8810240963855421,0.40575670715720363,0.08800676038645837,0.7304216867469879,1,582,0.001718213058419244,0.5923641224059009,11,20,0.55,0.385948786014224,0.39156626506024095,0.7482202805442175,2,4,41,292,325,0.6175401532101774,2,0.3333333333333333,6,2,0.14285714285714285,14,18,0.2903225806451613,62,185,0.7805907172995781,237,278,0.8057971014492754,345,664,REPRODUCED_SPLIT_TOLERANT,thesis_exp/outputs/exp03_input_ablation/runs/A3_question_answer_metric_rubric/predictions_dev_best.jsonl
0.07018334836188757,0.8764652840396754,0.39230300993331285,0.061071616301029204,0.7168620378719567,5,1921,0.0026028110359187923,0.5914073850965026,41,103,0.39805825242718446,0.40383419724273606,0.4236549443943492,0.723296575358509,5,32,200,879,1102,0.5939022924836752,5,0.08928571428571429,56,17,0.3617021276595745,47,83,0.42783505154639173,194,541,0.7513888888888889,720,944,0.7860116569525396,1201,2218,REPRODUCED_SPLIT_TOLERANT,thesis_exp/outputs/exp03_input_ablation/runs/A3_question_answer_metric_rubric/predictions_test.jsonl
0.10341365461847388,0.8810240963855421,0.41505427171796466,0.12410662619464366,0.7274096385542169,1,582,0.001718213058419244,0.5744568810878344,10,20,0.5,0.3719766403599309,0.39759036144578314,0.8229160916445218,3,4,42,260,355,0.6204902008304656,3,0.5,6,2,0.14285714285714285,14,18,0.2903225806451613,62,169,0.7130801687763713,237,291,0.8434782608695652,345,664,REPRODUCED_SPLIT_TOLERANT,thesis_exp/outputs/exp03_input_ablation/runs/A4_question_answer_metric_rubric_metadata/predictions/predictions_dev.jsonl
0.10341365461847388,0.8810240963855421,0.41505427171796466,0.12410662619464366,0.7274096385542169,1,582,0.001718213058419244,0.5744568810878344,10,20,0.5,0.3719766403599309,0.39759036144578314,0.8229160916445218,3,4,42,260,355,0.6204902008304656,3,0.5,6,2,0.14285714285714285,14,18,0.2903225806451613,62,169,0.7130801687763713,237,291,0.8434782608695652,345,664,REPRODUCED_SPLIT_TOLERANT,thesis_exp/outputs/exp03_input_ablation/runs/A4_question_answer_metric_rubric_metadata/predictions/predictions_dev_best.jsonl
0.13014727983168017,0.8881875563570785,0.38289215744160965,0.1089103270802442,0.7412082957619477,4,1921,0.002082248828735034,0.5940582341762678,46,103,0.44660194174757284,0.3665725016165289,0.4030658250676285,0.7439738394314854,20,29,160,775,1234,0.6232592630519495,19,0.3392857142857143,56,18,0.3829787234042553,47,78,0.4020618556701031,194,507,0.7041666666666667,720,1022,0.8509575353871773,1201,2218,REPRODUCED_SPLIT_TOLERANT,thesis_exp/outputs/exp03_input_ablation/runs/A4_question_answer_metric_rubric_metadata/predictions/predictions_test.jsonl
0.10341365461847388,0.8810240963855421,0.41505427171796466,0.12410662619464366,0.7274096385542169,1,582,0.001718213058419244,0.5744568810878344,10,20,0.5,0.3719766403599309,0.39759036144578314,0.8229160916445218,3,4,42,260,355,0.6204902008304656,3,0.5,6,2,0.14285714285714285,14,18,0.2903225806451613,62,169,0.7130801687763713,237,291,0.8434782608695652,345,664,REPRODUCED_SPLIT_TOLERANT,thesis_exp/outputs/exp03_input_ablation/runs/A4_question_answer_metric_rubric_metadata/predictions_dev.jsonl
0.10341365461847388,0.8810240963855421,0.41505427171796466,0.12410662619464366,0.7274096385542169,1,582,0.001718213058419244,0.5744568810878344,10,20,0.5,0.3719766403599309,0.39759036144578314,0.8229160916445218,3,4,42,260,355,0.6204902008304656,3,0.5,6,2,0.14285714285714285,14,18,0.2903225806451613,62,169,0.7130801687763713,237,291,0.8434782608695652,345,664,REPRODUCED_SPLIT_TOLERANT,thesis_exp/outputs/exp03_input_ablation/runs/A4_question_answer_metric_rubric_metadata/predictions_dev_best.jsonl
0.13014727983168017,0.8881875563570785,0.38289215744160965,0.1089103270802442,0.7412082957619477,4,1921,0.002082248828735034,0.5940582341762678,46,103,0.44660194174757284,0.3665725016165289,0.4030658250676285,0.7439738394314854,20,29,160,775,1234,0.6232592630519495,19,0.3392857142857143,56,18,0.3829787234042553,47,78,0.4020618556701031,194,507,0.7041666666666667,720,1022,0.8509575353871773,1201,2218,REPRODUCED_SPLIT_TOLERANT,thesis_exp/outputs/exp03_input_ablation/runs/A4_question_answer_metric_rubric_metadata/predictions_test.jsonl
-0.2083333333333332,1.0,0.24999320002080366,0.1249890923500061,0.875,0,8,0.0,nan,0,0,nan,0.29168000719155757,0.2916666666666666,1.4687609202003122,0,0,0,8,0,0.0,0,nan,0,0,nan,0,0,nan,0,7,1.0,7,0,0.0,1,8,REPRODUCED_SPLIT_TOLERANT,thesis_exp/outputs/exp03_input_ablation/smoke_test/A3_question_answer_metric_rubric/predictions/predictions_dev.jsonl
-0.2083333333333332,1.0,0.24999320002080366,0.1249890923500061,0.875,0,8,0.0,nan,0,0,nan,0.29168000719155757,0.2916666666666666,1.4687609202003122,0,0,0,8,0,0.0,0,nan,0,0,nan,0,0,nan,0,7,1.0,7,0,0.0,1,8,REPRODUCED_SPLIT_TOLERANT,thesis_exp/outputs/exp03_input_ablation/smoke_test/A3_question_answer_metric_rubric/predictions/predictions_dev_best.jsonl
-0.5833333333333334,0.875,1.7499461308042132,0.8749808371067047,0.125,0,7,0.0,nan,0,0,nan,0.8333450902180045,0.8333333333333334,10.306659783721813,0,0,0,8,0,0.0,0,nan,0,0,nan,0,0,0.0,1,1,1.0,1,0,0.0,6,8,REPRODUCED_SPLIT_TOLERANT,thesis_exp/outputs/exp03_input_ablation/smoke_test/A3_question_answer_metric_rubric/predictions/predictions_test.jsonl
-0.2083333333333332,1.0,0.24999320002080366,0.1249890923500061,0.875,0,8,0.0,nan,0,0,nan,0.29168000719155757,0.2916666666666666,1.4687609202003122,0,0,0,8,0,0.0,0,nan,0,0,nan,0,0,nan,0,7,1.0,7,0,0.0,1,8,REPRODUCED_SPLIT_TOLERANT,thesis_exp/outputs/exp03_input_ablation/smoke_test/A3_question_answer_metric_rubric/predictions_dev.jsonl
-0.2083333333333332,1.0,0.24999320002080366,0.1249890923500061,0.875,0,8,0.0,nan,0,0,nan,0.29168000719155757,0.2916666666666666,1.4687609202003122,0,0,0,8,0,0.0,0,nan,0,0,nan,0,0,nan,0,7,1.0,7,0,0.0,1,8,REPRODUCED_SPLIT_TOLERANT,thesis_exp/outputs/exp03_input_ablation/smoke_test/A3_question_answer_metric_rubric/predictions_dev_best.jsonl
-0.5833333333333334,0.875,1.7499461308042132,0.8749808371067047,0.125,0,7,0.0,nan,0,0,nan,0.8333450902180045,0.8333333333333334,10.306659783721813,0,0,0,8,0,0.0,0,nan,0,0,nan,0,0,0.0,1,1,1.0,1,0,0.0,6,8,REPRODUCED_SPLIT_TOLERANT,thesis_exp/outputs/exp03_input_ablation/smoke_test/A3_question_answer_metric_rubric/predictions_test.jsonl
-0.2083333333333332,1.0,0.24999696528868737,0.12499499320983887,0.875,0,8,0.0,nan,0,0,nan,0.29167117342084,0.2916666666666666,1.5683643760364512,0,0,0,8,0,0.0,0,nan,0,0,nan,0,0,nan,0,7,1.0,7,0,0.0,1,8,REPRODUCED_SPLIT_TOLERANT,thesis_exp/outputs/exp03_input_ablation/smoke_test/A4_question_answer_metric_rubric_metadata/predictions/predictions_dev.jsonl
-0.2083333333333332,1.0,0.24999696528868737,0.12499499320983887,0.875,0,8,0.0,nan,0,0,nan,0.29167117342084,0.2916666666666666,1.5683643760364512,0,0,0,8,0,0.0,0,nan,0,0,nan,0,0,nan,0,7,1.0,7,0,0.0,1,8,REPRODUCED_SPLIT_TOLERANT,thesis_exp/outputs/exp03_input_ablation/smoke_test/A4_question_answer_metric_rubric_metadata/predictions/predictions_dev_best.jsonl
-0.5833333333333334,0.875,1.7499785647095698,0.8749902546405792,0.125,0,7,0.0,nan,0,0,nan,0.8333452276670789,0.8333333333333334,11.351572251443196,0,0,0,8,0,0.0,0,nan,0,0,nan,0,0,0.0,1,1,1.0,1,0,0.0,6,8,REPRODUCED_SPLIT_TOLERANT,thesis_exp/outputs/exp03_input_ablation/smoke_test/A4_question_answer_metric_rubric_metadata/predictions/predictions_test.jsonl
-0.2083333333333332,1.0,0.24999696528868737,0.12499499320983887,0.875,0,8,0.0,nan,0,0,nan,0.29167117342084,0.2916666666666666,1.5683643760364512,0,0,0,8,0,0.0,0,nan,0,0,nan,0,0,nan,0,7,1.0,7,0,0.0,1,8,REPRODUCED_SPLIT_TOLERANT,thesis_exp/outputs/exp03_input_ablation/smoke_test/A4_question_answer_metric_rubric_metadata/predictions_dev.jsonl
-0.2083333333333332,1.0,0.24999696528868737,0.12499499320983887,0.875,0,8,0.0,nan,0,0,nan,0.29167117342084,0.2916666666666666,1.5683643760364512,0,0,0,8,0,0.0,0,nan,0,0,nan,0,0,nan,0,7,1.0,7,0,0.0,1,8,REPRODUCED_SPLIT_TOLERANT,thesis_exp/outputs/exp03_input_ablation/smoke_test/A4_question_answer_metric_rubric_metadata/predictions_dev_best.jsonl
-0.5833333333333334,0.875,1.7499785647095698,0.8749902546405792,0.125,0,7,0.0,nan,0,0,nan,0.8333452276670789,0.8333333333333334,11.351572251443196,0,0,0,8,0,0.0,0,nan,0,0,nan,0,0,0.0,1,1,1.0,1,0,0.0,6,8,REPRODUCED_SPLIT_TOLERANT,thesis_exp/outputs/exp03_input_ablation/smoke_test/A4_question_answer_metric_rubric_metadata/predictions_test.jsonl
-0.21285140562248997,0.8629518072289156,1.0271084337349397,0.5135542168674698,0.4864457831325301,0,582,0.0,0.32966414352182105,19,20,0.95,0.5266136620418135,0.5833333333333334,14.190027410439209,0,0,28,522,114,0.25201858814753597,0,0.0,6,0,0.0,14,9,0.14516129032258066,62,212,0.8945147679324894,237,102,0.2956521739130435,345,664,REPRODUCED_SPLIT_TOLERANT,thesis_exp/outputs/exp04_target_objectives/archive_initial_bad_checkpoint_selection/formal_exp04_20260603_201440/O2_regression_smoothl1/predictions/predictions_dev.jsonl
-0.21285140562248997,0.8629518072289156,1.0271084337349397,0.5135542168674698,0.4864457831325301,0,582,0.0,0.32966414352182105,19,20,0.95,0.5266136620418135,0.5833333333333334,14.190027410439209,0,0,28,522,114,0.25201858814753597,0,0.0,6,0,0.0,14,9,0.14516129032258066,62,212,0.8945147679324894,237,102,0.2956521739130435,345,664,REPRODUCED_SPLIT_TOLERANT,thesis_exp/outputs/exp04_target_objectives/archive_initial_bad_checkpoint_selection/formal_exp04_20260603_201440/O2_regression_smoothl1/predictions/predictions_dev_best.jsonl
-0.14848211602043884,0.8503155996393147,1.036068530207394,0.5180342651036971,0.48196573489630296,0,1921,0.0,0.3651625224226273,100,103,0.970873786407767,0.561647636775036,0.6161707243763149,14.313815717854778,0,0,108,1664,446,0.2390033241702928,0,0.0,56,0,0.0,47,35,0.18041237113402062,194,632,0.8777777777777778,720,402,0.3347210657785179,1201,2218,REPRODUCED_SPLIT_TOLERANT,thesis_exp/outputs/exp04_target_objectives/archive_initial_bad_checkpoint_selection/formal_exp04_20260603_201440/O2_regression_smoothl1/predictions/predictions_test.jsonl
-0.21285140562248997,0.8629518072289156,1.0271084337349397,0.5135542168674698,0.4864457831325301,0,582,0.0,0.32966414352182105,19,20,0.95,0.5266136620418135,0.5833333333333334,14.190027410439209,0,0,28,522,114,0.25201858814753597,0,0.0,6,0,0.0,14,9,0.14516129032258066,62,212,0.8945147679324894,237,102,0.2956521739130435,345,664,REPRODUCED_SPLIT_TOLERANT,thesis_exp/outputs/exp04_target_objectives/archive_initial_bad_checkpoint_selection/formal_exp04_20260603_201440/O2_regression_smoothl1/predictions_dev.jsonl
-0.21285140562248997,0.8629518072289156,1.0271084337349397,0.5135542168674698,0.4864457831325301,0,582,0.0,0.32966414352182105,19,20,0.95,0.5266136620418135,0.5833333333333334,14.190027410439209,0,0,28,522,114,0.25201858814753597,0,0.0,6,0,0.0,14,9,0.14516129032258066,62,212,0.8945147679324894,237,102,0.2956521739130435,345,664,REPRODUCED_SPLIT_TOLERANT,thesis_exp/outputs/exp04_target_objectives/archive_initial_bad_checkpoint_selection/formal_exp04_20260603_201440/O2_regression_smoothl1/predictions_dev_best.jsonl
-0.14848211602043884,0.8503155996393147,1.036068530207394,0.5180342651036971,0.48196573489630296,0,1921,0.0,0.3651625224226273,100,103,0.970873786407767,0.561647636775036,0.6161707243763149,14.313815717854778,0,0,108,1664,446,0.2390033241702928,0,0.0,56,0,0.0,47,35,0.18041237113402062,194,632,0.8777777777777778,720,402,0.3347210657785179,1201,2218,REPRODUCED_SPLIT_TOLERANT,thesis_exp/outputs/exp04_target_objectives/archive_initial_bad_checkpoint_selection/formal_exp04_20260603_201440/O2_regression_smoothl1/predictions_test.jsonl
-0.09387550200803212,0.8765060240963856,0.9246987951807228,0.4623493975903614,0.5376506024096386,0,582,0.0,0.31119778644470103,20,20,1.0,0.5109287001544153,0.5446787148594376,12.77518596775612,0,0,0,499,165,0.21660909998451838,0,0.0,6,0,0.0,14,0,0.0,62,220,0.9282700421940928,237,137,0.39710144927536234,345,664,REPRODUCED_SPLIT_TOLERANT,thesis_exp/outputs/exp04_target_objectives/archive_initial_bad_checkpoint_selection/formal_exp04_20260603_201440/O3_ordinal/predictions/predictions_dev.jsonl
-0.09387550200803212,0.8765060240963856,0.9246987951807228,0.4623493975903614,0.5376506024096386,0,582,0.0,0.31119778644470103,20,20,1.0,0.5109287001544153,0.5446787148594376,12.77518596775612,0,0,0,499,165,0.21660909998451838,0,0.0,6,0,0.0,14,0,0.0,62,220,0.9282700421940928,237,137,0.39710144927536234,345,664,REPRODUCED_SPLIT_TOLERANT,thesis_exp/outputs/exp04_target_objectives/archive_initial_bad_checkpoint_selection/formal_exp04_20260603_201440/O3_ordinal/predictions/predictions_dev_best.jsonl
0.011571986774872227,0.8660955816050496,0.9422903516681695,0.4711451758340848,0.5288548241659152,0,1921,0.0,0.23245169603378404,103,103,1.0,0.5646043995304046,0.6121130147279831,13.018222302139463,0,0,0,1525,693,0.07192133196453854,0,0.0,56,0,0.0,47,0,0.0,194,646,0.8972222222222223,720,527,0.43880099916736054,1201,2218,REPRODUCED_SPLIT_TOLERANT,thesis_exp/outputs/exp04_target_objectives/archive_initial_bad_checkpoint_selection/formal_exp04_20260603_201440/O3_ordinal/predictions/predictions_test.jsonl
-0.09387550200803212,0.8765060240963856,0.9246987951807228,0.4623493975903614,0.5376506024096386,0,582,0.0,0.31119778644470103,20,20,1.0,0.5109287001544153,0.5446787148594376,12.77518596775612,0,0,0,499,165,0.21660909998451838,0,0.0,6,0,0.0,14,0,0.0,62,220,0.9282700421940928,237,137,0.39710144927536234,345,664,REPRODUCED_SPLIT_TOLERANT,thesis_exp/outputs/exp04_target_objectives/archive_initial_bad_checkpoint_selection/formal_exp04_20260603_201440/O3_ordinal/predictions_dev.jsonl
-0.09387550200803212,0.8765060240963856,0.9246987951807228,0.4623493975903614,0.5376506024096386,0,582,0.0,0.31119778644470103,20,20,1.0,0.5109287001544153,0.5446787148594376,12.77518596775612,0,0,0,499,165,0.21660909998451838,0,0.0,6,0,0.0,14,0,0.0,62,220,0.9282700421940928,237,137,0.39710144927536234,345,664,REPRODUCED_SPLIT_TOLERANT,thesis_exp/outputs/exp04_target_objectives/archive_initial_bad_checkpoint_selection/formal_exp04_20260603_201440/O3_ordinal/predictions_dev_best.jsonl
0.011571986774872227,0.8660955816050496,0.9422903516681695,0.4711451758340848,0.5288548241659152,0,1921,0.0,0.23245169603378404,103,103,1.0,0.5646043995304046,0.6121130147279831,13.018222302139463,0,0,0,1525,693,0.07192133196453854,0,0.0,56,0,0.0,47,0,0.0,194,646,0.8972222222222223,720,527,0.43880099916736054,1201,2218,REPRODUCED_SPLIT_TOLERANT,thesis_exp/outputs/exp04_target_objectives/archive_initial_bad_checkpoint_selection/formal_exp04_20260603_201440/O3_ordinal/predictions_test.jsonl
0.10341365461847388,0.8810240963855421,0.41505427171796466,0.12410662619464366,0.7274096385542169,1,582,0.001718213058419244,0.5744568810878344,10,20,0.5,0.3719766403599309,0.39759036144578314,0.8229160916445218,3,4,42,260,355,0.6204902008304656,3,0.5,6,2,0.14285714285714285,14,18,0.2903225806451613,62,169,0.7130801687763713,237,291,0.8434782608695652,345,664,REPRODUCED_SPLIT_TOLERANT,thesis_exp/outputs/exp04_target_objectives/predictions/O1_classification_predictions_dev.jsonl
0.13014727983168017,0.8881875563570785,0.38289215744160965,0.1089103270802442,0.7412082957619477,4,1921,0.002082248828735034,0.5940582341762678,46,103,0.44660194174757284,0.3665725016165289,0.4030658250676285,0.7439738394314854,20,29,160,775,1234,0.6232592630519495,19,0.3392857142857143,56,18,0.3829787234042553,47,78,0.4020618556701031,194,507,0.7041666666666667,720,1022,0.8509575353871773,1201,2218,REPRODUCED_SPLIT_TOLERANT,thesis_exp/outputs/exp04_target_objectives/predictions/O1_classification_predictions_test.jsonl
0.03413654618473895,0.9006024096385542,0.5993975903614458,0.29969879518072284,0.7003012048192772,0,582,0.0,0.5914497853184639,7,20,0.35,0.3188683327781149,0.3885542168674699,8.280983738056898,1,5,45,305,308,0.6599754199098731,1,0.16666666666666666,6,2,0.14285714285714285,14,24,0.3870967741935484,62,179,0.7552742616033755,237,259,0.7507246376811594,345,664,REPRODUCED_SPLIT_TOLERANT,thesis_exp/outputs/exp04_target_objectives/predictions/O2_regression_smoothl1_predictions_dev.jsonl
0.04448452058911931,0.8981064021641119,0.6032461677186655,0.3016230838593328,0.6983769161406672,0,1921,0.0,0.6211717906998313,16,103,0.1553398058252427,0.3275170853484096,0.38893898406973243,8.33415379916871,3,52,152,980,1031,0.7127493121254382,3,0.05357142857142857,56,17,0.3617021276595745,47,68,0.35051546391752575,194,560,0.7777777777777778,720,901,0.7502081598667777,1201,2218,REPRODUCED_SPLIT_TOLERANT,thesis_exp/outputs/exp04_target_objectives/predictions/O2_regression_smoothl1_predictions_test.jsonl
0.12299196787148595,0.891566265060241,0.5963855421686747,0.2981927710843374,0.7018072289156626,1,582,0.001718213058419244,0.5657918305592732,7,20,0.35,0.34908048184076895,0.39106425702811237,8.239370754448574,3,4,34,263,360,0.6318610238403253,3,0.5,6,1,0.07142857142857142,14,16,0.25806451612903225,62,162,0.6835443037974683,237,284,0.8231884057971014,345,664,REPRODUCED_SPLIT_TOLERANT,thesis_exp/outputs/exp04_target_objectives/predictions/O3_ordinal_predictions_dev.jsonl
0.13510670273519687,0.8967538322813345,0.5238954012623985,0.2619477006311993,0.7380522993688007,2,1921,0.001041124414367517,0.6237772333422203,24,103,0.23300970873786409,0.3429531650091409,0.3776675683799218,7.237882447409596,16,36,149,781,1236,0.7035743638432492,16,0.2857142857142857,56,16,0.3404255319148936,47,70,0.36082474226804123,194,507,0.7041666666666667,720,1028,0.8559533721898418,1201,2218,REPRODUCED_SPLIT_TOLERANT,thesis_exp/outputs/exp04_target_objectives/predictions/O3_ordinal_predictions_test.jsonl
0.10341365461847388,0.8810240963855421,0.41505427171796466,0.12410662619464366,0.7274096385542169,1,582,0.001718213058419244,0.5744568810878344,10,20,0.5,0.3719766403599309,0.39759036144578314,0.8229160916445218,3,4,42,260,355,0.6204902008304656,3,0.5,6,2,0.14285714285714285,14,18,0.2903225806451613,62,169,0.7130801687763713,237,291,0.8434782608695652,345,664,REPRODUCED_SPLIT_TOLERANT,thesis_exp/outputs/exp04_target_objectives/runs/O1_classification/predictions/predictions_dev.jsonl
0.13014727983168017,0.8881875563570785,0.38289215744160965,0.1089103270802442,0.7412082957619477,4,1921,0.002082248828735034,0.5940582341762678,46,103,0.44660194174757284,0.3665725016165289,0.4030658250676285,0.7439738394314854,20,29,160,775,1234,0.6232592630519495,19,0.3392857142857143,56,18,0.3829787234042553,47,78,0.4020618556701031,194,507,0.7041666666666667,720,1022,0.8509575353871773,1201,2218,REPRODUCED_SPLIT_TOLERANT,thesis_exp/outputs/exp04_target_objectives/runs/O1_classification/predictions/predictions_test.jsonl
0.03413654618473895,0.9006024096385542,0.5993975903614458,0.29969879518072284,0.7003012048192772,0,582,0.0,0.5914497853184639,7,20,0.35,0.3188683327781149,0.3885542168674699,8.280983738056898,1,5,45,305,308,0.6599754199098731,1,0.16666666666666666,6,2,0.14285714285714285,14,24,0.3870967741935484,62,179,0.7552742616033755,237,259,0.7507246376811594,345,664,REPRODUCED_SPLIT_TOLERANT,thesis_exp/outputs/exp04_target_objectives/runs/O2_regression_smoothl1/predictions/predictions_dev.jsonl
0.03413654618473895,0.9006024096385542,0.5993975903614458,0.29969879518072284,0.7003012048192772,0,582,0.0,0.5914497853184639,7,20,0.35,0.3188683327781149,0.3885542168674699,8.280983738056898,1,5,45,305,308,0.6599754199098731,1,0.16666666666666666,6,2,0.14285714285714285,14,24,0.3870967741935484,62,179,0.7552742616033755,237,259,0.7507246376811594,345,664,REPRODUCED_SPLIT_TOLERANT,thesis_exp/outputs/exp04_target_objectives/runs/O2_regression_smoothl1/predictions/predictions_dev_best.jsonl
0.04448452058911931,0.8981064021641119,0.6032461677186655,0.3016230838593328,0.6983769161406672,0,1921,0.0,0.6211717906998313,16,103,0.1553398058252427,0.3275170853484096,0.38893898406973243,8.33415379916871,3,52,152,980,1031,0.7127493121254382,3,0.05357142857142857,56,17,0.3617021276595745,47,68,0.35051546391752575,194,560,0.7777777777777778,720,901,0.7502081598667777,1201,2218,REPRODUCED_SPLIT_TOLERANT,thesis_exp/outputs/exp04_target_objectives/runs/O2_regression_smoothl1/predictions/predictions_test.jsonl
0.03413654618473895,0.9006024096385542,0.5993975903614458,0.29969879518072284,0.7003012048192772,0,582,0.0,0.5914497853184639,7,20,0.35,0.3188683327781149,0.3885542168674699,8.280983738056898,1,5,45,305,308,0.6599754199098731,1,0.16666666666666666,6,2,0.14285714285714285,14,24,0.3870967741935484,62,179,0.7552742616033755,237,259,0.7507246376811594,345,664,REPRODUCED_SPLIT_TOLERANT,thesis_exp/outputs/exp04_target_objectives/runs/O2_regression_smoothl1/predictions_dev.jsonl
0.03413654618473895,0.9006024096385542,0.5993975903614458,0.29969879518072284,0.7003012048192772,0,582,0.0,0.5914497853184639,7,20,0.35,0.3188683327781149,0.3885542168674699,8.280983738056898,1,5,45,305,308,0.6599754199098731,1,0.16666666666666666,6,2,0.14285714285714285,14,24,0.3870967741935484,62,179,0.7552742616033755,237,259,0.7507246376811594,345,664,REPRODUCED_SPLIT_TOLERANT,thesis_exp/outputs/exp04_target_objectives/runs/O2_regression_smoothl1/predictions_dev_best.jsonl
0.04448452058911931,0.8981064021641119,0.6032461677186655,0.3016230838593328,0.6983769161406672,0,1921,0.0,0.6211717906998313,16,103,0.1553398058252427,0.3275170853484096,0.38893898406973243,8.33415379916871,3,52,152,980,1031,0.7127493121254382,3,0.05357142857142857,56,17,0.3617021276595745,47,68,0.35051546391752575,194,560,0.7777777777777778,720,901,0.7502081598667777,1201,2218,REPRODUCED_SPLIT_TOLERANT,thesis_exp/outputs/exp04_target_objectives/runs/O2_regression_smoothl1/predictions_test.jsonl
0.12299196787148595,0.891566265060241,0.5963855421686747,0.2981927710843374,0.7018072289156626,1,582,0.001718213058419244,0.5657918305592732,7,20,0.35,0.34908048184076895,0.39106425702811237,8.239370754448574,3,4,34,263,360,0.6318610238403253,3,0.5,6,1,0.07142857142857142,14,16,0.25806451612903225,62,162,0.6835443037974683,237,284,0.8231884057971014,345,664,REPRODUCED_SPLIT_TOLERANT,thesis_exp/outputs/exp04_target_objectives/runs/O3_ordinal/predictions/predictions_dev.jsonl
0.12299196787148595,0.891566265060241,0.5963855421686747,0.2981927710843374,0.7018072289156626,1,582,0.001718213058419244,0.5657918305592732,7,20,0.35,0.34908048184076895,0.39106425702811237,8.239370754448574,3,4,34,263,360,0.6318610238403253,3,0.5,6,1,0.07142857142857142,14,16,0.25806451612903225,62,162,0.6835443037974683,237,284,0.8231884057971014,345,664,REPRODUCED_SPLIT_TOLERANT,thesis_exp/outputs/exp04_target_objectives/runs/O3_ordinal/predictions/predictions_dev_best.jsonl
0.13510670273519687,0.8967538322813345,0.5238954012623985,0.2619477006311993,0.7380522993688007,2,1921,0.001041124414367517,0.6237772333422203,24,103,0.23300970873786409,0.3429531650091409,0.3776675683799218,7.237882447409596,16,36,149,781,1236,0.7035743638432492,16,0.2857142857142857,56,16,0.3404255319148936,47,70,0.36082474226804123,194,507,0.7041666666666667,720,1028,0.8559533721898418,1201,2218,REPRODUCED_SPLIT_TOLERANT,thesis_exp/outputs/exp04_target_objectives/runs/O3_ordinal/predictions/predictions_test.jsonl
0.12299196787148595,0.891566265060241,0.5963855421686747,0.2981927710843374,0.7018072289156626,1,582,0.001718213058419244,0.5657918305592732,7,20,0.35,0.34908048184076895,0.39106425702811237,8.239370754448574,3,4,34,263,360,0.6318610238403253,3,0.5,6,1,0.07142857142857142,14,16,0.25806451612903225,62,162,0.6835443037974683,237,284,0.8231884057971014,345,664,REPRODUCED_SPLIT_TOLERANT,thesis_exp/outputs/exp04_target_objectives/runs/O3_ordinal/predictions_dev.jsonl
0.12299196787148595,0.891566265060241,0.5963855421686747,0.2981927710843374,0.7018072289156626,1,582,0.001718213058419244,0.5657918305592732,7,20,0.35,0.34908048184076895,0.39106425702811237,8.239370754448574,3,4,34,263,360,0.6318610238403253,3,0.5,6,1,0.07142857142857142,14,16,0.25806451612903225,62,162,0.6835443037974683,237,284,0.8231884057971014,345,664,REPRODUCED_SPLIT_TOLERANT,thesis_exp/outputs/exp04_target_objectives/runs/O3_ordinal/predictions_dev_best.jsonl
0.13510670273519687,0.8967538322813345,0.5238954012623985,0.2619477006311993,0.7380522993688007,2,1921,0.001041124414367517,0.6237772333422203,24,103,0.23300970873786409,0.3429531650091409,0.3776675683799218,7.237882447409596,16,36,149,781,1236,0.7035743638432492,16,0.2857142857142857,56,16,0.3404255319148936,47,70,0.36082474226804123,194,507,0.7041666666666667,720,1028,0.8559533721898418,1201,2218,REPRODUCED_SPLIT_TOLERANT,thesis_exp/outputs/exp04_target_objectives/runs/O3_ordinal/predictions_test.jsonl
0.050702811244979926,0.8795180722891566,0.608433734939759,0.3042168674698795,0.6957831325301205,0,582,0.0,0.5561747404845168,6,20,0.3,0.3610805864027132,0.410140562248996,8.405822688881877,4,3,64,250,343,0.6538047207750137,4,0.6666666666666666,6,3,0.21428571428571427,14,26,0.41935483870967744,62,153,0.6455696202531646,237,276,0.8,345,664,REPRODUCED_SPLIT_TOLERANT,thesis_exp/outputs/exp05_low_score_loss/runs/L1_weighted_ordinal/predictions/predictions_dev.jsonl
0.050702811244979926,0.8795180722891566,0.608433734939759,0.3042168674698795,0.6957831325301205,0,582,0.0,0.5561747404845168,6,20,0.3,0.3610805864027132,0.410140562248996,8.405822688881877,4,3,64,250,343,0.6538047207750137,4,0.6666666666666666,6,3,0.21428571428571427,14,26,0.41935483870967744,62,153,0.6455696202531646,237,276,0.8,345,664,REPRODUCED_SPLIT_TOLERANT,thesis_exp/outputs/exp05_low_score_loss/runs/L1_weighted_ordinal/predictions/predictions_dev_best.jsonl
0.09633303276224825,0.8881875563570785,0.5500450856627592,0.2750225428313796,0.7249774571686204,0,1921,0.0,0.6148614942623812,22,103,0.21359223300970873,0.3503867991349501,0.38938984069732485,7.599153688330213,20,32,200,761,1205,0.7132317084310631,20,0.35714285714285715,56,14,0.2978723404255319,47,84,0.4329896907216495,194,482,0.6694444444444444,720,1008,0.839300582847627,1201,2218,REPRODUCED_SPLIT_TOLERANT,thesis_exp/outputs/exp05_low_score_loss/runs/L1_weighted_ordinal/predictions/predictions_test.jsonl
0.050702811244979926,0.8795180722891566,0.608433734939759,0.3042168674698795,0.6957831325301205,0,582,0.0,0.5561747404845168,6,20,0.3,0.3610805864027132,0.410140562248996,8.405822688881877,4,3,64,250,343,0.6538047207750137,4,0.6666666666666666,6,3,0.21428571428571427,14,26,0.41935483870967744,62,153,0.6455696202531646,237,276,0.8,345,664,REPRODUCED_SPLIT_TOLERANT,thesis_exp/outputs/exp05_low_score_loss/runs/L1_weighted_ordinal/predictions_dev.jsonl
0.050702811244979926,0.8795180722891566,0.608433734939759,0.3042168674698795,0.6957831325301205,0,582,0.0,0.5561747404845168,6,20,0.3,0.3610805864027132,0.410140562248996,8.405822688881877,4,3,64,250,343,0.6538047207750137,4,0.6666666666666666,6,3,0.21428571428571427,14,26,0.41935483870967744,62,153,0.6455696202531646,237,276,0.8,345,664,REPRODUCED_SPLIT_TOLERANT,thesis_exp/outputs/exp05_low_score_loss/runs/L1_weighted_ordinal/predictions_dev_best.jsonl
0.09633303276224825,0.8881875563570785,0.5500450856627592,0.2750225428313796,0.7249774571686204,0,1921,0.0,0.6148614942623812,22,103,0.21359223300970873,0.3503867991349501,0.38938984069732485,7.599153688330213,20,32,200,761,1205,0.7132317084310631,20,0.35714285714285715,56,14,0.2978723404255319,47,84,0.4329896907216495,194,482,0.6694444444444444,720,1008,0.839300582847627,1201,2218,REPRODUCED_SPLIT_TOLERANT,thesis_exp/outputs/exp05_low_score_loss/runs/L1_weighted_ordinal/predictions_test.jsonl
0.09437751004016062,0.8885542168674698,0.5753012048192772,0.2876506024096386,0.7123493975903614,0,582,0.0,0.5882773653545581,6,20,0.3,0.34932191042441835,0.3805220883534136,7.948079869190291,3,5,38,271,347,0.6563258612150784,3,0.5,6,4,0.2857142857142857,14,16,0.25806451612903225,62,168,0.7088607594936709,237,282,0.8173913043478261,345,664,REPRODUCED_SPLIT_TOLERANT,thesis_exp/outputs/exp05_low_score_loss/runs/L2a_asymmetric_ordinal_lambda03_margin0/predictions/predictions_dev.jsonl
0.09437751004016062,0.8885542168674698,0.5753012048192772,0.2876506024096386,0.7123493975903614,0,582,0.0,0.5882773653545581,6,20,0.3,0.34932191042441835,0.3805220883534136,7.948079869190291,3,5,38,271,347,0.6563258612150784,3,0.5,6,4,0.2857142857142857,14,16,0.25806451612903225,62,168,0.7088607594936709,237,282,0.8173913043478261,345,664,REPRODUCED_SPLIT_TOLERANT,thesis_exp/outputs/exp05_low_score_loss/runs/L2a_asymmetric_ordinal_lambda03_margin0/predictions/predictions_dev_best.jsonl
0.15223925458370904,0.8809738503155996,0.5680793507664562,0.28403967538322816,0.7159603246167718,3,1921,0.0015616866215512754,0.5990519283146646,35,103,0.33980582524271846,0.37052601827909903,0.40802524797114514,7.848306268275467,7,33,146,794,1238,0.6355569062269266,7,0.125,56,12,0.2553191489361702,47,57,0.29381443298969073,194,494,0.6861111111111111,720,1018,0.8476269775187344,1201,2218,REPRODUCED_SPLIT_TOLERANT,thesis_exp/outputs/exp05_low_score_loss/runs/L2a_asymmetric_ordinal_lambda03_margin0/predictions/predictions_test.jsonl
0.09437751004016062,0.8885542168674698,0.5753012048192772,0.2876506024096386,0.7123493975903614,0,582,0.0,0.5882773653545581,6,20,0.3,0.34932191042441835,0.3805220883534136,7.948079869190291,3,5,38,271,347,0.6563258612150784,3,0.5,6,4,0.2857142857142857,14,16,0.25806451612903225,62,168,0.7088607594936709,237,282,0.8173913043478261,345,664,REPRODUCED_SPLIT_TOLERANT,thesis_exp/outputs/exp05_low_score_loss/runs/L2a_asymmetric_ordinal_lambda03_margin0/predictions_dev.jsonl
0.09437751004016062,0.8885542168674698,0.5753012048192772,0.2876506024096386,0.7123493975903614,0,582,0.0,0.5882773653545581,6,20,0.3,0.34932191042441835,0.3805220883534136,7.948079869190291,3,5,38,271,347,0.6563258612150784,3,0.5,6,4,0.2857142857142857,14,16,0.25806451612903225,62,168,0.7088607594936709,237,282,0.8173913043478261,345,664,REPRODUCED_SPLIT_TOLERANT,thesis_exp/outputs/exp05_low_score_loss/runs/L2a_asymmetric_ordinal_lambda03_margin0/predictions_dev_best.jsonl
0.15223925458370904,0.8809738503155996,0.5680793507664562,0.28403967538322816,0.7159603246167718,3,1921,0.0015616866215512754,0.5990519283146646,35,103,0.33980582524271846,0.37052601827909903,0.40802524797114514,7.848306268275467,7,33,146,794,1238,0.6355569062269266,7,0.125,56,12,0.2553191489361702,47,57,0.29381443298969073,194,494,0.6861111111111111,720,1018,0.8476269775187344,1201,2218,REPRODUCED_SPLIT_TOLERANT,thesis_exp/outputs/exp05_low_score_loss/runs/L2a_asymmetric_ordinal_lambda03_margin0/predictions_test.jsonl
0.1004016064257028,0.8900602409638554,0.5813253012048193,0.2906626506024096,0.7093373493975904,1,582,0.001718213058419244,0.5873296149628017,5,20,0.25,0.35163703275864383,0.38253012048192764,8.031305836406942,3,5,41,261,354,0.6569337782960074,3,0.5,6,2,0.14285714285714285,14,18,0.2903225806451613,62,164,0.6919831223628692,237,284,0.8231884057971014,345,664,REPRODUCED_SPLIT_TOLERANT,thesis_exp/outputs/exp05_low_score_loss/runs/L2b_asymmetric_ordinal_lambda05_margin0/predictions/predictions_dev.jsonl
0.1004016064257028,0.8900602409638554,0.5813253012048193,0.2906626506024096,0.7093373493975904,1,582,0.001718213058419244,0.5873296149628017,5,20,0.25,0.35163703275864383,0.38253012048192764,8.031305836406942,3,5,41,261,354,0.6569337782960074,3,0.5,6,2,0.14285714285714285,14,18,0.2903225806451613,62,164,0.6919831223628692,237,284,0.8231884057971014,345,664,REPRODUCED_SPLIT_TOLERANT,thesis_exp/outputs/exp05_low_score_loss/runs/L2b_asymmetric_ordinal_lambda05_margin0/predictions/predictions_dev_best.jsonl
0.12563871355575593,0.8827772768259693,0.5671776375112714,0.2835888187556357,0.7164111812443643,2,1921,0.001041124414367517,0.6038260987337354,28,103,0.27184466019417475,0.3633423747790787,0.3970544033663961,7.835848639278204,18,28,156,804,1212,0.6744786983147126,18,0.32142857142857145,56,12,0.2553191489361702,47,60,0.30927835051546393,194,496,0.6888888888888889,720,1003,0.8351373855120733,1201,2218,REPRODUCED_SPLIT_TOLERANT,thesis_exp/outputs/exp05_low_score_loss/runs/L2b_asymmetric_ordinal_lambda05_margin0/predictions/predictions_test.jsonl
0.1004016064257028,0.8900602409638554,0.5813253012048193,0.2906626506024096,0.7093373493975904,1,582,0.001718213058419244,0.5873296149628017,5,20,0.25,0.35163703275864383,0.38253012048192764,8.031305836406942,3,5,41,261,354,0.6569337782960074,3,0.5,6,2,0.14285714285714285,14,18,0.2903225806451613,62,164,0.6919831223628692,237,284,0.8231884057971014,345,664,REPRODUCED_SPLIT_TOLERANT,thesis_exp/outputs/exp05_low_score_loss/runs/L2b_asymmetric_ordinal_lambda05_margin0/predictions_dev.jsonl
0.1004016064257028,0.8900602409638554,0.5813253012048193,0.2906626506024096,0.7093373493975904,1,582,0.001718213058419244,0.5873296149628017,5,20,0.25,0.35163703275864383,0.38253012048192764,8.031305836406942,3,5,41,261,354,0.6569337782960074,3,0.5,6,2,0.14285714285714285,14,18,0.2903225806451613,62,164,0.6919831223628692,237,284,0.8231884057971014,345,664,REPRODUCED_SPLIT_TOLERANT,thesis_exp/outputs/exp05_low_score_loss/runs/L2b_asymmetric_ordinal_lambda05_margin0/predictions_dev_best.jsonl
0.12563871355575593,0.8827772768259693,0.5671776375112714,0.2835888187556357,0.7164111812443643,2,1921,0.001041124414367517,0.6038260987337354,28,103,0.27184466019417475,0.3633423747790787,0.3970544033663961,7.835848639278204,18,28,156,804,1212,0.6744786983147126,18,0.32142857142857145,56,12,0.2553191489361702,47,60,0.30927835051546393,194,496,0.6888888888888889,720,1003,0.8351373855120733,1201,2218,REPRODUCED_SPLIT_TOLERANT,thesis_exp/outputs/exp05_low_score_loss/runs/L2b_asymmetric_ordinal_lambda05_margin0/predictions_test.jsonl
0.0687751004016064,0.8765060240963856,0.5873493975903614,0.2936746987951807,0.7063253012048193,1,582,0.001718213058419244,0.5635933177062068,7,20,0.35,0.35609226131824273,0.4051204819277108,8.114531803623594,4,4,54,255,347,0.6387644313531955,4,0.6666666666666666,6,1,0.07142857142857142,14,21,0.3387096774193548,62,162,0.6835443037974683,237,281,0.8144927536231884,345,664,REPRODUCED_SPLIT_TOLERANT,thesis_exp/outputs/exp05_low_score_loss/runs/L3b_weighted_threshold_mu03/predictions/predictions_dev.jsonl
0.0687751004016064,0.8765060240963856,0.5873493975903614,0.2936746987951807,0.7063253012048193,1,582,0.001718213058419244,0.5635933177062068,7,20,0.35,0.35609226131824273,0.4051204819277108,8.114531803623594,4,4,54,255,347,0.6387644313531955,4,0.6666666666666666,6,1,0.07142857142857142,14,21,0.3387096774193548,62,162,0.6835443037974683,237,281,0.8144927536231884,345,664,REPRODUCED_SPLIT_TOLERANT,thesis_exp/outputs/exp05_low_score_loss/runs/L3b_weighted_threshold_mu03/predictions/predictions_dev_best.jsonl
0.1076044484520589,0.8868349864743011,0.5590622182146078,0.27953110910730383,0.7204688908926962,1,1921,0.0005205622071837585,0.6121548120926071,24,103,0.23300970873786409,0.3602101638212843,0.3946498346859032,7.72372997830284,17,34,184,774,1209,0.6870620177576736,16,0.2857142857142857,56,16,0.3404255319148936,47,76,0.3917525773195876,194,487,0.6763888888888889,720,1003,0.8351373855120733,1201,2218,REPRODUCED_SPLIT_TOLERANT,thesis_exp/outputs/exp05_low_score_loss/runs/L3b_weighted_threshold_mu03/predictions/predictions_test.jsonl
0.0687751004016064,0.8765060240963856,0.5873493975903614,0.2936746987951807,0.7063253012048193,1,582,0.001718213058419244,0.5635933177062068,7,20,0.35,0.35609226131824273,0.4051204819277108,8.114531803623594,4,4,54,255,347,0.6387644313531955,4,0.6666666666666666,6,1,0.07142857142857142,14,21,0.3387096774193548,62,162,0.6835443037974683,237,281,0.8144927536231884,345,664,REPRODUCED_SPLIT_TOLERANT,thesis_exp/outputs/exp05_low_score_loss/runs/L3b_weighted_threshold_mu03/predictions_dev.jsonl
0.0687751004016064,0.8765060240963856,0.5873493975903614,0.2936746987951807,0.7063253012048193,1,582,0.001718213058419244,0.5635933177062068,7,20,0.35,0.35609226131824273,0.4051204819277108,8.114531803623594,4,4,54,255,347,0.6387644313531955,4,0.6666666666666666,6,1,0.07142857142857142,14,21,0.3387096774193548,62,162,0.6835443037974683,237,281,0.8144927536231884,345,664,REPRODUCED_SPLIT_TOLERANT,thesis_exp/outputs/exp05_low_score_loss/runs/L3b_weighted_threshold_mu03/predictions_dev_best.jsonl
0.1076044484520589,0.8868349864743011,0.5590622182146078,0.27953110910730383,0.7204688908926962,1,1921,0.0005205622071837585,0.6121548120926071,24,103,0.23300970873786409,0.3602101638212843,0.3946498346859032,7.72372997830284,17,34,184,774,1209,0.6870620177576736,16,0.2857142857142857,56,16,0.3404255319148936,47,76,0.3917525773195876,194,487,0.6763888888888889,720,1003,0.8351373855120733,1201,2218,REPRODUCED_SPLIT_TOLERANT,thesis_exp/outputs/exp05_low_score_loss/runs/L3b_weighted_threshold_mu03/predictions_test.jsonl
-0.2083333333333332,0.875,0.75,0.375,0.625,0,8,0.0,0.48418202613504197,0,0,nan,0.570960318048795,0.37499999999999994,10.361632918473205,0,0,1,6,1,0.0,0,nan,0,0,nan,0,0,nan,0,5,0.7142857142857143,7,0,0.0,1,8,REPRODUCED_SPLIT_TOLERANT,thesis_exp/outputs/exp05_low_score_loss/smoke_test/L1_weighted_ordinal/predictions/predictions_dev.jsonl
-0.2083333333333332,0.875,0.75,0.375,0.625,0,8,0.0,0.48418202613504197,0,0,nan,0.570960318048795,0.37499999999999994,10.361632918473205,0,0,1,6,1,0.0,0,nan,0,0,nan,0,0,nan,0,5,0.7142857142857143,7,0,0.0,1,8,REPRODUCED_SPLIT_TOLERANT,thesis_exp/outputs/exp05_low_score_loss/smoke_test/L1_weighted_ordinal/predictions/predictions_dev_best.jsonl
-0.7083333333333334,0.75,1.75,0.875,0.125,0,7,0.0,-0.2672612419124244,0,0,nan,1.1760578410079083,0.9583333333333334,24.17714347643748,0,0,1,7,0,-0.08108108108108114,0,nan,0,0,nan,0,0,0.0,1,1,1.0,1,0,0.0,6,8,REPRODUCED_SPLIT_TOLERANT,thesis_exp/outputs/exp05_low_score_loss/smoke_test/L1_weighted_ordinal/predictions/predictions_test.jsonl
-0.2083333333333332,0.875,0.75,0.375,0.625,0,8,0.0,0.48418202613504197,0,0,nan,0.570960318048795,0.37499999999999994,10.361632918473205,0,0,1,6,1,0.0,0,nan,0,0,nan,0,0,nan,0,5,0.7142857142857143,7,0,0.0,1,8,REPRODUCED_SPLIT_TOLERANT,thesis_exp/outputs/exp05_low_score_loss/smoke_test/L1_weighted_ordinal/predictions_dev.jsonl
-0.2083333333333332,0.875,0.75,0.375,0.625,0,8,0.0,0.48418202613504197,0,0,nan,0.570960318048795,0.37499999999999994,10.361632918473205,0,0,1,6,1,0.0,0,nan,0,0,nan,0,0,nan,0,5,0.7142857142857143,7,0,0.0,1,8,REPRODUCED_SPLIT_TOLERANT,thesis_exp/outputs/exp05_low_score_loss/smoke_test/L1_weighted_ordinal/predictions_dev_best.jsonl
-0.7083333333333334,0.75,1.75,0.875,0.125,0,7,0.0,-0.2672612419124244,0,0,nan,1.1760578410079083,0.9583333333333334,24.17714347643748,0,0,1,7,0,-0.08108108108108114,0,nan,0,0,nan,0,0,0.0,1,1,1.0,1,0,0.0,6,8,REPRODUCED_SPLIT_TOLERANT,thesis_exp/outputs/exp05_low_score_loss/smoke_test/L1_weighted_ordinal/predictions_test.jsonl
0.23396567299006324,0.8726287262872628,0.6467931345980127,0.32339656729900634,0.6766034327009937,0,945,0.0,0.5046981461930293,30,57,0.5263157894736842,0.4202975068149761,0.4658235471243601,8.935777379857651,14,0,60,392,641,0.5650525008529019,13,0.6842105263157895,19,0,0.0,38,27,0.2571428571428571,105,243,0.6246786632390745,389,466,0.8381294964028777,556,1107,REPRODUCED_SPLIT_TOLERANT,thesis_exp/outputs/exp06_question_disjoint_baselines/runs/QD-B0_human_only_ordinary_ordinal/predictions/predictions_dev.jsonl
0.1069809610154125,0.8948322756119673,0.6128739800543971,0.3064369900271986,0.6935630099728014,0,967,0.0,0.5293242185530982,16,31,0.5161290322580645,0.37631541153116166,0.4019341190692051,8.467166942143107,8,0,57,436,602,0.5976217823018422,8,0.8888888888888888,9,0,0.0,22,31,0.29523809523809524,105,241,0.6866096866096866,351,485,0.7873376623376623,616,1103,REPRODUCED_SPLIT_TOLERANT,thesis_exp/outputs/exp06_question_disjoint_baselines/runs/QD-B0_human_only_ordinary_ordinal/predictions/predictions_test.jsonl
0.15356820234869015,0.8554652213188798,0.7028003613369467,0.35140018066847334,0.6485998193315267,1,945,0.0010582010582010583,0.4905643092554062,28,57,0.49122807017543857,0.4304336130845666,0.48118036735922903,9.709545812191694,13,5,90,410,589,0.5614556962025317,13,0.6842105263157895,19,4,0.10526315789473684,38,32,0.3047619047619048,105,235,0.6041131105398457,389,434,0.7805755395683454,556,1107,REPRODUCED_SPLIT_TOLERANT,thesis_exp/outputs/exp06_question_disjoint_baselines/runs/QD-B1_human_only_L1_weighted_ordinal/predictions/predictions_dev.jsonl
0.018132366273798706,0.8776065276518585,0.658204895738894,0.329102447869447,0.670897552130553,3,967,0.0031023784901758012,0.5265979428764057,14,31,0.45161290322580644,0.3980361290190023,0.42792384406165007,9.093436686384463,9,6,91,444,553,0.6012356007375432,8,0.8888888888888888,9,0,0.0,22,39,0.37142857142857144,105,236,0.6723646723646723,351,457,0.7418831168831169,616,1103,REPRODUCED_SPLIT_TOLERANT,thesis_exp/outputs/exp06_question_disjoint_baselines/runs/QD-B1_human_only_L1_weighted_ordinal/predictions/predictions_test.jsonl
0.4046973803071364,0.8717253839205059,0.7425474254742548,0.3712737127371274,0.6287262872628726,0,945,0.0,0.43367754955202026,32,57,0.5614035087719298,0.41504699589832494,0.5221318879855466,10.258671796428754,13,1,41,242,810,0.48496020640504167,13,0.6842105263157895,19,0,0.0,38,18,0.17142857142857143,105,151,0.38817480719794345,389,514,0.9244604316546763,556,1107,REPRODUCED_SPLIT_TOLERANT,thesis_exp/outputs/exp07_rank_consistent_ordinal/runs/QD-R1_CORAL_human_only/predictions/predictions_dev.jsonl
0.4046973803071364,0.8717253839205059,0.7425474254742548,0.3712737127371274,0.6287262872628726,0,945,0.0,0.43367754955202026,32,57,0.5614035087719298,0.41504699589832494,0.5221318879855466,10.258671796428754,13,1,41,242,810,0.48496020640504167,13,0.6842105263157895,19,0,0.0,38,18,0.17142857142857143,105,151,0.38817480719794345,389,514,0.9244604316546763,556,1107,REPRODUCED_SPLIT_TOLERANT,thesis_exp/outputs/exp07_rank_consistent_ordinal/runs/QD-R1_CORAL_human_only/predictions/predictions_dev_best.jsonl
0.2828649138712602,0.8830462375339981,0.6890299184043518,0.3445149592021759,0.6554850407978241,0,967,0.0,0.45560562684313166,16,31,0.5161290322580645,0.39555819536680903,0.4466606225445754,9.519300112468585,8,1,44,265,785,0.5271754702243676,8,0.8888888888888888,9,0,0.0,22,18,0.17142857142857143,105,144,0.41025641025641024,351,553,0.8977272727272727,616,1103,REPRODUCED_SPLIT_TOLERANT,thesis_exp/outputs/exp07_rank_consistent_ordinal/runs/QD-R1_CORAL_human_only/predictions/predictions_test.jsonl
0.4046973803071364,0.8717253839205059,0.7425474254742548,0.3712737127371274,0.6287262872628726,0,945,0.0,0.43367754955202026,32,57,0.5614035087719298,0.41504699589832494,0.5221318879855466,10.258671796428754,13,1,41,242,810,0.48496020640504167,13,0.6842105263157895,19,0,0.0,38,18,0.17142857142857143,105,151,0.38817480719794345,389,514,0.9244604316546763,556,1107,REPRODUCED_SPLIT_TOLERANT,thesis_exp/outputs/exp07_rank_consistent_ordinal/runs/QD-R1_CORAL_human_only/predictions_dev.jsonl
0.4046973803071364,0.8717253839205059,0.7425474254742548,0.3712737127371274,0.6287262872628726,0,945,0.0,0.43367754955202026,32,57,0.5614035087719298,0.41504699589832494,0.5221318879855466,10.258671796428754,13,1,41,242,810,0.48496020640504167,13,0.6842105263157895,19,0,0.0,38,18,0.17142857142857143,105,151,0.38817480719794345,389,514,0.9244604316546763,556,1107,REPRODUCED_SPLIT_TOLERANT,thesis_exp/outputs/exp07_rank_consistent_ordinal/runs/QD-R1_CORAL_human_only/predictions_dev_best.jsonl
0.2828649138712602,0.8830462375339981,0.6890299184043518,0.3445149592021759,0.6554850407978241,0,967,0.0,0.45560562684313166,16,31,0.5161290322580645,0.39555819536680903,0.4466606225445754,9.519300112468585,8,1,44,265,785,0.5271754702243676,8,0.8888888888888888,9,0,0.0,22,18,0.17142857142857143,105,144,0.41025641025641024,351,553,0.8977272727272727,616,1103,REPRODUCED_SPLIT_TOLERANT,thesis_exp/outputs/exp07_rank_consistent_ordinal/runs/QD-R1_CORAL_human_only/predictions_test.jsonl
-1.5416666666666665,0.125,1.75,0.875,0.125,3,8,0.375,0.20025046972870356,0,0,nan,1.5281255009273687,1.5416666666666665,24.17714347643748,0,3,4,1,0,-0.04347826086956519,0,nan,0,0,nan,0,0,nan,0,1,0.16666666666666666,6,0,0.0,2,8,REPRODUCED_SPLIT_TOLERANT,thesis_exp/outputs/exp07_rank_consistent_ordinal/smoke_test/QD-R1_CORAL_human_only/predictions/predictions_dev.jsonl
-1.5416666666666665,0.125,1.75,0.875,0.125,3,8,0.375,0.20025046972870356,0,0,nan,1.5281255009273687,1.5416666666666665,24.17714347643748,0,3,4,1,0,-0.04347826086956519,0,nan,0,0,nan,0,0,nan,0,1,0.16666666666666666,6,0,0.0,2,8,REPRODUCED_SPLIT_TOLERANT,thesis_exp/outputs/exp07_rank_consistent_ordinal/smoke_test/QD-R1_CORAL_human_only/predictions/predictions_dev_best.jsonl
-0.6249999999999999,0.625,2.0,1.0,0.0,3,8,0.375,-0.8451542547285166,0,0,nan,1.2252194170529647,1.541666666666667,27.631021115928547,0,3,0,0,5,-0.5421686746987953,0,nan,0,0,nan,0,0,nan,0,0,0.0,5,0,0.0,3,8,REPRODUCED_SPLIT_TOLERANT,thesis_exp/outputs/exp07_rank_consistent_ordinal/smoke_test/QD-R1_CORAL_human_only/predictions/predictions_test.jsonl
-1.5416666666666665,0.125,1.75,0.875,0.125,3,8,0.375,0.20025046972870356,0,0,nan,1.5281255009273687,1.5416666666666665,24.17714347643748,0,3,4,1,0,-0.04347826086956519,0,nan,0,0,nan,0,0,nan,0,1,0.16666666666666666,6,0,0.0,2,8,REPRODUCED_SPLIT_TOLERANT,thesis_exp/outputs/exp07_rank_consistent_ordinal/smoke_test/QD-R1_CORAL_human_only/predictions_dev.jsonl
-1.5416666666666665,0.125,1.75,0.875,0.125,3,8,0.375,0.20025046972870356,0,0,nan,1.5281255009273687,1.5416666666666665,24.17714347643748,0,3,4,1,0,-0.04347826086956519,0,nan,0,0,nan,0,0,nan,0,1,0.16666666666666666,6,0,0.0,2,8,REPRODUCED_SPLIT_TOLERANT,thesis_exp/outputs/exp07_rank_consistent_ordinal/smoke_test/QD-R1_CORAL_human_only/predictions_dev_best.jsonl
-0.6249999999999999,0.625,2.0,1.0,0.0,3,8,0.375,-0.8451542547285166,0,0,nan,1.2252194170529647,1.541666666666667,27.631021115928547,0,3,0,0,5,-0.5421686746987953,0,nan,0,0,nan,0,0,nan,0,0,0.0,5,0,0.0,3,8,REPRODUCED_SPLIT_TOLERANT,thesis_exp/outputs/exp07_rank_consistent_ordinal/smoke_test/QD-R1_CORAL_human_only/predictions_test.jsonl
0.2917795844625113,0.8654019873532068,0.6811201445347786,0.3405600722673894,0.6594399277326106,0,945,0.0,0.45746385236242443,30,57,0.5263157894736842,0.47314323703412087,0.49292381812707015,9.410022548062388,13,2,50,346,696,0.5207353155163215,13,0.6842105263157895,19,1,0.02631578947368421,38,18,0.17142857142857143,105,216,0.5552699228791774,389,482,0.8669064748201439,556,1107,REPRODUCED_SPLIT_TOLERANT,thesis_exp/outputs/exp08_edurisk_loss/runs/QD-ER1_EduRisk_human_only/predictions/predictions_dev.jsonl
0.2917795844625113,0.8654019873532068,0.6811201445347786,0.3405600722673894,0.6594399277326106,0,945,0.0,0.45746385236242443,30,57,0.5263157894736842,0.47314323703412087,0.49292381812707015,9.410022548062388,13,2,50,346,696,0.5207353155163215,13,0.6842105263157895,19,1,0.02631578947368421,38,18,0.17142857142857143,105,216,0.5552699228791774,389,482,0.8669064748201439,556,1107,REPRODUCED_SPLIT_TOLERANT,thesis_exp/outputs/exp08_edurisk_loss/runs/QD-ER1_EduRisk_human_only/predictions/predictions_dev_best.jsonl
0.12601994560290114,0.8748866727107888,0.6600181323662738,0.33000906618313686,0.6699909338168631,0,967,0.0,0.46946147976060904,14,31,0.45161290322580644,0.49900128417016526,0.4378966455122393,9.118487476154117,8,0,79,371,645,0.5580654633188158,8,0.8888888888888888,9,0,0.0,22,30,0.2857142857142857,105,206,0.5868945868945868,351,495,0.8035714285714286,616,1103,REPRODUCED_SPLIT_TOLERANT,thesis_exp/outputs/exp08_edurisk_loss/runs/QD-ER1_EduRisk_human_only/predictions/predictions_test.jsonl
0.2917795844625113,0.8654019873532068,0.6811201445347786,0.3405600722673894,0.6594399277326106,0,945,0.0,0.45746385236242443,30,57,0.5263157894736842,0.47314323703412087,0.49292381812707015,9.410022548062388,13,2,50,346,696,0.5207353155163215,13,0.6842105263157895,19,1,0.02631578947368421,38,18,0.17142857142857143,105,216,0.5552699228791774,389,482,0.8669064748201439,556,1107,REPRODUCED_SPLIT_TOLERANT,thesis_exp/outputs/exp08_edurisk_loss/runs/QD-ER1_EduRisk_human_only/predictions_dev.jsonl
0.2917795844625113,0.8654019873532068,0.6811201445347786,0.3405600722673894,0.6594399277326106,0,945,0.0,0.45746385236242443,30,57,0.5263157894736842,0.47314323703412087,0.49292381812707015,9.410022548062388,13,2,50,346,696,0.5207353155163215,13,0.6842105263157895,19,1,0.02631578947368421,38,18,0.17142857142857143,105,216,0.5552699228791774,389,482,0.8669064748201439,556,1107,REPRODUCED_SPLIT_TOLERANT,thesis_exp/outputs/exp08_edurisk_loss/runs/QD-ER1_EduRisk_human_only/predictions_dev_best.jsonl
0.12601994560290114,0.8748866727107888,0.6600181323662738,0.33000906618313686,0.6699909338168631,0,967,0.0,0.46946147976060904,14,31,0.45161290322580644,0.49900128417016526,0.4378966455122393,9.118487476154117,8,0,79,371,645,0.5580654633188158,8,0.8888888888888888,9,0,0.0,22,30,0.2857142857142857,105,206,0.5868945868945868,351,495,0.8035714285714286,616,1103,REPRODUCED_SPLIT_TOLERANT,thesis_exp/outputs/exp08_edurisk_loss/runs/QD-ER1_EduRisk_human_only/predictions_test.jsonl
0.16260162601626016,0.8644986449864499,0.6847335140018067,0.34236675700090335,0.6576332429990966,0,945,0.0,0.4723460724501893,30,57,0.5263157894736842,0.45602686491762284,0.47997591087021974,9.459943092083938,13,0,61,473,560,0.5444935656946113,13,0.6842105263157895,19,0,0.0,38,23,0.21904761904761905,105,272,0.699228791773779,389,420,0.7553956834532374,556,1107,REPRODUCED_SPLIT_TOLERANT,thesis_exp/outputs/exp09_pairwise_ordinal/runs/QD-PR1_PairwiseRiskOrdinal_human_only/predictions/predictions_dev.jsonl
0.16260162601626016,0.8644986449864499,0.6847335140018067,0.34236675700090335,0.6576332429990966,0,945,0.0,0.4723460724501893,30,57,0.5263157894736842,0.45602686491762284,0.47997591087021974,9.459943092083938,13,0,61,473,560,0.5444935656946113,13,0.6842105263157895,19,0,0.0,38,23,0.21904761904761905,105,272,0.699228791773779,389,420,0.7553956834532374,556,1107,REPRODUCED_SPLIT_TOLERANT,thesis_exp/outputs/exp09_pairwise_ordinal/runs/QD-PR1_PairwiseRiskOrdinal_human_only/predictions/predictions_dev_best.jsonl
0.03263825929283769,0.8785131459655485,0.7198549410698096,0.3599274705349048,0.6400725294650952,0,967,0.0,0.454532962190567,16,31,0.5161290322580645,0.4310548794954223,0.45451798126322146,9.945163538552704,9,0,63,502,529,0.5473117789228875,8,0.8888888888888888,9,0,0.0,22,25,0.23809523809523808,105,247,0.7037037037037037,351,426,0.6915584415584416,616,1103,REPRODUCED_SPLIT_TOLERANT,thesis_exp/outputs/exp09_pairwise_ordinal/runs/QD-PR1_PairwiseRiskOrdinal_human_only/predictions/predictions_test.jsonl
0.16260162601626016,0.8644986449864499,0.6847335140018067,0.34236675700090335,0.6576332429990966,0,945,0.0,0.4723460724501893,30,57,0.5263157894736842,0.45602686491762284,0.47997591087021974,9.459943092083938,13,0,61,473,560,0.5444935656946113,13,0.6842105263157895,19,0,0.0,38,23,0.21904761904761905,105,272,0.699228791773779,389,420,0.7553956834532374,556,1107,REPRODUCED_SPLIT_TOLERANT,thesis_exp/outputs/exp09_pairwise_ordinal/runs/QD-PR1_PairwiseRiskOrdinal_human_only/predictions_dev.jsonl
0.16260162601626016,0.8644986449864499,0.6847335140018067,0.34236675700090335,0.6576332429990966,0,945,0.0,0.4723460724501893,30,57,0.5263157894736842,0.45602686491762284,0.47997591087021974,9.459943092083938,13,0,61,473,560,0.5444935656946113,13,0.6842105263157895,19,0,0.0,38,23,0.21904761904761905,105,272,0.699228791773779,389,420,0.7553956834532374,556,1107,REPRODUCED_SPLIT_TOLERANT,thesis_exp/outputs/exp09_pairwise_ordinal/runs/QD-PR1_PairwiseRiskOrdinal_human_only/predictions_dev_best.jsonl
0.03263825929283769,0.8785131459655485,0.7198549410698096,0.3599274705349048,0.6400725294650952,0,967,0.0,0.454532962190567,16,31,0.5161290322580645,0.4310548794954223,0.45451798126322146,9.945163538552704,9,0,63,502,529,0.5473117789228875,8,0.8888888888888888,9,0,0.0,22,25,0.23809523809523808,105,247,0.7037037037037037,351,426,0.6915584415584416,616,1103,REPRODUCED_SPLIT_TOLERANT,thesis_exp/outputs/exp09_pairwise_ordinal/runs/QD-PR1_PairwiseRiskOrdinal_human_only/predictions_test.jsonl
0.15085817524841916,0.8527551942186089,0.7154471544715447,0.3577235772357723,0.6422764227642277,1,945,0.0010582010582010583,0.48981344857477055,28,57,0.49122807017543857,0.43939831799524,0.48509485094850946,9.884267716267123,13,4,99,398,593,0.5599756964995626,13,0.6842105263157895,19,3,0.07894736842105263,38,35,0.3333333333333333,105,226,0.5809768637532133,389,434,0.7805755395683454,556,1107,REPRODUCED_SPLIT_TOLERANT,thesis_exp/outputs/exp09_pairwise_ordinal_qdpr2/runs/QD-PR2_AnchoredPairwiseOrdinal_human_only/predictions/predictions_dev.jsonl
0.15085817524841916,0.8527551942186089,0.7154471544715447,0.3577235772357723,0.6422764227642277,1,945,0.0010582010582010583,0.48981344857477055,28,57,0.49122807017543857,0.43939831799524,0.48509485094850946,9.884267716267123,13,4,99,398,593,0.5599756964995626,13,0.6842105263157895,19,3,0.07894736842105263,38,35,0.3333333333333333,105,226,0.5809768637532133,389,434,0.7805755395683454,556,1107,REPRODUCED_SPLIT_TOLERANT,thesis_exp/outputs/exp09_pairwise_ordinal_qdpr2/runs/QD-PR2_AnchoredPairwiseOrdinal_human_only/predictions/predictions_dev_best.jsonl
0.03354487760652764,0.8785131459655485,0.6455122393472348,0.3227561196736174,0.6772438803263826,1,967,0.001034126163391934,0.5327953742599383,12,31,0.3870967741935484,0.39063015492795533,0.41915986702931396,8.918081157996884,9,2,94,433,565,0.6083786422677057,8,0.8888888888888888,9,0,0.0,22,39,0.37142857142857144,105,235,0.6695156695156695,351,465,0.7548701298701299,616,1103,REPRODUCED_SPLIT_TOLERANT,thesis_exp/outputs/exp09_pairwise_ordinal_qdpr2/runs/QD-PR2_AnchoredPairwiseOrdinal_human_only/predictions/predictions_test.jsonl
0.15085817524841916,0.8527551942186089,0.7154471544715447,0.3577235772357723,0.6422764227642277,1,945,0.0010582010582010583,0.48981344857477055,28,57,0.49122807017543857,0.43939831799524,0.48509485094850946,9.884267716267123,13,4,99,398,593,0.5599756964995626,13,0.6842105263157895,19,3,0.07894736842105263,38,35,0.3333333333333333,105,226,0.5809768637532133,389,434,0.7805755395683454,556,1107,REPRODUCED_SPLIT_TOLERANT,thesis_exp/outputs/exp09_pairwise_ordinal_qdpr2/runs/QD-PR2_AnchoredPairwiseOrdinal_human_only/predictions_dev.jsonl
0.15085817524841916,0.8527551942186089,0.7154471544715447,0.3577235772357723,0.6422764227642277,1,945,0.0010582010582010583,0.48981344857477055,28,57,0.49122807017543857,0.43939831799524,0.48509485094850946,9.884267716267123,13,4,99,398,593,0.5599756964995626,13,0.6842105263157895,19,3,0.07894736842105263,38,35,0.3333333333333333,105,226,0.5809768637532133,389,434,0.7805755395683454,556,1107,REPRODUCED_SPLIT_TOLERANT,thesis_exp/outputs/exp09_pairwise_ordinal_qdpr2/runs/QD-PR2_AnchoredPairwiseOrdinal_human_only/predictions_dev_best.jsonl
0.03354487760652764,0.8785131459655485,0.6455122393472348,0.3227561196736174,0.6772438803263826,1,967,0.001034126163391934,0.5327953742599383,12,31,0.3870967741935484,0.39063015492795533,0.41915986702931396,8.918081157996884,9,2,94,433,565,0.6083786422677057,8,0.8888888888888888,9,0,0.0,22,39,0.37142857142857144,105,235,0.6695156695156695,351,465,0.7548701298701299,616,1103,REPRODUCED_SPLIT_TOLERANT,thesis_exp/outputs/exp09_pairwise_ordinal_qdpr2/runs/QD-PR2_AnchoredPairwiseOrdinal_human_only/predictions_test.jsonl
0.20833333333333337,1.0,1.0,0.5,0.5,0,8,0.0,-0.49099025303098287,0,0,nan,0.5238448219994704,0.6249999999999999,13.815510557964274,0,0,0,4,4,0.0,0,nan,0,0,nan,0,0,nan,0,3,0.5,6,1,0.5,2,8,REPRODUCED_SPLIT_TOLERANT,thesis_exp/outputs/exp09_pairwise_ordinal_qdpr2/smoke_test/QD-PR2_AnchoredPairwiseOrdinal_human_only/predictions/predictions_dev.jsonl
0.20833333333333337,1.0,1.0,0.5,0.5,0,8,0.0,-0.49099025303098287,0,0,nan,0.5238448219994704,0.6249999999999999,13.815510557964274,0,0,0,4,4,0.0,0,nan,0,0,nan,0,0,nan,0,3,0.5,6,1,0.5,2,8,REPRODUCED_SPLIT_TOLERANT,thesis_exp/outputs/exp09_pairwise_ordinal_qdpr2/smoke_test/QD-PR2_AnchoredPairwiseOrdinal_human_only/predictions/predictions_dev_best.jsonl
-1.125,0.375,1.25,0.625,0.375,0,8,0.0,-0.6197797868009122,0,0,nan,1.2289523121435195,1.125,17.269388197455342,0,0,5,3,0,-0.1914893617021276,0,nan,0,0,nan,0,0,nan,0,3,0.6,5,0,0.0,3,8,REPRODUCED_SPLIT_TOLERANT,thesis_exp/outputs/exp09_pairwise_ordinal_qdpr2/smoke_test/QD-PR2_AnchoredPairwiseOrdinal_human_only/predictions/predictions_test.jsonl
0.20833333333333337,1.0,1.0,0.5,0.5,0,8,0.0,-0.49099025303098287,0,0,nan,0.5238448219994704,0.6249999999999999,13.815510557964274,0,0,0,4,4,0.0,0,nan,0,0,nan,0,0,nan,0,3,0.5,6,1,0.5,2,8,REPRODUCED_SPLIT_TOLERANT,thesis_exp/outputs/exp09_pairwise_ordinal_qdpr2/smoke_test/QD-PR2_AnchoredPairwiseOrdinal_human_only/predictions_dev.jsonl
0.20833333333333337,1.0,1.0,0.5,0.5,0,8,0.0,-0.49099025303098287,0,0,nan,0.5238448219994704,0.6249999999999999,13.815510557964274,0,0,0,4,4,0.0,0,nan,0,0,nan,0,0,nan,0,3,0.5,6,1,0.5,2,8,REPRODUCED_SPLIT_TOLERANT,thesis_exp/outputs/exp09_pairwise_ordinal_qdpr2/smoke_test/QD-PR2_AnchoredPairwiseOrdinal_human_only/predictions_dev_best.jsonl
-1.125,0.375,1.25,0.625,0.375,0,8,0.0,-0.6197797868009122,0,0,nan,1.2289523121435195,1.125,17.269388197455342,0,0,5,3,0,-0.1914893617021276,0,nan,0,0,nan,0,0,nan,0,3,0.6,5,0,0.0,3,8,REPRODUCED_SPLIT_TOLERANT,thesis_exp/outputs/exp09_pairwise_ordinal_qdpr2/smoke_test/QD-PR2_AnchoredPairwiseOrdinal_human_only/predictions_test.jsonl
0.17795844625112917,0.8554652213188798,0.7100271002710027,0.3550135501355014,0.6449864498644986,1,945,0.0010582010582010583,0.481309656435541,28,57,0.49122807017543857,0.43935042786855705,0.4869015356820235,9.809386900234795,13,4,90,386,614,0.5520220733149389,13,0.6842105263157895,19,3,0.07894736842105263,38,32,0.3047619047619048,105,223,0.5732647814910026,389,443,0.7967625899280576,556,1107,REPRODUCED_SPLIT_TOLERANT,thesis_exp/outputs/exp10_qdpr2_module_ablation/runs/full_qdpr2/predictions/predictions_dev.jsonl
0.17795844625112917,0.8554652213188798,0.7100271002710027,0.3550135501355014,0.6449864498644986,1,945,0.0010582010582010583,0.481309656435541,28,57,0.49122807017543857,0.43935042786855705,0.4869015356820235,9.809386900234795,13,4,90,386,614,0.5520220733149389,13,0.6842105263157895,19,3,0.07894736842105263,38,32,0.3047619047619048,105,223,0.5732647814910026,389,443,0.7967625899280576,556,1107,REPRODUCED_SPLIT_TOLERANT,thesis_exp/outputs/exp10_qdpr2_module_ablation/runs/full_qdpr2/predictions/predictions_dev_best.jsonl
0.0670897552130553,0.8848594741613781,0.6310063463281959,0.3155031731640979,0.6844968268359021,1,967,0.001034126163391934,0.5269059050145111,14,31,0.45161290322580644,0.3850563239292288,0.4146267754608643,8.71767483983965,9,2,85,414,593,0.6028008872719937,8,0.8888888888888888,9,0,0.0,22,39,0.37142857142857144,105,229,0.6524216524216524,351,479,0.7775974025974026,616,1103,REPRODUCED_SPLIT_TOLERANT,thesis_exp/outputs/exp10_qdpr2_module_ablation/runs/full_qdpr2/predictions/predictions_test.jsonl
0.17795844625112917,0.8554652213188798,0.7100271002710027,0.3550135501355014,0.6449864498644986,1,945,0.0010582010582010583,0.481309656435541,28,57,0.49122807017543857,0.43935042786855705,0.4869015356820235,9.809386900234795,13,4,90,386,614,0.5520220733149389,13,0.6842105263157895,19,3,0.07894736842105263,38,32,0.3047619047619048,105,223,0.5732647814910026,389,443,0.7967625899280576,556,1107,REPRODUCED_SPLIT_TOLERANT,thesis_exp/outputs/exp10_qdpr2_module_ablation/runs/full_qdpr2/predictions_dev.jsonl
0.17795844625112917,0.8554652213188798,0.7100271002710027,0.3550135501355014,0.6449864498644986,1,945,0.0010582010582010583,0.481309656435541,28,57,0.49122807017543857,0.43935042786855705,0.4869015356820235,9.809386900234795,13,4,90,386,614,0.5520220733149389,13,0.6842105263157895,19,3,0.07894736842105263,38,32,0.3047619047619048,105,223,0.5732647814910026,389,443,0.7967625899280576,556,1107,REPRODUCED_SPLIT_TOLERANT,thesis_exp/outputs/exp10_qdpr2_module_ablation/runs/full_qdpr2/predictions_dev_best.jsonl
0.0670897552130553,0.8848594741613781,0.6310063463281959,0.3155031731640979,0.6844968268359021,1,967,0.001034126163391934,0.5269059050145111,14,31,0.45161290322580644,0.3850563239292288,0.4146267754608643,8.71767483983965,9,2,85,414,593,0.6028008872719937,8,0.8888888888888888,9,0,0.0,22,39,0.37142857142857144,105,229,0.6524216524216524,351,479,0.7775974025974026,616,1103,REPRODUCED_SPLIT_TOLERANT,thesis_exp/outputs/exp10_qdpr2_module_ablation/runs/full_qdpr2/predictions_test.jsonl
0.15989159891598917,0.8518518518518519,0.7407407407407407,0.37037037037037035,0.6296296296296297,1,945,0.0010582010582010583,0.47092266381131487,28,57,0.49122807017543857,0.45766231267781426,0.4977416440831075,10.233711524417982,13,3,106,377,608,0.5468031922172814,13,0.6842105263157895,19,2,0.05263157894736842,38,38,0.3619047619047619,105,211,0.5424164524421594,389,433,0.7787769784172662,556,1107,REPRODUCED_SPLIT_TOLERANT,thesis_exp/outputs/exp10_qdpr2_module_ablation/runs/no_anchor/predictions/predictions_dev.jsonl
0.15989159891598917,0.8518518518518519,0.7407407407407407,0.37037037037037035,0.6296296296296297,1,945,0.0010582010582010583,0.47092266381131487,28,57,0.49122807017543857,0.45766231267781426,0.4977416440831075,10.233711524417982,13,3,106,377,608,0.5468031922172814,13,0.6842105263157895,19,2,0.05263157894736842,38,38,0.3619047619047619,105,211,0.5424164524421594,389,433,0.7787769784172662,556,1107,REPRODUCED_SPLIT_TOLERANT,thesis_exp/outputs/exp10_qdpr2_module_ablation/runs/no_anchor/predictions/predictions_dev_best.jsonl
0.07071622846781504,0.8794197642792384,0.6509519492293744,0.32547597461468725,0.6745240253853128,2,967,0.002068252326783868,0.5164714249126864,15,31,0.4838709677419355,0.39047202659300934,0.4242973708068903,8.993233527305847,8,4,83,412,596,0.5860974614619433,8,0.8888888888888888,9,0,0.0,22,36,0.34285714285714286,105,223,0.6353276353276354,351,477,0.7743506493506493,616,1103,REPRODUCED_SPLIT_TOLERANT,thesis_exp/outputs/exp10_qdpr2_module_ablation/runs/no_anchor/predictions/predictions_test.jsonl
0.15989159891598917,0.8518518518518519,0.7407407407407407,0.37037037037037035,0.6296296296296297,1,945,0.0010582010582010583,0.47092266381131487,28,57,0.49122807017543857,0.45766231267781426,0.4977416440831075,10.233711524417982,13,3,106,377,608,0.5468031922172814,13,0.6842105263157895,19,2,0.05263157894736842,38,38,0.3619047619047619,105,211,0.5424164524421594,389,433,0.7787769784172662,556,1107,REPRODUCED_SPLIT_TOLERANT,thesis_exp/outputs/exp10_qdpr2_module_ablation/runs/no_anchor/predictions_dev.jsonl
0.15989159891598917,0.8518518518518519,0.7407407407407407,0.37037037037037035,0.6296296296296297,1,945,0.0010582010582010583,0.47092266381131487,28,57,0.49122807017543857,0.45766231267781426,0.4977416440831075,10.233711524417982,13,3,106,377,608,0.5468031922172814,13,0.6842105263157895,19,2,0.05263157894736842,38,38,0.3619047619047619,105,211,0.5424164524421594,389,433,0.7787769784172662,556,1107,REPRODUCED_SPLIT_TOLERANT,thesis_exp/outputs/exp10_qdpr2_module_ablation/runs/no_anchor/predictions_dev_best.jsonl
0.07071622846781504,0.8794197642792384,0.6509519492293744,0.32547597461468725,0.6745240253853128,2,967,0.002068252326783868,0.5164714249126864,15,31,0.4838709677419355,0.39047202659300934,0.4242973708068903,8.993233527305847,8,4,83,412,596,0.5860974614619433,8,0.8888888888888888,9,0,0.0,22,36,0.34285714285714286,105,223,0.6353276353276354,351,477,0.7743506493506493,616,1103,REPRODUCED_SPLIT_TOLERANT,thesis_exp/outputs/exp10_qdpr2_module_ablation/runs/no_anchor/predictions_test.jsonl
0.14724480578139115,0.8554652213188798,0.7136404697380307,0.3568202348690154,0.6431797651309846,1,945,0.0010582010582010583,0.4871337610080903,28,57,0.49122807017543857,0.4401991852359081,0.4844926227040047,9.859307444256347,13,4,96,408,586,0.5551915636542291,13,0.6842105263157895,19,3,0.07894736842105263,38,35,0.3333333333333333,105,232,0.596401028277635,389,429,0.7715827338129496,556,1107,REPRODUCED_SPLIT_TOLERANT,thesis_exp/outputs/exp10_qdpr2_module_ablation/runs/no_mono/predictions/predictions_dev.jsonl
0.14724480578139115,0.8554652213188798,0.7136404697380307,0.3568202348690154,0.6431797651309846,1,945,0.0010582010582010583,0.4871337610080903,28,57,0.49122807017543857,0.4401991852359081,0.4844926227040047,9.859307444256347,13,4,96,408,586,0.5551915636542291,13,0.6842105263157895,19,3,0.07894736842105263,38,35,0.3333333333333333,105,232,0.596401028277635,389,429,0.7715827338129496,556,1107,REPRODUCED_SPLIT_TOLERANT,thesis_exp/outputs/exp10_qdpr2_module_ablation/runs/no_mono/predictions/predictions_dev_best.jsonl
0.03626473254759745,0.8766999093381687,0.6527651858567544,0.3263825929283771,0.6736174070716229,1,967,0.001034126163391934,0.5303531074889021,13,31,0.41935483870967744,0.39318597299214586,0.42187972197038376,9.0182843170755,9,2,93,432,567,0.602509067495453,8,0.8888888888888888,9,0,0.0,22,38,0.3619047619047619,105,232,0.6609686609686609,351,465,0.7548701298701299,616,1103,REPRODUCED_SPLIT_TOLERANT,thesis_exp/outputs/exp10_qdpr2_module_ablation/runs/no_mono/predictions/predictions_test.jsonl
0.14724480578139115,0.8554652213188798,0.7136404697380307,0.3568202348690154,0.6431797651309846,1,945,0.0010582010582010583,0.4871337610080903,28,57,0.49122807017543857,0.4401991852359081,0.4844926227040047,9.859307444256347,13,4,96,408,586,0.5551915636542291,13,0.6842105263157895,19,3,0.07894736842105263,38,35,0.3333333333333333,105,232,0.596401028277635,389,429,0.7715827338129496,556,1107,REPRODUCED_SPLIT_TOLERANT,thesis_exp/outputs/exp10_qdpr2_module_ablation/runs/no_mono/predictions_dev.jsonl
0.14724480578139115,0.8554652213188798,0.7136404697380307,0.3568202348690154,0.6431797651309846,1,945,0.0010582010582010583,0.4871337610080903,28,57,0.49122807017543857,0.4401991852359081,0.4844926227040047,9.859307444256347,13,4,96,408,586,0.5551915636542291,13,0.6842105263157895,19,3,0.07894736842105263,38,35,0.3333333333333333,105,232,0.596401028277635,389,429,0.7715827338129496,556,1107,REPRODUCED_SPLIT_TOLERANT,thesis_exp/outputs/exp10_qdpr2_module_ablation/runs/no_mono/predictions_dev_best.jsonl
0.03626473254759745,0.8766999093381687,0.6527651858567544,0.3263825929283771,0.6736174070716229,1,967,0.001034126163391934,0.5303531074889021,13,31,0.41935483870967744,0.39318597299214586,0.42187972197038376,9.0182843170755,9,2,93,432,567,0.602509067495453,8,0.8888888888888888,9,0,0.0,22,38,0.3619047619047619,105,232,0.6609686609686609,351,465,0.7548701298701299,616,1103,REPRODUCED_SPLIT_TOLERANT,thesis_exp/outputs/exp10_qdpr2_module_ablation/runs/no_mono/predictions_test.jsonl
0.14363143631436315,0.8572719060523939,0.7009936766034327,0.3504968383017163,0.6495031616982837,1,945,0.0010582010582010583,0.4923809920539919,28,57,0.49122807017543857,0.4326625945618604,0.48148148148148145,9.684585540180919,13,3,100,407,584,0.5643401605192755,13,0.6842105263157895,19,2,0.05263157894736842,38,38,0.3619047619047619,105,235,0.6041131105398457,389,431,0.7751798561151079,556,1107,REPRODUCED_SPLIT_TOLERANT,thesis_exp/outputs/exp10_qdpr2_module_ablation/runs/no_pair/predictions/predictions_dev.jsonl
0.14363143631436315,0.8572719060523939,0.7009936766034327,0.3504968383017163,0.6495031616982837,1,945,0.0010582010582010583,0.4923809920539919,28,57,0.49122807017543857,0.4326625945618604,0.48148148148148145,9.684585540180919,13,3,100,407,584,0.5643401605192755,13,0.6842105263157895,19,2,0.05263157894736842,38,38,0.3619047619047619,105,235,0.6041131105398457,389,431,0.7751798561151079,556,1107,REPRODUCED_SPLIT_TOLERANT,thesis_exp/outputs/exp10_qdpr2_module_ablation/runs/no_pair/predictions/predictions_dev_best.jsonl
0.04170444242973707,0.8757932910244787,0.6436990027198549,0.3218495013599275,0.6781504986400725,1,967,0.001034126163391934,0.5379163831915108,14,31,0.45161290322580644,0.3929696261456715,0.4194620731338773,8.893030368227231,9,2,95,422,575,0.6041144123838349,8,0.8888888888888888,9,0,0.0,22,39,0.37142857142857144,105,229,0.6524216524216524,351,472,0.7662337662337663,616,1103,REPRODUCED_SPLIT_TOLERANT,thesis_exp/outputs/exp10_qdpr2_module_ablation/runs/no_pair/predictions/predictions_test.jsonl
0.14363143631436315,0.8572719060523939,0.7009936766034327,0.3504968383017163,0.6495031616982837,1,945,0.0010582010582010583,0.4923809920539919,28,57,0.49122807017543857,0.4326625945618604,0.48148148148148145,9.684585540180919,13,3,100,407,584,0.5643401605192755,13,0.6842105263157895,19,2,0.05263157894736842,38,38,0.3619047619047619,105,235,0.6041131105398457,389,431,0.7751798561151079,556,1107,REPRODUCED_SPLIT_TOLERANT,thesis_exp/outputs/exp10_qdpr2_module_ablation/runs/no_pair/predictions_dev.jsonl
0.14363143631436315,0.8572719060523939,0.7009936766034327,0.3504968383017163,0.6495031616982837,1,945,0.0010582010582010583,0.4923809920539919,28,57,0.49122807017543857,0.4326625945618604,0.48148148148148145,9.684585540180919,13,3,100,407,584,0.5643401605192755,13,0.6842105263157895,19,2,0.05263157894736842,38,38,0.3619047619047619,105,235,0.6041131105398457,389,431,0.7751798561151079,556,1107,REPRODUCED_SPLIT_TOLERANT,thesis_exp/outputs/exp10_qdpr2_module_ablation/runs/no_pair/predictions_dev_best.jsonl
0.04170444242973707,0.8757932910244787,0.6436990027198549,0.3218495013599275,0.6781504986400725,1,967,0.001034126163391934,0.5379163831915108,14,31,0.45161290322580644,0.3929696261456715,0.4194620731338773,8.893030368227231,9,2,95,422,575,0.6041144123838349,8,0.8888888888888888,9,0,0.0,22,39,0.37142857142857144,105,229,0.6524216524216524,351,472,0.7662337662337663,616,1103,REPRODUCED_SPLIT_TOLERANT,thesis_exp/outputs/exp10_qdpr2_module_ablation/runs/no_pair/predictions_test.jsonl
0.1345980126467931,0.8527551942186089,0.7280939476061428,0.3640469738030714,0.6359530261969286,1,945,0.0010582010582010583,0.4857691298172737,28,57,0.49122807017543857,0.43756667268444294,0.4875037639265281,10.058989620342551,13,4,99,416,575,0.5564989446090842,13,0.6842105263157895,19,3,0.07894736842105263,38,35,0.3333333333333333,105,231,0.5938303341902313,389,422,0.7589928057553957,556,1107,REPRODUCED_SPLIT_TOLERANT,thesis_exp/outputs/exp10_qdpr2_module_ablation/runs/no_pair_same_pair_batches/predictions/predictions_dev.jsonl
0.1345980126467931,0.8527551942186089,0.7280939476061428,0.3640469738030714,0.6359530261969286,1,945,0.0010582010582010583,0.4857691298172737,28,57,0.49122807017543857,0.43756667268444294,0.4875037639265281,10.058989620342551,13,4,99,416,575,0.5564989446090842,13,0.6842105263157895,19,3,0.07894736842105263,38,35,0.3333333333333333,105,231,0.5938303341902313,389,422,0.7589928057553957,556,1107,REPRODUCED_SPLIT_TOLERANT,thesis_exp/outputs/exp10_qdpr2_module_ablation/runs/no_pair_same_pair_batches/predictions/predictions_dev_best.jsonl
0.03354487760652764,0.8766999093381687,0.6491387126019945,0.32456935630099726,0.6754306436990027,1,967,0.001034126163391934,0.5321289044250038,14,31,0.45161290322580644,0.39132938255559135,0.4209731036566938,8.96818273753619,9,2,94,433,565,0.6006083772333347,8,0.8888888888888888,9,0,0.0,22,39,0.37142857142857144,105,233,0.6638176638176638,351,465,0.7548701298701299,616,1103,REPRODUCED_SPLIT_TOLERANT,thesis_exp/outputs/exp10_qdpr2_module_ablation/runs/no_pair_same_pair_batches/predictions/predictions_test.jsonl
0.1345980126467931,0.8527551942186089,0.7280939476061428,0.3640469738030714,0.6359530261969286,1,945,0.0010582010582010583,0.4857691298172737,28,57,0.49122807017543857,0.43756667268444294,0.4875037639265281,10.058989620342551,13,4,99,416,575,0.5564989446090842,13,0.6842105263157895,19,3,0.07894736842105263,38,35,0.3333333333333333,105,231,0.5938303341902313,389,422,0.7589928057553957,556,1107,REPRODUCED_SPLIT_TOLERANT,thesis_exp/outputs/exp10_qdpr2_module_ablation/runs/no_pair_same_pair_batches/predictions_dev.jsonl
0.1345980126467931,0.8527551942186089,0.7280939476061428,0.3640469738030714,0.6359530261969286,1,945,0.0010582010582010583,0.4857691298172737,28,57,0.49122807017543857,0.43756667268444294,0.4875037639265281,10.058989620342551,13,4,99,416,575,0.5564989446090842,13,0.6842105263157895,19,3,0.07894736842105263,38,35,0.3333333333333333,105,231,0.5938303341902313,389,422,0.7589928057553957,556,1107,REPRODUCED_SPLIT_TOLERANT,thesis_exp/outputs/exp10_qdpr2_module_ablation/runs/no_pair_same_pair_batches/predictions_dev_best.jsonl
0.03354487760652764,0.8766999093381687,0.6491387126019945,0.32456935630099726,0.6754306436990027,1,967,0.001034126163391934,0.5321289044250038,14,31,0.45161290322580644,0.39132938255559135,0.4209731036566938,8.96818273753619,9,2,94,433,565,0.6006083772333347,8,0.8888888888888888,9,0,0.0,22,39,0.37142857142857144,105,233,0.6638176638176638,351,465,0.7548701298701299,616,1103,REPRODUCED_SPLIT_TOLERANT,thesis_exp/outputs/exp10_qdpr2_module_ablation/runs/no_pair_same_pair_batches/predictions_test.jsonl
0.14363143631436315,0.8599819331526649,0.7028003613369467,0.35140018066847334,0.6485998193315267,1,945,0.0010582010582010583,0.4900138056080891,28,57,0.49122807017543857,0.4319595988938656,0.4796747967479675,9.709545812191694,13,6,87,424,577,0.5568665762609046,13,0.6842105263157895,19,5,0.13157894736842105,38,33,0.3142857142857143,105,242,0.622107969151671,389,425,0.7643884892086331,556,1107,REPRODUCED_SPLIT_TOLERANT,thesis_exp/outputs/exp10_qdpr2_module_ablation/runs/no_point_diagnostic/predictions/predictions_dev.jsonl
0.14363143631436315,0.8599819331526649,0.7028003613369467,0.35140018066847334,0.6485998193315267,1,945,0.0010582010582010583,0.4900138056080891,28,57,0.49122807017543857,0.4319595988938656,0.4796747967479675,9.709545812191694,13,6,87,424,577,0.5568665762609046,13,0.6842105263157895,19,5,0.13157894736842105,38,33,0.3142857142857143,105,242,0.622107969151671,389,425,0.7643884892086331,556,1107,REPRODUCED_SPLIT_TOLERANT,thesis_exp/outputs/exp10_qdpr2_module_ablation/runs/no_point_diagnostic/predictions/predictions_dev_best.jsonl
0.010879419764279226,0.8748866727107888,0.6636446056210336,0.3318223028105167,0.6681776971894833,3,967,0.0031023784901758012,0.529053757518552,14,31,0.45161290322580644,0.39854019633684473,0.4291326684799032,9.168589055693426,9,5,92,453,544,0.5995070593494667,8,0.8888888888888888,9,0,0.0,22,38,0.3619047619047619,105,238,0.6780626780626781,351,453,0.7353896103896104,616,1103,REPRODUCED_SPLIT_TOLERANT,thesis_exp/outputs/exp10_qdpr2_module_ablation/runs/no_point_diagnostic/predictions/predictions_test.jsonl
0.14363143631436315,0.8599819331526649,0.7028003613369467,0.35140018066847334,0.6485998193315267,1,945,0.0010582010582010583,0.4900138056080891,28,57,0.49122807017543857,0.4319595988938656,0.4796747967479675,9.709545812191694,13,6,87,424,577,0.5568665762609046,13,0.6842105263157895,19,5,0.13157894736842105,38,33,0.3142857142857143,105,242,0.622107969151671,389,425,0.7643884892086331,556,1107,REPRODUCED_SPLIT_TOLERANT,thesis_exp/outputs/exp10_qdpr2_module_ablation/runs/no_point_diagnostic/predictions_dev.jsonl
0.14363143631436315,0.8599819331526649,0.7028003613369467,0.35140018066847334,0.6485998193315267,1,945,0.0010582010582010583,0.4900138056080891,28,57,0.49122807017543857,0.4319595988938656,0.4796747967479675,9.709545812191694,13,6,87,424,577,0.5568665762609046,13,0.6842105263157895,19,5,0.13157894736842105,38,33,0.3142857142857143,105,242,0.622107969151671,389,425,0.7643884892086331,556,1107,REPRODUCED_SPLIT_TOLERANT,thesis_exp/outputs/exp10_qdpr2_module_ablation/runs/no_point_diagnostic/predictions_dev_best.jsonl
0.010879419764279226,0.8748866727107888,0.6636446056210336,0.3318223028105167,0.6681776971894833,3,967,0.0031023784901758012,0.529053757518552,14,31,0.45161290322580644,0.39854019633684473,0.4291326684799032,9.168589055693426,9,5,92,453,544,0.5995070593494667,8,0.8888888888888888,9,0,0.0,22,38,0.3619047619047619,105,238,0.6780626780626781,351,453,0.7353896103896104,616,1103,REPRODUCED_SPLIT_TOLERANT,thesis_exp/outputs/exp10_qdpr2_module_ablation/runs/no_point_diagnostic/predictions_test.jsonl
0.14814814814814814,0.8545618789521229,0.7082204155374887,0.35411020776874436,0.6458897922312556,1,945,0.0010582010582010583,0.49458262669424513,28,57,0.49122807017543857,0.4347389259602731,0.4811803673592291,9.78442662822402,13,3,97,408,586,0.5677880252411203,13,0.6842105263157895,19,2,0.05263157894736842,38,35,0.3333333333333333,105,232,0.596401028277635,389,433,0.7787769784172662,556,1107,REPRODUCED_SPLIT_TOLERANT,thesis_exp/outputs/exp10_qdpr2_module_ablation/runs/point_only/predictions/predictions_dev.jsonl
0.14814814814814814,0.8545618789521229,0.7082204155374887,0.35411020776874436,0.6458897922312556,1,945,0.0010582010582010583,0.49458262669424513,28,57,0.49122807017543857,0.4347389259602731,0.4811803673592291,9.78442662822402,13,3,97,408,586,0.5677880252411203,13,0.6842105263157895,19,2,0.05263157894736842,38,35,0.3333333333333333,105,232,0.596401028277635,389,433,0.7787769784172662,556,1107,REPRODUCED_SPLIT_TOLERANT,thesis_exp/outputs/exp10_qdpr2_module_ablation/runs/point_only/predictions/predictions_dev_best.jsonl
0.053490480507706245,0.8785131459655485,0.6346328195829556,0.3173164097914778,0.6826835902085222,2,967,0.002068252326783868,0.540001996242876,13,31,0.41935483870967744,0.3869696945681636,0.41492898156542757,8.767776419378958,8,4,90,417,584,0.6088530908536052,8,0.8888888888888888,9,0,0.0,22,38,0.3619047619047619,105,229,0.6524216524216524,351,478,0.775974025974026,616,1103,REPRODUCED_SPLIT_TOLERANT,thesis_exp/outputs/exp10_qdpr2_module_ablation/runs/point_only/predictions/predictions_test.jsonl
0.14814814814814814,0.8545618789521229,0.7082204155374887,0.35411020776874436,0.6458897922312556,1,945,0.0010582010582010583,0.49458262669424513,28,57,0.49122807017543857,0.4347389259602731,0.4811803673592291,9.78442662822402,13,3,97,408,586,0.5677880252411203,13,0.6842105263157895,19,2,0.05263157894736842,38,35,0.3333333333333333,105,232,0.596401028277635,389,433,0.7787769784172662,556,1107,REPRODUCED_SPLIT_TOLERANT,thesis_exp/outputs/exp10_qdpr2_module_ablation/runs/point_only/predictions_dev.jsonl
0.14814814814814814,0.8545618789521229,0.7082204155374887,0.35411020776874436,0.6458897922312556,1,945,0.0010582010582010583,0.49458262669424513,28,57,0.49122807017543857,0.4347389259602731,0.4811803673592291,9.78442662822402,13,3,97,408,586,0.5677880252411203,13,0.6842105263157895,19,2,0.05263157894736842,38,35,0.3333333333333333,105,232,0.596401028277635,389,433,0.7787769784172662,556,1107,REPRODUCED_SPLIT_TOLERANT,thesis_exp/outputs/exp10_qdpr2_module_ablation/runs/point_only/predictions_dev_best.jsonl
0.053490480507706245,0.8785131459655485,0.6346328195829556,0.3173164097914778,0.6826835902085222,2,967,0.002068252326783868,0.540001996242876,13,31,0.41935483870967744,0.3869696945681636,0.41492898156542757,8.767776419378958,8,4,90,417,584,0.6088530908536052,8,0.8888888888888888,9,0,0.0,22,38,0.3619047619047619,105,229,0.6524216524216524,351,478,0.775974025974026,616,1103,REPRODUCED_SPLIT_TOLERANT,thesis_exp/outputs/exp10_qdpr2_module_ablation/runs/point_only/predictions_test.jsonl
