variant,seed,stratum_type,stratum_value,n,MAE,QWK,Exact_Match,Kendall_tau,Signed_Bias,abs_Signed_Bias,Bin_Agreement,expected_score_MAE,human_CE,human_Brier,human_RPS,low_n,low_to_high_count,low_to_high_rate,high_n,high_to_low_count,high_to_low_rate,label1_recall,pred_count_1,label2_recall,pred_count_2,label3_recall,pred_count_3,label4_recall,pred_count_4,label5_recall,pred_count_5
E0,42,metric,Basic Factual Accuracy,322,0.2080745341614907,0.06514657980456018,0.8540372670807453,0.2043563226649747,0.18944099378881987,0.18944099378881987,0.9565217391304348,0.3015153170593979,2.6339162191747834,0.2766767995873404,0.051273964618998226,6,6,1.0,308,0,0.0,0.0,0,0.0,0,0.0,0,0.11764705882352941,8,0.9890510948905109,314
E0,42,metric,"Clarity, Simplicity & Inspiration",187,0.48663101604278075,0.11195629333893675,0.5614973262032086,0.15500747321196232,0.0374331550802139,0.0374331550802139,0.9197860962566845,0.48190207852492073,2.863488356929625,0.5508794186103241,0.08031955333331967,3,3,1.0,172,0,0.0,nan,0,0.0,0,0.0,0,0.7282608695652174,118,0.475,69
E0,42,metric,Content Relevance & Scope Control,312,0.28525641025641024,0.27163311890433706,0.7692307692307693,0.4153823312118722,0.18269230769230768,0.18269230769230768,0.9455128205128205,0.3704150586887107,2.660109216361809,0.3425021062493519,0.059103000300409575,4,4,1.0,296,0,0.0,0.0,0,0.0,0,0.0,1,0.4675324675324675,55,0.9315068493150684,256
E0,42,metric,Domain Knowledge Accuracy,137,0.34306569343065696,0.4117313457020174,0.6788321167883211,0.4243468040029087,-0.021897810218978103,0.021897810218978103,0.927007299270073,0.3780819669726018,1.9144992762314101,0.4072001706661412,0.05720247790054348,0,0,nan,125,0,0.0,nan,0,nan,0,0.16666666666666666,2,0.859375,87,0.5901639344262295,48
E0,42,metric,Error Identification & Correction Precision,134,0.7089552238805971,0.06796671536555932,0.5970149253731343,0.20628970610520653,0.2462686567164179,0.2462686567164179,0.7985074626865671,0.6962119303859934,3.0260972442593124,0.5552075783109303,0.13719321201034634,11,11,1.0,114,6,0.05263157894736842,0.0,1,0.0,5,0.0,1,0.41379310344827586,32,0.8,95
E0,42,metric,Higher-Order Thinking & Skill Development,178,0.5224719101123596,0.41676303761220335,0.550561797752809,0.3891113075569691,-0.11797752808988764,0.11797752808988764,0.6853932584269663,0.5304424738930428,2.5538348006629765,0.5459123587518888,0.08506340586510218,7,1,0.14285714285714285,124,0,0.0,nan,0,0.0,2,0.48936170212765956,54,0.75,98,0.375,24
E0,42,metric,Instruction Following & Task Completion,490,0.41836734693877553,0.33237214740826626,0.6408163265306123,0.40374601552009887,0.16938775510204082,0.16938775510204082,0.8857142857142857,0.442587254425288,2.487220871039918,0.44363921672052714,0.07253897020783638,10,10,1.0,442,1,0.0022624434389140274,nan,0,0.0,1,0.02631578947368421,9,0.5806451612903226,188,0.80078125,292
E0,42,metric,"Motivation, Guidance & Positive Feedback",186,0.5376344086021505,0.34405416842996195,0.5645161290322581,0.43167103541602014,0.12903225806451613,0.12903225806451613,0.7258064516129032,0.5242186264003413,3.0264892844661873,0.5036717120453204,0.08713022996978426,13,10,0.7692307692307693,141,2,0.014184397163120567,0.0,0,0.0,2,0.1875,19,0.7831325301204819,121,0.5862068965517241,44
E0,42,metric,"Personalization, Adaptation & Learning Support",163,0.3496932515337423,0.5754646183728425,0.656441717791411,0.5677160275553396,-0.04294478527607362,0.04294478527607362,0.8343558282208589,0.38311399153210174,2.781046891457964,0.4518601732462178,0.058259809779049126,1,0,0.0,137,0,0.0,nan,0,0.0,0,0.28,16,0.8266666666666667,103,0.6129032258064516,44
E0,42,metric,Reasoning Process Rigor,195,0.6974358974358974,0.3201180936313792,0.48205128205128206,0.3088303791523776,0.1641025641025641,0.1641025641025641,0.764102564102564,0.6398242266140429,2.6730567671172887,0.6076201901622658,0.11777083066059994,16,10,0.625,154,2,0.012987012987012988,0.23076923076923078,5,0.0,0,0.08,13,0.6086956521739131,102,0.5529411764705883,75
E0,42,metric,Role & Tone Consistency,99,0.20202020202020202,0.6108490566037736,0.797979797979798,0.6141850239840743,-0.020202020202020204,0.020202020202020204,0.98989898989899,0.29469847527436177,2.40778332733095,0.2998804131776687,0.03796278086431854,0,0,nan,98,0,0.0,nan,0,nan,0,0.0,0,0.8367346938775511,53,0.7755102040816326,46
E0,42,metric,Scenario Element Integration,251,0.32669322709163345,0.580602978568834,0.6892430278884463,0.5892609223063809,0.0,0.0,0.8764940239043825,0.3662294327464,2.353558410618929,0.42079840569188104,0.05662006304695441,5,2,0.4,216,0,0.0,nan,0,0.0,0,0.3,17,0.8571428571428571,153,0.6538461538461539,81
E0,42,subject,Applied Economics,55,0.2909090909090909,0.467741935483871,0.7272727272727273,0.4611086429809713,0.10909090909090909,0.10909090909090909,0.9818181818181818,0.3638144106046008,2.2653316999254085,0.356259258166685,0.05204859344810027,0,0,nan,53,0,0.0,nan,0,nan,0,0.5,1,0.6666666666666666,23,0.8076923076923077,31
E0,42,subject,Aquaculture,143,0.2937062937062937,0.630360709669839,0.7132867132867133,0.6220234635592896,-0.11188811188811189,0.11188811188811189,0.9090909090909091,0.34492132569694695,2.147720939494167,0.3961184183251455,0.0520898680889346,0,0,nan,129,0,0.0,nan,0,nan,0,0.42857142857142855,11,0.8235294117647058,73,0.6923076923076923,59
E0,42,subject,Automation,47,0.2978723404255319,0.21666666666666656,0.8085106382978723,0.4378454042031248,0.1276595744680851,0.1276595744680851,0.8936170212765957,0.3931154117578418,3.3029544367855324,0.33709859653409513,0.06083977962112238,1,1,1.0,44,0,0.0,nan,0,0.0,0,0.0,2,0.5555555555555556,6,0.9428571428571428,39
E0,42,subject,Basic Medicine,159,0.6792452830188679,0.16052176227871695,0.5723270440251572,0.3379596883620023,0.5283018867924528,0.5283018867924528,0.779874213836478,0.708804107598543,4.0481069885961,0.6071416511048419,0.1386143483845535,13,13,1.0,124,0,0.0,0.0,0,0.0,1,0.09090909090909091,4,0.5272727272727272,52,0.8695652173913043,102
E0,42,subject,Biology,130,0.4230769230769231,0.4614966725519489,0.6,0.43745656753207335,0.06923076923076923,0.06923076923076923,0.8846153846153846,0.43527216247751876,3.276710145905529,0.48524367825011644,0.06536347752644245,3,1,0.3333333333333333,119,1,0.008403361344537815,nan,0,0.0,1,0.0,5,0.5892857142857143,59,0.7142857142857143,65
E0,42,subject,Business Administration,123,0.7967479674796748,0.2081375136805511,0.5203252032520326,0.29348207036185525,0.2926829268292683,0.2926829268292683,0.6341463414634146,0.8140088603497284,4.353164700114391,0.7245434776903904,0.16350500024862985,19,13,0.6842105263157895,87,4,0.04597701149425287,0.0,0,0.0,4,0.17647058823529413,17,0.6451612903225806,42,0.7321428571428571,60
E0,42,subject,Chemistry,140,0.4357142857142857,0.404491833030853,0.6071428571428571,0.42567097057941006,0.05,0.05,0.8714285714285714,0.43796411873547597,2.3714884529702718,0.4640855832520846,0.0692316549648577,1,1,1.0,124,1,0.008064516129032258,nan,1,0.0,0,0.13333333333333333,5,0.6226415094339622,65,0.704225352112676,69
E0,42,subject,Chinese,84,0.36904761904761907,0.5176470588235293,0.6785714285714286,0.5594710504942947,0.17857142857142858,0.17857142857142858,0.8690476190476191,0.4365847836746382,2.7113658921431436,0.4718657378072094,0.0746206532350597,2,2,1.0,71,0,0.0,nan,0,0.0,0,0.36363636363636365,6,0.6571428571428571,36,0.8333333333333334,42
E0,42,subject,Clinical Medicine,64,0.203125,0.7166212534059946,0.796875,0.7069522539432278,-0.046875,0.046875,0.953125,0.2282056703481646,1.5418383854018898,0.2691820666053833,0.03369516742509485,0,0,nan,59,0,0.0,nan,0,nan,0,0.4,2,0.9130434782608695,32,0.7777777777777778,30
E0,42,subject,Computer Science,95,0.37894736842105264,0.4147414741474148,0.6947368421052632,0.5038600951387606,-0.06315789473684211,0.06315789473684211,0.9052631578947369,0.39885162781791833,1.9116232371576287,0.4075061907549651,0.06911440512888666,2,1,0.5,88,1,0.011363636363636364,0.0,0,nan,1,0.2,4,0.7777777777777778,40,0.7213114754098361,50
E0,42,subject,Crop Science,98,0.5204081632653061,0.198165797518432,0.6020408163265306,0.3670453844309797,0.25510204081632654,0.25510204081632654,0.8163265306122449,0.5216596444142133,2.9657401965958456,0.4996906071614781,0.09413053671207208,4,4,1.0,80,0,0.0,0.0,0,0.0,0,0.0,0,0.7419354838709677,48,0.7346938775510204,50
E0,42,subject,English,95,0.2736842105263158,0.5972300734878462,0.7473684210526316,0.6070316884649388,0.14736842105263157,0.14736842105263157,0.9157894736842105,0.3113370357336469,2.167240430871265,0.3355192267849887,0.04779532414244629,1,0,0.0,86,0,0.0,nan,0,0.0,0,0.125,2,0.7058823529411765,35,0.8846153846153846,58
E0,42,subject,General Pedagogy,91,0.42857142857142855,0.4284572342126298,0.6373626373626373,0.48190710055722175,0.0989010989010989,0.0989010989010989,0.8461538461538461,0.47590925412741586,2.5506565233851948,0.47664518200651,0.07986319317296585,2,2,1.0,79,0,0.0,0.0,0,0.0,0,0.3,8,0.6111111111111112,38,0.7674418604651163,45
E0,42,subject,Geography,72,0.3611111111111111,0.496,0.6527777777777778,0.4882930436094717,0.25,0.25,0.9166666666666666,0.3538650075226587,2.235325489365393,0.3783962978886674,0.051441350956195106,1,0,0.0,66,0,0.0,nan,0,0.0,0,0.0,1,0.4444444444444444,20,0.8974358974358975,51
E0,42,subject,History,173,0.4277456647398844,0.4305247831866811,0.6416184971098265,0.4322457571055534,0.13872832369942195,0.13872832369942195,0.8670520231213873,0.44193122083614017,2.5277878255491038,0.4317194145537876,0.07103788476747214,6,5,0.8333333333333334,152,0,0.0,1.0,1,0.0,0,0.13333333333333333,7,0.6417910447761194,74,0.7647058823529411,91
E0,42,subject,Law,52,0.38461538461538464,0.46904913848117424,0.7115384615384616,0.5963909848845598,0.15384615384615385,0.15384615384615385,0.8269230769230769,0.42187727359348587,2.382317413758248,0.4229743605933357,0.0777113273584497,3,3,1.0,44,0,0.0,nan,0,0.0,0,0.2,3,0.7142857142857143,19,0.8666666666666667,30
E0,42,subject,Literature and Art,143,0.2937062937062937,0.6281690140845071,0.7272727272727273,0.653377111178665,-0.013986013986013986,0.013986013986013986,0.8811188811188811,0.35713441557472775,2.2920700755941037,0.36910095433341655,0.05214055551364123,2,0,0.0,131,0,0.0,0.0,0,nan,0,0.0,7,0.7916666666666666,64,0.7951807228915663,72
E0,42,subject,Mathematics,158,0.5063291139240507,0.4495972131504463,0.5949367088607594,0.4254065066556752,0.0379746835443038,0.0379746835443038,0.8417721518987342,0.5065246165187449,2.670039875671314,0.5021246748367566,0.08700471457796843,7,4,0.5714285714285714,132,2,0.015151515151515152,0.6666666666666666,4,0.0,0,0.21052631578947367,8,0.6521739130434783,70,0.6744186046511628,76
E0,42,subject,Military Science,86,0.313953488372093,0.5094048720320691,0.7441860465116279,0.5107282997089183,0.12790697674418605,0.12790697674418605,0.9069767441860465,0.37817874364039267,2.6201642184122016,0.3610239966158225,0.05950662466174623,0,0,nan,77,0,0.0,nan,0,nan,0,0.4444444444444444,7,0.5555555555555556,20,0.9,59
E0,42,subject,Physical Education,66,0.3484848484848485,0.5905707196029777,0.6666666666666666,0.5058002067083578,-0.045454545454545456,0.045454545454545456,0.9242424242424242,0.4332667643148075,2.950267408396004,0.44229172450755355,0.06575331289127155,1,0,0.0,59,0,0.0,nan,0,0.0,0,0.5,5,0.6470588235294118,25,0.7142857142857143,36
E0,42,subject,Physics,171,0.24561403508771928,0.6444263628966639,0.7660818713450293,0.637981325521402,0.03508771929824561,0.03508771929824561,0.9298245614035088,0.30779419977415295,1.99540012382964,0.2737256047897466,0.03779390960107744,0,0,nan,156,0,0.0,nan,0,nan,0,0.3333333333333333,7,0.7777777777777778,73,0.8279569892473119,91
E0,42,subject,Psychology,124,0.3709677419354839,0.40208430549074503,0.6774193548387096,0.47731034538439493,0.016129032258064516,0.016129032258064516,0.9193548387096774,0.3925755276669091,2.3285837502314006,0.4103198365173415,0.059936161556844135,2,2,1.0,120,1,0.008333333333333333,0.0,0,nan,1,0.0,5,0.6666666666666666,60,0.7368421052631579,58
E0,42,subject,Public Administration,119,0.3277310924369748,0.5164887083057734,0.6890756302521008,0.5157836437221485,-0.025210084033613446,0.025210084033613446,0.907563025210084,0.31592925936617366,1.7425810137621303,0.3706426849989081,0.04920949263490267,0,0,nan,110,0,0.0,nan,0,nan,0,0.2222222222222222,6,0.717391304347826,55,0.734375,58
E0,42,subject,Sociology,36,0.5555555555555556,0.41666666666666663,0.5277777777777778,0.430784012309623,0.0,0.0,0.7222222222222222,0.6014055063763561,3.0892378550456665,0.5572696722280908,0.09647433930962016,1,0,0.0,28,1,0.03571428571428571,nan,0,0.0,1,0.2857142857142857,6,0.5384615384615384,15,0.6666666666666666,14
E0,42,subject,Theoretical Economics,130,0.4076923076923077,0.41207564900740046,0.6615384615384615,0.5043145327657304,0.08461538461538462,0.08461538461538462,0.8461538461538461,0.4354435624637096,2.463033660679253,0.4700804829433729,0.0773906725858122,5,5,1.0,109,0,0.0,nan,0,0.0,1,0.125,3,0.8723404255319149,74,0.6935483870967742,52
E0,42,language,en,1341,0.39746457867263235,0.4159615870452371,0.6882923191648024,0.46189285856661344,0.08873974645786727,0.08873974645786727,0.8806860551826995,0.4365450674438663,2.7435050274551696,0.4182413348409121,0.07250794503760347,46,32,0.6956521739130435,1198,10,0.008347245409015025,0.3,5,0.0,10,0.1958762886597938,59,0.6155913978494624,427,0.8135593220338984,840
E0,42,language,zh,1313,0.4181264280274181,0.4103093256828434,0.6397562833206397,0.4715571668935435,0.11043412033511044,0.11043412033511044,0.8545316070068545,0.44140063427700243,2.4693136802642717,0.45999535970728533,0.07332886617218096,30,25,0.8333333333333334,1129,1,0.0008857395925597874,0.0,1,0.0,0,0.2012987012987013,73,0.7247386759581882,691,0.7081081081081081,548
E0,42,scenario,Automatic Grading,503,0.6421471172962226,0.1547950249004122,0.5407554671968191,0.29663831394075696,0.2524850894632207,0.2524850894632207,0.7713717693836978,0.6385157090938364,3.14945504829191,0.5663458714542814,0.11646958502759897,32,30,0.9375,410,9,0.02195121951219512,0.0,2,0.0,7,0.04918032786885246,21,0.6069651741293532,235,0.7033492822966507,238
E0,42,scenario,Emotional Support,295,0.2677966101694915,0.6875612913348763,0.735593220338983,0.6894152510167567,0.07796610169491526,0.07796610169491526,0.8779661016949153,0.3241416658957488,2.38949991117535,0.35796959852267496,0.046786254605794254,2,0,0.0,258,0,0.0,nan,0,0.0,0,0.2,15,0.7291666666666666,119,0.8641975308641975,161
E0,42,scenario,Error Correction,334,0.5119760479041916,0.2947842107837543,0.592814371257485,0.3593109130531569,0.12275449101796407,0.12275449101796407,0.8353293413173652,0.4837994469546211,2.813685852998963,0.5251879786280856,0.08946963941036963,14,14,1.0,283,1,0.0035335689045936395,0.0,0,0.0,1,0.10810810810810811,11,0.5657894736842105,128,0.7294685990338164,194
E0,42,scenario,Idea Provision,354,0.3446327683615819,0.5398134988040351,0.692090395480226,0.5093096350933385,0.07344632768361582,0.07344632768361582,0.9067796610169492,0.37853572702828525,1.877089311862066,0.39226416953412996,0.058697013031089804,8,3,0.375,317,0,0.0,nan,0,0.0,0,0.3448275862068966,21,0.6296296296296297,122,0.7990430622009569,211
E0,42,scenario,Personalized Content Creation,179,0.24581005586592178,0.5352223978324678,0.7597765363128491,0.5551501245514757,-0.0111731843575419,0.0111731843575419,0.9385474860335196,0.30593493824668616,2.270387281289332,0.3210465081544451,0.04305709952036311,0,0,nan,170,0,0.0,nan,0,nan,0,0.0,2,0.875,120,0.6818181818181818,57
E0,42,scenario,Personalized Learning Support,222,0.3333333333333333,0.5894021362186157,0.6801801801801802,0.5545010456937464,-0.02702702702702703,0.02702702702702703,0.8963963963963963,0.3595321053795152,2.4462169922095662,0.39459019845811466,0.052946675112826046,0,0,nan,195,0,0.0,nan,0,nan,0,0.5185185185185185,24,0.7171717171717171,111,0.6875,87
E0,42,scenario,Question Answering,158,0.5,0.45394079033169576,0.6962025316455697,0.3387194735385386,0.25949367088607594,0.25949367088607594,0.8417721518987342,0.5493739286129622,3.3664838094578564,0.4666644252300832,0.1034477832335266,13,7,0.5384615384615384,133,1,0.007518796992481203,0.375,4,0.0,0,0.0,5,0.3684210526315789,23,0.8771929824561403,126
E0,42,scenario,Question Generation,291,0.3436426116838488,0.5973070333435839,0.697594501718213,0.5776591348481753,0.006872852233676976,0.006872852233676976,0.865979381443299,0.3967020350704992,2.3486122370711175,0.4065598753858157,0.061401127591751065,6,2,0.3333333333333333,256,0,0.0,nan,0,0.0,2,0.41379310344827586,32,0.6222222222222222,94,0.8132530120481928,163
E0,42,scenario,Teaching Material Generation,318,0.2830188679245283,0.48369781312127236,0.7264150943396226,0.5121381635551616,0.03773584905660377,0.03773584905660377,0.9559748427672956,0.3640259692353913,2.7141507896623756,0.3867294955779903,0.05280612093254671,1,1,1.0,305,0,0.0,nan,0,0.0,0,0.0,1,0.7647058823529411,166,0.75,151
E0,42,education_level,Elementary School,211,0.2890995260663507,0.5955562754785237,0.7345971563981043,0.5687917508451683,0.052132701421800945,0.052132701421800945,0.933649289099526,0.33075498057619784,1.9179872132113094,0.34748151842962854,0.050102726519155386,2,1,0.5,192,0,0.0,nan,0,0.0,0,0.47058823529411764,12,0.6973684210526315,81,0.8103448275862069,118
E0,42,education_level,High School,245,0.27755102040816326,0.5792908044990126,0.7346938775510204,0.5966894609319587,0.0,0.0,0.9306122448979591,0.2950184723466117,1.7452229271159723,0.2993340707086821,0.04039606397279486,0,0,nan,226,1,0.004424778761061947,nan,1,nan,0,0.3157894736842105,9,0.6923076923076923,94,0.8108108108108109,141
E0,42,education_level,Master,748,0.4090909090909091,0.3682051282051282,0.6590909090909091,0.4458106073979917,0.08288770053475936,0.08288770053475936,0.8770053475935828,0.4394154519446607,2.583301990781303,0.44983111295375106,0.07295339141045512,14,14,1.0,667,1,0.0014992503748125937,0.0,0,0.0,2,0.1791044776119403,34,0.6952054794520548,340,0.7413333333333333,372
E0,42,education_level,Middle School,125,0.528,0.39441811479726163,0.56,0.44845290496140144,0.304,0.304,0.792,0.5400693853405989,3.6061524181686346,0.562896115593062,0.09085370846580264,7,5,0.7142857142857143,99,0,0.0,nan,0,0.0,0,0.05263157894736842,4,0.5641025641025641,52,0.7833333333333333,69
E0,42,education_level,PhD,541,0.4048059149722736,0.45546646933214596,0.6617375231053605,0.4800097189342982,0.11645101663585952,0.11645101663585952,0.8724584103512015,0.43117457246885876,2.586729974747494,0.4322045812602621,0.07178675462595063,17,12,0.7058823529411765,472,2,0.00423728813559322,0.5,4,0.0,1,0.1346153846153846,17,0.7107843137254902,249,0.7574626865671642,270
E0,42,education_level,Undergraduate,784,0.461734693877551,0.3886209259643383,0.6466836734693877,0.47017611593629893,0.11479591836734694,0.11479591836734694,0.8303571428571429,0.5018370748642829,2.9419315397442385,0.4815328114855992,0.08709535717441104,36,25,0.6944444444444444,671,7,0.010432190760059613,0.0,1,0.0,7,0.2077922077922078,56,0.6536964980544747,302,0.7801932367149759,418
E1,42,metric,Basic Factual Accuracy,322,0.2204968944099379,0.0581270182992466,0.8385093167701864,0.12795877064603414,0.18322981366459629,0.18322981366459629,0.9565217391304348,0.3125274647359262,2.9082033140506667,0.29534862448534616,0.05273537924076978,6,6,1.0,308,0,0.0,0.0,0,0.0,0,0.0,0,0.058823529411764705,10,0.9781021897810219,312
E1,42,metric,"Clarity, Simplicity & Inspiration",187,0.42245989304812837,0.26138287252050874,0.6042780748663101,0.30333342080281656,-0.026737967914438502,0.026737967914438502,0.9197860962566845,0.4449287260551036,2.7958491827792273,0.5000904742897013,0.07049131070210386,3,3,1.0,172,0,0.0,nan,0,0.0,0,0.0,0,0.8152173913043478,130,0.475,57
E1,42,metric,Content Relevance & Scope Control,312,0.2916666666666667,0.34647094309270055,0.7532051282051282,0.42855537402768595,0.11217948717948718,0.11217948717948718,0.9455128205128205,0.35377813835529803,2.7650287697940508,0.33196411476402077,0.05456513592178947,4,4,1.0,296,0,0.0,0.0,0,0.0,0,0.0,1,0.5584415584415584,77,0.8767123287671232,234
E1,42,metric,Domain Knowledge Accuracy,137,0.3284671532846715,0.44962583694367864,0.6934306569343066,0.4619609761167348,-0.0072992700729927005,0.0072992700729927005,0.9197080291970803,0.3681875604956625,2.14715868646599,0.39525457579611195,0.054565074185550226,0,0,nan,125,0,0.0,nan,0,nan,0,0.16666666666666666,3,0.84375,83,0.639344262295082,51
E1,42,metric,Error Identification & Correction Precision,134,0.5447761194029851,0.20648044692737433,0.6716417910447762,0.3858375856701046,0.3358208955223881,0.3358208955223881,0.8432835820895522,0.5993049074024616,3.325074682661913,0.513287463321569,0.11825583016944691,11,11,1.0,114,1,0.008771929824561403,0.0,0,0.0,1,0.0,0,0.5862068965517241,38,0.8588235294117647,95
E1,42,metric,Higher-Order Thinking & Skill Development,178,0.5674157303370787,0.3972911963882618,0.4943820224719101,0.3492985751191496,-0.03932584269662921,0.03932584269662921,0.6292134831460674,0.5421685499138728,3.016879260936404,0.6239876939403282,0.09311443892564629,7,0,0.0,124,0,0.0,nan,0,0.0,3,0.2553191489361702,43,0.7236842105263158,103,0.4375,29
E1,42,metric,Instruction Following & Task Completion,490,0.4122448979591837,0.36661819356923575,0.6326530612244898,0.4064842419690274,0.1510204081632653,0.1510204081632653,0.9020408163265307,0.45048020087724655,2.987843587521035,0.48233825679517184,0.07523949185833263,10,9,0.9,442,1,0.0022624434389140274,nan,0,0.0,1,0.07894736842105263,6,0.5967741935483871,203,0.765625,280
E1,42,metric,"Motivation, Guidance & Positive Feedback",186,0.510752688172043,0.36394509692939003,0.5967741935483871,0.4753580318940962,0.1774193548387097,0.1774193548387097,0.7419354838709677,0.515927300983672,3.0655844749841794,0.4901707683945432,0.08707289981135274,13,12,0.9230769230769231,141,2,0.014184397163120567,0.0,0,0.0,2,0.1875,14,0.8072289156626506,122,0.6551724137931034,48
E1,42,metric,"Personalization, Adaptation & Learning Support",163,0.2822085889570552,0.6714813570708767,0.7239263803680982,0.6460612122114174,0.012269938650306749,0.012269938650306749,0.8895705521472392,0.34411853835949535,2.624870642806563,0.3682941842181504,0.04980859884320702,1,0,0.0,137,0,0.0,nan,0,0.0,0,0.48,17,0.8266666666666667,92,0.7096774193548387,54
E1,42,metric,Reasoning Process Rigor,195,0.6974358974358974,0.22232689590202548,0.48717948717948717,0.29248343491900786,0.2358974358974359,0.2358974358974359,0.7538461538461538,0.6456376510238007,2.9877181617520385,0.6184832641083997,0.1210669726176587,16,13,0.8125,154,0,0.0,0.07692307692307693,1,0.0,0,0.04,12,0.6376811594202898,106,0.5764705882352941,76
E1,42,metric,Role & Tone Consistency,99,0.2222222222222222,0.5719339622641509,0.7777777777777778,0.5744817704547608,-0.020202020202020204,0.020202020202020204,0.98989898989899,0.294220545586627,2.306200434524298,0.29464391298427345,0.03721068400546712,0,0,nan,98,0,0.0,nan,0,nan,0,0.0,0,0.8163265306122449,53,0.7551020408163265,46
E1,42,metric,Scenario Element Integration,251,0.3107569721115538,0.5969238455499251,0.7091633466135459,0.6073062240796876,0.03187250996015936,0.03187250996015936,0.8764940239043825,0.35093259562267615,2.4563362629535486,0.3908355453198878,0.05455568029544623,5,2,0.4,216,0,0.0,nan,0,0.0,0,0.3,17,0.8482142857142857,145,0.7115384615384616,89
E1,42,subject,Applied Economics,55,0.32727272727272727,0.4086021505376345,0.6909090909090909,0.4369734798497359,0.10909090909090909,0.10909090909090909,0.9454545454545454,0.40676152980509644,2.7283481308546045,0.4220973377983388,0.06112975395451966,0,0,nan,53,0,0.0,nan,0,nan,0,0.0,1,0.6296296296296297,23,0.8076923076923077,31
E1,42,subject,Aquaculture,143,0.3146853146853147,0.6048097842065032,0.6923076923076923,0.5803296558661181,-0.11888111888111888,0.11888111888111888,0.9230769230769231,0.3227657834801949,2.356778350932381,0.37706000679710006,0.04850530738935507,0,0,nan,129,0,0.0,nan,0,nan,0,0.5,11,0.803921568627451,74,0.6538461538461539,58
E1,42,subject,Automation,47,0.2978723404255319,0.2905660377358491,0.7872340425531915,0.4708030292419291,0.0851063829787234,0.0851063829787234,0.8936170212765957,0.38463756418184386,3.595970522164262,0.3463318341960544,0.060044672912450144,1,1,1.0,44,0,0.0,nan,0,0.0,0,0.0,2,0.5555555555555556,8,0.9142857142857143,37
E1,42,subject,Basic Medicine,159,0.6226415094339622,0.207875520371255,0.610062893081761,0.38474386694989077,0.44654088050314467,0.44654088050314467,0.7924528301886793,0.659344538323779,4.362560829280286,0.5538606591083498,0.1284090230480104,13,13,1.0,124,0,0.0,0.0,0,0.0,1,0.18181818181818182,6,0.6363636363636364,61,0.8405797101449275,91
E1,42,subject,Biology,130,0.4230769230769231,0.49669153878642824,0.5769230769230769,0.4247459650856209,0.06923076923076923,0.06923076923076923,0.8923076923076924,0.4253684554015885,3.4694533883300274,0.49443895199720944,0.06419224179452843,3,0,0.0,119,0,0.0,nan,0,0.0,0,0.0,6,0.5714285714285714,60,0.6825396825396826,64
E1,42,subject,Business Administration,123,0.6991869918699187,0.31909845788849356,0.5609756097560976,0.418747327918676,0.37398373983739835,0.37398373983739835,0.6666666666666666,0.7405514984956983,4.702332375577695,0.705704555534081,0.1493969833619754,19,13,0.6842105263157895,87,2,0.022988505747126436,0.0,0,0.0,2,0.17647058823529413,15,0.6451612903225806,42,0.8214285714285714,64
E1,42,subject,Chemistry,140,0.40714285714285714,0.4363496932515337,0.6142857142857143,0.4458912598490339,0.10714285714285714,0.10714285714285714,0.8785714285714286,0.4217284399017612,2.589753973727447,0.4501210805505996,0.06514376662618748,1,1,1.0,124,0,0.0,nan,0,0.0,0,0.06666666666666667,3,0.6226415094339622,65,0.7323943661971831,72
E1,42,subject,Chinese,84,0.35714285714285715,0.5144508670520231,0.7023809523809523,0.5706223028702472,0.16666666666666666,0.16666666666666666,0.8571428571428571,0.4349843485589154,2.6813419600897106,0.4486102320448182,0.07473313821637914,2,2,1.0,71,0,0.0,nan,0,0.0,0,0.36363636363636365,7,0.6857142857142857,35,0.8611111111111112,42
E1,42,subject,Clinical Medicine,64,0.21875,0.6806842480399145,0.78125,0.6985375604689735,-0.0625,0.0625,0.9375,0.2497115752148963,1.7160631513229403,0.3108519040344341,0.03886182441896187,0,0,nan,59,0,0.0,nan,0,nan,0,0.2,1,0.9565217391304348,35,0.75,28
E1,42,subject,Computer Science,95,0.3263157894736842,0.4744929317762754,0.7263157894736842,0.5856646784685622,-0.05263157894736842,0.05263157894736842,0.9263157894736842,0.3593127511047076,1.6779344886041079,0.35762986324856966,0.0605957597194047,2,2,1.0,88,0,0.0,0.0,0,nan,0,0.2,2,0.8888888888888888,46,0.7213114754098361,47
E1,42,subject,Crop Science,98,0.5408163265306123,0.2679200940070505,0.5714285714285714,0.4044499174776429,0.17346938775510204,0.17346938775510204,0.7755102040816326,0.5329470160307305,3.29350880730732,0.5313993099903346,0.09570575165090497,4,4,1.0,80,0,0.0,0.0,0,0.0,0,0.07142857142857142,6,0.6129032258064516,44,0.7346938775510204,48
E1,42,subject,English,95,0.28421052631578947,0.5792256036576654,0.7368421052631579,0.6172857594175747,0.07368421052631578,0.07368421052631578,0.9052631578947369,0.31014873659800873,2.4788321985558412,0.35594851894324897,0.04992047293401759,1,1,1.0,86,0,0.0,nan,0,0.0,0,0.125,2,0.7647058823529411,42,0.8269230769230769,51
E1,42,subject,General Pedagogy,91,0.4065934065934066,0.41856540084388183,0.6593406593406593,0.49210690155155284,0.01098901098901099,0.01098901098901099,0.8791208791208791,0.4634213099719129,2.7372811887838457,0.44284821674557323,0.07572414592515526,2,2,1.0,79,1,0.012658227848101266,0.0,0,0.0,1,0.3,4,0.8055555555555556,51,0.6511627906976745,35
E1,42,subject,Geography,72,0.2638888888888889,0.665362035225049,0.7361111111111112,0.6739361144981033,0.1527777777777778,0.1527777777777778,0.9027777777777778,0.3198109993128349,2.518454700458186,0.3386010143405474,0.04591426720376977,1,0,0.0,66,0,0.0,nan,0,0.0,0,0.0,2,0.6296296296296297,25,0.9230769230769231,45
E1,42,subject,History,173,0.4277456647398844,0.3294101064204664,0.6473988439306358,0.43438361072348697,0.19653179190751446,0.19653179190751446,0.8786127167630058,0.44950128604038564,2.814394370007149,0.4625889519010827,0.07454220101282862,6,6,1.0,152,0,0.0,0.0,0,0.0,0,0.06666666666666667,2,0.6716417910447762,78,0.7764705882352941,93
E1,42,subject,Law,52,0.46153846153846156,0.31353135313531355,0.6538461538461539,0.4283901677877138,0.15384615384615385,0.15384615384615385,0.8461538461538461,0.4880081346694967,3.168015539683492,0.5037526558074645,0.0920632351065609,3,3,1.0,44,0,0.0,nan,0,0.0,0,0.2,2,0.7142857142857143,21,0.7666666666666667,29
E1,42,subject,Literature and Art,143,0.3006993006993007,0.6088752442087635,0.7202797202797203,0.594181857862005,0.006993006993006993,0.006993006993006993,0.9230769230769231,0.3707749867359677,2.595566000130886,0.3730621938025999,0.05255005512547355,2,0,0.0,131,0,0.0,0.0,0,nan,0,0.2,5,0.7916666666666666,65,0.7590361445783133,73
E1,42,subject,Mathematics,158,0.46835443037974683,0.46723501717775806,0.6075949367088608,0.4552799036858481,0.11392405063291139,0.11392405063291139,0.8544303797468354,0.4910748334403843,2.688091127869161,0.5067298315342146,0.08403456456057674,7,5,0.7142857142857143,132,0,0.0,0.3333333333333333,1,0.0,0,0.21052631578947367,7,0.6739130434782609,72,0.6976744186046512,78
E1,42,subject,Military Science,86,0.32558139534883723,0.4810593362386858,0.7209302325581395,0.5289500866809399,0.11627906976744186,0.11627906976744186,0.872093023255814,0.3605019773393464,2.9939604899747625,0.35641646263178545,0.05506792840956022,0,0,nan,77,0,0.0,nan,0,nan,0,0.1111111111111111,4,0.6296296296296297,27,0.88,55
E1,42,subject,Physical Education,66,0.36363636363636365,0.5085106382978724,0.6666666666666666,0.47549637768127456,0.0,0.0,0.8939393939393939,0.45019494390235965,3.1263745096794575,0.5055173449038406,0.07173847978523767,1,0,0.0,59,0,0.0,nan,0,0.0,0,0.16666666666666666,3,0.7058823529411765,26,0.7380952380952381,37
E1,42,subject,Physics,171,0.23976608187134502,0.6503067484662577,0.7719298245614035,0.6617383869017401,0.12280701754385964,0.12280701754385964,0.9239766081871345,0.30268236619097183,2.0438772976095883,0.2742210748978138,0.03791196550753276,0,0,nan,156,0,0.0,nan,0,nan,0,0.26666666666666666,6,0.6825396825396826,60,0.9139784946236559,105
E1,42,subject,Psychology,124,0.31451612903225806,0.4717041800643086,0.7258064516129032,0.5651589674496119,0.04032258064516129,0.04032258064516129,0.9354838709677419,0.35668804300964724,2.252014786946971,0.35662000531229904,0.05420858981022673,2,2,1.0,120,1,0.008333333333333333,0.0,0,nan,1,0.0,3,0.7142857142857143,61,0.7894736842105263,59
E1,42,subject,Public Administration,119,0.31092436974789917,0.5667347482461593,0.7058823529411765,0.5547076664570494,-0.058823529411764705,0.058823529411764705,0.907563025210084,0.34682790941952873,2.2131071627110956,0.41165275237789367,0.0574374962072361,0,0,nan,110,0,0.0,nan,0,nan,1,0.2222222222222222,6,0.7608695652173914,56,0.734375,56
E1,42,subject,Sociology,36,0.4444444444444444,0.5238095238095238,0.6111111111111112,0.5439415933388494,0.16666666666666666,0.16666666666666666,0.7777777777777778,0.5534498710260086,3.3346983058018584,0.5571680487643921,0.0927269130604742,1,1,1.0,28,0,0.0,nan,0,0.0,0,0.2857142857142857,4,0.6153846153846154,16,0.8,16
E1,42,subject,Theoretical Economics,130,0.4153846153846154,0.45945945945945943,0.6384615384615384,0.5182531268691415,0.12307692307692308,0.12307692307692308,0.8384615384615385,0.42540922139334125,2.614491746021643,0.46240288242059907,0.07467831878528063,5,4,0.8,109,0,0.0,nan,0,0.0,1,0.0625,3,0.7872340425531915,69,0.7258064516129032,57
E1,42,language,en,1341,0.3788217747949292,0.43108056510118364,0.6957494407158836,0.49394891170309063,0.10738255033557047,0.10738255033557047,0.8829231916480239,0.4267198513018855,2.9604945363197284,0.41756295511388614,0.07092168724046814,46,35,0.7608695652173914,1198,4,0.00333889816360601,0.1,1,0.0,7,0.17525773195876287,55,0.6236559139784946,435,0.8268765133171913,843
E1,42,language,zh,1313,0.4044173648134044,0.4332057780416153,0.645087585681645,0.4888006717013339,0.10891089108910891,0.10891089108910891,0.8621477532368621,0.43041727713802175,2.6795213974219063,0.45823566626511447,0.07170158315911819,30,25,0.8333333333333334,1129,0,0.0,0.0,0,0.0,0,0.18181818181818182,58,0.7543554006968641,727,0.6954954954954955,528
E1,42,scenario,Automatic Grading,503,0.584493041749503,0.23462900926800223,0.5546719681908548,0.3596064087727956,0.23856858846918488,0.23856858846918488,0.7912524850894632,0.6054422052714682,3.4026246158613076,0.5829228416204599,0.11038651680820494,32,30,0.9375,410,3,0.007317073170731708,0.0,0,0.0,3,0.06557377049180328,19,0.6666666666666666,266,0.6746411483253588,215
E1,42,scenario,Emotional Support,295,0.24067796610169492,0.709708750271569,0.7694915254237288,0.6995350710325361,0.07796610169491526,0.07796610169491526,0.911864406779661,0.30634825045553093,2.490332300322663,0.3327978223477177,0.04474337228022111,2,1,0.5,258,0,0.0,nan,0,0.0,0,0.4,18,0.75,113,0.8703703703703703,164
E1,42,scenario,Error Correction,334,0.46407185628742514,0.36554573054398865,0.625748502994012,0.44260555246327526,0.11676646706586827,0.11676646706586827,0.844311377245509,0.4642288705743869,2.8678658372353505,0.49529025360206275,0.0844080115997303,14,14,1.0,283,1,0.0035335689045936395,0.0,0,0.0,1,0.10810810810810811,8,0.6578947368421053,136,0.748792270531401,189
E1,42,scenario,Idea Provision,354,0.3728813559322034,0.5218130878527116,0.6666666666666666,0.49834027843894946,0.02824858757062147,0.02824858757062147,0.8813559322033898,0.394509041613018,2.3146094334532767,0.4301872035743171,0.06375952925818454,8,3,0.375,317,0,0.0,nan,0,0.0,0,0.3103448275862069,28,0.6018518518518519,124,0.7751196172248804,202
E1,42,scenario,Personalized Content Creation,179,0.25139664804469275,0.5606283750613646,0.7486033519553073,0.5729971996573915,0.07262569832402235,0.07262569832402235,0.9441340782122905,0.32676096347427874,2.7311520720714157,0.34586731348023764,0.04772745080789545,0,0,nan,170,0,0.0,nan,0,nan,0,0.0,1,0.7980769230769231,107,0.7727272727272727,71
E1,42,scenario,Personalized Learning Support,222,0.3108108108108108,0.5972864171760847,0.6981981981981982,0.5803891098819018,0.04954954954954955,0.04954954954954955,0.8963963963963963,0.3345925405313575,2.3505270085453054,0.3483802239364795,0.04647705068912334,0,0,nan,195,0,0.0,nan,0,nan,0,0.3333333333333333,14,0.7474747474747475,114,0.75,94
E1,42,scenario,Question Answering,158,0.5253164556962026,0.29128451861875404,0.689873417721519,0.2969791706894587,0.3227848101265823,0.3227848101265823,0.8417721518987342,0.5838305636276341,3.85803282760649,0.4842641603748549,0.11127202252867395,13,10,0.7692307692307693,133,0,0.0,0.125,1,0.0,0,0.0,3,0.47368421052631576,29,0.868421052631579,125
E1,42,scenario,Question Generation,291,0.36082474226804123,0.5799702081962101,0.6701030927835051,0.5556736935148331,0.024054982817869417,0.024054982817869417,0.8591065292096219,0.3871933041713403,2.5475415370200976,0.4144835399370747,0.06011588132643139,6,1,0.16666666666666666,256,0,0.0,nan,0,0.0,3,0.1724137931034483,21,0.6555555555555556,108,0.7891566265060241,159
E1,42,scenario,Teaching Material Generation,318,0.2672955974842767,0.5103804509784444,0.7421383647798742,0.5413897586858097,0.040880503144654086,0.040880503144654086,0.9559748427672956,0.3461074270829681,2.8403479174047606,0.3652122158175304,0.04977194746971612,1,1,1.0,305,0,0.0,nan,0,0.0,0,0.0,1,0.7777777777777778,165,0.7697368421052632,152
E1,42,education_level,Elementary School,211,0.2985781990521327,0.5822021981806181,0.7156398104265402,0.5896053818912271,0.03317535545023697,0.03317535545023697,0.9146919431279621,0.3372981594581512,2.2909147233345246,0.37088015956910747,0.052559760730581974,2,2,1.0,192,0,0.0,nan,0,0.0,0,0.23529411764705882,7,0.7368421052631579,95,0.7844827586206896,109
E1,42,education_level,High School,245,0.2571428571428571,0.6204279587758493,0.7551020408163265,0.6112691989164871,0.02857142857142857,0.02857142857142857,0.926530612244898,0.2784867085955499,1.7943545654624218,0.2981894458127562,0.039552332609317085,0,0,nan,226,0,0.0,nan,0,nan,0,0.3157894736842105,11,0.6923076923076923,87,0.8445945945945946,147
E1,42,education_level,Master,748,0.3890374331550802,0.39847147186717613,0.6724598930481284,0.47157691573502813,0.08689839572192513,0.08689839572192513,0.8903743315508021,0.4332141868951417,2.8256014068486897,0.4405604328663916,0.0714620878194561,14,14,1.0,667,2,0.0029985007496251873,0.0,0,0.0,3,0.16417910447761194,21,0.7363013698630136,360,0.7386666666666667,364
E1,42,education_level,Middle School,125,0.488,0.48007160532827886,0.576,0.5068508852872783,0.248,0.248,0.8,0.5259628069384708,3.608822933970142,0.5612539498312649,0.08886462793368052,7,4,0.5714285714285714,99,0,0.0,nan,0,0.0,0,0.10526315789473684,6,0.6153846153846154,55,0.7666666666666667,64
E1,42,education_level,PhD,541,0.4029574861367837,0.42484052879726353,0.6617375231053605,0.48988263212615224,0.11829944547134935,0.11829944547134935,0.8706099815157117,0.422261988416213,2.787029078726633,0.42798127639957456,0.0703394845873228,17,14,0.8235294117647058,472,0,0.0,0.16666666666666666,1,0.0,1,0.15384615384615385,20,0.7205882352941176,254,0.753731343283582,265
E1,42,education_level,Undergraduate,784,0.4375,0.4232503905132774,0.6517857142857143,0.4997087033803228,0.1441326530612245,0.1441326530612245,0.8405612244897959,0.4843581018219711,3.179591125252098,0.4835068962697332,0.08399789404534391,36,26,0.7222222222222222,671,2,0.0029806259314456036,0.0,0,0.0,3,0.18181818181818182,48,0.6575875486381323,311,0.7922705314009661,422
E2,42,metric,Basic Factual Accuracy,322,0.22981366459627328,0.07913669064748197,0.8291925465838509,0.16560326851960477,0.14906832298136646,0.14906832298136646,0.9565217391304348,0.3073415901455368,1.126047253226634,0.23133579363403817,0.04446489701958165,6,6,1.0,308,0,0.0,0.0,0,0.0,0,0.0,0,0.17647058823529413,21,0.9525547445255474,301
E2,42,metric,"Clarity, Simplicity & Inspiration",187,0.44919786096256686,0.16233927830775619,0.6042780748663101,0.21897608849171013,0.06417112299465241,0.06417112299465241,0.9197860962566845,0.3881526883446837,1.1975070753135073,0.29392318418379315,0.05091064435193396,3,3,1.0,172,0,0.0,nan,0,0.0,0,0.0,0,0.75,113,0.55,74
E2,42,metric,Content Relevance & Scope Control,312,0.28846153846153844,0.2981727574750831,0.7596153846153846,0.4111186550176256,0.16025641025641027,0.16025641025641027,0.9487179487179487,0.33512928326059654,1.1242128257877142,0.23899839138054305,0.0438489516564416,4,4,1.0,296,0,0.0,0.0,0,0.0,0,0.0,0,0.4935064935064935,64,0.908675799086758,248
E2,42,metric,Domain Knowledge Accuracy,137,0.36496350364963503,0.3899640349374892,0.6423357664233577,0.41552140504051555,-0.043795620437956206,0.043795620437956206,0.9124087591240876,0.3603481107364586,1.1201542722087345,0.31041475378914773,0.04424506493670249,0,0,nan,125,0,0.0,nan,0,nan,0,0.0,0,0.859375,94,0.5409836065573771,43
E2,42,metric,Error Identification & Correction Precision,134,0.664179104477612,0.08833796395241156,0.582089552238806,0.18156683398940437,0.3656716417910448,0.3656716417910448,0.8283582089552238,0.6333726003973678,1.7008485288747133,0.4225727071083187,0.11151645597112561,11,11,1.0,114,2,0.017543859649122806,0.0,0,0.0,2,0.0,1,0.27586206896551724,29,0.8235294117647058,102
E2,42,metric,Higher-Order Thinking & Skill Development,178,0.5056179775280899,0.45520014403168696,0.5280898876404494,0.42722977076035074,-0.033707865168539325,0.033707865168539325,0.6910112359550562,0.4828959016157516,1.4085053753167294,0.4142642647332409,0.0669589409081967,7,0,0.0,124,0,0.0,nan,0,0.0,1,0.3404255319148936,40,0.7894736842105263,114,0.375,23
E2,42,metric,Instruction Following & Task Completion,490,0.40816326530612246,0.316886281961254,0.6489795918367347,0.3990454000786008,0.1836734693877551,0.1836734693877551,0.8959183673469387,0.3909565901279963,1.2359744403090895,0.29647275735148076,0.0536340563264064,10,10,1.0,442,0,0.0,nan,0,0.0,0,0.0,3,0.6129032258064516,196,0.796875,291
E2,42,metric,"Motivation, Guidance & Positive Feedback",186,0.5161290322580645,0.3786293294030951,0.5698924731182796,0.45610326859832545,0.16129032258064516,0.16129032258064516,0.7365591397849462,0.502313039080603,1.5163265793963119,0.36680362435576597,0.07180521207508792,13,10,0.7692307692307693,141,0,0.0,0.0,0,0.0,0,0.15625,17,0.8072289156626506,125,0.5862068965517241,44
E2,42,metric,"Personalization, Adaptation & Learning Support",163,0.32515337423312884,0.6073003318332653,0.6748466257668712,0.604882585391673,0.04294478527607362,0.04294478527607362,0.8466257668711656,0.35532680694480107,1.0713627260360694,0.2916870144066502,0.0436440869100069,1,0,0.0,137,0,0.0,nan,0,0.0,0,0.2,10,0.8266666666666667,101,0.6935483870967742,52
E2,42,metric,Reasoning Process Rigor,195,0.6564102564102564,0.3201834862385321,0.5025641025641026,0.31874601696335125,0.14358974358974358,0.14358974358974358,0.7794871794871795,0.634701453707273,1.7545107549563361,0.4954274563088102,0.10480983317125561,16,12,0.75,154,0,0.0,0.23076923076923078,3,0.0,0,0.12,12,0.7101449275362319,116,0.5058823529411764,64
E2,42,metric,Role & Tone Consistency,99,0.20202020202020202,0.6108490566037736,0.797979797979798,0.6141850239840743,-0.020202020202020204,0.020202020202020204,0.98989898989899,0.26187220533979655,0.8405841408884958,0.18300444786073675,0.02416744748052328,0,0,nan,98,0,0.0,nan,0,nan,0,0.0,0,0.8367346938775511,53,0.7755102040816326,46
E2,42,metric,Scenario Element Integration,251,0.3426294820717131,0.5550772347429729,0.6772908366533864,0.5734608771194756,0.0398406374501992,0.0398406374501992,0.8764940239043825,0.3500269643635066,1.0314565046999977,0.28702931071813614,0.04406301642441059,5,4,0.8,216,0,0.0,nan,0,0.0,0,0.3,15,0.8035714285714286,147,0.6826923076923077,89
E2,42,subject,Applied Economics,55,0.2727272727272727,0.5266781411359724,0.7272727272727273,0.5342502101297317,0.09090909090909091,0.09090909090909091,0.9636363636363636,0.3119532756313418,1.0961798628047013,0.20020841497285366,0.032806655668559254,0,0,nan,53,0,0.0,nan,0,nan,0,0.0,0,0.7037037037037037,26,0.8076923076923077,29
E2,42,subject,Aquaculture,143,0.2867132867132867,0.6241212788067731,0.7202797202797203,0.6166235397615335,-0.02097902097902098,0.02097902097902098,0.9020979020979021,0.30589431854219545,0.9158704850760997,0.23360535979688518,0.03520886050213414,0,0,nan,129,0,0.0,nan,0,nan,0,0.2857142857142857,8,0.7647058823529411,66,0.7692307692307693,69
E2,42,subject,Automation,47,0.3191489361702128,0.2700877785280217,0.7446808510638298,0.3878619773291005,0.10638297872340426,0.10638297872340426,0.9148936170212766,0.3796729176993281,1.314504857866512,0.2690357334198067,0.04847844290199242,1,1,1.0,44,0,0.0,nan,0,0.0,0,0.0,1,0.4444444444444444,9,0.8857142857142857,37
E2,42,subject,Basic Medicine,159,0.6729559748427673,0.13662264530401547,0.5786163522012578,0.3387614235042077,0.5723270440251572,0.5723270440251572,0.7861635220125787,0.6729408440752631,2.363179815601178,0.47389291713443543,0.12080993992147437,13,13,1.0,124,0,0.0,0.0,0,0.0,0,0.09090909090909091,3,0.509090909090909,50,0.8985507246376812,106
E2,42,subject,Biology,130,0.4307692307692308,0.48235617190718105,0.5769230769230769,0.39198070235403326,0.03076923076923077,0.03076923076923077,0.9076923076923077,0.37841231999487496,1.1078917078273218,0.2996100270038732,0.04501000938683993,3,0,0.0,119,0,0.0,nan,0,0.0,0,0.25,8,0.5892857142857143,61,0.6349206349206349,61
E2,42,subject,Business Administration,123,0.7886178861788617,0.21323755772190855,0.4878048780487805,0.30062160615787986,0.34959349593495936,0.34959349593495936,0.6504065040650406,0.725638195125347,2.349307411831171,0.5569624676081628,0.13092815383349296,19,14,0.7368421052631579,87,2,0.022988505747126436,0.0,0,0.0,2,0.058823529411764705,12,0.6451612903225806,51,0.6964285714285714,58
E2,42,subject,Chemistry,140,0.40714285714285714,0.39015151515151514,0.6357142857142857,0.41864608944050413,0.15,0.15,0.8785714285714286,0.4023194159206303,1.2654126167043915,0.2925943332020062,0.05203554347122316,1,1,1.0,124,0,0.0,nan,0,0.0,0,0.06666666666666667,3,0.6226415094339622,59,0.7746478873239436,78
E2,42,subject,Chinese,84,0.39285714285714285,0.5168539325842696,0.6547619047619048,0.5397500624692619,0.17857142857142858,0.17857142857142858,0.8690476190476191,0.4199596781746656,1.288080794973224,0.3339615033728072,0.0597999636689036,2,2,1.0,71,0,0.0,nan,0,0.0,0,0.45454545454545453,8,0.5714285714285714,32,0.8333333333333334,44
E2,42,subject,Clinical Medicine,64,0.234375,0.6423248882265276,0.765625,0.6746013928743899,-0.015625,0.015625,0.921875,0.24088706597935594,0.6578095249046801,0.19984383946707224,0.026650783821076787,0,0,nan,59,0,0.0,nan,0,nan,0,0.0,0,0.9130434782608695,34,0.7777777777777778,30
E2,42,subject,Computer Science,95,0.3473684210526316,0.4731977818853974,0.6947368421052632,0.5694821156676049,-0.010526315789473684,0.010526315789473684,0.9052631578947369,0.3754600693079776,0.9153387666202786,0.27363929694513006,0.05008452225063522,2,2,1.0,88,0,0.0,0.0,0,nan,0,0.0,2,0.7407407407407407,42,0.7540983606557377,51
E2,42,subject,Crop Science,98,0.5306122448979592,0.2504097614277909,0.5714285714285714,0.38626590071044264,0.1836734693877551,0.1836734693877551,0.8061224489795918,0.4931235382482231,1.55986088339236,0.39237169895776136,0.07815216229639034,4,4,1.0,80,0,0.0,0.0,0,0.0,0,0.0,1,0.7419354838709677,53,0.673469387755102,44
E2,42,subject,English,95,0.3263157894736842,0.5148110316649642,0.6947368421052632,0.5339036914046024,0.11578947368421053,0.11578947368421053,0.9157894736842105,0.3240585648601453,0.9997837749768931,0.2919174211388302,0.04340272088029378,1,1,1.0,86,0,0.0,nan,0,0.0,0,0.125,1,0.6764705882352942,40,0.8076923076923077,54
E2,42,subject,General Pedagogy,91,0.43956043956043955,0.43666666666666654,0.6043956043956044,0.47643713771980956,0.04395604395604396,0.04395604395604396,0.8571428571428571,0.44879187479610966,1.3737220456090187,0.33203840799645645,0.06375037051398909,2,2,1.0,79,0,0.0,0.0,0,0.0,0,0.3,7,0.6388888888888888,45,0.6744186046511628,39
E2,42,subject,Geography,72,0.2777777777777778,0.6385542168674698,0.7222222222222222,0.6553015462592573,0.2222222222222222,0.2222222222222222,0.9166666666666666,0.31467403985352355,0.9870802008955457,0.22730314125576026,0.03439605467251743,1,0,0.0,66,0,0.0,nan,0,0.0,0,0.0,1,0.5555555555555556,22,0.9487179487179487,49
E2,42,subject,History,173,0.4508670520231214,0.32285058712376835,0.630057803468208,0.4130763613976643,0.15028901734104047,0.15028901734104047,0.861271676300578,0.4339436213166502,1.3324937057293278,0.3406702914825809,0.06403537196231751,6,6,1.0,152,0,0.0,0.0,0,0.0,0,0.13333333333333333,7,0.6417910447761194,76,0.7529411764705882,90
E2,42,subject,Law,52,0.4230769230769231,0.46426271732131363,0.6538461538461539,0.5114681158197057,0.11538461538461539,0.11538461538461539,0.8461538461538461,0.4512576469950116,1.4513393890569533,0.3804077504917615,0.07526780056856125,3,2,0.6666666666666666,44,0,0.0,nan,0,0.0,0,0.2,3,0.7142857142857143,21,0.7666666666666667,28
E2,42,subject,Literature and Art,143,0.2517482517482518,0.7000209775540172,0.7622377622377622,0.6563706805647139,0.013986013986013986,0.013986013986013986,0.9230769230769231,0.31839711483845934,0.9955128318280776,0.2412142825064823,0.03604609664229826,2,0,0.0,131,0,0.0,0.5,1,nan,0,0.1,3,0.8333333333333334,64,0.8072289156626506,75
E2,42,subject,Mathematics,158,0.43037974683544306,0.5758906783796974,0.6265822784810127,0.5071040100423383,0.08860759493670886,0.08860759493670886,0.8544303797468354,0.42331448407823913,1.1965812195530858,0.338507675591018,0.060269854528296626,7,4,0.5714285714285714,132,0,0.0,0.6666666666666666,2,0.0,0,0.15789473684210525,6,0.717391304347826,74,0.7093023255813954,76
E2,42,subject,Military Science,86,0.29069767441860467,0.5252592840414854,0.7558139534883721,0.5676010905225718,0.1511627906976744,0.1511627906976744,0.8953488372093024,0.3001478798297344,1.185231552370955,0.23618599397153303,0.04065312416608618,0,0,nan,77,0,0.0,nan,0,nan,0,0.2222222222222222,4,0.6296296296296297,24,0.92,58
E2,42,subject,Physical Education,66,0.4393939393939394,0.38661710037174724,0.6060606060606061,0.3440777729118043,-0.045454545454545456,0.045454545454545456,0.8939393939393939,0.4584970682679431,1.3053126861212285,0.38356637064035215,0.06241130689669531,1,0,0.0,59,0,0.0,nan,0,0.0,0,0.16666666666666666,3,0.7058823529411765,29,0.6428571428571429,34
E2,42,subject,Physics,171,0.23976608187134502,0.6408066097185268,0.7719298245614035,0.6446343250130935,0.029239766081871343,0.029239766081871343,0.9298245614035088,0.2786336285177077,0.8519205828714669,0.18733309575772664,0.027556194762435843,0,0,nan,156,0,0.0,nan,0,nan,0,0.26666666666666666,5,0.8253968253968254,78,0.8172043010752689,88
E2,42,subject,Psychology,124,0.2903225806451613,0.47411203392825596,0.7419354838709677,0.5646811634784993,0.0,0.0,0.9516129032258065,0.33309782473621435,0.942158967001686,0.2624007212928235,0.03982180326243828,2,2,1.0,120,0,0.0,0.0,0,nan,0,0.0,2,0.8095238095238095,71,0.7192982456140351,51
E2,42,subject,Public Administration,119,0.31932773109243695,0.530294059601342,0.6890756302521008,0.5176632670671143,0.0,0.0,0.9243697478991597,0.3225292158373973,0.8417895867420686,0.2587866126878721,0.03786462244672439,0,0,nan,110,0,0.0,nan,0,nan,0,0.2222222222222222,4,0.717391304347826,56,0.734375,59
E2,42,subject,Sociology,36,0.5,0.47619047619047616,0.5555555555555556,0.479657586853349,0.16666666666666666,0.16666666666666666,0.7777777777777778,0.5019435465830457,1.3451346326512548,0.35610956872718885,0.0719625534747574,1,1,1.0,28,0,0.0,nan,0,0.0,0,0.2857142857142857,4,0.5384615384615384,16,0.7333333333333333,16
E2,42,subject,Theoretical Economics,130,0.43846153846153846,0.345456699443194,0.6384615384615384,0.44684465402594803,0.1,0.1,0.8384615384615385,0.42198704002552906,1.224573816717985,0.3367734087144417,0.061062729277647554,5,5,1.0,109,0,0.0,nan,0,0.0,1,0.0625,2,0.851063829787234,74,0.6774193548387096,53
E2,42,language,en,1341,0.39373601789709173,0.4090235479434263,0.6778523489932886,0.4538121108845727,0.1133482475764355,0.1133482475764355,0.8881431767337807,0.39511928489463893,1.2562589240497575,0.2917179727476109,0.05570059221518059,46,34,0.7391304347826086,1198,2,0.001669449081803005,0.2,2,0.0,3,0.15463917525773196,47,0.6102150537634409,451,0.8050847457627118,838
E2,42,language,zh,1313,0.4051789794364052,0.42535297669129357,0.6466108149276466,0.48420660704746404,0.12033511043412033,0.12033511043412033,0.8591012947448591,0.41653856360485236,1.2423917530792257,0.33018303174579033,0.058178668447995394,30,26,0.8666666666666667,1129,0,0.0,0.07142857142857142,1,0.0,0,0.14935064935064934,51,0.7526132404181185,722,0.7081081081081081,539
E2,42,scenario,Automatic Grading,503,0.6003976143141153,0.19808334902108438,0.5526838966202783,0.32918501153044094,0.29025844930417494,0.29025844930417494,0.7912524850894632,0.5879595043950658,1.751853221671623,0.42131591202159446,0.09496787808705583,32,30,0.9375,410,2,0.004878048780487805,0.0,0,0.0,2,0.06557377049180328,20,0.6218905472636815,241,0.7129186602870813,240
E2,42,scenario,Emotional Support,295,0.2711864406779661,0.6712332490690152,0.7322033898305085,0.6830665838054383,0.08135593220338982,0.08135593220338982,0.8847457627118644,0.3073593989742962,0.9700636275573269,0.25451579274078207,0.03687919693483852,2,1,0.5,258,0,0.0,nan,0,0.0,0,0.17142857142857143,10,0.7604166666666666,128,0.845679012345679,157
E2,42,scenario,Error Correction,334,0.5029940119760479,0.302644660966395,0.5988023952095808,0.34892530800782845,0.16167664670658682,0.16167664670658682,0.844311377245509,0.45338619544578007,1.4669476209826229,0.3920085966565533,0.07268753930578202,14,13,0.9285714285714286,283,0,0.0,0.0,0,0.0,0,0.10810810810810811,10,0.5394736842105263,120,0.748792270531401,204
E2,42,scenario,Idea Provision,354,0.3559322033898305,0.527931954155554,0.672316384180791,0.5290892996250413,0.05649717514124294,0.05649717514124294,0.8898305084745762,0.35201230010364376,1.0573252539843452,0.2753770449110687,0.044934245105710674,8,5,0.625,317,0,0.0,nan,0,0.0,0,0.1724137931034483,15,0.6481481481481481,140,0.7799043062200957,199
E2,42,scenario,Personalized Content Creation,179,0.26256983240223464,0.5344989763735959,0.7374301675977654,0.5440888433229845,0.05027932960893855,0.05027932960893855,0.9441340782122905,0.3018766645037216,0.9628984938299708,0.23099516776424434,0.03387926492765185,0,0,nan,170,0,0.0,nan,0,nan,0,0.0,1,0.8076923076923077,111,0.7272727272727273,67
E2,42,scenario,Personalized Learning Support,222,0.32432432432432434,0.5931044731758062,0.6801801801801802,0.5665602483628671,0.009009009009009009,0.009009009009009009,0.8963963963963963,0.29874147138847473,0.9313116218238355,0.20675581549303676,0.03137218496219034,0,0,nan,195,0,0.0,nan,0,nan,0,0.37037037037037035,16,0.7474747474747475,119,0.6979166666666666,87
E2,42,scenario,Question Answering,158,0.5316455696202531,0.3975074404761906,0.6582278481012658,0.2705349669052236,0.21518987341772153,0.21518987341772153,0.8544303797468354,0.562610273758281,1.6652501649687,0.4183351334766755,0.09572985131190143,13,9,0.6923076923076923,133,0,0.0,0.375,3,0.0,0,0.0,2,0.5789473684210527,40,0.7894736842105263,113
E2,42,scenario,Question Generation,291,0.3436426116838488,0.5955286468149265,0.6838487972508591,0.5667152816693278,0.027491408934707903,0.027491408934707903,0.8762886597938144,0.36633648953784864,1.0677980606900073,0.2840460315843825,0.044922898507700634,6,1,0.16666666666666666,256,0,0.0,nan,0,0.0,1,0.3103448275862069,24,0.6555555555555556,107,0.7891566265060241,159
E2,42,scenario,Teaching Material Generation,318,0.25471698113207547,0.5264531673526754,0.7547169811320755,0.5593456502079528,0.040880503144654086,0.040880503144654086,0.9591194968553459,0.30962021015545904,1.0419818579514253,0.23051396855328674,0.03466548964458699,1,1,1.0,305,0,0.0,nan,0,0.0,0,0.0,0,0.7973856209150327,167,0.7763157894736842,151
E2,42,education_level,Elementary School,211,0.3080568720379147,0.5534328526681151,0.7156398104265402,0.5464583076959681,0.07109004739336493,0.07109004739336493,0.9289099526066351,0.3335172336923358,0.9076437132252786,0.2590146144980255,0.040122787821487815,2,2,1.0,192,0,0.0,nan,0,0.0,0,0.35294117647058826,8,0.6842105263157895,85,0.8017241379310345,118
E2,42,education_level,High School,245,0.2530612244897959,0.6480359147025814,0.7510204081632653,0.6101627962779518,0.024489795918367346,0.024489795918367346,0.9428571428571428,0.2724058983676038,0.7705520356750096,0.20382184538260495,0.029681391618211733,0,0,nan,226,0,0.0,nan,0,nan,0,0.42105263157894735,11,0.6794871794871795,88,0.831081081081081,146
E2,42,education_level,Master,748,0.4117647058823529,0.34597793919827813,0.6497326203208557,0.43022030777524556,0.0962566844919786,0.0962566844919786,0.8836898395721925,0.4164970815538138,1.2713393544077496,0.3198956111865211,0.05832730524002034,14,14,1.0,667,0,0.0,0.0,0,0.0,0,0.11940298507462686,22,0.708904109589041,360,0.7226666666666667,366
E2,42,education_level,Middle School,125,0.496,0.47246254484068373,0.568,0.5086939040739452,0.272,0.272,0.792,0.4806384636663336,1.616581499802929,0.4090570239003452,0.07131068294674549,7,4,0.5714285714285714,99,0,0.0,nan,0,0.0,0,0.05263157894736842,5,0.5897435897435898,54,0.7833333333333333,66
E2,42,education_level,PhD,541,0.3826247689463956,0.4767109081299922,0.6728280961182994,0.5070469482479393,0.10905730129390019,0.10905730129390019,0.8817005545286506,0.4041826487917091,1.2521760796510943,0.3164860306491306,0.05711828515081266,17,12,0.7058823529411765,472,0,0.0,0.3333333333333333,2,0.0,0,0.15384615384615385,16,0.7598039215686274,266,0.7425373134328358,257
E2,42,education_level,Undergraduate,784,0.45408163265306123,0.38659423406126625,0.6403061224489796,0.46924764312967876,0.15816326530612246,0.15816326530612246,0.8354591836734694,0.44563274960571025,1.4096221084811635,0.3297228298759016,0.0662010008947848,36,28,0.7777777777777778,671,2,0.0029806259314456036,0.1,1,0.0,3,0.09090909090909091,36,0.6575875486381323,320,0.785024154589372,424
E3,42,metric,Basic Factual Accuracy,322,0.2267080745341615,0.060353798126951186,0.8354037267080745,0.1541785169212421,0.15838509316770186,0.15838509316770186,0.9565217391304348,0.3132246737900863,1.0899408085468694,0.22835098965387446,0.04409007488616084,6,6,1.0,308,0,0.0,0.0,0,0.0,0,0.0,0,0.17647058823529413,18,0.9598540145985401,304
E3,42,metric,"Clarity, Simplicity & Inspiration",187,0.4385026737967914,0.22779369627507162,0.6042780748663101,0.25420842640674324,0.03208556149732621,0.03208556149732621,0.9197860962566845,0.3836759431052712,1.1895165811664425,0.3168447860616624,0.05190737932751258,3,3,1.0,172,0,0.0,nan,0,0.0,0,0.0,0,0.7717391304347826,119,0.525,68
E3,42,metric,Content Relevance & Scope Control,312,0.27564102564102566,0.3314285714285714,0.7724358974358975,0.4502759317203796,0.12179487179487179,0.12179487179487179,0.9487179487179487,0.3301080195952221,1.1456850741559783,0.23376422133977123,0.043165140131352614,4,4,1.0,296,0,0.0,0.0,0,0.0,0,0.0,0,0.5974025974025974,76,0.8904109589041096,236
E3,42,metric,Domain Knowledge Accuracy,137,0.32116788321167883,0.48284917118004256,0.6861313868613139,0.4952885681048814,0.0,0.0,0.9197080291970803,0.34329715372560804,1.0855662082986213,0.2872469770075488,0.04112661375606312,0,0,nan,125,0,0.0,nan,0,nan,0,0.08333333333333333,1,0.84375,86,0.639344262295082,50
E3,42,metric,Error Identification & Correction Precision,134,0.6044776119402985,0.1684658882279504,0.6194029850746269,0.2998127225665165,0.30597014925373134,0.30597014925373134,0.8283582089552238,0.6290958932680006,1.7372625845894825,0.41184397250645427,0.10876017242317272,11,11,1.0,114,1,0.008771929824561403,0.0,0,0.0,1,0.0,2,0.4827586206896552,38,0.8117647058823529,93
E3,42,metric,Higher-Order Thinking & Skill Development,178,0.4943820224719101,0.46421046294624047,0.5393258426966292,0.43969983565998383,-0.056179775280898875,0.056179775280898875,0.6966292134831461,0.4858738628892784,1.4718727385710437,0.41124593324008446,0.06648881715443887,7,0,0.0,124,0,0.0,nan,0,0.0,0,0.40425531914893614,45,0.7763157894736842,111,0.375,22
E3,42,metric,Instruction Following & Task Completion,490,0.38979591836734695,0.3512616827320585,0.6612244897959184,0.41721205943920964,0.1489795918367347,0.1489795918367347,0.9040816326530612,0.3902094488616141,1.2433716436858457,0.2984703039294617,0.052860559084179685,10,9,0.9,442,0,0.0,nan,0,0.0,0,0.02631578947368421,2,0.6774193548387096,215,0.76953125,273
E3,42,metric,"Motivation, Guidance & Positive Feedback",186,0.532258064516129,0.3561930375018676,0.5591397849462365,0.43185697764045833,0.16666666666666666,0.16666666666666666,0.7311827956989247,0.4860541237705716,1.571230813215773,0.3739876123522537,0.07042090102415526,13,11,0.8461538461538461,141,0,0.0,0.0,0,0.0,0,0.125,15,0.8072289156626506,128,0.5689655172413793,43
E3,42,metric,"Personalization, Adaptation & Learning Support",163,0.3312883435582822,0.5786299009047824,0.6871165644171779,0.5771602275035015,0.03680981595092025,0.03680981595092025,0.8343558282208589,0.3426140495574209,1.1607925791113805,0.28170028389497287,0.041856731049109704,1,0,0.0,137,0,0.0,nan,0,0.0,0,0.24,14,0.8133333333333334,94,0.7258064516129032,55
E3,42,metric,Reasoning Process Rigor,195,0.6051282051282051,0.3768689533861038,0.5538461538461539,0.35958347450245975,0.19487179487179487,0.19487179487179487,0.7897435897435897,0.6104585110646705,1.685586461748513,0.46628596708694675,0.09889911649841476,16,11,0.6875,154,0,0.0,0.3076923076923077,4,0.0,0,0.08,9,0.7391304347826086,108,0.6,74
E3,42,metric,Role & Tone Consistency,99,0.2222222222222222,0.5714285714285714,0.7777777777777778,0.5758010364782933,-0.04040404040404041,0.04040404040404041,0.98989898989899,0.27551786126559563,0.8321880346442718,0.20172057878005012,0.02622237673771443,0,0,nan,98,0,0.0,nan,0,nan,0,0.0,0,0.8367346938775511,55,0.7346938775510204,44
E3,42,metric,Scenario Element Integration,251,0.3426294820717131,0.5622093023255814,0.6733067729083665,0.5783954065200266,0.03187250996015936,0.03187250996015936,0.852589641434263,0.3412281305627972,1.075225762180029,0.27896135477181205,0.04254572743018235,5,2,0.4,216,0,0.0,nan,0,0.0,0,0.16666666666666666,15,0.8214285714285714,149,0.6923076923076923,87
E3,42,subject,Applied Economics,55,0.32727272727272727,0.3764172335600907,0.6909090909090909,0.40977220344622706,0.14545454545454545,0.14545454545454545,0.9636363636363636,0.35230170825698365,1.1759099500583265,0.24626329359889276,0.038770264994010456,0,0,nan,53,0,0.0,nan,0,nan,0,0.0,0,0.6296296296296297,23,0.8076923076923077,32
E3,42,subject,Aquaculture,143,0.2937062937062937,0.6170131360795816,0.7062937062937062,0.6218813871026949,-0.06993006993006994,0.06993006993006994,0.9020979020979021,0.2940446137751216,0.8971137279717649,0.2398958998442227,0.03350424638709113,0,0,nan,129,0,0.0,nan,0,nan,0,0.21428571428571427,6,0.8431372549019608,77,0.7051282051282052,60
E3,42,subject,Automation,47,0.425531914893617,0.05748663101604279,0.6595744680851063,0.11944940445515825,0.0851063829787234,0.0851063829787234,0.9148936170212766,0.4161191212907579,1.3351734566986866,0.3090543504220097,0.05578372191558713,1,1,1.0,44,0,0.0,nan,0,0.0,0,0.0,1,0.3333333333333333,10,0.8,36
E3,42,subject,Basic Medicine,159,0.610062893081761,0.20352707061003217,0.6289308176100629,0.42790881565238703,0.5094339622641509,0.5094339622641509,0.779874213836478,0.6551492055987916,2.3460983031768414,0.44689725702589334,0.11584168470987985,13,13,1.0,124,0,0.0,0.0,0,0.0,0,0.09090909090909091,4,0.6363636363636364,58,0.9130434782608695,97
E3,42,subject,Biology,130,0.36923076923076925,0.5325609268877347,0.6538461538461539,0.48071070776066543,0.07692307692307693,0.07692307692307693,0.9,0.35397527561842834,1.1848475298938053,0.27720112177387307,0.04174049902751476,3,0,0.0,119,0,0.0,nan,0,0.0,0,0.25,9,0.625,53,0.7619047619047619,68
E3,42,subject,Business Administration,123,0.7073170731707317,0.33357490423439273,0.5284552845528455,0.39064785887120934,0.3008130081300813,0.3008130081300813,0.6585365853658537,0.7179542716230035,2.3547479805952567,0.583624570434822,0.12943825015018784,19,11,0.5789473684210527,87,1,0.011494252873563218,0.0,0,0.0,1,0.11764705882352941,17,0.7419354838709677,50,0.7142857142857143,55
E3,42,subject,Chemistry,140,0.39285714285714285,0.41845603271983645,0.6428571428571429,0.4444141873526396,0.10714285714285714,0.10714285714285714,0.8785714285714286,0.40206707502804734,1.2549964886010596,0.29865870883353013,0.049997442980222094,1,1,1.0,124,0,0.0,nan,0,0.0,0,0.06666666666666667,3,0.6792452830188679,65,0.7464788732394366,72
E3,42,subject,Chinese,84,0.30952380952380953,0.5527950310559007,0.7380952380952381,0.6339099193116365,0.21428571428571427,0.21428571428571427,0.8809523809523809,0.36656409847259835,1.2356669768080186,0.2788912012147138,0.05206821340121436,2,2,1.0,71,0,0.0,nan,0,0.0,0,0.2727272727272727,3,0.7714285714285715,39,0.8888888888888888,42
E3,42,subject,Clinical Medicine,64,0.203125,0.703281027104137,0.796875,0.7309138047371279,-0.078125,0.078125,0.9375,0.21186223330670195,0.5898598236480174,0.17609307253823336,0.022886287723406937,0,0,nan,59,0,0.0,nan,0,nan,0,0.2,1,1.0,36,0.75,27
E3,42,subject,Computer Science,95,0.4,0.347239263803681,0.6526315789473685,0.4919293088118993,-0.08421052631578947,0.08421052631578947,0.9052631578947369,0.42950240855877575,1.0227249496364579,0.3453974014211518,0.06198796498617292,2,2,1.0,88,0,0.0,0.0,0,nan,0,0.0,2,0.8148148148148148,49,0.6557377049180327,44
E3,42,subject,Crop Science,98,0.5,0.2321336318236611,0.6326530612244898,0.4158283141242738,0.23469387755102042,0.23469387755102042,0.7857142857142857,0.4693481919811722,1.6035714560643917,0.34556173956508435,0.07364562403296285,4,4,1.0,80,0,0.0,0.0,0,0.0,0,0.0,3,0.7419354838709677,44,0.7959183673469388,51
E3,42,subject,English,95,0.29473684210526313,0.5445010488462692,0.7263157894736842,0.5976259483842054,0.12631578947368421,0.12631578947368421,0.9052631578947369,0.30113078123068127,0.9035933020445421,0.25947237817082786,0.03817209944765187,1,1,1.0,86,0,0.0,nan,0,0.0,0,0.0,0,0.7352941176470589,41,0.8461538461538461,54
E3,42,subject,General Pedagogy,91,0.4175824175824176,0.430194805194805,0.6483516483516484,0.4952549159934842,0.0,0.0,0.8351648351648352,0.45040424406285984,1.547400893465622,0.3425537804729352,0.06581056596280487,2,2,1.0,79,0,0.0,0.0,0,0.0,0,0.3,9,0.7222222222222222,45,0.6976744186046512,37
E3,42,subject,Geography,72,0.2916666666666667,0.6286836935166994,0.7083333333333334,0.5882035889825094,0.125,0.125,0.9305555555555556,0.3117631055066722,0.9091122091043418,0.2330618112944032,0.03470298562156766,1,0,0.0,66,0,0.0,nan,0,0.0,0,0.2,2,0.6296296296296297,27,0.8461538461538461,43
E3,42,subject,History,173,0.3988439306358382,0.461235862973283,0.6647398843930635,0.446571563528982,0.1676300578034682,0.1676300578034682,0.9017341040462428,0.3898162561679517,1.2698339092244009,0.30216184551273223,0.05369506506190495,6,5,0.8333333333333334,152,0,0.0,1.0,1,0.0,0,0.2,3,0.6865671641791045,77,0.7647058823529411,92
E3,42,subject,Law,52,0.4807692307692308,0.36627140974967065,0.6153846153846154,0.46623268212058305,0.019230769230769232,0.019230769230769232,0.8269230769230769,0.46717289695474634,1.5452764139777573,0.40315544828948313,0.07763470240239709,3,3,1.0,44,0,0.0,nan,0,0.0,0,0.2,3,0.7857142857142857,26,0.6666666666666666,23
E3,42,subject,Literature and Art,143,0.2937062937062937,0.5407944814462416,0.7342657342657343,0.632442362235868,0.04195804195804196,0.04195804195804196,0.9090909090909091,0.3406000864092082,1.0492470201732276,0.25121835879443877,0.03996265920220341,2,2,1.0,131,0,0.0,0.0,0,nan,0,0.0,1,0.8125,68,0.7951807228915663,74
E3,42,subject,Mathematics,158,0.4430379746835443,0.4705503286505993,0.6392405063291139,0.4916740366627499,0.13924050632911392,0.13924050632911392,0.8417721518987342,0.44921140500395546,1.3405063510412996,0.3648028936208213,0.06771848540211121,7,5,0.7142857142857143,132,0,0.0,0.3333333333333333,1,0.0,0,0.10526315789473684,5,0.7391304347826086,72,0.7441860465116279,80
E3,42,subject,Military Science,86,0.313953488372093,0.5373328985979784,0.7209302325581395,0.529385019837586,0.10465116279069768,0.10465116279069768,0.9069767441860465,0.3248031660015695,1.0791457202055543,0.24785964144946074,0.041074792517040284,0,0,nan,77,0,0.0,nan,0,nan,0,0.3333333333333333,5,0.5925925925925926,26,0.86,55
E3,42,subject,Physical Education,66,0.4090909090909091,0.5088814210273644,0.6212121212121212,0.42015347031026923,-0.07575757575757576,0.07575757575757576,0.9090909090909091,0.43280517426851095,1.1812071644971631,0.33816798443727997,0.05511403453364494,1,0,0.0,59,0,0.0,nan,0,0.0,0,0.5,6,0.5882352941176471,25,0.6666666666666666,35
E3,42,subject,Physics,171,0.23976608187134502,0.648870636550308,0.7719298245614035,0.6783586692072837,0.08771929824561403,0.08771929824561403,0.9005847953216374,0.2705366533113386,0.8520581460990112,0.17356835020738903,0.026485422294026808,0,0,nan,156,0,0.0,nan,0,nan,0,0.13333333333333333,6,0.7301587301587301,66,0.9032258064516129,99
E3,42,subject,Psychology,124,0.3064516129032258,0.6539695828101019,0.7016129032258065,0.47403603257728294,-0.06451612903225806,0.06451612903225806,0.9596774193548387,0.30690245842568253,0.8941203895532415,0.2415777466765931,0.03414383432555734,2,0,0.0,120,0,0.0,1.0,2,nan,0,0.0,3,0.7619047619047619,69,0.6491228070175439,50
E3,42,subject,Public Administration,119,0.3277310924369748,0.5391718796544533,0.6722689075630253,0.5242946738247869,-0.058823529411764705,0.058823529411764705,0.9243697478991597,0.32582418349798475,0.8432776262548533,0.28338213966510195,0.039355528249496334,0,0,nan,110,0,0.0,nan,0,nan,0,0.2222222222222222,4,0.7608695652173914,63,0.671875,52
E3,42,subject,Sociology,36,0.5,0.4193548387096774,0.5833333333333334,0.4301345776693607,0.2222222222222222,0.2222222222222222,0.8055555555555556,0.5183416474701854,1.589505714994721,0.3573075231414281,0.06987365266638122,1,1,1.0,28,0,0.0,nan,0,0.0,0,0.2857142857142857,3,0.6153846153846154,16,0.7333333333333333,17
E3,42,subject,Theoretical Economics,130,0.36923076923076925,0.5011990407673861,0.676923076923077,0.5833575846862176,0.1076923076923077,0.1076923076923077,0.8461538461538461,0.4170475386197254,1.2551256705128317,0.32614561513976065,0.05812393200904062,5,4,0.8,109,0,0.0,nan,0,0.0,0,0.125,4,0.851063829787234,72,0.7419354838709677,54
E3,42,language,en,1341,0.3877703206562267,0.42994186240102295,0.6815809097688292,0.4670394062831066,0.0924683072334079,0.0924683072334079,0.8866517524235645,0.3916824049045718,1.2520326858886799,0.2885143228597524,0.05442262814117767,46,32,0.6956521739130435,1198,1,0.0008347245409015025,0.2,2,0.0,1,0.16494845360824742,54,0.6451612903225806,471,0.7941888619854721,813
E3,42,language,zh,1313,0.38385376999238385,0.45342891203413227,0.6671744097486672,0.5114438907650652,0.1172886519421173,0.1172886519421173,0.8598629093678599,0.4094350164096936,1.2696537894630566,0.3268866108716935,0.056981425267306554,30,25,0.8333333333333334,1129,0,0.0,0.14285714285714285,2,0.0,0,0.14285714285714285,49,0.7804878048780488,726,0.7279279279279279,536
E3,42,scenario,Automatic Grading,503,0.5924453280318092,0.19615472085461572,0.5546719681908548,0.32162919712480237,0.2544731610337972,0.2544731610337972,0.7932405566600398,0.585612741995567,1.8088462529022822,0.42736384353475826,0.09460811188647147,32,31,0.96875,410,1,0.0024390243902439024,0.0,0,0.0,1,0.03278688524590164,15,0.6915422885572139,272,0.6602870813397129,215
E3,42,scenario,Emotional Support,295,0.29152542372881357,0.6335898474416093,0.7186440677966102,0.6442349661379532,0.07457627118644068,0.07457627118644068,0.8813559322033898,0.3050245777350769,1.025696985689193,0.26039376410952414,0.036668770052337395,2,1,0.5,258,0,0.0,nan,0,0.0,0,0.17142857142857143,11,0.75,128,0.8271604938271605,156
E3,42,scenario,Error Correction,334,0.47305389221556887,0.37403390055395236,0.6167664670658682,0.41238521007656787,0.15568862275449102,0.15568862275449102,0.8413173652694611,0.4301253878050603,1.3996185726340586,0.3615347132265281,0.06666885345362303,14,12,0.8571428571428571,283,0,0.0,0.0,0,0.0,0,0.08108108108108109,10,0.5789473684210527,122,0.7681159420289855,202
E3,42,scenario,Idea Provision,354,0.3446327683615819,0.5747528830313016,0.6779661016949152,0.5406645591626856,0.04519774011299435,0.04519774011299435,0.8926553672316384,0.3538326022396932,1.0830257077211938,0.28969708513248554,0.045750317529299846,8,2,0.25,317,0,0.0,nan,0,0.0,0,0.27586206896551724,23,0.6203703703703703,128,0.7894736842105263,203
E3,42,scenario,Personalized Content Creation,179,0.21787709497206703,0.613733193161069,0.7821229050279329,0.6286415003543264,0.05027932960893855,0.05027932960893855,0.9441340782122905,0.2850489955256908,0.9965223673810392,0.21949999152716757,0.031981028997898626,0,0,nan,170,0,0.0,nan,0,nan,0,0.0,1,0.8461538461538461,111,0.7878787878787878,67
E3,42,scenario,Personalized Learning Support,222,0.31981981981981983,0.5610452019822796,0.6981981981981982,0.5529942736338382,-0.013513513513513514,0.013513513513513514,0.8873873873873874,0.30405949055290293,0.9625703958669236,0.20924880848383087,0.03188212080546858,0,0,nan,195,0,0.0,nan,0,nan,0,0.3333333333333333,16,0.8080808080808081,124,0.6875,82
E3,42,scenario,Question Answering,158,0.4430379746835443,0.4612830865859129,0.740506329113924,0.3756348527143084,0.3037974683544304,0.3037974683544304,0.8670886075949367,0.548136500641033,1.5965085401809225,0.3767360202820632,0.0901919392369737,13,9,0.6923076923076923,133,0,0.0,0.5,4,0.0,0,0.0,0,0.5263157894736842,26,0.9035087719298246,128
E3,42,scenario,Question Generation,291,0.3470790378006873,0.5850450768958813,0.6838487972508591,0.5610449294504716,0.024054982817869417,0.024054982817869417,0.872852233676976,0.3647700566581163,1.0515298951668248,0.27951923210298885,0.04449320753237723,6,1,0.16666666666666666,256,0,0.0,nan,0,0.0,0,0.3448275862068966,27,0.6444444444444445,105,0.7891566265060241,159
E3,42,scenario,Teaching Material Generation,318,0.24842767295597484,0.532495184021089,0.7610062893081762,0.5685265889300205,-0.0031446540880503146,0.0031446540880503146,0.9591194968553459,0.3084640580407572,1.0453635128134586,0.23398166431226117,0.03436759122413311,1,1,1.0,305,0,0.0,nan,0,0.0,0,0.0,0,0.8496732026143791,181,0.7368421052631579,137
E3,42,education_level,Elementary School,211,0.2890995260663507,0.5508936641688778,0.7393364928909952,0.5941069417786791,0.0995260663507109,0.0995260663507109,0.9052132701421801,0.30882543524143147,0.8918845042251884,0.23327470916209528,0.03616483073869114,2,2,1.0,192,0,0.0,nan,0,0.0,0,0.11764705882352941,5,0.7236842105263158,85,0.853448275862069,121
E3,42,education_level,High School,245,0.24489795918367346,0.6434905188486199,0.763265306122449,0.6304937141346674,0.04897959183673469,0.04897959183673469,0.9306122448979591,0.25119409730515424,0.7217759282261558,0.18739704325541282,0.027128278532020832,0,0,nan,226,0,0.0,nan,0,nan,0,0.3157894736842105,10,0.6794871794871795,84,0.8648648648648649,151
E3,42,education_level,Master,748,0.3890374331550802,0.4048966697380545,0.6697860962566845,0.4503398713955392,0.07085561497326204,0.07085561497326204,0.8863636363636364,0.40608715183108696,1.267526038291865,0.31749462677036,0.05659169653584127,14,12,0.8571428571428571,667,0,0.0,0.25,2,0.0,0,0.1044776119402985,20,0.7636986301369864,375,0.7173333333333334,351
E3,42,education_level,Middle School,125,0.488,0.46386020651310567,0.584,0.4914668200534243,0.264,0.264,0.808,0.4721593292207625,1.6223165269122035,0.40758312117735096,0.07100578605801165,7,4,0.5714285714285714,99,0,0.0,nan,0,0.0,0,0.10526315789473684,5,0.6410256410256411,55,0.7666666666666667,65
E3,42,education_level,PhD,541,0.3752310536044362,0.4725579427793366,0.6839186691312384,0.5194536618845923,0.09426987060998152,0.09426987060998152,0.878003696857671,0.4020024285927939,1.276560982415889,0.30435539969323033,0.055673052311925854,17,13,0.7647058823529411,472,0,0.0,0.3333333333333333,2,0.0,0,0.17307692307692307,19,0.7794117647058824,268,0.746268656716418,252
E3,42,education_level,Undergraduate,784,0.44387755102040816,0.4127158904981427,0.6415816326530612,0.48644376170343634,0.1377551020408163,0.1377551020408163,0.8418367346938775,0.45391982303099965,1.4534311103845072,0.3416791397873056,0.0665748910972847,36,26,0.7222222222222222,671,1,0.0014903129657228018,0.0,0,0.0,1,0.15584415584415584,44,0.6731517509727627,330,0.7681159420289855,409
E4,42,metric,Basic Factual Accuracy,322,0.2080745341614907,0.1186264308012488,0.8509316770186336,0.26582502917455536,0.15838509316770186,0.15838509316770186,0.9565217391304348,0.3060547346168588,1.1169001792008093,0.22654710273215617,0.043575476696032955,6,6,1.0,308,0,0.0,0.0,0,0.0,0,0.0,0,0.23529411764705882,18,0.9708029197080292,304
E4,42,metric,"Clarity, Simplicity & Inspiration",187,0.4385026737967914,0.19627507163323776,0.6096256684491979,0.24096376671217123,0.03208556149732621,0.03208556149732621,0.9197860962566845,0.3926603256835456,1.2181102308034741,0.3229148828126467,0.05305036093470734,3,3,1.0,172,0,0.0,nan,0,0.0,0,0.0,0,0.782608695652174,119,0.525,68
E4,42,metric,Content Relevance & Scope Control,312,0.28846153846153844,0.31494442157266367,0.7564102564102564,0.41982702883261447,0.14102564102564102,0.14102564102564102,0.9487179487179487,0.32578966995467024,1.0978059159048876,0.2331227316657838,0.04292112968289896,4,4,1.0,296,0,0.0,0.0,0,0.0,0,0.0,0,0.5194805194805194,70,0.8949771689497716,242
E4,42,metric,Domain Knowledge Accuracy,137,0.36496350364963503,0.3980057461551463,0.6423357664233577,0.4174771241327502,-0.014598540145985401,0.014598540145985401,0.9124087591240876,0.3538140380522023,1.0959003179111662,0.2870336552972668,0.04192414301018797,0,0,nan,125,0,0.0,nan,0,nan,0,0.0,0,0.828125,90,0.5737704918032787,47
E4,42,metric,Error Identification & Correction Precision,134,0.5149253731343284,0.2819535352082285,0.6865671641791045,0.371100985290266,0.3656716417910448,0.3656716417910448,0.8582089552238806,0.5822357376125131,1.732380773998015,0.38980021434291096,0.09965838754204215,11,10,0.9090909090909091,114,0,0.0,0.16666666666666666,1,0.0,0,0.0,0,0.5517241379310345,33,0.8823529411764706,100
E4,42,metric,Higher-Order Thinking & Skill Development,178,0.5,0.43707513152450195,0.550561797752809,0.41265812349277986,-0.03932584269662921,0.03932584269662921,0.702247191011236,0.4931223516835763,1.4843757235478288,0.4112620424780825,0.06770816696282782,7,1,0.14285714285714285,124,0,0.0,nan,0,0.0,0,0.425531914893617,45,0.7763157894736842,108,0.3958333333333333,25
E4,42,metric,Instruction Following & Task Completion,490,0.3836734693877551,0.35793173734894657,0.6693877551020408,0.4341988391880359,0.17551020408163265,0.17551020408163265,0.9,0.3858420370776534,1.224700118540663,0.295960588497999,0.05236992055721795,10,9,0.9,442,0,0.0,nan,0,0.0,0,0.0,2,0.6559139784946236,202,0.8046875,286
E4,42,metric,"Motivation, Guidance & Positive Feedback",186,0.5161290322580645,0.38596239414382094,0.5806451612903226,0.46477845663996703,0.13978494623655913,0.13978494623655913,0.7526881720430108,0.48918498166884283,1.559478373548692,0.3734824299267143,0.0727945896176551,13,13,1.0,141,0,0.0,0.0,0,0.0,1,0.28125,19,0.7831325301204819,122,0.5862068965517241,44
E4,42,metric,"Personalization, Adaptation & Learning Support",163,0.3006134969325153,0.632249502322495,0.7055214723926381,0.628489324612309,0.018404907975460124,0.018404907975460124,0.852760736196319,0.3294853546806896,1.105943400393007,0.2636787700410798,0.03911981758761202,1,0,0.0,137,0,0.0,nan,0,0.0,0,0.28,13,0.8533333333333334,99,0.7096774193548387,51
E4,42,metric,Reasoning Process Rigor,195,0.6461538461538462,0.3387223974763407,0.5538461538461539,0.3210242532417663,0.18461538461538463,0.18461538461538463,0.7846153846153846,0.6575261736106334,1.8595747033977794,0.48514830038261286,0.11170340795806259,16,10,0.625,154,3,0.01948051948051948,0.38461538461538464,8,0.0,0,0.04,6,0.7101449275362319,100,0.6235294117647059,81
E4,42,metric,Role & Tone Consistency,99,0.23232323232323232,0.552212389380531,0.7676767676767676,0.555136563356192,-0.030303030303030304,0.030303030303030304,0.98989898989899,0.26634061940273823,0.8531580367713893,0.19519121705480028,0.02567673494760963,0,0,nan,98,0,0.0,nan,0,nan,0,0.0,0,0.8163265306122449,54,0.7346938775510204,45
E4,42,metric,Scenario Element Integration,251,0.3187250996015936,0.5950016135393883,0.6972111553784861,0.6076006591674448,0.055776892430278883,0.055776892430278883,0.8685258964143426,0.3447898472798296,1.0545243306932373,0.28308303510097654,0.04232839477556562,5,2,0.4,216,0,0.0,nan,0,0.0,0,0.23333333333333334,15,0.8214285714285714,143,0.7307692307692307,93
E4,42,subject,Applied Economics,55,0.2909090909090909,0.4717182497331911,0.7272727272727273,0.47110216935008964,0.14545454545454545,0.14545454545454545,0.9818181818181818,0.35792492563598877,1.1539890700070057,0.24631668191749348,0.03936552429733098,0,0,nan,53,0,0.0,nan,0,nan,0,0.5,1,0.6296296296296297,21,0.8461538461538461,33
E4,42,subject,Aquaculture,143,0.27972027972027974,0.6245780722590324,0.7272727272727273,0.624746031682142,-0.055944055944055944,0.055944055944055944,0.9090909090909091,0.30445785454599994,0.8992994046658849,0.24781733819997487,0.03485997372951956,0,0,nan,129,0,0.0,nan,0,nan,0,0.2857142857142857,7,0.8431372549019608,73,0.7307692307692307,63
E4,42,subject,Automation,47,0.3404255319148936,0.2314465408805032,0.7446808510638298,0.3699166658329443,0.0851063829787234,0.0851063829787234,0.8936170212765957,0.39173992011690173,1.3058056527059698,0.2962350787818332,0.054703237495727315,1,1,1.0,44,0,0.0,nan,0,0.0,0,0.0,2,0.4444444444444444,8,0.8857142857142857,37
E4,42,subject,Basic Medicine,159,0.660377358490566,0.15759215421034833,0.5911949685534591,0.35571158571217165,0.5094339622641509,0.5094339622641509,0.7672955974842768,0.6890733269148891,2.5125793173664333,0.4811079827716805,0.12275424569427952,13,13,1.0,124,0,0.0,0.0,0,0.0,0,0.09090909090909091,6,0.5636363636363636,54,0.8840579710144928,99
E4,42,subject,Biology,130,0.4076923076923077,0.48072880168185006,0.6076923076923076,0.4361211904953685,0.08461538461538462,0.08461538461538462,0.9,0.36753608759692313,1.1822004531537642,0.29259196270421317,0.04282780761845888,3,1,0.3333333333333333,119,0,0.0,nan,0,0.0,0,0.125,6,0.5892857142857143,58,0.7142857142857143,66
E4,42,subject,Business Administration,123,0.6260162601626016,0.3715546904869488,0.5934959349593496,0.4995011822698746,0.4634146341463415,0.4634146341463415,0.6991869918699187,0.6870656088680317,2.39739447225496,0.5642345659974042,0.12688842861609742,19,13,0.6842105263157895,87,0,0.0,0.0,0,0.0,0,0.058823529411764705,9,0.7741935483870968,49,0.8571428571428571,65
E4,42,subject,Chemistry,140,0.4142857142857143,0.38786008230452673,0.6214285714285714,0.4073768115559663,0.08571428571428572,0.08571428571428572,0.8785714285714286,0.3863054462382611,1.1930464260672993,0.273591400575958,0.04578975746167662,1,1,1.0,124,0,0.0,nan,0,0.0,0,0.06666666666666667,3,0.6792452830188679,68,0.704225352112676,69
E4,42,subject,Chinese,84,0.34523809523809523,0.5301204819277108,0.7023809523809523,0.5946476968628117,0.17857142857142858,0.17857142857142858,0.8571428571428571,0.38785560069406055,1.234489928386927,0.2787376064453897,0.05313415723288608,2,2,1.0,71,0,0.0,nan,0,0.0,0,0.2727272727272727,5,0.7142857142857143,38,0.8611111111111112,41
E4,42,subject,Clinical Medicine,64,0.203125,0.703281027104137,0.796875,0.7309138047371279,-0.078125,0.078125,0.9375,0.21491494868686362,0.5767632280080937,0.17620414305828086,0.022498315780613537,0,0,nan,59,0,0.0,nan,0,nan,0,0.2,1,1.0,36,0.75,27
E4,42,subject,Computer Science,95,0.35789473684210527,0.4624846248462485,0.6842105263157895,0.5629627124832008,-0.042105263157894736,0.042105263157894736,0.9052631578947369,0.4049862398865513,1.0373562950735262,0.3138298694417459,0.05544339187081465,2,2,1.0,88,0,0.0,0.0,0,nan,0,0.0,2,0.7777777777777778,45,0.7213114754098361,48
E4,42,subject,Crop Science,98,0.4897959183673469,0.2993897122929381,0.6224489795918368,0.4437291847282017,0.20408163265306123,0.20408163265306123,0.8061224489795918,0.48745052076606515,1.568181226666541,0.3717504508636406,0.07732307505094217,4,4,1.0,80,0,0.0,0.0,0,0.0,0,0.07142857142857142,3,0.7419354838709677,47,0.7551020408163265,48
E4,42,subject,English,95,0.2736842105263158,0.6053724729991692,0.7473684210526316,0.6277907378884805,0.10526315789473684,0.10526315789473684,0.9157894736842105,0.2922316637470627,0.9310346459464549,0.2538214042095636,0.038003645443513846,1,1,1.0,86,0,0.0,nan,0,0.0,0,0.25,3,0.7058823529411765,37,0.8653846153846154,55
E4,42,subject,General Pedagogy,91,0.46153846153846156,0.4155038759689922,0.6043956043956044,0.4608059582949711,-0.04395604395604396,0.04395604395604396,0.8241758241758241,0.44873893074212656,1.4365613386124747,0.36186520237016623,0.06540650877484142,2,2,1.0,79,0,0.0,0.0,0,0.0,0,0.4,12,0.6388888888888888,43,0.6511627906976745,36
E4,42,subject,Geography,72,0.2777777777777778,0.6356275303643725,0.7222222222222222,0.6335216572932234,0.16666666666666666,0.16666666666666666,0.9166666666666666,0.3232870261262313,1.0059242352201194,0.23507780679460943,0.035908332248065854,1,0,0.0,66,0,0.0,nan,0,0.0,0,0.0,1,0.6296296296296297,26,0.8974358974358975,45
E4,42,subject,History,173,0.37572254335260113,0.47402358758477836,0.6878612716763006,0.490921061926985,0.1791907514450867,0.1791907514450867,0.8901734104046243,0.37742132839165426,1.2367435466405259,0.2886160203618321,0.05234215101962532,6,5,0.8333333333333334,152,0,0.0,1.0,1,0.0,0,0.06666666666666667,1,0.7313432835820896,79,0.8,92
E4,42,subject,Law,52,0.38461538461538464,0.4258109040717737,0.7115384615384616,0.5546906442560212,0.11538461538461539,0.11538461538461539,0.8653846153846154,0.43043755233881187,1.3805086160299556,0.3407102157094743,0.06940708358299821,3,3,1.0,44,0,0.0,nan,0,0.0,0,0.2,1,0.9285714285714286,25,0.7666666666666667,26
E4,42,subject,Literature and Art,143,0.26573426573426573,0.6601490763746354,0.7482517482517482,0.637197577568657,0.027972027972027972,0.027972027972027972,0.9300699300699301,0.31531733540435325,1.00831134445645,0.23560106548994508,0.033996493131660824,2,1,0.5,131,0,0.0,0.5,1,nan,0,0.1,1,0.8125,66,0.7951807228915663,75
E4,42,subject,Mathematics,158,0.47468354430379744,0.43077082577367687,0.6518987341772152,0.47550824774081424,0.03164556962025317,0.03164556962025317,0.8354430379746836,0.4826547428158408,1.2896776555150147,0.35022525004080185,0.07589519090251887,7,4,0.5714285714285714,132,3,0.022727272727272728,0.6666666666666666,5,0.0,0,0.21052631578947367,8,0.7391304347826086,67,0.7325581395348837,78
E4,42,subject,Military Science,86,0.3488372093023256,0.48209191759112524,0.6976744186046512,0.4746832118606146,0.11627906976744186,0.11627906976744186,0.8953488372093024,0.31675267000014584,1.14173548006945,0.24848851308623743,0.04175683761923896,0,0,nan,77,0,0.0,nan,0,nan,0,0.3333333333333333,6,0.5185185185185185,23,0.86,57
E4,42,subject,Physical Education,66,0.4090909090909091,0.4918032786885246,0.6212121212121212,0.4118462303721627,-0.015151515151515152,0.015151515151515152,0.8939393939393939,0.4400304594512546,1.2475683013097667,0.379136365494918,0.06033425064952369,1,0,0.0,59,0,0.0,nan,0,0.0,0,0.3333333333333333,5,0.5294117647058824,23,0.7142857142857143,38
E4,42,subject,Physics,171,0.23976608187134502,0.6327621658670322,0.7777777777777778,0.6328498878531538,0.07602339181286549,0.07602339181286549,0.935672514619883,0.2780940099658106,0.878379959731807,0.1832515722570196,0.027457633274336094,0,0,nan,156,0,0.0,nan,0,nan,0,0.3333333333333333,6,0.7619047619047619,68,0.8602150537634409,97
E4,42,subject,Psychology,124,0.28225806451612906,0.6784412671712924,0.7258064516129032,0.5032545148166245,-0.008064516129032258,0.008064516129032258,0.967741935483871,0.3203174587466057,0.9687686726500202,0.2578950668797979,0.037747376934638074,2,0,0.0,120,0,0.0,1.0,2,nan,0,0.0,2,0.746031746031746,64,0.7192982456140351,56
E4,42,subject,Public Administration,119,0.31092436974789917,0.5554770318021203,0.6890756302521008,0.532600731512861,0.008403361344537815,0.008403361344537815,0.9327731092436975,0.3074049672128065,0.8057200822601499,0.2568508016920995,0.03599212406225953,0,0,nan,110,0,0.0,nan,0,nan,0,0.2222222222222222,3,0.717391304347826,57,0.734375,59
E4,42,subject,Sociology,36,0.4444444444444444,0.47619047619047616,0.6388888888888888,0.5246346226066307,0.3333333333333333,0.3333333333333333,0.8333333333333334,0.49050493315945487,1.6843507839494936,0.3681476053697719,0.07379767467394732,1,1,1.0,28,0,0.0,nan,0,0.0,0,0.2857142857142857,2,0.6153846153846154,14,0.8666666666666667,20
E4,42,subject,Theoretical Economics,130,0.36923076923076925,0.4639175257731959,0.7,0.5517225689801591,0.1076923076923077,0.1076923076923077,0.8461538461538461,0.4148658210478224,1.2660496672718073,0.3309866196690038,0.060713974544090374,5,4,0.8,109,0,0.0,nan,0,0.0,1,0.125,4,0.8936170212765957,69,0.7580645161290323,56
E4,42,language,en,1341,0.3750932140193885,0.4195251999076405,0.7017151379567487,0.4847770396028053,0.12005965697240865,0.12005965697240865,0.8918717375093214,0.3929681854489206,1.2758851903148034,0.2860738973724045,0.05603260314351112,46,35,0.7608695652173914,1198,3,0.0025041736227045075,0.2,5,0.0,1,0.18556701030927836,46,0.6370967741935484,438,0.8280871670702179,851
E4,42,language,zh,1313,0.38537699923838536,0.4745786720777956,0.6633663366336634,0.5033875284421279,0.10814927646610815,0.10814927646610815,0.8636709824828637,0.40807747970662633,1.2548958508074182,0.32723052539854364,0.05626767044017185,30,23,0.7666666666666667,1129,0,0.0,0.2857142857142857,4,0.0,0,0.16883116883116883,54,0.7717770034843205,720,0.7171171171171171,535
E4,42,scenario,Automatic Grading,503,0.5646123260437376,0.22748976610719462,0.5924453280318092,0.3706470910314332,0.27037773359840955,0.27037773359840955,0.7992047713717694,0.5787020061820081,1.8081550984071169,0.41791381016553386,0.09548881870576667,32,30,0.9375,410,3,0.007317073170731708,0.07142857142857142,4,0.0,1,0.01639344262295082,9,0.7164179104477612,260,0.7272727272727273,229
E4,42,scenario,Emotional Support,295,0.2847457627118644,0.6509063525361733,0.7220338983050848,0.6553076312158351,0.09491525423728814,0.09491525423728814,0.888135593220339,0.30657594119738996,1.0148672700502197,0.2534082088352897,0.03661210993005451,2,1,0.5,258,0,0.0,nan,0,0.0,0,0.2,11,0.71875,122,0.845679012345679,162
E4,42,scenario,Error Correction,334,0.48502994011976047,0.34181876918106935,0.6167664670658682,0.3830519025818421,0.1497005988023952,0.1497005988023952,0.8502994011976048,0.4458016300374562,1.4763630967576602,0.3796459382934868,0.07112240504272915,14,14,1.0,283,0,0.0,0.0,0,0.0,0,0.21621621621621623,15,0.5263157894736842,114,0.7632850241545893,205
E4,42,scenario,Idea Provision,354,0.3220338983050847,0.5870625662778367,0.7005649717514124,0.5632747477634573,0.062146892655367235,0.062146892655367235,0.9011299435028248,0.3455462948290285,1.036109427642502,0.2734626398394742,0.04285278548663997,8,2,0.25,317,0,0.0,nan,0,0.0,0,0.2413793103448276,18,0.6759259259259259,132,0.8038277511961722,204
E4,42,scenario,Personalized Content Creation,179,0.21787709497206703,0.608095211362488,0.7821229050279329,0.6227843082551116,0.027932960893854747,0.027932960893854747,0.9441340782122905,0.2847525096454512,0.9957884013778198,0.20867627356314317,0.030485233848254453,0,0,nan,170,0,0.0,nan,0,nan,0,0.0,1,0.8653846153846154,115,0.7575757575757576,63
E4,42,scenario,Personalized Learning Support,222,0.3063063063063063,0.5964627855563744,0.7072072072072072,0.5803833886950208,0.02702702702702703,0.02702702702702703,0.8963963963963963,0.2962768575276437,0.9259585988956855,0.20905366754804208,0.030953420070702665,0,0,nan,195,0,0.0,nan,0,nan,0,0.37037037037037035,16,0.7676767676767676,115,0.7395833333333334,91
E4,42,scenario,Question Answering,158,0.43670886075949367,0.5190622166573118,0.7341772151898734,0.3624453637241814,0.25949367088607594,0.25949367088607594,0.8734177215189873,0.523232816585379,1.6132400751891447,0.3742747332316093,0.08711380106785234,13,8,0.6153846153846154,133,0,0.0,0.625,5,0.0,0,0.0,0,0.5789473684210527,29,0.8771929824561403,124
E4,42,scenario,Question Generation,291,0.35051546391752575,0.5739484080873809,0.6872852233676976,0.5586657020852632,0.027491408934707903,0.027491408934707903,0.8694158075601375,0.37801859136271443,1.0923362942518362,0.2921662230984889,0.04725974526228348,6,2,0.3333333333333333,256,0,0.0,nan,0,0.0,0,0.3793103448275862,29,0.6222222222222222,100,0.8012048192771084,162
E4,42,scenario,Teaching Material Generation,318,0.27358490566037735,0.4977556109725686,0.7358490566037735,0.5280509512498515,0.0220125786163522,0.0220125786163522,0.9559748427672956,0.3163822838752324,1.0480933809671427,0.24146680589964567,0.03590525774813382,1,1,1.0,305,0,0.0,nan,0,0.0,0,0.0,1,0.7908496732026143,171,0.743421052631579,146
E4,42,education_level,Elementary School,211,0.2938388625592417,0.5910192214504926,0.7298578199052133,0.5768305730688238,0.07582938388625593,0.07582938388625593,0.9289099526066351,0.30612027760969174,0.858999610531003,0.22128303186179907,0.0342094025712299,2,2,1.0,192,0,0.0,nan,0,0.0,0,0.47058823529411764,12,0.6447368421052632,76,0.8362068965517241,123
E4,42,education_level,High School,245,0.2816326530612245,0.4903917714634658,0.763265306122449,0.6035842847935073,0.02040816326530612,0.02040816326530612,0.9224489795918367,0.2907519846133733,0.7977750951791629,0.19621361809224627,0.03712596345300617,0,0,nan,226,3,0.01327433628318584,nan,3,nan,0,0.3157894736842105,9,0.6794871794871795,81,0.8648648648648649,152
E4,42,education_level,Master,748,0.40240641711229946,0.40082805020054346,0.6564171122994652,0.43219196027181295,0.07085561497326204,0.07085561497326204,0.8890374331550802,0.41209519914984816,1.2526955326611722,0.32187627939502356,0.056898412680642774,14,12,0.8571428571428571,667,0,0.0,0.25,2,0.0,0,0.16417910447761194,26,0.726027397260274,363,0.7093333333333334,357
E4,42,education_level,Middle School,125,0.464,0.4325730735163862,0.624,0.5147706260644666,0.256,0.256,0.792,0.4832111073170365,1.70570002850871,0.40404576193947256,0.07290766641442206,7,5,0.7142857142857143,99,0,0.0,nan,0,0.0,0,0.0,2,0.7948717948717948,62,0.7833333333333333,61
E4,42,education_level,PhD,541,0.36044362292051757,0.5124032084559549,0.6968576709796673,0.5395454934109949,0.12014787430683918,0.12014787430683918,0.8761552680221811,0.3949344523184109,1.2496586712189786,0.3029242205684004,0.054873822771931154,17,12,0.7058823529411765,472,0,0.0,0.5,3,0.0,0,0.1346153846153846,17,0.7647058823529411,254,0.7873134328358209,267
E4,42,education_level,Undergraduate,784,0.413265306122449,0.43944985376536594,0.6696428571428571,0.5176938075012123,0.1683673469387755,0.1683673469387755,0.8545918367346939,0.43959479164911386,1.474033639104263,0.33592415754059435,0.06549096684737209,36,27,0.75,671,0,0.0,0.1,1,0.0,1,0.15584415584415584,34,0.6964980544747081,322,0.8043478260869565,426
E5,42,metric,Basic Factual Accuracy,322,0.22981366459627328,0.07150259067357512,0.8291925465838509,0.14963770502492352,0.15527950310559005,0.15527950310559005,0.9565217391304348,0.30958473131423075,1.0931567379131586,0.22936005940514517,0.04396509139031048,6,6,1.0,308,0,0.0,0.0,0,0.0,0,0.0,0,0.14705882352941177,19,0.9562043795620438,303
E5,42,metric,"Clarity, Simplicity & Inspiration",187,0.41711229946524064,0.23590727151434288,0.6310160427807486,0.28530483271816104,0.053475935828877004,0.053475935828877004,0.9197860962566845,0.38651045574787113,1.2028941020143464,0.3143832523339257,0.05223632063930072,3,3,1.0,172,0,0.0,nan,0,0.0,0,0.0,0,0.782608695652174,115,0.575,72
E5,42,metric,Content Relevance & Scope Control,312,0.2916666666666667,0.31843121316805534,0.7532051282051282,0.4201324111500225,0.11217948717948718,0.11217948717948718,0.9487179487179487,0.3313141070165682,1.1319436010535724,0.23616091278485932,0.04282586286706238,4,4,1.0,296,0,0.0,0.0,0,0.0,0,0.0,0,0.5714285714285714,79,0.8721461187214612,233
E5,42,metric,Domain Knowledge Accuracy,137,0.3795620437956204,0.3748521210072673,0.6277372262773723,0.3913325146554988,-0.014598540145985401,0.014598540145985401,0.9124087591240876,0.3687989375682345,1.114713172658471,0.30945118598094207,0.04422822681145499,0,0,nan,125,0,0.0,nan,0,nan,0,0.0,0,0.8125,90,0.5573770491803278,47
E5,42,metric,Error Identification & Correction Precision,134,0.6119402985074627,0.19909315746084089,0.6119402985074627,0.3183880534082456,0.2537313432835821,0.2537313432835821,0.835820895522388,0.6116613243996667,1.704943266040735,0.4100230423899655,0.10459241767381776,11,11,1.0,114,1,0.008771929824561403,0.0,2,0.0,0,0.0,1,0.5172413793103449,42,0.788235294117647,89
E5,42,metric,Higher-Order Thinking & Skill Development,178,0.46629213483146065,0.469815144629368,0.5730337078651685,0.4552583109596073,-0.0056179775280898875,0.0056179775280898875,0.7303370786516854,0.4742389619496984,1.4608826908565904,0.4003489530289249,0.06498425640643773,7,1,0.14285714285714285,124,0,0.0,nan,0,0.0,0,0.40425531914893614,38,0.8421052631578947,116,0.3958333333333333,24
E5,42,metric,Instruction Following & Task Completion,490,0.39183673469387753,0.36196608362212146,0.6591836734693878,0.41678303417088325,0.17142857142857143,0.17142857142857143,0.9040816326530612,0.3925650513890486,1.2544608538075692,0.3031231477552178,0.053606465888665536,10,8,0.8,442,0,0.0,nan,0,0.0,0,0.05263157894736842,5,0.6344086021505376,198,0.79296875,287
E5,42,metric,"Motivation, Guidance & Positive Feedback",186,0.46774193548387094,0.44049889948642706,0.6075268817204301,0.5306343768497845,0.15591397849462366,0.15591397849462366,0.7634408602150538,0.4776691172376581,1.5440874908503752,0.3593069772971005,0.06868687577101751,13,10,0.7692307692307693,141,0,0.0,0.0,0,0.0,0,0.25,18,0.8313253012048193,124,0.6206896551724138,44
E5,42,metric,"Personalization, Adaptation & Learning Support",163,0.3067484662576687,0.6098058338505188,0.7055214723926381,0.6068499575636609,0.03680981595092025,0.03680981595092025,0.8588957055214724,0.31753736436957547,1.04380929606041,0.25254792387703273,0.0371696586848846,1,0,0.0,137,0,0.0,nan,0,0.0,0,0.28,12,0.8533333333333334,98,0.7096774193548387,53
E5,42,metric,Reasoning Process Rigor,195,0.7230769230769231,0.0914133570002218,0.5333333333333333,0.2818977300566621,0.2,0.2,0.7589743589743589,0.7000306523392141,1.8337072649501556,0.49990220263373103,0.1237956348314485,16,15,0.9375,154,4,0.025974025974025976,0.0,4,0.0,0,0.08,7,0.7536231884057971,111,0.5882352941176471,73
E5,42,metric,Role & Tone Consistency,99,0.2222222222222222,0.5724381625441697,0.7777777777777778,0.5741158139000481,0.0,0.0,0.98989898989899,0.2745625094225946,0.8661897635298577,0.20039760954133262,0.026497397290716717,0,0,nan,98,0,0.0,nan,0,nan,0,0.0,0,0.7959183673469388,51,0.7755102040816326,48
E5,42,metric,Scenario Element Integration,251,0.3147410358565737,0.6038692745553527,0.701195219123506,0.6169516899322371,0.07569721115537849,0.07569721115537849,0.8685258964143426,0.32703563630266896,1.018739346843085,0.2706432696114861,0.041014246264239676,5,2,0.4,216,0,0.0,nan,0,0.0,0,0.23333333333333334,15,0.8035714285714286,138,0.7596153846153846,98
E5,42,subject,Applied Economics,55,0.2727272727272727,0.5341614906832299,0.7272727272727273,0.5575115694735203,0.16363636363636364,0.16363636363636364,0.9636363636363636,0.3038599859526595,1.0585583784572266,0.20351463853289586,0.03238041769257819,0,0,nan,53,0,0.0,nan,0,nan,0,0.0,0,0.6296296296296297,22,0.8846153846153846,33
E5,42,subject,Aquaculture,143,0.26573426573426573,0.6470511821252274,0.7342657342657343,0.6485372284271251,-0.06993006993006994,0.06993006993006994,0.9230769230769231,0.29382576105621283,0.8957937972735402,0.23586784974180622,0.0324454667900632,0,0,nan,129,0,0.0,nan,0,nan,0,0.2857142857142857,5,0.9019607843137255,79,0.7051282051282052,59
E5,42,subject,Automation,47,0.3617021276595745,0.16015883520847118,0.723404255319149,0.28415035792076726,0.06382978723404255,0.06382978723404255,0.9148936170212766,0.3711377596618756,1.249042148393718,0.2659516263854578,0.04861383802143799,1,1,1.0,44,0,0.0,nan,0,0.0,0,0.0,1,0.5555555555555556,11,0.8285714285714286,35
E5,42,subject,Basic Medicine,159,0.6352201257861635,0.16178746887408302,0.6163522012578616,0.38383540474161326,0.5345911949685535,0.5345911949685535,0.7861635220125787,0.6619735602550461,2.3235407079688297,0.45320688892028116,0.11822818788035948,13,13,1.0,124,0,0.0,0.0,0,0.0,0,0.13636363636363635,5,0.5818181818181818,52,0.9130434782608695,102
E5,42,subject,Biology,130,0.43846153846153846,0.41002737357729435,0.5846153846153846,0.3733964038280616,0.05384615384615385,0.05384615384615385,0.8923076923076924,0.3719279511586837,1.2014964120005258,0.3006382489068679,0.043610099364067824,3,1,0.3333333333333333,119,0,0.0,nan,0,0.0,0,0.0,5,0.625,64,0.6507936507936508,61
E5,42,subject,Business Administration,123,0.6991869918699187,0.34113335212855944,0.5121951219512195,0.3980528260987113,0.35772357723577236,0.35772357723577236,0.6747967479674797,0.7089100508915989,2.2966061173355805,0.5753346872382525,0.12756996377331212,19,11,0.5789473684210527,87,0,0.0,0.0,0,0.0,0,0.058823529411764705,14,0.7096774193548387,52,0.7142857142857143,57
E5,42,subject,Chemistry,140,0.37142857142857144,0.5039100684261975,0.65,0.49350851842088705,0.14285714285714285,0.14285714285714285,0.8857142857142857,0.37659525302340413,1.156553655653414,0.26791072778962477,0.04502159198972304,1,0,0.0,124,0,0.0,nan,0,0.0,0,0.13333333333333333,5,0.6037735849056604,56,0.8028169014084507,79
E5,42,subject,Chinese,84,0.34523809523809523,0.5301204819277108,0.7023809523809523,0.6178683322027008,0.2261904761904762,0.2261904761904762,0.8452380952380952,0.39326686425563395,1.249755208454835,0.28445472452497295,0.054644573439480516,2,2,1.0,71,0,0.0,nan,0,0.0,0,0.18181818181818182,4,0.6857142857142857,36,0.9166666666666666,44
E5,42,subject,Clinical Medicine,64,0.21875,0.6806842480399145,0.78125,0.6985375604689735,-0.0625,0.0625,0.9375,0.22661465599092517,0.6163092935741891,0.19102864348538343,0.024599360247687104,0,0,nan,59,0,0.0,nan,0,nan,0,0.2,1,0.9565217391304348,35,0.75,28
E5,42,subject,Computer Science,95,0.4,0.4150246305418719,0.6421052631578947,0.4799754117956242,-0.021052631578947368,0.021052631578947368,0.9052631578947369,0.4319514920740773,1.0394910948325244,0.3402625823307468,0.06136284312486644,2,2,1.0,88,0,0.0,0.0,0,nan,0,0.0,2,0.6666666666666666,43,0.7049180327868853,50
E5,42,subject,Crop Science,98,0.46938775510204084,0.26470075030535667,0.6530612244897959,0.46625237219800775,0.2857142857142857,0.2857142857142857,0.8061224489795918,0.47869035496845574,1.5898268991146005,0.36656236966040134,0.07621967287593825,4,4,1.0,80,0,0.0,0.0,0,0.0,0,0.0,1,0.7419354838709677,43,0.8367346938775511,54
E5,42,subject,English,95,0.2631578947368421,0.6018210724093078,0.7578947368421053,0.6567369739591841,0.17894736842105263,0.17894736842105263,0.9157894736842105,0.27984117525310187,0.8867936660689997,0.2388509869438083,0.03566303925982264,1,1,1.0,86,0,0.0,nan,0,0.0,0,0.125,1,0.6764705882352942,34,0.9230769230769231,60
E5,42,subject,General Pedagogy,91,0.3956043956043956,0.4807692307692307,0.6813186813186813,0.5135116638314952,-0.02197802197802198,0.02197802197802198,0.8901098901098901,0.41000659266914463,1.33285357797848,0.31628640976235906,0.05974057892986332,2,2,1.0,79,0,0.0,0.0,1,0.0,0,0.5,8,0.7777777777777778,45,0.6744186046511628,37
E5,42,subject,Geography,72,0.2777777777777778,0.6008064516129032,0.7361111111111112,0.6187714421619965,0.19444444444444445,0.19444444444444445,0.9166666666666666,0.3080250626360354,0.9626811928516124,0.21583809051150116,0.03468326174599039,1,0,0.0,66,0,0.0,nan,0,0.0,0,0.0,1,0.6296296296296297,24,0.9230769230769231,47
E5,42,subject,History,173,0.41040462427745666,0.4000420359407294,0.653179190751445,0.4766833256871437,0.1791907514450867,0.1791907514450867,0.884393063583815,0.40264760716853093,1.3481202017350429,0.32375121747354063,0.05797170816779953,6,6,1.0,152,0,0.0,0.0,0,0.0,0,0.13333333333333333,3,0.6716417910447762,79,0.7764705882352941,91
E5,42,subject,Law,52,0.4230769230769231,0.4351663272233537,0.6538461538461539,0.49915203540728287,0.038461538461538464,0.038461538461538464,0.8653846153846154,0.43013188425220394,1.4159819501706623,0.34838807109312836,0.07071368792183065,3,2,0.6666666666666666,44,0,0.0,nan,0,0.0,0,0.2,2,0.9285714285714286,27,0.6666666666666666,23
E5,42,subject,Literature and Art,143,0.27972027972027974,0.5642798546818235,0.7482517482517482,0.6391853621908377,0.013986013986013986,0.013986013986013986,0.9300699300699301,0.3334239319356873,1.0318264110015938,0.25141979427692845,0.03820790805514127,2,2,1.0,131,0,0.0,0.0,0,nan,0,0.2,2,0.8541666666666666,70,0.7710843373493976,71
E5,42,subject,Mathematics,158,0.5569620253164557,0.214971844981782,0.6139240506329114,0.39245968510361967,0.05063291139240506,0.05063291139240506,0.8291139240506329,0.5338490246598421,1.4698340721531493,0.391375824845434,0.09021945855115206,7,6,0.8571428571428571,132,4,0.030303030303030304,0.0,4,0.0,0,0.21052631578947367,6,0.7391304347826086,72,0.686046511627907,76
E5,42,subject,Military Science,86,0.32558139534883723,0.5230016313213703,0.7093023255813954,0.5095018598140877,0.09302325581395349,0.09302325581395349,0.9069767441860465,0.31582036470148867,1.1742460979622111,0.2592401993351411,0.04230766239152627,0,0,nan,77,0,0.0,nan,0,nan,0,0.3333333333333333,5,0.5925925925925926,27,0.84,54
E5,42,subject,Physical Education,66,0.45454545454545453,0.4112983151635282,0.5909090909090909,0.3499928363302541,-0.09090909090909091,0.09090909090909091,0.8939393939393939,0.49791160242375715,1.3373277496735212,0.410805897337965,0.06733562016763638,1,0,0.0,59,0,0.0,nan,0,0.0,0,0.3333333333333333,5,0.6470588235294118,28,0.6190476190476191,33
E5,42,subject,Physics,171,0.23391812865497075,0.6617210682492582,0.7777777777777778,0.6601152449795373,0.08187134502923976,0.08187134502923976,0.9298245614035088,0.27623720541439917,0.872462644917461,0.17892149683462177,0.02678608140411352,0,0,nan,156,0,0.0,nan,0,nan,0,0.3333333333333333,7,0.7301587301587301,65,0.8817204301075269,99
E5,42,subject,Psychology,124,0.3064516129032258,0.4328935795954265,0.7338709677419355,0.5196823527200798,0.016129032258064516,0.016129032258064516,0.9516129032258065,0.32286788047209913,0.9157089840547623,0.2506128276705827,0.03806726745313103,2,2,1.0,120,0,0.0,0.0,0,nan,0,0.0,2,0.7936507936507936,69,0.7192982456140351,53
E5,42,subject,Public Administration,119,0.31092436974789917,0.5751230338705009,0.6890756302521008,0.5405205729022909,-0.008403361344537815,0.008403361344537815,0.9327731092436975,0.31803437947515995,0.8171268930841712,0.26538567379150513,0.03717449682704932,0,0,nan,110,0,0.0,nan,0,nan,0,0.3333333333333333,5,0.6956521739130435,55,0.734375,59
E5,42,subject,Sociology,36,0.4166666666666667,0.5086206896551724,0.6388888888888888,0.5389570210109654,0.19444444444444445,0.19444444444444445,0.8333333333333334,0.48302795764777007,1.525336246946651,0.35607807741685565,0.06838126545993237,1,1,1.0,28,0,0.0,nan,0,0.0,0,0.2857142857142857,2,0.7692307692307693,19,0.7333333333333333,15
E5,42,subject,Theoretical Economics,130,0.36923076923076925,0.49139280125195606,0.6923076923076923,0.6160103423887544,0.06153846153846154,0.06153846153846154,0.8384615384615385,0.40872727955044275,1.2516070502876362,0.31607425926626326,0.05724813592927619,5,4,0.8,109,1,0.009174311926605505,nan,1,0.0,0,0.125,4,0.8936170212765957,74,0.7419354838709677,51
E5,42,language,en,1341,0.3795674869500373,0.4064275118940721,0.6964951528709918,0.4877225642259706,0.10514541387024609,0.10514541387024609,0.8911260253542133,0.3958902220386315,1.260688964506258,0.2889176149317323,0.05698063501578764,46,34,0.7391304347826086,1198,4,0.00333889816360601,0.0,4,0.0,0,0.1958762886597938,49,0.6532258064516129,459,0.8135593220338984,829
E5,42,language,zh,1313,0.39756283320639757,0.4185821189064487,0.6580350342726581,0.49499225986949275,0.12338156892612338,0.12338156892612338,0.865955826351866,0.4113351799062307,1.2580286948368322,0.32693511772965983,0.05687508469772841,30,26,0.8666666666666667,1129,1,0.0008857395925597874,0.0,2,0.0,0,0.16883116883116883,47,0.7682926829268293,722,0.7153153153153153,542
E5,42,scenario,Automatic Grading,503,0.5745526838966203,0.20170332316126283,0.5864811133200796,0.37158114345619886,0.21272365805168986,0.21272365805168986,0.7972166998011928,0.5890079265909453,1.7914520782924277,0.41898260720472424,0.09677134976282478,32,29,0.90625,410,5,0.012195121951219513,0.0,6,0.0,0,0.06557377049180328,15,0.736318407960199,272,0.6842105263157895,210
E5,42,scenario,Emotional Support,295,0.28135593220338984,0.6562195807455544,0.7220338983050848,0.6635627881808116,0.07796610169491526,0.07796610169491526,0.888135593220339,0.29857046030236006,0.9926420282581584,0.2513457577907487,0.0351922016797834,2,1,0.5,258,0,0.0,nan,0,0.0,0,0.17142857142857143,9,0.7604166666666666,131,0.8271604938271605,155
E5,42,scenario,Error Correction,334,0.47005988023952094,0.37769998870803834,0.6227544910179641,0.3976660427526261,0.15868263473053892,0.15868263473053892,0.8562874251497006,0.44086625929931383,1.4501047699507945,0.37716279957369697,0.06992957088420161,14,12,0.8571428571428571,283,0,0.0,0.0,0,0.0,0,0.21621621621621623,15,0.5263157894736842,111,0.7729468599033816,208
E5,42,scenario,Idea Provision,354,0.327683615819209,0.5876310494546224,0.692090395480226,0.5567493165359764,0.07909604519774012,0.07909604519774012,0.9011299435028248,0.3422291616047499,1.0452879753673925,0.2734931699052403,0.04356254344135514,8,2,0.25,317,0,0.0,nan,0,0.0,0,0.2413793103448276,18,0.6296296296296297,126,0.8133971291866029,210
E5,42,scenario,Personalized Content Creation,179,0.2122905027932961,0.6249862167824457,0.7877094972067039,0.6408434303667851,0.055865921787709494,0.055865921787709494,0.9441340782122905,0.27406843336873316,0.9339602324684576,0.20506847345260515,0.030172379397549944,0,0,nan,170,0,0.0,nan,0,nan,0,0.0,1,0.8461538461538461,110,0.803030303030303,68
E5,42,scenario,Personalized Learning Support,222,0.32882882882882886,0.547486033519553,0.6891891891891891,0.533830513067661,0.02252252252252252,0.02252252252252252,0.8963963963963963,0.29807911516390834,0.9348021543239493,0.20312365362104973,0.030605980801882496,0,0,nan,195,0,0.0,nan,0,nan,0,0.3333333333333333,14,0.7777777777777778,120,0.6979166666666666,88
E5,42,scenario,Question Answering,158,0.569620253164557,0.1659125188536953,0.6645569620253164,0.2573168277757166,0.34177215189873417,0.34177215189873417,0.8417721518987342,0.5864943037786594,1.7152105221049951,0.4267771622914761,0.10273838528895647,13,13,1.0,133,0,0.0,0.0,0,0.0,0,0.0,0,0.47368421052631576,36,0.8421052631578947,122
E5,42,scenario,Question Generation,291,0.35051546391752575,0.5599058981683751,0.6872852233676976,0.5365952604052123,0.041237113402061855,0.041237113402061855,0.8865979381443299,0.3903853246522534,1.1235109730734885,0.2957692309588115,0.048011442385347075,6,2,0.3333333333333333,256,0,0.0,nan,0,0.0,0,0.3793103448275862,24,0.6555555555555556,106,0.7831325301204819,161
E5,42,scenario,Teaching Material Generation,318,0.2610062893081761,0.5151301900070373,0.7484276729559748,0.5470672507814639,0.03459119496855346,0.03459119496855346,0.9591194968553459,0.3041638669244248,1.0107828051384822,0.23182320227428485,0.03412998120917648,1,1,1.0,305,0,0.0,nan,0,0.0,0,0.0,0,0.7973856209150327,169,0.7631578947368421,149
E5,42,education_level,Elementary School,211,0.2843601895734597,0.567942665377396,0.7440758293838863,0.585853190312465,0.10426540284360189,0.10426540284360189,0.9241706161137441,0.3002977465190955,0.865483775729039,0.21955039049080857,0.03465131670462415,2,2,1.0,192,0,0.0,nan,0,0.0,0,0.29411764705882354,7,0.6973684210526315,80,0.853448275862069,124
E5,42,education_level,High School,245,0.3020408163265306,0.451446318298364,0.7510204081632653,0.5883321413849049,0.00816326530612245,0.00816326530612245,0.9183673469387755,0.3054393898059996,0.8340615480054543,0.1965427650759344,0.03981347459107244,0,0,nan,226,4,0.017699115044247787,nan,4,nan,0,0.3157894736842105,9,0.6538461538461539,80,0.8581081081081081,152
E5,42,education_level,Master,748,0.3877005347593583,0.37907972177635096,0.6737967914438503,0.45702173405777785,0.0855614973262032,0.0855614973262032,0.8943850267379679,0.41033275132777547,1.2490408244055426,0.3205197024327688,0.05714413714051871,14,13,0.9285714285714286,667,0,0.0,0.0,0,0.0,0,0.19402985074626866,25,0.7465753424657534,362,0.728,361
E5,42,education_level,Middle School,125,0.504,0.42188081441709635,0.584,0.49311973761335187,0.312,0.312,0.784,0.49998750518000246,1.728707140169379,0.42272488285311954,0.07654106274208614,7,5,0.7142857142857143,99,0,0.0,nan,0,0.0,0,0.0,3,0.6153846153846154,53,0.8166666666666667,69
E5,42,education_level,PhD,541,0.3900184842883549,0.4065827217395217,0.6746765249537893,0.5027325879879835,0.12014787430683918,0.12014787430683918,0.878003696857671,0.39827694588467055,1.272880603574888,0.3094217533641988,0.05669343249365114,17,14,0.8235294117647058,472,0,0.0,0.0,0,0.0,0,0.15384615384615385,16,0.7696078431372549,268,0.746268656716418,257
E5,42,education_level,Undergraduate,784,0.4247448979591837,0.43338927963984797,0.6568877551020408,0.5138106677781237,0.14158163265306123,0.14158163265306123,0.8545918367346939,0.44372607154133115,1.423997558766526,0.33448941966702705,0.06510165084421704,36,26,0.7222222222222222,671,1,0.0014903129657228018,0.0,2,0.0,0,0.16883116883116883,36,0.7042801556420234,338,0.7753623188405797,408
