variant,seed,stratum_type,stratum_value,n,MAE,expected_score_MAE,Signed_Bias,abs_Signed_Bias,Exact_Match,Kendall_tau,QWK,Bin_Agreement,low_n,low_to_high_count,low_to_high_rate,high_n,high_to_low_count,high_to_low_rate,label1_recall,pred_count_1,label2_recall,pred_count_2,label3_recall,pred_count_3,label4_recall,pred_count_4,label5_recall,pred_count_5,human_CE,human_Brier,human_RPS
v00_hard_no_rubric,42,language,en,1341,0.453392990305742,0.4707542516095219,0.19686800894854586,0.19686800894854586,0.6599552572706935,0.33420379470197736,0.22032666018125036,0.8739746457867263,46,44,0.9565217391304348,1198,3,0.0025041736227045075,0.0,2,0.0,1,0.041237113402061855,33,0.5161290322580645,373,0.8341404358353511,932,1.4224077161508724,0.3611831961728059,0.07011477561404054
v00_hard_no_rubric,42,language,zh,1313,0.4607768469154608,0.47498174422756,0.09672505712109672,0.09672505712109672,0.6047220106626047,0.40300107059762147,0.3449193414269084,0.8476770753998477,30,27,0.9,1129,2,0.001771479185119575,0.0,1,0.0,1,0.17532467532467533,71,0.705574912891986,710,0.6522522522522523,530,1.3193649683883253,0.3877066634686832,0.06653035079629617
v00_hard_no_rubric,42,metric_group,Factual & Reasoning Accuracy,788,0.4987309644670051,0.5278703255697531,0.1916243654822335,0.1916243654822335,0.6459390862944162,0.2994793184240913,0.16347482051194606,0.8654822335025381,33,33,1.0,701,2,0.0028530670470756064,0.0,1,0.0,1,0.05555555555555555,23,0.49489795918367346,219,0.80990099009901,544,1.338693248952667,0.3912469020171959,0.0821165353955771
v00_hard_no_rubric,42,metric_group,Pedagogical Application,714,0.5448179271708683,0.537803167235182,0.18347338935574228,0.18347338935574228,0.5476190476190477,0.308092918721689,0.2695945870128703,0.788515406162465,24,20,0.8333333333333334,574,3,0.005226480836236934,0.0,2,0.0,1,0.1206896551724138,40,0.6993865030674846,411,0.6008064516129032,260,1.5334842010603627,0.4324017266468399,0.07529854115957614
v00_hard_no_rubric,42,metric_group,Scenario Adaptability,1152,0.3741319444444444,0.39494722536828986,0.09461805555555555,0.09461805555555555,0.6762152777777778,0.4442703230934593,0.3956650521472619,0.9027777777777778,19,18,0.9473684210526315,1052,0,0.0,0.0,0,0.0,0,0.1728395061728395,41,0.6415094339622641,453,0.785031847133758,658,1.2933827700697833,0.32670844061347193,0.05460701077631347
v00_hard_no_rubric,42,original_label,1,24,3.5833333333333335,3.3783391815471853,3.5833333333333335,3.5833333333333335,0.0,nan,0.0,0.0,24,22,0.9166666666666666,0,0,nan,0.0,0,nan,0,nan,2,nan,6,nan,16,5.401096257239577,1.5266062440106136,0.7549697257446194
v00_hard_no_rubric,42,original_label,2,52,2.5,2.366044827977506,2.5,2.5,0.0,nan,0.0,0.0,52,49,0.9423076923076923,0,0,nan,nan,0,0.0,0,nan,3,nan,20,nan,29,6.228796939037821,1.4629248979471043,0.5164069975221817
v00_hard_no_rubric,42,original_label,3,251,1.1673306772908367,1.082179676345111,1.1673306772908367,1.1673306772908367,0.12350597609561753,nan,0.0,0.12350597609561753,0,0,nan,0,0,nan,nan,0,nan,0,0.12350597609561753,31,nan,147,nan,73,2.8456236998368523,0.8976088528657059,0.17225631227713215
v00_hard_no_rubric,42,original_label,4,946,0.3752642706131078,0.33296123277967504,0.2441860465116279,0.2441860465116279,0.63107822410148,nan,0.0,0.9408033826638478,0,0,nan,946,4,0.004228329809725159,nan,2,nan,2,nan,52,0.63107822410148,597,nan,293,1.2887424223947361,0.34426956142551096,0.046929633182774946
v00_hard_no_rubric,42,original_label,5,1381,0.25271542360608257,0.3361401775488755,-0.25271542360608257,0.25271542360608257,0.7610427226647357,nan,0.0,0.9876900796524257,0,0,nan,1381,1,0.000724112961622013,nan,1,nan,0,nan,16,nan,313,0.7610427226647357,1051,0.9072044312845793,0.23875166073481827,0.035317929060445806
v00_hard_no_rubric,42,human_entropy_band,zero,1169,0.4354148845166809,0.4537157734989705,0.16338751069289992,0.16338751069289992,0.6954662104362703,0.42043793583729416,0.2550798710254767,0.8665526090675791,53,51,0.9622641509433962,1031,3,0.002909796314258002,0.0,2,0.0,1,0.08235294117647059,31,0.6767676767676768,382,0.8242506811989101,753,0.9881084370571147,0.4346519661636924,0.08391343231843743
v00_hard_no_rubric,42,human_entropy_band,low,1485,0.4740740740740741,0.4879048770093325,0.13468013468013468,0.13468013468013468,0.5831649831649832,0.35667307457869035,0.3366439865531037,0.8565656565656565,23,20,0.8695652173913043,1296,2,0.0015432098765432098,0.0,1,0.0,1,0.14457831325301204,73,0.6101694915254238,701,0.6893353941267388,709,1.6731826181363119,0.326799573573574,0.056083139605193184
v00_hard_no_rubric,42,subject,Applied Economics,55,0.3090909090909091,0.34671626198057276,0.12727272727272726,0.12727272727272726,0.7090909090909091,0.4318932504995409,0.4402785216925549,0.9818181818181818,0,0,nan,53,0,0.0,nan,0,nan,0,0.5,1,0.6296296296296297,22,0.8076923076923077,32,1.0925268242091035,0.24994391001369026,0.039936390516576804
v00_hard_no_rubric,42,subject,Aquaculture,143,0.34965034965034963,0.3905559772180884,-0.1258741258741259,0.1258741258741259,0.6503496503496503,0.5825722315926976,0.5861789558976733,0.8741258741258742,0,0,nan,129,0,0.0,nan,0,nan,0,0.2857142857142857,12,0.7254901960784313,73,0.6666666666666666,58,1.2078364080163455,0.3389196866221911,0.04628797466255056
v00_hard_no_rubric,42,subject,Automation,47,0.2765957446808511,0.3175553560256934,0.14893617021276595,0.14893617021276595,0.8085106382978723,0.45711722973955626,0.25499655410062017,0.9148936170212766,1,1,1.0,44,0,0.0,nan,0,0.0,0,0.0,1,0.5555555555555556,7,0.9428571428571428,39,1.4756731599072843,0.26514215482608566,0.051012846558339466
v00_hard_no_rubric,42,subject,Basic Medicine,159,0.6415094339622641,0.6460388165152934,0.4276729559748428,0.4276729559748428,0.5974842767295597,0.31881692276740853,0.1588504432370602,0.7924528301886793,13,13,1.0,124,0,0.0,0.0,0,0.0,0,0.13636363636363635,4,0.7090909090909091,71,0.7681159420289855,84,1.8938472251689962,0.49447544328246423,0.11758978431802175
v00_hard_no_rubric,42,subject,Biology,130,0.4153846153846154,0.44110601005903555,0.1076923076923077,0.1076923076923077,0.6307692307692307,0.3854433118348919,0.33019284557632855,0.9076923076923077,3,3,1.0,119,0,0.0,nan,0,0.0,0,0.125,3,0.6428571428571429,61,0.7142857142857143,66,1.2815195818176917,0.3087440128367899,0.04958018472582346
v00_hard_no_rubric,42,subject,Business Administration,123,0.8130081300813008,0.8248680325645865,0.5365853658536586,0.5365853658536586,0.5040650406504065,0.22053141256288616,0.1257565095003519,0.6910569105691057,19,18,0.9473684210526315,87,0,0.0,0.0,0,0.0,0,0.0,3,0.6774193548387096,52,0.7321428571428571,68,2.266225857454449,0.6146363782825327,0.14863799408208372
v00_hard_no_rubric,42,subject,Chemistry,140,0.38571428571428573,0.4218686740636267,-0.05714285714285714,0.05714285714285714,0.65,0.48082901660975774,0.46894262683736365,0.85,1,0,0.0,124,0,0.0,nan,0,0.0,0,0.13333333333333333,10,0.7924528301886793,74,0.6619718309859155,56,1.1572582755459666,0.308301542578508,0.04966053701963996
v00_hard_no_rubric,42,subject,Chinese,84,0.5119047619047619,0.4799205800846254,0.27380952380952384,0.27380952380952384,0.5833333333333334,0.36441875781429506,0.3296703296703297,0.8333333333333334,2,2,1.0,71,0,0.0,nan,0,0.0,0,0.2727272727272727,7,0.45714285714285713,26,0.8333333333333334,51,1.1929722391964301,0.3404175479374424,0.06774110212688854
v00_hard_no_rubric,42,subject,Clinical Medicine,64,0.265625,0.2976511177438246,0.015625,0.015625,0.734375,0.615466018080843,0.5952380952380952,0.921875,0,0,nan,59,0,0.0,nan,0,nan,0,0.0,0,0.8260869565217391,32,0.7777777777777778,32,0.984284733133471,0.2874650453976916,0.03763625111931701
v00_hard_no_rubric,42,subject,Computer Science,95,0.45263157894736844,0.4707797188023802,0.031578947368421054,0.031578947368421054,0.6736842105263158,0.35708555368057143,0.2151963284038756,0.8842105263157894,2,2,1.0,88,1,0.011363636363636364,0.0,1,nan,0,0.2,5,0.5555555555555556,28,0.7868852459016393,61,1.0623099344401141,0.31782775729950263,0.06570273913614492
v00_hard_no_rubric,42,subject,Crop Science,98,0.5612244897959183,0.5659394405600796,0.15306122448979592,0.15306122448979592,0.5612244897959183,0.40784634825377775,0.353601213040182,0.7551020408163265,4,3,0.75,80,0,0.0,0.0,0,0.0,0,0.21428571428571427,13,0.45161290322580644,32,0.7755102040816326,53,1.6953643180191322,0.44442543184361977,0.08464882831361813
v00_hard_no_rubric,42,subject,English,95,0.37894736842105264,0.3558077780495104,0.12631578947368421,0.12631578947368421,0.6631578947368421,0.442531832366839,0.4517313746065058,0.9052631578947369,1,0,0.0,86,1,0.011627906976744186,nan,0,0.0,1,0.125,2,0.5882352941176471,34,0.8076923076923077,58,0.9041043164461413,0.29987938479486764,0.04514381378306847
v00_hard_no_rubric,42,subject,General Pedagogy,91,0.46153846153846156,0.5221064510717555,0.06593406593406594,0.06593406593406594,0.5824175824175825,0.39617727354307414,0.3424124513618676,0.8681318681318682,2,2,1.0,79,0,0.0,0.0,0,0.0,0,0.0,0,0.7777777777777778,57,0.5813953488372093,34,1.4390465269290227,0.4158913954830766,0.07164538312912809
v00_hard_no_rubric,42,subject,Geography,72,0.4027777777777778,0.41653207274942633,0.2638888888888889,0.2638888888888889,0.6388888888888888,0.3982717020374575,0.34782608695652173,0.9166666666666666,1,1,1.0,66,0,0.0,nan,0,0.0,0,0.0,0,0.4444444444444444,21,0.8717948717948718,51,1.252016171325415,0.33264733729872725,0.04986182012785353
v00_hard_no_rubric,42,subject,History,173,0.44508670520231214,0.4788488256699285,0.1907514450867052,0.1907514450867052,0.6416184971098265,0.4321624261651618,0.31488568671170425,0.8497109826589595,6,6,1.0,152,0,0.0,0.0,0,0.0,0,0.06666666666666667,7,0.6119402985074627,69,0.8117647058823529,97,1.5739598564601933,0.38273591810245267,0.07161575895082707
v00_hard_no_rubric,42,subject,Law,52,0.5576923076923077,0.5201651329839265,0.25,0.25,0.5769230769230769,0.2652739356327635,0.14953271028037385,0.8269230769230769,3,3,1.0,44,0,0.0,nan,0,0.0,0,0.0,1,0.5,18,0.7666666666666667,33,1.266943193206565,0.3987568098729204,0.07900360373978274
v00_hard_no_rubric,42,subject,Literature and Art,143,0.2727272727272727,0.3293737059726186,0.16083916083916083,0.16083916083916083,0.7762237762237763,0.6276566396198421,0.44284601090930886,0.916083916083916,2,2,1.0,131,0,0.0,0.0,0,nan,0,0.0,0,0.75,53,0.9036144578313253,90,1.1981085504725093,0.2545867862477469,0.04336890239542289
v00_hard_no_rubric,42,subject,Mathematics,158,0.6329113924050633,0.5688770054631765,0.13924050632911392,0.13924050632911392,0.5379746835443038,0.2722220951018533,0.16056670602125156,0.7974683544303798,7,7,1.0,132,3,0.022727272727272728,0.0,2,0.0,1,0.05263157894736842,5,0.5434782608695652,65,0.686046511627907,85,1.5237938872392816,0.4306185100031313,0.0895223032584456
v00_hard_no_rubric,42,subject,Military Science,86,0.3953488372093023,0.38226954705426935,0.18604651162790697,0.18604651162790697,0.6744186046511628,0.4376202152886559,0.3754341648247552,0.8488372093023255,0,0,nan,77,0,0.0,nan,0,nan,0,0.1111111111111111,6,0.4074074074074074,17,0.92,63,1.4678937814497661,0.3755782889682146,0.058216955471787686
v00_hard_no_rubric,42,subject,Physical Education,66,0.5909090909090909,0.5560069742813507,0.10606060606060606,0.10606060606060606,0.5151515151515151,0.0513384806733635,0.09798865394533263,0.8636363636363636,1,1,1.0,59,0,0.0,nan,0,0.0,0,0.16666666666666666,4,0.23529411764705882,17,0.6904761904761905,45,1.474171013497404,0.5138713201305526,0.08551911175386526
v00_hard_no_rubric,42,subject,Physics,171,0.3391812865497076,0.36320444789449746,0.15204678362573099,0.15204678362573099,0.6842105263157895,0.47480608582029094,0.4966550709124967,0.9298245614035088,0,0,nan,156,0,0.0,nan,0,nan,0,0.3333333333333333,7,0.5238095238095238,53,0.8494623655913979,111,1.2537419069176101,0.33524525452121334,0.04849749985319903
v00_hard_no_rubric,42,subject,Psychology,124,0.41935483870967744,0.4409733199210748,0.04838709677419355,0.04838709677419355,0.6532258064516129,0.2699031268759827,0.1325712335778877,0.9435483870967742,2,2,1.0,120,0,0.0,0.0,0,nan,0,0.0,3,0.6984126984126984,63,0.6491228070175439,58,1.2170422563679508,0.35815970890273036,0.06178618592900387
v00_hard_no_rubric,42,subject,Public Administration,119,0.40336134453781514,0.43360008830047825,0.0,0.0,0.6218487394957983,0.3383959892806494,0.3346448540070407,0.9243697478991597,0,0,nan,110,0,0.0,nan,0,nan,0,0.1111111111111111,2,0.6956521739130435,60,0.640625,57,1.1180881603236739,0.3717227347389428,0.05554523398458794
v00_hard_no_rubric,42,subject,Sociology,36,0.6388888888888888,0.6843730787779501,0.25,0.25,0.4444444444444444,0.2799658090393853,0.30952380952380953,0.7222222222222222,1,0,0.0,28,0,0.0,nan,0,0.0,0,0.0,3,0.46153846153846156,15,0.6666666666666666,18,1.531999313868319,0.44332443858775605,0.0873104602926475
v00_hard_no_rubric,42,subject,Theoretical Economics,130,0.45384615384615384,0.49371304412578726,0.16153846153846155,0.16153846153846155,0.6538461538461539,0.39774570575287943,0.28802029286290776,0.8307692307692308,5,5,1.0,109,0,0.0,nan,0,0.0,0,0.125,5,0.7872340425531915,63,0.7419354838709677,62,1.2658723724351728,0.38957071101336554,0.07346569590017105
v00_hard_no_rubric,43,language,en,1341,0.4235645041014168,0.4321731412890813,0.174496644295302,0.174496644295302,0.6718866517524236,0.3937184231132301,0.3222920599220852,0.8806860551826995,46,40,0.8695652173913043,1198,4,0.00333889816360601,0.2,3,0.0,3,0.08247422680412371,35,0.5376344086021505,389,0.8365617433414043,911,1.745261824187531,0.38170477881034204,0.07037554084527227
v00_hard_no_rubric,43,language,zh,1313,0.4424980959634425,0.45946167501770724,0.13480578827113482,0.13480578827113482,0.6245239908606245,0.4380592440646802,0.3680358722257646,0.8400609291698401,30,29,0.9666666666666667,1129,0,0.0,0.0,1,0.0625,1,0.11688311688311688,63,0.6986062717770035,676,0.7207207207207207,572,1.511117939773092,0.41410213005544166,0.07002470072739717
v00_hard_no_rubric,43,metric_group,Factual & Reasoning Accuracy,788,0.4593908629441624,0.4732278504091133,0.2182741116751269,0.2182741116751269,0.666243654822335,0.3530588774734837,0.26812446160450976,0.881979695431472,33,31,0.9393939393939394,701,1,0.0014265335235378032,0.1,4,0.0,0,0.05555555555555555,13,0.4846938775510204,209,0.8415841584158416,562,1.7524971605618862,0.41207695312175613,0.08270653302211016
v00_hard_no_rubric,43,metric_group,Pedagogical Application,714,0.5238095238095238,0.5195333659012675,0.15126050420168066,0.15126050420168066,0.5644257703081232,0.34047241783162996,0.30749190810768134,0.7759103641456583,24,20,0.8333333333333334,574,1,0.0017421602787456446,0.0,0,0.0,1,0.15517241379310345,59,0.7085889570552147,404,0.6209677419354839,250,1.7427792564663107,0.45485075881035275,0.07676940452977052
v00_hard_no_rubric,43,metric_group,Scenario Adaptability,1152,0.3585069444444444,0.3810477364505393,0.11371527777777778,0.11371527777777778,0.6883680555555556,0.48139602976677726,0.4152468764615488,0.8984375,19,18,0.9473684210526315,1052,2,0.0019011406844106464,0.0,0,0.05555555555555555,3,0.06172839506172839,26,0.6485849056603774,452,0.8152866242038217,671,1.4749842096508996,0.352519205118861,0.05757806377856219
v00_hard_no_rubric,43,original_label,1,24,3.1666666666666665,3.230155266150357,3.1666666666666665,3.1666666666666665,0.08333333333333333,nan,0.0,0.08333333333333333,24,22,0.9166666666666666,0,0,nan,0.08333333333333333,2,nan,0,nan,0,nan,12,nan,10,8.890637628578896,1.480636531611501,0.7200796079509963
v00_hard_no_rubric,43,original_label,2,52,2.3846153846153846,2.32967150156,2.3846153846153846,2.3846153846153846,0.019230769230769232,nan,0.0,0.019230769230769232,52,47,0.9038461538461539,0,0,nan,nan,0,0.019230769230769232,1,nan,4,nan,21,nan,26,7.328377815969513,1.470116382477164,0.5080532954918767
v00_hard_no_rubric,43,original_label,3,251,1.155378486055777,1.104195498468405,1.1394422310756973,1.1394422310756973,0.10358565737051793,nan,0.0,0.10358565737051793,0,0,nan,0,0,nan,nan,1,nan,0,0.10358565737051793,26,nan,160,nan,64,3.3212990766048325,0.9853153346975349,0.18316471435957263
v00_hard_no_rubric,43,original_label,4,946,0.3668076109936575,0.35425269685724875,0.25052854122621565,0.25052854122621565,0.635306553911205,nan,0.0,0.9439746300211417,0,0,nan,946,2,0.0021141649048625794,nan,0,nan,2,nan,51,0.635306553911205,601,nan,292,1.5324367604328084,0.39343316748938045,0.053731720290264094
v00_hard_no_rubric,43,original_label,5,1381,0.22592324402606806,0.26927921502943664,-0.22592324402606806,0.22592324402606806,0.7900072411296162,nan,0.0,0.9862418537291817,0,0,nan,1381,2,0.001448225923244026,nan,1,nan,1,nan,17,nan,271,0.7900072411296162,1091,1.047582742971753,0.23468425130046336,0.033172193825733914
v00_hard_no_rubric,43,human_entropy_band,zero,1169,0.3806672369546621,0.40519206649596595,0.16167664670658682,0.16167664670658682,0.7279726261762189,0.5229730325740407,0.38357411659128204,0.8699743370402053,53,48,0.9056603773584906,1031,1,0.0009699321047526673,0.1,3,0.0,0,0.08235294117647059,32,0.7104377104377104,381,0.8596730245231607,753,1.155391767514624,0.42727887974289486,0.08006127371444716
v00_hard_no_rubric,43,human_entropy_band,low,1485,0.4740740740740741,0.47754063032533567,0.1494949494949495,0.1494949494949495,0.5858585858585859,0.362045803354684,0.32696987670474364,0.8531986531986532,23,21,0.9130434782608695,1296,3,0.0023148148148148147,0.0,1,0.05263157894736842,4,0.1144578313253012,66,0.600924499229584,684,0.7109737248840804,730,2.0025865218403727,0.37447353180338017,0.06244067566087129
v00_hard_no_rubric,43,subject,Applied Economics,55,0.34545454545454546,0.37200123748842306,0.16363636363636364,0.16363636363636364,0.6909090909090909,0.3947479408649461,0.32748538011695916,0.9454545454545454,0,0,nan,53,0,0.0,nan,0,nan,0,0.0,1,0.5925925925925926,20,0.8461538461538461,34,1.4964313196337997,0.3766462358106251,0.059086680464252
v00_hard_no_rubric,43,subject,Aquaculture,143,0.34965034965034963,0.36305715574582875,-0.027972027972027972,0.027972027972027972,0.6643356643356644,0.5086241506866724,0.527533039647577,0.9020979020979021,0,0,nan,129,0,0.0,nan,0,nan,0,0.2857142857142857,8,0.7058823529411765,67,0.7051282051282052,68,1.249107096599095,0.3572261868885078,0.04758835800916927
v00_hard_no_rubric,43,subject,Automation,47,0.23404255319148937,0.2669439125727777,0.14893617021276595,0.14893617021276595,0.8085106382978723,0.5665219624886119,0.4112011790714811,0.9361702127659575,1,1,1.0,44,0,0.0,nan,0,0.0,0,0.0,0,0.5555555555555556,9,0.9428571428571428,38,1.697555216225892,0.2706849921268211,0.0467063168886968
v00_hard_no_rubric,43,subject,Basic Medicine,159,0.6792452830188679,0.6671379554291628,0.4779874213836478,0.4779874213836478,0.5849056603773585,0.2999321859842407,0.11823264693849722,0.7735849056603774,13,13,1.0,124,1,0.008064516129032258,0.0,0,0.0,1,0.09090909090909091,4,0.6181818181818182,60,0.8260869565217391,94,2.7839493374816042,0.560722330517256,0.13343868501733394
v00_hard_no_rubric,43,subject,Biology,130,0.46153846153846156,0.4633476577220867,0.09230769230769231,0.09230769230769231,0.5692307692307692,0.3524731678690616,0.35194416749750745,0.8846153846153846,3,2,0.6666666666666666,119,0,0.0,nan,0,0.0,0,0.0,5,0.5535714285714286,59,0.6825396825396826,66,2.004217177526405,0.4544860972056332,0.06576408925729371
v00_hard_no_rubric,43,subject,Business Administration,123,0.8373983739837398,0.8493872914696401,0.4634146341463415,0.4634146341463415,0.4796747967479675,0.19668713738502028,0.11704798613812362,0.6747967479674797,19,18,0.9473684210526315,87,0,0.0,0.0,0,0.0,0,0.058823529411764705,7,0.6451612903225806,53,0.6785714285714286,63,3.077920544490081,0.6795732674589656,0.16140299325480126
v00_hard_no_rubric,43,subject,Chemistry,140,0.4,0.4381881805892459,0.1,0.1,0.6285714285714286,0.4243903559340373,0.4460929772502472,0.8785714285714286,1,0,0.0,124,0,0.0,nan,0,1.0,1,0.0,2,0.660377358490566,65,0.7323943661971831,72,1.4029900411217646,0.36887691464867395,0.058816033216712894
v00_hard_no_rubric,43,subject,Chinese,84,0.38095238095238093,0.41529635049894853,0.19047619047619047,0.19047619047619047,0.7142857142857143,0.5561315408993751,0.4871794871794872,0.8452380952380952,2,2,1.0,71,1,0.014084507042253521,nan,0,0.0,1,0.45454545454545453,9,0.6,26,0.9444444444444444,48,1.3911543190955742,0.3583628922015911,0.06512981644858389
v00_hard_no_rubric,43,subject,Clinical Medicine,64,0.21875,0.21991854138665587,0.03125,0.03125,0.78125,0.6969360134647993,0.666914498141264,0.921875,0,0,nan,59,0,0.0,nan,0,nan,0,0.0,0,0.8695652173913043,31,0.8333333333333334,33,0.7978150844919305,0.22319186471320804,0.02865477709046877
v00_hard_no_rubric,43,subject,Computer Science,95,0.37894736842105264,0.3883352714685032,0.0,0.0,0.6947368421052632,0.48315781127040064,0.3819277108433735,0.8947368421052632,2,2,1.0,88,0,0.0,0.0,0,nan,0,0.0,3,0.7407407407407407,39,0.7540983606557377,53,1.2198379800590398,0.347024526866053,0.06337751984582249
v00_hard_no_rubric,43,subject,Crop Science,98,0.45918367346938777,0.45889969283777643,0.23469387755102042,0.23469387755102042,0.6326530612244898,0.5421324371818047,0.4077771939043615,0.7959183673469388,4,4,1.0,80,0,0.0,0.0,0,0.0,0,0.0,2,0.7096774193548387,46,0.8163265306122449,50,1.6653163989361692,0.390572082459561,0.07222449882768758
v00_hard_no_rubric,43,subject,English,95,0.3368421052631579,0.35319210477855045,0.10526315789473684,0.10526315789473684,0.7052631578947368,0.5061680494257759,0.44460684010523244,0.8947368421052632,1,1,1.0,86,0,0.0,nan,0,0.0,0,0.0,1,0.7352941176470589,41,0.8076923076923077,53,1.2407962637615566,0.33254985264532266,0.04995439499642629
v00_hard_no_rubric,43,subject,General Pedagogy,91,0.4835164835164835,0.46067445967852344,-0.06593406593406594,0.06593406593406594,0.6153846153846154,0.45025116520687014,0.36818851251840945,0.7692307692307693,2,2,1.0,79,1,0.012658227848101266,0.0,0,0.0,1,0.2,12,0.6666666666666666,42,0.6976744186046512,36,1.516109945827676,0.3876083250974568,0.06937393418442052
v00_hard_no_rubric,43,subject,Geography,72,0.4027777777777778,0.3870061855723702,0.2916666666666667,0.2916666666666667,0.6666666666666666,0.4027789650975542,0.3021868787276343,0.9027777777777778,1,1,1.0,66,0,0.0,nan,0,0.0,0,0.0,1,0.4444444444444444,17,0.9230769230769231,54,1.4935381168000725,0.3452303742938103,0.05716823155578484
v00_hard_no_rubric,43,subject,History,173,0.4624277456647399,0.47302346296577275,0.19653179190751446,0.19653179190751446,0.6184971098265896,0.41220039086451443,0.4201005605964284,0.861271676300578,6,5,0.8333333333333334,152,0,0.0,1.0,2,0.0,0,0.13333333333333333,8,0.5074626865671642,58,0.8235294117647058,105,1.7765255257484587,0.4205762737909219,0.07346860305290857
v00_hard_no_rubric,43,subject,Law,52,0.4807692307692308,0.5412672651703022,0.25,0.25,0.6153846153846154,0.3859805941746559,0.32309746328437916,0.8461538461538461,3,2,0.6666666666666666,44,0,0.0,nan,0,0.0,0,0.0,1,0.5714285714285714,18,0.8,33,1.633037370858184,0.49443236844249766,0.09070672748102925
v00_hard_no_rubric,43,subject,Literature and Art,143,0.35664335664335667,0.3645437406753594,0.14685314685314685,0.14685314685314685,0.6923076923076923,0.5218153222803993,0.41383570105003087,0.8881118881118881,2,2,1.0,131,0,0.0,0.0,0,nan,0,0.0,4,0.5625,47,0.8674698795180723,92,1.3760061365081147,0.34475841094022813,0.05398658348662205
v00_hard_no_rubric,43,subject,Mathematics,158,0.5126582278481012,0.5165137542201622,0.17088607594936708,0.17088607594936708,0.6139240506329114,0.4203248445925788,0.3539987241199327,0.7974683544303798,7,5,0.7142857142857143,132,1,0.007575757575757576,0.3333333333333333,2,0.0,0,0.05263157894736842,9,0.5652173913043478,55,0.8023255813953488,92,1.6273555551703314,0.4103768128439362,0.08141375081629373
v00_hard_no_rubric,43,subject,Military Science,86,0.32558139534883723,0.3464079323131574,0.20930232558139536,0.20930232558139536,0.7325581395348837,0.4511027379676389,0.43906625472021976,0.9302325581395349,0,0,nan,77,0,0.0,nan,0,nan,0,0.3333333333333333,3,0.5555555555555556,21,0.9,62,1.6048144787683658,0.3206868313751594,0.05527068843562599
v00_hard_no_rubric,43,subject,Physical Education,66,0.36363636363636365,0.418077509143578,0.21212121212121213,0.21212121212121213,0.6818181818181818,0.46976566733173675,0.45000000000000007,0.8939393939393939,1,1,1.0,59,0,0.0,nan,0,0.0,0,0.16666666666666666,2,0.35294117647058826,14,0.9047619047619048,50,1.7506957083747148,0.49293811309721713,0.07776945293125853
v00_hard_no_rubric,43,subject,Physics,171,0.2982456140350877,0.33931757205056157,0.05263157894736842,0.05263157894736842,0.7134502923976608,0.5560344445372766,0.5690721649484536,0.9239766081871345,0,0,nan,156,0,0.0,nan,0,nan,0,0.26666666666666666,6,0.6984126984126984,72,0.7956989247311828,93,1.2866441100767663,0.3197933112097103,0.04500961821304186
v00_hard_no_rubric,43,subject,Psychology,124,0.3790322580645161,0.4109279890867067,0.04032258064516129,0.04032258064516129,0.6774193548387096,0.3737440838935915,0.310875512995896,0.9435483870967742,2,2,1.0,120,0,0.0,0.0,0,nan,0,0.0,3,0.7142857142857143,64,0.6842105263157895,57,1.3489887927988957,0.3560402486729518,0.05817957762111396
v00_hard_no_rubric,43,subject,Public Administration,119,0.3697478991596639,0.36005422940426896,0.0,0.0,0.6554621848739496,0.44074141613746276,0.41286757450167755,0.8907563025210085,0,0,nan,110,0,0.0,nan,0,nan,0,0.0,4,0.6956521739130435,56,0.71875,59,1.31577802433746,0.3503149640698763,0.05085154482481343
v00_hard_no_rubric,43,subject,Sociology,36,0.5277777777777778,0.5627686433653764,0.1388888888888889,0.1388888888888889,0.5277777777777778,0.4038613946464493,0.34905660377358494,0.75,1,1,1.0,28,0,0.0,nan,0,0.0,0,0.0,1,0.7692307692307693,23,0.6,12,2.050015929680808,0.5283248193619234,0.09334542228760846
v00_hard_no_rubric,43,subject,Theoretical Economics,130,0.46153846153846156,0.4493329953273274,0.2153846153846154,0.2153846153846154,0.6230769230769231,0.4248080135121771,0.3259486212585435,0.8384615384615385,5,5,1.0,109,0,0.0,nan,0,0.0,0,0.0625,2,0.7021276595744681,62,0.7580645161290323,66,1.3679068637352432,0.3690576213571868,0.06473489983905642
v00_hard_no_rubric,44,language,en,1341,0.4190902311707681,0.4339834799585732,0.21029082774049218,0.21029082774049218,0.6778523489932886,0.3979134833713681,0.29501636200679493,0.8799403430275914,46,41,0.8913043478260869,1198,2,0.001669449081803005,0.0,0,0.0,3,0.030927835051546393,27,0.5268817204301075,369,0.8595641646489104,942,1.4763782979336715,0.36293901691048863,0.06789086831286001
v00_hard_no_rubric,44,language,zh,1313,0.4242193450114242,0.44715117942906224,0.15765422696115766,0.15765422696115766,0.6367098248286367,0.4571775778582699,0.40871010673709485,0.8606245239908606,30,25,0.8333333333333334,1129,0,0.0,0.0,0,0.0,0,0.18181818181818182,60,0.6986062717770035,659,0.7333333333333333,594,1.3260551829601046,0.3823168262474495,0.0654031210356262
v00_hard_no_rubric,44,metric_group,Factual & Reasoning Accuracy,788,0.4581218274111675,0.47507451839851256,0.24238578680203046,0.24238578680203046,0.6751269035532995,0.3555326038409898,0.24016338439095553,0.8769035532994924,33,32,0.9696969696969697,701,0,0.0,0.0,0,0.0,0,0.07407407407407407,19,0.47959183673469385,194,0.8594059405940594,575,1.4134677109883627,0.38444978230691373,0.07887520323733792
v00_hard_no_rubric,44,metric_group,Pedagogical Application,714,0.48739495798319327,0.4908399165394062,0.226890756302521,0.226890756302521,0.5840336134453782,0.4131496588704441,0.3814147642247151,0.8011204481792717,24,17,0.7083333333333334,574,1,0.0017421602787456446,0.0,0,0.0,2,0.1206896551724138,36,0.7055214723926381,393,0.6975806451612904,283,1.5296486285508828,0.4229597230768633,0.0713870624690685
v00_hard_no_rubric,44,metric_group,Scenario Adaptability,1152,0.3559027777777778,0.38564489957260556,0.11805555555555555,0.11805555555555555,0.6909722222222222,0.47183107034512306,0.41668397780217825,0.9088541666666666,19,17,0.8947368421052632,1052,1,0.0009505703422053232,0.0,0,0.0,1,0.16049382716049382,32,0.6438679245283019,441,0.8121019108280255,678,1.3150625657217974,0.3331107151086268,0.05537493886578584
v00_hard_no_rubric,44,original_label,1,24,3.25,3.132783694830607,3.25,3.25,0.0,nan,0.0,0.0,24,22,0.9166666666666666,0,0,nan,0.0,0,nan,0,nan,2,nan,14,nan,8,6.315363440433068,1.5083188667546263,0.6952050403167586
v00_hard_no_rubric,44,original_label,2,52,2.3461538461538463,2.2684026171981224,2.3461538461538463,2.3461538461538463,0.0,nan,0.0,0.0,52,44,0.8461538461538461,0,0,nan,nan,0,0.0,0,nan,8,nan,18,nan,26,6.040666634507047,1.452326814981697,0.4937362656770762
v00_hard_no_rubric,44,original_label,3,251,1.1673306772908367,1.1041487784414257,1.159362549800797,1.159362549800797,0.12350597609561753,nan,0.0,0.12350597609561753,0,0,nan,0,0,nan,nan,0,nan,1,0.12350597609561753,31,nan,146,nan,73,2.907411374639804,0.927739211817618,0.1804130767138387
v00_hard_no_rubric,44,original_label,4,946,0.3699788583509514,0.33903536778667165,0.28964059196617337,0.28964059196617337,0.63107822410148,nan,0.0,0.9608879492600423,0,0,nan,946,1,0.0010570824524312897,nan,0,nan,1,nan,36,0.63107822410148,597,nan,312,1.3700551872069502,0.3699485636629672,0.05046429371004207
v00_hard_no_rubric,44,original_label,5,1381,0.1998551774076756,0.27376451783459765,-0.1998551774076756,0.1998551774076756,0.8088341781317886,nan,0.0,0.9920347574221579,0,0,nan,1381,1,0.000724112961622013,nan,0,nan,1,nan,10,nan,253,0.8088341781317886,1117,0.8902374388548477,0.21298239244555975,0.030075192932396085
v00_hard_no_rubric,44,human_entropy_band,zero,1169,0.38152266894781867,0.4119248548917654,0.19503849443969204,0.19503849443969204,0.7356715141146278,0.5049193175133689,0.35110674909798834,0.8768177929854577,53,48,0.9056603773584906,1031,1,0.0009699321047526673,0.0,0,0.0,1,0.11764705882352941,30,0.7003367003367004,355,0.8746594005449592,783,0.9620438745192099,0.40750823945045295,0.07794028844009097
v00_hard_no_rubric,44,human_entropy_band,low,1485,0.4531986531986532,0.4629907002332201,0.17575757575757575,0.17575757575757575,0.5959595959595959,0.39324201293119837,0.37300279990822593,0.8653198653198653,23,18,0.782608695652174,1296,1,0.0007716049382716049,0.0,0,0.0,2,0.12650602409638553,57,0.5993836671802774,673,0.7341576506955177,753,1.7483531740354978,0.3449872610251091,0.057780306492159
v00_hard_no_rubric,44,subject,Applied Economics,55,0.32727272727272727,0.3757292394484249,0.2545454545454545,0.2545454545454545,0.6909090909090909,0.45814827360064925,0.390919158361019,0.9636363636363636,0,0,nan,53,0,0.0,nan,0,nan,0,0.0,0,0.5185185185185185,17,0.9230769230769231,38,1.419861331118765,0.3726265914873339,0.05747952741500401
v00_hard_no_rubric,44,subject,Aquaculture,143,0.34965034965034963,0.34446251032204656,-0.055944055944055944,0.055944055944055944,0.6643356643356644,0.5162636339274322,0.5495274763738187,0.9090909090909091,0,0,nan,129,0,0.0,nan,0,nan,0,0.42857142857142855,11,0.6862745098039216,65,0.6923076923076923,67,1.0838002519915346,0.3143459629945858,0.04307169155303924
v00_hard_no_rubric,44,subject,Automation,47,0.2127659574468085,0.2715538732093887,0.1702127659574468,0.1702127659574468,0.851063829787234,0.5958053457722792,0.36959761549925485,0.9361702127659575,1,1,1.0,44,0,0.0,nan,0,0.0,0,0.0,0,0.6666666666666666,8,0.9714285714285714,39,1.392030396603054,0.24018719941045316,0.04243309995430817
v00_hard_no_rubric,44,subject,Basic Medicine,159,0.6163522012578616,0.6099641461785543,0.49056603773584906,0.49056603773584906,0.5911949685534591,0.43641686425507126,0.2623365668494305,0.7861635220125787,13,12,0.9230769230769231,124,0,0.0,0.0,0,0.0,0,0.045454545454545456,2,0.6181818181818182,65,0.855072463768116,92,2.03922960684727,0.5089453281107266,0.11561613344115315
v00_hard_no_rubric,44,subject,Biology,130,0.4461538461538462,0.4536819879291881,0.15384615384615385,0.15384615384615385,0.5846153846153846,0.3760733647655874,0.3927737326555846,0.8846153846153846,3,1,0.3333333333333333,119,0,0.0,nan,0,0.0,0,0.0,6,0.5,49,0.7619047619047619,75,1.5998329018993083,0.39215507483900647,0.05897203135439297
v00_hard_no_rubric,44,subject,Business Administration,123,0.7642276422764228,0.7652172932439278,0.5528455284552846,0.5528455284552846,0.5203252032520326,0.34939925128461524,0.2343339327707843,0.6910569105691057,19,17,0.8947368421052632,87,0,0.0,0.0,0,0.0,0,0.0,4,0.6129032258064516,48,0.8035714285714286,71,2.40317496209421,0.6643858900746964,0.14967503036878654
v00_hard_no_rubric,44,subject,Chemistry,140,0.44285714285714284,0.45279956637997204,0.08571428571428572,0.08571428571428572,0.6214285714285714,0.37449104705846825,0.38025675077467913,0.8642857142857143,1,0,0.0,124,1,0.008064516129032258,nan,0,0.0,1,0.2,9,0.5849056603773585,53,0.7464788732394366,77,1.2703207453623466,0.32102463059786757,0.056076082069641195
v00_hard_no_rubric,44,subject,Chinese,84,0.39285714285714285,0.4084831828881233,0.27380952380952384,0.27380952380952384,0.7023809523809523,0.4881929231882979,0.41758241758241754,0.8809523809523809,2,2,1.0,71,0,0.0,nan,0,0.0,0,0.45454545454545453,7,0.6,26,0.9166666666666666,51,1.365788393043423,0.35377222451532553,0.06575714692871965
v00_hard_no_rubric,44,subject,Clinical Medicine,64,0.1875,0.2242195432578773,0.0,0.0,0.8125,0.75478076960244,0.7140729709605361,0.921875,0,0,nan,59,0,0.0,nan,0,nan,0,0.0,0,0.9565217391304348,33,0.8333333333333334,31,0.8990784757555746,0.22021130354054852,0.029691723696522197
v00_hard_no_rubric,44,subject,Computer Science,95,0.3157894736842105,0.40284476582498197,0.021052631578947368,0.021052631578947368,0.7684210526315789,0.5524945493989992,0.4121546961325967,0.9368421052631579,2,2,1.0,88,1,0.011363636363636364,0.0,0,nan,1,0.6,4,0.7407407407407407,32,0.819672131147541,58,1.0654843207016453,0.3114506645013721,0.06150592184416452
v00_hard_no_rubric,44,subject,Crop Science,98,0.45918367346938777,0.45776171750814054,0.29591836734693877,0.29591836734693877,0.6224489795918368,0.5494043412439813,0.4659183341467382,0.826530612244898,4,3,0.75,80,0,0.0,0.0,0,0.0,1,0.07142857142857142,2,0.5806451612903226,37,0.8571428571428571,58,1.4690712470811018,0.38102209209004423,0.07345438243864626
v00_hard_no_rubric,44,subject,English,95,0.30526315789473685,0.3284875024591753,0.15789473684210525,0.15789473684210525,0.7263157894736842,0.545184506554583,0.5179063360881544,0.9052631578947369,1,0,0.0,86,0,0.0,nan,0,0.0,0,0.0,1,0.7058823529411765,36,0.8653846153846154,58,1.109711156090125,0.3138820941073633,0.04662200688220993
v00_hard_no_rubric,44,subject,General Pedagogy,91,0.4725274725274725,0.48684386079549735,0.0989010989010989,0.0989010989010989,0.6043956043956044,0.39134950069065233,0.30863121185701825,0.8241758241758241,2,2,1.0,79,0,0.0,0.0,0,0.0,0,0.0,4,0.6944444444444444,46,0.6976744186046512,41,1.2930375479934726,0.3497932690211776,0.06647237765512207
v00_hard_no_rubric,44,subject,Geography,72,0.3333333333333333,0.36500776019827025,0.2777777777777778,0.2777777777777778,0.7222222222222222,0.5123204321138858,0.4049586776859504,0.9166666666666666,1,1,1.0,66,0,0.0,nan,0,0.0,0,0.0,0,0.5555555555555556,20,0.9487179487179487,52,1.2886372690609234,0.30527378022111734,0.050113992718539405
v00_hard_no_rubric,44,subject,History,173,0.49710982658959535,0.4480081339307725,0.18497109826589594,0.18497109826589594,0.6011560693641619,0.3446164960341586,0.2557199661039047,0.8497109826589595,6,6,1.0,152,0,0.0,0.0,0,0.0,0,0.13333333333333333,9,0.5522388059701493,66,0.7647058823529411,98,1.3959222461883312,0.3835914404874956,0.06848609942746911
v00_hard_no_rubric,44,subject,Law,52,0.5384615384615384,0.5276344312033852,0.23076923076923078,0.23076923076923078,0.5961538461538461,0.3040983343440578,0.1978537894030853,0.8269230769230769,3,3,1.0,44,0,0.0,nan,0,0.0,0,0.0,1,0.5714285714285714,19,0.7666666666666667,32,1.5966785159860708,0.5066945221372409,0.09613429181485161
v00_hard_no_rubric,44,subject,Literature and Art,143,0.3146853146853147,0.34148616185313174,0.06293706293706294,0.06293706293706294,0.7272727272727273,0.5613204090173739,0.43860602766201606,0.916083916083916,2,2,1.0,131,0,0.0,0.0,0,nan,0,0.0,0,0.8125,67,0.7831325301204819,76,1.1994180841152138,0.28183879101665854,0.046653947757501694
v00_hard_no_rubric,44,subject,Mathematics,158,0.5126582278481012,0.5166786829208142,0.2848101265822785,0.2848101265822785,0.6075949367088608,0.3973636756913803,0.28224683334438627,0.8354430379746836,7,7,1.0,132,0,0.0,0.0,0,0.0,0,0.10526315789473684,4,0.5217391304347826,55,0.813953488372093,99,1.492410979867148,0.39309472773932774,0.07774340701004695
v00_hard_no_rubric,44,subject,Military Science,86,0.3953488372093023,0.39474374365660647,0.16279069767441862,0.16279069767441862,0.686046511627907,0.39255206289787176,0.3292167695807605,0.8604651162790697,0,0,nan,77,0,0.0,nan,0,nan,0,0.1111111111111111,5,0.5185185185185185,21,0.88,60,1.7615126023898022,0.393128784646124,0.06647741805545139
v00_hard_no_rubric,44,subject,Physical Education,66,0.5151515151515151,0.5362205930207243,0.06060606060606061,0.06060606060606061,0.5303030303030303,0.19763959939998646,0.21334922526817635,0.8939393939393939,1,1,1.0,59,0,0.0,nan,0,0.0,0,0.0,0,0.47058823529411764,28,0.6428571428571429,38,1.341339196773348,0.48924342101934637,0.07621605102323041
v00_hard_no_rubric,44,subject,Physics,171,0.22807017543859648,0.30937821029158113,0.08771929824561403,0.08771929824561403,0.7953216374269005,0.6406696449042774,0.6389001213101496,0.9415204678362573,0,0,nan,156,0,0.0,nan,0,nan,0,0.4,7,0.7619047619047619,64,0.8817204301075269,100,1.1030045667236381,0.2460512387239893,0.03622584101553406
v00_hard_no_rubric,44,subject,Psychology,124,0.3548387096774194,0.41936967543041476,0.14516129032258066,0.14516129032258066,0.6854838709677419,0.40326805633998103,0.3981625931703934,0.967741935483871,2,1,0.5,120,0,0.0,0.0,0,nan,0,0.0,1,0.6507936507936508,55,0.7719298245614035,68,1.2627985649340485,0.337001409174419,0.0565119348485004
v00_hard_no_rubric,44,subject,Public Administration,119,0.35294117647058826,0.36883092223962455,0.13445378151260504,0.13445378151260504,0.6554621848739496,0.4938623300669353,0.4784860557768925,0.8991596638655462,0,0,nan,110,0,0.0,nan,0,nan,0,0.0,3,0.5217391304347826,42,0.84375,74,1.1285424965471211,0.33718234904374916,0.04608658973368245
v00_hard_no_rubric,44,subject,Sociology,36,0.6388888888888888,0.6262293004437159,0.1388888888888889,0.1388888888888889,0.4444444444444444,0.2772769933541699,0.2983870967741935,0.6944444444444444,1,0,0.0,28,0,0.0,nan,0,0.0,0,0.0,4,0.5384615384615384,17,0.6,15,1.806846289750073,0.518640365400096,0.09259870991489479
v00_hard_no_rubric,44,subject,Theoretical Economics,130,0.43846153846153846,0.48650707679735744,0.2230769230769231,0.2230769230769231,0.6615384615384615,0.4425540233655532,0.3157894736842105,0.8307692307692308,5,5,1.0,109,0,0.0,nan,0,0.0,0,0.0625,3,0.7446808510638298,59,0.8064516129032258,68,1.2850104283732335,0.42412196353879844,0.07822991538192348
v01_soft_no_rubric,42,language,en,1341,0.43400447427293065,0.5020972115640381,0.16554809843400448,0.16554809843400448,0.6554809843400448,0.3755376835553166,0.27729022821621396,0.8873974645786726,46,46,1.0,1198,2,0.001669449081803005,0.0,0,0.0,2,0.030927835051546393,12,0.5833333333333334,462,0.7978208232445521,865,1.1163613685955198,0.30433612729245624,0.0600584043058188
v01_soft_no_rubric,42,language,zh,1313,0.43945163747143945,0.48409925167190887,0.09367859862909368,0.09367859862909368,0.6268088347296268,0.44003554814156004,0.3740649548873901,0.853008377760853,30,26,0.8666666666666667,1129,7,0.006200177147918512,0.0,3,0.0,5,0.15584415584415584,54,0.7439024390243902,728,0.6702702702702703,523,1.0835165630453418,0.3323448982796168,0.06005934734237074
v01_soft_no_rubric,42,metric_group,Factual & Reasoning Accuracy,788,0.4733502538071066,0.5421003603020305,0.15862944162436549,0.15862944162436549,0.6586294416243654,0.35737184131937944,0.22779138436183854,0.8730964467005076,33,31,0.9393939393939394,701,5,0.007132667617689016,0.0,1,0.0,4,0.018518518518518517,12,0.5969387755102041,258,0.7940594059405941,513,1.1276021842742525,0.34310864770827504,0.07371953704770803
v01_soft_no_rubric,42,metric_group,Pedagogical Application,714,0.49299719887955185,0.5326622135417551,0.16526610644257703,0.16526610644257703,0.572829131652661,0.38400837631172413,0.34749828649760106,0.8053221288515406,24,22,0.9166666666666666,574,0,0.0,0.0,0,0.0,0,0.14655172413793102,35,0.7515337423312883,445,0.592741935483871,234,1.219460413534866,0.3585353868221397,0.06436269622716285
v01_soft_no_rubric,42,metric_group,Scenario Adaptability,1152,0.3767361111111111,0.43527671333834916,0.08854166666666667,0.08854166666666667,0.671875,0.44761460724591995,0.39066715812753416,0.9088541666666666,19,19,1.0,1052,4,0.0038022813688212928,0.0,2,0.0,3,0.1111111111111111,19,0.6650943396226415,487,0.7691082802547771,641,1.0073373143169448,0.2761455881555487,0.04804712060316629
v01_soft_no_rubric,42,original_label,1,24,3.4166666666666665,3.2882247966354803,3.4166666666666665,3.4166666666666665,0.0,nan,0.0,0.0,24,23,0.9583333333333334,0,0,nan,0.0,0,nan,0,nan,1,nan,12,nan,11,5.4499270555287,1.4271403556593463,0.7221139633172834
v01_soft_no_rubric,42,original_label,2,52,2.3076923076923075,2.2389920469172817,2.3076923076923075,2.3076923076923075,0.0,nan,0.0,0.0,52,49,0.9423076923076923,0,0,nan,nan,0,0.0,0,nan,3,nan,30,nan,19,5.689636429224903,1.3602543745242566,0.47150516250705476
v01_soft_no_rubric,42,original_label,3,251,1.1235059760956174,1.0461975505160548,1.1075697211155378,1.1075697211155378,0.10756972111553785,nan,0.0,0.10756972111553785,0,0,nan,0,0,nan,nan,1,nan,0,0.10756972111553785,27,nan,166,nan,57,2.4691025636223682,0.8029437217658207,0.1552536530558948
v01_soft_no_rubric,42,original_label,4,946,0.32558139534883723,0.3305686739315499,0.2452431289640592,0.2452431289640592,0.6807610993657506,nan,0.0,0.9661733615221987,0,0,nan,946,5,0.005285412262156448,nan,1,nan,4,nan,27,0.6807610993657506,644,nan,270,0.9691132660386014,0.255059082113848,0.036103448419099814
v01_soft_no_rubric,42,original_label,5,1381,0.2657494569152788,0.3897727341599314,-0.2657494569152788,0.2657494569152788,0.7465604634322954,nan,0.0,0.9913106444605359,0,0,nan,1381,4,0.002896451846488052,nan,1,nan,3,nan,8,nan,338,0.7465604634322954,1031,0.6926231757936356,0.21482565987423155,0.03216850872060543
v01_soft_no_rubric,42,human_entropy_band,zero,1169,0.40975192472198463,0.4852988559036623,0.12917023096663816,0.12917023096663816,0.7040205303678357,0.4883234867970351,0.3299257758663633,0.8699743370402053,53,51,0.9622641509433962,1031,4,0.0038797284190106693,0.0,2,0.0,3,0.058823529411764705,22,0.7474747474747475,434,0.8119891008174387,708,0.9311989355188172,0.42277264624408945,0.08021849250828225
v01_soft_no_rubric,42,human_entropy_band,low,1485,0.45791245791245794,0.4994076199334749,0.13063973063973064,0.13063973063973064,0.591919191919192,0.37412534918045726,0.3502162145505716,0.8707070707070707,23,21,0.9130434782608695,1296,5,0.0038580246913580245,0.0,1,0.0,4,0.13253012048192772,44,0.650231124807396,756,0.6723338485316847,680,1.2330816747095144,0.2358669189770909,0.044189108075726485
v01_soft_no_rubric,42,subject,Applied Economics,55,0.2545454545454545,0.3518781850927491,0.10909090909090909,0.10909090909090909,0.7636363636363637,0.5284330453996806,0.5268817204301075,0.9818181818181818,0,0,nan,53,0,0.0,nan,0,nan,0,0.5,1,0.7037037037037037,23,0.8461538461538461,31,0.969805732058299,0.21194354419886546,0.034445256769510595
v01_soft_no_rubric,42,subject,Aquaculture,143,0.3776223776223776,0.4529643238831541,-0.15384615384615385,0.15384615384615385,0.6503496503496503,0.5076436889764435,0.5016301292861158,0.8741258741258742,0,0,nan,129,0,0.0,nan,0,nan,0,0.35714285714285715,14,0.7647058823529411,73,0.6282051282051282,56,0.8846163914738872,0.284869063385865,0.04475089760983242
v01_soft_no_rubric,42,subject,Automation,47,0.3617021276595745,0.4715378680806283,0.06382978723404255,0.06382978723404255,0.7446808510638298,0.2591451264237397,0.0979483785572468,0.9148936170212766,1,1,1.0,44,0,0.0,nan,0,0.0,0,0.0,1,0.6666666666666666,11,0.8285714285714286,35,1.1647310012097907,0.2892731301297745,0.05662832505745273
v01_soft_no_rubric,42,subject,Basic Medicine,159,0.5786163522012578,0.6483462735254304,0.46540880503144655,0.46540880503144655,0.6352201257861635,0.4613036481665541,0.25847936687394013,0.7987421383647799,13,13,1.0,124,0,0.0,0.0,0,0.0,0,0.13636363636363635,3,0.6909090909090909,67,0.8695652173913043,89,1.6173612441013787,0.41921428124189236,0.10623044288335053
v01_soft_no_rubric,42,subject,Biology,130,0.45384615384615384,0.47954050010888083,0.038461538461538464,0.038461538461538464,0.5692307692307692,0.3430058751151481,0.35189446234084987,0.9153846153846154,3,3,1.0,119,0,0.0,nan,0,0.0,0,0.125,2,0.6428571428571429,72,0.5873015873015873,56,1.0423333243758603,0.2808467748428099,0.04509927388101021
v01_soft_no_rubric,42,subject,Business Administration,123,0.7804878048780488,0.83277004226674,0.45528455284552843,0.45528455284552843,0.4959349593495935,0.2921792717350146,0.17932378739035904,0.6991869918699187,19,19,1.0,87,0,0.0,0.0,0,0.0,0,0.0,1,0.7741935483870968,66,0.6607142857142857,56,1.9573421928878434,0.5545348364722328,0.1352632669226812
v01_soft_no_rubric,42,subject,Chemistry,140,0.39285714285714285,0.4584686898017529,-0.02142857142857143,0.02142857142857143,0.6428571428571429,0.4451311165852094,0.40724335591453886,0.8714285714285714,1,1,1.0,124,0,0.0,nan,0,0.0,0,0.06666666666666667,4,0.8301886792452831,81,0.6338028169014085,55,1.0163366800010967,0.2918820784398813,0.048622149810636894
v01_soft_no_rubric,42,subject,Chinese,84,0.39285714285714285,0.4584975885041927,0.27380952380952384,0.27380952380952384,0.6428571428571429,0.5715648276412364,0.5185185185185186,0.8690476190476191,2,2,1.0,71,0,0.0,nan,0,0.0,0,0.18181818181818182,2,0.6,36,0.8611111111111112,46,1.0455720205923484,0.2763356729443389,0.05305848589317901
v01_soft_no_rubric,42,subject,Clinical Medicine,64,0.3125,0.362919735720191,0.0,0.0,0.6875,0.534597504304324,0.5234549516008935,0.921875,0,0,nan,59,0,0.0,nan,0,nan,0,0.0,0,0.782608695652174,33,0.7222222222222222,31,0.7976226309509455,0.2735724184743449,0.037058818953526446
v01_soft_no_rubric,42,subject,Computer Science,95,0.43157894736842106,0.48583603174729584,-0.07368421052631578,0.07368421052631578,0.7157894736842105,0.4939482054172306,0.28759785743716515,0.8947368421052632,2,2,1.0,88,3,0.03409090909090909,0.0,3,nan,1,0.2,2,0.7037037037037037,33,0.7868852459016393,56,0.9972689099729942,0.3139635148381616,0.06630218912707486
v01_soft_no_rubric,42,subject,Crop Science,98,0.5102040816326531,0.5641059669274128,0.1836734693877551,0.1836734693877551,0.5816326530612245,0.4649939697985244,0.3732065687121867,0.7959183673469388,4,4,1.0,80,0,0.0,0.0,0,0.0,0,0.07142857142857142,4,0.6451612903225806,47,0.7346938775510204,47,1.2909522973008112,0.3516964476864767,0.07076093991231507
v01_soft_no_rubric,42,subject,English,95,0.3368421052631579,0.39980490399186813,0.18947368421052632,0.18947368421052632,0.6947368421052632,0.4899738901889922,0.4929775280898876,0.9157894736842105,1,0,0.0,86,0,0.0,nan,0,0.0,0,0.125,2,0.5882352941176471,31,0.8653846153846154,62,0.8304513008025948,0.26090057754134444,0.04041843921955364
v01_soft_no_rubric,42,subject,General Pedagogy,91,0.42857142857142855,0.48599589267617344,0.03296703296703297,0.03296703296703297,0.6263736263736264,0.4561166189978023,0.3774647887323943,0.8461538461538461,2,2,1.0,79,0,0.0,0.0,0,0.0,0,0.0,2,0.8333333333333334,56,0.627906976744186,33,1.1830685256896563,0.33526986226174094,0.06203966756648012
v01_soft_no_rubric,42,subject,Geography,72,0.375,0.4112041722942384,0.2361111111111111,0.2361111111111111,0.6388888888888888,0.431127028747875,0.5121495327102803,0.9444444444444444,1,0,0.0,66,0,0.0,nan,0,0.0,0,0.4,3,0.37037037037037035,17,0.8717948717948718,52,0.8509887857703915,0.23622879439536623,0.03366210109543263
v01_soft_no_rubric,42,subject,History,173,0.45664739884393063,0.5111800578766128,0.2138728323699422,0.2138728323699422,0.630057803468208,0.3955306648861501,0.2756998027749904,0.861271676300578,6,6,1.0,152,0,0.0,0.0,0,0.0,0,0.0,3,0.6268656716417911,73,0.788235294117647,97,1.2365417731771116,0.3371789414082684,0.0651614039570695
v01_soft_no_rubric,42,subject,Law,52,0.4423076923076923,0.5348142382785681,0.28846153846153844,0.28846153846153844,0.6923076923076923,0.42397413140197393,0.294973544973545,0.8653846153846154,3,3,1.0,44,0,0.0,nan,0,0.0,0,0.2,1,0.6428571428571429,16,0.8666666666666667,35,1.036634408747093,0.27832667930729704,0.06757496696799789
v01_soft_no_rubric,42,subject,Literature and Art,143,0.32167832167832167,0.3961376868917019,0.04195804195804196,0.04195804195804196,0.7202797202797203,0.5569068781292318,0.4815811016255409,0.916083916083916,2,2,1.0,131,0,0.0,0.0,0,nan,0,0.1,2,0.7916666666666666,66,0.7710843373493976,75,0.9780795484250917,0.28530007764828275,0.047948378611533886
v01_soft_no_rubric,42,subject,Mathematics,158,0.5569620253164557,0.5582404401943418,0.1518987341772152,0.1518987341772152,0.5632911392405063,0.39536763232460914,0.3242087254063303,0.810126582278481,7,5,0.7142857142857143,132,4,0.030303030303030304,0.0,0,0.0,4,0.05263157894736842,4,0.5434782608695652,64,0.7325581395348837,86,1.1658648443313873,0.362713512233215,0.07426754940122371
v01_soft_no_rubric,42,subject,Military Science,86,0.3372093023255814,0.41429237689908543,0.22093023255813954,0.22093023255813954,0.7093023255813954,0.49402379402900515,0.43761046306115237,0.8953488372093024,0,0,nan,77,0,0.0,nan,0,nan,0,0.1111111111111111,2,0.5185185185185185,22,0.92,62,0.9909088873846604,0.2703294201464852,0.04481165627407847
v01_soft_no_rubric,42,subject,Physical Education,66,0.5757575757575758,0.593464168000978,-0.06060606060606061,0.06060606060606061,0.4696969696969697,0.12927340997725909,0.1387900355871886,0.8939393939393939,1,1,1.0,59,0,0.0,nan,0,0.0,0,0.0,0,0.5882352941176471,36,0.5,30,1.2533686619263729,0.45220280025511367,0.07454250500459078
v01_soft_no_rubric,42,subject,Physics,171,0.29239766081871343,0.3666281343877158,0.11695906432748537,0.11695906432748537,0.7192982456140351,0.6010986365447918,0.5927494046043927,0.9005847953216374,0,0,nan,156,0,0.0,nan,0,nan,0,0.2,8,0.5873015873015873,57,0.8924731182795699,106,0.8639308384873331,0.23106241112632803,0.03399681857652638
v01_soft_no_rubric,42,subject,Psychology,124,0.4112903225806452,0.4407783019363368,0.04032258064516129,0.04032258064516129,0.6532258064516129,0.26086402394492525,0.12535714285714272,0.9596774193548387,2,2,1.0,120,0,0.0,0.0,0,nan,0,0.0,1,0.7301587301587301,68,0.6140350877192983,55,0.857416943192897,0.26029762741908363,0.04686175184329383
v01_soft_no_rubric,42,subject,Public Administration,119,0.36134453781512604,0.4332664276905345,0.09243697478991597,0.09243697478991597,0.6554621848739496,0.40528816728416517,0.42677052372655533,0.9411764705882353,0,0,nan,110,0,0.0,nan,0,nan,0,0.2222222222222222,2,0.6086956521739131,49,0.75,68,0.8230043035733872,0.27594305189758883,0.04072021143089176
v01_soft_no_rubric,42,subject,Sociology,36,0.6388888888888888,0.6463360131341587,0.08333333333333333,0.08333333333333333,0.5277777777777778,0.16992334850426563,0.07499999999999996,0.7222222222222222,1,1,1.0,28,1,0.03571428571428571,nan,0,0.0,1,0.0,1,0.8461538461538461,22,0.5333333333333333,12,1.3147674644885825,0.35033679674254053,0.07611953189607923
v01_soft_no_rubric,42,subject,Theoretical Economics,130,0.46153846153846156,0.5195508792248892,0.13846153846153847,0.13846153846153847,0.6461538461538462,0.39467823958727627,0.2466887417218544,0.823076923076923,5,5,1.0,109,1,0.009174311926605505,nan,0,0.0,1,0.0,1,0.851063829787234,71,0.7096774193548387,57,1.0946054741924305,0.366905607372347,0.06853987839475731
v01_soft_no_rubric,43,language,en,1341,0.407158836689038,0.46688911487145784,0.1372110365398956,0.1372110365398956,0.6778523489932886,0.4182531701203243,0.3463728950218483,0.8926174496644296,46,42,0.9130434782608695,1198,1,0.0008347245409015025,0.1,2,0.0,4,0.1134020618556701,26,0.6263440860215054,458,0.8038740920096852,851,1.1646361799012057,0.3017023018866706,0.059020738922201534
v01_soft_no_rubric,43,language,zh,1313,0.4127951256664128,0.46990759947095023,0.10053313023610053,0.10053313023610053,0.6405178979436406,0.4809738932901733,0.4436649062681425,0.84996191926885,30,25,0.8333333333333334,1129,0,0.0,0.14285714285714285,3,0.0,0,0.16233766233766234,68,0.735191637630662,706,0.7063063063063063,536,1.0966820245666902,0.33074557453485975,0.058145059433913446
v01_soft_no_rubric,43,metric_group,Factual & Reasoning Accuracy,788,0.4302030456852792,0.4962705013478619,0.16624365482233502,0.16624365482233502,0.6903553299492385,0.4014265705406888,0.32098656147475224,0.8883248730964467,33,30,0.9090909090909091,701,1,0.0014265335235378032,0.15,5,0.0,0,0.1111111111111111,15,0.6122448979591837,242,0.8217821782178217,526,1.200605850428569,0.3354387822203499,0.07141205856478032
v01_soft_no_rubric,43,metric_group,Pedagogical Application,714,0.4523809523809524,0.5025274382177962,0.1134453781512605,0.1134453781512605,0.6064425770308123,0.447228337120895,0.4198634041909549,0.8081232492997199,24,19,0.7916666666666666,574,0,0.0,0.0,0,0.0,3,0.21551724137931033,52,0.7852760736196319,439,0.6129032258064516,220,1.23389962130417,0.35195099618974385,0.061093766637400106
v01_soft_no_rubric,43,metric_group,Scenario Adaptability,1152,0.3697916666666667,0.4281434333319105,0.09027777777777778,0.09027777777777778,0.6710069444444444,0.4643119253466805,0.416644076985633,0.8993055555555556,19,18,0.9473684210526315,1052,0,0.0,0.0,0,0.0,1,0.06172839506172839,27,0.6580188679245284,483,0.7786624203821656,641,1.0196518018703915,0.28058416191422153,0.04826182500282122
v01_soft_no_rubric,43,original_label,1,24,2.9583333333333335,3.05930999774916,2.9583333333333335,2.9583333333333335,0.125,nan,0.0,0.125,24,21,0.875,0,0,nan,0.125,3,nan,0,nan,0,nan,13,nan,8,7.212408927802798,1.298096613539496,0.648969719113419
v01_soft_no_rubric,43,original_label,2,52,2.3076923076923075,2.2736246122732373,2.3076923076923075,2.3076923076923075,0.0,nan,0.0,0.0,52,46,0.8846153846153846,0,0,nan,nan,0,0.0,0,nan,6,nan,24,nan,22,6.216590957081568,1.378648240997503,0.4827868025904174
v01_soft_no_rubric,43,original_label,3,251,1.0756972111553784,1.0228847587096512,1.0278884462151394,1.0278884462151394,0.14342629482071714,nan,0.0,0.14342629482071714,0,0,nan,0,0,nan,nan,1,nan,4,0.14342629482071714,36,nan,156,nan,54,2.521316404593455,0.8211421111921625,0.15650175028363794
v01_soft_no_rubric,43,original_label,4,946,0.30761099365750527,0.33864764215097476,0.21458773784355178,0.21458773784355178,0.6923890063424947,nan,0.0,0.9534883720930233,0,0,nan,946,0,0.0,nan,0,nan,0,nan,44,0.6923890063424947,655,nan,247,0.9709086375024529,0.26170632040267955,0.03683293783209567
v01_soft_no_rubric,43,original_label,5,1381,0.2433019551049964,0.3434687309578927,-0.2433019551049964,0.2433019551049964,0.7646632874728457,nan,0.0,0.9934829833454019,0,0,nan,1381,1,0.000724112961622013,nan,1,nan,0,nan,8,nan,316,0.7646632874728457,1056,0.6908255487601699,0.20443653144627832,0.029460672286474462
v01_soft_no_rubric,43,human_entropy_band,zero,1169,0.3712574850299401,0.4542985409163452,0.13857998289136014,0.13857998289136014,0.7322497861420018,0.5355295529176205,0.4099193272456909,0.8733960650128315,53,46,0.8679245283018868,1031,1,0.0009699321047526673,0.15,4,0.0,0,0.09411764705882353,32,0.7542087542087542,404,0.8460490463215259,729,0.9636724203159603,0.40954784458425614,0.07649910865046397
v01_soft_no_rubric,43,human_entropy_band,low,1485,0.4404040404040404,0.47946935139176766,0.1037037037037037,0.1037037037037037,0.602020202020202,0.4068995512576755,0.39568148688046645,0.87003367003367,23,21,0.9130434782608695,1296,0,0.0,0.0,1,0.0,4,0.1686746987951807,62,0.6640986132511556,760,0.6723338485316847,658,1.2627525630668173,0.24248504772747517,0.044487418127278265
v01_soft_no_rubric,43,subject,Applied Economics,55,0.32727272727272727,0.39548541063705345,0.18181818181818182,0.18181818181818182,0.6909090909090909,0.41458821907881704,0.4173728813559322,0.9818181818181818,0,0,nan,53,0,0.0,nan,0,nan,0,0.5,1,0.5555555555555556,19,0.8461538461538461,35,1.0593154995293714,0.28106659607848533,0.04562731175171654
v01_soft_no_rubric,43,subject,Aquaculture,143,0.3706293706293706,0.4057127121766634,-0.07692307692307693,0.07692307692307693,0.6293706293706294,0.5540222266142734,0.5567058548283325,0.8531468531468531,0,0,nan,129,0,0.0,nan,0,nan,0,0.14285714285714285,11,0.6470588235294118,68,0.7051282051282052,64,0.8274687713031452,0.25291900087786423,0.03728746625676089
v01_soft_no_rubric,43,subject,Automation,47,0.2765957446808511,0.3946982639509719,0.06382978723404255,0.06382978723404255,0.7872340425531915,0.4646608047873506,0.30345800988002825,0.9361702127659575,1,1,1.0,44,0,0.0,nan,0,0.0,0,0.0,0,0.7777777777777778,13,0.8571428571428571,34,1.0829379065575335,0.22444442431783637,0.04337544153563523
v01_soft_no_rubric,43,subject,Basic Medicine,159,0.6792452830188679,0.6714819204948171,0.5031446540880503,0.5031446540880503,0.5408805031446541,0.34862002249547597,0.17945109078113997,0.7735849056603774,13,13,1.0,124,0,0.0,0.0,0,0.0,0,0.0,1,0.5454545454545454,65,0.8115942028985508,93,2.0822145954388436,0.4931422436027891,0.12000078190024072
v01_soft_no_rubric,43,subject,Biology,130,0.45384615384615384,0.4804664854052597,0.06923076923076923,0.06923076923076923,0.5769230769230769,0.34751628856656963,0.386878783612558,0.9,3,2,0.6666666666666666,119,0,0.0,nan,0,0.0,1,0.0,3,0.6071428571428571,63,0.6507936507936508,63,1.1893882628610883,0.3385410768358587,0.052508919466089335
v01_soft_no_rubric,43,subject,Business Administration,123,0.7560975609756098,0.8310778135382938,0.5121951219512195,0.5121951219512195,0.5691056910569106,0.28870213728316846,0.1681325997827383,0.6910569105691057,19,18,0.9473684210526315,87,0,0.0,0.0,0,0.0,0,0.058823529411764705,5,0.8064516129032258,51,0.7857142857142857,67,2.2875649124089565,0.5482969537734171,0.14521709908158703
v01_soft_no_rubric,43,subject,Chemistry,140,0.40714285714285714,0.4565526020935698,0.12142857142857143,0.12142857142857143,0.6214285714285714,0.43210060305902,0.4593631178707225,0.8857142857142857,1,0,0.0,124,0,0.0,nan,0,0.0,0,0.2,7,0.5660377358490566,55,0.7605633802816901,78,1.0610946193500665,0.2913937605192656,0.04978505112531843
v01_soft_no_rubric,43,subject,Chinese,84,0.42857142857142855,0.4722044621901225,0.2857142857142857,0.2857142857142857,0.6547619047619048,0.46431899350965566,0.368421052631579,0.8452380952380952,2,2,1.0,71,0,0.0,nan,0,0.0,0,0.18181818181818182,4,0.6,31,0.8888888888888888,49,1.0321522291968752,0.3273324224686788,0.060623471847212146
v01_soft_no_rubric,43,subject,Clinical Medicine,64,0.203125,0.30187757013112687,-0.046875,0.046875,0.796875,0.7214132918713758,0.7037037037037037,0.9375,0,0,nan,59,0,0.0,nan,0,nan,0,0.2,1,0.9565217391304348,34,0.7777777777777778,29,0.6297071042485789,0.2016898338880228,0.02680650327852545
v01_soft_no_rubric,43,subject,Computer Science,95,0.3157894736842105,0.41510122088723583,-0.021052631578947368,0.021052631578947368,0.7263157894736842,0.6169369568961026,0.5198555956678701,0.9157894736842105,2,2,1.0,88,0,0.0,0.0,0,nan,0,0.2,3,0.7777777777777778,41,0.7704918032786885,51,0.9316181379632233,0.314893317142898,0.056115022322501075
v01_soft_no_rubric,43,subject,Crop Science,98,0.47959183673469385,0.5413306539571276,0.11224489795918367,0.11224489795918367,0.6122448979591837,0.504274683397664,0.39125109361329835,0.7857142857142857,4,4,1.0,80,0,0.0,0.0,0,0.0,0,0.07142857142857142,5,0.7741935483870968,52,0.7142857142857143,41,1.2651941527526687,0.359455444063984,0.06894927264734459
v01_soft_no_rubric,43,subject,English,95,0.30526315789473685,0.4009911755037972,0.09473684210526316,0.09473684210526316,0.7052631578947368,0.5709150396596654,0.5688771775728297,0.9052631578947369,1,0,0.0,86,0,0.0,nan,0,0.0,0,0.0,1,0.7352941176470589,42,0.8076923076923077,52,0.905833182694839,0.2937160444495714,0.042433741999526035
v01_soft_no_rubric,43,subject,General Pedagogy,91,0.4065934065934066,0.4702253570776998,-0.12087912087912088,0.12087912087912088,0.6483516483516484,0.5413591029198969,0.4924302788844622,0.8461538461538461,2,2,1.0,79,0,0.0,0.0,0,0.0,0,0.5,12,0.7777777777777778,50,0.6046511627906976,29,1.115646985593444,0.3159511413184414,0.058654862475720784
v01_soft_no_rubric,43,subject,Geography,72,0.3333333333333333,0.37682940857850394,0.1388888888888889,0.1388888888888889,0.6805555555555556,0.5363757624445974,0.5063291139240507,0.9166666666666666,1,1,1.0,66,0,0.0,nan,0,0.0,0,0.0,0,0.6296296296296297,30,0.8205128205128205,42,0.9754338079090535,0.26182365065102914,0.03929475758007581
v01_soft_no_rubric,43,subject,History,173,0.4624277456647399,0.5091692534273126,0.17341040462427745,0.17341040462427745,0.6127167630057804,0.35812452653061777,0.40637254901960784,0.884393063583815,6,4,0.6666666666666666,152,0,0.0,1.0,1,0.0,0,0.26666666666666666,9,0.5522388059701493,64,0.7529411764705882,99,1.2424817665634376,0.34848005651026936,0.06363244641488251
v01_soft_no_rubric,43,subject,Law,52,0.4807692307692308,0.570169347337477,0.17307692307692307,0.17307692307692307,0.6538461538461539,0.35752082619470643,0.21156558533145264,0.8461538461538461,3,3,1.0,44,0,0.0,nan,0,0.0,0,0.0,0,0.8571428571428571,24,0.7333333333333333,28,1.0813382098330557,0.34173059030209685,0.07346975604077827
v01_soft_no_rubric,43,subject,Literature and Art,143,0.3006993006993007,0.36315658056021244,0.07692307692307693,0.07692307692307693,0.7342657342657343,0.6164016779407891,0.5246398786959818,0.9020979020979021,2,2,1.0,131,0,0.0,0.0,0,nan,0,0.0,2,0.75,61,0.8313253012048193,80,0.9153407594455351,0.2259606891248097,0.036102116566365944
v01_soft_no_rubric,43,subject,Mathematics,158,0.5253164556962026,0.5548738007408893,0.10759493670886076,0.10759493670886076,0.5949367088607594,0.41698047173239416,0.298143496109307,0.8164556962025317,7,6,0.8571428571428571,132,1,0.007575757575757576,0.0,1,0.0,0,0.21052631578947367,11,0.6086956521739131,65,0.7209302325581395,81,1.1630053980014323,0.3598010304498307,0.07124513546350421
v01_soft_no_rubric,43,subject,Military Science,86,0.313953488372093,0.3837458622360491,0.1511627906976744,0.1511627906976744,0.7441860465116279,0.504567398860734,0.49667826637140144,0.9069767441860465,0,0,nan,77,0,0.0,nan,0,nan,1,0.2222222222222222,3,0.6296296296296297,23,0.9,59,0.9912814069593442,0.25706794469071154,0.045443143498454804
v01_soft_no_rubric,43,subject,Physical Education,66,0.4393939393939394,0.4723238303593861,-0.015151515151515152,0.015151515151515152,0.6060606060606061,0.3401486688942039,0.339622641509434,0.9090909090909091,1,1,1.0,59,0,0.0,nan,0,0.0,0,0.16666666666666666,1,0.7058823529411765,31,0.6428571428571429,34,1.1450398772351953,0.40560134769502404,0.0644644051327548
v01_soft_no_rubric,43,subject,Physics,171,0.24561403508771928,0.3308942838503804,0.08187134502923976,0.08187134502923976,0.7602339181286549,0.6385521254059426,0.6453619909502262,0.935672514619883,0,0,nan,156,0,0.0,nan,0,nan,0,0.26666666666666666,4,0.746031746031746,71,0.8494623655913979,96,0.7989021386462144,0.19805042252904884,0.02829599614417535
v01_soft_no_rubric,43,subject,Psychology,124,0.28225806451612906,0.3922646791163953,-0.07258064516129033,0.07258064516129033,0.7338709677419355,0.48515928030369593,0.6560455192034139,0.967741935483871,2,0,0.0,120,0,0.0,1.0,2,nan,0,0.0,2,0.8253968253968254,72,0.6491228070175439,48,0.8753076155590673,0.265413603670081,0.04149806958675879
v01_soft_no_rubric,43,subject,Public Administration,119,0.3025210084033613,0.3626837536119134,0.03361344537815126,0.03361344537815126,0.7058823529411765,0.5496777011578245,0.544703987112364,0.9159663865546218,0,0,nan,110,0,0.0,nan,0,nan,0,0.1111111111111111,3,0.717391304347826,54,0.78125,62,0.7833061131006501,0.25288383147997784,0.035586330954690694
v01_soft_no_rubric,43,subject,Sociology,36,0.5277777777777778,0.5811476496756364,0.1388888888888889,0.1388888888888889,0.5277777777777778,0.406677091727027,0.3839285714285714,0.7777777777777778,1,1,1.0,28,0,0.0,nan,0,0.0,0,0.14285714285714285,2,0.6923076923076923,21,0.6,13,1.3551771737282108,0.34527562571985015,0.07176242885144493
v01_soft_no_rubric,43,subject,Theoretical Economics,130,0.4,0.4546009024048566,0.1076923076923077,0.1076923076923077,0.6923076923076923,0.527906839846208,0.4544524053224156,0.8461538461538461,5,5,1.0,109,0,0.0,nan,1,0.0,2,0.125,3,0.851063829787234,64,0.7741935483870968,60,0.9808554189917386,0.30440904462919505,0.05819713436426673
v01_soft_no_rubric,44,language,en,1341,0.42058165548098436,0.47949483754583044,0.1401938851603281,0.1401938851603281,0.6674123788217748,0.40420262350419583,0.31368935026851696,0.8866517524235645,46,43,0.9347826086956522,1198,3,0.0025041736227045075,0.0,0,0.0,3,0.12371134020618557,33,0.5940860215053764,451,0.801452784503632,854,1.1109751773284233,0.29069970133287254,0.058056598044576795
v01_soft_no_rubric,44,language,zh,1313,0.4242193450114242,0.4702838333133742,0.115003808073115,0.115003808073115,0.6313785224676314,0.4493156914392875,0.3892498877262386,0.8621477532368621,30,28,0.9333333333333333,1129,0,0.0,0.0,0,0.0,0,0.15584415584415584,47,0.7526132404181185,741,0.6720720720720721,525,1.0633758044519155,0.32624945916505665,0.05835613800125549
v01_soft_no_rubric,44,metric_group,Factual & Reasoning Accuracy,788,0.44923857868020306,0.5179983530306218,0.19289340101522842,0.19289340101522842,0.6700507614213198,0.36519023506643067,0.23667144473783475,0.8921319796954315,33,33,1.0,701,0,0.0,0.0,0,0.0,0,0.07407407407407407,6,0.6020408163265306,259,0.803960396039604,523,1.1602614452897744,0.33622115514684475,0.07177244639848755
v01_soft_no_rubric,44,metric_group,Pedagogical Application,714,0.47619047619047616,0.5110791978417336,0.14565826330532214,0.14565826330532214,0.5938375350140056,0.42159082747111726,0.37905329854640324,0.8025210084033614,24,20,0.8333333333333334,574,3,0.005226480836236934,0.0,0,0.0,3,0.22413793103448276,54,0.7300613496932515,412,0.6451612903225806,245,1.1767679557407678,0.33958002823339334,0.06195118257554914
v01_soft_no_rubric,44,metric_group,Scenario Adaptability,1152,0.3706597222222222,0.42308333406448895,0.0720486111111111,0.0720486111111111,0.6701388888888888,0.4498430115246541,0.40318136562550644,0.9071180555555556,19,18,0.9473684210526315,1052,0,0.0,0.0,0,0.0,0,0.07407407407407407,20,0.7004716981132075,521,0.7468152866242038,611,0.9822324694058425,0.2697842265249523,0.0466021484830518
v01_soft_no_rubric,44,original_label,1,24,3.4583333333333335,3.2751530527052637,3.4583333333333335,3.4583333333333335,0.0,nan,0.0,0.0,24,24,1.0,0,0,nan,0.0,0,nan,0,nan,0,nan,13,nan,11,6.434761953661218,1.4737780205365063,0.7247594428429318
v01_soft_no_rubric,44,original_label,2,52,2.3461538461538463,2.2798575416659137,2.3461538461538463,2.3461538461538463,0.0,nan,0.0,0.0,52,47,0.9038461538461539,0,0,nan,nan,0,0.0,0,nan,5,nan,24,nan,23,6.036457510892681,1.4399128391617642,0.49287056485986874
v01_soft_no_rubric,44,original_label,3,251,1.0637450199203187,1.026593254203996,1.0637450199203187,1.0637450199203187,0.14342629482071714,nan,0.0,0.14342629482071714,0,0,nan,0,0,nan,nan,0,nan,0,0.14342629482071714,36,nan,163,nan,52,2.410504427598302,0.7890367922901284,0.15376326976269647
v01_soft_no_rubric,44,original_label,4,946,0.3128964059196617,0.32884349370644717,0.23255813953488372,0.23255813953488372,0.6902748414376322,nan,0.0,0.9630021141649049,0,0,nan,946,3,0.003171247357293869,nan,0,nan,3,nan,32,0.6902748414376322,653,nan,258,0.9473063050971695,0.2475733796657184,0.035365316375758356
v01_soft_no_rubric,44,original_label,5,1381,0.2556118754525706,0.35812319551510735,-0.2556118754525706,0.2556118754525706,0.7494569152787834,nan,0.0,0.9949312092686459,0,0,nan,1381,0,0.0,nan,0,nan,0,nan,7,nan,339,0.7494569152787834,1035,0.6636579946700913,0.19963435714208677,0.028531383903387535
v01_soft_no_rubric,44,human_entropy_band,zero,1169,0.3806672369546621,0.4600456495015587,0.15483319076133448,0.15483319076133448,0.7236954662104362,0.5165630179510612,0.3565526271705054,0.8819503849443969,53,50,0.9433962264150944,1031,1,0.0009699321047526673,0.0,0,0.0,1,0.10588235294117647,20,0.7575757575757576,422,0.8337874659400545,726,0.9200417821676096,0.4105570080901657,0.07724646765578759
v01_soft_no_rubric,44,human_entropy_band,low,1485,0.45521885521885525,0.4866612027084828,0.1063973063973064,0.1063973063973064,0.5912457912457912,0.37587418912642634,0.3589460247692854,0.8686868686868687,23,21,0.9130434782608695,1296,2,0.0015432098765432098,0.0,0,0.0,2,0.16265060240963855,60,0.6594761171032357,770,0.6537867078825348,653,1.2191927950766632,0.227779593881278,0.043215075073272886
v01_soft_no_rubric,44,subject,Applied Economics,55,0.3090909090909091,0.3745929282983773,0.16363636363636364,0.16363636363636364,0.7090909090909091,0.44279292050969277,0.44444444444444453,0.9818181818181818,0,0,nan,53,0,0.0,nan,0,nan,0,0.5,1,0.5925925925925926,20,0.8461538461538461,34,0.9832742248187804,0.2482302436101466,0.04025524696676658
v01_soft_no_rubric,44,subject,Aquaculture,143,0.27972027972027974,0.3664048666122394,-0.055944055944055944,0.055944055944055944,0.7202797202797203,0.636393839052487,0.6424553069133642,0.9090909090909091,0,0,nan,129,0,0.0,nan,0,nan,0,0.2857142857142857,7,0.8235294117647058,73,0.7307692307692307,63,0.7625799241096322,0.2109481242253904,0.030750951374182683
v01_soft_no_rubric,44,subject,Automation,47,0.23404255319148937,0.2857171191680683,0.10638297872340426,0.10638297872340426,0.8085106382978723,0.573911070939733,0.4239365537130497,0.9361702127659575,1,1,1.0,44,0,0.0,nan,0,0.0,0,0.0,0,0.6666666666666666,11,0.9142857142857143,36,1.0113925875235221,0.19382156988798663,0.03671482194536588
v01_soft_no_rubric,44,subject,Basic Medicine,159,0.5974842767295597,0.6276688297265727,0.4339622641509434,0.4339622641509434,0.6037735849056604,0.43174863741648983,0.24655208996392963,0.7924528301886793,13,12,0.9230769230769231,124,0,0.0,0.0,0,0.0,0,0.13636363636363635,5,0.6545454545454545,68,0.8260869565217391,86,1.7181047580834965,0.4097692022624002,0.10415281494568451
v01_soft_no_rubric,44,subject,Biology,130,0.47692307692307695,0.5032378307834094,0.1076923076923077,0.1076923076923077,0.5692307692307692,0.32885311136227113,0.3362891307268575,0.8923076923076924,3,2,0.6666666666666666,119,1,0.008403361344537815,nan,0,0.0,1,0.125,5,0.5178571428571429,54,0.6984126984126984,70,1.1289458765321627,0.32575248000499535,0.05349956349849737
v01_soft_no_rubric,44,subject,Business Administration,123,0.8292682926829268,0.8186737586364375,0.5203252032520326,0.5203252032520326,0.4715447154471545,0.22106827921798042,0.12673056443024489,0.6991869918699187,19,19,1.0,87,0,0.0,0.0,0,0.0,0,0.058823529411764705,3,0.5806451612903226,54,0.6964285714285714,66,2.03117792723755,0.5778984576748538,0.1406089044214097
v01_soft_no_rubric,44,subject,Chemistry,140,0.4142857142857143,0.47784873182677073,0.02857142857142857,0.02857142857142857,0.6285714285714286,0.4217325229579079,0.42271442035815276,0.8571428571428571,1,0,0.0,124,0,0.0,nan,0,0.0,0,0.13333333333333333,9,0.6792452830188679,64,0.704225352112676,67,1.0150355336002663,0.2541771326464664,0.04849837950083498
v01_soft_no_rubric,44,subject,Chinese,84,0.4166666666666667,0.45176104082570473,0.27380952380952384,0.27380952380952384,0.6666666666666666,0.4976553083566051,0.4269662921348315,0.8452380952380952,2,2,1.0,71,0,0.0,nan,0,0.0,0,0.2727272727272727,6,0.5714285714285714,28,0.9166666666666666,50,1.1009635959723847,0.3024265970579333,0.061753731447639994
v01_soft_no_rubric,44,subject,Clinical Medicine,64,0.203125,0.2950367447850297,-0.015625,0.015625,0.796875,0.7297280994943193,0.6900149031296572,0.921875,0,0,nan,59,0,0.0,nan,0,nan,0,0.0,0,0.9565217391304348,34,0.8055555555555556,30,0.6374827716584646,0.19138318906634738,0.025771742404885348
v01_soft_no_rubric,44,subject,Computer Science,95,0.43157894736842106,0.46235461624968427,-0.010526315789473684,0.010526315789473684,0.6526315789473685,0.39244129377526776,0.2731018246027076,0.9052631578947369,2,2,1.0,88,1,0.011363636363636364,0.0,0,nan,1,0.0,1,0.7037037037037037,41,0.7049180327868853,52,0.9184826258258699,0.31927899532845083,0.05831241469701329
v01_soft_no_rubric,44,subject,Crop Science,98,0.46938775510204084,0.5335429611732035,0.22448979591836735,0.22448979591836735,0.6326530612244898,0.4663040333527444,0.3560435759986166,0.8469387755102041,4,4,1.0,80,0,0.0,0.0,0,0.0,0,0.21428571428571427,3,0.7096774193548387,45,0.7551020408163265,50,1.171232020417495,0.33207689586053274,0.06899761998688624
v01_soft_no_rubric,44,subject,English,95,0.37894736842105264,0.41495488226324406,0.14736842105263157,0.14736842105263157,0.6631578947368421,0.44258648642623677,0.3929712460063898,0.8947368421052632,1,1,1.0,86,0,0.0,nan,0,0.0,0,0.0,1,0.6176470588235294,37,0.8076923076923077,57,0.8666145669793792,0.284483019328664,0.04462921402999981
v01_soft_no_rubric,44,subject,General Pedagogy,91,0.4725274725274725,0.5039278408148076,-0.03296703296703297,0.03296703296703297,0.5934065934065934,0.3906857301756394,0.3266022827041265,0.8461538461538461,2,2,1.0,79,0,0.0,0.0,0,0.0,0,0.2,6,0.7777777777777778,54,0.5581395348837209,31,1.1583181029864449,0.35149875264189345,0.06489351027175135
v01_soft_no_rubric,44,subject,Geography,72,0.4166666666666667,0.4180096799839832,0.2222222222222222,0.2222222222222222,0.6388888888888888,0.38255384962187383,0.38043478260869557,0.9027777777777778,1,0,0.0,66,1,0.015151515151515152,nan,0,0.0,1,0.0,1,0.4444444444444444,19,0.8717948717948718,51,0.8967927681420949,0.24370373675990997,0.03903824708920002
v01_soft_no_rubric,44,subject,History,173,0.4393063583815029,0.47696748433881997,0.20809248554913296,0.20809248554913296,0.6416184971098265,0.39895778772149165,0.3200449185850647,0.8901734104046243,6,6,1.0,152,0,0.0,0.0,0,0.0,0,0.13333333333333333,2,0.6567164179104478,76,0.7647058823529411,95,1.102361143029327,0.31267541861157566,0.05916627679612633
v01_soft_no_rubric,44,subject,Law,52,0.4423076923076923,0.5245023923861593,0.17307692307692307,0.17307692307692307,0.6730769230769231,0.43094625178726476,0.3557814485387547,0.8461538461538461,3,2,0.6666666666666666,44,0,0.0,nan,0,0.0,0,0.2,3,0.7142857142857143,18,0.8,31,1.2145999947096926,0.35959794480018104,0.07546395764491738
v01_soft_no_rubric,44,subject,Literature and Art,143,0.2937062937062937,0.3844914797318891,0.055944055944055944,0.055944055944055944,0.7482517482517482,0.6076903067989748,0.4733277889984554,0.9090909090909091,2,2,1.0,131,0,0.0,0.0,0,nan,0,0.0,1,0.8333333333333334,66,0.8072289156626506,76,0.9190447755397206,0.2255193080083905,0.04009864884275933
v01_soft_no_rubric,44,subject,Mathematics,158,0.5253164556962026,0.5724313900736528,0.0949367088607595,0.0949367088607595,0.5822784810126582,0.3849259078526185,0.27966868518131827,0.8291139240506329,7,7,1.0,132,0,0.0,0.0,0,0.0,0,0.10526315789473684,5,0.7608695652173914,83,0.6395348837209303,70,1.2075347477628193,0.3725361666256898,0.07517055481329989
v01_soft_no_rubric,44,subject,Military Science,86,0.4069767441860465,0.4283459075251454,0.08139534883720931,0.08139534883720931,0.6511627906976745,0.394517550633776,0.3855192124483964,0.872093023255814,0,0,nan,77,0,0.0,nan,0,nan,0,0.2222222222222222,6,0.5185185185185185,26,0.8,54,1.0286101438917492,0.27359995320348135,0.045748692815279705
v01_soft_no_rubric,44,subject,Physical Education,66,0.48484848484848486,0.5346327240267645,-0.09090909090909091,0.09090909090909091,0.5454545454545454,0.3113470097083678,0.322690992018244,0.9090909090909091,1,1,1.0,59,0,0.0,nan,0,0.0,0,0.16666666666666666,1,0.7058823529411765,36,0.5476190476190477,29,1.112127644035879,0.4046079936201924,0.06319395042742824
v01_soft_no_rubric,44,subject,Physics,171,0.23976608187134502,0.3406913385945471,0.06432748538011696,0.06432748538011696,0.7719298245614035,0.6377885789621216,0.6365311038684993,0.935672514619883,0,0,nan,156,0,0.0,nan,0,nan,0,0.26666666666666666,4,0.7936507936507936,74,0.8387096774193549,93,0.7936818325662429,0.20146113054469825,0.029199870595629528
v01_soft_no_rubric,44,subject,Psychology,124,0.3548387096774194,0.4300576633895424,0.06451612903225806,0.06451612903225806,0.6854838709677419,0.4205414453388757,0.3622982798368505,0.9596774193548387,2,2,1.0,120,0,0.0,0.0,0,nan,0,0.0,1,0.7142857142857143,65,0.7017543859649122,58,0.9266971664027547,0.276662591327934,0.04754603437240375
v01_soft_no_rubric,44,subject,Public Administration,119,0.31092436974789917,0.3812975701962475,0.058823529411764705,0.058823529411764705,0.6890756302521008,0.5500407394005749,0.5578873380861531,0.9159663865546218,0,0,nan,110,0,0.0,nan,0,nan,0,0.1111111111111111,3,0.6521739130434783,51,0.796875,65,0.8280947499944881,0.2610352705947573,0.03828015106444782
v01_soft_no_rubric,44,subject,Sociology,36,0.4722222222222222,0.5708368597138865,0.08333333333333333,0.08333333333333333,0.5555555555555556,0.4840561198620797,0.4722222222222222,0.8333333333333334,1,1,1.0,28,0,0.0,nan,0,0.0,0,0.2857142857142857,2,0.7692307692307693,23,0.5333333333333333,11,1.3046738800847875,0.35633659263164363,0.06725360414785869
v01_soft_no_rubric,44,subject,Theoretical Economics,130,0.47692307692307695,0.5228977281839748,0.1076923076923077,0.1076923076923077,0.6,0.40482109969328267,0.3141486810551558,0.823076923076923,5,5,1.0,109,0,0.0,nan,0,0.0,0,0.0625,4,0.7659574468085106,72,0.6612903225806451,54,1.090610145389325,0.36330181817286106,0.06694691338552781
v10_hard_raw_rubric,42,language,en,1341,0.41834451901565994,0.429247265634533,0.1528709917971663,0.1528709917971663,0.6726323639075317,0.4234132926360998,0.3514411696603926,0.8732289336316182,46,40,0.8695652173913043,1198,2,0.001669449081803005,0.0,0,0.0,3,0.13402061855670103,57,0.532258064516129,386,0.8365617433414043,895,1.8551343369211442,0.3944093574826795,0.07187448651565553
v10_hard_raw_rubric,42,language,zh,1313,0.4265041888804265,0.4378584050801211,0.11424219345011424,0.11424219345011424,0.6306169078446306,0.45560104856520145,0.4164656018319802,0.8545316070068545,30,21,0.7,1129,0,0.0,0.0,0,0.0,0,0.21428571428571427,82,0.705574912891986,672,0.7027027027027027,559,1.5105961083401371,0.3995207128954162,0.06604631208275819
v10_hard_raw_rubric,42,metric_group,Factual & Reasoning Accuracy,788,0.4593908629441624,0.4687703141211409,0.1802030456852792,0.1802030456852792,0.666243654822335,0.3691503191704266,0.28276631026842225,0.8705583756345178,33,28,0.8484848484848485,701,0,0.0,0.0,0,0.0,0,0.1111111111111111,32,0.5255102040816326,217,0.8237623762376237,539,1.7589749462512019,0.4111521143529346,0.08166256324355609
v10_hard_raw_rubric,42,metric_group,Pedagogical Application,714,0.4943977591036415,0.49343095779267293,0.10224089635854341,0.10224089635854341,0.5700280112044818,0.4134940067085877,0.39659879865824166,0.7829131652661064,24,18,0.75,574,2,0.003484320557491289,0.0,0,0.0,3,0.22413793103448276,71,0.7024539877300614,409,0.6129032258064516,231,1.8004971425383776,0.45398732312425455,0.07361042164453226
v10_hard_raw_rubric,42,metric_group,Scenario Adaptability,1152,0.3524305555555556,0.37224649105441,0.12152777777777778,0.12152777777777778,0.6927083333333334,0.4738682208676454,0.42887586574320724,0.9097222222222222,19,15,0.7894736842105263,1052,0,0.0,0.0,0,0.0,0,0.1728395061728395,36,0.6391509433962265,432,0.8168789808917197,684,1.562083870350265,0.3518566229124344,0.05746054973267128
v10_hard_raw_rubric,42,original_label,1,24,3.1666666666666665,3.093889834347349,3.1666666666666665,3.1666666666666665,0.0,nan,0.0,0.0,24,20,0.8333333333333334,0,0,nan,0.0,0,nan,0,nan,4,nan,12,nan,8,7.474315125913466,1.5317253278858267,0.6849111828519933
v10_hard_raw_rubric,42,original_label,2,52,2.2115384615384617,2.151411224346825,2.2115384615384617,2.2115384615384617,0.0,nan,0.0,0.0,52,41,0.7884615384615384,0,0,nan,nan,0,0.0,0,nan,11,nan,19,nan,22,8.794549779685447,1.5705484165909156,0.47789219231597146
v10_hard_raw_rubric,42,original_label,3,251,1.0637450199203187,1.0268502640519384,1.0557768924302788,1.0557768924302788,0.18326693227091634,nan,0.0,0.18326693227091634,0,0,nan,0,0,nan,nan,0,nan,1,0.18326693227091634,46,nan,142,nan,62,3.3451538453745866,0.9271640146736835,0.17316544984872673
v10_hard_raw_rubric,42,original_label,4,946,0.36469344608879495,0.34874987203339247,0.22938689217758984,0.22938689217758984,0.6374207188160677,nan,0.0,0.9344608879492601,0,0,nan,946,2,0.0021141649048625794,nan,0,nan,2,nan,60,0.6374207188160677,603,nan,281,1.5599520263598898,0.38595238343528565,0.05352308340028397
v10_hard_raw_rubric,42,original_label,5,1381,0.23026792179580013,0.2728060348842221,-0.23026792179580013,0.23026792179580013,0.782766111513396,nan,0.0,0.9869659666908037,0,0,nan,1381,0,0.0,nan,0,nan,0,nan,18,nan,282,0.782766111513396,1081,1.0999996034546058,0.24418146015285466,0.03455240187152653
v10_hard_raw_rubric,42,human_entropy_band,zero,1169,0.3900769888793841,0.40783309163938597,0.1420017108639863,0.1420017108639863,0.7159965782720273,0.522125421737856,0.40248750567923675,0.8588537211291702,53,42,0.7924528301886793,1031,1,0.0009699321047526673,0.0,0,0.0,2,0.10588235294117647,55,0.6767676767676768,364,0.8542234332425068,748,1.2420338896203602,0.4384771185257832,0.0808439986311111
v10_hard_raw_rubric,42,human_entropy_band,low,1485,0.4478114478114478,0.45371837371021245,0.12727272727272726,0.12727272727272726,0.6013468013468013,0.3965264849609965,0.38268323196789333,0.868013468013468,23,19,0.8260869565217391,1296,1,0.0007716049382716049,0.0,0,0.0,1,0.22289156626506024,84,0.6194144838212635,694,0.7017001545595054,706,2.0331381946772074,0.3642383116897738,0.05966051163797082
v10_hard_raw_rubric,42,subject,Applied Economics,55,0.38181818181818183,0.3534890091135785,0.16363636363636364,0.16363636363636364,0.6545454545454545,0.3627797042010902,0.3455497382198953,0.9454545454545454,0,0,nan,53,0,0.0,nan,0,nan,0,0.5,3,0.48148148148148145,16,0.8461538461538461,36,1.4596705696411545,0.31349628659488604,0.05090766919733408
v10_hard_raw_rubric,42,subject,Aquaculture,143,0.2867132867132867,0.32994549437980525,-0.09090909090909091,0.09090909090909091,0.7272727272727273,0.6252696938698564,0.6291707485737337,0.9020979020979021,0,0,nan,129,0,0.0,nan,0,nan,0,0.42857142857142855,12,0.803921568627451,68,0.7307692307692307,63,1.2232107282694633,0.31116573767608974,0.04468795620808976
v10_hard_raw_rubric,42,subject,Automation,47,0.23404255319148937,0.29350680399369616,0.14893617021276595,0.14893617021276595,0.8085106382978723,0.5665219624886119,0.4112011790714811,0.9361702127659575,1,1,1.0,44,0,0.0,nan,0,0.0,0,0.0,0,0.5555555555555556,9,0.9428571428571428,38,2.0546372403176103,0.2743496788434313,0.04710904003924123
v10_hard_raw_rubric,42,subject,Basic Medicine,159,0.6415094339622641,0.627868050070541,0.4779874213836478,0.4779874213836478,0.5849056603773585,0.35988967300549324,0.2021187621968219,0.8050314465408805,13,13,1.0,124,0,0.0,0.0,0,0.0,0,0.18181818181818182,4,0.6,63,0.8115942028985508,92,2.4156508772957666,0.5340360987431839,0.1228920594195698
v10_hard_raw_rubric,42,subject,Biology,130,0.4461538461538462,0.4453379100003077,0.07692307692307693,0.07692307692307693,0.5769230769230769,0.36064933166858454,0.36246098974587604,0.9,3,2,0.6666666666666666,119,0,0.0,nan,0,0.0,0,0.0,3,0.6071428571428571,65,0.6507936507936508,62,1.9173392713936976,0.41901512930532936,0.058402519303333525
v10_hard_raw_rubric,42,subject,Business Administration,123,0.7479674796747967,0.7697242615674236,0.5203252032520326,0.5203252032520326,0.5203252032520326,0.36273812505500586,0.2554898648648649,0.7073170731707317,19,17,0.8947368421052632,87,0,0.0,0.0,0,0.0,0,0.058823529411764705,4,0.6451612903225806,52,0.7678571428571429,67,3.3083923129688295,0.7054938007761403,0.15337833003421905
v10_hard_raw_rubric,42,subject,Chemistry,140,0.42857142857142855,0.4221152696761646,0.08571428571428572,0.08571428571428572,0.6214285714285714,0.380098688729228,0.40840566468707173,0.8785714285714286,1,0,0.0,124,0,0.0,nan,0,0.0,0,0.26666666666666666,10,0.5849056603773585,54,0.7323943661971831,76,1.3535058531772495,0.32594990176022753,0.05480325176474989
v10_hard_raw_rubric,42,subject,Chinese,84,0.42857142857142855,0.4002255200510525,0.30952380952380953,0.30952380952380953,0.6428571428571429,0.5056029415652459,0.4219653179190751,0.8452380952380952,2,2,1.0,71,0,0.0,nan,0,0.0,0,0.18181818181818182,4,0.5428571428571428,29,0.9166666666666666,51,1.64352244485956,0.40902564528343643,0.07293944569991459
v10_hard_raw_rubric,42,subject,Clinical Medicine,64,0.21875,0.232962139945514,-0.03125,0.03125,0.78125,0.7052970655777585,0.6659209545115585,0.921875,0,0,nan,59,0,0.0,nan,0,nan,0,0.0,0,0.9565217391304348,35,0.7777777777777778,29,1.1400298631557724,0.27406341211448537,0.03521959720219865
v10_hard_raw_rubric,42,subject,Computer Science,95,0.37894736842105264,0.38151428147891686,-0.06315789473684211,0.06315789473684211,0.6947368421052632,0.5243736317071163,0.4701195219123505,0.8736842105263158,2,1,0.5,88,0,0.0,0.0,0,nan,0,0.6,12,0.5555555555555556,27,0.7868852459016393,56,1.2032172282183915,0.3409771085329751,0.060482041757884304
v10_hard_raw_rubric,42,subject,Crop Science,98,0.47959183673469385,0.5053564003077828,0.11224489795918367,0.11224489795918367,0.6224489795918368,0.5153961283267865,0.4480406155798826,0.7653061224489796,4,2,0.5,80,1,0.0125,0.0,0,0.0,1,0.07142857142857142,8,0.7096774193548387,43,0.7755102040816326,46,1.9749703598641895,0.4522534003095343,0.08525294768897414
v10_hard_raw_rubric,42,subject,English,95,0.42105263157894735,0.4062100945657752,0.14736842105263157,0.14736842105263157,0.631578947368421,0.3929816231203019,0.4218597857838364,0.8736842105263158,1,0,0.0,86,0,0.0,nan,0,0.0,0,0.25,8,0.4117647058823529,23,0.8461538461538461,64,1.3080039679340474,0.3804904995105574,0.05764495856753339
v10_hard_raw_rubric,42,subject,General Pedagogy,91,0.4835164835164835,0.49339612824760853,-0.06593406593406594,0.06593406593406594,0.5934065934065934,0.4282730432948563,0.3294509151414309,0.7912087912087912,2,2,1.0,79,1,0.012658227848101266,0.0,0,0.0,1,0.0,6,0.7777777777777778,54,0.6046511627906976,30,1.4349341854449296,0.3720628058335143,0.06743389415110652
v10_hard_raw_rubric,42,subject,Geography,72,0.3194444444444444,0.317444685910808,0.20833333333333334,0.20833333333333334,0.6805555555555556,0.5606965942173497,0.5980582524271845,0.9305555555555556,1,0,0.0,66,0,0.0,nan,0,0.0,0,0.2,2,0.48148148148148145,21,0.8974358974358975,49,1.4881585228513015,0.3138548590590809,0.04289413206485249
v10_hard_raw_rubric,42,subject,History,173,0.41040462427745666,0.42290057146221893,0.23699421965317918,0.23699421965317918,0.6647398843930635,0.4870265710572466,0.41150743512489074,0.8728323699421965,6,5,0.8333333333333334,152,0,0.0,0.0,0,0.0,0,0.2,8,0.5671641791044776,59,0.8705882352941177,106,1.8302850575684086,0.3836291128538505,0.06665252333418539
v10_hard_raw_rubric,42,subject,Law,52,0.5,0.5070457668759659,0.07692307692307693,0.07692307692307693,0.6153846153846154,0.45048776076821717,0.3670115642118077,0.7884615384615384,3,3,1.0,44,0,0.0,nan,0,0.0,0,0.2,5,0.5714285714285714,19,0.7666666666666667,28,1.687381303157787,0.45142741306799683,0.08840299824033562
v10_hard_raw_rubric,42,subject,Literature and Art,143,0.32167832167832167,0.32705239781852313,0.0979020979020979,0.0979020979020979,0.7272727272727273,0.5412148760506075,0.43379527192267386,0.916083916083916,2,2,1.0,131,0,0.0,0.0,0,nan,0,0.1,2,0.7291666666666666,58,0.8192771084337349,83,1.50089277837688,0.34450859835868114,0.052382782772030484
v10_hard_raw_rubric,42,subject,Mathematics,158,0.4873417721518987,0.5206759604577363,0.1962025316455696,0.1962025316455696,0.6139240506329114,0.39838285449201544,0.3728067249316165,0.8544303797468354,7,4,0.5714285714285714,132,0,0.0,0.0,0,0.0,0,0.15789473684210525,6,0.6739130434782609,65,0.7325581395348837,87,1.645069935508928,0.4526826383054664,0.08325626661900151
v10_hard_raw_rubric,42,subject,Military Science,86,0.36046511627906974,0.3668475303873978,0.12790697674418605,0.12790697674418605,0.7093023255813954,0.4276501018301009,0.41431738992714606,0.8953488372093024,0,0,nan,77,0,0.0,nan,0,nan,0,0.3333333333333333,6,0.5555555555555556,22,0.86,58,1.8256859423053804,0.3765590801903984,0.06300468650662602
v10_hard_raw_rubric,42,subject,Physical Education,66,0.36363636363636365,0.39109464941789385,0.12121212121212122,0.12121212121212122,0.6818181818181818,0.4489167783322549,0.4891640866873065,0.9090909090909091,1,1,1.0,59,0,0.0,nan,0,0.0,1,0.16666666666666666,1,0.5294117647058824,19,0.8333333333333334,45,1.5680652515717801,0.3822424442450338,0.06003773568287156
v10_hard_raw_rubric,42,subject,Physics,171,0.26900584795321636,0.2895692554591497,0.04678362573099415,0.04678362573099415,0.7426900584795322,0.6110247723840767,0.6140303358613218,0.9181286549707602,0,0,nan,156,0,0.0,nan,0,nan,0,0.26666666666666666,7,0.7301587301587301,71,0.8279569892473119,93,1.355262602409134,0.2957019957284591,0.04074251590210151
v10_hard_raw_rubric,42,subject,Psychology,124,0.3870967741935484,0.38906569665411583,0.06451612903225806,0.06451612903225806,0.6612903225806451,0.39587937066502865,0.3398768923639992,0.9354838709677419,2,2,1.0,120,0,0.0,0.0,0,nan,0,0.0,4,0.6507936507936508,59,0.7192982456140351,61,1.4522583767306136,0.3700843960900926,0.05908399019847752
v10_hard_raw_rubric,42,subject,Public Administration,119,0.4117647058823529,0.4615050043102348,-0.04201680672268908,0.04201680672268908,0.6386554621848739,0.4000792937940785,0.3697143353303811,0.8571428571428571,0,0,nan,110,0,0.0,nan,0,nan,0,0.1111111111111111,10,0.6304347826086957,49,0.71875,60,1.3247412554596705,0.39240874927446745,0.06100934677713088
v10_hard_raw_rubric,42,subject,Sociology,36,0.5833333333333334,0.5757809157791758,0.19444444444444445,0.19444444444444445,0.4722222222222222,0.3688774286586724,0.4140625000000001,0.75,1,0,0.0,28,0,0.0,nan,0,0.0,0,0.14285714285714285,4,0.46153846153846156,15,0.6666666666666666,17,2.0327560857532685,0.49609631231147866,0.08799601386362799
v10_hard_raw_rubric,42,subject,Theoretical Economics,130,0.43846153846153846,0.45106110658028437,0.08461538461538462,0.08461538461538462,0.6384615384615384,0.4686950965458092,0.3883538137938669,0.8153846153846154,5,4,0.8,109,0,0.0,nan,0,0.0,0,0.1875,10,0.7446808510638298,63,0.7258064516129032,57,1.7436103219507189,0.4352284909421685,0.07669164343154705
v10_hard_raw_rubric,43,language,en,1341,0.42132736763609246,0.42470300092228896,0.18120805369127516,0.18120805369127516,0.6823266219239373,0.40054327000875756,0.27568541494489474,0.877703206562267,46,44,0.9565217391304348,1198,3,0.0025041736227045075,0.0,2,0.0,1,0.061855670103092786,32,0.5698924731182796,396,0.8438256658595642,910,1.947768097566189,0.3918300837583149,0.07282413687156948
v10_hard_raw_rubric,43,language,zh,1313,0.44173648134044174,0.4492509310085467,0.1172886519421173,0.1172886519421173,0.6207159177456207,0.43223220985459265,0.42976805040032995,0.8514851485148515,30,20,0.6666666666666666,1129,4,0.00354295837023915,0.35714285714285715,8,0.0,3,0.16883116883116883,69,0.681184668989547,653,0.7081081081081081,580,1.6698532478864687,0.4238685598635586,0.06922264197726186
v10_hard_raw_rubric,43,metric_group,Factual & Reasoning Accuracy,788,0.4581218274111675,0.4710456073558334,0.18908629441624367,0.18908629441624367,0.6713197969543148,0.35259275050691663,0.31372824694598067,0.8794416243654822,33,27,0.8181818181818182,701,4,0.005706134094151213,0.25,9,0.0,1,0.05555555555555555,16,0.49489795918367346,203,0.8396039603960396,559,1.8297475653384134,0.40583699748862073,0.0813712693796725
v10_hard_raw_rubric,43,metric_group,Pedagogical Application,714,0.5084033613445378,0.5077618058700981,0.16946778711484595,0.16946778711484595,0.5784313725490197,0.34895037544444557,0.31864306851551605,0.7913165266106442,24,18,0.75,574,1,0.0017421602787456446,0.0,0,0.0,1,0.16379310344827586,52,0.7300613496932515,405,0.6290322580645161,256,1.9239335539861377,0.47045190118526,0.0788676239223972
v10_hard_raw_rubric,43,metric_group,Scenario Adaptability,1152,0.3654513888888889,0.369502889464726,0.11024305555555555,0.11024305555555555,0.6840277777777778,0.47321899828584807,0.40626113514889284,0.9001736111111112,19,19,1.0,1052,2,0.0019011406844106464,0.0,1,0.0,2,0.12345679012345678,33,0.6320754716981132,441,0.8121019108280255,675,1.7265144915611288,0.3700358940568089,0.059127129087800316
v10_hard_raw_rubric,43,original_label,1,24,2.7916666666666665,2.8875419819741226,2.7916666666666665,2.7916666666666665,0.20833333333333334,nan,0.0,0.20833333333333334,24,18,0.75,0,0,nan,0.20833333333333334,5,nan,0,nan,1,nan,7,nan,11,7.8300555149086195,1.3041025367817902,0.6190545087937983
v10_hard_raw_rubric,43,original_label,2,52,2.3653846153846154,2.2958376983380053,2.326923076923077,2.326923076923077,0.0,nan,0.0,0.019230769230769232,52,46,0.8846153846153846,0,0,nan,nan,1,0.0,0,nan,5,nan,21,nan,25,8.182576292683276,1.5436471009130206,0.5103832452362512
v10_hard_raw_rubric,43,original_label,3,251,1.1354581673306774,1.0808264981941909,1.1274900398406376,1.1274900398406376,0.12749003984063745,nan,0.0,0.12749003984063745,0,0,nan,0,0,nan,nan,0,nan,1,0.12749003984063745,32,nan,152,nan,66,3.617986996472431,1.0039288241322,0.18407671741060014
v10_hard_raw_rubric,43,original_label,4,946,0.3657505285412262,0.3453574561934954,0.2642706131078224,0.2642706131078224,0.6374207188160677,nan,0.0,0.952431289640592,0,0,nan,946,3,0.003171247357293869,nan,0,nan,3,nan,42,0.6374207188160677,603,nan,298,1.7110351031025093,0.4020679235874137,0.054597103201608724
v10_hard_raw_rubric,43,original_label,5,1381,0.2346125995655322,0.26988633176268456,-0.2346125995655322,0.2346125995655322,0.7892831281679942,nan,0.0,0.9818971759594497,0,0,nan,1381,4,0.002896451846488052,nan,4,nan,0,nan,21,nan,266,0.7892831281679942,1090,1.2051448878235347,0.24480308524231495,0.03569670079565589
v10_hard_raw_rubric,43,human_entropy_band,zero,1169,0.38152266894781867,0.394356667588762,0.15739948674080412,0.15739948674080412,0.7365269461077845,0.5064961921229978,0.3769147901941722,0.8725406330196749,53,45,0.8490566037735849,1031,3,0.002909796314258002,0.2,7,0.0,1,0.11764705882352941,36,0.7138047138047138,359,0.8651226158038147,766,1.2442884268614915,0.42294783563826116,0.08001235508644464
v10_hard_raw_rubric,43,human_entropy_band,low,1485,0.4707070707070707,0.4702964661547127,0.14343434343434344,0.14343434343434344,0.5851851851851851,0.3671540623743377,0.35541241857605954,0.8585858585858586,23,19,0.8260869565217391,1296,4,0.0030864197530864196,0.25,3,0.0,3,0.13253012048192772,65,0.6024653312788906,690,0.7032457496136012,724,2.2558256985253258,0.39566164414789573,0.0639811807170813
v10_hard_raw_rubric,43,subject,Applied Economics,55,0.41818181818181815,0.41184410435250085,0.2,0.2,0.6181818181818182,0.2735224538046645,0.21635883905013187,0.9454545454545454,0,0,nan,53,0,0.0,nan,0,nan,0,0.0,1,0.48148148148148145,18,0.8076923076923077,36,1.8872828844627587,0.435342548089866,0.06831682847797213
v10_hard_raw_rubric,43,subject,Aquaculture,143,0.3006993006993007,0.3115878449890766,-0.03496503496503497,0.03496503496503497,0.7062937062937062,0.5771947207594291,0.5762265393480408,0.916083916083916,0,0,nan,129,0,0.0,nan,0,nan,0,0.21428571428571427,4,0.8431372549019608,76,0.7051282051282052,63,1.6365451458648446,0.3584522015393275,0.04770293000895322
v10_hard_raw_rubric,43,subject,Automation,47,0.2553191489361702,0.2940703229546334,0.1276595744680851,0.1276595744680851,0.8085106382978723,0.5347843238050191,0.3587994542974079,0.9148936170212766,1,1,1.0,44,0,0.0,nan,0,0.0,0,0.0,1,0.5555555555555556,8,0.9428571428571428,38,1.748913480541413,0.2730767791363305,0.049563378119234044
v10_hard_raw_rubric,43,subject,Basic Medicine,159,0.6792452830188679,0.6668167769194532,0.5157232704402516,0.5157232704402516,0.5723270440251572,0.31016230927681304,0.13709125735394712,0.779874213836478,13,13,1.0,124,0,0.0,0.0,0,0.0,0,0.09090909090909091,4,0.5636363636363636,57,0.8405797101449275,98,2.9088867877662694,0.586245556574639,0.13590453575546185
v10_hard_raw_rubric,43,subject,Biology,130,0.4076923076923077,0.4049765551167837,0.14615384615384616,0.14615384615384616,0.6153846153846154,0.4091605271903296,0.4231049032445803,0.9076923076923077,3,1,0.3333333333333333,119,0,0.0,nan,0,0.0,0,0.0,3,0.5892857142857143,56,0.746031746031746,71,2.006146241611406,0.39812745697587465,0.055743060577365756
v10_hard_raw_rubric,43,subject,Business Administration,123,0.7886178861788617,0.8072605775247902,0.5772357723577236,0.5772357723577236,0.5447154471544715,0.23765647710363702,0.10828984695128352,0.6991869918699187,19,19,1.0,87,0,0.0,0.0,0,0.0,0,0.0,1,0.7419354838709677,51,0.7857142857142857,71,3.3691221557990207,0.6582257449345366,0.15971322603381338
v10_hard_raw_rubric,43,subject,Chemistry,140,0.4857142857142857,0.4759569735433408,0.04285714285714286,0.04285714285714286,0.5571428571428572,0.34211203499349285,0.3203883495145631,0.8357142857142857,1,1,1.0,124,0,0.0,nan,0,0.0,0,0.0,7,0.5849056603773585,66,0.6619718309859155,67,1.6390654238458418,0.4088442060669082,0.06620497571886133
v10_hard_raw_rubric,43,subject,Chinese,84,0.4166666666666667,0.4350469786378473,0.27380952380952384,0.27380952380952384,0.6547619047619048,0.4995347789795411,0.4367816091954023,0.8571428571428571,2,2,1.0,71,0,0.0,nan,0,0.0,0,0.2727272727272727,5,0.5714285714285714,30,0.8888888888888888,49,1.7728218054278386,0.41062500527086854,0.07526495230013161
v10_hard_raw_rubric,43,subject,Clinical Medicine,64,0.21875,0.22885432772846448,-0.03125,0.03125,0.78125,0.7052970655777585,0.6659209545115585,0.921875,0,0,nan,59,0,0.0,nan,0,nan,0,0.0,0,0.9565217391304348,35,0.7777777777777778,29,1.063716338574571,0.26122216095108197,0.03325026383945615
v10_hard_raw_rubric,43,subject,Computer Science,95,0.4421052631578947,0.43408323729182113,-0.18947368421052632,0.18947368421052632,0.6105263157894737,0.511323013784933,0.5656223539373413,0.8736842105263158,2,1,0.5,88,2,0.022727272727272728,0.5,1,nan,3,0.2,6,0.5555555555555556,38,0.6721311475409836,47,1.489577440147779,0.4036028330902784,0.06375155686750737
v10_hard_raw_rubric,43,subject,Crop Science,98,0.5102040816326531,0.5142996759626869,0.24489795918367346,0.24489795918367346,0.6224489795918368,0.4804289034019761,0.39534883720930236,0.7653061224489796,4,3,0.75,80,1,0.0125,0.0,0,0.0,1,0.0,5,0.6129032258064516,36,0.8571428571428571,56,2.065585708434634,0.4728226120448494,0.08813658612856567
v10_hard_raw_rubric,43,subject,English,95,0.3263157894736842,0.370373249393874,0.09473684210526316,0.09473684210526316,0.6947368421052632,0.5290434467348761,0.5388989044515324,0.9052631578947369,1,0,0.0,86,0,0.0,nan,0,0.0,0,0.125,3,0.6764705882352942,38,0.8076923076923077,54,1.5299038650028924,0.373024606716893,0.05268374340267995
v10_hard_raw_rubric,43,subject,General Pedagogy,91,0.5164835164835165,0.5044108510958921,-0.01098901098901099,0.01098901098901099,0.5824175824175825,0.3776001129779707,0.351409978308026,0.8131868131868132,2,2,1.0,79,0,0.0,0.0,0,0.0,0,0.5,15,0.5277777777777778,34,0.6744186046511628,42,1.4615250788222023,0.40272839291765483,0.07147564836021522
v10_hard_raw_rubric,43,subject,Geography,72,0.3194444444444444,0.3142048422379713,0.20833333333333334,0.20833333333333334,0.6805555555555556,0.5730343830076757,0.5835010060362174,0.9166666666666666,1,0,0.0,66,0,0.0,nan,0,0.0,0,0.0,1,0.5185185185185185,23,0.8974358974358975,48,1.597024409740003,0.32452175479790374,0.04450670156251002
v10_hard_raw_rubric,43,subject,History,173,0.42196531791907516,0.4227972842725599,0.24855491329479767,0.24855491329479767,0.6647398843930635,0.46617313716983194,0.343247614960552,0.8670520231213873,6,6,1.0,152,0,0.0,0.0,0,0.0,0,0.13333333333333333,6,0.582089552238806,61,0.8705882352941177,106,1.9494332485101902,0.40881456681966477,0.06991105682883905
v10_hard_raw_rubric,43,subject,Law,52,0.4807692307692308,0.4805417893494192,0.25,0.25,0.6346153846153846,0.4407196602576071,0.32309746328437916,0.8269230769230769,3,3,1.0,44,0,0.0,nan,0,0.0,0,0.0,1,0.5714285714285714,18,0.8333333333333334,33,1.6037838972287484,0.4186245388781431,0.08124178903271233
v10_hard_raw_rubric,43,subject,Literature and Art,143,0.25874125874125875,0.26347193162605553,0.14685314685314685,0.14685314685314685,0.7622377622377622,0.6360140532227647,0.6604759141033082,0.9370629370629371,2,1,0.5,131,0,0.0,0.5,1,nan,0,0.2,2,0.6458333333333334,47,0.9036144578313253,93,1.3114619292894238,0.24132473347407532,0.03330732394486675
v10_hard_raw_rubric,43,subject,Mathematics,158,0.5822784810126582,0.5655963181961042,0.13924050632911392,0.13924050632911392,0.6139240506329114,0.3036228210360505,0.2432487516559665,0.810126582278481,7,5,0.7142857142857143,132,3,0.022727272727272728,0.3333333333333333,5,0.0,0,0.10526315789473684,7,0.6086956521739131,52,0.7674418604651163,94,1.6981987998240107,0.44357313827153627,0.09250824405679071
v10_hard_raw_rubric,43,subject,Military Science,86,0.3488372093023256,0.37092004886187263,0.16279069767441862,0.16279069767441862,0.7093023255813954,0.5009918592784993,0.44101397465063374,0.8604651162790697,0,0,nan,77,0,0.0,nan,0,nan,0,0.1111111111111111,5,0.5185185185185185,21,0.92,60,2.1362154734861662,0.4353569911863901,0.06918170408539184
v10_hard_raw_rubric,43,subject,Physical Education,66,0.5,0.514451461195121,-0.10606060606060606,0.10606060606060606,0.5606060606060606,0.35610831060060616,0.40735873850197113,0.8333333333333334,1,0,0.0,59,0,0.0,nan,0,0.0,0,0.3333333333333333,9,0.4117647058823529,21,0.6666666666666666,36,2.1609087920819627,0.5093303472659406,0.0818107654945617
v10_hard_raw_rubric,43,subject,Physics,171,0.2807017543859649,0.29020899684387497,0.10526315789473684,0.10526315789473684,0.7368421052631579,0.5663459890884747,0.5588993981083406,0.9298245614035088,0,0,nan,156,0,0.0,nan,0,nan,0,0.2,3,0.7142857142857143,69,0.8387096774193549,99,1.3294609954793528,0.28826171178250154,0.03963993676818369
v10_hard_raw_rubric,43,subject,Psychology,124,0.3548387096774194,0.3695885486688307,-0.03225806451612903,0.03225806451612903,0.6935483870967742,0.40258956730136647,0.5246692222084828,0.9435483870967742,2,0,0.0,120,1,0.008333333333333333,1.0,3,nan,0,0.0,4,0.6984126984126984,59,0.7017543859649122,58,1.457678394176912,0.33781679586493985,0.05362161520603999
v10_hard_raw_rubric,43,subject,Public Administration,119,0.35294117647058826,0.3658315217063644,0.10084033613445378,0.10084033613445378,0.680672268907563,0.4120520474073861,0.3907433954536146,0.9243697478991597,0,0,nan,110,0,0.0,nan,0,nan,0,0.1111111111111111,2,0.6521739130434783,48,0.78125,69,1.3653070304138375,0.3603486769760427,0.052067440069412704
v10_hard_raw_rubric,43,subject,Sociology,36,0.5555555555555556,0.5603662666696153,0.16666666666666666,0.16666666666666666,0.5277777777777778,0.33503894215968005,0.3157894736842105,0.7777777777777778,1,1,1.0,28,0,0.0,nan,0,0.0,0,0.14285714285714285,2,0.6923076923076923,20,0.6,14,2.13144562071802,0.5773537370073641,0.10039587787430358
v10_hard_raw_rubric,43,subject,Theoretical Economics,130,0.4230769230769231,0.43875753522728794,0.14615384615384616,0.14615384615384616,0.6538461538461539,0.4684225708922783,0.37949322333529767,0.8538461538461538,5,5,1.0,109,0,0.0,nan,0,0.0,0,0.1875,4,0.7872340425531915,67,0.7258064516129032,59,1.6375148281917242,0.4341840952296978,0.0748161003498466
v10_hard_raw_rubric,44,language,en,1341,0.407158836689038,0.41971042298647765,0.18642803877703207,0.18642803877703207,0.6890380313199105,0.42231668211670936,0.33429008543074157,0.8844146159582401,46,42,0.9130434782608695,1198,3,0.0025041736227045075,0.1,2,0.0,3,0.10309278350515463,33,0.5564516129032258,381,0.8547215496368039,922,1.7369132524955948,0.37337369668250464,0.06821781779936811
v10_hard_raw_rubric,44,language,zh,1313,0.44325971058644326,0.4548346553713905,0.10967250571210967,0.10967250571210967,0.6245239908606245,0.43228039849838107,0.36877430737473926,0.8461538461538461,30,26,0.8666666666666667,1129,3,0.002657218777679362,0.0,1,0.0,2,0.17532467532467533,73,0.710801393728223,686,0.6936936936936937,551,1.560507796451291,0.4214628929742604,0.07058734934305863
v10_hard_raw_rubric,44,metric_group,Factual & Reasoning Accuracy,788,0.4365482233502538,0.4664802747232525,0.21573604060913706,0.21573604060913706,0.6928934010152284,0.3925887590209442,0.2553968267603577,0.8845177664974619,33,31,0.9393939393939394,701,2,0.0028530670470756064,0.05,3,0.0,0,0.05555555555555555,10,0.5714285714285714,221,0.8514851485148515,554,1.5929359797321292,0.38429811186463003,0.07780204774676266
v10_hard_raw_rubric,44,metric_group,Pedagogical Application,714,0.5042016806722689,0.505723389001778,0.13725490196078433,0.13725490196078433,0.5798319327731093,0.38140573700677877,0.3607432603502747,0.7815126050420168,24,18,0.75,574,3,0.005226480836236934,0.0,0,0.0,4,0.1896551724137931,63,0.7147239263803681,397,0.6411290322580645,250,1.7786678471000443,0.4613798348499019,0.07656350277341334
v10_hard_raw_rubric,44,metric_group,Scenario Adaptability,1152,0.3680555555555556,0.3744415134533938,0.109375,0.109375,0.6805555555555556,0.4586462611800705,0.40652009547388546,0.9045138888888888,19,19,1.0,1052,1,0.0009505703422053232,0.0,0,0.0,1,0.14814814814814814,33,0.6367924528301887,449,0.7993630573248408,669,1.6084592130892257,0.3661656176165662,0.05919004231920358
v10_hard_raw_rubric,44,original_label,1,24,3.3333333333333335,3.146272778286241,3.3333333333333335,3.3333333333333335,0.041666666666666664,nan,0.0,0.041666666666666664,24,21,0.875,0,0,nan,0.041666666666666664,1,nan,0,nan,2,nan,8,nan,13,6.058271877411362,1.4027856522364122,0.6797862284581783
v10_hard_raw_rubric,44,original_label,2,52,2.25,2.2328633364864663,2.25,2.25,0.0,nan,0.0,0.0,52,47,0.9038461538461539,0,0,nan,nan,0,0.0,0,nan,5,nan,29,nan,18,7.134203559256088,1.5493027038706115,0.49445595949433996
v10_hard_raw_rubric,44,original_label,3,251,1.1115537848605577,1.0715561160821796,1.1035856573705178,1.1035856573705178,0.14741035856573706,nan,0.0,0.14741035856573706,0,0,nan,0,0,nan,nan,0,nan,1,0.14741035856573706,37,nan,148,nan,65,3.4567135736966743,0.9705886715092723,0.18211380970331711
v10_hard_raw_rubric,44,original_label,4,946,0.35517970401691334,0.33649465793239625,0.24947145877378435,0.24947145877378435,0.6501057082452432,nan,0.0,0.952431289640592,0,0,nan,946,4,0.004228329809725159,nan,1,nan,3,nan,41,0.6501057082452432,615,nan,286,1.5733695058724124,0.3798933169397002,0.05201308461111065
v10_hard_raw_rubric,44,original_label,5,1381,0.22881969587255613,0.275977992766591,-0.22881969587255613,0.22881969587255613,0.7900072411296162,nan,0.0,0.9833454018826937,0,0,nan,1381,2,0.001448225923244026,nan,1,nan,1,nan,21,nan,267,0.7900072411296162,1091,1.0903168998151924,0.24391562280790247,0.034192440044926435
v10_hard_raw_rubric,44,human_entropy_band,zero,1169,0.3857998289136014,0.4017749410582779,0.16338751069289992,0.16338751069289992,0.7313943541488451,0.5133097714595618,0.36390316809710366,0.8699743370402053,53,47,0.8867924528301887,1031,3,0.002909796314258002,0.05,3,0.0,1,0.11764705882352941,37,0.7070707070707071,366,0.8637602179836512,762,1.0707373365918815,0.4257663642165887,0.07871961012703692
v10_hard_raw_rubric,44,human_entropy_band,low,1485,0.4558922558922559,0.4648853021079969,0.1367003367003367,0.1367003367003367,0.5986531986531987,0.3866726359916942,0.3621492780377239,0.8619528619528619,23,21,0.9130434782608695,1296,3,0.0023148148148148147,0.0,0,0.0,4,0.16265060240963855,69,0.6240369799691834,701,0.7063369397217929,711,2.1053572133745644,0.37464917572878825,0.06204583105581311
v10_hard_raw_rubric,44,subject,Applied Economics,55,0.2909090909090909,0.3637399156908845,0.14545454545454545,0.14545454545454545,0.7272727272727273,0.47110216935008964,0.4717182497331911,0.9818181818181818,0,0,nan,53,0,0.0,nan,0,nan,0,0.5,1,0.6296296296296297,21,0.8461538461538461,33,1.6122746617258956,0.3544710307968275,0.05424799024502264
v10_hard_raw_rubric,44,subject,Aquaculture,143,0.36363636363636365,0.37415665190421166,-0.15384615384615385,0.15384615384615385,0.6643356643356644,0.5088387860320337,0.5098263254113347,0.8951048951048951,0,0,nan,129,0,0.0,nan,0,nan,0,0.42857142857142855,13,0.803921568627451,75,0.6153846153846154,55,1.401150028682508,0.3769640508027009,0.053075678197507796
v10_hard_raw_rubric,44,subject,Automation,47,0.3829787234042553,0.37765727657154574,0.1276595744680851,0.1276595744680851,0.7021276595744681,0.1891925673838511,0.10231923601637105,0.9148936170212766,1,1,1.0,44,0,0.0,nan,0,0.0,0,0.0,1,0.3333333333333333,8,0.8571428571428571,38,2.0191404579032093,0.33426063508482057,0.062309676264139066
v10_hard_raw_rubric,44,subject,Basic Medicine,159,0.6477987421383647,0.6423935001395924,0.48427672955974843,0.48427672955974843,0.5849056603773585,0.3633825828053059,0.1965875875195433,0.7924528301886793,13,13,1.0,124,0,0.0,0.0,0,0.0,1,0.13636363636363635,4,0.5818181818181818,59,0.8405797101449275,95,2.4034293432057616,0.5507704040435794,0.12899713774205682
v10_hard_raw_rubric,44,subject,Biology,130,0.4461538461538462,0.4559366591592413,0.18461538461538463,0.18461538461538463,0.5846153846153846,0.3446921736522084,0.36430317848410754,0.9076923076923077,3,1,0.3333333333333333,119,0,0.0,nan,0,0.0,0,0.0,3,0.5178571428571429,51,0.746031746031746,76,2.0736573283970965,0.4391050377399927,0.06329137997005113
v10_hard_raw_rubric,44,subject,Business Administration,123,0.7560975609756098,0.7593386065393672,0.4146341463414634,0.4146341463414634,0.5284552845528455,0.3153779744495478,0.21809727923280908,0.6910569105691057,19,18,0.9473684210526315,87,0,0.0,0.0,0,0.0,0,0.11764705882352941,7,0.7741935483870968,59,0.6964285714285714,57,2.56465988358978,0.6301457845219178,0.1428232376950101
v10_hard_raw_rubric,44,subject,Chemistry,140,0.42857142857142855,0.42824872833211897,0.14285714285714285,0.14285714285714285,0.6214285714285714,0.417691115124308,0.39158279963403464,0.8857142857142857,1,1,1.0,124,1,0.008064516129032258,nan,1,0.0,0,0.13333333333333333,3,0.5660377358490566,56,0.7746478873239436,80,1.4818765746929574,0.37595586599056796,0.05979320222948532
v10_hard_raw_rubric,44,subject,Chinese,84,0.4166666666666667,0.4094890372864169,0.27380952380952384,0.27380952380952384,0.6547619047619048,0.5252480779288525,0.449438202247191,0.8452380952380952,2,2,1.0,71,0,0.0,nan,0,0.0,0,0.2727272727272727,6,0.5428571428571428,28,0.9166666666666666,50,1.5926884731710071,0.4125251351675483,0.07338619129858011
v10_hard_raw_rubric,44,subject,Clinical Medicine,64,0.21875,0.2486799950557406,0.0,0.0,0.78125,0.6997349532779109,0.6664184661206254,0.921875,0,0,nan,59,0,0.0,nan,0,nan,0,0.0,0,0.9130434782608695,33,0.8055555555555556,31,1.148010242806217,0.2947347149211096,0.03749735421197006
v10_hard_raw_rubric,44,subject,Computer Science,95,0.3368421052631579,0.3794208034693865,0.06315789473684211,0.06315789473684211,0.7368421052631579,0.5244352400737612,0.3650990099009901,0.9052631578947369,2,2,1.0,88,0,0.0,0.0,0,nan,0,0.0,2,0.7407407407407407,35,0.819672131147541,58,1.0770828644592139,0.3163593463861894,0.05672615046319264
v10_hard_raw_rubric,44,subject,Crop Science,98,0.5102040816326531,0.5340248445233716,0.30612244897959184,0.30612244897959184,0.6122448979591837,0.4514540792362826,0.33299302365152283,0.7959183673469388,4,4,1.0,80,0,0.0,0.0,0,0.0,0,0.0,2,0.6129032258064516,39,0.8367346938775511,57,1.9177309363170554,0.4352670087726418,0.08604944792409218
v10_hard_raw_rubric,44,subject,English,95,0.29473684210526313,0.3099473934665211,0.08421052631578947,0.08421052631578947,0.7157894736842105,0.5799523420750303,0.593437945791726,0.9157894736842105,1,0,0.0,86,0,0.0,nan,0,0.0,0,0.125,2,0.7352941176470589,41,0.8076923076923077,52,1.1701146138808878,0.2620711381789648,0.03889915661045716
v10_hard_raw_rubric,44,subject,General Pedagogy,91,0.43956043956043955,0.4787678862038503,0.04395604395604396,0.04395604395604396,0.6263736263736264,0.49180655513559074,0.45070422535211263,0.8461538461538461,2,2,1.0,79,1,0.012658227848101266,0.0,0,0.0,1,0.3,7,0.6388888888888888,42,0.7209302325581395,41,1.6689541554642513,0.3910889602467255,0.07159013654583674
v10_hard_raw_rubric,44,subject,Geography,72,0.3611111111111111,0.3699642295955349,0.25,0.25,0.6944444444444444,0.5110160994493801,0.4151624548736462,0.9027777777777778,1,0,0.0,66,1,0.015151515151515152,nan,0,0.0,1,0.0,1,0.48148148148148145,17,0.9487179487179487,53,1.564431637587339,0.32373015164438695,0.05190854291998079
v10_hard_raw_rubric,44,subject,History,173,0.4508670520231214,0.4501212818774133,0.16184971098265896,0.16184971098265896,0.653179190751445,0.43761545523274265,0.3186380383686952,0.8323699421965318,6,6,1.0,152,1,0.006578947368421052,0.0,0,0.0,1,0.06666666666666667,9,0.6268656716417911,67,0.8235294117647058,96,1.8057814992101697,0.4000562870945227,0.07257832621295777
v10_hard_raw_rubric,44,subject,Law,52,0.46153846153846156,0.4860509275146726,0.3076923076923077,0.3076923076923077,0.6538461538461539,0.42375685441854377,0.31533903884134307,0.8653846153846154,3,3,1.0,44,0,0.0,nan,0,0.0,0,0.2,1,0.5,15,0.8666666666666667,36,1.5363208381884748,0.404688010277202,0.08230555961661963
v10_hard_raw_rubric,44,subject,Literature and Art,143,0.3356643356643357,0.31806695661957124,0.04195804195804196,0.04195804195804196,0.7132867132867133,0.5711083270517128,0.4200372684423983,0.8741258741258742,2,2,1.0,131,0,0.0,0.0,0,nan,0,0.0,6,0.7083333333333334,58,0.8192771084337349,79,1.4005026992868936,0.285650665353034,0.045613739195372156
v10_hard_raw_rubric,44,subject,Mathematics,158,0.4936708860759494,0.5144082097642401,0.0759493670886076,0.0759493670886076,0.620253164556962,0.4214683844531234,0.4077820085673489,0.8291139240506329,7,4,0.5714285714285714,132,1,0.007575757575757576,0.3333333333333333,2,0.0,0,0.15789473684210525,9,0.7391304347826086,70,0.6976744186046512,77,1.6499760530382515,0.46021256403230193,0.08168797256431028
v10_hard_raw_rubric,44,subject,Military Science,86,0.32558139534883723,0.3377584918271298,0.09302325581395349,0.09302325581395349,0.7441860465116279,0.5100856527052033,0.45414154236750237,0.872093023255814,0,0,nan,77,0,0.0,nan,0,nan,0,0.2222222222222222,6,0.6666666666666666,25,0.88,55,1.7489676208861855,0.3427133128044381,0.05553441215944797
v10_hard_raw_rubric,44,subject,Physical Education,66,0.45454545454545453,0.45877723077783483,0.09090909090909091,0.09090909090909091,0.6212121212121212,0.25610211869476146,0.2124105011933175,0.8939393939393939,1,1,1.0,59,0,0.0,nan,0,0.0,0,0.0,0,0.6470588235294118,26,0.7142857142857143,40,1.775709567429527,0.5173644605020812,0.07828022033692603
v10_hard_raw_rubric,44,subject,Physics,171,0.24561403508771928,0.2976094816455071,0.11695906432748537,0.11695906432748537,0.7777777777777778,0.6402879958178472,0.6392405063291139,0.9298245614035088,0,0,nan,156,0,0.0,nan,0,nan,0,0.4666666666666667,11,0.6349206349206349,51,0.9247311827956989,109,1.3645518129038103,0.27152648816759195,0.03858137290158422
v10_hard_raw_rubric,44,subject,Psychology,124,0.43548387096774194,0.4231297899974401,0.016129032258064516,0.016129032258064516,0.6451612903225806,0.33966334898121764,0.2014377714542459,0.9032258064516129,2,2,1.0,120,1,0.008333333333333333,0.0,0,nan,1,0.0,7,0.6349206349206349,56,0.7017543859649122,60,1.3620206985433074,0.38874262385676417,0.06266893000054236
v10_hard_raw_rubric,44,subject,Public Administration,119,0.3697478991596639,0.3796596426698119,0.03361344537815126,0.03361344537815126,0.6470588235294118,0.4186532096959119,0.4383480825958702,0.9243697478991597,0,0,nan,110,0,0.0,nan,0,nan,0,0.2222222222222222,4,0.6304347826086957,52,0.71875,63,1.2972269490614163,0.392599871922225,0.05508580696179686
v10_hard_raw_rubric,44,subject,Sociology,36,0.6666666666666666,0.6289692311747199,0.2777777777777778,0.2777777777777778,0.4722222222222222,0.15742339034594593,0.1206896551724137,0.75,1,1,1.0,28,0,0.0,nan,0,0.0,0,0.0,1,0.6153846153846154,18,0.6,17,2.330566576531546,0.5412572709711367,0.10367723695086964
v10_hard_raw_rubric,44,subject,Theoretical Economics,130,0.4076923076923077,0.4249810716300776,0.2230769230769231,0.2230769230769231,0.6615384615384615,0.5228092841615641,0.39370078740157477,0.8384615384615385,5,5,1.0,109,0,0.0,nan,0,0.0,0,0.0,0,0.7659574468085106,65,0.8064516129032258,65,1.4231807221941006,0.39900631249448565,0.06757758784272248
v11_soft_raw_rubric,42,language,en,1341,0.424310216256525,0.4748879431651805,0.1662938105891126,0.1662938105891126,0.6636838180462341,0.401037322431978,0.32188833090803515,0.883668903803132,46,42,0.9130434782608695,1198,2,0.001669449081803005,0.0,1,0.0,2,0.09278350515463918,33,0.543010752688172,415,0.8220338983050848,890,1.1691366853808867,0.3049448106799348,0.05996191058665872
v11_soft_raw_rubric,42,language,zh,1313,0.4242193450114242,0.46607760482224175,0.0891089108910891,0.0891089108910891,0.6336633663366337,0.4524569094337683,0.3972407651973009,0.84996191926885,30,22,0.7333333333333333,1129,1,0.0008857395925597874,0.0,1,0.0,0,0.14935064935064934,66,0.759581881533101,733,0.6720720720720721,513,1.0836075410365837,0.32366676724938664,0.05790046945306704
v11_soft_raw_rubric,42,metric_group,Factual & Reasoning Accuracy,788,0.4606598984771574,0.5128125662115198,0.15609137055837563,0.15609137055837563,0.6649746192893401,0.368642767896686,0.25525141411557384,0.8769035532994924,33,28,0.8484848484848485,701,2,0.0028530670470756064,0.0,2,0.0,0,0.07407407407407407,21,0.5969387755102041,250,0.7980198019801981,515,1.1861949874353699,0.3439312933822537,0.07314550926994583
v11_soft_raw_rubric,42,metric_group,Pedagogical Application,714,0.4887955182072829,0.5190356546995911,0.14145658263305322,0.14145658263305322,0.5742296918767507,0.41175736451584055,0.39456547954015597,0.7955182072829131,24,19,0.7916666666666666,574,1,0.0017421602787456446,0.0,0,0.0,2,0.1810344827586207,52,0.7239263803680982,422,0.6169354838709677,238,1.2516736804407262,0.35882150594602824,0.0635916994929592
v11_soft_raw_rubric,42,metric_group,Scenario Adaptability,1152,0.359375,0.41154241951903214,0.10069444444444445,0.10069444444444445,0.6840277777777778,0.4689316657429066,0.41244994539497637,0.9045138888888888,19,17,0.8947368421052632,1052,0,0.0,0.0,0,0.0,0,0.08641975308641975,26,0.6721698113207547,476,0.7898089171974523,650,1.0088301549852894,0.26622312681385174,0.04634470811275709
v11_soft_raw_rubric,42,original_label,1,24,3.2916666666666665,3.1079784662257146,3.2916666666666665,3.2916666666666665,0.0,nan,0.0,0.0,24,19,0.7916666666666666,0,0,nan,0.0,0,nan,0,nan,5,nan,7,nan,12,5.999172261120708,1.4004792832409423,0.6711496598337995
v11_soft_raw_rubric,42,original_label,2,52,2.230769230769231,2.153033288083835,2.230769230769231,2.230769230769231,0.0,nan,0.0,0.0,52,45,0.8653846153846154,0,0,nan,nan,0,0.0,0,nan,7,nan,26,nan,19,6.347481065744993,1.3703132398411468,0.45630917323675846
v11_soft_raw_rubric,42,original_label,3,251,1.099601593625498,1.057186561774713,1.091633466135458,1.091633466135458,0.12749003984063745,nan,0.0,0.12749003984063745,0,0,nan,0,0,nan,nan,0,nan,1,0.12749003984063745,32,nan,161,nan,57,2.5691891443706867,0.8245010156480636,0.159155686293017
v11_soft_raw_rubric,42,original_label,4,946,0.3287526427061311,0.3390895368779297,0.22727272727272727,0.22727272727272727,0.6744186046511628,nan,0.0,0.952431289640592,0,0,nan,946,2,0.0021141649048625794,nan,1,nan,1,nan,43,0.6744186046511628,638,nan,263,0.9810167502035373,0.26136576944969514,0.037696281336808975
v11_soft_raw_rubric,42,original_label,5,1381,0.2490948587979725,0.3447522692645616,-0.2490948587979725,0.2490948587979725,0.7617668356263577,nan,0.0,0.9905865314989138,0,0,nan,1381,1,0.000724112961622013,nan,1,nan,0,nan,12,nan,316,0.7617668356263577,1052,0.6832958188715266,0.1990122320229105,0.029679804663356388
v11_soft_raw_rubric,42,human_entropy_band,zero,1169,0.39093242087254065,0.45463858114838457,0.1360136869118905,0.1360136869118905,0.716852010265184,0.5102151233634272,0.3740177006538453,0.8708297690333618,53,46,0.8679245283018868,1031,1,0.0009699321047526673,0.0,1,0.0,1,0.11764705882352941,39,0.7306397306397306,402,0.832425068119891,726,0.9514335625445784,0.4033043798302541,0.07643132590112678
v11_soft_raw_rubric,42,human_entropy_band,low,1485,0.4505050505050505,0.48303846838629555,0.12188552188552189,0.12188552188552189,0.5952861952861953,0.38998041593782456,0.36882057687627146,0.863973063973064,23,18,0.782608695652174,1296,2,0.0015432098765432098,0.0,1,0.0,1,0.13253012048192772,60,0.6486902927580893,746,0.6816074188562596,677,1.2648910180890174,0.24406911548732008,0.04517442323917115
v11_soft_raw_rubric,42,subject,Applied Economics,55,0.34545454545454546,0.38021033286829037,0.23636363636363636,0.23636363636363636,0.6727272727272727,0.4450133545679153,0.42793462109955416,0.9636363636363636,0,0,nan,53,0,0.0,nan,0,nan,0,0.5,2,0.4444444444444444,14,0.9230769230769231,39,1.0375569774250697,0.2930270400332639,0.045672916021123756
v11_soft_raw_rubric,42,subject,Aquaculture,143,0.3006993006993007,0.3696909883010632,-0.03496503496503497,0.03496503496503497,0.7062937062937062,0.5976286545576704,0.5840605002908668,0.8951048951048951,0,0,nan,129,0,0.0,nan,0,nan,0,0.14285714285714285,5,0.8235294117647058,74,0.7307692307692307,64,0.9179292860149912,0.27161946170815515,0.04009621078316422
v11_soft_raw_rubric,42,subject,Automation,47,0.2978723404255319,0.4213072503038035,0.0851063829787234,0.0851063829787234,0.7446808510638298,0.4283168190562658,0.3295292439372324,0.9361702127659575,1,1,1.0,44,0,0.0,nan,0,0.0,0,0.0,0,0.5555555555555556,12,0.8571428571428571,35,1.096230413961327,0.2490590191775156,0.045729464471448523
v11_soft_raw_rubric,42,subject,Basic Medicine,159,0.6352201257861635,0.6414534520940242,0.4968553459119497,0.4968553459119497,0.5911949685534591,0.3764927976709507,0.20292616536236807,0.779874213836478,13,11,0.8461538461538461,124,0,0.0,0.0,0,0.0,0,0.09090909090909091,6,0.5818181818181818,56,0.8695652173913043,97,1.8024417502058612,0.45402705170151736,0.11315540947175434
v11_soft_raw_rubric,42,subject,Biology,130,0.43846153846153846,0.49280633181105293,0.06923076923076923,0.06923076923076923,0.5846153846153846,0.34658922963450206,0.3654114365411436,0.9153846153846154,3,2,0.6666666666666666,119,0,0.0,nan,0,0.0,0,0.0,1,0.6607142857142857,70,0.6190476190476191,59,1.0514146108070754,0.3014450282076349,0.04624249912557399
v11_soft_raw_rubric,42,subject,Business Administration,123,0.7560975609756098,0.8005142415311268,0.4634146341463415,0.4634146341463415,0.4959349593495935,0.354960920382994,0.25416651537707424,0.6910569105691057,19,17,0.8947368421052632,87,0,0.0,0.0,0,0.0,0,0.0,4,0.6774193548387096,59,0.7142857142857143,60,2.115536089305674,0.5655729437081202,0.1322400633503409
v11_soft_raw_rubric,42,subject,Chemistry,140,0.4357142857142857,0.44233738588759935,0.07857142857142857,0.07857142857142857,0.6214285714285714,0.40772162280626406,0.36727688787185353,0.8642857142857143,1,1,1.0,124,1,0.008064516129032258,nan,1,0.0,0,0.06666666666666667,4,0.6415094339622641,63,0.7323943661971831,72,1.0371530112134475,0.2719425511184238,0.047926064429356
v11_soft_raw_rubric,42,subject,Chinese,84,0.42857142857142855,0.4220173616411644,0.2857142857142857,0.2857142857142857,0.6309523809523809,0.5147182112833762,0.41104294478527603,0.8214285714285714,2,2,1.0,71,0,0.0,nan,0,0.0,0,0.0,2,0.6,35,0.8888888888888888,47,0.9609891962600294,0.28709791916095107,0.052521179123027784
v11_soft_raw_rubric,42,subject,Clinical Medicine,64,0.265625,0.33148035178889435,0.015625,0.015625,0.734375,0.615466018080843,0.5952380952380952,0.921875,0,0,nan,59,0,0.0,nan,0,nan,0,0.0,0,0.8260869565217391,32,0.7777777777777778,32,0.6749342198921197,0.2287690299657209,0.030719294456752956
v11_soft_raw_rubric,42,subject,Computer Science,95,0.42105263157894735,0.4728892626105787,-0.10526315789473684,0.10526315789473684,0.6526315789473685,0.4996430198996759,0.4711729622266402,0.8736842105263158,2,1,0.5,88,1,0.011363636363636364,0.0,0,nan,1,0.4,9,0.5925925925925926,34,0.7213114754098361,51,0.9487318672356925,0.29535917927986033,0.06000903876987489
v11_soft_raw_rubric,42,subject,Crop Science,98,0.41836734693877553,0.5033285287362692,0.17346938775510204,0.17346938775510204,0.6632653061224489,0.5674337744900837,0.43966547192353644,0.8163265306122449,4,3,0.75,80,0,0.0,0.0,0,0.0,0,0.14285714285714285,5,0.7741935483870968,46,0.7959183673469388,47,1.2619847694946569,0.3190596383314792,0.06505572116978786
v11_soft_raw_rubric,42,subject,English,95,0.43157894736842106,0.4599008433040533,0.2,0.2,0.6421052631578947,0.31919686496154986,0.28629968583526844,0.8947368421052632,1,1,1.0,86,0,0.0,nan,0,0.0,0,0.125,3,0.5,28,0.8269230769230769,64,1.0426950942766817,0.3541958748964092,0.05731144017475182
v11_soft_raw_rubric,42,subject,General Pedagogy,91,0.3626373626373626,0.4340024371429749,0.03296703296703297,0.03296703296703297,0.6813186813186813,0.5630692237109589,0.510936132983377,0.8461538461538461,2,1,0.5,79,0,0.0,0.0,0,0.0,0,0.1,5,0.8333333333333334,50,0.7209302325581395,36,1.087707627701411,0.2732712244935559,0.05027752888918407
v11_soft_raw_rubric,42,subject,Geography,72,0.3472222222222222,0.3779617818465353,0.20833333333333334,0.20833333333333334,0.6666666666666666,0.530190690820186,0.4926931106471816,0.9166666666666666,1,1,1.0,66,0,0.0,nan,0,0.0,0,0.0,0,0.5185185185185185,25,0.8717948717948718,47,0.9047861385346242,0.22546889946142498,0.037082027263738326
v11_soft_raw_rubric,42,subject,History,173,0.4277456647398844,0.49100282338454737,0.17341040462427745,0.17341040462427745,0.6473988439306358,0.4275552360246003,0.3319994383600111,0.884393063583815,6,6,1.0,152,0,0.0,0.0,0,0.0,0,0.13333333333333333,3,0.6865671641791045,80,0.7529411764705882,90,1.2376162595914473,0.3214164026467902,0.06061688320131461
v11_soft_raw_rubric,42,subject,Law,52,0.4230769230769231,0.49058190312549116,0.11538461538461539,0.11538461538461539,0.6923076923076923,0.48712826451254193,0.4037417018708509,0.8653846153846154,3,3,1.0,44,0,0.0,nan,0,0.0,0,0.6,5,0.6428571428571429,17,0.8,30,1.1399318034297836,0.3212133915702303,0.06836970096604571
v11_soft_raw_rubric,42,subject,Literature and Art,143,0.3006993006993007,0.3653732065578167,0.09090909090909091,0.09090909090909091,0.7412587412587412,0.59656676691987,0.500148113039872,0.9090909090909091,2,2,1.0,131,0,0.0,0.0,0,nan,0,0.0,1,0.7708333333333334,61,0.8313253012048193,81,0.8915643254016798,0.23144258617255606,0.039625060904354296
v11_soft_raw_rubric,42,subject,Mathematics,158,0.4810126582278481,0.5347581972732107,0.0379746835443038,0.0379746835443038,0.6075949367088608,0.47730440927041085,0.3664212463844333,0.8354430379746836,7,4,0.5714285714285714,132,1,0.007575757575757576,0.0,1,0.0,0,0.10526315789473684,6,0.8478260869565217,86,0.6395348837209303,65,1.1473530588477014,0.3492357936381837,0.06976853713304548
v11_soft_raw_rubric,42,subject,Military Science,86,0.3488372093023256,0.3958553018018963,0.20930232558139536,0.20930232558139536,0.7093023255813954,0.462863517453624,0.4264754918306102,0.8953488372093024,0,0,nan,77,0,0.0,nan,0,nan,0,0.2222222222222222,4,0.48148148148148145,19,0.92,63,0.980226539319536,0.27507046410194785,0.046451191727016825
v11_soft_raw_rubric,42,subject,Physical Education,66,0.5303030303030303,0.5128577971238669,-0.045454545454545456,0.045454545454545456,0.5454545454545454,0.29428598072976725,0.34839842035980695,0.8333333333333334,1,1,1.0,59,0,0.0,nan,0,0.0,1,0.16666666666666666,6,0.35294117647058826,20,0.6904761904761905,39,1.1487789148246028,0.35694919510895406,0.060828815298448705
v11_soft_raw_rubric,42,subject,Physics,171,0.25146198830409355,0.3213584604024829,0.09941520467836257,0.09941520467836257,0.7602339181286549,0.6292092289739957,0.6279683377308707,0.9298245614035088,0,0,nan,156,0,0.0,nan,0,nan,0,0.26666666666666666,5,0.7142857142857143,66,0.8709677419354839,100,0.8257128495206193,0.20534661811412053,0.029724382062318176
v11_soft_raw_rubric,42,subject,Psychology,124,0.3790322580645161,0.40811652384007857,0.024193548387096774,0.024193548387096774,0.6693548387096774,0.37049006567270465,0.27097227097227095,0.9516129032258065,2,2,1.0,120,0,0.0,0.0,0,nan,0,0.0,2,0.7301587301587301,68,0.6491228070175439,54,0.8638809396373718,0.2523416247753575,0.04441913431947627
v11_soft_raw_rubric,42,subject,Public Administration,119,0.3865546218487395,0.43350835689576445,0.0,0.0,0.6470588235294118,0.364599178561828,0.36589698046181174,0.9243697478991597,0,0,nan,110,0,0.0,nan,0,nan,0,0.2222222222222222,4,0.6956521739130435,56,0.671875,59,0.8753101202365002,0.2889813955891702,0.045693701022815426
v11_soft_raw_rubric,42,subject,Sociology,36,0.5555555555555556,0.5908338477683073,0.05555555555555555,0.05555555555555555,0.5,0.3905867658430857,0.4193548387096774,0.7222222222222222,1,0,0.0,28,0,0.0,nan,0,0.0,0,0.14285714285714285,5,0.6153846153846154,18,0.6,13,1.3418963507825787,0.3546067724049562,0.06997652375213433
v11_soft_raw_rubric,42,subject,Theoretical Economics,130,0.5307692307692308,0.5688010120562841,0.08461538461538462,0.08461538461538462,0.6,0.3088665148556497,0.22360916819111154,0.7923076923076923,5,5,1.0,109,0,0.0,nan,0,0.0,0,0.1875,12,0.7021276595744681,59,0.6774193548387096,59,1.3698496439556018,0.41564553210408683,0.08173909837844937
v11_soft_raw_rubric,43,language,en,1341,0.4272930648769575,0.4701234513965625,0.12453392990305742,0.12453392990305742,0.6614466815809098,0.39444826270995476,0.3233032188534045,0.883668903803132,46,40,0.8695652173913043,1198,2,0.001669449081803005,0.1,3,0.0,1,0.1134020618556701,39,0.5967741935483871,454,0.7905569007263923,844,1.1648182052592,0.30279392436778313,0.05910280225220292
v11_soft_raw_rubric,43,language,zh,1313,0.4105102817974105,0.45932202860217125,0.1012947448591013,0.1012947448591013,0.6367098248286367,0.47493722625465634,0.4541399341565635,0.8636709824828637,30,24,0.8,1129,0,0.0,0.21428571428571427,3,0.0,0,0.19480519480519481,61,0.7369337979094077,719,0.6846846846846847,530,1.0952101803786571,0.3242672998809574,0.05653382614406427
v11_soft_raw_rubric,43,metric_group,Factual & Reasoning Accuracy,788,0.4467005076142132,0.5073311304644197,0.15736040609137056,0.15736040609137056,0.6725888324873096,0.3675574459148731,0.31391022218571607,0.8883248730964467,33,28,0.8484848484848485,701,2,0.0028530670470756064,0.2,6,0.0,0,0.09259259259259259,14,0.5918367346938775,247,0.801980198019802,521,1.2010319709353203,0.3436892707589094,0.07163017984953379
v11_soft_raw_rubric,43,metric_group,Pedagogical Application,714,0.4565826330532213,0.5011046035230948,0.09803921568627451,0.09803921568627451,0.5980392156862745,0.44527214413523303,0.42201309997781644,0.8011204481792717,24,17,0.7083333333333334,574,0,0.0,0.0,0,0.0,1,0.22413793103448276,61,0.7730061349693251,438,0.6008064516129032,214,1.2200960721336411,0.33884515931658765,0.059554334772286624
v11_soft_raw_rubric,43,metric_group,Scenario Adaptability,1152,0.3767361111111111,0.41315950881596236,0.0920138888888889,0.0920138888888889,0.6649305555555556,0.44118604953388985,0.3972510997123244,0.9088541666666666,19,19,1.0,1052,0,0.0,0.0,0,0.0,0,0.12345679012345678,25,0.6533018867924528,488,0.7627388535031847,639,1.0264499926122497,0.27695054532190105,0.0473258635403778
v11_soft_raw_rubric,43,original_label,1,24,2.8333333333333335,2.86618840355616,2.8333333333333335,2.8333333333333335,0.16666666666666666,nan,0.0,0.16666666666666666,24,20,0.8333333333333334,0,0,nan,0.16666666666666666,4,nan,0,nan,0,nan,12,nan,8,6.643248026232343,1.2660898118093884,0.6115014336159605
v11_soft_raw_rubric,43,original_label,2,52,2.269230769230769,2.2098059347286445,2.269230769230769,2.269230769230769,0.0,nan,0.0,0.0,52,44,0.8461538461538461,0,0,nan,nan,0,0.0,0,nan,8,nan,22,nan,22,5.98109507021967,1.4027697172347853,0.4713497113673148
v11_soft_raw_rubric,43,original_label,3,251,1.0318725099601593,1.0097664522654193,1.0239043824701195,1.0239043824701195,0.16334661354581673,nan,0.0,0.16334661354581673,0,0,nan,0,0,nan,nan,0,nan,1,0.16334661354581673,41,nan,160,nan,49,2.5543327291429163,0.7753678755176339,0.15053334235939567
v11_soft_raw_rubric,43,original_label,4,946,0.3181818181818182,0.3275658773034144,0.2357293868921776,0.2357293868921776,0.6818181818181818,nan,0.0,0.9587737843551797,0,0,nan,946,0,0.0,nan,0,nan,0,nan,39,0.6818181818181818,645,nan,262,0.9779508646505475,0.2553390606326599,0.035872234929053476
v11_soft_raw_rubric,43,original_label,5,1381,0.2650253439536568,0.3522796829388511,-0.2650253439536568,0.2650253439536568,0.7480086893555394,nan,0.0,0.9898624185372918,0,0,nan,1381,2,0.001448225923244026,nan,2,nan,0,nan,12,nan,334,0.7480086893555394,1033,0.6975367493370562,0.21166643622580575,0.030833127425332486
v11_soft_raw_rubric,43,human_entropy_band,zero,1169,0.38323353293413176,0.4443242426683749,0.10949529512403763,0.10949529512403763,0.7211291702309667,0.5083781119806696,0.4048224252550747,0.8793840889649273,53,44,0.8301886792452831,1031,2,0.0019398642095053346,0.2,6,0.0,0,0.16470588235294117,38,0.7609427609427609,418,0.8160762942779292,707,0.9453914721578044,0.40127244650190796,0.0750863611112161
v11_soft_raw_rubric,43,human_entropy_band,low,1485,0.4471380471380471,0.48088237858458643,0.11582491582491583,0.11582491582491583,0.5925925925925926,0.397879507442846,0.3883678689253809,0.8693602693602693,23,20,0.8695652173913043,1296,0,0.0,0.0,0,0.0,1,0.16265060240963855,62,0.6456086286594761,755,0.6707882534775889,667,1.276006430395482,0.24425732482165918,0.044249033945016086
v11_soft_raw_rubric,43,subject,Applied Economics,55,0.3090909090909091,0.3641796868687422,0.2,0.2,0.7090909090909091,0.46538603160799913,0.4145658263305322,0.9636363636363636,0,0,nan,53,0,0.0,nan,0,nan,0,0.0,0,0.5925925925925926,20,0.8846153846153846,35,1.0650006964909249,0.25981332840511284,0.041798293884002136
v11_soft_raw_rubric,43,subject,Aquaculture,143,0.3006993006993007,0.37710737974955727,-0.1048951048951049,0.1048951048951049,0.6993006993006993,0.5944443459502815,0.5910209511140672,0.9300699300699301,0,0,nan,129,0,0.0,nan,0,nan,0,0.2857142857142857,4,0.9215686274509803,86,0.6282051282051282,53,0.8713239940198938,0.2652534444286048,0.03660492000608463
v11_soft_raw_rubric,43,subject,Automation,47,0.46808510638297873,0.4706416487537229,-0.0425531914893617,0.0425531914893617,0.6170212765957447,0.09914773911941004,-0.008042895442359255,0.9361702127659575,1,1,1.0,44,0,0.0,nan,0,0.0,0,0.0,0,0.6666666666666666,18,0.6571428571428571,29,1.1853802009824934,0.3403199221839643,0.06216714000469039
v11_soft_raw_rubric,43,subject,Basic Medicine,159,0.5911949685534591,0.623055156684094,0.46540880503144655,0.46540880503144655,0.6289308176100629,0.4124119408846411,0.25271921579159395,0.8364779874213837,13,12,0.9230769230769231,124,0,0.0,0.0,0,0.0,0,0.4090909090909091,10,0.5818181818181818,53,0.855072463768116,96,1.8563034528759947,0.4204512244842869,0.1083486606280081
v11_soft_raw_rubric,43,subject,Biology,130,0.3923076923076923,0.4286734478328333,0.13076923076923078,0.13076923076923078,0.6384615384615384,0.4190357151299248,0.3975079775110165,0.9153846153846154,3,2,0.6666666666666666,119,0,0.0,nan,0,0.0,0,0.0,1,0.6607142857142857,62,0.7301587301587301,67,1.0247446374423466,0.25818069858355724,0.04028239182320827
v11_soft_raw_rubric,43,subject,Business Administration,123,0.7642276422764228,0.7925636274580758,0.4878048780487805,0.4878048780487805,0.5284552845528455,0.28662397185896776,0.18046998137268955,0.6910569105691057,19,17,0.8947368421052632,87,0,0.0,0.0,0,0.0,0,0.0,4,0.7741935483870968,56,0.7321428571428571,63,2.1626989006331288,0.5412747008518543,0.13523619147604818
v11_soft_raw_rubric,43,subject,Chemistry,140,0.4142857142857143,0.4512722544777825,0.04285714285714286,0.04285714285714286,0.6357142857142857,0.4134370248625999,0.37777777777777777,0.8571428571428571,1,1,1.0,124,0,0.0,nan,0,0.0,0,0.06666666666666667,6,0.7169811320754716,68,0.704225352112676,66,1.1247377973924455,0.300278208563166,0.05210117031416322
v11_soft_raw_rubric,43,subject,Chinese,84,0.4166666666666667,0.4356088045509557,0.2261904761904762,0.2261904761904762,0.6309523809523809,0.5422610478194178,0.47058823529411764,0.8214285714285714,2,2,1.0,71,0,0.0,nan,0,0.0,1,0.0,2,0.6285714285714286,37,0.8611111111111112,44,1.14138115243829,0.32931901292330884,0.05805880294584983
v11_soft_raw_rubric,43,subject,Clinical Medicine,64,0.203125,0.30503456683918806,-0.046875,0.046875,0.796875,0.7214132918713758,0.7037037037037037,0.9375,0,0,nan,59,0,0.0,nan,0,nan,0,0.2,1,0.9565217391304348,34,0.7777777777777778,29,0.6450222161140726,0.21033721334890793,0.02756949444536965
v11_soft_raw_rubric,43,subject,Computer Science,95,0.3473684210526316,0.40574640229761993,-0.031578947368421054,0.031578947368421054,0.6842105263157895,0.49991975539433914,0.588048651507139,0.9263157894736842,2,1,0.5,88,0,0.0,0.5,1,nan,0,0.2,3,0.6666666666666666,38,0.7377049180327869,53,0.950268891349837,0.3202144425392869,0.05110499217206445
v11_soft_raw_rubric,43,subject,Crop Science,98,0.5306122448979592,0.5558299490080879,0.14285714285714285,0.14285714285714285,0.5612244897959183,0.44650319658468945,0.3734231899084154,0.7857142857142857,4,4,1.0,80,0,0.0,0.0,0,0.0,0,0.07142857142857142,5,0.6451612903225806,49,0.6938775510204082,44,1.3292966446907883,0.35105718831795374,0.06910112715528507
v11_soft_raw_rubric,43,subject,English,95,0.29473684210526313,0.41091321579813483,0.10526315789473684,0.10526315789473684,0.7157894736842105,0.5815779386669855,0.5947098976109215,0.9157894736842105,1,0,0.0,86,0,0.0,nan,0,0.0,0,0.125,2,0.7058823529411765,39,0.8269230769230769,54,0.9658548550127385,0.2849206503619971,0.04378515569624225
v11_soft_raw_rubric,43,subject,General Pedagogy,91,0.5054945054945055,0.5543425149283016,-0.10989010989010989,0.10989010989010989,0.5604395604395604,0.4025904134312461,0.346839546191248,0.8131868131868132,2,2,1.0,79,0,0.0,0.0,0,0.0,0,0.3,11,0.6944444444444444,51,0.5348837209302325,29,1.175475046823107,0.36634668266383824,0.06658392404159924
v11_soft_raw_rubric,43,subject,Geography,72,0.3055555555555556,0.36466857249886037,0.2222222222222222,0.2222222222222222,0.7083333333333334,0.6119511267806343,0.55,0.9166666666666666,1,1,1.0,66,0,0.0,nan,0,0.0,0,0.0,0,0.5555555555555556,24,0.9230769230769231,48,0.8846282940066356,0.21406001570235064,0.03396004881526488
v11_soft_raw_rubric,43,subject,History,173,0.43352601156069365,0.4731394478944702,0.14450867052023122,0.14450867052023122,0.6473988439306358,0.4257808047576814,0.3427268822888102,0.8670520231213873,6,5,0.8333333333333334,152,0,0.0,0.0,0,0.0,0,0.2,9,0.6567164179104478,73,0.7647058823529411,91,1.1272883840707104,0.30635898669290024,0.05896236676573301
v11_soft_raw_rubric,43,subject,Law,52,0.46153846153846156,0.5523966527522405,0.15384615384615385,0.15384615384615385,0.6346153846153846,0.4705994883420397,0.4218653489808524,0.8461538461538461,3,3,1.0,44,0,0.0,nan,0,0.0,0,0.4,4,0.5,17,0.8,31,1.2129548535740524,0.38189600645377175,0.07843434042605034
v11_soft_raw_rubric,43,subject,Literature and Art,143,0.2867132867132867,0.3337398781561373,0.1048951048951049,0.1048951048951049,0.7412587412587412,0.6199002918433051,0.5589245184193681,0.9300699300699301,2,2,1.0,131,0,0.0,0.0,0,nan,0,0.2,2,0.7083333333333334,57,0.8433734939759037,84,0.8538951909633614,0.190950241354644,0.03198510488428483
v11_soft_raw_rubric,43,subject,Mathematics,158,0.5443037974683544,0.5350365178399603,0.0379746835443038,0.0379746835443038,0.5886075949367089,0.38792947521834137,0.3320180383314544,0.810126582278481,7,5,0.7142857142857143,132,2,0.015151515151515152,0.3333333333333333,3,0.0,0,0.15789473684210525,10,0.6739130434782609,70,0.6744186046511628,75,1.0481286874937479,0.31862838932853693,0.0666753770776438
v11_soft_raw_rubric,43,subject,Military Science,86,0.4069767441860465,0.39711707237511484,0.1511627906976744,0.1511627906976744,0.6511627906976745,0.42835641184702855,0.37073170731707317,0.8372093023255814,0,0,nan,77,0,0.0,nan,0,nan,0,0.0,5,0.4444444444444444,22,0.88,59,1.0937006802870066,0.3132022395249864,0.050958355550794934
v11_soft_raw_rubric,43,subject,Physical Education,66,0.5,0.5899503049512133,-0.13636363636363635,0.13636363636363635,0.5303030303030303,0.2997760166880257,0.35362625727898356,0.8939393939393939,1,0,0.0,59,0,0.0,nan,0,0.0,0,0.16666666666666666,3,0.7058823529411765,35,0.5238095238095238,28,1.4008551297873393,0.4834712534122459,0.07914895627032495
v11_soft_raw_rubric,43,subject,Physics,171,0.2573099415204678,0.35030579427026676,0.07017543859649122,0.07017543859649122,0.7543859649122807,0.6239647274501591,0.6246913580246913,0.9239766081871345,0,0,nan,156,0,0.0,nan,0,nan,0,0.26666666666666666,6,0.7301587301587301,69,0.8494623655913979,96,0.8533361252002708,0.21845448727292938,0.032125297364094654
v11_soft_raw_rubric,43,subject,Psychology,124,0.3387096774193548,0.3986624545524251,0.0,0.0,0.6774193548387096,0.40346975880299674,0.6077568422500343,0.9596774193548387,2,0,0.0,120,0,0.0,1.0,2,nan,0,0.0,3,0.6825396825396826,61,0.6842105263157895,58,0.9286430633712461,0.26605188753954184,0.04126155102166688
v11_soft_raw_rubric,43,subject,Public Administration,119,0.4117647058823529,0.41408068057601943,-0.025210084033613446,0.025210084033613446,0.6050420168067226,0.3833776601479733,0.39033349444175935,0.8991596638655462,0,0,nan,110,0,0.0,nan,0,nan,0,0.1111111111111111,5,0.6304347826086957,57,0.65625,57,0.9048933181281871,0.3221297492356105,0.04847137169495247
v11_soft_raw_rubric,43,subject,Sociology,36,0.5277777777777778,0.5438249223402131,0.25,0.25,0.5833333333333334,0.325660296051176,0.32499999999999996,0.8333333333333334,1,1,1.0,28,0,0.0,nan,0,0.0,0,0.2857142857142857,2,0.6923076923076923,17,0.6666666666666666,17,1.3838776302201905,0.3725276815730838,0.07250098886130452
v11_soft_raw_rubric,43,subject,Theoretical Economics,130,0.4307692307692308,0.4846670396619533,0.23076923076923078,0.23076923076923078,0.6384615384615384,0.48556925621286445,0.39138576779026213,0.8538461538461538,5,5,1.0,109,0,0.0,nan,0,0.0,0,0.125,2,0.6808510638297872,60,0.7903225806451613,68,1.0637246085348497,0.3181076593604013,0.05941637876835448
v11_soft_raw_rubric,44,language,en,1341,0.4235645041014168,0.471065750108391,0.12378821774794929,0.12378821774794929,0.6614466815809098,0.40310717521393985,0.3320445920303604,0.889634601043997,46,41,0.8913043478260869,1198,2,0.001669449081803005,0.0,2,0.0,0,0.18556701030927836,44,0.5833333333333334,452,0.7893462469733656,843,1.1308489563792379,0.30263865783541,0.0583828406094671
v11_soft_raw_rubric,44,language,zh,1313,0.43335872048743335,0.4716377609498819,0.11043412033511044,0.11043412033511044,0.6351865955826352,0.4365939636646557,0.36661693149122265,0.8484386900228484,30,27,0.9,1129,1,0.0008857395925597874,0.0,0,0.0,2,0.17532467532467533,71,0.7317073170731707,693,0.6972972972972973,547,1.0841876825837788,0.3248074322166802,0.05893237014639213
v11_soft_raw_rubric,44,metric_group,Factual & Reasoning Accuracy,788,0.48223350253807107,0.525293188693369,0.1751269035532995,0.1751269035532995,0.6535532994923858,0.3189488443946955,0.17810362361039878,0.8807106598984772,33,32,0.9696969696969697,701,3,0.0042796005706134095,0.0,2,0.0,1,0.037037037037037035,9,0.5867346938775511,256,0.7881188118811882,520,1.1733239229825176,0.3441203987327001,0.07298626326906678
v11_soft_raw_rubric,44,metric_group,Pedagogical Application,714,0.47198879551820727,0.5065126115037714,0.09663865546218488,0.09663865546218488,0.5952380952380952,0.42578089899588906,0.41118852872866796,0.7927170868347339,24,18,0.75,574,0,0.0,0.0,0,0.0,1,0.2672413793103448,76,0.7361963190184049,409,0.6209677419354839,228,1.1713592907202788,0.3383718360584992,0.060559950182456454
v11_soft_raw_rubric,44,metric_group,Scenario Adaptability,1152,0.3645833333333333,0.4126549598250692,0.09027777777777778,0.09027777777777778,0.6779513888888888,0.46039905332531184,0.416644076985633,0.9088541666666666,19,18,0.9473684210526315,1052,0,0.0,0.0,0,0.0,0,0.14814814814814814,30,0.6650943396226415,480,0.7754777070063694,642,1.023504420878955,0.27738388325577246,0.047670669594800104
v11_soft_raw_rubric,44,original_label,1,24,3.5833333333333335,3.2047529054520965,3.5833333333333335,3.5833333333333335,0.0,nan,0.0,0.0,24,23,0.9583333333333334,0,0,nan,0.0,0,nan,0,nan,1,nan,8,nan,15,5.455022941291208,1.3634822131174253,0.6875573769898443
v11_soft_raw_rubric,44,original_label,2,52,2.2115384615384617,2.173909667575255,2.2115384615384617,2.2115384615384617,0.0,nan,0.0,0.0,52,45,0.8653846153846154,0,0,nan,nan,0,0.0,0,nan,7,nan,27,nan,18,5.951690322250896,1.4102502517034425,0.4625975739984142
v11_soft_raw_rubric,44,original_label,3,251,1.0318725099601593,0.9846628609383636,1.0239043824701195,1.0239043824701195,0.17928286852589642,nan,0.0,0.17928286852589642,0,0,nan,0,0,nan,nan,0,nan,1,0.17928286852589642,45,nan,152,nan,53,2.4153462582177414,0.7529826632656833,0.14569554815121324
v11_soft_raw_rubric,44,original_label,4,946,0.3276955602536998,0.33341512431740544,0.23255813953488372,0.23255813953488372,0.6733615221987315,nan,0.0,0.9534883720930233,0,0,nan,946,1,0.0010570824524312897,nan,0,nan,1,nan,43,0.6733615221987315,637,nan,265,0.9851747835681871,0.25962321382039044,0.0373521026489983
v11_soft_raw_rubric,44,original_label,5,1381,0.2657494569152788,0.3609276559579934,-0.2657494569152788,0.2657494569152788,0.7523533671252716,nan,0.0,0.9847936278059377,0,0,nan,1381,2,0.001448225923244026,nan,2,nan,0,nan,19,nan,321,0.7523533671252716,1039,0.6961413282555147,0.21118885134005275,0.03128781221718142
v11_soft_raw_rubric,44,human_entropy_band,zero,1169,0.397775876817793,0.4587784438185207,0.12574850299401197,0.12574850299401197,0.7125748502994012,0.49507857088246765,0.34974797760005694,0.8725406330196749,53,47,0.8867924528301887,1031,1,0.0009699321047526673,0.0,1,0.0,1,0.1411764705882353,40,0.7407407407407407,412,0.8188010899182562,715,0.9144348923946016,0.40860614293995506,0.07621306839381489
v11_soft_raw_rubric,44,human_entropy_band,low,1485,0.45252525252525255,0.4812441415479439,0.11043771043771043,0.11043771043771043,0.597979797979798,0.3867362249630523,0.3639300026582539,0.8666666666666667,23,21,0.9130434782608695,1296,2,0.0015432098765432098,0.0,1,0.0,1,0.19879518072289157,75,0.6425269645608629,733,0.6769706336939721,675,1.2599545377291383,0.2388215606471236,0.04483266956709672
v11_soft_raw_rubric,44,subject,Applied Economics,55,0.2727272727272727,0.3775720919786305,0.12727272727272726,0.12727272727272726,0.7454545454545455,0.506874452222829,0.46784291405805345,0.9636363636363636,0,0,nan,53,0,0.0,nan,0,nan,0,0.0,0,0.7037037037037037,24,0.8461538461538461,31,0.9639386508486641,0.2377104987455004,0.038143872018649265
v11_soft_raw_rubric,44,subject,Aquaculture,143,0.2937062937062937,0.3699230926982522,-0.06993006993006994,0.06993006993006994,0.7132867132867133,0.5976406680869407,0.5987756663690855,0.916083916083916,0,0,nan,129,0,0.0,nan,0,nan,0,0.2857142857142857,6,0.8627450980392157,77,0.6923076923076923,60,0.8206292439299115,0.2420862361127949,0.03558942650874414
v11_soft_raw_rubric,44,subject,Automation,47,0.44680851063829785,0.47709041250446826,-0.06382978723404255,0.06382978723404255,0.6808510638297872,0.1827773847692145,0.029498525073746285,0.8936170212765957,1,1,1.0,44,0,0.0,nan,0,0.0,0,0.0,2,0.7777777777777778,15,0.7142857142857143,30,1.189953981604346,0.329213496596464,0.0641721759917026
v11_soft_raw_rubric,44,subject,Basic Medicine,159,0.6540880503144654,0.6519022629245682,0.49056603773584906,0.49056603773584906,0.5786163522012578,0.32661307441572435,0.1606825938566554,0.8176100628930818,13,13,1.0,124,0,0.0,0.0,0,0.0,0,0.2727272727272727,6,0.5454545454545454,57,0.8115942028985508,96,1.7707147659344844,0.4317260356426169,0.11349288893573692
v11_soft_raw_rubric,44,subject,Biology,130,0.49230769230769234,0.47771731416439245,0.2,0.2,0.5538461538461539,0.30517293387235034,0.30020703933747406,0.8846153846153846,3,2,0.6666666666666666,119,0,0.0,nan,0,0.0,0,0.0,5,0.42857142857142855,45,0.7619047619047619,80,1.1143505108225913,0.30272139234899176,0.04841984590671693
v11_soft_raw_rubric,44,subject,Business Administration,123,0.8048780487804879,0.8152484252442365,0.3821138211382114,0.3821138211382114,0.44715447154471544,0.2668183547076192,0.18299097715492418,0.6910569105691057,19,18,0.9473684210526315,87,0,0.0,0.0,0,0.0,0,0.0,3,0.7419354838709677,71,0.5714285714285714,49,2.056846238287902,0.5781738349683292,0.13248658690453333
v11_soft_raw_rubric,44,subject,Chemistry,140,0.40714285714285714,0.46940733310785904,0.1357142857142857,0.1357142857142857,0.6285714285714286,0.4288888142123478,0.4157947184853015,0.8642857142857143,1,0,0.0,124,0,0.0,nan,0,0.0,0,0.0,4,0.6226415094339622,59,0.7746478873239436,77,1.1103743743276089,0.28915705487070825,0.05027735907459107
v11_soft_raw_rubric,44,subject,Chinese,84,0.34523809523809523,0.414018691500899,0.20238095238095238,0.20238095238095238,0.7023809523809523,0.609848394935464,0.5568181818181819,0.8690476190476191,2,2,1.0,71,0,0.0,nan,0,0.0,1,0.2727272727272727,4,0.6857142857142857,35,0.8888888888888888,44,1.0748006574208195,0.3001713302485995,0.057501872345879924
v11_soft_raw_rubric,44,subject,Clinical Medicine,64,0.203125,0.30099989636586866,-0.015625,0.015625,0.796875,0.7297280994943193,0.6900149031296572,0.921875,0,0,nan,59,0,0.0,nan,0,nan,0,0.0,0,0.9565217391304348,34,0.8055555555555556,30,0.6433146645760486,0.21543375497184775,0.028471040819811763
v11_soft_raw_rubric,44,subject,Computer Science,95,0.4,0.4521660365030082,0.042105263157894736,0.042105263157894736,0.6526315789473685,0.45906694587458696,0.35748792270531393,0.8947368421052632,2,2,1.0,88,0,0.0,0.0,0,nan,0,0.0,3,0.5555555555555556,35,0.7704918032786885,57,0.8629430867672929,0.2830516613896508,0.05362394617966738
v11_soft_raw_rubric,44,subject,Crop Science,98,0.5102040816326531,0.5401633374034902,0.12244897959183673,0.12244897959183673,0.5816326530612245,0.44224236699157704,0.34521158129175944,0.8163265306122449,4,4,1.0,80,0,0.0,0.0,0,0.0,0,0.21428571428571427,6,0.6774193548387096,49,0.673469387755102,43,1.2043790473171985,0.3386304280604941,0.06747622180657031
v11_soft_raw_rubric,44,subject,English,95,0.2736842105263158,0.36911997067986585,0.10526315789473684,0.10526315789473684,0.7473684210526316,0.6001917418248904,0.5947098976109215,0.9157894736842105,1,0,0.0,86,0,0.0,nan,0,0.0,0,0.125,2,0.7647058823529411,39,0.8461538461538461,54,0.8404371852579616,0.244805336211992,0.03874317005990952
v11_soft_raw_rubric,44,subject,General Pedagogy,91,0.45054945054945056,0.4713153282965962,-0.054945054945054944,0.054945054945054944,0.6153846153846154,0.4743336367515948,0.44357976653696507,0.8241758241758241,2,2,1.0,79,0,0.0,0.0,0,0.0,0,0.4,12,0.6666666666666666,44,0.6511627906976745,35,1.0878873395272077,0.31282775236868277,0.05678310685928223
v11_soft_raw_rubric,44,subject,Geography,72,0.4444444444444444,0.45069405442151717,0.1388888888888889,0.1388888888888889,0.6527777777777778,0.3362177730230605,0.24271844660194164,0.8888888888888888,1,0,0.0,66,1,0.015151515151515152,nan,1,0.0,0,0.0,2,0.5555555555555556,22,0.8205128205128205,47,1.0408323812912392,0.2701061597985178,0.04865410114530613
v11_soft_raw_rubric,44,subject,History,173,0.4393063583815029,0.4785015736350124,0.19653179190751446,0.19653179190751446,0.653179190751445,0.4488584199792258,0.3296775464635189,0.8439306358381503,6,6,1.0,152,0,0.0,0.0,0,0.0,0,0.06666666666666667,8,0.6119402985074627,66,0.8352941176470589,99,1.111476421709662,0.2984729504362527,0.056361803945996956
v11_soft_raw_rubric,44,subject,Law,52,0.4230769230769231,0.5394140834950935,0.11538461538461539,0.11538461538461539,0.6730769230769231,0.48122707041134266,0.3972955569864778,0.8461538461538461,3,2,0.6666666666666666,44,0,0.0,nan,0,0.0,0,0.2,3,0.7857142857142857,21,0.7666666666666667,28,1.203259031142216,0.3639028445584805,0.07531614822569428
v11_soft_raw_rubric,44,subject,Literature and Art,143,0.26573426573426573,0.33906251057998815,0.0979020979020979,0.0979020979020979,0.7832167832167832,0.6266933232304942,0.5165107629888426,0.9300699300699301,2,2,1.0,131,0,0.0,0.0,0,nan,0,0.3,4,0.7708333333333334,54,0.8674698795180723,85,0.8817979678746374,0.2107461730763082,0.03690111001729983
v11_soft_raw_rubric,44,subject,Mathematics,158,0.5632911392405063,0.5553802132332818,0.0189873417721519,0.0189873417721519,0.5632911392405063,0.3507752409944171,0.27578690941727035,0.810126582278481,7,5,0.7142857142857143,132,1,0.007575757575757576,0.0,1,0.0,0,0.10526315789473684,9,0.782608695652174,83,0.5930232558139535,65,1.215092171016166,0.38154554742729624,0.07448230869297613
v11_soft_raw_rubric,44,subject,Military Science,86,0.37209302325581395,0.42089377999253774,0.023255813953488372,0.023255813953488372,0.686046511627907,0.4182112440236059,0.43999999999999995,0.9069767441860465,0,0,nan,77,0,0.0,nan,0,nan,0,0.4444444444444444,7,0.6296296296296297,29,0.76,50,1.0554502600251838,0.28712408411593765,0.047090070175372645
v11_soft_raw_rubric,44,subject,Physical Education,66,0.42424242424242425,0.480025969609945,-0.030303030303030304,0.030303030303030304,0.6363636363636364,0.34708452194037404,0.39014373716632456,0.9242424242424242,1,1,1.0,59,0,0.0,nan,0,0.0,0,0.5,4,0.6470588235294118,26,0.6666666666666666,36,1.081495227603312,0.3797007630131209,0.059906129767096375
v11_soft_raw_rubric,44,subject,Physics,171,0.26900584795321636,0.350491046574718,0.0935672514619883,0.0935672514619883,0.7485380116959064,0.6161448338712567,0.6067922525868932,0.9122807017543859,0,0,nan,156,0,0.0,nan,0,nan,0,0.26666666666666666,8,0.6666666666666666,61,0.8817204301075269,102,0.8541140440811378,0.21623241050427366,0.03253319714374971
v11_soft_raw_rubric,44,subject,Psychology,124,0.43548387096774194,0.4341147678119479,0.08064516129032258,0.08064516129032258,0.6209677419354839,0.296096279252319,0.17839986748384962,0.9354838709677419,2,2,1.0,120,0,0.0,0.0,0,nan,0,0.0,4,0.6031746031746031,57,0.6842105263157895,63,0.9273044891272294,0.30509853666945547,0.049349347711407816
v11_soft_raw_rubric,44,subject,Public Administration,119,0.3445378151260504,0.4023794161721355,0.008403361344537815,0.008403361344537815,0.6638655462184874,0.4794715184921678,0.48339222614840993,0.9159663865546218,0,0,nan,110,0,0.0,nan,0,nan,0,0.1111111111111111,3,0.6956521739130435,57,0.71875,59,0.8613825554950797,0.28720646610545564,0.04365724391483261
v11_soft_raw_rubric,44,subject,Sociology,36,0.5,0.5640379467361325,0.0,0.0,0.5277777777777778,0.4374535230321356,0.4117647058823529,0.8333333333333334,1,1,1.0,28,0,0.0,nan,0,0.0,0,0.2857142857142857,2,0.8461538461538461,26,0.4,8,1.3924770037299163,0.3904552024367986,0.06872536047734609
v11_soft_raw_rubric,44,subject,Theoretical Economics,130,0.47692307692307695,0.5068116892380116,0.12307692307692308,0.12307692307692308,0.6384615384615384,0.4016319084568278,0.3016759776536312,0.8153846153846154,5,5,1.0,109,1,0.009174311926605505,nan,0,0.0,1,0.1875,8,0.723404255319149,59,0.7419354838709677,62,1.114295758599519,0.35019800491208763,0.06933841434515922
