synthetic_plan_id,synthetic_id,source_record_id,source_split,source_file,source_row_index,source_question_key,source_triple_key,question,rubric_text,target_label_5,planned_target_label_5,language,metric_canonical,error_type,planned_error_type,current_label_5,human_label_5,scenario_canonical,subject_canonical,education_level_canonical,selected,selected_for_generation,allowed_for_training,selection_status,question_overlap_with_dev,question_overlap_with_test,triple_overlap_with_dev,triple_overlap_with_test,record_overlap_with_dev,record_overlap_with_test,source_question_in_dev,source_question_in_test,source_triple_in_dev,source_triple_in_test,source_risk_level,batch96_source_question_reuse_count,topup1_source_question_reuse_count,prior_source_question_reuse_count,topup2_source_question_reuse_count,source_reuse_status,question_preview,source_answer_preview,rubric_preview,selection_notes
topup2_001,syn_f6c02480efb8cf07,159b7386821c4d4e9f8f4255c2956a44b2f8ab69,train,results_merge.jsonl,1120,da69ef32c130849651e10f0a43d98fab2dd1a2c6,c1ab2a959c13a5cd13566a2f0ab03233d873c28e,"Subject:Theoretical Economics
Education Level:Undergraduate
Question:What is the Nash Equilibrium in a game theory context, and how can it be identified in a simple two-player game?
. Please generate the corresponding answer based on the question. ""Answer"":, in JSON format.","[""5: Reasoning is complete, clear, and rigorous; all steps are correct; arguments are strong and free of logical fallacies."", ""4: Reasoning is largely correct and logically coherent with minor issues in individual steps or details that do not affect the conclusion."", ""3: Reasoning is visible but contains unclear logic, missing steps, or insufficient argumentation, affecting the overall outcome."", ""2: Reasoning has major logical flaws, confusion in steps, or critical omissions; reliability is low."", ""1: Virtually no valid reasoning; logic is chaotic; steps are incorrect or irrelevant.""]",3,3,en,Reasoning Process Rigor,reasoning_gap,reasoning_gap,5,5,Question Answering,Theoretical Economics,Undergraduate,True,True,True,exact_metric_language,False,False,False,False,False,False,False,False,False,False,LOW,1,0,1,1,question_reused_recorded,"Subject:Theoretical Economics\nEducation Level:Undergraduate\nQuestion:What is the Nash Equilibrium in a game theory context, and how can it be identified in a simple two-player game?\n. Please generate the corresponding answer based on the question. ""Answer"":, in JSON format.","```json\n{\n  ""subject"": ""Theoretical Economics"",\n  ""education_level"": ""Undergraduate"",\n  ""question"": ""What is the Nash Equilibrium in a game theory context, and how can it be identified in a simple two-player game?"",\n  ""answer"": {\n    ""definition"": ""Nash Equilibrium is a concept in game theory where each player's strategy is optimal given the strategies of others. In other words, no player has an incentive to deviate from their chosen strategy after considering an opponent's choice. It is a stable state of a game involving two or more players where no player can benefit by changing their strategy as long as other players do not change theirs."",\n    ""identification_process"": ""To iden...","[""5: Reasoning is complete, clear, and rigorous; all steps are correct; arguments are strong and free of logical fallacies."", ""4: Reasoning is largely correct and logically coherent with minor issues in individual steps or details that do not affect the conclusion."", ""3: Reasoning is visible but contains unclear logic, missing steps, or insufficient argumentation, affecting the overall outcome."", ""2: Reasoning has major logical flaws, confusion in steps, or critical omissions; reliability is low."", ""1: Virtually no valid reasoning; logic is chaotic; steps are incorrect or irrelevant.""]",question_seed42/train source; batch96 and topup1 source question reuse minimized and recorded
topup2_002,syn_ad6f5d562a6c5f67,048058816bba705040007e7b0c822282f1c5defa,train,results_merge.jsonl,5201,5521f0a4e2a152535843ec29e0f211a7e46f39b4,258a82948969d7bed958d989cd5cfdc2588538ac,"{'姓名': '李华', '年龄': 17, '年级': '高二', '当前能力水平': {'文学': '中等', '艺术': '初学者'}, '学习目标': '提升文学分析能力，了解艺术基础', '知识薄弱点': {'文学': '诗歌鉴赏', '艺术': '艺术史基础'}, '学习习惯': '喜欢通过视频学习，习惯使用思维导图整理知识点'}
请根据学生画像给出""学习路径规划建议"":和""个性化意见生成"":,以json格式返回","[""5分： 充分融合所有关键场景要素（如学生历史、学习偏好等），输出高度个性化，并与教学情境高度匹配。"", ""4分： 有效使用主要场景要素，回答具有针对性；可能遗漏少量细节，但不影响整体效果。"", ""3分： 使用了部分场景信息，但融合较浅；个性化程度或情境契合度一般。"", ""2分： 仅表层提及场景信息，未有效融合核心要素；与上下文连接较弱。"", ""1分： 完全忽视场景特定信息；输出通用、模板化，且与场景不相关。""]",2,2,zh,Scenario Element Integration,scenario_mismatch,scenario_mismatch,5,5,Personalized Content Creation,Literature and Art,PhD,True,True,True,exact_metric_language,False,False,False,False,False,False,False,False,False,False,LOW,1,0,1,1,question_reused_recorded,"{'姓名': '李华', '年龄': 17, '年级': '高二', '当前能力水平': {'文学': '中等', '艺术': '初学者'}, '学习目标': '提升文学分析能力，了解艺术基础', '知识薄弱点': {'文学': '诗歌鉴赏', '艺术': '艺术史基础'}, '学习习惯': '喜欢通过视频学习，习惯使用思维导图整理知识点'}\n请根据学生画像给出""学习路径规划建议"":和""个性化意见生成"":,以json格式返回","```json\n{\n  ""学习路径规划建议"": {\n    ""文学分析能力提升"": [\n      {\n        ""阶段"": ""基础巩固"",\n        ""内容"": ""诗歌鉴赏基础课程"",\n        ""资源推荐"": ""选择以经典诗歌解析为主的视频课程（如B站UP主'文学课'系列）"",\n        ""方法"": ""每周精析2首诗歌，使用思维导图整理诗歌结构、意象、情感脉络""\n      },\n      {\n        ""阶段"": ""技巧进阶"",\n        ""内容"": ""文学分析方法论"",\n        ""资源推荐"": ""《文学批评方法与实践》配套慕课"",\n        ""方法"": ""通过对比阅读训练（如李白vs王维山水诗），制作对比分析矩阵图""\n      },\n      {\n        ""阶段"": ""实战应用"",\n        ""内容"": ""高考真题演练"",\n        ""方法"": ""每周完成1套诗歌鉴赏模拟题，使用录音复盘分析过程""\n      }\n    ],\n    ""艺术基础构建"": [\n      {\n        ""阶段"": ""通识认知"",\n        ""内容"": ""艺术史时间轴建立"",\n        ""资源推荐"": ""《艺术的故事》图解版+纪录片《文明》"",\n        ""方法"": ""按时期制作艺术发展树状图（附代表作品图片）""\n      },\n      {\n        ""阶段"": ""专题突破"",\n        ""内容"": ""重点...","[""5分： 充分融合所有关键场景要素（如学生历史、学习偏好等），输出高度个性化，并与教学情境高度匹配。"", ""4分： 有效使用主要场景要素，回答具有针对性；可能遗漏少量细节，但不影响整体效果。"", ""3分： 使用了部分场景信息，但融合较浅；个性化程度或情境契合度一般。"", ""2分： 仅表层提及场景信息，未有效融合核心要素；与上下文连接较弱。"", ""1分： 完全忽视场景特定信息；输出通用、模板化，且与场景不相关。""]",question_seed42/train source; batch96 and topup1 source question reuse minimized and recorded
topup2_003,syn_99cf0549fdd9725e,01ffcbf103c1dce7417ed4518a50fc19a77d1ee9,train,results_merge.jsonl,278,1aa181bce1f718f6c1980cd975c0621670e3e5c9,8652c499f71f11b90f80e5f607e632f1896a6108,"Student Profile: Student Profile: {'Name': 'Alex Johnson', 'Research Focus': 'Sustainable aquaculture practices in marine environments', 'Strengths': 'Strong analytical skills, proficient in data analysis software, excellent understanding of marine biology', 'Areas for Improvement': 'Academic writing, presentation skills', 'Learning Preferences': 'Prefers visual aids and hands-on experiments, enjoys collaborative projects'}
Based on the student profile, generate 'personalized learning content or tasks' for each student, returning the result in JSON format.","[""5: Highly personalized content/advice/feedback based on student level/traits/needs; resource and learning path suggestions are accurate, practical, and valuable."", ""4: Demonstrates some adaptation to student situation; provides relevant learning advice or resources with good utility."", ""3: Attempts personalization but with limited effectiveness; recommendations are generic and of limited value."", ""2: Little to no personalization; output is the same for everyone; learning support is insufficient or unrelated."", ""1: No personalization; output may conflict with student needs; offers no or incorrect learning support.""]",1,1,en,"Personalization, Adaptation & Learning Support",scenario_mismatch,scenario_mismatch,5,5,Personalized Learning Support,Aquaculture,PhD,True,True,True,exact_metric_language,False,False,False,False,False,False,False,False,False,False,LOW,1,0,1,1,question_reused_recorded,"Student Profile: Student Profile: {'Name': 'Alex Johnson', 'Research Focus': 'Sustainable aquaculture practices in marine environments', 'Strengths': 'Strong analytical skills, proficient in data analysis software, excellent understanding of marine biology', 'Areas for Improvement': 'Academic writing, presentation skills', 'Learning Preferences': 'Prefers visual aids and hands-on experiments, enjoys collaborative projects'}\nBased on the student profile, generate 'personalized learning content or tasks' for each student, returning the result in JSON format.","```json\n{\n  ""personalized_learning_content"": [\n    {\n      ""task_title"": ""Literature Review on Sustainable Aquaculture Practices"",\n      ""description"": ""Conduct a comprehensive literature review on current sustainable aquaculture practices in marine environments. Focus on identifying gaps and emerging trends."",\n      ""resources"": [\n        ""Access to academic databases (e.g., ScienceDirect, JSTOR)"",\n        ""Guides on academic writing and structuring reviews"",\n        ""Examples of high-impact papers in marine biology""\n      ],\n      ""timeline"": ""3 weeks"",\n      ""outcome"": ""A 10-page draft literature review with annotated bibliography"",\n      ""category"": ""Academic Writing Impr...","[""5: Highly personalized content/advice/feedback based on student level/traits/needs; resource and learning path suggestions are accurate, practical, and valuable."", ""4: Demonstrates some adaptation to student situation; provides relevant learning advice or resources with good utility."", ""3: Attempts personalization but with limited effectiveness; recommendations are generic and of limited value."", ""2: Little to no personalization; output is the same for everyone; learning support is insufficient or unrelated."", ""1: No personalization; output may conflict with student needs; offers no or incorrect learning support.""]",question_seed42/train source; batch96 and topup1 source question reuse minimized and recorded
topup2_004,syn_e54d94869fdf4a9a,0b24303ee333541742acab0e6ac342abe677c221,train,results_merge.jsonl,2975,146b2dc09c3ee483b0b899e1eff2aed8f9f80520,46f9e3dc252e5f89c72605435d4a670c595e6bc0,"学生画像：学生的画像：{'姓名': '李明', '年级': '大二', '专业': '数学与应用数学', '学习风格': '视觉学习者，喜欢利用图表和图形理解概念', '学习目标': '提高微积分和线性代数的应用能力', '学习挑战': '在抽象概念的理解上有所困难，需要更多实际应用的例子'}
请根据学生画像，为每位学生生成 ‘个性化的学习内容或任务’:,以json格式返回","[""5分： 交互或内容设计巧妙，能显著促进学生的批判性思维、创新思维、问题解决或知识迁移应用能力（例如通过开放性问题、对比分析、案例探究、项目式任务等）。"", ""4分： 能提出引导性问题或设计有一定挑战性的任务，对培养学生的高阶思维和能力（如分析、评估、应用）有积极作用。"", ""3分： 在促进高阶思维方面有所尝试（如提出一些简单的思考题），但深度和广度有限，效果不明显，整体仍偏重知识复述或简单应用。"", ""2分： 交互或内容主要停留在基础知识记忆和理解层面，很少或未能涉及需要高阶思维的活动或问题。"", ""1分： 完全忽视高阶思维培养，仅限于死记硬背或简单重复，甚至可能因提供过于简化或固化的答案而阻碍思维发展。""]",1,1,zh,Higher-Order Thinking & Skill Development,reasoning_gap,reasoning_gap,5,5,Personalized Learning Support,Mathematics,Undergraduate,True,True,True,exact_metric_language,False,False,False,False,False,False,False,False,False,False,LOW,1,0,1,1,question_reused_recorded,"学生画像：学生的画像：{'姓名': '李明', '年级': '大二', '专业': '数学与应用数学', '学习风格': '视觉学习者，喜欢利用图表和图形理解概念', '学习目标': '提高微积分和线性代数的应用能力', '学习挑战': '在抽象概念的理解上有所困难，需要更多实际应用的例子'}\n请根据学生画像，为每位学生生成 ‘个性化的学习内容或任务’:,以json格式返回","```json\n{\n  ""student_name"": ""李明"",\n  ""grade"": ""大二"",\n  ""major"": ""数学与应用数学"",\n  ""personalized_learning_content"": [\n    {\n      ""主题"": ""微积分应用强化"",\n      ""学习资料"": [\n        ""《可视化微积分》电子书（含动态图形解释积分与导数的物理意义）"",\n        ""MIT公开课：微积分在工程中的实际案例（视频+图表）""\n      ],\n      ""任务"": [\n        {\n          ""类型"": ""图表分析"",\n          ""描述"": ""用GeoGebra绘制函数图像，分析其导数/积分的变化趋势，并总结图像与公式的关系"",\n          ""目标"": ""通过视觉化工具强化导数与积分的几何意义""\n        },\n        {\n          ""类型"": ""实际应用题"",\n          ""描述"": ""计算旋转体体积（结合3D建模软件观察结果），撰写一份关于结果与实际工程应用关联的简报"",\n          ""案例"": ""矿泉水瓶身曲线设计中的积分原理""\n        }\n      ],\n      ""挑战支持"": [\n        ""提供质心计算动画（从抽象公式到物体平衡点的可视化过渡）"",\n        ""机械臂运动轨迹微积分分析案例库（20+可视化实例）""\n      ],\n      ""周期"": ""2周"",\...","[""5分： 交互或内容设计巧妙，能显著促进学生的批判性思维、创新思维、问题解决或知识迁移应用能力（例如通过开放性问题、对比分析、案例探究、项目式任务等）。"", ""4分： 能提出引导性问题或设计有一定挑战性的任务，对培养学生的高阶思维和能力（如分析、评估、应用）有积极作用。"", ""3分： 在促进高阶思维方面有所尝试（如提出一些简单的思考题），但深度和广度有限，效果不明显，整体仍偏重知识复述或简单应用。"", ""2分： 交互或内容主要停留在基础知识记忆和理解层面，很少或未能涉及需要高阶思维的活动或问题。"", ""1分： 完全忽视高阶思维培养，仅限于死记硬背或简单重复，甚至可能因提供过于简化或固化的答案而阻碍思维发展。""]",question_seed42/train source; batch96 and topup1 source question reuse minimized and recorded
topup2_005,syn_59df61e0aa71d402,000b1f47c21ee93516a424f0cba80a7188cf3e6f,train,results_merge.jsonl,1729,0e09c1d8b75a16ca2c50f1bccf73028ae1d691ea,4e7c9d0a360e3a31b5e304d688a4787981c62150,"Question: Explain the concept of Nash Equilibrium in game theory and provide an example.
Student's Answer: Nash Equilibrium is a situation in a game where each player's strategy is optimal given the strategies of all other players. No player can benefit by changing their strategy while the other players keep theirs unchanged. An example would be the Prisoner's Dilemma, where both prisoners choose to betray each other although they would receive a better outcome if they both stayed silent.
Please provide ""Score"", ""Scoring Details"", and ""Personalized Feedback"" based on the question and student's answer, in JSON format.","[""5: Precisely identified all errors (no omission or false positives); provided completely correct, clear, and optimal correction suggestions."", ""4: Correctly located most major errors; suggestions are generally accurate and effective with only minor omissions or less-than-perfect advice."", ""3: Identified some errors but with clear omissions or false positives; suggestions are partially correct but may lack clarity, completeness or optimality."", ""2: Inaccurate error detection with critical omissions or many false positives; suggestions contain errors or are hard to comprehend."", ""1: Completely failed to detect errors; provided entirely incorrect or misleading correction advice.""]",2,2,en,Error Identification & Correction Precision,factual_error,factual_error,5,5,Automatic Grading,Theoretical Economics,Undergraduate,True,True,True,exact_metric_language,False,False,False,False,False,False,False,False,False,False,LOW,1,1,2,1,question_reused_recorded,"Question: Explain the concept of Nash Equilibrium in game theory and provide an example.\nStudent's Answer: Nash Equilibrium is a situation in a game where each player's strategy is optimal given the strategies of all other players. No player can benefit by changing their strategy while the other players keep theirs unchanged. An example would be the Prisoner's Dilemma, where both prisoners choose to betray each other although they would receive a better outcome if they both stayed silent.\nPlease provide ""Score"", ""Scoring Details"", and ""Personalized Feedback"" based on the question and student's answer, in JSON format.","{\n  ""Score"": 10,\n  ""Scoring Details"": {\n    ""Explanation"": 5,\n    ""Example"": 5\n  },\n  ""Personalized Feedback"": ""Your answer accurately defines Nash Equilibrium and correctly identifies the Prisoner's Dilemma as an example. You captured the essence of Nash Equilibrium by emphasizing that no player benefits from unilaterally changing their strategy. The example is well-chosen and highlights the tension between individual rationality (betrayal) and collective benefit (mutual silence). To deepen understanding, consider explaining why mutual betrayal is the equilibrium despite the better collective outcome: each prisoner acts in self-interest, fearing the other might betray them. This re...","[""5: Precisely identified all errors (no omission or false positives); provided completely correct, clear, and optimal correction suggestions."", ""4: Correctly located most major errors; suggestions are generally accurate and effective with only minor omissions or less-than-perfect advice."", ""3: Identified some errors but with clear omissions or false positives; suggestions are partially correct but may lack clarity, completeness or optimality."", ""2: Inaccurate error detection with critical omissions or many false positives; suggestions contain errors or are hard to comprehend."", ""1: Completely failed to detect errors; provided entirely incorrect or misleading correction advice.""]",question_seed42/train source; batch96 and topup1 source question reuse minimized and recorded
topup2_006,syn_611b84fa868f98ff,0942860282ba5b6d5c4ccdd37c25684c96145355,train,results_merge.jsonl,3503,77d00ade0a12aec5950865383e8616ee7ef4e5d5,df8416510b570bdcfd3107900e05a5837b866fa8,"问题：考虑一个两部门经济模型，其中一个部门生产消费品，另一个部门生产资本品。假设资本品的生产需要使用消费品作为投入，并且有一个固定的资本折旧率。请分析如何在这个模型中达到动态效率，即如何选择消费和资本的生产以最大化社会福利。

请根据这个问题提供思路。""提供的思路"":,以json格式返回","[""5分： 完全理解并精准执行所有指令，完美达成核心任务目标，格式完全符合要求。"", ""4分： 准确理解主要指令，正确执行任务，核心目标达成度高，格式基本符合要求，可能有极少细节遗漏或偏差。"", ""3分： 理解了指令大意但可能忽略部分细节，任务基本完成但存在一些不准确或遗漏之处，格式有明显尝试但存在较多偏差。"", ""2分： 对指令理解有偏差，任务完成度低或有严重错误，格式多数不符合要求。"", ""1分： 完全误解或无视指令，任务未完成或完全错误，格式混乱或不相关。""]",1,1,zh,Instruction Following & Task Completion,instruction_violation,instruction_violation,5,5,Idea Provision,Applied Economics,PhD,True,True,True,exact_metric_language,False,False,False,False,False,False,False,False,False,False,LOW,1,0,1,1,question_reused_recorded,"问题：考虑一个两部门经济模型，其中一个部门生产消费品，另一个部门生产资本品。假设资本品的生产需要使用消费品作为投入，并且有一个固定的资本折旧率。请分析如何在这个模型中达到动态效率，即如何选择消费和资本的生产以最大化社会福利。\n\n请根据这个问题提供思路。""提供的思路"":,以json格式返回","```json\n{\n  ""分析思路"": {\n    ""模型构建"": {\n      ""生产部门"": [\n        ""消费品部门：使用资本（K_c）和劳动（L_c）生产消费品（Y_c），生产函数为Y_c = F(K_c, L_c)。"",\n        ""资本品部门：使用消费品作为投入（C_k）、资本（K_k）和劳动（L_k）生产资本品（Y_k），生产函数为Y_k = G(C_k, K_k, L_k)。""\n      ],\n      ""资本动态"": ""资本积累方程：K(t+1) = (1 - δ)K(t) + Y_k(t)，其中δ为固定折旧率。"",\n      ""资源约束"": [\n        ""资本分配：K_c(t) + K_k(t) ≤ K(t)。"",\n        ""劳动分配：L_c(t) + L_k(t) ≤ L（假设总劳动固定）。"",\n        ""消费品分配：Y_c(t) = C(t) + C_k(t)，其中C(t)为消费，C_k(t)为资本品生产投入。""\n      ]\n    },\n    ""社会福利函数"": ""最大化跨期效用：∫₀^∞ e^{-ρt} U(C(t)) dt，ρ为时间贴现率，U为效用函数。"",\n    ""动态优化方法"": {\n      ""最优控制理论"": [\n        ""构建哈密尔顿函数，引入协状态变量（影子价格）表示资本的边际价值。"",\n        ""一阶条件：通过求解哈密尔顿函数对控制变量（C, C_k, K_c, K_k等）和状态变量（K）的偏导，推导欧拉方程。"",\n ...","[""5分： 完全理解并精准执行所有指令，完美达成核心任务目标，格式完全符合要求。"", ""4分： 准确理解主要指令，正确执行任务，核心目标达成度高，格式基本符合要求，可能有极少细节遗漏或偏差。"", ""3分： 理解了指令大意但可能忽略部分细节，任务基本完成但存在一些不准确或遗漏之处，格式有明显尝试但存在较多偏差。"", ""2分： 对指令理解有偏差，任务完成度低或有严重错误，格式多数不符合要求。"", ""1分： 完全误解或无视指令，任务未完成或完全错误，格式混乱或不相关。""]",question_seed42/train source; batch96 and topup1 source question reuse minimized and recorded
topup2_007,syn_cddd1f83279de75f,016540423ea53b5e0973f79a57e2d4cb12777b0c,train,results_merge.jsonl,1684,2c3431500658778ea0788f7745c59f0b024746a9,b9fe62ec180cd542bec778a8a5d13cf1df0ba65e,"Question: Which of the following factors is most crucial for determining the success of a crop in a particular region?
A) Soil pH
B) Seed variety
C) Irrigation method
D) Climate conditions

Please provide reasoning based on this question. Do not provide the answer directly.. ""Reasoning Provided"":, return in JSON format","[""5: All stated factual elements (definitions, formulas, dates, terms, syntax, etc.) are completely accurate."", ""4: Vast majority of facts are correct; possibly contains very minor, non-critical typos or omissions."", ""3: Most facts are correct, but there are some notable factual errors that require review."", ""2: Contains several or key factual inaccuracies; information is not trustworthy."", ""1: Riddled with factual errors; information is completely incorrect or misleading.""]",2,2,en,Basic Factual Accuracy,factual_error,factual_error,5,5,Idea Provision,Crop Science,Undergraduate,True,True,True,exact_metric_language,False,False,False,False,False,False,False,False,False,False,LOW,1,0,1,1,question_reused_recorded,"Question: Which of the following factors is most crucial for determining the success of a crop in a particular region?\nA) Soil pH\nB) Seed variety\nC) Irrigation method\nD) Climate conditions\n\nPlease provide reasoning based on this question. Do not provide the answer directly.. ""Reasoning Provided"":, return in JSON format","{\n""reasoning"": ""The success of a crop in a particular region can be influenced by multiple factors including soil pH, seed variety, irrigation method, and climate conditions. However, climate conditions encompass a broad range of elements such as temperature, precipitation, sunlight, and seasonal changes which play a fundamental role in plant growth cycles and overall health. These conditions can significantly affect photosynthesis rates, water availability, and the occurrence of pests and diseases. On the other hand, while soil pH, seed variety, and irrigation methods are also critical, they can often be adjusted or managed within certain limits to suit the crops' needs.""\n}","[""5: All stated factual elements (definitions, formulas, dates, terms, syntax, etc.) are completely accurate."", ""4: Vast majority of facts are correct; possibly contains very minor, non-critical typos or omissions."", ""3: Most facts are correct, but there are some notable factual errors that require review."", ""2: Contains several or key factual inaccuracies; information is not trustworthy."", ""1: Riddled with factual errors; information is completely incorrect or misleading.""]",question_seed42/train source; batch96 and topup1 source question reuse minimized and recorded
topup2_008,syn_26e2c83a2940a46d,0284805df66b2a4fdfe8be98139ba1385f7021bc,train,results_merge.jsonl,5107,85c4c4f06a98174d52ae51ed006345fe8dc8f85b,da757c826ab76c367950884f6789920428e19333,"学科:体育教育学
学制级别:大学
知识点：运动学习与技能习得
问题类型：单选题
.请根据学科,学制级别,知识点,问题类型生成一个对应的问题。""问题""和""提供的思路"":,以json格式返回","[""5分： 在专业领域知识运用上不仅准确，且展现出恰当的深度和严谨性，符合行业标准或学术规范。"", ""4分： 专业知识运用准确，体现了较好的专业水准，但在深度或某些细节的严谨性上略有不足，不影响核心正确性。"", ""3分： 专业知识运用基本准确，但显得较为表层或不够严谨，可能存在一些非核心概念的混淆或遗漏。"", ""2分： 专业知识运用存在明显错误或重大遗漏，体现出专业性不足。"", ""1分： 专业知识运用方面存在严重错误，完全不符合专业标准，可能产生误导。""]",3,3,zh,Domain Knowledge Accuracy,factual_error,factual_error,5,5,Question Generation,Physical Education,Master,True,True,True,exact_metric_language,False,False,False,False,False,False,False,False,False,False,LOW,1,0,1,1,question_reused_recorded,"学科:体育教育学\n学制级别:大学\n知识点：运动学习与技能习得\n问题类型：单选题\n.请根据学科,学制级别,知识点,问题类型生成一个对应的问题。""问题""和""提供的思路"":,以json格式返回","```json\n{\n  ""问题"": ""在运动学习与技能习得过程中，哪一个因素被认为对初学者掌握新技能最为关键？"",\n  ""选项"": [\n    ""A. 使用高级训练设备"",\n    ""B. 明确的目标设定"",\n    ""C. 高强度的体能训练"",\n    ""D. 与其他高水平运动员竞争""\n  ],\n  ""答案"": ""B. 明确的目标设定"",\n  ""提供的思路"": ""在体育教育学中，对于初学者而言，明确具体的学习目标能够帮助他们更好地理解和专注于需要掌握的技能。虽然使用高级训练设备、进行高强度体能训练以及与高水平运动员竞争都有其价值，但对于技能的初步学习来说，理解并设定可达成的目标是更为基础且重要的一步。这有助于提高学习效率，并保持学习者的积极性和动力。""\n}\n```","[""5分： 在专业领域知识运用上不仅准确，且展现出恰当的深度和严谨性，符合行业标准或学术规范。"", ""4分： 专业知识运用准确，体现了较好的专业水准，但在深度或某些细节的严谨性上略有不足，不影响核心正确性。"", ""3分： 专业知识运用基本准确，但显得较为表层或不够严谨，可能存在一些非核心概念的混淆或遗漏。"", ""2分： 专业知识运用存在明显错误或重大遗漏，体现出专业性不足。"", ""1分： 专业知识运用方面存在严重错误，完全不符合专业标准，可能产生误导。""]",question_seed42/train source; batch96 and topup1 source question reuse minimized and recorded
topup2_009,syn_445c7acb94c84581,0362a81a2b2675a908b5f959600c1d353d74b7ba,train,results_merge.jsonl,2577,e8d93a13ed675a8345513b981af0583044d0c9d6,1dccd0a5666dd683f20aba84bd03d96dad8a5bba,"Knowledge Point: Mechanisms of Drug Resistance in Cancer Therapy
Based on this knowledge point, provide ""Teaching Materials"": Teaching materials should include teaching objectives, key points and difficulties, classroom activity design, etc., in JSON format.","[""5: Excellent role-playing (e.g., teacher/TA); language style, professionalism, and tone (e.g., encouraging/serious) are perfectly aligned with the assumed role and audience."", ""4: Role and tone are mostly consistent and appropriate for the scenario, with minor deviation in individual expressions."", ""3: Attempts to match the role and tone can be seen, but overall consistency is weak; some expressions are disconnected from the role/scenario."", ""2: Significant mismatch in role and tone; comes across as unnatural or inconsistent."", ""1: No reflection of assigned role/tone; expression entirely inconsistent with the scenario.""]",1,1,en,Role & Tone Consistency,scenario_mismatch,scenario_mismatch,5,5,Teaching Material Generation,Clinical Medicine,PhD,True,True,True,exact_metric_language,False,False,False,False,False,False,False,False,False,False,LOW,1,1,2,1,question_reused_recorded,"Knowledge Point: Mechanisms of Drug Resistance in Cancer Therapy\nBased on this knowledge point, provide ""Teaching Materials"": Teaching materials should include teaching objectives, key points and difficulties, classroom activity design, etc., in JSON format.","```json\n{\n  ""teaching_materials"": {\n    ""topic"": ""Mechanisms of Drug Resistance in Cancer Therapy"",\n    ""teaching_objectives"": [\n      ""Understand the primary biological mechanisms underlying drug resistance in cancer therapy."",\n      ""Analyze how genetic, epigenetic, and microenvironmental factors contribute to resistance."",\n      ""Evaluate strategies to overcome or mitigate drug resistance in clinical settings.""\n    ],\n    ""key_points"": [\n      ""Genetic mutations (e.g., target gene alterations, activation of bypass pathways)."",\n      ""Drug efflux pumps (e.g., ABC transporters like P-glycoprotein)."",\n      ""Enhanced DNA repair mechanisms (e.g., upregulation of BRCA1/2 in resp...","[""5: Excellent role-playing (e.g., teacher/TA); language style, professionalism, and tone (e.g., encouraging/serious) are perfectly aligned with the assumed role and audience."", ""4: Role and tone are mostly consistent and appropriate for the scenario, with minor deviation in individual expressions."", ""3: Attempts to match the role and tone can be seen, but overall consistency is weak; some expressions are disconnected from the role/scenario."", ""2: Significant mismatch in role and tone; comes across as unnatural or inconsistent."", ""1: No reflection of assigned role/tone; expression entirely inconsistent with the scenario.""]",question_seed42/train source; batch96 and topup1 source question reuse minimized and recorded
topup2_010,syn_8b35e7132a11f258,05719e6a594b02067f38995842cea54ddd2e2bcc,train,results_merge.jsonl,3632,432c5b715a60ffb7a8792d00bb01134c4d2cc68d,89279ee52b51266a40eb93775f5f9f2d1d6e9c8d,"问题：在进行市场细分时，企业通常会考虑以下哪一因素？
A) 生产成本
B) 客户需求
C) 竞争对手定价
D) 产品生命周期

请根据这个问题提供思路。""提供的思路"":,以json格式返回","[""5分： 内容与指定知识点/主题/问题高度相关，且严格控制在要求的难度、范围、学科内，无冗余或无关信息。"", ""4分： 内容主体相关，范围控制良好，可能包含极少量轻微超纲或关联度稍弱的信息。"", ""3分： 内容大部分相关，但包含一些偏离主题或超出范围的部分，范围控制不够精确。"", ""2分： 内容相关性较差，包含较多无关信息，或严重超出指定范围。"", ""1分： 内容基本不相关，或完全脱离指定范围。""]",2,2,zh,Content Relevance & Scope Control,scenario_mismatch,scenario_mismatch,5,5,Idea Provision,Business Administration,Master,True,True,True,exact_metric_language,False,False,False,False,False,False,False,False,False,False,LOW,1,0,1,1,question_reused_recorded,"问题：在进行市场细分时，企业通常会考虑以下哪一因素？\nA) 生产成本\nB) 客户需求\nC) 竞争对手定价\nD) 产品生命周期\n\n请根据这个问题提供思路。""提供的思路"":,以json格式返回","```json\n{\n  ""思路"": [\n    {\n      ""因素分析"": ""市场细分主要是为了更好地满足不同群体消费者的需求，从而提高产品的市场竞争力。因此，在考虑市场细分时，企业首先需要关注的是目标市场的特征。"",\n      ""选项A(生产成本)解释"": ""虽然控制生产成本是企业管理的重要方面之一，但它不是直接用于定义或选择市场细分的标准。生产成本更多地影响企业的定价策略和盈利能力。"",\n      ""选项B(客户需求)解释"": ""这是进行市场细分时最核心的因素之一。通过了解并区分不同客户群体的具体需求，企业能够更精准地定位产品和服务，进而开发出更加符合市场需求的产品。"",\n      ""选项C(竞争对手定价)解释"": ""虽然竞争对手的定价策略会影响企业的市场定位及价格设定，但这并不是市场细分的主要依据。它更多是在确定了目标市场后用来制定竞争策略的一个参考点。"",\n      ""选项D(产品生命周期)解释"": ""产品所处的生命阶段（如引入期、成长期、成熟期或衰退期）会影响营销策略的选择，但并不直接决定如何划分市场细分。不过，对于处在不同生命阶段的产品来说，其目标顾客群体可能会有所变化。"",\n      ""结论"": ""综上所述，在给出的四个选项中，'客户需求'（选项B）是最符合市场细分原则的因素。""\n    }\n  ]\n}\n```","[""5分： 内容与指定知识点/主题/问题高度相关，且严格控制在要求的难度、范围、学科内，无冗余或无关信息。"", ""4分： 内容主体相关，范围控制良好，可能包含极少量轻微超纲或关联度稍弱的信息。"", ""3分： 内容大部分相关，但包含一些偏离主题或超出范围的部分，范围控制不够精确。"", ""2分： 内容相关性较差，包含较多无关信息，或严重超出指定范围。"", ""1分： 内容基本不相关，或完全脱离指定范围。""]",question_seed42/train source; batch96 and topup1 source question reuse minimized and recorded
topup2_011,syn_bcb5850f20b7e888,0c508e06e64a5ef43de51a922c342509945ba089,train,results_merge.jsonl,1823,4acd2f421d6a5a424b3461cdf88a6e42db9e26d0,f18f283fbf3c949f3ab43f38694bdab095fea845,"Question: Which of the following principles is central to the concept of New Public Management (NPM)?

Please provide reasoning based on this question. Do not provide the answer directly.. ""Reasoning Provided"":, return in JSON format","[""5: Extremely clear and concise explanations; fully accessible for target learners; vibrant and engaging delivery that inspires deep thought and interest."", ""4: Clear and easy to understand; appropriate for learner level; somewhat thought-provoking and can trigger reflection."", ""3: Generally understandable but may be wordy, complex, or dull; limited inspirational impact."", ""2: Lacks clarity; uses excessive jargon or complex structures; difficult to comprehend; uninspiring."", ""1: Confusing and hard to follow; disregards learner needs; offers no inspiration and may cause confusion.""]",1,1,en,"Clarity, Simplicity & Inspiration",superficial_fluency,superficial_fluency,5,5,Idea Provision,Public Administration,Undergraduate,True,True,True,exact_metric_language,False,False,False,False,False,False,False,False,False,False,LOW,1,0,1,1,question_reused_recorded,"Question: Which of the following principles is central to the concept of New Public Management (NPM)?\n\nPlease provide reasoning based on this question. Do not provide the answer directly.. ""Reasoning Provided"":, return in JSON format","{\n  ""Reasoning Provided"": ""New Public Management (NPM) is a broad set of ideas and practices aimed at making the public sector more 'businesslike' and efficient. It draws on private sector management techniques to improve service delivery, enhance efficiency, and increase accountability. When considering which principle is central to NPM, one should think about concepts that emphasize performance, competition, and customer focus. A key aspect involves transforming traditional bureaucratic structures into more flexible, outcome-oriented organizations. Additionally, NPM often advocates for decentralization, giving managers more autonomy to make decisions, and using market mechanisms such a...","[""5: Extremely clear and concise explanations; fully accessible for target learners; vibrant and engaging delivery that inspires deep thought and interest."", ""4: Clear and easy to understand; appropriate for learner level; somewhat thought-provoking and can trigger reflection."", ""3: Generally understandable but may be wordy, complex, or dull; limited inspirational impact."", ""2: Lacks clarity; uses excessive jargon or complex structures; difficult to comprehend; uninspiring."", ""1: Confusing and hard to follow; disregards learner needs; offers no inspiration and may cause confusion.""]",question_seed42/train source; batch96 and topup1 source question reuse minimized and recorded
topup2_012,syn_c600b1d039ca9b56,bfe29a18588854476c486114720fc6861def3795,train,results_merge.jsonl,3231,8dbbdc416b94778b6562e10ea62ae70dc2861047,df290a10ab71a468cfc49168a888561978d1e942,"问题：在水产养殖中，以下哪种因素对鱼类的生长速度影响最大？
原答案：饲料的颗粒大小
你为学生的回答进行纠错服务.请根据这个问题和原答案给出""纠错后答案""和""纠错说明"":,以json格式返回","[""5分： 始终体现出强烈的鼓励和支持态度，语言积极、富有建设性；在需要时提供非常有效的启发式引导，而非直接给答案。"", ""4分： 整体体现出鼓励和支持，语言积极正面；能提供有效的引导，偶尔可能过于直接。"", ""3分： 兼具鼓励和中性/批评性语言，积极性一般；引导有时有效，有时直接给答案或引导不足。"", ""2分： 缺乏鼓励和支持，语言偏中性甚至略显负面；很少提供有效引导，倾向于直接给答案或不给帮助。"", ""1分： 语言消极、打击性强，完全没有鼓励；无视引导需求，或提供错误引导。""]",2,2,zh,"Motivation, Guidance & Positive Feedback",scenario_mismatch,scenario_mismatch,5,5,Error Correction,Aquaculture,Master,True,True,True,exact_metric_language,False,False,False,False,False,False,False,False,False,False,LOW,1,0,1,1,question_reused_recorded,"问题：在水产养殖中，以下哪种因素对鱼类的生长速度影响最大？\n原答案：饲料的颗粒大小\n你为学生的回答进行纠错服务.请根据这个问题和原答案给出""纠错后答案""和""纠错说明"":,以json格式返回","```json\n{\n    ""纠错后答案"": ""饲料的营养成分与投喂量"",\n    ""纠错说明"": ""原答案中提到的饲料颗粒大小虽会影响鱼类的摄食效率，但并非最关键因素。鱼类生长速度的核心影响因素是饲料的营养成分（如蛋白质、脂肪、维生素等的含量）是否满足其生理需求，以及科学的投喂量管理。若饲料营养不均衡或投喂不足，即使颗粒大小合适，也会导致生长受限。此外，水温、溶氧量、水质等因素也需协同配合，但饲料的营养与投喂是直接影响能量摄入和生长的首要因素。""\n}\n```","[""5分： 始终体现出强烈的鼓励和支持态度，语言积极、富有建设性；在需要时提供非常有效的启发式引导，而非直接给答案。"", ""4分： 整体体现出鼓励和支持，语言积极正面；能提供有效的引导，偶尔可能过于直接。"", ""3分： 兼具鼓励和中性/批评性语言，积极性一般；引导有时有效，有时直接给答案或引导不足。"", ""2分： 缺乏鼓励和支持，语言偏中性甚至略显负面；很少提供有效引导，倾向于直接给答案或不给帮助。"", ""1分： 语言消极、打击性强，完全没有鼓励；无视引导需求，或提供错误引导。""]",question_seed42/train source; batch96 and topup1 source question reuse minimized and recorded
topup2_013,syn_e9fb502243a4af5a,18648970913f54573650bc09b724371f3bbb59fc,train,results_merge.jsonl,1944,d0434a705d581d2aebdcf53be8acafc5da9b8e4e,00284a52518c8d9ccfccd78cbe793745851429e9,"Question: Explain how plate tectonics can lead to the formation of mountains.

Please provide reasoning based on this question. Do not provide the answer directly.. ""Reasoning Provided"":, return in JSON format","[""5: Reasoning is complete, clear, and rigorous; all steps are correct; arguments are strong and free of logical fallacies."", ""4: Reasoning is largely correct and logically coherent with minor issues in individual steps or details that do not affect the conclusion."", ""3: Reasoning is visible but contains unclear logic, missing steps, or insufficient argumentation, affecting the overall outcome."", ""2: Reasoning has major logical flaws, confusion in steps, or critical omissions; reliability is low."", ""1: Virtually no valid reasoning; logic is chaotic; steps are incorrect or irrelevant.""]",1,1,en,Reasoning Process Rigor,overconfident_wrong,overconfident_wrong,5,5,Idea Provision,Geography,High School,True,True,True,exact_metric_language,False,False,False,False,False,False,False,False,False,False,LOW,1,0,1,1,question_reused_recorded,"Question: Explain how plate tectonics can lead to the formation of mountains.\n\nPlease provide reasoning based on this question. Do not provide the answer directly.. ""Reasoning Provided"":, return in JSON format","{\n""reasoning"": ""Plate tectonics involves the movement and interaction of large sections of the Earth's crust, known as tectonic plates. These plates float on the semi-fluid layer beneath them, called the asthenosphere, and move due to convection currents within the mantle. When two tectonic plates collide, they can either slide past each other (transform boundary), one can dive under the other (subduction zone), or they can press against each other without subduction (collision boundary). In the case of collision boundaries, where two continental plates meet, neither plate can be subducted because continental crust is less dense than oceanic crust. Instead, the pressure from the collisio...","[""5: Reasoning is complete, clear, and rigorous; all steps are correct; arguments are strong and free of logical fallacies."", ""4: Reasoning is largely correct and logically coherent with minor issues in individual steps or details that do not affect the conclusion."", ""3: Reasoning is visible but contains unclear logic, missing steps, or insufficient argumentation, affecting the overall outcome."", ""2: Reasoning has major logical flaws, confusion in steps, or critical omissions; reliability is low."", ""1: Virtually no valid reasoning; logic is chaotic; steps are incorrect or irrelevant.""]",question_seed42/train source; batch96 and topup1 source question reuse minimized and recorded
topup2_014,syn_e7be5812627d2bc6,05002f9b50f0c560d85084ff8e450f17ccb22f11,train,results_merge.jsonl,2817,414ba6d9775b2d468e4fbb2fbc213cbff8960997,c3f44af2aaaf275e3648a4fdae8295921f7cc099,"学生画像：学生的画像：{'姓名': '李明', '年龄': 26, '背景': '本科工商管理学士，具有两年政府部门工作经验', '学习目标': '深入理解公共政策制定及其影响，提升数据分析能力用于政策评估', '兴趣': '社科研究，政策分析，社会经济发展', '学习风格': '偏向实践，喜欢通过案例学习', '挑战': '数据分析技能有待提升，理论概念记忆较慢'}
请根据学生画像，为每位学生生成 ‘个性化的学习内容或任务’:,以json格式返回","[""5分： 充分融合所有关键场景要素（如学生历史、学习偏好等），输出高度个性化，并与教学情境高度匹配。"", ""4分： 有效使用主要场景要素，回答具有针对性；可能遗漏少量细节，但不影响整体效果。"", ""3分： 使用了部分场景信息，但融合较浅；个性化程度或情境契合度一般。"", ""2分： 仅表层提及场景信息，未有效融合核心要素；与上下文连接较弱。"", ""1分： 完全忽视场景特定信息；输出通用、模板化，且与场景不相关。""]",2,2,zh,Scenario Element Integration,instruction_violation,instruction_violation,5,5,Personalized Learning Support,Public Administration,Master,True,True,True,exact_metric_language,False,False,False,False,False,False,False,False,False,False,LOW,1,0,1,1,question_reused_recorded,"学生画像：学生的画像：{'姓名': '李明', '年龄': 26, '背景': '本科工商管理学士，具有两年政府部门工作经验', '学习目标': '深入理解公共政策制定及其影响，提升数据分析能力用于政策评估', '兴趣': '社科研究，政策分析，社会经济发展', '学习风格': '偏向实践，喜欢通过案例学习', '挑战': '数据分析技能有待提升，理论概念记忆较慢'}\n请根据学生画像，为每位学生生成 ‘个性化的学习内容或任务’:,以json格式返回","根据李明的学生画像，我为他设计了以下个性化的学习内容或任务：\n\n```json\n{\n  ""学生姓名"": ""李明"",\n  ""个性化学习计划"": [\n    {\n      ""阶段"": 1,\n      ""主题"": ""公共政策基础理论与实践"",\n      ""活动"": [\n        {""类型"":""在线课程"",""内容"":""公共政策导论""},\n        {""类型"":""案例研究"",""内容"":""选取国内外典型公共政策案例进行分析讨论""},\n        {""类型"":""阅读材料"",""内容"":""推荐《公共政策分析》等相关书籍""}\n      ],\n      ""目标达成方式"": ""通过结合理论学习与实际案例来加深对公共政策制定流程及影响因素的理解。""\n    },\n    {\n      ""阶段"": 2,\n      ""主题"": ""数据分析入门与应用"",\n      ""活动"": [\n        {""类型"":""在线教程"",""内容"":""Python/R语言编程入门""},\n        {""类型"":""实践项目"",""内容"":""利用公开数据集完成一个小规模的数据分析报告""},\n        {""类型"":""研讨会"",""内容"":""参与有关使用数据分析工具于政策评估的研讨会""}\n      ],\n      ""目标达成方式"": ""从零开始构建基本的数据处理能力，并通过具体项目实践增强技能。""\n    },\n    {\n      ""阶段"": 3,\n      ""主题"": ""高级政策分析技术"",\n      ""活动"": [\n...","[""5分： 充分融合所有关键场景要素（如学生历史、学习偏好等），输出高度个性化，并与教学情境高度匹配。"", ""4分： 有效使用主要场景要素，回答具有针对性；可能遗漏少量细节，但不影响整体效果。"", ""3分： 使用了部分场景信息，但融合较浅；个性化程度或情境契合度一般。"", ""2分： 仅表层提及场景信息，未有效融合核心要素；与上下文连接较弱。"", ""1分： 完全忽视场景特定信息；输出通用、模板化，且与场景不相关。""]",question_seed42/train source; batch96 and topup1 source question reuse minimized and recorded
topup2_015,syn_144eafb4f020a0c8,08e737f8db24a1815e8edc854498b561139dd553,train,results_merge.jsonl,62,8cdf1aba67fd11f6ef4d3de526d6c99b7ecebfd4,735d8c5854e3d24167396a9cf854413d457ff236,"{'Name': 'Alex Johnson', 'Age': 21, 'Current Education Level': 'Undergraduate', 'Current Skill Level': 'Intermediate', 'Learning Goals': ['Understand the application of economic theories in real-world scenarios', 'Improve quantitative analysis skills', 'Prepare for a career in economic policy analysis'], 'Weak Points': ['Econometric modeling', 'Macroeconomic policy analysis'], 'Study Habits': ['Prefers visual learning materials', 'Studies best in short, focused sessions', 'Enjoys group discussions']}
Based on the student profile, provide ""Learning Path Planning"" and ""Personalized Recommendations"", returned in JSON format.","[""5: Highly personalized content/advice/feedback based on student level/traits/needs; resource and learning path suggestions are accurate, practical, and valuable."", ""4: Demonstrates some adaptation to student situation; provides relevant learning advice or resources with good utility."", ""3: Attempts personalization but with limited effectiveness; recommendations are generic and of limited value."", ""2: Little to no personalization; output is the same for everyone; learning support is insufficient or unrelated."", ""1: No personalization; output may conflict with student needs; offers no or incorrect learning support.""]",3,3,en,"Personalization, Adaptation & Learning Support",rubric_violation,rubric_violation,5,5,Personalized Content Creation,Applied Economics,PhD,True,True,True,exact_metric_language,False,False,False,False,False,False,False,False,False,False,LOW,1,0,1,1,question_reused_recorded,"{'Name': 'Alex Johnson', 'Age': 21, 'Current Education Level': 'Undergraduate', 'Current Skill Level': 'Intermediate', 'Learning Goals': ['Understand the application of economic theories in real-world scenarios', 'Improve quantitative analysis skills', 'Prepare for a career in economic policy analysis'], 'Weak Points': ['Econometric modeling', 'Macroeconomic policy analysis'], 'Study Habits': ['Prefers visual learning materials', 'Studies best in short, focused sessions', 'Enjoys group discussions']}\nBased on the student profile, provide ""Learning Path Planning"" and ""Personalized Recommendations"", returned in JSON format.","```json\n{\n  ""Learning Path Planning"": {\n    ""Phase 1: Foundational Knowledge (Weeks 1-4)"": {\n      ""Focus Areas"": [\n        ""Econometric Modeling Basics"",\n        ""Macroeconomic Policy Frameworks""\n      ],\n      ""Resources"": [\n        ""Coursera: 'Basic Econometrics' by University of Amsterdam (visual lectures)"",\n        ""Textbook: 'Introductory Econometrics: A Modern Approach' by Jeffrey Wooldridge"",\n        ""Khan Academy: Macroeconomic Policy Modules (short video-based lessons)""\n      ],\n      ""Weekly Goals"": [\n        ""Complete 3-4 short video modules on econometric concepts"",\n        ""Solve 1-2 quantitative problem sets weekly"",\n        ""Join a study group for macroecon...","[""5: Highly personalized content/advice/feedback based on student level/traits/needs; resource and learning path suggestions are accurate, practical, and valuable."", ""4: Demonstrates some adaptation to student situation; provides relevant learning advice or resources with good utility."", ""3: Attempts personalization but with limited effectiveness; recommendations are generic and of limited value."", ""2: Little to no personalization; output is the same for everyone; learning support is insufficient or unrelated."", ""1: No personalization; output may conflict with student needs; offers no or incorrect learning support.""]",question_seed42/train source; batch96 and topup1 source question reuse minimized and recorded
topup2_016,syn_11983bf767a7d465,0fb5d1f2993ec7e5eeb9711205c1dd42c95bdead,train,results_merge.jsonl,2960,5716978a3618c9e286a620853ddab7a187290c08,41be784e467c8f84573fc8781ca7f9f8011bac6f,"学生画像：学生的画像：{'姓名': '李华', '年龄': 24, '背景': '教育学本科毕业，擅长理论分析，对实践策略较弱', '学习目标': '深入理解教育学原理，提升实践应用能力', '兴趣爱好': '阅读教育学相关书籍，参与教育实验项目'}
请根据学生画像，为每位学生生成 ‘个性化的学习内容或任务’:,以json格式返回","[""5分： 交互或内容设计巧妙，能显著促进学生的批判性思维、创新思维、问题解决或知识迁移应用能力（例如通过开放性问题、对比分析、案例探究、项目式任务等）。"", ""4分： 能提出引导性问题或设计有一定挑战性的任务，对培养学生的高阶思维和能力（如分析、评估、应用）有积极作用。"", ""3分： 在促进高阶思维方面有所尝试（如提出一些简单的思考题），但深度和广度有限，效果不明显，整体仍偏重知识复述或简单应用。"", ""2分： 交互或内容主要停留在基础知识记忆和理解层面，很少或未能涉及需要高阶思维的活动或问题。"", ""1分： 完全忽视高阶思维培养，仅限于死记硬背或简单重复，甚至可能因提供过于简化或固化的答案而阻碍思维发展。""]",1,1,zh,Higher-Order Thinking & Skill Development,superficial_fluency,superficial_fluency,5,5,Personalized Learning Support,General Pedagogy,Master,True,True,True,exact_metric_language,False,False,False,False,False,False,False,False,False,False,LOW,1,0,1,1,question_reused_recorded,"学生画像：学生的画像：{'姓名': '李华', '年龄': 24, '背景': '教育学本科毕业，擅长理论分析，对实践策略较弱', '学习目标': '深入理解教育学原理，提升实践应用能力', '兴趣爱好': '阅读教育学相关书籍，参与教育实验项目'}\n请根据学生画像，为每位学生生成 ‘个性化的学习内容或任务’:,以json格式返回","根据提供的学生画像，为李华设计的个性化学习内容或任务如下：\n\n```json\n{\n  ""姓名"": ""李华"",\n  ""年龄"": 24,\n  ""背景"": ""教育学本科毕业，擅长理论分析，对实践策略较弱"",\n  ""学习目标"": ""深入理解教育学原理，提升实践应用能力"",\n  ""兴趣爱好"": ""阅读教育学相关书籍，参与教育实验项目"",\n  ""个性化学习内容或任务"": [\n    {\n      ""类型"": ""理论深化"",\n      ""描述"": ""选取一本关于现代教育理论与发展趋势的专业书籍进行研读，并撰写一篇不少于3000字的心得体会。"",\n      ""目的"": ""加深对当前教育领域最新研究成果的理解，促进批判性思维的发展。""\n    },\n    {\n      ""类型"": ""案例研究"",\n      ""描述"": ""选择一个国内外成功的教育改革案例作为研究对象，通过文献回顾、数据分析等方式探究其成功要素及可借鉴之处。"",\n      ""目的"": ""将理论知识与实际案例相结合，增强解决现实问题的能力。""\n    },\n    {\n      ""类型"": ""实践活动"",\n      ""描述"": ""加入当地一所学校的志愿者团队，在指导老师的帮助下参与到课堂教学中去，尝试运用所学知识设计并实施一次小规模的教学活动。"",\n      ""目的"": ""直接体验一线教师的工作状态，提高教学设计和执行的实际操作技能。""\n    },\n    {\n      ""类型"": ""反思日志"",\n      ""描述"": ""每次完成上述任一任务后都需撰...","[""5分： 交互或内容设计巧妙，能显著促进学生的批判性思维、创新思维、问题解决或知识迁移应用能力（例如通过开放性问题、对比分析、案例探究、项目式任务等）。"", ""4分： 能提出引导性问题或设计有一定挑战性的任务，对培养学生的高阶思维和能力（如分析、评估、应用）有积极作用。"", ""3分： 在促进高阶思维方面有所尝试（如提出一些简单的思考题），但深度和广度有限，效果不明显，整体仍偏重知识复述或简单应用。"", ""2分： 交互或内容主要停留在基础知识记忆和理解层面，很少或未能涉及需要高阶思维的活动或问题。"", ""1分： 完全忽视高阶思维培养，仅限于死记硬背或简单重复，甚至可能因提供过于简化或固化的答案而阻碍思维发展。""]",question_seed42/train source; batch96 and topup1 source question reuse minimized and recorded
topup2_017,syn_e6b8dd3d4ce6df48,03c02b32f53105706e139a71aaa785183488cd6e,train,results_merge.jsonl,818,578358b94591dcdb7b73304c5498c56a12d9c95d,f6d47b25090935a73d546d6f0dbfedd744db15f3,"Question: Which legal principle is primarily concerned with the prevention of double jeopardy in the United States?
Original Answer: The principle of stare decisis.
You are providing error-correction services for the student's response. Based on this question and the original answer, provide the ""Corrected Answer"" and ""Error Explanation"", in JSON format.","[""5: Precisely identified all errors (no omission or false positives); provided completely correct, clear, and optimal correction suggestions."", ""4: Correctly located most major errors; suggestions are generally accurate and effective with only minor omissions or less-than-perfect advice."", ""3: Identified some errors but with clear omissions or false positives; suggestions are partially correct but may lack clarity, completeness or optimality."", ""2: Inaccurate error detection with critical omissions or many false positives; suggestions contain errors or are hard to comprehend."", ""1: Completely failed to detect errors; provided entirely incorrect or misleading correction advice.""]",2,2,en,Error Identification & Correction Precision,reasoning_gap,reasoning_gap,5,5,Error Correction,Law,PhD,True,True,True,exact_metric_language,False,False,False,False,False,False,False,False,False,False,LOW,1,1,2,1,question_reused_recorded,"Question: Which legal principle is primarily concerned with the prevention of double jeopardy in the United States?\nOriginal Answer: The principle of stare decisis.\nYou are providing error-correction services for the student's response. Based on this question and the original answer, provide the ""Corrected Answer"" and ""Error Explanation"", in JSON format.","```json\n{\n  ""Corrected Answer"": ""The principle of double jeopardy."",\n  ""Error Explanation"": ""The original answer, 'The principle of stare decisis,' is incorrect. Stare decisis refers to the legal principle where courts follow precedents set by previous decisions. The principle that prevents an individual from being tried twice for the same offense is known as the principle of double jeopardy, which is protected under the Fifth Amendment of the U.S. Constitution.""\n}\n```","[""5: Precisely identified all errors (no omission or false positives); provided completely correct, clear, and optimal correction suggestions."", ""4: Correctly located most major errors; suggestions are generally accurate and effective with only minor omissions or less-than-perfect advice."", ""3: Identified some errors but with clear omissions or false positives; suggestions are partially correct but may lack clarity, completeness or optimality."", ""2: Inaccurate error detection with critical omissions or many false positives; suggestions contain errors or are hard to comprehend."", ""1: Completely failed to detect errors; provided entirely incorrect or misleading correction advice.""]",question_seed42/train source; batch96 and topup1 source question reuse minimized and recorded
topup2_018,syn_d708f7fb7463312a,0a0cfba6e612864455f5af3633c5d87ec26ff1ef,train,results_merge.jsonl,5074,770c45352988affabdaebdbaa7ba14d12f370c74,781160fa219beb0d6b930efd7a96966c0fbe6fd1,"学科:数学
学制级别:小学
知识点：简单分数的比较
问题类型：单选题
.请根据学科,学制级别,知识点,问题类型生成一个对应的问题。""问题""和""提供的思路"":,以json格式返回","[""5分： 完全理解并精准执行所有指令，完美达成核心任务目标，格式完全符合要求。"", ""4分： 准确理解主要指令，正确执行任务，核心目标达成度高，格式基本符合要求，可能有极少细节遗漏或偏差。"", ""3分： 理解了指令大意但可能忽略部分细节，任务基本完成但存在一些不准确或遗漏之处，格式有明显尝试但存在较多偏差。"", ""2分： 对指令理解有偏差，任务完成度低或有严重错误，格式多数不符合要求。"", ""1分： 完全误解或无视指令，任务未完成或完全错误，格式混乱或不相关。""]",1,1,zh,Instruction Following & Task Completion,rubric_violation,rubric_violation,5,5,Question Generation,Mathematics,Elementary School,True,True,True,exact_metric_language,False,False,False,False,False,False,False,False,False,False,LOW,1,0,1,1,question_reused_recorded,"学科:数学\n学制级别:小学\n知识点：简单分数的比较\n问题类型：单选题\n.请根据学科,学制级别,知识点,问题类型生成一个对应的问题。""问题""和""提供的思路"":,以json格式返回","```json\n{\n  ""问题"": ""下列哪个分数最大？\nA) 1/4\nB) 3/8\nC) 2/5\nD) 1/3"",\n  ""提供的思路"": ""为了比较这些分数，可以将它们转换为相同分母的形式或者将它们转化为小数进行比较。首先，找到这些分数分母的最小公倍数，然后将每个分数转换成这个分母形式，最后比较分子的大小。或者，将每个分数转化为小数，直接比较即可。""\n}\n```","[""5分： 完全理解并精准执行所有指令，完美达成核心任务目标，格式完全符合要求。"", ""4分： 准确理解主要指令，正确执行任务，核心目标达成度高，格式基本符合要求，可能有极少细节遗漏或偏差。"", ""3分： 理解了指令大意但可能忽略部分细节，任务基本完成但存在一些不准确或遗漏之处，格式有明显尝试但存在较多偏差。"", ""2分： 对指令理解有偏差，任务完成度低或有严重错误，格式多数不符合要求。"", ""1分： 完全误解或无视指令，任务未完成或完全错误，格式混乱或不相关。""]",question_seed42/train source; batch96 and topup1 source question reuse minimized and recorded
topup2_019,syn_37fec624cf94e387,0322110ec0d8df9ad5b7229283960bb401088a66,train,results_merge.jsonl,2014,4b7847704a3dc1006abb3da56e5c9ea85f660421,cbbf763c9e55f9dfe41b47d5d02c7e70d901aaac,"Question: Explain the physiological effects of aerobic exercise on the body's cardiovascular system.

Please provide reasoning based on this question. Do not provide the answer directly.. ""Reasoning Provided"":, return in JSON format","[""5: All stated factual elements (definitions, formulas, dates, terms, syntax, etc.) are completely accurate."", ""4: Vast majority of facts are correct; possibly contains very minor, non-critical typos or omissions."", ""3: Most facts are correct, but there are some notable factual errors that require review."", ""2: Contains several or key factual inaccuracies; information is not trustworthy."", ""1: Riddled with factual errors; information is completely incorrect or misleading.""]",2,2,en,Basic Factual Accuracy,overconfident_wrong,overconfident_wrong,5,5,Idea Provision,Physical Education,Undergraduate,True,True,True,exact_metric_language,False,False,False,False,False,False,False,False,False,False,LOW,1,0,1,1,question_reused_recorded,"Question: Explain the physiological effects of aerobic exercise on the body's cardiovascular system.\n\nPlease provide reasoning based on this question. Do not provide the answer directly.. ""Reasoning Provided"":, return in JSON format","{\n  ""reasoning_provided"": [\n    ""Aerobic exercise increases heart rate and stroke volume, which enhances the efficiency of the heart in pumping blood throughout the body."",\n    ""It leads to improved oxygen utilization by the muscles, which can be attributed to enhanced capillary density and myoglobin content in muscle tissue."",\n    ""Regular aerobic exercise strengthens the heart muscle, leading to a lower resting heart rate and improved cardiac output."",\n    ""It promotes vasodilation, which allows for better blood flow and reduces blood pressure over time."",\n    ""Aerobic exercise also helps in reducing the risk of developing cardiovascular diseases by improving lipid profiles and in...","[""5: All stated factual elements (definitions, formulas, dates, terms, syntax, etc.) are completely accurate."", ""4: Vast majority of facts are correct; possibly contains very minor, non-critical typos or omissions."", ""3: Most facts are correct, but there are some notable factual errors that require review."", ""2: Contains several or key factual inaccuracies; information is not trustworthy."", ""1: Riddled with factual errors; information is completely incorrect or misleading.""]",question_seed42/train source; batch96 and topup1 source question reuse minimized and recorded
topup2_020,syn_314f22879430939c,220cff12d7324592c00a7e3e61ab7b0d5a705dad,train,results_merge.jsonl,4258,8fab64f1090cd363036f72bb8f088eeaf4344ad1,c95b2af54c0d354d3ae8823c4f91936b3f0f2248,"知识点：量子力学中的波函数归一化
请根据这个知识点给出""教学素材"":教学素材需要包括教学目标、重点难点、课堂活动设计等,以json格式返回","[""5分： 在专业领域知识运用上不仅准确，且展现出恰当的深度和严谨性，符合行业标准或学术规范。"", ""4分： 专业知识运用准确，体现了较好的专业水准，但在深度或某些细节的严谨性上略有不足，不影响核心正确性。"", ""3分： 专业知识运用基本准确，但显得较为表层或不够严谨，可能存在一些非核心概念的混淆或遗漏。"", ""2分： 专业知识运用存在明显错误或重大遗漏，体现出专业性不足。"", ""1分： 专业知识运用方面存在严重错误，完全不符合专业标准，可能产生误导。""]",1,1,zh,Domain Knowledge Accuracy,rubric_violation,rubric_violation,5,5,Teaching Material Generation,Physics,Master,True,True,True,exact_metric_language,False,False,False,False,False,False,False,False,False,False,LOW,1,0,1,1,question_reused_recorded,"知识点：量子力学中的波函数归一化\n请根据这个知识点给出""教学素材"":教学素材需要包括教学目标、重点难点、课堂活动设计等,以json格式返回","```json\n{\n  ""教学素材"": {\n    ""教学目标"": [\n      ""理解波函数归一化的物理意义及其在量子力学中的必要性"",\n      ""掌握波函数归一化的数学处理方法（积分计算与归一化常数求解）"",\n      ""能够对简单量子系统的波函数进行归一化操作"",\n      ""建立概率幅概念与归一化条件的联系""\n    ],\n    ""重点难点"": {\n      ""重点"": [\n        ""归一化条件的数学表达式 ∫|ψ(x)|²dx = 1"",\n        ""归一化常数的求解方法"",\n        ""概率密度与波函数模平方的关系""\n      ],\n      ""难点"": [\n        ""复数波函数的归一化处理（涉及复共轭运算）"",\n        ""无穷积分上下限的处理技巧"",\n        ""三维空间波函数的球坐标积分转换"",\n        ""非平方可积波函数的特殊处理（如平面波）""\n      ]\n    },\n    ""课堂活动设计"": [\n      {\n        ""环节"": ""概念导入"",\n        ""内容"": [\n          ""通过经典概率分布类比引出量子概率幅概念"",\n          ""展示未归一化波函数的概率密度分布问题"",\n          ""提问：为什么薛定谔方程的解需要额外归一化？""\n        ],\n        ""时间"": 10\n      },\n      {\n        ""环节"": ""理论推导"",\...","[""5分： 在专业领域知识运用上不仅准确，且展现出恰当的深度和严谨性，符合行业标准或学术规范。"", ""4分： 专业知识运用准确，体现了较好的专业水准，但在深度或某些细节的严谨性上略有不足，不影响核心正确性。"", ""3分： 专业知识运用基本准确，但显得较为表层或不够严谨，可能存在一些非核心概念的混淆或遗漏。"", ""2分： 专业知识运用存在明显错误或重大遗漏，体现出专业性不足。"", ""1分： 专业知识运用方面存在严重错误，完全不符合专业标准，可能产生误导。""]",question_seed42/train source; batch96 and topup1 source question reuse minimized and recorded
topup2_021,syn_191df705db4764b3,12326b370deba9d6576e667938f836f2c5fdbe73,train,results_merge.jsonl,2654,cf0e05444342b05701ff29112942cd664a17fda4,9bea7db19ab04d99fc6a96f25032d3ba220a5407,"Knowledge Point: The Influence of Surrealism on Modern Literature
Based on this knowledge point, provide ""Teaching Materials"": Teaching materials should include teaching objectives, key points and difficulties, classroom activity design, etc., in JSON format.","[""5: Excellent role-playing (e.g., teacher/TA); language style, professionalism, and tone (e.g., encouraging/serious) are perfectly aligned with the assumed role and audience."", ""4: Role and tone are mostly consistent and appropriate for the scenario, with minor deviation in individual expressions."", ""3: Attempts to match the role and tone can be seen, but overall consistency is weak; some expressions are disconnected from the role/scenario."", ""2: Significant mismatch in role and tone; comes across as unnatural or inconsistent."", ""1: No reflection of assigned role/tone; expression entirely inconsistent with the scenario.""]",2,2,en,Role & Tone Consistency,superficial_fluency,superficial_fluency,5,5,Teaching Material Generation,Literature and Art,Master,True,True,True,exact_metric_language,False,False,False,False,False,False,False,False,False,False,LOW,1,1,2,1,question_reused_recorded,"Knowledge Point: The Influence of Surrealism on Modern Literature\nBased on this knowledge point, provide ""Teaching Materials"": Teaching materials should include teaching objectives, key points and difficulties, classroom activity design, etc., in JSON format.","```json\n{\n  ""teachingMaterials"": {\n    ""knowledgePoint"": ""The Influence of Surrealism on Modern Literature"",\n    ""teachingObjectives"": [\n      ""Understand the core concepts and characteristics of Surrealism."",\n      ""Analyze how Surrealism has influenced modern literature in terms of style, themes, and narrative techniques."",\n      ""Compare and contrast Surrealist literary works with those from other literary movements.""\n    ],\n    ""keyPoints"": [\n      ""Surrealism's emphasis on the power of the subconscious mind."",\n      ""Use of dreams, symbolism, and irrationality in Surrealist literature."",\n      ""Influence of Freudian psychoanalysis on Surrealist thought and writing.""\n    ...","[""5: Excellent role-playing (e.g., teacher/TA); language style, professionalism, and tone (e.g., encouraging/serious) are perfectly aligned with the assumed role and audience."", ""4: Role and tone are mostly consistent and appropriate for the scenario, with minor deviation in individual expressions."", ""3: Attempts to match the role and tone can be seen, but overall consistency is weak; some expressions are disconnected from the role/scenario."", ""2: Significant mismatch in role and tone; comes across as unnatural or inconsistent."", ""1: No reflection of assigned role/tone; expression entirely inconsistent with the scenario.""]",question_seed42/train source; batch96 and topup1 source question reuse minimized and recorded
topup2_022,syn_d3be3fd363a0f07e,0b8a6fca069ff6e48a4de848e6bcf1cf86a4d79b,train,results_merge.jsonl,3465,f7f8e6254e81a50cd0db26f7a0b465bd860ee691,1ff22a79fd23b19c31ff4a62016c8c2edafa49f8,"问题：考虑一个有机分子，其含有羧基(-COOH)和酯基(-COOR')。请解释该分子在酸性和碱性条件下的水解反应机理，并讨论不同条件下的反应产物。

请根据这个问题提供思路。""提供的思路"":,以json格式返回","[""5分： 内容与指定知识点/主题/问题高度相关，且严格控制在要求的难度、范围、学科内，无冗余或无关信息。"", ""4分： 内容主体相关，范围控制良好，可能包含极少量轻微超纲或关联度稍弱的信息。"", ""3分： 内容大部分相关，但包含一些偏离主题或超出范围的部分，范围控制不够精确。"", ""2分： 内容相关性较差，包含较多无关信息，或严重超出指定范围。"", ""1分： 内容基本不相关，或完全脱离指定范围。""]",3,3,zh,Content Relevance & Scope Control,rubric_violation,rubric_violation,5,5,Idea Provision,Chemistry,Master,True,True,True,exact_metric_language,False,False,False,False,False,False,False,False,False,False,LOW,1,0,1,1,question_reused_recorded,"问题：考虑一个有机分子，其含有羧基(-COOH)和酯基(-COOR')。请解释该分子在酸性和碱性条件下的水解反应机理，并讨论不同条件下的反应产物。\n\n请根据这个问题提供思路。""提供的思路"":,以json格式返回","```json\n{\n  ""思路"": [\n    {\n      ""步骤"": ""1. 理解分子结构"",\n      ""内容"": ""首先，明确分子中含有羧基(-COOH)和酯基(-COOR')。羧基是酸性基团，酯基是酯类化合物的特征基团。""\n    },\n    {\n      ""步骤"": ""2. 酸性条件下的水解反应"",\n      ""内容"": ""在酸性条件下，酯基(-COOR')会发生水解反应，生成羧酸(-COOH)和醇(R'OH)。反应机理通常涉及质子化、亲核攻击和消除步骤。""\n    },\n    {\n      ""步骤"": ""3. 碱性条件下的水解反应"",\n      ""内容"": ""在碱性条件下，酯基(-COOR')也会发生水解反应，但生成的是羧酸盐(-COO^-)和醇(R'OH)。反应机理涉及亲核攻击、形成四面体中间体和消除步骤。""\n    },\n    {\n      ""步骤"": ""4. 讨论反应产物"",\n      ""内容"": ""在酸性条件下，最终产物是羧酸和醇；在碱性条件下，最终产物是羧酸盐和醇。羧酸盐在酸性环境中可以进一步转化为羧酸。""\n    },\n    {\n      ""步骤"": ""5. 考虑羧基的影响"",\n      ""内容"": ""羧基(-COOH)在酸性条件下可能保持其酸性形式，而在碱性条件下会转化为羧酸盐(-COO^-)。这可能会影响整个分子的反应性和稳定性。""\n    },\n    {\n      ""步骤"": ""6. 总结"",\n      ""内容"": ""总结在不同条件下，分子中酯基的水解反应机...","[""5分： 内容与指定知识点/主题/问题高度相关，且严格控制在要求的难度、范围、学科内，无冗余或无关信息。"", ""4分： 内容主体相关，范围控制良好，可能包含极少量轻微超纲或关联度稍弱的信息。"", ""3分： 内容大部分相关，但包含一些偏离主题或超出范围的部分，范围控制不够精确。"", ""2分： 内容相关性较差，包含较多无关信息，或严重超出指定范围。"", ""1分： 内容基本不相关，或完全脱离指定范围。""]",question_seed42/train source; batch96 and topup1 source question reuse minimized and recorded
topup2_023,syn_d9cb7b338e492ea2,36c4129ccb3051ed39c02b1d5c05a3b9e7aff19b,train,results_merge.jsonl,1335,77549e9a87652e35c3eb0c10ff7c6e47a57e0ceb,e3e80c7b77bcf6e0ec6616337ff084f8d43a87b1,"Subject:Public Administration
Education Level:PhD
Knowledge Point:Public administration at the PhD level often involves understanding complex governance structures, policy analysis, and the implementation of public policies in various political and economic contexts.
Question Type:Multiple Choice
.Generate a corresponding question based on subject, education level, knowledge point, and question type. Return ""Question"" and ""Provided Reasoning"" in JSON format.","[""5: Extremely clear and concise explanations; fully accessible for target learners; vibrant and engaging delivery that inspires deep thought and interest."", ""4: Clear and easy to understand; appropriate for learner level; somewhat thought-provoking and can trigger reflection."", ""3: Generally understandable but may be wordy, complex, or dull; limited inspirational impact."", ""2: Lacks clarity; uses excessive jargon or complex structures; difficult to comprehend; uninspiring."", ""1: Confusing and hard to follow; disregards learner needs; offers no inspiration and may cause confusion.""]",1,1,en,"Clarity, Simplicity & Inspiration",rubric_violation,rubric_violation,5,5,Question Generation,Public Administration,PhD,True,True,True,exact_metric_language,False,False,False,False,False,False,False,False,False,False,LOW,1,0,1,1,question_reused_recorded,"Subject:Public Administration\nEducation Level:PhD\nKnowledge Point:Public administration at the PhD level often involves understanding complex governance structures, policy analysis, and the implementation of public policies in various political and economic contexts.\nQuestion Type:Multiple Choice\n.Generate a corresponding question based on subject, education level, knowledge point, and question type. Return ""Question"" and ""Provided Reasoning"" in JSON format.","```json\n{\n  ""Question"": ""Which of the following best describes the primary focus of public administration at the PhD level?"",\n  ""Options"": [\n    ""A) Developing marketing strategies for public sector organizations"",\n    ""B) Understanding complex governance structures and policy analysis"",\n    ""C) Managing private sector financial investments"",\n    ""D) Conducting clinical trials in healthcare settings""\n  ],\n  ""Correct Answer"": ""B) Understanding complex governance structures and policy analysis"",\n  ""Provided Reasoning"": ""Public administration at the PhD level is primarily concerned with advanced studies in governance, policy analysis, and the implementation of public policies withi...","[""5: Extremely clear and concise explanations; fully accessible for target learners; vibrant and engaging delivery that inspires deep thought and interest."", ""4: Clear and easy to understand; appropriate for learner level; somewhat thought-provoking and can trigger reflection."", ""3: Generally understandable but may be wordy, complex, or dull; limited inspirational impact."", ""2: Lacks clarity; uses excessive jargon or complex structures; difficult to comprehend; uninspiring."", ""1: Confusing and hard to follow; disregards learner needs; offers no inspiration and may cause confusion.""]",question_seed42/train source; batch96 and topup1 source question reuse minimized and recorded
topup2_024,syn_599a7a72d8e4d477,d53a7fed557a04914a856d8d293c5721e6aa6140,train,results_merge.jsonl,3326,d2dfb2224f4f7d3f932930cf1d4240b74deb2f11,84c0dccb51a1b2491e07d62b3587981e00614aed,"问题：一个质量为2 kg的物体以5 m/s的速度在水平面上滑动，遇到摩擦力停止。假设摩擦力为10 N，求物体滑动的距离。
原答案：物体滑动的距离是1米。
你为学生的回答进行纠错服务.请根据这个问题和原答案给出""纠错后答案""和""纠错说明"":,以json格式返回","[""5分： 始终体现出强烈的鼓励和支持态度，语言积极、富有建设性；在需要时提供非常有效的启发式引导，而非直接给答案。"", ""4分： 整体体现出鼓励和支持，语言积极正面；能提供有效的引导，偶尔可能过于直接。"", ""3分： 兼具鼓励和中性/批评性语言，积极性一般；引导有时有效，有时直接给答案或引导不足。"", ""2分： 缺乏鼓励和支持，语言偏中性甚至略显负面；很少提供有效引导，倾向于直接给答案或不给帮助。"", ""1分： 语言消极、打击性强，完全没有鼓励；无视引导需求，或提供错误引导。""]",2,2,zh,"Motivation, Guidance & Positive Feedback",superficial_fluency,superficial_fluency,5,5,Error Correction,Physics,High School,True,True,True,exact_metric_language,False,False,False,False,False,False,False,False,False,False,LOW,1,0,1,1,question_reused_recorded,"问题：一个质量为2 kg的物体以5 m/s的速度在水平面上滑动，遇到摩擦力停止。假设摩擦力为10 N，求物体滑动的距离。\n原答案：物体滑动的距离是1米。\n你为学生的回答进行纠错服务.请根据这个问题和原答案给出""纠错后答案""和""纠错说明"":,以json格式返回","```json\n{\n  ""纠错后答案"": ""物体滑动的距离是2.5米。"",\n  ""纠错说明"": {\n    ""原理"": ""此题考察的是动能定理的应用，即物体的初始动能完全被摩擦力做的负功所抵消。根据动能定理公式W=ΔEk，其中W为外力做功（这里是摩擦力做的负功），ΔEk表示动能的变化量。对于这个问题来说，物体最终静止不动，因此其动能变化量等于其初动能。"",\n    ""计算过程"": [\n      ""首先计算物体的初动能：Ek = (1/2) * m * v^2 = (1/2) * 2 kg * (5 m/s)^2 = 25 J。"",\n      ""由于摩擦力导致的能量损失等于物体的初动能，所以我们有：-Ff * d = -25 J，这里Ff是摩擦力大小(10 N)，d是我们要求解的位移距离。"",\n      ""解方程得到：d = 25 J / 10 N = 2.5 m。""\n    ],\n    ""错误原因"": ""原答案可能是由于在计算过程中使用了不正确的数值或方法，忽略了正确的物理定律应用，导致结果偏小。"",\n    ""正确做法"": ""应该依据动能定理来解决此类问题，并确保所有单位保持一致，在本例中就是将焦耳(J)与牛顿(N)和米(m)之间正确转换。""\n  }\n}\n```","[""5分： 始终体现出强烈的鼓励和支持态度，语言积极、富有建设性；在需要时提供非常有效的启发式引导，而非直接给答案。"", ""4分： 整体体现出鼓励和支持，语言积极正面；能提供有效的引导，偶尔可能过于直接。"", ""3分： 兼具鼓励和中性/批评性语言，积极性一般；引导有时有效，有时直接给答案或引导不足。"", ""2分： 缺乏鼓励和支持，语言偏中性甚至略显负面；很少提供有效引导，倾向于直接给答案或不给帮助。"", ""1分： 语言消极、打击性强，完全没有鼓励；无视引导需求，或提供错误引导。""]",question_seed42/train source; batch96 and topup1 source question reuse minimized and recorded
topup2_025,syn_6b2d9f21aeec6b0a,4026d69afb5d75079094ad5d1385db33f6e5b610,train,results_merge.jsonl,1694,182ead73c7c9bef64c812e1c3366635156817f15,7ea521903ad9350d7783186e831d545e2d460230,"Question: What is the value of 5 + 3?

Please provide reasoning based on this question. Do not provide the answer directly.. ""Reasoning Provided"":, return in JSON format","[""5: Reasoning is complete, clear, and rigorous; all steps are correct; arguments are strong and free of logical fallacies."", ""4: Reasoning is largely correct and logically coherent with minor issues in individual steps or details that do not affect the conclusion."", ""3: Reasoning is visible but contains unclear logic, missing steps, or insufficient argumentation, affecting the overall outcome."", ""2: Reasoning has major logical flaws, confusion in steps, or critical omissions; reliability is low."", ""1: Virtually no valid reasoning; logic is chaotic; steps are incorrect or irrelevant.""]",1,1,en,Reasoning Process Rigor,reasoning_gap,reasoning_gap,5,5,Idea Provision,Mathematics,Elementary School,True,True,True,exact_metric_language,False,False,False,False,False,False,False,False,False,False,LOW,1,0,1,1,question_reused_recorded,"Question: What is the value of 5 + 3?\n\nPlease provide reasoning based on this question. Do not provide the answer directly.. ""Reasoning Provided"":, return in JSON format","```json\n{\n  ""Reasoning Provided"": ""The problem requires adding two numbers, 5 and 3. To solve this, one can start with the number 5 and count upward by 3 units: 5 (as the starting point), then 6 (1), 7 (2), and 8 (3). This sequential counting confirms the total. Alternatively, combining 5 individual units with 3 individual units results in 8 units when counted together. Both methods validate the sum without discrepancies.""\n}\n```","[""5: Reasoning is complete, clear, and rigorous; all steps are correct; arguments are strong and free of logical fallacies."", ""4: Reasoning is largely correct and logically coherent with minor issues in individual steps or details that do not affect the conclusion."", ""3: Reasoning is visible but contains unclear logic, missing steps, or insufficient argumentation, affecting the overall outcome."", ""2: Reasoning has major logical flaws, confusion in steps, or critical omissions; reliability is low."", ""1: Virtually no valid reasoning; logic is chaotic; steps are incorrect or irrelevant.""]",question_seed42/train source; batch96 and topup1 source question reuse minimized and recorded
topup2_026,syn_a47e0b1742a80cf5,4405dca3cf5a7c3c509bb3b5ef32f805420d4b66,train,results_merge.jsonl,5331,d3122422d778a7a742755c5826d1c14073802199,c86db92ede1c727f58379d32d529f682d8a2ef90,"{'姓名': '李明', '年级': '大二', '专业': '法学', '已修课程': ['法理学', '宪法学', '民法总论'], '学习目标': '提高刑法理解，准备国家司法考试', '学习习惯': '通过案例分析学习，较少参加讨论，习惯阅读教科书', '薄弱点': '刑法条文的具体应用和理解'}
请根据学生画像给出""学习路径规划建议"":和""个性化意见生成"":,以json格式返回","[""5分： 充分融合所有关键场景要素（如学生历史、学习偏好等），输出高度个性化，并与教学情境高度匹配。"", ""4分： 有效使用主要场景要素，回答具有针对性；可能遗漏少量细节，但不影响整体效果。"", ""3分： 使用了部分场景信息，但融合较浅；个性化程度或情境契合度一般。"", ""2分： 仅表层提及场景信息，未有效融合核心要素；与上下文连接较弱。"", ""1分： 完全忽视场景特定信息；输出通用、模板化，且与场景不相关。""]",2,2,zh,Scenario Element Integration,scenario_mismatch,scenario_mismatch,5,5,Personalized Content Creation,Law,Undergraduate,True,True,True,exact_metric_language,False,False,False,False,False,False,False,False,False,False,LOW,1,0,1,1,question_reused_recorded,"{'姓名': '李明', '年级': '大二', '专业': '法学', '已修课程': ['法理学', '宪法学', '民法总论'], '学习目标': '提高刑法理解，准备国家司法考试', '学习习惯': '通过案例分析学习，较少参加讨论，习惯阅读教科书', '薄弱点': '刑法条文的具体应用和理解'}\n请根据学生画像给出""学习路径规划建议"":和""个性化意见生成"":,以json格式返回","```json\n{\n  ""学习路径规划建议"": [\n    {\n      ""阶段"": ""基础巩固"",\n      ""内容"": [\n        ""系统学习《刑法总论》与《刑法分论》，结合司法考试大纲梳理核心知识点"",\n        ""每日精读《刑法学》权威教材（如张明楷《刑法学》），配合《刑法条文及司法解释》逐条解析"",\n        ""完成配套基础练习题（推荐《司法考试刑法通关题库》）""\n      ]\n    },\n    {\n      ""阶段"": ""案例强化（第2-3个月）"",\n      ""内容"": [\n        ""研读《刑事审判参考》经典案例集，重点分析犯罪构成要件与量刑情节"",\n        ""建立案例笔记库：按罪名分类整理争议焦点与裁判要旨"",\n        ""每周完成3个复杂案例的文书写作训练""\n      ]\n    },\n    {\n      ""阶段"": ""真题突破（第4-5个月）"",\n      ""内容"": [\n        ""近五年司法考试真题专项训练（刑法部分）"",\n        ""制作错题本：标注涉及法条理解偏差的题目"",\n        ""参加模考分析会（推荐觉晓法考/竹马法考线上模考）""\n      ]\n    },\n    {\n      ""阶段"": ""冲刺提升（考前1个月）"",\n      ""内容"": [\n        ""重点记忆《刑法修正案》新规与高频考点"",\n        ""进行案例速裁训练：30分钟内完成事实归纳与法条定位"",\n     ...","[""5分： 充分融合所有关键场景要素（如学生历史、学习偏好等），输出高度个性化，并与教学情境高度匹配。"", ""4分： 有效使用主要场景要素，回答具有针对性；可能遗漏少量细节，但不影响整体效果。"", ""3分： 使用了部分场景信息，但融合较浅；个性化程度或情境契合度一般。"", ""2分： 仅表层提及场景信息，未有效融合核心要素；与上下文连接较弱。"", ""1分： 完全忽视场景特定信息；输出通用、模板化，且与场景不相关。""]",question_seed42/train source; batch96 and topup1 source question reuse minimized and recorded
topup2_027,syn_17e2f942e0fb7db9,11c53e15f5b4879c3522cfd481f08136a177c8ec,train,results_merge.jsonl,415,ebf6383ccf11081172d762d21b7079671bd2437d,afa3753cbe106ab8b30a90d3c9c32e49f7fe62d6,"Student Profile: Student Profile: {'Name': 'Alex Johnson', 'Age': 24, 'Background': ""Alex has a Bachelor's degree in Sports Science and is currently pursuing a Master's in Physical Education. He is particularly interested in biomechanics and sports psychology."", 'Learning Style': 'Visual and kinesthetic learner, prefers hands-on activities and graphical representations.', 'Goals': 'To deepen understanding of biomechanics and apply sports psychology techniques in coaching.'}
Based on the student profile, generate 'personalized learning content or tasks' for each student, returning the result in JSON format.","[""5: Highly personalized content/advice/feedback based on student level/traits/needs; resource and learning path suggestions are accurate, practical, and valuable."", ""4: Demonstrates some adaptation to student situation; provides relevant learning advice or resources with good utility."", ""3: Attempts personalization but with limited effectiveness; recommendations are generic and of limited value."", ""2: Little to no personalization; output is the same for everyone; learning support is insufficient or unrelated."", ""1: No personalization; output may conflict with student needs; offers no or incorrect learning support.""]",1,1,en,"Personalization, Adaptation & Learning Support",scenario_mismatch,scenario_mismatch,5,5,Personalized Learning Support,Physical Education,Master,True,True,True,exact_metric_language,False,False,False,False,False,False,False,False,False,False,LOW,1,0,1,1,question_reused_recorded,"Student Profile: Student Profile: {'Name': 'Alex Johnson', 'Age': 24, 'Background': ""Alex has a Bachelor's degree in Sports Science and is currently pursuing a Master's in Physical Education. He is particularly interested in biomechanics and sports psychology."", 'Learning Style': 'Visual and kinesthetic learner, prefers hands-on activities and graphical representations.', 'Goals': 'To deepen understanding of biomechanics and apply sports psychology techniques in coaching.'}\nBased on the student profile, generate 'personalized learning content or tasks' for each student, returning the result in JSON format.","```json\n{\n  ""personalized_learning_content"": [\n    {\n      ""topic"": ""Biomechanics"",\n      ""activity"": ""Interactive 3D modeling of human movement"",\n      ""description"": ""Use a 3D modeling software to visualize and analyze different human movements. Focus on joint angles, muscle activation, and force distribution."",\n      ""resources"": [\n        ""3D modeling software (e.g., Blender, Maya)"",\n        ""Biomechanics textbooks"",\n        ""Online tutorials on 3D modeling""\n      ]\n    },\n    {\n      ""topic"": ""Sports Psychology"",\n      ""activity"": ""Case study analysis and role-playing"",\n      ""description"": ""Analyze case studies of athletes facing psychological challenges. Role-play a...","[""5: Highly personalized content/advice/feedback based on student level/traits/needs; resource and learning path suggestions are accurate, practical, and valuable."", ""4: Demonstrates some adaptation to student situation; provides relevant learning advice or resources with good utility."", ""3: Attempts personalization but with limited effectiveness; recommendations are generic and of limited value."", ""2: Little to no personalization; output is the same for everyone; learning support is insufficient or unrelated."", ""1: No personalization; output may conflict with student needs; offers no or incorrect learning support.""]",question_seed42/train source; batch96 and topup1 source question reuse minimized and recorded
topup2_028,syn_ce868b8d5358e772,1306af08bd266c0cc70dcc32663b886f43ad6d58,train,results_merge.jsonl,4295,a14dd4244f84330a2a60fd7f7cbd5a3786581d31,e232d189362a79068f6407a200b7d1ba63109bc4,"知识点：社会认同理论
请根据这个知识点给出""教学素材"":教学素材需要包括教学目标、重点难点、课堂活动设计等,以json格式返回","[""5分： 交互或内容设计巧妙，能显著促进学生的批判性思维、创新思维、问题解决或知识迁移应用能力（例如通过开放性问题、对比分析、案例探究、项目式任务等）。"", ""4分： 能提出引导性问题或设计有一定挑战性的任务，对培养学生的高阶思维和能力（如分析、评估、应用）有积极作用。"", ""3分： 在促进高阶思维方面有所尝试（如提出一些简单的思考题），但深度和广度有限，效果不明显，整体仍偏重知识复述或简单应用。"", ""2分： 交互或内容主要停留在基础知识记忆和理解层面，很少或未能涉及需要高阶思维的活动或问题。"", ""1分： 完全忽视高阶思维培养，仅限于死记硬背或简单重复，甚至可能因提供过于简化或固化的答案而阻碍思维发展。""]",3,3,zh,Higher-Order Thinking & Skill Development,reasoning_gap,reasoning_gap,5,5,Teaching Material Generation,Psychology,Master,True,True,True,exact_metric_language,False,False,False,False,False,False,False,False,False,False,LOW,1,0,1,1,question_reused_recorded,"知识点：社会认同理论\n请根据这个知识点给出""教学素材"":教学素材需要包括教学目标、重点难点、课堂活动设计等,以json格式返回","```json\n{\n  ""教学目标"": {\n    ""知识目标"": ""理解社会认同理论的基本概念和主要观点。"",\n    ""能力目标"": ""能够分析不同情境下个体如何通过社会认同来形成自我概念。"",\n    ""情感目标"": ""培养学生对社会现象的好奇心，鼓励学生思考个人与群体的关系。""\n  },\n  ""重点难点"": {\n    ""重点"": ""1. 社会认同理论的核心概念：社会身份、群体间差异、群体内相似性。\n2. 分析社会认同如何影响个体的行为和态度。"",\n    ""难点"": ""理解社会认同理论在不同情境下的应用，以及其对个体心理的影响机制。""\n  },\n  ""课堂活动设计"": [\n    {\n      ""活动名称"": ""自我概念探索"",\n      ""活动描述"": ""让学生思考并分享自己的社会身份，讨论这些身份如何影响他们的行为和态度。"",\n      ""所需时间"": ""10分钟"",\n      ""预期成果"": ""加深学生对自己社会身份的理解。""\n    },\n    {\n      ""活动名称"": ""案例分析"",\n      ""活动描述"": ""提供几个现实生活中的案例（如体育赛事中的群体行为、网络舆论中的群体分化），让学生分组讨论这些案例中社会认同是如何发挥作用的。"",\n      ""所需时间"": ""30分钟"",\n      ""预期成果"": ""提高学生对社会认同理论在实际生活中的应用能力。""\n    },\n    {\n      ""活动名称"": ""角色扮演"",\n      ""活动描述"": ""设置一个情境（如小组合...","[""5分： 交互或内容设计巧妙，能显著促进学生的批判性思维、创新思维、问题解决或知识迁移应用能力（例如通过开放性问题、对比分析、案例探究、项目式任务等）。"", ""4分： 能提出引导性问题或设计有一定挑战性的任务，对培养学生的高阶思维和能力（如分析、评估、应用）有积极作用。"", ""3分： 在促进高阶思维方面有所尝试（如提出一些简单的思考题），但深度和广度有限，效果不明显，整体仍偏重知识复述或简单应用。"", ""2分： 交互或内容主要停留在基础知识记忆和理解层面，很少或未能涉及需要高阶思维的活动或问题。"", ""1分： 完全忽视高阶思维培养，仅限于死记硬背或简单重复，甚至可能因提供过于简化或固化的答案而阻碍思维发展。""]",question_seed42/train source; batch96 and topup1 source question reuse minimized and recorded
topup2_029,syn_b86487ea9bb94318,10c69dd1e604977b423b722728a48a4f826a5590,train,results_merge.jsonl,449,ba35192a049e868eedae5ba310638e7e75c9f363,236884b36948d312595175d0de67ac2bfb93dd5b,"Question: Which of the following is the primary function of hemoglobin in the human body?
Original Answer: To fight infections by destroying bacteria.
You are providing error-correction services for the student's response. Based on this question and the original answer, provide the ""Corrected Answer"" and ""Error Explanation"", in JSON format.","[""5: Precisely identified all errors (no omission or false positives); provided completely correct, clear, and optimal correction suggestions."", ""4: Correctly located most major errors; suggestions are generally accurate and effective with only minor omissions or less-than-perfect advice."", ""3: Identified some errors but with clear omissions or false positives; suggestions are partially correct but may lack clarity, completeness or optimality."", ""2: Inaccurate error detection with critical omissions or many false positives; suggestions contain errors or are hard to comprehend."", ""1: Completely failed to detect errors; provided entirely incorrect or misleading correction advice.""]",2,2,en,Error Identification & Correction Precision,factual_error,factual_error,5,5,Error Correction,Basic Medicine,Undergraduate,True,True,True,exact_metric_language,False,False,False,False,False,False,False,False,False,False,LOW,1,1,2,1,question_reused_recorded,"Question: Which of the following is the primary function of hemoglobin in the human body?\nOriginal Answer: To fight infections by destroying bacteria.\nYou are providing error-correction services for the student's response. Based on this question and the original answer, provide the ""Corrected Answer"" and ""Error Explanation"", in JSON format.","```json\n{\n  ""Corrected Answer"": ""The primary function of hemoglobin in the human body is to transport oxygen from the lungs to the body's tissues and carbon dioxide from the tissues to the lungs."",\n  ""Error Explanation"": ""The original answer is incorrect because hemoglobin does not fight infections or destroy bacteria. Hemoglobin is a protein in red blood cells that binds to oxygen in the lungs and carries it throughout the body to cells and tissues that need it for energy production. It also picks up carbon dioxide as a waste product and returns it to the lungs for exhalation.""\n}\n```","[""5: Precisely identified all errors (no omission or false positives); provided completely correct, clear, and optimal correction suggestions."", ""4: Correctly located most major errors; suggestions are generally accurate and effective with only minor omissions or less-than-perfect advice."", ""3: Identified some errors but with clear omissions or false positives; suggestions are partially correct but may lack clarity, completeness or optimality."", ""2: Inaccurate error detection with critical omissions or many false positives; suggestions contain errors or are hard to comprehend."", ""1: Completely failed to detect errors; provided entirely incorrect or misleading correction advice.""]",question_seed42/train source; batch96 and topup1 source question reuse minimized and recorded
topup2_030,syn_c5ee1b20461a09cf,0e4a5081e08859582db20376579ac0b58306dabb,train,results_merge.jsonl,5239,32498439ea951a2573e1f3afb8999f203448e58e,53a3c8114f0014f707081061947132fa03c792ac,"学科:文学与艺术
学制级别:博士
知识点：后现代主义文学理论
问题类型：单选题
.请根据学科,学制级别,知识点,问题类型生成一个对应的问题。""问题""和""提供的思路"":,以json格式返回","[""5分： 完全理解并精准执行所有指令，完美达成核心任务目标，格式完全符合要求。"", ""4分： 准确理解主要指令，正确执行任务，核心目标达成度高，格式基本符合要求，可能有极少细节遗漏或偏差。"", ""3分： 理解了指令大意但可能忽略部分细节，任务基本完成但存在一些不准确或遗漏之处，格式有明显尝试但存在较多偏差。"", ""2分： 对指令理解有偏差，任务完成度低或有严重错误，格式多数不符合要求。"", ""1分： 完全误解或无视指令，任务未完成或完全错误，格式混乱或不相关。""]",1,1,zh,Instruction Following & Task Completion,instruction_violation,instruction_violation,5,5,Question Generation,Literature and Art,PhD,True,True,True,exact_metric_language,False,False,False,False,False,False,False,False,False,False,LOW,1,0,1,1,question_reused_recorded,"学科:文学与艺术\n学制级别:博士\n知识点：后现代主义文学理论\n问题类型：单选题\n.请根据学科,学制级别,知识点,问题类型生成一个对应的问题。""问题""和""提供的思路"":,以json格式返回","```json\n{\n  ""问题"": ""在后现代主义文学理论中，下列哪一项最准确地描述了‘元小说’（Metafiction）的特点？"",\n  ""提供的思路"": {\n    ""选项A"": ""元小说通过直接引用历史事件来增强故事的真实性。"",\n    ""选项B"": ""元小说强调对传统叙事结构的颠覆，并常常自我指涉，揭示小说的虚构性。"",\n    ""选项C"": ""元小说主要关注于描绘未来科技对人类社会的影响。"",\n    ""选项D"": ""元小说以线性叙事为主，强调情节的连贯性和角色的心理深度。"",\n    ""正确答案"": ""选项B"",\n    ""解析"": ""元小说是后现代主义文学中的一种重要形式，它通过自我指涉和揭示小说的虚构性，挑战传统叙事结构，使读者意识到他们正在阅读的是一部虚构作品。这种手法不仅打破了‘第四面墙’，还促使读者反思文学创作和阅读的本质。""\n  }\n}\n```","[""5分： 完全理解并精准执行所有指令，完美达成核心任务目标，格式完全符合要求。"", ""4分： 准确理解主要指令，正确执行任务，核心目标达成度高，格式基本符合要求，可能有极少细节遗漏或偏差。"", ""3分： 理解了指令大意但可能忽略部分细节，任务基本完成但存在一些不准确或遗漏之处，格式有明显尝试但存在较多偏差。"", ""2分： 对指令理解有偏差，任务完成度低或有严重错误，格式多数不符合要求。"", ""1分： 完全误解或无视指令，任务未完成或完全错误，格式混乱或不相关。""]",question_seed42/train source; batch96 and topup1 source question reuse minimized and recorded
topup2_031,syn_9142cb6698e9b91e,076b39fc9e272d2ac8f020e8a681868c3049773b,train,results_merge.jsonl,2022,7f281c5d001646c5cd068f561302e9f2c1b03a4e,a399e9c35e51c55e4023a5cbb6082d9c5698f533,"Question: Which Chinese dynasty is known for the construction of the majority of the Great Wall of China as it stands today?

Please provide reasoning based on this question. Do not provide the answer directly.. ""Reasoning Provided"":, return in JSON format","[""5: All stated factual elements (definitions, formulas, dates, terms, syntax, etc.) are completely accurate."", ""4: Vast majority of facts are correct; possibly contains very minor, non-critical typos or omissions."", ""3: Most facts are correct, but there are some notable factual errors that require review."", ""2: Contains several or key factual inaccuracies; information is not trustworthy."", ""1: Riddled with factual errors; information is completely incorrect or misleading.""]",2,2,en,Basic Factual Accuracy,factual_error,factual_error,5,5,Idea Provision,Chinese,High School,True,True,True,exact_metric_language,False,False,False,False,False,False,False,False,False,False,LOW,1,0,1,1,question_reused_recorded,"Question: Which Chinese dynasty is known for the construction of the majority of the Great Wall of China as it stands today?\n\nPlease provide reasoning based on this question. Do not provide the answer directly.. ""Reasoning Provided"":, return in JSON format","```json\n{\n  ""Reasoning Provided"": {\n    ""Dynasty Consideration"": ""The question asks about the dynasty responsible for the majority of the Great Wall as it exists today. While earlier dynasties, such as the Qin, initiated wall-building for defense, their sections are largely eroded or buried."",\n    ""Historical Context"": ""The Ming Dynasty (1368–1644) faced frequent threats from northern groups like the Mongols. This necessitated extensive fortification efforts, leading to the construction of reinforced, enduring walls using bricks and stone."",\n    ""Architectural Evidence"": ""Most surviving sections of the Great Wall visible today, including iconic portions near Beijing, feature Ming-era...","[""5: All stated factual elements (definitions, formulas, dates, terms, syntax, etc.) are completely accurate."", ""4: Vast majority of facts are correct; possibly contains very minor, non-critical typos or omissions."", ""3: Most facts are correct, but there are some notable factual errors that require review."", ""2: Contains several or key factual inaccuracies; information is not trustworthy."", ""1: Riddled with factual errors; information is completely incorrect or misleading.""]",question_seed42/train source; batch96 and topup1 source question reuse minimized and recorded
topup2_032,syn_8a2ff2e5c2b16f05,22f59a100fc8e49fb89d9d23011b57c673f1785a,train,results_merge.jsonl,4969,80c997dc9bc9becf50e310e86fb5550097076469,55124f1c31c633e7834b59252b1f1c03246ac0fc,"学科:数学
学制级别:小学
知识点：简单的加法运算
问题类型：单选题
.请根据学科,学制级别,知识点,问题类型生成一个对应的问题。""问题""和""提供的思路"":,以json格式返回","[""5分： 在专业领域知识运用上不仅准确，且展现出恰当的深度和严谨性，符合行业标准或学术规范。"", ""4分： 专业知识运用准确，体现了较好的专业水准，但在深度或某些细节的严谨性上略有不足，不影响核心正确性。"", ""3分： 专业知识运用基本准确，但显得较为表层或不够严谨，可能存在一些非核心概念的混淆或遗漏。"", ""2分： 专业知识运用存在明显错误或重大遗漏，体现出专业性不足。"", ""1分： 专业知识运用方面存在严重错误，完全不符合专业标准，可能产生误导。""]",1,1,zh,Domain Knowledge Accuracy,factual_error,factual_error,5,5,Question Generation,Mathematics,High School,True,True,True,exact_metric_language,False,False,False,False,False,False,False,False,False,False,LOW,1,0,1,1,question_reused_recorded,"学科:数学\n学制级别:小学\n知识点：简单的加法运算\n问题类型：单选题\n.请根据学科,学制级别,知识点,问题类型生成一个对应的问题。""问题""和""提供的思路"":,以json格式返回","```json\n{\n  ""问题"": ""小明有3个苹果，妈妈又给了他2个苹果，请问现在小明一共有多少个苹果？"",\n  ""选项"": {\n    ""A"": ""4个"",\n    ""B"": ""5个"",\n    ""C"": ""6个"",\n    ""D"": ""7个""\n  },\n  ""正确答案"": ""B"",\n  ""提供的思路"": ""这是一道简单的加法运算题。题目中提到小明原本有3个苹果，后来妈妈又给了他2个苹果。要找出小明现在总共有多少个苹果，只需要将这两个数字相加即可：3 + 2 = 5。因此，正确答案是B选项，即5个苹果。""\n}\n```","[""5分： 在专业领域知识运用上不仅准确，且展现出恰当的深度和严谨性，符合行业标准或学术规范。"", ""4分： 专业知识运用准确，体现了较好的专业水准，但在深度或某些细节的严谨性上略有不足，不影响核心正确性。"", ""3分： 专业知识运用基本准确，但显得较为表层或不够严谨，可能存在一些非核心概念的混淆或遗漏。"", ""2分： 专业知识运用存在明显错误或重大遗漏，体现出专业性不足。"", ""1分： 专业知识运用方面存在严重错误，完全不符合专业标准，可能产生误导。""]",question_seed42/train source; batch96 and topup1 source question reuse minimized and recorded
topup2_033,syn_e5c08ab11e8377cd,1536b1dea98b5811c4fb9279bde7f526ed04fd34,train,results_merge.jsonl,2139,5869d39b967206a8fc1c0ce82c2c96a58047d0ec,d915ed4a13e2c1918e242ba0196d5406fa0baea0,"Anxiety Level: Mild Anxiety
Dialogue with Student: [{'Agent': 'Hi! How are you feeling today? Is there anything on your mind?'}, {'Student': ""Hey, I'm doing okay, but I'm a little anxious about my upcoming exams. It's a lot to handle.""}, {'Agent': 'I understand. Exams can definitely be stressful. Is there anything specific about the exams that is making you feel anxious?'}, {'Student': ""Well, it's mostly the amount of information I need to memorize and apply. Plus, I feel like I need to perform well to meet my own expectations.""}, {'Agent': ""It sounds like you're putting a lot of pressure on yourself. It's normal to feel this way, especially when you care about your performance.""}]
Based on the student's emotional state and conversation, provide ""Emotional State Analysis"" and ""Comfort & Advice"", in JSON format.","[""5: Excellent role-playing (e.g., teacher/TA); language style, professionalism, and tone (e.g., encouraging/serious) are perfectly aligned with the assumed role and audience."", ""4: Role and tone are mostly consistent and appropriate for the scenario, with minor deviation in individual expressions."", ""3: Attempts to match the role and tone can be seen, but overall consistency is weak; some expressions are disconnected from the role/scenario."", ""2: Significant mismatch in role and tone; comes across as unnatural or inconsistent."", ""1: No reflection of assigned role/tone; expression entirely inconsistent with the scenario.""]",2,2,en,Role & Tone Consistency,scenario_mismatch,scenario_mismatch,5,5,Emotional Support,Military Science,Undergraduate,True,True,True,exact_metric_language,False,False,False,False,False,False,False,False,False,False,LOW,1,1,2,1,question_reused_recorded,"Anxiety Level: Mild Anxiety\nDialogue with Student: [{'Agent': 'Hi! How are you feeling today? Is there anything on your mind?'}, {'Student': ""Hey, I'm doing okay, but I'm a little anxious about my upcoming exams. It's a lot to handle.""}, {'Agent': 'I understand. Exams can definitely be stressful. Is there anything specific about the exams that is making you feel anxious?'}, {'Student': ""Well, it's mostly the amount of information I need to memorize and apply. Plus, I feel like I need to perform well to meet my own expectations.""}, {'Agent': ""It sounds like you're putting a lot of pressure on yourself. It's normal to feel this way, especially when you care about your performance.""}]\nBase...","```json\n{\n  ""Emotional State Analysis"": {\n    ""Emotion"": ""Mild Anxiety"",\n    ""Triggers"": [\n      ""Upcoming exams"",\n      ""Amount of information to memorize and apply"",\n      ""Pressure to meet personal expectations""\n    ],\n    ""Indicators"": [\n      ""Expressed concern about exams"",\n      ""Feeling overwhelmed by the workload"",\n      ""Self-imposed pressure to perform well""\n    ]\n  },\n  ""Comfort & Advice"": {\n    ""Comfort"": [\n      ""It's completely normal to feel anxious about exams, especially when you care about doing well."",\n      ""Remember that you're not alone in feeling this way—many students experience similar stress during exam periods."",\n      ""Take comfort in knowin...","[""5: Excellent role-playing (e.g., teacher/TA); language style, professionalism, and tone (e.g., encouraging/serious) are perfectly aligned with the assumed role and audience."", ""4: Role and tone are mostly consistent and appropriate for the scenario, with minor deviation in individual expressions."", ""3: Attempts to match the role and tone can be seen, but overall consistency is weak; some expressions are disconnected from the role/scenario."", ""2: Significant mismatch in role and tone; comes across as unnatural or inconsistent."", ""1: No reflection of assigned role/tone; expression entirely inconsistent with the scenario.""]",question_seed42/train source; batch96 and topup1 source question reuse minimized and recorded
topup2_034,syn_bf85e37ea95b71b0,10d73af366579e009fb338b976fd99cc33376736,train,results_merge.jsonl,4873,a1b67cde2ac0c2a69a2631e08f31330c603fd3ac,0f656d471cf64877d866a84986cd466a8260b1a0,"学科:生物
学制级别:小学
问题：请简述为什么植物需要阳光才能生长？
.请根据问题生成对应的答案。""答案"":,以json格式返回","[""5分： 内容与指定知识点/主题/问题高度相关，且严格控制在要求的难度、范围、学科内，无冗余或无关信息。"", ""4分： 内容主体相关，范围控制良好，可能包含极少量轻微超纲或关联度稍弱的信息。"", ""3分： 内容大部分相关，但包含一些偏离主题或超出范围的部分，范围控制不够精确。"", ""2分： 内容相关性较差，包含较多无关信息，或严重超出指定范围。"", ""1分： 内容基本不相关，或完全脱离指定范围。""]",1,1,zh,Content Relevance & Scope Control,scenario_mismatch,scenario_mismatch,5,5,Question Answering,Biology,Elementary School,True,True,True,exact_metric_language,False,False,False,False,False,False,False,False,False,False,LOW,1,0,1,1,question_reused_recorded,"学科:生物\n学制级别:小学\n问题：请简述为什么植物需要阳光才能生长？\n.请根据问题生成对应的答案。""答案"":,以json格式返回","```json\n{\n  ""答案"": ""植物需要阳光才能生长，主要是因为阳光是它们进行光合作用的重要条件。在光合作用中，植物通过叶子中的叶绿素吸收阳光的能量，将空气中的二氧化碳和根部吸收的水分转化为葡萄糖（植物的食物）和氧气。葡萄糖为植物提供生长所需的能量和养分，而氧气则释放到空气中。如果没有阳光，植物就无法完成这一过程，无法制造食物，导致无法正常生长，甚至可能枯萎。""\n}\n```","[""5分： 内容与指定知识点/主题/问题高度相关，且严格控制在要求的难度、范围、学科内，无冗余或无关信息。"", ""4分： 内容主体相关，范围控制良好，可能包含极少量轻微超纲或关联度稍弱的信息。"", ""3分： 内容大部分相关，但包含一些偏离主题或超出范围的部分，范围控制不够精确。"", ""2分： 内容相关性较差，包含较多无关信息，或严重超出指定范围。"", ""1分： 内容基本不相关，或完全脱离指定范围。""]",question_seed42/train source; batch96 and topup1 source question reuse minimized and recorded
topup2_035,syn_0ff539279c6f0990,68085025255c82daee6b50ad06c9d4bf15a62e5d,train,results_merge.jsonl,2001,3355c2772a62c5b8736da4f74d3aa9f79fde0f3d,2709cb3ac64329284d22a7c39eb13c0350ae85ca,"Question: Explain the strategic significance of high ground in military operations.

Please provide reasoning based on this question. Do not provide the answer directly.. ""Reasoning Provided"":, return in JSON format","[""5: Extremely clear and concise explanations; fully accessible for target learners; vibrant and engaging delivery that inspires deep thought and interest."", ""4: Clear and easy to understand; appropriate for learner level; somewhat thought-provoking and can trigger reflection."", ""3: Generally understandable but may be wordy, complex, or dull; limited inspirational impact."", ""2: Lacks clarity; uses excessive jargon or complex structures; difficult to comprehend; uninspiring."", ""1: Confusing and hard to follow; disregards learner needs; offers no inspiration and may cause confusion.""]",3,3,en,"Clarity, Simplicity & Inspiration",superficial_fluency,superficial_fluency,5,5,Idea Provision,Military Science,Undergraduate,True,True,True,exact_metric_language,False,False,False,False,False,False,False,False,False,False,LOW,1,0,1,1,question_reused_recorded,"Question: Explain the strategic significance of high ground in military operations.\n\nPlease provide reasoning based on this question. Do not provide the answer directly.. ""Reasoning Provided"":, return in JSON format","```json\n{\n  ""Reasoning Provided"": {\n    ""Key Considerations"": [\n      {\n        ""Aspect"": ""Visibility and Surveillance"",\n        ""Details"": ""High ground offers a vantage point for observing enemy movements, terrain features, and strategic assets, enabling early detection and intelligence gathering.""\n      },\n      {\n        ""Aspect"": ""Defensive Advantage"",\n        ""Details"": ""Elevated positions are harder to assault due to natural obstacles (e.g., slopes), reduced exposure to direct fire, and the ability to fortify positions effectively.""\n      },\n      {\n        ""Aspect"": ""Offensive Dominance"",\n        ""Details"": ""Controlling high ground allows forces to project firepower d...","[""5: Extremely clear and concise explanations; fully accessible for target learners; vibrant and engaging delivery that inspires deep thought and interest."", ""4: Clear and easy to understand; appropriate for learner level; somewhat thought-provoking and can trigger reflection."", ""3: Generally understandable but may be wordy, complex, or dull; limited inspirational impact."", ""2: Lacks clarity; uses excessive jargon or complex structures; difficult to comprehend; uninspiring."", ""1: Confusing and hard to follow; disregards learner needs; offers no inspiration and may cause confusion.""]",question_seed42/train source; batch96 and topup1 source question reuse minimized and recorded
topup2_036,syn_a5b32592e16c22b2,d7376dce5d461d3276c81d4462dea67f4f6ac9f2,train,results_merge.jsonl,4131,c704daf936433b064b6ac838c48f647752e9e2be,ec99e56831092ab07da41b82c61418c3e4e4856f,"问题：分析1960年代美国民权运动的主要原因和影响。请特别关注不同社会团体的角色以及运动带来的政策变革。
学生的答案：1960年代美国民权运动的主要原因包括种族歧视和社会不平等的长期存在，尤其是黑人群体在寻求平等权利方面所面临的困难。同时，经济因素和国际压力在一定程度上也推动了运动的发展。不同社会团体在这场运动中发挥了不同的角色。黑人社区的领袖如马丁·路德·金和马尔科姆·X在运动的组织、宣传及思想引领上起到了关键作用。大学生和其他年轻人也不可忽视，他们通过示威、罢课等活动积极参与。运动带来了显著的政策变革，例如1964年的《民权法案》和1965年的《选民权利法案》，这些法律有效地终结了法律上的种族隔离制度，使得黑人在投票权和教育、就业方面的平等权利得到了保障。总体来说，民权运动使得美国社会的公平性及多元化大为提升。
请根据问题和学生答案给出""评分"":""评分细节"":""个性化反馈"":,以json格式返回","[""5分： 始终体现出强烈的鼓励和支持态度，语言积极、富有建设性；在需要时提供非常有效的启发式引导，而非直接给答案。"", ""4分： 整体体现出鼓励和支持，语言积极正面；能提供有效的引导，偶尔可能过于直接。"", ""3分： 兼具鼓励和中性/批评性语言，积极性一般；引导有时有效，有时直接给答案或引导不足。"", ""2分： 缺乏鼓励和支持，语言偏中性甚至略显负面；很少提供有效引导，倾向于直接给答案或不给帮助。"", ""1分： 语言消极、打击性强，完全没有鼓励；无视引导需求，或提供错误引导。""]",2,2,zh,"Motivation, Guidance & Positive Feedback",scenario_mismatch,scenario_mismatch,5,5,Automatic Grading,History,Master,True,True,True,exact_metric_language,False,False,False,False,False,False,False,False,False,False,LOW,1,0,1,1,question_reused_recorded,"问题：分析1960年代美国民权运动的主要原因和影响。请特别关注不同社会团体的角色以及运动带来的政策变革。\n学生的答案：1960年代美国民权运动的主要原因包括种族歧视和社会不平等的长期存在，尤其是黑人群体在寻求平等权利方面所面临的困难。同时，经济因素和国际压力在一定程度上也推动了运动的发展。不同社会团体在这场运动中发挥了不同的角色。黑人社区的领袖如马丁·路德·金和马尔科姆·X在运动的组织、宣传及思想引领上起到了关键作用。大学生和其他年轻人也不可忽视，他们通过示威、罢课等活动积极参与。运动带来了显著的政策变革，例如1964年的《民权法案》和1965年的《选民权利法案》，这些法律有效地终结了法律上的种族隔离制度，使得黑人在投票权和教育、就业方面的平等权利得到了保障。总体来说，民权运动使得美国社会的公平性及多元化大为提升。\n请根据问题和学生答案给出""评分"":""评分细节"":""个性化反馈"":,以json格式返回","```json\n{\n  ""评分"": 8,\n  ""评分细节"": {\n    ""主要原因分析"": 7,\n    ""社会团体角色"": 9,\n    ""政策变革描述"": 8,\n    ""公平性和多元化提升"": 7\n  },\n  ""个性化反馈"": [\n    ""在分析主要原因时，可以更详细地提及具体的经济因素，比如工资差距、就业机会不平等等，以及国际压力的具体来源，如联合国对人权的关注等。"",\n    ""对于社会团体角色部分，你的回答已经相当全面，但可以增加更多具体的例子或活动来支持你的观点，比如大学生的“自由搭乘”运动等。"",\n    ""政策变革描述部分较为准确，但可以进一步指出这些法律的具体内容和实施效果，例如《民权法案》禁止基于种族、肤色、宗教、性别或国籍的歧视，并且规定了反歧视的措施。"",\n    ""在提到民权运动使得美国社会的公平性及多元化大为提升时，可以提供一些具体的数据或案例来支撑这个结论，比如黑人领导人在政府中的比例变化、社会文化层面的改变等。""\n  ]\n}\n```","[""5分： 始终体现出强烈的鼓励和支持态度，语言积极、富有建设性；在需要时提供非常有效的启发式引导，而非直接给答案。"", ""4分： 整体体现出鼓励和支持，语言积极正面；能提供有效的引导，偶尔可能过于直接。"", ""3分： 兼具鼓励和中性/批评性语言，积极性一般；引导有时有效，有时直接给答案或引导不足。"", ""2分： 缺乏鼓励和支持，语言偏中性甚至略显负面；很少提供有效引导，倾向于直接给答案或不给帮助。"", ""1分： 语言消极、打击性强，完全没有鼓励；无视引导需求，或提供错误引导。""]",question_seed42/train source; batch96 and topup1 source question reuse minimized and recorded
topup2_037,syn_7152601336b9a5de,73a34b61a69a8af9cb9549a4cfba3cf5c334de0e,train,results_merge.jsonl,1790,b8341c9d33cad1b053ba0bafa03c407e4791c4da,da5afc636cd35be40859041259666619d6ce3b09,"Question: Explain how Porter's Five Forces framework can be used to analyze the competitive environment of an industry.

Please provide reasoning based on this question. Do not provide the answer directly.. ""Reasoning Provided"":, return in JSON format","[""5: Reasoning is complete, clear, and rigorous; all steps are correct; arguments are strong and free of logical fallacies."", ""4: Reasoning is largely correct and logically coherent with minor issues in individual steps or details that do not affect the conclusion."", ""3: Reasoning is visible but contains unclear logic, missing steps, or insufficient argumentation, affecting the overall outcome."", ""2: Reasoning has major logical flaws, confusion in steps, or critical omissions; reliability is low."", ""1: Virtually no valid reasoning; logic is chaotic; steps are incorrect or irrelevant.""]",1,1,en,Reasoning Process Rigor,overconfident_wrong,overconfident_wrong,5,5,Idea Provision,Business Administration,Undergraduate,True,True,True,exact_metric_language,False,False,False,False,False,False,False,False,False,False,LOW,1,0,1,1,question_reused_recorded,"Question: Explain how Porter's Five Forces framework can be used to analyze the competitive environment of an industry.\n\nPlease provide reasoning based on this question. Do not provide the answer directly.. ""Reasoning Provided"":, return in JSON format","```json\n{\n  ""Reasoning Provided"": {\n    ""Understanding the Framework"": ""Recalling that Porter's Five Forces include Threat of New Entrants, Supplier Power, Buyer Power, Threat of Substitutes, and Industry Rivalry, and that each force must be dissected to evaluate its impact on competition."",\n    ""Analyzing Each Force"": {\n      ""Threat of New Entrants"": ""Considering factors like barriers to entry (e.g., capital, regulations, brand loyalty) and how low barriers increase competitive pressure."",\n      ""Supplier Power"": ""Evaluating supplier concentration, uniqueness of inputs, and switching costs to determine if suppliers can dictate terms or prices."",\n      ""Buyer Power"": ""Assessing bu...","[""5: Reasoning is complete, clear, and rigorous; all steps are correct; arguments are strong and free of logical fallacies."", ""4: Reasoning is largely correct and logically coherent with minor issues in individual steps or details that do not affect the conclusion."", ""3: Reasoning is visible but contains unclear logic, missing steps, or insufficient argumentation, affecting the overall outcome."", ""2: Reasoning has major logical flaws, confusion in steps, or critical omissions; reliability is low."", ""1: Virtually no valid reasoning; logic is chaotic; steps are incorrect or irrelevant.""]",question_seed42/train source; batch96 and topup1 source question reuse minimized and recorded
topup2_038,syn_079e9064725deb4a,5fe23e0b1de9d1e5bd84710d2f227ea54c6f0d37,train,results_merge.jsonl,2827,5a7b2f18ce6931feaaba02ce67a2309b10580098,6c72f70ee2ea9d8d1f3f445d866afc6e63433712,"学生画像：学生的画像：{'姓名': '小明', '年级': '小学四年级', '兴趣': ['观察自然', '阅读科普书籍'], '学习风格': '动手实践型', '能力水平': '理解力较强，但记忆力和专注度需要加强', '性格特点': '好奇心强，喜欢提出问题'}
请根据学生画像，为每位学生生成 ‘个性化的学习内容或任务’:,以json格式返回","[""5分： 充分融合所有关键场景要素（如学生历史、学习偏好等），输出高度个性化，并与教学情境高度匹配。"", ""4分： 有效使用主要场景要素，回答具有针对性；可能遗漏少量细节，但不影响整体效果。"", ""3分： 使用了部分场景信息，但融合较浅；个性化程度或情境契合度一般。"", ""2分： 仅表层提及场景信息，未有效融合核心要素；与上下文连接较弱。"", ""1分： 完全忽视场景特定信息；输出通用、模板化，且与场景不相关。""]",2,2,zh,Scenario Element Integration,instruction_violation,instruction_violation,5,5,Personalized Learning Support,Biology,Elementary School,True,True,True,exact_metric_language,False,False,False,False,False,False,False,False,False,False,LOW,1,0,1,1,question_reused_recorded,"学生画像：学生的画像：{'姓名': '小明', '年级': '小学四年级', '兴趣': ['观察自然', '阅读科普书籍'], '学习风格': '动手实践型', '能力水平': '理解力较强，但记忆力和专注度需要加强', '性格特点': '好奇心强，喜欢提出问题'}\n请根据学生画像，为每位学生生成 ‘个性化的学习内容或任务’:,以json格式返回","```json\n{\n  ""姓名"": ""小明"",\n  ""年级"": ""小学四年级"",\n  ""个性化学习内容与任务"": [\n    {\n      ""主题"": ""自然观察与科学探究"",\n      ""任务描述"": ""种植并记录豆芽生长过程"",\n      ""具体步骤"": [\n        ""准备材料：绿豆、透明容器、吸水纸巾、水"",\n        ""每日浇水并拍照记录豆芽形态变化"",\n        ""绘制生长曲线图（高度/天数）"",\n        ""结合科普书籍解释光合作用原理""\n      ],\n      ""能力培养目标"": [""观察力"", ""持续记录习惯"", ""现象与理论结合""],\n      ""记忆强化设计"": {\n        ""阶段复习"": ""每周制作生长简报（图片+文字说明）"",\n        ""趣味检测"": ""设计'植物生长知识问答卡'游戏""\n      }\n    },\n    {\n      ""主题"": ""互动式科普阅读"",\n      ""任务设计"": ""制作'为什么'问题手册"",\n      ""执行方式"": [\n        ""阅读指定科普书籍时标记3个有趣问题"",\n        ""通过家庭实验/网络查询寻找答案"",\n        ""用黏土制作问题相关模型（如火山结构）""\n      ],\n      ""专注力训练"": {\n        ""番茄工作法"": ""25分钟专注阅读+5分钟模型制作"",\n        ""成果展示"": ""周末向家人讲解1个科学问题""\n      }\n...","[""5分： 充分融合所有关键场景要素（如学生历史、学习偏好等），输出高度个性化，并与教学情境高度匹配。"", ""4分： 有效使用主要场景要素，回答具有针对性；可能遗漏少量细节，但不影响整体效果。"", ""3分： 使用了部分场景信息，但融合较浅；个性化程度或情境契合度一般。"", ""2分： 仅表层提及场景信息，未有效融合核心要素；与上下文连接较弱。"", ""1分： 完全忽视场景特定信息；输出通用、模板化，且与场景不相关。""]",question_seed42/train source; batch96 and topup1 source question reuse minimized and recorded
topup2_039,syn_b04bc2ccb815fc4b,2bb0ae497f69277c49b9ebefcb272292a7756d55,train,results_merge.jsonl,29,639f94d782b2c115eb52a4aae8b943c69735f697,75f282d93a17cfda76ae955d9f2f07516fc54901,"{'Name': 'Alex Johnson', 'Age': 17, 'Current Education Level': 'High School Junior', 'Current Skill Level in History': 'Intermediate', 'Learning Goals': 'To improve understanding of 20th-century world history and enhance critical analysis skills for historical events.', 'Study Habits': 'Prefers visual learning and engaging with interactive content. Studies best in short, focused sessions.'}
Based on the student profile, provide ""Learning Path Planning"" and ""Personalized Recommendations"", returned in JSON format.","[""5: Highly personalized content/advice/feedback based on student level/traits/needs; resource and learning path suggestions are accurate, practical, and valuable."", ""4: Demonstrates some adaptation to student situation; provides relevant learning advice or resources with good utility."", ""3: Attempts personalization but with limited effectiveness; recommendations are generic and of limited value."", ""2: Little to no personalization; output is the same for everyone; learning support is insufficient or unrelated."", ""1: No personalization; output may conflict with student needs; offers no or incorrect learning support.""]",1,1,en,"Personalization, Adaptation & Learning Support",rubric_violation,rubric_violation,5,5,Personalized Content Creation,History,High School,True,True,True,exact_metric_language,False,False,False,False,False,False,False,False,False,False,LOW,1,0,1,1,question_reused_recorded,"{'Name': 'Alex Johnson', 'Age': 17, 'Current Education Level': 'High School Junior', 'Current Skill Level in History': 'Intermediate', 'Learning Goals': 'To improve understanding of 20th-century world history and enhance critical analysis skills for historical events.', 'Study Habits': 'Prefers visual learning and engaging with interactive content. Studies best in short, focused sessions.'}\nBased on the student profile, provide ""Learning Path Planning"" and ""Personalized Recommendations"", returned in JSON format.","```json\n{\n  ""Learning Path Planning"": {\n    ""Phase 1: Foundation Building (Months 1-2)"": {\n      ""Objective"": ""Strengthen foundational knowledge of key 20th-century historical events and figures."",\n      ""Activities"": [\n        {\n          ""Activity Name"": ""Interactive Timeline Exploration"",\n          ""Description"": ""Use an interactive timeline tool to explore major events of the 20th century. Focus on understanding causes, consequences, and key players in each event."",\n          ""Resources"": [""TimeToast"", ""Tiki-Toki""]\n        },\n        {\n          ""Activity Name"": ""Watch Documentary Series"",\n          ""Description"": ""View documentaries that cover significant 20th-century ev...","[""5: Highly personalized content/advice/feedback based on student level/traits/needs; resource and learning path suggestions are accurate, practical, and valuable."", ""4: Demonstrates some adaptation to student situation; provides relevant learning advice or resources with good utility."", ""3: Attempts personalization but with limited effectiveness; recommendations are generic and of limited value."", ""2: Little to no personalization; output is the same for everyone; learning support is insufficient or unrelated."", ""1: No personalization; output may conflict with student needs; offers no or incorrect learning support.""]",question_seed42/train source; batch96 and topup1 source question reuse minimized and recorded
topup2_040,syn_bc818b319c7332b5,6b274ff61883d9eeaa5c55ee16fa7be2e389517b,train,results_merge.jsonl,5121,f1957be055b3faa0aea88aa4c67e38d0b94b2a4d,c09a03a08ecaf22de29723ae192465583f9e61d1,"学科:水产养殖
学制级别:大学
知识点：水质管理在水产养殖中的重要性
问题类型：简答题
.请根据学科,学制级别,知识点,问题类型生成一个对应的问题。""问题""和""提供的思路"":,以json格式返回","[""5分： 交互或内容设计巧妙，能显著促进学生的批判性思维、创新思维、问题解决或知识迁移应用能力（例如通过开放性问题、对比分析、案例探究、项目式任务等）。"", ""4分： 能提出引导性问题或设计有一定挑战性的任务，对培养学生的高阶思维和能力（如分析、评估、应用）有积极作用。"", ""3分： 在促进高阶思维方面有所尝试（如提出一些简单的思考题），但深度和广度有限，效果不明显，整体仍偏重知识复述或简单应用。"", ""2分： 交互或内容主要停留在基础知识记忆和理解层面，很少或未能涉及需要高阶思维的活动或问题。"", ""1分： 完全忽视高阶思维培养，仅限于死记硬背或简单重复，甚至可能因提供过于简化或固化的答案而阻碍思维发展。""]",2,2,zh,Higher-Order Thinking & Skill Development,superficial_fluency,superficial_fluency,5,5,Question Generation,Aquaculture,Undergraduate,True,True,True,exact_metric_language,False,False,False,False,False,False,False,False,False,False,LOW,1,0,1,1,question_reused_recorded,"学科:水产养殖\n学制级别:大学\n知识点：水质管理在水产养殖中的重要性\n问题类型：简答题\n.请根据学科,学制级别,知识点,问题类型生成一个对应的问题。""问题""和""提供的思路"":,以json格式返回","```json\n{\n  ""问题"": ""简述水质管理在水产养殖中的重要性。"",\n  ""提供的思路"": {\n    ""核心要点"": [\n      ""直接影响水生生物的生长、繁殖和存活率"",\n      ""维持养殖水体的生态平衡"",\n      ""预防疾病爆发和有害物质积累"",\n      ""提高养殖产量和产品品质""\n    ],\n    ""具体说明"": [\n      ""溶解氧、氨氮、pH值等关键参数的控制"",\n      ""微生物群落和藻相平衡的调节作用"",\n      ""污染物处理与物质循环的保障机制"",\n      ""不同养殖品种对水质的特殊要求""\n    ],\n    ""延伸分析"": [\n      ""水质监测技术的应用"",\n      ""循环水系统的发展趋势"",\n      ""环境友好型养殖模式的关联性""\n    ]\n  }\n}\n```","[""5分： 交互或内容设计巧妙，能显著促进学生的批判性思维、创新思维、问题解决或知识迁移应用能力（例如通过开放性问题、对比分析、案例探究、项目式任务等）。"", ""4分： 能提出引导性问题或设计有一定挑战性的任务，对培养学生的高阶思维和能力（如分析、评估、应用）有积极作用。"", ""3分： 在促进高阶思维方面有所尝试（如提出一些简单的思考题），但深度和广度有限，效果不明显，整体仍偏重知识复述或简单应用。"", ""2分： 交互或内容主要停留在基础知识记忆和理解层面，很少或未能涉及需要高阶思维的活动或问题。"", ""1分： 完全忽视高阶思维培养，仅限于死记硬背或简单重复，甚至可能因提供过于简化或固化的答案而阻碍思维发展。""]",question_seed42/train source; batch96 and topup1 source question reuse minimized and recorded
topup2_041,syn_814b831a6dec5a2c,111cc146fbf9b404326f503217c116f472118344,train,results_merge.jsonl,1063,474e1de7818e5730139801b4f471b28d6fa78a15,19fd8f7658376553fd3fce9039e89dfd80e8fdf6,"Question: True or False: The sum of the interior angles of a triangle is 180 degrees.
Student's Answer: True
Please provide ""Score"", ""Scoring Details"", and ""Personalized Feedback"" based on the question and student's answer, in JSON format.","[""5: Precisely identified all errors (no omission or false positives); provided completely correct, clear, and optimal correction suggestions."", ""4: Correctly located most major errors; suggestions are generally accurate and effective with only minor omissions or less-than-perfect advice."", ""3: Identified some errors but with clear omissions or false positives; suggestions are partially correct but may lack clarity, completeness or optimality."", ""2: Inaccurate error detection with critical omissions or many false positives; suggestions contain errors or are hard to comprehend."", ""1: Completely failed to detect errors; provided entirely incorrect or misleading correction advice.""]",1,1,en,Error Identification & Correction Precision,reasoning_gap,reasoning_gap,5,5,Automatic Grading,Mathematics,High School,True,True,True,exact_metric_language,False,False,False,False,False,False,False,False,False,False,LOW,1,1,2,1,question_reused_recorded,"Question: True or False: The sum of the interior angles of a triangle is 180 degrees.\nStudent's Answer: True\nPlease provide ""Score"", ""Scoring Details"", and ""Personalized Feedback"" based on the question and student's answer, in JSON format.","```json\n{\n  ""Score"": 100,\n  ""Scoring Details"": {\n    ""Correctness"": true,\n    ""Explanation"": ""The student's answer is correct. The sum of the interior angles of any triangle is indeed always 180 degrees.""\n  },\n  ""Personalized Feedback"": {\n    ""Text"": ""Great job! Your understanding of basic geometric principles is accurate. Keep up the good work!"",\n    ""Suggestions"": [\n      ""Remember that this property holds true for all types of triangles, whether they are right-angled, equilateral, isosceles, or scalene."",\n      ""You might also want to explore why this is the case using angle sum properties and parallel lines to deepen your comprehension.""\n    ]\n  }\n}\n```","[""5: Precisely identified all errors (no omission or false positives); provided completely correct, clear, and optimal correction suggestions."", ""4: Correctly located most major errors; suggestions are generally accurate and effective with only minor omissions or less-than-perfect advice."", ""3: Identified some errors but with clear omissions or false positives; suggestions are partially correct but may lack clarity, completeness or optimality."", ""2: Inaccurate error detection with critical omissions or many false positives; suggestions contain errors or are hard to comprehend."", ""1: Completely failed to detect errors; provided entirely incorrect or misleading correction advice.""]",question_seed42/train source; batch96 and topup1 source question reuse minimized and recorded
topup2_042,syn_15ec5c07a47604d6,0ea86879814079f67ea26c22af8a0c9e8144358d,train,results_merge.jsonl,4902,379759b00c0ded53ca5135bf363df1ca0f8ae778,6902c1270bb6d83a702e67c49a55b6e1f5dc0baf,"学科:体育教育学
学制级别:硕士
问题：在体育教育学中，以下哪些因素可能影响学生的运动参与度？(请选择所有适用的选项)
A. 学校的体育设施条件
B. 学生的家庭背景
C. 教师的教学风格
D. 学生的个人兴趣
E. 学校的地理位置
.请根据问题生成对应的答案。""答案"":,以json格式返回","[""5分： 完全理解并精准执行所有指令，完美达成核心任务目标，格式完全符合要求。"", ""4分： 准确理解主要指令，正确执行任务，核心目标达成度高，格式基本符合要求，可能有极少细节遗漏或偏差。"", ""3分： 理解了指令大意但可能忽略部分细节，任务基本完成但存在一些不准确或遗漏之处，格式有明显尝试但存在较多偏差。"", ""2分： 对指令理解有偏差，任务完成度低或有严重错误，格式多数不符合要求。"", ""1分： 完全误解或无视指令，任务未完成或完全错误，格式混乱或不相关。""]",3,3,zh,Instruction Following & Task Completion,rubric_violation,rubric_violation,5,5,Question Answering,Physical Education,Master,True,True,True,exact_metric_language,False,False,False,False,False,False,False,False,False,False,LOW,1,0,1,1,question_reused_recorded,"学科:体育教育学\n学制级别:硕士\n问题：在体育教育学中，以下哪些因素可能影响学生的运动参与度？(请选择所有适用的选项)\nA. 学校的体育设施条件\nB. 学生的家庭背景\nC. 教师的教学风格\nD. 学生的个人兴趣\nE. 学校的地理位置\n.请根据问题生成对应的答案。""答案"":,以json格式返回","```json\n{\n  ""答案"": [""A"", ""B"", ""C"", ""D"", ""E""],\n  ""解析"": {\n    ""A. 学校的体育设施条件"": ""设施的质量和可用性直接影响学生参与运动的机会和意愿。"",\n    ""B. 学生的家庭背景"": ""家庭经济状况、文化观念及家长对体育的支持程度会影响学生的参与度。"",\n    ""C. 教师的教学风格"": ""教师的教学方法、激励策略和课堂氛围对学生的兴趣和投入有显著作用。"",\n    ""D. 学生的个人兴趣"": ""个体对运动的喜好和内在动机是决定参与度的核心因素。"",\n    ""E. 学校的地理位置"": ""地理位置通过气候、社区资源及文化环境间接影响运动类型和可及性。""\n  }\n}\n```","[""5分： 完全理解并精准执行所有指令，完美达成核心任务目标，格式完全符合要求。"", ""4分： 准确理解主要指令，正确执行任务，核心目标达成度高，格式基本符合要求，可能有极少细节遗漏或偏差。"", ""3分： 理解了指令大意但可能忽略部分细节，任务基本完成但存在一些不准确或遗漏之处，格式有明显尝试但存在较多偏差。"", ""2分： 对指令理解有偏差，任务完成度低或有严重错误，格式多数不符合要求。"", ""1分： 完全误解或无视指令，任务未完成或完全错误，格式混乱或不相关。""]",question_seed42/train source; batch96 and topup1 source question reuse minimized and recorded
topup2_043,syn_313e7beb3302fa60,12713aa92071f1bceafe45b79ba000c75d346c52,train,results_merge.jsonl,1489,7d31b9d0eef59066afff9ba848a799e2668bbed2,ada0c0be1cff8b58382aafb514c5753b09b00d32,"Subject:Basic Medicine
Education Level:Master
Knowledge Point:The renin-angiotensin-aldosterone system (RAAS) plays a crucial role in regulating blood pressure and fluid balance in the body.
Question Type:Single Choice
.Generate a corresponding question based on subject, education level, knowledge point, and question type. Return ""Question"" and ""Provided Reasoning"" in JSON format.","[""5: All stated factual elements (definitions, formulas, dates, terms, syntax, etc.) are completely accurate."", ""4: Vast majority of facts are correct; possibly contains very minor, non-critical typos or omissions."", ""3: Most facts are correct, but there are some notable factual errors that require review."", ""2: Contains several or key factual inaccuracies; information is not trustworthy."", ""1: Riddled with factual errors; information is completely incorrect or misleading.""]",1,1,en,Basic Factual Accuracy,overconfident_wrong,overconfident_wrong,5,5,Question Generation,Basic Medicine,Master,True,True,True,exact_metric_language,False,False,False,False,False,False,False,False,False,False,LOW,1,0,1,1,question_reused_recorded,"Subject:Basic Medicine\nEducation Level:Master\nKnowledge Point:The renin-angiotensin-aldosterone system (RAAS) plays a crucial role in regulating blood pressure and fluid balance in the body.\nQuestion Type:Single Choice\n.Generate a corresponding question based on subject, education level, knowledge point, and question type. Return ""Question"" and ""Provided Reasoning"" in JSON format.","```json\n{\n  ""Question"": ""Which of the following hormones is NOT directly involved in the renin-angiotensin-aldosterone system (RAAS)?"",\n  ""Provided Reasoning"": ""This question tests the understanding of the components of the RAAS at the master's level. The student should be familiar with the key hormones involved in this system, including renin, angiotensin II, and aldosterone. By asking which hormone is not directly involved, it encourages critical thinking and the ability to distinguish between related but distinct physiological processes.""\n}\n```","[""5: All stated factual elements (definitions, formulas, dates, terms, syntax, etc.) are completely accurate."", ""4: Vast majority of facts are correct; possibly contains very minor, non-critical typos or omissions."", ""3: Most facts are correct, but there are some notable factual errors that require review."", ""2: Contains several or key factual inaccuracies; information is not trustworthy."", ""1: Riddled with factual errors; information is completely incorrect or misleading.""]",question_seed42/train source; batch96 and topup1 source question reuse minimized and recorded
topup2_044,syn_3f4f04439be11ab6,271911cf9e78f25f2c84c0d7375a2bb6e0298837,train,results_merge.jsonl,4398,00390e119f0cc1f62aa2726f07ddfc3fd9bcb599,e6b0390bd7f07b994dab4c6b1298ad942f1d180e,"知识点：市场结构与垄断竞争
请根据这个知识点给出""教学素材"":教学素材需要包括教学目标、重点难点、课堂活动设计等,以json格式返回","[""5分： 在专业领域知识运用上不仅准确，且展现出恰当的深度和严谨性，符合行业标准或学术规范。"", ""4分： 专业知识运用准确，体现了较好的专业水准，但在深度或某些细节的严谨性上略有不足，不影响核心正确性。"", ""3分： 专业知识运用基本准确，但显得较为表层或不够严谨，可能存在一些非核心概念的混淆或遗漏。"", ""2分： 专业知识运用存在明显错误或重大遗漏，体现出专业性不足。"", ""1分： 专业知识运用方面存在严重错误，完全不符合专业标准，可能产生误导。""]",2,2,zh,Domain Knowledge Accuracy,rubric_violation,rubric_violation,5,5,Teaching Material Generation,Theoretical Economics,PhD,True,True,True,exact_metric_language,False,False,False,False,False,False,False,False,False,False,LOW,1,0,1,1,question_reused_recorded,"知识点：市场结构与垄断竞争\n请根据这个知识点给出""教学素材"":教学素材需要包括教学目标、重点难点、课堂活动设计等,以json格式返回","```json\n{\n  ""教学素材"": {\n    ""教学目标"": {\n      ""知识目标"": [\n        ""理解垄断竞争市场结构的基本特征"",\n        ""掌握垄断竞争与完全竞争、寡头垄断、完全垄断的区别"",\n        ""认识产品差异化的表现形式及其市场影响""\n      ],\n      ""能力目标"": [\n        ""能够分析现实市场中垄断竞争的典型案例"",\n        ""运用需求曲线图形解释垄断竞争企业的短期和长期均衡"",\n        ""评估非价格竞争策略的有效性""\n      ],\n      ""情感目标"": [\n        ""培养批判性思维意识，认识市场效率的复杂性"",\n        ""形成对市场竞争策略的辩证认知""\n      ]\n    },\n    ""重点难点"": {\n      ""教学重点"": [\n        ""垄断竞争市场的三大特征：众多企业、产品差异化、自由进出"",\n        ""短期均衡与长期均衡的比较分析"",\n        ""广告投入与品牌建设的经济学解释""\n      ],\n      ""教学难点"": [\n        ""需求曲线与边际收益曲线的位置关系推导"",\n        ""超额产能定理的实际应用理解"",\n        ""动态竞争中的创新激励分析""\n      ]\n    },\n    ""课堂活动设计"": [\n      {\n        ""环节"": ""情境导入"",\n        ""形式"": ""案例讨论"",\...","[""5分： 在专业领域知识运用上不仅准确，且展现出恰当的深度和严谨性，符合行业标准或学术规范。"", ""4分： 专业知识运用准确，体现了较好的专业水准，但在深度或某些细节的严谨性上略有不足，不影响核心正确性。"", ""3分： 专业知识运用基本准确，但显得较为表层或不够严谨，可能存在一些非核心概念的混淆或遗漏。"", ""2分： 专业知识运用存在明显错误或重大遗漏，体现出专业性不足。"", ""1分： 专业知识运用方面存在严重错误，完全不符合专业标准，可能产生误导。""]",question_seed42/train source; batch96 and topup1 source question reuse minimized and recorded
topup2_045,syn_abc2258af8b61f4b,26ac050d0cffd4c5b2cff3f07119a444d88ed28c,train,results_merge.jsonl,2453,abe822573a551a67d264f0c08aca2db02c10a1d1,2784533e457d06e00e3afbbb10053bb57de6be6e,"Anxiety Level: Moderate Anxiety
Dialogue with Student: [""Agent: Hey there! How's your day going?"", ""Student: Hi, it's been a bit stressful honestly. I'm trying to keep up with my Physics coursework."", ""Agent: I understand. Physics can be challenging. What's been the most stressful part for you?"", ""Student: It's mainly the problem-solving part. I get anxious when I can't find the right solution quickly."", ""Agent: It's completely normal to feel that way. Physics problems can be complex and require time to think through. Have you tried breaking them into smaller parts?"", 'Student: I usually try to, but sometimes I get stuck and it feels overwhelming.', ""Agent: That's a common hurdle. Maybe you could set aside specific times for problem-solving to help manage the stress. Have you considered study groups or asking for help from your peers or professors?"", ""Student: I've thought about study groups but I'm not sure how effective they'd be."", 'Agent: Study groups can be really beneficial as they offer different perspectives and explanations. Plus, discussing problems with others might make them seem less daunting. It could be worth trying.']
Based on the student's emotional state and conversation, provide ""Emotional State Analysis"" and ""Comfort & Advice"", in JSON format.","[""5: Excellent role-playing (e.g., teacher/TA); language style, professionalism, and tone (e.g., encouraging/serious) are perfectly aligned with the assumed role and audience."", ""4: Role and tone are mostly consistent and appropriate for the scenario, with minor deviation in individual expressions."", ""3: Attempts to match the role and tone can be seen, but overall consistency is weak; some expressions are disconnected from the role/scenario."", ""2: Significant mismatch in role and tone; comes across as unnatural or inconsistent."", ""1: No reflection of assigned role/tone; expression entirely inconsistent with the scenario.""]",1,1,en,Role & Tone Consistency,superficial_fluency,superficial_fluency,5,5,Emotional Support,Physics,Undergraduate,True,True,True,exact_metric_language,False,False,False,False,False,False,False,False,False,False,LOW,1,1,2,1,question_reused_recorded,"Anxiety Level: Moderate Anxiety\nDialogue with Student: [""Agent: Hey there! How's your day going?"", ""Student: Hi, it's been a bit stressful honestly. I'm trying to keep up with my Physics coursework."", ""Agent: I understand. Physics can be challenging. What's been the most stressful part for you?"", ""Student: It's mainly the problem-solving part. I get anxious when I can't find the right solution quickly."", ""Agent: It's completely normal to feel that way. Physics problems can be complex and require time to think through. Have you tried breaking them into smaller parts?"", 'Student: I usually try to, but sometimes I get stuck and it feels overwhelming.', ""Agent: That's a common hurdle. Maybe ...","```json\n{\n  ""Emotional State Analysis"": {\n    ""Anxiety Level"": ""Moderate Anxiety"",\n    ""Primary Emotions"": [""Stress"", ""Frustration"", ""Overwhelm"", ""Uncertainty""],\n    ""Triggers"": [\n      ""Difficulty in solving physics problems efficiently"",\n      ""Perceived pressure to find solutions quickly"",\n      ""Feeling stuck in problem-solving process"",\n      ""Ambivalence about effectiveness of study groups""\n    ],\n    ""Cognitive Patterns"": [\n      ""All-or-nothing thinking about problem-solving success"",\n      ""Time pressure anxiety impacting performance"",\n      ""Social hesitation in seeking academic support"",\n      ""Task magnification of complex problems""\n    ]\n  },\n  ""Comfort & Ad...","[""5: Excellent role-playing (e.g., teacher/TA); language style, professionalism, and tone (e.g., encouraging/serious) are perfectly aligned with the assumed role and audience."", ""4: Role and tone are mostly consistent and appropriate for the scenario, with minor deviation in individual expressions."", ""3: Attempts to match the role and tone can be seen, but overall consistency is weak; some expressions are disconnected from the role/scenario."", ""2: Significant mismatch in role and tone; comes across as unnatural or inconsistent."", ""1: No reflection of assigned role/tone; expression entirely inconsistent with the scenario.""]",question_seed42/train source; batch96 and topup1 source question reuse minimized and recorded
topup2_046,syn_912d25f3e33ecb76,175432e60cfd6aa8b7f6b56461e1fecd58b6dd5f,train,results_merge.jsonl,4005,80b4f169dced8f900b4d6467567222045b1c13a3,04f9e7ecd0434329721c099950aa9058c010193c,"问题：选择以下具有微分同胚性质的函数类别：（可多选）
A. 二次多项式函数
B. 余弦函数
C. 指数函数
D. 常数函数
E. 三次多项式函数
学生的答案：['C', 'E']
请根据问题和学生答案给出""评分"":""评分细节"":""个性化反馈"":,以json格式返回","[""5分： 内容与指定知识点/主题/问题高度相关，且严格控制在要求的难度、范围、学科内，无冗余或无关信息。"", ""4分： 内容主体相关，范围控制良好，可能包含极少量轻微超纲或关联度稍弱的信息。"", ""3分： 内容大部分相关，但包含一些偏离主题或超出范围的部分，范围控制不够精确。"", ""2分： 内容相关性较差，包含较多无关信息，或严重超出指定范围。"", ""1分： 内容基本不相关，或完全脱离指定范围。""]",2,2,zh,Content Relevance & Scope Control,rubric_violation,rubric_violation,5,5,Automatic Grading,Mathematics,PhD,True,True,True,exact_metric_language,False,False,False,False,False,False,False,False,False,False,LOW,1,0,1,1,question_reused_recorded,"问题：选择以下具有微分同胚性质的函数类别：（可多选）\nA. 二次多项式函数\nB. 余弦函数\nC. 指数函数\nD. 常数函数\nE. 三次多项式函数\n学生的答案：['C', 'E']\n请根据问题和学生答案给出""评分"":""评分细节"":""个性化反馈"":,以json格式返回","```json\n{\n  ""评分"": ""部分正确"",\n  ""评分细节"": {\n    ""正确选项"": [""C"", ""E""],\n    ""学生答案"": [""C"", ""E""],\n    ""得分"": 1,\n    ""满分"": 2\n  },\n  ""个性化反馈"": ""你的答案部分正确。指数函数（C）作为从ℝ到(0, ∞)的映射是微分同胚，因为它是双射且导数始终非零，逆函数（自然对数）也光滑。但三次多项式函数（E）并非全部满足条件：只有当其导数无零点时（如f(x)=x³+x），才是微分同胚；而像f(x)=x³的导数在x=0处为零，逆函数在y=0处不可导，因此E选项作为一个整体类别不成立。""\n}\n```","[""5分： 内容与指定知识点/主题/问题高度相关，且严格控制在要求的难度、范围、学科内，无冗余或无关信息。"", ""4分： 内容主体相关，范围控制良好，可能包含极少量轻微超纲或关联度稍弱的信息。"", ""3分： 内容大部分相关，但包含一些偏离主题或超出范围的部分，范围控制不够精确。"", ""2分： 内容相关性较差，包含较多无关信息，或严重超出指定范围。"", ""1分： 内容基本不相关，或完全脱离指定范围。""]",question_seed42/train source; batch96 and topup1 source question reuse minimized and recorded
topup2_047,syn_020af589b8d678da,0ae7660d71a8a924000e79e42be476346df0fe7b,train,results_merge.jsonl,1557,b4e8463f79efb7c28a37f3dee049ee3dee03f6de,8d0888ab5aeca7e3ce9f4dbf92f1a24ece104dcb,"Subject:Psychology
Education Level:Undergraduate
Knowledge Point:Cognitive dissonance is a psychological concept that refers to the discomfort experienced when holding two or more conflicting cognitions (e.g., beliefs, attitudes, or behaviors). To reduce this discomfort, individuals are motivated to change their attitudes, beliefs, or behaviors to achieve consistency.
Question Type:Multiple Choice
.Generate a corresponding question based on subject, education level, knowledge point, and question type. Return ""Question"" and ""Provided Reasoning"" in JSON format.","[""5: Extremely clear and concise explanations; fully accessible for target learners; vibrant and engaging delivery that inspires deep thought and interest."", ""4: Clear and easy to understand; appropriate for learner level; somewhat thought-provoking and can trigger reflection."", ""3: Generally understandable but may be wordy, complex, or dull; limited inspirational impact."", ""2: Lacks clarity; uses excessive jargon or complex structures; difficult to comprehend; uninspiring."", ""1: Confusing and hard to follow; disregards learner needs; offers no inspiration and may cause confusion.""]",1,1,en,"Clarity, Simplicity & Inspiration",rubric_violation,rubric_violation,4,4,Question Generation,Psychology,Undergraduate,True,True,True,exact_metric_language,False,False,False,False,False,False,False,False,False,False,LOW,1,0,1,1,question_reused_recorded,"Subject:Psychology\nEducation Level:Undergraduate\nKnowledge Point:Cognitive dissonance is a psychological concept that refers to the discomfort experienced when holding two or more conflicting cognitions (e.g., beliefs, attitudes, or behaviors). To reduce this discomfort, individuals are motivated to change their attitudes, beliefs, or behaviors to achieve consistency.\nQuestion Type:Multiple Choice\n.Generate a corresponding question based on subject, education level, knowledge point, and question type. Return ""Question"" and ""Provided Reasoning"" in JSON format.","```json\n{\n  ""Question"": {\n    ""Stem"": ""Sarah, who strongly believes in environmental conservation, recently purchased a gas-guzzling SUV. She now feels uneasy about her decision. Which psychological concept best explains her discomfort?"",\n    ""Options"": [\n      ""A. Confirmation bias"",\n      ""B. Cognitive dissonance"",\n      ""C. Social loafing"",\n      ""D. Self-serving bias""\n    ],\n    ""CorrectAnswer"": ""B""\n  },\n  ""Provided Reasoning"": {\n    ""Explanation"": ""Cognitive dissonance occurs when there is inconsistency between attitudes/beliefs and behaviors, creating psychological tension. Sarah's environmental values conflict with her SUV purchase, motivating her to resolve the discom...","[""5: Extremely clear and concise explanations; fully accessible for target learners; vibrant and engaging delivery that inspires deep thought and interest."", ""4: Clear and easy to understand; appropriate for learner level; somewhat thought-provoking and can trigger reflection."", ""3: Generally understandable but may be wordy, complex, or dull; limited inspirational impact."", ""2: Lacks clarity; uses excessive jargon or complex structures; difficult to comprehend; uninspiring."", ""1: Confusing and hard to follow; disregards learner needs; offers no inspiration and may cause confusion.""]",question_seed42/train source; batch96 and topup1 source question reuse minimized and recorded
topup2_048,syn_17c7091f2dd07078,15be41ebbab7054873b2944b49e778f2d4794f28,train,results_merge.jsonl,4631,e826870afe4da21943336b7b1c30736bf7fbb8f1,bd11eb7a9960796e6fd5620aab9510a9bc3d2cc8,"焦虑级别：轻度焦虑
对话内容：[{'学生': '我最近感觉有些焦虑，面对博士阶段的学习压力，有些时候会觉得吃力。'}, {'智能体': '我理解，这么高强度的课程和研究任务，难免会让人感到压力重重。你有没有哪些具体方面觉得特别挑战呢？'}, {'学生': '主要是我在实验设计和数据分析上有时候感到不太自信，担心自己的研究不能达到预期效果。'}, {'智能体': '这些感觉是很正常的，因为博士阶段的学习本身就涉及很多未知和不确定性。你做得很好，能够意识到自己在这些方面有不自信。你是否有尝试寻求导师或同学的帮助和建议呢？'}]
请根据学生情绪状态和对话给出""情绪状态分析"":和""安慰与建议"":,以json格式返回","[""5分： 始终体现出强烈的鼓励和支持态度，语言积极、富有建设性；在需要时提供非常有效的启发式引导，而非直接给答案。"", ""4分： 整体体现出鼓励和支持，语言积极正面；能提供有效的引导，偶尔可能过于直接。"", ""3分： 兼具鼓励和中性/批评性语言，积极性一般；引导有时有效，有时直接给答案或引导不足。"", ""2分： 缺乏鼓励和支持，语言偏中性甚至略显负面；很少提供有效引导，倾向于直接给答案或不给帮助。"", ""1分： 语言消极、打击性强，完全没有鼓励；无视引导需求，或提供错误引导。""]",2,2,zh,"Motivation, Guidance & Positive Feedback",superficial_fluency,superficial_fluency,4,4,Emotional Support,Basic Medicine,PhD,True,True,True,exact_metric_language,False,False,False,False,False,False,False,False,False,False,LOW,1,0,1,1,question_reused_recorded,"焦虑级别：轻度焦虑\n对话内容：[{'学生': '我最近感觉有些焦虑，面对博士阶段的学习压力，有些时候会觉得吃力。'}, {'智能体': '我理解，这么高强度的课程和研究任务，难免会让人感到压力重重。你有没有哪些具体方面觉得特别挑战呢？'}, {'学生': '主要是我在实验设计和数据分析上有时候感到不太自信，担心自己的研究不能达到预期效果。'}, {'智能体': '这些感觉是很正常的，因为博士阶段的学习本身就涉及很多未知和不确定性。你做得很好，能够意识到自己在这些方面有不自信。你是否有尝试寻求导师或同学的帮助和建议呢？'}]\n请根据学生情绪状态和对话给出""情绪状态分析"":和""安慰与建议"":,以json格式返回","```json\n{\n  ""情绪状态分析"": {\n    ""主要情绪"": ""轻度焦虑"",\n    ""触发因素"": ""博士阶段的高强度学习压力、实验设计与数据分析的不自信、对研究效果的担忧"",\n    ""情绪表现"": {\n      ""自我怀疑"": ""对个人学术能力存在不确定性"",\n      ""预期焦虑"": ""担心研究成果达不到预期标准"",\n      ""压力感知"": ""感受到科研任务带来的持续性压力""\n    },\n    ""积极因素"": ""具备问题觉察能力、主动寻求帮助的意愿、持续投入研究的坚持性""\n  },\n  ""安慰与建议"": {\n    ""认知调整"": [\n      ""博士研究的探索本质决定了不确定性是常态，70%的博士生都会经历类似的自我怀疑阶段"",\n      ""实验设计的迭代过程本身包含试错价值，失败数据往往能揭示新的研究方向""\n    ],\n    ""方法论建议"": [\n      ""建立「微型目标管理系统」：将大课题分解为可量化的周目标（如每周完成3组对比实验）"",\n      ""实施「双轨记录法」：同时维护实验日志（客观记录）与信心日记（主观感受）"",\n      ""采用「结构化求助」策略：准备具体问题清单（不超过3个）后再与导师沟通""\n    ],\n    ""资源整合"": [\n      ""加入跨校际博士生支持小组（推荐：Academic Resilience Hub线上社区）"",\n      ""使用可视化分析工具（如Jupyter Notebook）降低数据处理认知负荷"",\n      ""参与实验...","[""5分： 始终体现出强烈的鼓励和支持态度，语言积极、富有建设性；在需要时提供非常有效的启发式引导，而非直接给答案。"", ""4分： 整体体现出鼓励和支持，语言积极正面；能提供有效的引导，偶尔可能过于直接。"", ""3分： 兼具鼓励和中性/批评性语言，积极性一般；引导有时有效，有时直接给答案或引导不足。"", ""2分： 缺乏鼓励和支持，语言偏中性甚至略显负面；很少提供有效引导，倾向于直接给答案或不给帮助。"", ""1分： 语言消极、打击性强，完全没有鼓励；无视引导需求，或提供错误引导。""]",question_seed42/train source; batch96 and topup1 source question reuse minimized and recorded
topup2_049,syn_ce00079d9e1a155b,8b05e684cd9ae1cb4f678d0311b9072a17074de8,train,results_merge.jsonl,1072,aa48c48cd6bf14c4713397de0e37c7971495e79d,71b0e08c261ae4430c6cb7d04c4f203b08cac103,"Subject:Mathematics
Education Level:PhD
Question:In the context of complex analysis, consider the function f(z) = z^2 + 1. Which of the following statements is true regarding its singularities?
A) f(z) has no singularities.
B) f(z) has a removable singularity at z = 0.
C) f(z) has a pole of order 2 at z = i.
D) f(z) has an essential singularity at infinity.
. Please generate the corresponding answer based on the question. ""Answer"":, in JSON format.","[""5: Reasoning is complete, clear, and rigorous; all steps are correct; arguments are strong and free of logical fallacies."", ""4: Reasoning is largely correct and logically coherent with minor issues in individual steps or details that do not affect the conclusion."", ""3: Reasoning is visible but contains unclear logic, missing steps, or insufficient argumentation, affecting the overall outcome."", ""2: Reasoning has major logical flaws, confusion in steps, or critical omissions; reliability is low."", ""1: Virtually no valid reasoning; logic is chaotic; steps are incorrect or irrelevant.""]",3,3,en,Reasoning Process Rigor,reasoning_gap,reasoning_gap,5,5,Question Answering,Mathematics,PhD,True,True,True,exact_metric_language,False,False,False,False,False,False,False,False,False,False,LOW,1,0,1,1,question_reused_recorded,"Subject:Mathematics\nEducation Level:PhD\nQuestion:In the context of complex analysis, consider the function f(z) = z^2 + 1. Which of the following statements is true regarding its singularities?\nA) f(z) has no singularities.\nB) f(z) has a removable singularity at z = 0.\nC) f(z) has a pole of order 2 at z = i.\nD) f(z) has an essential singularity at infinity.\n. Please generate the corresponding answer based on the question. ""Answer"":, in JSON format.","{\n  ""answer"": ""A) f(z) has no singularities.""\n}\n\nThe function \(f(z) = z^2 + 1\) is a polynomial and therefore entire (holomorphic on the whole complex plane). Polynomials do not have any singularities because they are defined and analytic everywhere in the complex plane. Thus, the correct statement is that \(f(z)\) has no singularities.","[""5: Reasoning is complete, clear, and rigorous; all steps are correct; arguments are strong and free of logical fallacies."", ""4: Reasoning is largely correct and logically coherent with minor issues in individual steps or details that do not affect the conclusion."", ""3: Reasoning is visible but contains unclear logic, missing steps, or insufficient argumentation, affecting the overall outcome."", ""2: Reasoning has major logical flaws, confusion in steps, or critical omissions; reliability is low."", ""1: Virtually no valid reasoning; logic is chaotic; steps are incorrect or irrelevant.""]",question_seed42/train source; batch96 and topup1 source question reuse minimized and recorded
topup2_050,syn_05eb8b81b3dfa2a7,9d3b2b8d6b6adfc788a87619b264dbacc0eb7852,train,results_merge.jsonl,3185,33f24cdef61905293c51bb59ca561c1f2cef3965,c292ebd4b52efb064816c6ba3d8d092e4ccbe531,"问题：请简述第二次世界大战的主要参战国和其领导者。
原答案：第二次世界大战的主要参战国包括德国的希特勒、美国的罗斯福、法国的拿破仑和苏联的列宁。
你为学生的回答进行纠错服务.请根据这个问题和原答案给出""纠错后答案""和""纠错说明"":,以json格式返回","[""5分： 充分融合所有关键场景要素（如学生历史、学习偏好等），输出高度个性化，并与教学情境高度匹配。"", ""4分： 有效使用主要场景要素，回答具有针对性；可能遗漏少量细节，但不影响整体效果。"", ""3分： 使用了部分场景信息，但融合较浅；个性化程度或情境契合度一般。"", ""2分： 仅表层提及场景信息，未有效融合核心要素；与上下文连接较弱。"", ""1分： 完全忽视场景特定信息；输出通用、模板化，且与场景不相关。""]",1,1,zh,Scenario Element Integration,scenario_mismatch,scenario_mismatch,5,5,Error Correction,History,Middle School,True,True,True,exact_metric_language,False,False,False,False,False,False,False,False,False,False,LOW,1,0,1,1,question_reused_recorded,"问题：请简述第二次世界大战的主要参战国和其领导者。\n原答案：第二次世界大战的主要参战国包括德国的希特勒、美国的罗斯福、法国的拿破仑和苏联的列宁。\n你为学生的回答进行纠错服务.请根据这个问题和原答案给出""纠错后答案""和""纠错说明"":,以json格式返回","```json\n{\n    ""纠错后答案"": ""第二次世界大战的主要参战国及其领导者包括：德国的阿道夫·希特勒（Adolf Hitler）、美国的富兰克林·罗斯福（Franklin D. Roosevelt）、英国的温斯顿·丘吉尔（Winston Churchill）、苏联的约瑟夫·斯大林（Joseph Stalin）、意大利的贝尼托·墨索里尼（Benito Mussolini）和日本的裕仁天皇（昭和天皇，实际军事决策者为东条英机）。法国在战争初期被德国占领，后分为维希法国（菲利普·贝当）和自由法国（夏尔·戴高乐）两部分。"",\n    ""纠错说明"": {\n        ""原答案错误1"": ""法国领导人拿破仑属于19世纪，与二战无关。纠错后补充维希法国（贝当）和自由法国（戴高乐）。"",\n        ""原答案错误2"": ""苏联领导人列宁于1924年逝世，二战期间苏联领导人为斯大林。"",\n        ""补充遗漏"": ""原答案未提及英国（丘吉尔）、意大利（墨索里尼）、日本（裕仁天皇/东条英机）等关键参战国。"",\n        ""时间线说明"": ""二战发生于1939-1945年，需确保人物与事件时间相符（如罗斯福为美国战时总统，1945年病逝后由杜鲁门接任）。""\n    }\n}\n```","[""5分： 充分融合所有关键场景要素（如学生历史、学习偏好等），输出高度个性化，并与教学情境高度匹配。"", ""4分： 有效使用主要场景要素，回答具有针对性；可能遗漏少量细节，但不影响整体效果。"", ""3分： 使用了部分场景信息，但融合较浅；个性化程度或情境契合度一般。"", ""2分： 仅表层提及场景信息，未有效融合核心要素；与上下文连接较弱。"", ""1分： 完全忽视场景特定信息；输出通用、模板化，且与场景不相关。""]",question_seed42/train source; batch96 and topup1 source question reuse minimized and recorded
topup2_051,syn_f0aeef8bfc1a2800,14c1e87e4c8d5504c467f90857fbd01561d043fa,train,results_merge.jsonl,26,8cdf1aba67fd11f6ef4d3de526d6c99b7ecebfd4,abe1b950323c6751013ed28c41ae50454c8c969c,"{'Name': 'Alex Johnson', 'Age': 21, 'Current Education Level': 'Undergraduate', 'Current Skill Level': 'Intermediate', 'Learning Goals': ['Understand the application of economic theories in real-world scenarios', 'Improve quantitative analysis skills', 'Prepare for a career in economic policy analysis'], 'Weak Points': ['Econometric modeling', 'Macroeconomic policy analysis'], 'Study Habits': ['Prefers visual learning materials', 'Studies best in short, focused sessions', 'Enjoys group discussions']}
Based on the student profile, provide ""Learning Path Planning"" and ""Personalized Recommendations"", returned in JSON format.","[""5: Highly personalized content/advice/feedback based on student level/traits/needs; resource and learning path suggestions are accurate, practical, and valuable."", ""4: Demonstrates some adaptation to student situation; provides relevant learning advice or resources with good utility."", ""3: Attempts personalization but with limited effectiveness; recommendations are generic and of limited value."", ""2: Little to no personalization; output is the same for everyone; learning support is insufficient or unrelated."", ""1: No personalization; output may conflict with student needs; offers no or incorrect learning support.""]",2,2,en,"Personalization, Adaptation & Learning Support",scenario_mismatch,scenario_mismatch,5,5,Personalized Content Creation,Applied Economics,PhD,True,True,True,exact_metric_language,False,False,False,False,False,False,False,False,False,False,LOW,1,0,1,2,question_reused_recorded,"{'Name': 'Alex Johnson', 'Age': 21, 'Current Education Level': 'Undergraduate', 'Current Skill Level': 'Intermediate', 'Learning Goals': ['Understand the application of economic theories in real-world scenarios', 'Improve quantitative analysis skills', 'Prepare for a career in economic policy analysis'], 'Weak Points': ['Econometric modeling', 'Macroeconomic policy analysis'], 'Study Habits': ['Prefers visual learning materials', 'Studies best in short, focused sessions', 'Enjoys group discussions']}\nBased on the student profile, provide ""Learning Path Planning"" and ""Personalized Recommendations"", returned in JSON format.","```json\n{\n  ""Learning Path Planning"": {\n    ""Short-term Goals"": [\n      ""Focus on understanding basic econometric models through visual learning materials."",\n      ""Engage in group discussions to explore macroeconomic policy analysis."",\n      ""Complete short, focused study sessions on quantitative analysis techniques.""\n    ],\n    ""Medium-term Goals"": [\n      ""Apply economic theories to real-world scenarios through case studies and projects."",\n      ""Participate in workshops or seminars on econometric modeling."",\n      ""Join study groups or forums to discuss and analyze macroeconomic policies.""\n    ],\n    ""Long-term Goals"": [\n      ""Develop a comprehensive understanding of ec...","[""5: Highly personalized content/advice/feedback based on student level/traits/needs; resource and learning path suggestions are accurate, practical, and valuable."", ""4: Demonstrates some adaptation to student situation; provides relevant learning advice or resources with good utility."", ""3: Attempts personalization but with limited effectiveness; recommendations are generic and of limited value."", ""2: Little to no personalization; output is the same for everyone; learning support is insufficient or unrelated."", ""1: No personalization; output may conflict with student needs; offers no or incorrect learning support.""]",question_seed42/train source; batch96 and topup1 source question reuse minimized and recorded
topup2_052,syn_d504bd7610feff59,7b402316878eb2df4fe135e220444e59bc14cd65,train,results_merge.jsonl,4118,9426bf1d616524f16d24c48a39d88230ad85d87d,28f846832dc9c359f61a2803954ddc5cf68f0e31,"知识点：公共管理中的决策过程
请根据这个知识点给出""教学素材"":教学素材需要包括教学目标、重点难点、课堂活动设计等,以json格式返回","[""5分： 交互或内容设计巧妙，能显著促进学生的批判性思维、创新思维、问题解决或知识迁移应用能力（例如通过开放性问题、对比分析、案例探究、项目式任务等）。"", ""4分： 能提出引导性问题或设计有一定挑战性的任务，对培养学生的高阶思维和能力（如分析、评估、应用）有积极作用。"", ""3分： 在促进高阶思维方面有所尝试（如提出一些简单的思考题），但深度和广度有限，效果不明显，整体仍偏重知识复述或简单应用。"", ""2分： 交互或内容主要停留在基础知识记忆和理解层面，很少或未能涉及需要高阶思维的活动或问题。"", ""1分： 完全忽视高阶思维培养，仅限于死记硬背或简单重复，甚至可能因提供过于简化或固化的答案而阻碍思维发展。""]",1,1,zh,Higher-Order Thinking & Skill Development,reasoning_gap,reasoning_gap,5,5,Teaching Material Generation,Public Administration,Undergraduate,True,True,True,exact_metric_language,False,False,False,False,False,False,False,False,False,False,LOW,1,0,1,1,question_reused_recorded,"知识点：公共管理中的决策过程\n请根据这个知识点给出""教学素材"":教学素材需要包括教学目标、重点难点、课堂活动设计等,以json格式返回","```json\n{\n  ""教学素材"": {\n    ""课程名称"": ""公共管理中的决策过程"",\n    ""教学目标"": [\n      ""理解公共管理领域内决策过程的基本概念和重要性。"",\n      ""掌握公共部门决策过程中常用的方法和技术。"",\n      ""能够分析实际案例，识别其中的关键决策点及影响因素。"",\n      ""培养批判性思维能力，学会从多角度评估公共政策的效果。"",\n      ""增强团队合作与沟通技巧，在模拟决策环境中发挥作用。""\n    ],\n    ""重点难点"": {\n      ""重点"": [\n        ""决策理论及其在公共管理中的应用。"",\n        ""利益相关者分析方法。"",\n        ""风险管理和不确定性处理策略。"",\n        ""伦理考量与社会责任感的体现。""\n      ],\n      ""难点"": [\n        ""如何有效地整合不同来源的信息进行综合判断。"",\n        ""面对复杂情境时做出快速而准确的决策。"",\n        ""平衡各方利益冲突以达成最优解。"",\n        ""预测并准备应对可能产生的负面后果或挑战。""\n      ]\n    },\n    ""课堂活动设计"": [\n      {\n        ""活动名称"": ""角色扮演：公共危机应对"",\n        ""描述"": ""学生将被分成小组，每组代表政府的一个部门（如卫生、安全等）。给定一个虚构但基于现实情况的公共危机场景，要求各小组根据所学知识制定应急计划，并通过讨论...","[""5分： 交互或内容设计巧妙，能显著促进学生的批判性思维、创新思维、问题解决或知识迁移应用能力（例如通过开放性问题、对比分析、案例探究、项目式任务等）。"", ""4分： 能提出引导性问题或设计有一定挑战性的任务，对培养学生的高阶思维和能力（如分析、评估、应用）有积极作用。"", ""3分： 在促进高阶思维方面有所尝试（如提出一些简单的思考题），但深度和广度有限，效果不明显，整体仍偏重知识复述或简单应用。"", ""2分： 交互或内容主要停留在基础知识记忆和理解层面，很少或未能涉及需要高阶思维的活动或问题。"", ""1分： 完全忽视高阶思维培养，仅限于死记硬背或简单重复，甚至可能因提供过于简化或固化的答案而阻碍思维发展。""]",question_seed42/train source; batch96 and topup1 source question reuse minimized and recorded
topup2_053,syn_f6136b7fbaa787b9,24fee549c2691b4dba39a5f05f24a30d5e4ab1fd,train,results_merge.jsonl,697,f705a20fd802b901fb36788b9a24a96983b5ab1e,6ebc22982b0303bf9158ca9be457b8b76ea3b141,"Question: Which of the following paintings is attributed to Vincent van Gogh?
Original Answer: The Persistence of Memory
You are providing error-correction services for the student's response. Based on this question and the original answer, provide the ""Corrected Answer"" and ""Error Explanation"", in JSON format.","[""5: Precisely identified all errors (no omission or false positives); provided completely correct, clear, and optimal correction suggestions."", ""4: Correctly located most major errors; suggestions are generally accurate and effective with only minor omissions or less-than-perfect advice."", ""3: Identified some errors but with clear omissions or false positives; suggestions are partially correct but may lack clarity, completeness or optimality."", ""2: Inaccurate error detection with critical omissions or many false positives; suggestions contain errors or are hard to comprehend."", ""1: Completely failed to detect errors; provided entirely incorrect or misleading correction advice.""]",2,2,en,Error Identification & Correction Precision,factual_error,factual_error,5,5,Error Correction,Literature and Art,Undergraduate,True,True,True,exact_metric_language,False,False,False,False,False,False,False,False,False,False,LOW,1,1,2,1,question_reused_recorded,"Question: Which of the following paintings is attributed to Vincent van Gogh?\nOriginal Answer: The Persistence of Memory\nYou are providing error-correction services for the student's response. Based on this question and the original answer, provide the ""Corrected Answer"" and ""Error Explanation"", in JSON format.","```json\n{\n  ""Corrected Answer"": ""The Starry Night"",\n  ""Error Explanation"": ""The painting 'The Persistence of Memory' is actually attributed to Salvador Dalí, not Vincent van Gogh. Vincent van Gogh is the artist behind 'The Starry Night,' which is one of his most famous works.""\n}\n```","[""5: Precisely identified all errors (no omission or false positives); provided completely correct, clear, and optimal correction suggestions."", ""4: Correctly located most major errors; suggestions are generally accurate and effective with only minor omissions or less-than-perfect advice."", ""3: Identified some errors but with clear omissions or false positives; suggestions are partially correct but may lack clarity, completeness or optimality."", ""2: Inaccurate error detection with critical omissions or many false positives; suggestions contain errors or are hard to comprehend."", ""1: Completely failed to detect errors; provided entirely incorrect or misleading correction advice.""]",question_seed42/train source; batch96 and topup1 source question reuse minimized and recorded
topup2_054,syn_b24ed1c7b3e44cd4,1eab6c318f1715d0ce3e881849ea37f9360644e3,train,results_merge.jsonl,4682,93a5ca2decc82169ec51fce4735b568ddb829c8a,4c7eb2e0dfc7f18f91f055677d3feed4fa43f83f,"学科:历史学
学制级别:大学
问题：以下哪一事件标志着英格兰光荣革命的结束？
A. 1688年詹姆斯二世的逃亡
B. 1689年权利法案的通过
C. 1690年博因河战役
D. 1694年玛丽二世去世
.请根据问题生成对应的答案。""答案"":,以json格式返回","[""5分： 完全理解并精准执行所有指令，完美达成核心任务目标，格式完全符合要求。"", ""4分： 准确理解主要指令，正确执行任务，核心目标达成度高，格式基本符合要求，可能有极少细节遗漏或偏差。"", ""3分： 理解了指令大意但可能忽略部分细节，任务基本完成但存在一些不准确或遗漏之处，格式有明显尝试但存在较多偏差。"", ""2分： 对指令理解有偏差，任务完成度低或有严重错误，格式多数不符合要求。"", ""1分： 完全误解或无视指令，任务未完成或完全错误，格式混乱或不相关。""]",1,1,zh,Instruction Following & Task Completion,instruction_violation,instruction_violation,5,5,Question Answering,History,Undergraduate,True,True,True,exact_metric_language,False,False,False,False,False,False,False,False,False,False,LOW,1,0,1,1,question_reused_recorded,"学科:历史学\n学制级别:大学\n问题：以下哪一事件标志着英格兰光荣革命的结束？\nA. 1688年詹姆斯二世的逃亡\nB. 1689年权利法案的通过\nC. 1690年博因河战役\nD. 1694年玛丽二世去世\n.请根据问题生成对应的答案。""答案"":,以json格式返回","```json\n{\n  ""答案"": ""B. 1689年权利法案的通过""\n}\n```","[""5分： 完全理解并精准执行所有指令，完美达成核心任务目标，格式完全符合要求。"", ""4分： 准确理解主要指令，正确执行任务，核心目标达成度高，格式基本符合要求，可能有极少细节遗漏或偏差。"", ""3分： 理解了指令大意但可能忽略部分细节，任务基本完成但存在一些不准确或遗漏之处，格式有明显尝试但存在较多偏差。"", ""2分： 对指令理解有偏差，任务完成度低或有严重错误，格式多数不符合要求。"", ""1分： 完全误解或无视指令，任务未完成或完全错误，格式混乱或不相关。""]",question_seed42/train source; batch96 and topup1 source question reuse minimized and recorded
topup2_055,syn_2516a4d974368858,1d2b1d94a4c8852ae52bd6ca2182b811e62015bb,train,results_merge.jsonl,1245,89ad7f660e220e95714d0729aaef8f1f0834f89d,99d279f1071cc2e83b13b2cff9d5abf603ab1fc7,"Subject:Military Science
Education Level:Master
Question:Analyze the strategic significance of electromagnetic spectrum operations (EMSO) in contemporary military conflicts, detailing how they can alter the dynamics of warfare.
. Please generate the corresponding answer based on the question. ""Answer"":, in JSON format.","[""5: All stated factual elements (definitions, formulas, dates, terms, syntax, etc.) are completely accurate."", ""4: Vast majority of facts are correct; possibly contains very minor, non-critical typos or omissions."", ""3: Most facts are correct, but there are some notable factual errors that require review."", ""2: Contains several or key factual inaccuracies; information is not trustworthy."", ""1: Riddled with factual errors; information is completely incorrect or misleading.""]",3,3,en,Basic Factual Accuracy,factual_error,factual_error,5,5,Question Answering,Military Science,Master,True,True,True,exact_metric_language,False,False,False,False,False,False,False,False,False,False,LOW,1,0,1,1,question_reused_recorded,"Subject:Military Science\nEducation Level:Master\nQuestion:Analyze the strategic significance of electromagnetic spectrum operations (EMSO) in contemporary military conflicts, detailing how they can alter the dynamics of warfare.\n. Please generate the corresponding answer based on the question. ""Answer"":, in JSON format.","```json\n{\n  ""Answer"": {\n    ""Introduction"": ""Electromagnetic Spectrum Operations (EMSO) have become a critical component of modern military strategy, significantly influencing the dynamics of contemporary warfare. EMSO encompasses the use of electromagnetic energy across all domains to achieve strategic, operational, and tactical objectives. This includes not only traditional electronic warfare (EW) but also cyber operations, signals intelligence (SIGINT), and other forms of information warfare."",\n    ""Strategic Significance"": {\n      ""Control of the Electromagnetic Environment"": ""The ability to control or deny the use of the electromagnetic spectrum is crucial for maintaining comman...","[""5: All stated factual elements (definitions, formulas, dates, terms, syntax, etc.) are completely accurate."", ""4: Vast majority of facts are correct; possibly contains very minor, non-critical typos or omissions."", ""3: Most facts are correct, but there are some notable factual errors that require review."", ""2: Contains several or key factual inaccuracies; information is not trustworthy."", ""1: Riddled with factual errors; information is completely incorrect or misleading.""]",question_seed42/train source; batch96 and topup1 source question reuse minimized and recorded
topup2_056,syn_adfd0c0848130b88,2d97b9f0db88cc9f4be681ffc60ddfd00672c593,train,results_merge.jsonl,4244,c3d6dd9886dbb21e947eb824f47088252a780c68,db368ba7380fa6d37242ddccecc8df1c06babf4f,"知识点：作物生长模型的参数优化
请根据这个知识点给出""教学素材"":教学素材需要包括教学目标、重点难点、课堂活动设计等,以json格式返回","[""5分： 在专业领域知识运用上不仅准确，且展现出恰当的深度和严谨性，符合行业标准或学术规范。"", ""4分： 专业知识运用准确，体现了较好的专业水准，但在深度或某些细节的严谨性上略有不足，不影响核心正确性。"", ""3分： 专业知识运用基本准确，但显得较为表层或不够严谨，可能存在一些非核心概念的混淆或遗漏。"", ""2分： 专业知识运用存在明显错误或重大遗漏，体现出专业性不足。"", ""1分： 专业知识运用方面存在严重错误，完全不符合专业标准，可能产生误导。""]",2,2,zh,Domain Knowledge Accuracy,factual_error,factual_error,5,5,Teaching Material Generation,Crop Science,PhD,True,True,True,exact_metric_language,False,False,False,False,False,False,False,False,False,False,LOW,1,0,1,1,question_reused_recorded,"知识点：作物生长模型的参数优化\n请根据这个知识点给出""教学素材"":教学素材需要包括教学目标、重点难点、课堂活动设计等,以json格式返回","```json\n{\n  ""教学目标"": {\n    ""知识目标"": [\n      ""理解作物生长模型中参数优化的基本概念及重要性"",\n      ""掌握常用参数优化算法（如梯度下降法、遗传算法）的原理"",\n      ""了解参数优化在农业生产中的实际应用场景""\n    ],\n    ""能力目标"": [\n      ""能够使用Python/MATLAB工具进行参数校准"",\n      ""能根据作物数据调整模型参数"",\n      ""具备分析优化结果有效性的能力""\n    ],\n    ""素养目标"": [\n      ""培养科学建模的严谨态度"",\n      ""建立跨学科（农学+计算机）的思维方式"",\n      ""增强解决实际农业问题的社会责任感""\n    ]\n  },\n  ""重点难点"": {\n    ""教学重点"": [\n      ""参数优化的数学建模原理"",\n      ""目标函数与约束条件的设定方法"",\n      ""常用优化算法的实现流程""\n    ],\n    ""教学难点"": [\n      ""高维度参数空间的寻优策略"",\n      ""作物生长模型参数的相互耦合关系"",\n      ""局部最优与全局最优的判别标准""\n    ],\n    ""突破方法"": [\n      ""采用WOFOST模型简化版进行案例教学"",\n      ""通过参数敏感性分析降低维度"",\n      ""可视化展示参数变化对生长曲线的影响""\n    ]\n  },\n  ""课堂活动设计"": [\n    {\n      ""...","[""5分： 在专业领域知识运用上不仅准确，且展现出恰当的深度和严谨性，符合行业标准或学术规范。"", ""4分： 专业知识运用准确，体现了较好的专业水准，但在深度或某些细节的严谨性上略有不足，不影响核心正确性。"", ""3分： 专业知识运用基本准确，但显得较为表层或不够严谨，可能存在一些非核心概念的混淆或遗漏。"", ""2分： 专业知识运用存在明显错误或重大遗漏，体现出专业性不足。"", ""1分： 专业知识运用方面存在严重错误，完全不符合专业标准，可能产生误导。""]",question_seed42/train source; batch96 and topup1 source question reuse minimized and recorded
topup2_057,syn_369548d69585eb7a,41a4b0609b314e0cce19960a8913b6e9d02094f2,train,results_merge.jsonl,2479,e2b4ff890c3f248c79d4a3ec0079511a5a269c6d,873816f3d8a262ec43e4290d112462958f7629f5,"Knowledge Point: Advanced Recirculating Aquaculture Systems (RAS) Design and Management
Based on this knowledge point, provide ""Teaching Materials"": Teaching materials should include teaching objectives, key points and difficulties, classroom activity design, etc., in JSON format.","[""5: Excellent role-playing (e.g., teacher/TA); language style, professionalism, and tone (e.g., encouraging/serious) are perfectly aligned with the assumed role and audience."", ""4: Role and tone are mostly consistent and appropriate for the scenario, with minor deviation in individual expressions."", ""3: Attempts to match the role and tone can be seen, but overall consistency is weak; some expressions are disconnected from the role/scenario."", ""2: Significant mismatch in role and tone; comes across as unnatural or inconsistent."", ""1: No reflection of assigned role/tone; expression entirely inconsistent with the scenario.""]",1,1,en,Role & Tone Consistency,scenario_mismatch,scenario_mismatch,5,5,Teaching Material Generation,Aquaculture,Master,True,True,True,exact_metric_language,False,False,False,False,False,False,False,False,False,False,LOW,1,1,2,1,question_reused_recorded,"Knowledge Point: Advanced Recirculating Aquaculture Systems (RAS) Design and Management\nBased on this knowledge point, provide ""Teaching Materials"": Teaching materials should include teaching objectives, key points and difficulties, classroom activity design, etc., in JSON format.","```json\n{\n  ""teaching_materials"": {\n    ""teaching_objectives"": [\n      ""Understand the fundamental principles and components of Advanced Recirculating Aquaculture Systems (RAS)."",\n      ""Develop skills to design RAS with a focus on water quality management, energy efficiency, and system scalability."",\n      ""Learn operational management strategies for RAS, including waste management, biofilter optimization, and disease control."",\n      ""Apply problem-solving techniques to address challenges in RAS implementation and sustainability.""\n    ],\n    ""key_points"": [\n      ""Core components of RAS: biofilters, oxygenation systems, UV sterilization, and automated monitoring."",\n      ""Des...","[""5: Excellent role-playing (e.g., teacher/TA); language style, professionalism, and tone (e.g., encouraging/serious) are perfectly aligned with the assumed role and audience."", ""4: Role and tone are mostly consistent and appropriate for the scenario, with minor deviation in individual expressions."", ""3: Attempts to match the role and tone can be seen, but overall consistency is weak; some expressions are disconnected from the role/scenario."", ""2: Significant mismatch in role and tone; comes across as unnatural or inconsistent."", ""1: No reflection of assigned role/tone; expression entirely inconsistent with the scenario.""]",question_seed42/train source; batch96 and topup1 source question reuse minimized and recorded
topup2_058,syn_a722d4e91c56b70d,3085147813a8f48d70b8dbed81b3b72957cbc1ae,train,results_merge.jsonl,4997,e3a1cd273545f8678ebc10a163f908053480c7bc,16e65777dd579c77f848168a590537d048264500,"学科:心理学
学制级别:大学
知识点：社会认知理论中的自我效能感
问题类型：多选题
.请根据学科,学制级别,知识点,问题类型生成一个对应的问题。""问题""和""提供的思路"":,以json格式返回","[""5分： 内容与指定知识点/主题/问题高度相关，且严格控制在要求的难度、范围、学科内，无冗余或无关信息。"", ""4分： 内容主体相关，范围控制良好，可能包含极少量轻微超纲或关联度稍弱的信息。"", ""3分： 内容大部分相关，但包含一些偏离主题或超出范围的部分，范围控制不够精确。"", ""2分： 内容相关性较差，包含较多无关信息，或严重超出指定范围。"", ""1分： 内容基本不相关，或完全脱离指定范围。""]",2,2,zh,Content Relevance & Scope Control,scenario_mismatch,scenario_mismatch,5,5,Question Generation,Psychology,Master,True,True,True,exact_metric_language,False,False,False,False,False,False,False,False,False,False,LOW,1,0,1,1,question_reused_recorded,"学科:心理学\n学制级别:大学\n知识点：社会认知理论中的自我效能感\n问题类型：多选题\n.请根据学科,学制级别,知识点,问题类型生成一个对应的问题。""问题""和""提供的思路"":,以json格式返回","```json\n{\n  ""问题"": ""根据社会认知理论中的自我效能感，以下哪些选项是自我效能感对个体行为的主要影响？（多选）"",\n  ""提供的思路"": {\n    ""知识点关联"": ""自我效能感由班杜拉提出，强调个体对自身完成特定任务能力的信念"",\n    ""关键概念"": ""行为选择、努力程度、坚持性、思维模式、情绪反应"",\n    ""干扰项设计"": ""排除与生理机能直接相关或非认知理论核心的内容（如遗传因素、他人行为结果）"",\n    ""正确选项"": [\n      ""A. 影响个体对任务难度的选择"",\n      ""B. 决定面对困难时的坚持程度"",\n      ""D. 调节个体的焦虑水平和压力应对"",\n      ""E. 塑造个体对挑战的认知解读方式""\n    ],\n    ""典型干扰项"": [\n      ""C. 直接决定个体的生理反应能力"",\n      ""F. 影响他人对个体行为的评价""\n    ],\n    ""考察目标"": ""理解自我效能感的作用维度及其与行为表现的因果关系""\n  }\n}\n```","[""5分： 内容与指定知识点/主题/问题高度相关，且严格控制在要求的难度、范围、学科内，无冗余或无关信息。"", ""4分： 内容主体相关，范围控制良好，可能包含极少量轻微超纲或关联度稍弱的信息。"", ""3分： 内容大部分相关，但包含一些偏离主题或超出范围的部分，范围控制不够精确。"", ""2分： 内容相关性较差，包含较多无关信息，或严重超出指定范围。"", ""1分： 内容基本不相关，或完全脱离指定范围。""]",question_seed42/train source; batch96 and topup1 source question reuse minimized and recorded
topup2_059,syn_bfabec5948be1552,1c811ba26f0b5fd26d18394b6fe2f7a13700e61c,train,results_merge.jsonl,1449,f6cf3e1b280ca78c17a557b97001a3fea411a738,9e96de485d7213a46e3465a92952b96b982c4402,"Subject:Aquaculture
Education Level:Undergraduate
Knowledge Point:Aquaculture involves the farming of aquatic organisms, including fish, mollusks, crustaceans, and aquatic plants. It encompasses breeding, rearing, and harvesting in controlled environments.
Question Type:Single Choice
.Generate a corresponding question based on subject, education level, knowledge point, and question type. Return ""Question"" and ""Provided Reasoning"" in JSON format.","[""5: Extremely clear and concise explanations; fully accessible for target learners; vibrant and engaging delivery that inspires deep thought and interest."", ""4: Clear and easy to understand; appropriate for learner level; somewhat thought-provoking and can trigger reflection."", ""3: Generally understandable but may be wordy, complex, or dull; limited inspirational impact."", ""2: Lacks clarity; uses excessive jargon or complex structures; difficult to comprehend; uninspiring."", ""1: Confusing and hard to follow; disregards learner needs; offers no inspiration and may cause confusion.""]",1,1,en,"Clarity, Simplicity & Inspiration",superficial_fluency,superficial_fluency,4,4,Question Generation,Aquaculture,Undergraduate,True,True,True,exact_metric_language,False,False,False,False,False,False,False,False,False,False,LOW,1,0,1,1,question_reused_recorded,"Subject:Aquaculture\nEducation Level:Undergraduate\nKnowledge Point:Aquaculture involves the farming of aquatic organisms, including fish, mollusks, crustaceans, and aquatic plants. It encompasses breeding, rearing, and harvesting in controlled environments.\nQuestion Type:Single Choice\n.Generate a corresponding question based on subject, education level, knowledge point, and question type. Return ""Question"" and ""Provided Reasoning"" in JSON format.","```json\n{\n  ""Question"": ""Which of the following best describes the primary focus of aquaculture?"",\n  ""Provided Reasoning"": ""Aquaculture is the practice of farming aquatic organisms such as fish, mollusks, crustaceans, and aquatic plants in controlled environments. This includes activities like breeding, rearing, and harvesting. The question is designed to test the undergraduate student's understanding of the fundamental concept of aquaculture.""\n}\n```","[""5: Extremely clear and concise explanations; fully accessible for target learners; vibrant and engaging delivery that inspires deep thought and interest."", ""4: Clear and easy to understand; appropriate for learner level; somewhat thought-provoking and can trigger reflection."", ""3: Generally understandable but may be wordy, complex, or dull; limited inspirational impact."", ""2: Lacks clarity; uses excessive jargon or complex structures; difficult to comprehend; uninspiring."", ""1: Confusing and hard to follow; disregards learner needs; offers no inspiration and may cause confusion.""]",question_seed42/train source; batch96 and topup1 source question reuse minimized and recorded
topup2_060,syn_dbfc84b7a579e58e,09202b8fad82a0e2d357f9671cae70d0a8b29349,train,results_merge.jsonl,3211,d2dfb2224f4f7d3f932930cf1d4240b74deb2f11,476a0409f1f7caf1dc7a80f6e43112ee1f2d58c2,"问题：一个质量为2 kg的物体以5 m/s的速度在水平面上滑动，遇到摩擦力停止。假设摩擦力为10 N，求物体滑动的距离。
原答案：物体滑动的距离是1米。
你为学生的回答进行纠错服务.请根据这个问题和原答案给出""纠错后答案""和""纠错说明"":,以json格式返回","[""5分： 始终体现出强烈的鼓励和支持态度，语言积极、富有建设性；在需要时提供非常有效的启发式引导，而非直接给答案。"", ""4分： 整体体现出鼓励和支持，语言积极正面；能提供有效的引导，偶尔可能过于直接。"", ""3分： 兼具鼓励和中性/批评性语言，积极性一般；引导有时有效，有时直接给答案或引导不足。"", ""2分： 缺乏鼓励和支持，语言偏中性甚至略显负面；很少提供有效引导，倾向于直接给答案或不给帮助。"", ""1分： 语言消极、打击性强，完全没有鼓励；无视引导需求，或提供错误引导。""]",2,2,zh,"Motivation, Guidance & Positive Feedback",scenario_mismatch,scenario_mismatch,4,4,Error Correction,Physics,High School,True,True,True,exact_metric_language,False,False,False,False,False,False,False,False,False,False,LOW,1,0,1,2,question_reused_recorded,"问题：一个质量为2 kg的物体以5 m/s的速度在水平面上滑动，遇到摩擦力停止。假设摩擦力为10 N，求物体滑动的距离。\n原答案：物体滑动的距离是1米。\n你为学生的回答进行纠错服务.请根据这个问题和原答案给出""纠错后答案""和""纠错说明"":,以json格式返回","```json\n{\n  ""纠错后答案"": {\n    ""距离"": 2.5,\n    ""单位"": ""米""\n  },\n  ""纠错说明"": {\n    ""公式解释"": ""根据动能定理，物体的初动能减去摩擦力所做的功等于末动能。设物体滑动的距离为s，则有：\n初动能 - 摩擦力 * s = 0\n即 (1/2) * m * v^2 - F * s = 0\n将给定的数据代入：\n(1/2) * 2 kg * (5 m/s)^2 - 10 N * s = 0\n解得：s = (1/2) * 2 * 25 / 10 = 2.5 米"",\n    ""原答案错误原因"": ""原答案中的距离1米是错误的，计算过程没有按照动能定理进行，导致结果不准确。正确的计算方法应考虑物体的初始动能完全转化为克服摩擦力做的功。""\n  }\n}\n```","[""5分： 始终体现出强烈的鼓励和支持态度，语言积极、富有建设性；在需要时提供非常有效的启发式引导，而非直接给答案。"", ""4分： 整体体现出鼓励和支持，语言积极正面；能提供有效的引导，偶尔可能过于直接。"", ""3分： 兼具鼓励和中性/批评性语言，积极性一般；引导有时有效，有时直接给答案或引导不足。"", ""2分： 缺乏鼓励和支持，语言偏中性甚至略显负面；很少提供有效引导，倾向于直接给答案或不给帮助。"", ""1分： 语言消极、打击性强，完全没有鼓励；无视引导需求，或提供错误引导。""]",question_seed42/train source; batch96 and topup1 source question reuse minimized and recorded
topup2_061,syn_e8a56e6cbc1a1c52,1703b9700939d1a84184c6b4fb2a1f904a4f8d4f,train,results_merge.jsonl,1128,da69ef32c130849651e10f0a43d98fab2dd1a2c6,0f15326718893f51396396642193719b4572c097,"Subject:Theoretical Economics
Education Level:Undergraduate
Question:What is the Nash Equilibrium in a game theory context, and how can it be identified in a simple two-player game?
. Please generate the corresponding answer based on the question. ""Answer"":, in JSON format.","[""5: Reasoning is complete, clear, and rigorous; all steps are correct; arguments are strong and free of logical fallacies."", ""4: Reasoning is largely correct and logically coherent with minor issues in individual steps or details that do not affect the conclusion."", ""3: Reasoning is visible but contains unclear logic, missing steps, or insufficient argumentation, affecting the overall outcome."", ""2: Reasoning has major logical flaws, confusion in steps, or critical omissions; reliability is low."", ""1: Virtually no valid reasoning; logic is chaotic; steps are incorrect or irrelevant.""]",1,1,en,Reasoning Process Rigor,overconfident_wrong,overconfident_wrong,5,5,Question Answering,Theoretical Economics,Undergraduate,True,True,True,exact_metric_language,False,False,False,False,False,False,False,False,False,False,LOW,1,0,1,2,question_reused_recorded,"Subject:Theoretical Economics\nEducation Level:Undergraduate\nQuestion:What is the Nash Equilibrium in a game theory context, and how can it be identified in a simple two-player game?\n. Please generate the corresponding answer based on the question. ""Answer"":, in JSON format.","{\n  ""Answer"": ""A Nash Equilibrium (NE) in game theory is a set of strategies, one for each player, where no player can benefit by unilaterally changing their strategy while the other players keep theirs unchanged. It represents a stable state where mutual best responses occur. To identify NE in a simple two-player game:\n\n1. **Construct the payoff matrix**: Outline all possible strategies and their corresponding payoffs for both players.\n2. **Determine best responses**: For each player, identify the strategy that yields the highest payoff *given the other player’s strategy*.\n3. **Find overlapping best responses**: A Nash Equilibrium occurs when both players’ strategies are mutual best...","[""5: Reasoning is complete, clear, and rigorous; all steps are correct; arguments are strong and free of logical fallacies."", ""4: Reasoning is largely correct and logically coherent with minor issues in individual steps or details that do not affect the conclusion."", ""3: Reasoning is visible but contains unclear logic, missing steps, or insufficient argumentation, affecting the overall outcome."", ""2: Reasoning has major logical flaws, confusion in steps, or critical omissions; reliability is low."", ""1: Virtually no valid reasoning; logic is chaotic; steps are incorrect or irrelevant.""]",question_seed42/train source; batch96 and topup1 source question reuse minimized and recorded
topup2_062,syn_a16b7342e3017f84,9ace90a7229ec6b89f304f6b67cac21f801e3714,train,results_merge.jsonl,3689,c34b4b93df3897791871cecbdbfe43662163e9fe,44096a7e8132be014fe3effb1078e03f470de909,"问题：以下哪些因素可能影响个体的行为动机？请选择所有适用的选项。
A) 生物学因素
B) 社会文化因素
C) 认知因素
D) 环境因素
E) 遗传因素

请根据这个问题提供思路。""提供的思路"":,以json格式返回","[""5分： 充分融合所有关键场景要素（如学生历史、学习偏好等），输出高度个性化，并与教学情境高度匹配。"", ""4分： 有效使用主要场景要素，回答具有针对性；可能遗漏少量细节，但不影响整体效果。"", ""3分： 使用了部分场景信息，但融合较浅；个性化程度或情境契合度一般。"", ""2分： 仅表层提及场景信息，未有效融合核心要素；与上下文连接较弱。"", ""1分： 完全忽视场景特定信息；输出通用、模板化，且与场景不相关。""]",3,3,zh,Scenario Element Integration,instruction_violation,instruction_violation,4,4,Idea Provision,Psychology,PhD,True,True,True,exact_metric_language,False,False,False,False,False,False,False,False,False,False,LOW,1,0,1,1,question_reused_recorded,"问题：以下哪些因素可能影响个体的行为动机？请选择所有适用的选项。\nA) 生物学因素\nB) 社会文化因素\nC) 认知因素\nD) 环境因素\nE) 遗传因素\n\n请根据这个问题提供思路。""提供的思路"":,以json格式返回","```json\n{\n  ""思路"": [\n    {\n      ""因素"": ""生物学因素"",\n      ""解释"": ""包括生理需求、荷尔蒙水平、遗传倾向等，这些都可能影响个体的行为动机。例如，饥饿感会促使个体寻找食物，这是出于生物学上的生存需求。""\n    },\n    {\n      ""因素"": ""社会文化因素"",\n      ""解释"": ""社会规范、价值观、信仰和教育背景等都会影响个体的行为动机。例如，不同的文化可能有不同的工作态度和职业期望，这会影响个人的职业选择和发展动机。""\n    },\n    {\n      ""因素"": ""认知因素"",\n      ""解释"": ""个体的认知过程如信念、态度、情绪和记忆等也会影响行为动机。例如，一个人如果认为自己能够成功完成某项任务，他更有可能去尝试并实现这一目标。""\n    },\n    {\n      ""因素"": ""环境因素"",\n      ""解释"": ""周围的物理和社会环境可以激发或抑制个体的行为动机。例如，一个安静的工作环境可能会提高一个人的学习效率，而一个充满挑战的环境则可能激发另一个人的竞争意识。""\n    },\n    {\n      ""因素"": ""遗传因素"",\n      ""解释"": ""遗传特性可以影响个体的性格特征和某些行为倾向，从而间接影响行为动机。例如，一些研究表明，某些性格特质（如冒险精神）可能有遗传基础，这可以影响个体的风险偏好和行为动机。""\n    }\n  ]\n}\n```","[""5分： 充分融合所有关键场景要素（如学生历史、学习偏好等），输出高度个性化，并与教学情境高度匹配。"", ""4分： 有效使用主要场景要素，回答具有针对性；可能遗漏少量细节，但不影响整体效果。"", ""3分： 使用了部分场景信息，但融合较浅；个性化程度或情境契合度一般。"", ""2分： 仅表层提及场景信息，未有效融合核心要素；与上下文连接较弱。"", ""1分： 完全忽视场景特定信息；输出通用、模板化，且与场景不相关。""]",question_seed42/train source; batch96 and topup1 source question reuse minimized and recorded
topup2_063,syn_0a04bbfd0fc6932f,2b576f95992c7f7679c6d5ef3304b7ccf75411e6,train,results_merge.jsonl,436,ebf6383ccf11081172d762d21b7079671bd2437d,0ec2e0d872f8dfc2a0bec593841ef642c129f840,"Student Profile: Student Profile: {'Name': 'Alex Johnson', 'Age': 24, 'Background': ""Alex has a Bachelor's degree in Sports Science and is currently pursuing a Master's in Physical Education. He is particularly interested in biomechanics and sports psychology."", 'Learning Style': 'Visual and kinesthetic learner, prefers hands-on activities and graphical representations.', 'Goals': 'To deepen understanding of biomechanics and apply sports psychology techniques in coaching.'}
Based on the student profile, generate 'personalized learning content or tasks' for each student, returning the result in JSON format.","[""5: Highly personalized content/advice/feedback based on student level/traits/needs; resource and learning path suggestions are accurate, practical, and valuable."", ""4: Demonstrates some adaptation to student situation; provides relevant learning advice or resources with good utility."", ""3: Attempts personalization but with limited effectiveness; recommendations are generic and of limited value."", ""2: Little to no personalization; output is the same for everyone; learning support is insufficient or unrelated."", ""1: No personalization; output may conflict with student needs; offers no or incorrect learning support.""]",2,2,en,"Personalization, Adaptation & Learning Support",rubric_violation,rubric_violation,5,5,Personalized Learning Support,Physical Education,Master,True,True,True,exact_metric_language,False,False,False,False,False,False,False,False,False,False,LOW,1,0,1,2,question_reused_recorded,"Student Profile: Student Profile: {'Name': 'Alex Johnson', 'Age': 24, 'Background': ""Alex has a Bachelor's degree in Sports Science and is currently pursuing a Master's in Physical Education. He is particularly interested in biomechanics and sports psychology."", 'Learning Style': 'Visual and kinesthetic learner, prefers hands-on activities and graphical representations.', 'Goals': 'To deepen understanding of biomechanics and apply sports psychology techniques in coaching.'}\nBased on the student profile, generate 'personalized learning content or tasks' for each student, returning the result in JSON format.","```json\n{\n  ""Student"": {\n    ""Name"": ""Alex Johnson"",\n    ""Age"": 24,\n    ""Background"": ""Bachelor's degree in Sports Science, currently pursuing a Master's in Physical Education. Interests: biomechanics and sports psychology."",\n    ""Learning Style"": ""Visual and kinesthetic learner, prefers hands-on activities and graphical representations."",\n    ""Goals"": ""To deepen understanding of biomechanics and apply sports psychology techniques in coaching.""\n  },\n  ""Personalized Learning Content or Tasks"": [\n    {\n      ""Task ID"": 1,\n      ""Title"": ""Interactive Biomechanics Simulation"",\n      ""Description"": ""Engage in an interactive simulation where you can manipulate variables (e.g., forc...","[""5: Highly personalized content/advice/feedback based on student level/traits/needs; resource and learning path suggestions are accurate, practical, and valuable."", ""4: Demonstrates some adaptation to student situation; provides relevant learning advice or resources with good utility."", ""3: Attempts personalization but with limited effectiveness; recommendations are generic and of limited value."", ""2: Little to no personalization; output is the same for everyone; learning support is insufficient or unrelated."", ""1: No personalization; output may conflict with student needs; offers no or incorrect learning support.""]",question_seed42/train source; batch96 and topup1 source question reuse minimized and recorded
topup2_064,syn_c9046b235c8682fb,155b2ce4c13e8380f8018c7aef3ee2cdab96cf68,train,results_merge.jsonl,3550,f7f8e6254e81a50cd0db26f7a0b465bd860ee691,ce45d4c911c8d6c1b5e8ff5c67fe98ba34034107,"问题：考虑一个有机分子，其含有羧基(-COOH)和酯基(-COOR')。请解释该分子在酸性和碱性条件下的水解反应机理，并讨论不同条件下的反应产物。

请根据这个问题提供思路。""提供的思路"":,以json格式返回","[""5分： 交互或内容设计巧妙，能显著促进学生的批判性思维、创新思维、问题解决或知识迁移应用能力（例如通过开放性问题、对比分析、案例探究、项目式任务等）。"", ""4分： 能提出引导性问题或设计有一定挑战性的任务，对培养学生的高阶思维和能力（如分析、评估、应用）有积极作用。"", ""3分： 在促进高阶思维方面有所尝试（如提出一些简单的思考题），但深度和广度有限，效果不明显，整体仍偏重知识复述或简单应用。"", ""2分： 交互或内容主要停留在基础知识记忆和理解层面，很少或未能涉及需要高阶思维的活动或问题。"", ""1分： 完全忽视高阶思维培养，仅限于死记硬背或简单重复，甚至可能因提供过于简化或固化的答案而阻碍思维发展。""]",1,1,zh,Higher-Order Thinking & Skill Development,superficial_fluency,superficial_fluency,5,5,Idea Provision,Chemistry,Master,True,True,True,exact_metric_language,False,False,False,False,False,False,False,False,False,False,LOW,1,0,1,2,question_reused_recorded,"问题：考虑一个有机分子，其含有羧基(-COOH)和酯基(-COOR')。请解释该分子在酸性和碱性条件下的水解反应机理，并讨论不同条件下的反应产物。\n\n请根据这个问题提供思路。""提供的思路"":,以json格式返回","```json\n{\n  ""思路"": {\n    ""问题分析"": ""分子同时含有羧基(-COOH)和酯基(-COOR')，需分别分析其在酸性和碱性条件下的水解机理及产物。"",\n    ""关键点"": [\n      ""羧基在酸性条件下稳定（保持-COOH形式），在碱性条件下被中和为羧酸盐(-COO⁻)。"",\n      ""酯基在酸性和碱性条件下均可水解，但机理和产物不同。""\n    ],\n    ""水解机理"": {\n      ""酸性条件"": {\n        ""酯基水解"": {\n          ""步骤"": [\n            ""H⁺质子化酯的羰基氧，增强羰基碳的亲电性。"",\n            ""水分子作为亲核试剂进攻羰基碳，形成四面体中间体。"",\n            ""中间体重排消除R'OH，生成羧酸(-COOH)和醇(R'OH)。""\n          ],\n          ""产物"": ""原羧酸(-COOH)保留，酯基水解生成新的羧酸和醇。""\n        },\n        ""羧基行为"": ""不参与水解，保持-COOH形式。""\n      },\n      ""碱性条件"": {\n        ""酯基水解"": {\n          ""步骤"": [\n            ""OH⁻直接进攻酯的羰基碳，形成四面体中间体。"",\n            ""中间体重排消除R'O⁻，生成羧酸盐(-COO⁻)和醇(R'OH)。"",\n            ""羧酸盐与Na⁺结合形成稳定盐。""\n     ...","[""5分： 交互或内容设计巧妙，能显著促进学生的批判性思维、创新思维、问题解决或知识迁移应用能力（例如通过开放性问题、对比分析、案例探究、项目式任务等）。"", ""4分： 能提出引导性问题或设计有一定挑战性的任务，对培养学生的高阶思维和能力（如分析、评估、应用）有积极作用。"", ""3分： 在促进高阶思维方面有所尝试（如提出一些简单的思考题），但深度和广度有限，效果不明显，整体仍偏重知识复述或简单应用。"", ""2分： 交互或内容主要停留在基础知识记忆和理解层面，很少或未能涉及需要高阶思维的活动或问题。"", ""1分： 完全忽视高阶思维培养，仅限于死记硬背或简单重复，甚至可能因提供过于简化或固化的答案而阻碍思维发展。""]",question_seed42/train source; batch96 and topup1 source question reuse minimized and recorded
topup2_065,syn_8ad7e4bd8bfd038e,27b5e246feb3bc800292dfe680622e404c0cfe87,train,results_merge.jsonl,1829,dd136878ae93aa36b80dca8d0b02cf25011b6f5e,aa8d4054268a1301b3a0b6083ed1fe6a8ef67164,"Question: Explain the role of microRNAs in the regulation of gene expression in eukaryotic cells.
Student's Answer: MicroRNAs (miRNAs) are small, non-coding RNA molecules that play a crucial role in regulating gene expression in eukaryotic cells. They primarily function by binding to complementary sequences on target messenger RNA (mRNA) transcripts, usually resulting in gene silencing. This silencing occurs through two main mechanisms: mRNA degradation and translational repression. When miRNAs pair with their target mRNA with perfect or near-perfect complementarity, the mRNA is usually cleaved and degraded. When the pairing is imperfect, translation of the mRNA is typically repressed. Additionally, miRNAs are involved in various cellular processes such as development, differentiation, apoptosis, and metabolism. Dysregulation of miRNA expression has been linked to numerous diseases, including cancer.
Please provide ""Score"", ""Scoring Details"", and ""Personalized Feedback"" based on the question and student's answer, in JSON format.","[""5: Precisely identified all errors (no omission or false positives); provided completely correct, clear, and optimal correction suggestions."", ""4: Correctly located most major errors; suggestions are generally accurate and effective with only minor omissions or less-than-perfect advice."", ""3: Identified some errors but with clear omissions or false positives; suggestions are partially correct but may lack clarity, completeness or optimality."", ""2: Inaccurate error detection with critical omissions or many false positives; suggestions contain errors or are hard to comprehend."", ""1: Completely failed to detect errors; provided entirely incorrect or misleading correction advice.""]",2,2,en,Error Identification & Correction Precision,reasoning_gap,reasoning_gap,5,5,Automatic Grading,Biology,PhD,True,True,True,exact_metric_language,False,False,False,False,False,False,False,False,False,False,LOW,1,1,2,1,question_reused_recorded,"Question: Explain the role of microRNAs in the regulation of gene expression in eukaryotic cells.\nStudent's Answer: MicroRNAs (miRNAs) are small, non-coding RNA molecules that play a crucial role in regulating gene expression in eukaryotic cells. They primarily function by binding to complementary sequences on target messenger RNA (mRNA) transcripts, usually resulting in gene silencing. This silencing occurs through two main mechanisms: mRNA degradation and translational repression. When miRNAs pair with their target mRNA with perfect or near-perfect complementarity, the mRNA is usually cleaved and degraded. When the pairing is imperfect, translation of the mRNA is typically repressed. A...","{\n  ""Score"": 90,\n  ""Scoring Details"": {\n    ""Completeness"": 4.5,\n    ""Accuracy"": 5.0,\n    ""Clarity"": 4.5,\n    ""Depth"": 4.0,\n    ""Relevance"": 5.0\n  },\n  ""Personalized Feedback"": ""Your answer effectively outlines the core role of microRNAs (miRNAs) in gene regulation, including their mechanisms of action (degradation vs. translational repression) and their biological significance. Well done on distinguishing between perfect and imperfect complementarity! To improve, consider expanding on (1) miRNA biogenesis (e.g., processing by Drosha/Dicer) and (2) their association with the RISC complex, which is critical for their silencing function. Additionally, briefly mentioning how miRNAs ...","[""5: Precisely identified all errors (no omission or false positives); provided completely correct, clear, and optimal correction suggestions."", ""4: Correctly located most major errors; suggestions are generally accurate and effective with only minor omissions or less-than-perfect advice."", ""3: Identified some errors but with clear omissions or false positives; suggestions are partially correct but may lack clarity, completeness or optimality."", ""2: Inaccurate error detection with critical omissions or many false positives; suggestions contain errors or are hard to comprehend."", ""1: Completely failed to detect errors; provided entirely incorrect or misleading correction advice.""]",question_seed42/train source; batch96 and topup1 source question reuse minimized and recorded
topup2_066,syn_aad54785ebd3c72e,081fd5b1d95cfd4681ce66c4a053e40a3cf7c6bf,train,results_merge.jsonl,5182,5521f0a4e2a152535843ec29e0f211a7e46f39b4,abef359a9962e1af34875a99c287fa9298df66ca,"{'姓名': '李华', '年龄': 17, '年级': '高二', '当前能力水平': {'文学': '中等', '艺术': '初学者'}, '学习目标': '提升文学分析能力，了解艺术基础', '知识薄弱点': {'文学': '诗歌鉴赏', '艺术': '艺术史基础'}, '学习习惯': '喜欢通过视频学习，习惯使用思维导图整理知识点'}
请根据学生画像给出""学习路径规划建议"":和""个性化意见生成"":,以json格式返回","[""5分： 完全理解并精准执行所有指令，完美达成核心任务目标，格式完全符合要求。"", ""4分： 准确理解主要指令，正确执行任务，核心目标达成度高，格式基本符合要求，可能有极少细节遗漏或偏差。"", ""3分： 理解了指令大意但可能忽略部分细节，任务基本完成但存在一些不准确或遗漏之处，格式有明显尝试但存在较多偏差。"", ""2分： 对指令理解有偏差，任务完成度低或有严重错误，格式多数不符合要求。"", ""1分： 完全误解或无视指令，任务未完成或完全错误，格式混乱或不相关。""]",1,1,zh,Instruction Following & Task Completion,rubric_violation,rubric_violation,5,5,Personalized Content Creation,Literature and Art,PhD,True,True,True,exact_metric_language,False,False,False,False,False,False,False,False,False,False,LOW,1,0,1,2,question_reused_recorded,"{'姓名': '李华', '年龄': 17, '年级': '高二', '当前能力水平': {'文学': '中等', '艺术': '初学者'}, '学习目标': '提升文学分析能力，了解艺术基础', '知识薄弱点': {'文学': '诗歌鉴赏', '艺术': '艺术史基础'}, '学习习惯': '喜欢通过视频学习，习惯使用思维导图整理知识点'}\n请根据学生画像给出""学习路径规划建议"":和""个性化意见生成"":,以json格式返回","```json\n{\n  ""学习路径规划建议"": {\n    ""文学"": {\n      ""阶段1"": ""通过观看视频课程了解诗歌鉴赏的基础知识，如不同类型的诗歌及其特点。"",\n      ""阶段2"": ""选择几首经典诗歌进行深入分析，结合在线资源或书籍理解背景信息、作者意图等。"",\n      ""阶段3"": ""参加线上讨论小组或论坛，与其他爱好者交流心得，提高批判性思考能力。"",\n      ""阶段4"": ""定期复习所学内容，并尝试创作自己的诗歌作品来加深理解和记忆。""\n    },\n    ""艺术"": {\n      ""阶段1"": ""利用网络平台上的艺术史入门级视频教程开始学习，建立对艺术发展脉络的基本认识。"",\n      ""阶段2"": ""挑选几个重要的艺术流派（如印象派、立体主义等），深入了解其代表人物及作品特色。"",\n      ""阶段3"": ""参观虚拟博物馆或画廊展览，将理论与实践相结合，增强视觉感知力。"",\n      ""阶段4"": ""制作思维导图总结各个时期的艺术风格变迁，巩固记忆的同时也便于日后查阅。""\n    }\n  },\n  ""个性化意见生成"": {\n    ""总体建议"": ""鉴于你喜欢通过视频学习以及使用思维导图整理知识点的习惯，上述规划中特别强调了利用多媒体资源和图形化工具辅助学习的方法。同时，在提升文学分析能力和掌握艺术基础知识的过程中，请记得保持好奇心，勇于探索未知领域。"",\n    ""具体措施"": [\n      ""为提高效率，可以设置固定的学习时间表，并坚持每天至少投入半小时专注于文学或艺术的学习。"",...","[""5分： 完全理解并精准执行所有指令，完美达成核心任务目标，格式完全符合要求。"", ""4分： 准确理解主要指令，正确执行任务，核心目标达成度高，格式基本符合要求，可能有极少细节遗漏或偏差。"", ""3分： 理解了指令大意但可能忽略部分细节，任务基本完成但存在一些不准确或遗漏之处，格式有明显尝试但存在较多偏差。"", ""2分： 对指令理解有偏差，任务完成度低或有严重错误，格式多数不符合要求。"", ""1分： 完全误解或无视指令，任务未完成或完全错误，格式混乱或不相关。""]",question_seed42/train source; batch96 and topup1 source question reuse minimized and recorded
topup2_067,syn_86869375374c2288,032b81ee241e554214081c6651e4d4d6e93ea0b5,train,results_merge.jsonl,1650,182ead73c7c9bef64c812e1c3366635156817f15,15d74d5415c7284a79b56f0274b440c3e9283ca2,"Question: What is the value of 5 + 3?

Please provide reasoning based on this question. Do not provide the answer directly.. ""Reasoning Provided"":, return in JSON format","[""5: All stated factual elements (definitions, formulas, dates, terms, syntax, etc.) are completely accurate."", ""4: Vast majority of facts are correct; possibly contains very minor, non-critical typos or omissions."", ""3: Most facts are correct, but there are some notable factual errors that require review."", ""2: Contains several or key factual inaccuracies; information is not trustworthy."", ""1: Riddled with factual errors; information is completely incorrect or misleading.""]",2,2,en,Basic Factual Accuracy,overconfident_wrong,overconfident_wrong,5,5,Idea Provision,Mathematics,Elementary School,True,True,True,exact_metric_language,False,False,False,False,False,False,False,False,False,False,LOW,1,0,1,2,question_reused_recorded,"Question: What is the value of 5 + 3?\n\nPlease provide reasoning based on this question. Do not provide the answer directly.. ""Reasoning Provided"":, return in JSON format","```json\n{\n  ""Reasoning Provided"": ""To solve the problem, we need to perform a basic addition operation. Addition is a fundamental arithmetic operation where we combine two or more numbers to find their total. In this case, we are adding the numbers 5 and 3. We start by taking the number 5 and then adding 3 to it. The result will be the sum of these two numbers.""\n}\n```","[""5: All stated factual elements (definitions, formulas, dates, terms, syntax, etc.) are completely accurate."", ""4: Vast majority of facts are correct; possibly contains very minor, non-critical typos or omissions."", ""3: Most facts are correct, but there are some notable factual errors that require review."", ""2: Contains several or key factual inaccuracies; information is not trustworthy."", ""1: Riddled with factual errors; information is completely incorrect or misleading.""]",question_seed42/train source; batch96 and topup1 source question reuse minimized and recorded
topup2_068,syn_dd91f1bc1f3a620e,0b843b5ced2e1de84c4cea9290cc5223ceca8019,train,results_merge.jsonl,3595,432c5b715a60ffb7a8792d00bb01134c4d2cc68d,1ed11778ddc9de593c5b5d026dab246c9022b285,"问题：在进行市场细分时，企业通常会考虑以下哪一因素？
A) 生产成本
B) 客户需求
C) 竞争对手定价
D) 产品生命周期

请根据这个问题提供思路。""提供的思路"":,以json格式返回","[""5分： 在专业领域知识运用上不仅准确，且展现出恰当的深度和严谨性，符合行业标准或学术规范。"", ""4分： 专业知识运用准确，体现了较好的专业水准，但在深度或某些细节的严谨性上略有不足，不影响核心正确性。"", ""3分： 专业知识运用基本准确，但显得较为表层或不够严谨，可能存在一些非核心概念的混淆或遗漏。"", ""2分： 专业知识运用存在明显错误或重大遗漏，体现出专业性不足。"", ""1分： 专业知识运用方面存在严重错误，完全不符合专业标准，可能产生误导。""]",1,1,zh,Domain Knowledge Accuracy,rubric_violation,rubric_violation,5,5,Idea Provision,Business Administration,Master,True,True,True,exact_metric_language,False,False,False,False,False,False,False,False,False,False,LOW,1,0,1,2,question_reused_recorded,"问题：在进行市场细分时，企业通常会考虑以下哪一因素？\nA) 生产成本\nB) 客户需求\nC) 竞争对手定价\nD) 产品生命周期\n\n请根据这个问题提供思路。""提供的思路"":,以json格式返回","```json\n{\n  ""问题"": ""在进行市场细分时，企业通常会考虑以下哪一因素？"",\n  ""选项"": [\n    {\n      ""A): 生产成本"": ""不相关"",\n      ""原因"": ""生产成本主要影响的是企业的生产和成本控制策略，而不是直接用于市场细分的标准。""\n    },\n    {\n      ""B): 客户需求"": ""相关"",\n      ""原因"": ""市场细分的核心目的是满足不同客户群体的特定需求，通过识别和划分具有相似需求的客户群体来制定更有效的营销策略。""\n    },\n    {\n      ""C): 竞争对手定价"": ""不相关"",\n      ""原因"": ""竞争对手的定价策略虽然会影响市场的整体价格水平，但不是市场细分的主要依据。市场细分更多关注的是客户需求差异。""\n    },\n    {\n      ""D): 产品生命周期"": ""不相关"",\n      ""原因"": ""产品生命周期阶段（如引入期、成长期、成熟期、衰退期）是企业产品管理的一个方面，与市场细分的具体操作关联不大。""\n    }\n  ],\n  ""正确答案"": ""B) 客户需求""\n}\n```","[""5分： 在专业领域知识运用上不仅准确，且展现出恰当的深度和严谨性，符合行业标准或学术规范。"", ""4分： 专业知识运用准确，体现了较好的专业水准，但在深度或某些细节的严谨性上略有不足，不影响核心正确性。"", ""3分： 专业知识运用基本准确，但显得较为表层或不够严谨，可能存在一些非核心概念的混淆或遗漏。"", ""2分： 专业知识运用存在明显错误或重大遗漏，体现出专业性不足。"", ""1分： 专业知识运用方面存在严重错误，完全不符合专业标准，可能产生误导。""]",question_seed42/train source; batch96 and topup1 source question reuse minimized and recorded
topup2_069,syn_62b0842df2d8a9e2,46e39f7221fa2af238f36f6dd8cab2d2adb4c9ca,train,results_merge.jsonl,2172,80821dde94820931139007ec347a98d42be34695,3de235380bd0e84e59346ad01b8210eb1226b73a,"Anxiety Level: Moderate Anxiety
Dialogue with Student: [{'Agent': 'Hi there! How are you feeling about your History studies today?'}, {'Student': 'Hey, I’m feeling a bit anxious, to be honest. There’s just so much to remember, and I’m worried I won’t do well on the upcoming exam.'}, {'Agent': 'That sounds challenging. What specifically about the exam is making you feel anxious?'}, {'Student': 'I think it’s mainly the amount of information. There are so many dates, events, and figures to remember, and I’m not sure I can keep it all straight.'}, {'Agent': ""It's understandable to feel overwhelmed with so much content. Have you tried any particular strategies to help manage all the information?""}, {'Student': 'I’ve tried making flashcards, but it still feels like a lot. I guess I’m not sure how effective my study methods are.'}]
Based on the student's emotional state and conversation, provide ""Emotional State Analysis"" and ""Comfort & Advice"", in JSON format.","[""5: Excellent role-playing (e.g., teacher/TA); language style, professionalism, and tone (e.g., encouraging/serious) are perfectly aligned with the assumed role and audience."", ""4: Role and tone are mostly consistent and appropriate for the scenario, with minor deviation in individual expressions."", ""3: Attempts to match the role and tone can be seen, but overall consistency is weak; some expressions are disconnected from the role/scenario."", ""2: Significant mismatch in role and tone; comes across as unnatural or inconsistent."", ""1: No reflection of assigned role/tone; expression entirely inconsistent with the scenario.""]",3,3,en,Role & Tone Consistency,superficial_fluency,superficial_fluency,5,5,Emotional Support,History,High School,True,True,True,exact_metric_language,False,False,False,False,False,False,False,False,False,False,LOW,1,1,2,1,question_reused_recorded,"Anxiety Level: Moderate Anxiety\nDialogue with Student: [{'Agent': 'Hi there! How are you feeling about your History studies today?'}, {'Student': 'Hey, I’m feeling a bit anxious, to be honest. There’s just so much to remember, and I’m worried I won’t do well on the upcoming exam.'}, {'Agent': 'That sounds challenging. What specifically about the exam is making you feel anxious?'}, {'Student': 'I think it’s mainly the amount of information. There are so many dates, events, and figures to remember, and I’m not sure I can keep it all straight.'}, {'Agent': ""It's understandable to feel overwhelmed with so much content. Have you tried any particular strategies to help manage all the informati...","```json\n{\n  ""Emotional State Analysis"": {\n    ""Emotions"": [""Anxiety"", ""Overwhelm"", ""Uncertainty""],\n    ""RootCause"": ""High volume of information (dates, events, figures) causing stress and doubts about study strategies."",\n    ""PrimaryConcern"": ""Fear of ineffective retention and poor exam performance.""\n  },\n  ""Comfort & Advice"": {\n    ""Comfort"": [\n      ""It’s completely normal to feel anxious when facing a lot of information—many students experience this!"",\n      ""You’re already taking proactive steps (like flashcards), which shows dedication.""\n    ],\n    ""Advice"": {\n      ""Strategy1"": ""Break content into smaller themes or timelines (e.g., focus on one era/event per study sessi...","[""5: Excellent role-playing (e.g., teacher/TA); language style, professionalism, and tone (e.g., encouraging/serious) are perfectly aligned with the assumed role and audience."", ""4: Role and tone are mostly consistent and appropriate for the scenario, with minor deviation in individual expressions."", ""3: Attempts to match the role and tone can be seen, but overall consistency is weak; some expressions are disconnected from the role/scenario."", ""2: Significant mismatch in role and tone; comes across as unnatural or inconsistent."", ""1: No reflection of assigned role/tone; expression entirely inconsistent with the scenario.""]",question_seed42/train source; batch96 and topup1 source question reuse minimized and recorded
topup2_070,syn_3e895069f69caecd,0186f94dd94ddf1f64c0d75f1f3bedff409073e4,train,results_merge.jsonl,2933,146b2dc09c3ee483b0b899e1eff2aed8f9f80520,1dfeaa42120a9e95307064ae2e2616fdd4ce49d7,"学生画像：学生的画像：{'姓名': '李明', '年级': '大二', '专业': '数学与应用数学', '学习风格': '视觉学习者，喜欢利用图表和图形理解概念', '学习目标': '提高微积分和线性代数的应用能力', '学习挑战': '在抽象概念的理解上有所困难，需要更多实际应用的例子'}
请根据学生画像，为每位学生生成 ‘个性化的学习内容或任务’:,以json格式返回","[""5分： 内容与指定知识点/主题/问题高度相关，且严格控制在要求的难度、范围、学科内，无冗余或无关信息。"", ""4分： 内容主体相关，范围控制良好，可能包含极少量轻微超纲或关联度稍弱的信息。"", ""3分： 内容大部分相关，但包含一些偏离主题或超出范围的部分，范围控制不够精确。"", ""2分： 内容相关性较差，包含较多无关信息，或严重超出指定范围。"", ""1分： 内容基本不相关，或完全脱离指定范围。""]",2,2,zh,Content Relevance & Scope Control,rubric_violation,rubric_violation,5,5,Personalized Learning Support,Mathematics,Undergraduate,True,True,True,exact_metric_language,False,False,False,False,False,False,False,False,False,False,LOW,1,0,1,2,question_reused_recorded,"学生画像：学生的画像：{'姓名': '李明', '年级': '大二', '专业': '数学与应用数学', '学习风格': '视觉学习者，喜欢利用图表和图形理解概念', '学习目标': '提高微积分和线性代数的应用能力', '学习挑战': '在抽象概念的理解上有所困难，需要更多实际应用的例子'}\n请根据学生画像，为每位学生生成 ‘个性化的学习内容或任务’:,以json格式返回","```json\n{\n  ""个性化学习内容或任务"": [\n    {\n      ""科目"": ""微积分"",\n      ""任务"": ""通过观看教学视频和动画，理解极限和导数的概念。完成配套的图表练习，如绘制函数图像和导数变化趋势图。""\n    },\n    {\n      ""科目"": ""微积分"",\n      ""任务"": ""使用实际应用案例，如物理学中的速度与加速度问题，来加深对微积分应用的理解。""\n    },\n    {\n      ""科目"": ""线性代数"",\n      ""任务"": ""通过绘制向量和矩阵的图形，理解向量空间和线性变换的概念。完成线性方程组求解的图形化练习。""\n    },\n    {\n      ""科目"": ""线性代数"",\n      ""任务"": ""利用计算机软件（如MATLAB或Python）进行矩阵运算和线性代数问题的可视化，增强对抽象概念的实际应用能力。""\n    },\n    {\n      ""科目"": ""综合应用"",\n      ""任务"": ""选择一个实际项目（如数据拟合或图像处理），结合微积分和线性代数的知识，完成项目报告和展示。""\n    }\n  ]\n}\n```","[""5分： 内容与指定知识点/主题/问题高度相关，且严格控制在要求的难度、范围、学科内，无冗余或无关信息。"", ""4分： 内容主体相关，范围控制良好，可能包含极少量轻微超纲或关联度稍弱的信息。"", ""3分： 内容大部分相关，但包含一些偏离主题或超出范围的部分，范围控制不够精确。"", ""2分： 内容相关性较差，包含较多无关信息，或严重超出指定范围。"", ""1分： 内容基本不相关，或完全脱离指定范围。""]",question_seed42/train source; batch96 and topup1 source question reuse minimized and recorded
topup2_071,syn_96cabe14f6b2a17c,0ca9710e842c1ad7a0cb54e8cdba73529bacd5f1,train,results_merge.jsonl,1687,2c3431500658778ea0788f7745c59f0b024746a9,a64b550ccae2d2820b806f8ff68004d12f562a07,"Question: Which of the following factors is most crucial for determining the success of a crop in a particular region?
A) Soil pH
B) Seed variety
C) Irrigation method
D) Climate conditions

Please provide reasoning based on this question. Do not provide the answer directly.. ""Reasoning Provided"":, return in JSON format","[""5: Extremely clear and concise explanations; fully accessible for target learners; vibrant and engaging delivery that inspires deep thought and interest."", ""4: Clear and easy to understand; appropriate for learner level; somewhat thought-provoking and can trigger reflection."", ""3: Generally understandable but may be wordy, complex, or dull; limited inspirational impact."", ""2: Lacks clarity; uses excessive jargon or complex structures; difficult to comprehend; uninspiring."", ""1: Confusing and hard to follow; disregards learner needs; offers no inspiration and may cause confusion.""]",1,1,en,"Clarity, Simplicity & Inspiration",rubric_violation,rubric_violation,5,5,Idea Provision,Crop Science,Undergraduate,True,True,True,exact_metric_language,False,False,False,False,False,False,False,False,False,False,LOW,1,0,1,2,question_reused_recorded,"Question: Which of the following factors is most crucial for determining the success of a crop in a particular region?\nA) Soil pH\nB) Seed variety\nC) Irrigation method\nD) Climate conditions\n\nPlease provide reasoning based on this question. Do not provide the answer directly.. ""Reasoning Provided"":, return in JSON format","{\n""reasoning"": ""The success of a crop in a particular region can be influenced by multiple factors including soil pH, seed variety, irrigation method, and climate conditions. However, climate conditions encompass a broad range of elements such as temperature, precipitation, sunlight, and seasonal changes which play a fundamental role in plant growth cycles and overall health. These conditions can significantly affect photosynthesis rates, water availability, and the occurrence of pests and diseases. On the other hand, while soil pH, seed variety, and irrigation methods are also critical, they can often be adjusted or managed within certain limits to suit the crops' needs.""\n}","[""5: Extremely clear and concise explanations; fully accessible for target learners; vibrant and engaging delivery that inspires deep thought and interest."", ""4: Clear and easy to understand; appropriate for learner level; somewhat thought-provoking and can trigger reflection."", ""3: Generally understandable but may be wordy, complex, or dull; limited inspirational impact."", ""2: Lacks clarity; uses excessive jargon or complex structures; difficult to comprehend; uninspiring."", ""1: Confusing and hard to follow; disregards learner needs; offers no inspiration and may cause confusion.""]",question_seed42/train source; batch96 and topup1 source question reuse minimized and recorded
topup2_072,syn_f5da52b17344d973,59d681885dedcae0b13cc24f48cd2c8fc734a96f,train,results_merge.jsonl,3997,80b4f169dced8f900b4d6467567222045b1c13a3,9872130eb477d4671828cd2bd8ddc92ee2720eca,"问题：选择以下具有微分同胚性质的函数类别：（可多选）
A. 二次多项式函数
B. 余弦函数
C. 指数函数
D. 常数函数
E. 三次多项式函数
学生的答案：['C', 'E']
请根据问题和学生答案给出""评分"":""评分细节"":""个性化反馈"":,以json格式返回","[""5分： 始终体现出强烈的鼓励和支持态度，语言积极、富有建设性；在需要时提供非常有效的启发式引导，而非直接给答案。"", ""4分： 整体体现出鼓励和支持，语言积极正面；能提供有效的引导，偶尔可能过于直接。"", ""3分： 兼具鼓励和中性/批评性语言，积极性一般；引导有时有效，有时直接给答案或引导不足。"", ""2分： 缺乏鼓励和支持，语言偏中性甚至略显负面；很少提供有效引导，倾向于直接给答案或不给帮助。"", ""1分： 语言消极、打击性强，完全没有鼓励；无视引导需求，或提供错误引导。""]",2,2,zh,"Motivation, Guidance & Positive Feedback",superficial_fluency,superficial_fluency,4,4,Automatic Grading,Mathematics,PhD,True,True,True,exact_metric_language,False,False,False,False,False,False,False,False,False,False,LOW,1,0,1,2,question_reused_recorded,"问题：选择以下具有微分同胚性质的函数类别：（可多选）\nA. 二次多项式函数\nB. 余弦函数\nC. 指数函数\nD. 常数函数\nE. 三次多项式函数\n学生的答案：['C', 'E']\n请根据问题和学生答案给出""评分"":""评分细节"":""个性化反馈"":,以json格式返回","```json\n{\n  ""评分"": 0,\n  ""评分细节"": {\n    ""总分"": 5,\n    ""正确选项"": [""E""],\n    ""学生选择"": [""C"", ""E""],\n    ""得分点"": {\n      ""E"": 1,\n      ""C"": -1\n    },\n    ""最终得分"": 0\n  },\n  ""个性化反馈"": ""你选择了指数函数(C)和三次多项式函数(E)作为具有微分同胚性质的函数。实际上，在给定的选项中，只有特定形式的三次多项式（例如，没有重根的一次导数）可以构成从实数到实数的微分同胚，因为它们在整个定义域上单调且可逆。而指数函数虽然在其定义域内是单调递增或递减的，但由于其值域不覆盖整个实数集，因此不是从R到R的微分同胚。建议复习关于微分同胚的概念，特别是关注函数是否同时满足单射、满射以及连续性和可微性条件。""\n}\n```\n\n这里对学生的答案进行了详细的分析，并给出了个性化的学习建议。根据题目要求，我们假设每个正确选项的价值为1分，错误选择则扣分，但最低得分为0分。在本例中，尽管学生选对了“E”，但由于也错误地选择了“C”，导致最终得分被扣至0分。这种评分方式旨在鼓励准确理解而非猜测。如果实际应用中有不同的评分标准，请相应调整。","[""5分： 始终体现出强烈的鼓励和支持态度，语言积极、富有建设性；在需要时提供非常有效的启发式引导，而非直接给答案。"", ""4分： 整体体现出鼓励和支持，语言积极正面；能提供有效的引导，偶尔可能过于直接。"", ""3分： 兼具鼓励和中性/批评性语言，积极性一般；引导有时有效，有时直接给答案或引导不足。"", ""2分： 缺乏鼓励和支持，语言偏中性甚至略显负面；很少提供有效引导，倾向于直接给答案或不给帮助。"", ""1分： 语言消极、打击性强，完全没有鼓励；无视引导需求，或提供错误引导。""]",question_seed42/train source; batch96 and topup1 source question reuse minimized and recorded
topup2_073,syn_15b9396a9b9d4400,1c012af91de9dc69711addece732209bc22ecb4b,train,results_merge.jsonl,2110,4b7847704a3dc1006abb3da56e5c9ea85f660421,11b815482649d6e399c5a33440fa95c56edddd72,"Question: Explain the physiological effects of aerobic exercise on the body's cardiovascular system.

Please provide reasoning based on this question. Do not provide the answer directly.. ""Reasoning Provided"":, return in JSON format","[""5: Reasoning is complete, clear, and rigorous; all steps are correct; arguments are strong and free of logical fallacies."", ""4: Reasoning is largely correct and logically coherent with minor issues in individual steps or details that do not affect the conclusion."", ""3: Reasoning is visible but contains unclear logic, missing steps, or insufficient argumentation, affecting the overall outcome."", ""2: Reasoning has major logical flaws, confusion in steps, or critical omissions; reliability is low."", ""1: Virtually no valid reasoning; logic is chaotic; steps are incorrect or irrelevant.""]",1,1,en,Reasoning Process Rigor,reasoning_gap,reasoning_gap,5,5,Idea Provision,Physical Education,Undergraduate,True,True,True,exact_metric_language,False,False,False,False,False,False,False,False,False,False,LOW,1,0,1,2,question_reused_recorded,"Question: Explain the physiological effects of aerobic exercise on the body's cardiovascular system.\n\nPlease provide reasoning based on this question. Do not provide the answer directly.. ""Reasoning Provided"":, return in JSON format","{\n  ""reasoning"": [\n    {\n      ""point"": ""Understanding the cardiovascular system's role"",\n      ""explanation"": ""To explain the physiological effects of aerobic exercise on the body's cardiovascular system, one must first recognize the primary functions of this system, which include circulating blood throughout the body to deliver oxygen and nutrients to cells and remove waste products. This sets the stage for understanding how exercise impacts these processes.""\n    },\n    {\n      ""point"": ""Impact on heart rate and stroke volume"",\n      ""explanation"": ""During aerobic exercise, there is an immediate increase in the demand for oxygen by the muscles. This leads to a rise in heart rate...","[""5: Reasoning is complete, clear, and rigorous; all steps are correct; arguments are strong and free of logical fallacies."", ""4: Reasoning is largely correct and logically coherent with minor issues in individual steps or details that do not affect the conclusion."", ""3: Reasoning is visible but contains unclear logic, missing steps, or insufficient argumentation, affecting the overall outcome."", ""2: Reasoning has major logical flaws, confusion in steps, or critical omissions; reliability is low."", ""1: Virtually no valid reasoning; logic is chaotic; steps are incorrect or irrelevant.""]",question_seed42/train source; batch96 and topup1 source question reuse minimized and recorded
topup2_074,syn_0a89491dbe0cc36d,4a43f47bb8ea5f1b687545694162fc86af1dafa9,train,results_merge.jsonl,3505,77d00ade0a12aec5950865383e8616ee7ef4e5d5,bbf35db301d19e935c76e83181c3512b3e3c299d,"问题：考虑一个两部门经济模型，其中一个部门生产消费品，另一个部门生产资本品。假设资本品的生产需要使用消费品作为投入，并且有一个固定的资本折旧率。请分析如何在这个模型中达到动态效率，即如何选择消费和资本的生产以最大化社会福利。

请根据这个问题提供思路。""提供的思路"":,以json格式返回","[""5分： 充分融合所有关键场景要素（如学生历史、学习偏好等），输出高度个性化，并与教学情境高度匹配。"", ""4分： 有效使用主要场景要素，回答具有针对性；可能遗漏少量细节，但不影响整体效果。"", ""3分： 使用了部分场景信息，但融合较浅；个性化程度或情境契合度一般。"", ""2分： 仅表层提及场景信息，未有效融合核心要素；与上下文连接较弱。"", ""1分： 完全忽视场景特定信息；输出通用、模板化，且与场景不相关。""]",2,2,zh,Scenario Element Integration,scenario_mismatch,scenario_mismatch,5,5,Idea Provision,Applied Economics,PhD,True,True,True,exact_metric_language,False,False,False,False,False,False,False,False,False,False,LOW,1,0,1,2,question_reused_recorded,"问题：考虑一个两部门经济模型，其中一个部门生产消费品，另一个部门生产资本品。假设资本品的生产需要使用消费品作为投入，并且有一个固定的资本折旧率。请分析如何在这个模型中达到动态效率，即如何选择消费和资本的生产以最大化社会福利。\n\n请根据这个问题提供思路。""提供的思路"":,以json格式返回","```json\n{\n  ""分析思路"": {\n    ""模型构建"": {\n      ""生产部门"": [\n        ""消费品部门：使用资本（K_c）和劳动（L_c）生产消费品（Y_c），生产函数为Y_c = F(K_c, L_c)。"",\n        ""资本品部门：使用消费品作为投入（C_k）、资本（K_k）和劳动（L_k）生产资本品（Y_k），生产函数为Y_k = G(C_k, K_k, L_k)。""\n      ],\n      ""资本动态"": ""资本积累方程：K(t+1) = (1 - δ)K(t) + Y_k(t)，其中δ为固定折旧率。"",\n      ""资源约束"": [\n        ""资本分配：K_c(t) + K_k(t) ≤ K(t)。"",\n        ""劳动分配：L_c(t) + L_k(t) ≤ L（假设总劳动固定）。"",\n        ""消费品分配：Y_c(t) = C(t) + C_k(t)，其中C(t)为消费，C_k(t)为资本品生产投入。""\n      ]\n    },\n    ""社会福利函数"": ""最大化跨期效用：∫₀^∞ e^{-ρt} U(C(t)) dt，ρ为时间贴现率，U为效用函数。"",\n    ""动态优化方法"": {\n      ""最优控制理论"": [\n        ""构建哈密尔顿函数，引入协状态变量（影子价格）表示资本的边际价值。"",\n        ""一阶条件：通过求解哈密尔顿函数对控制变量（C, C_k, K_c, K_k等）和状态变量（K）的偏导，推导欧拉方程。"",\n ...","[""5分： 充分融合所有关键场景要素（如学生历史、学习偏好等），输出高度个性化，并与教学情境高度匹配。"", ""4分： 有效使用主要场景要素，回答具有针对性；可能遗漏少量细节，但不影响整体效果。"", ""3分： 使用了部分场景信息，但融合较浅；个性化程度或情境契合度一般。"", ""2分： 仅表层提及场景信息，未有效融合核心要素；与上下文连接较弱。"", ""1分： 完全忽视场景特定信息；输出通用、模板化，且与场景不相关。""]",question_seed42/train source; batch96 and topup1 source question reuse minimized and recorded
topup2_075,syn_2259dca43f5fe58a,5edcd514e905a2d8bdb693b9877d6db68362c3c6,train,results_merge.jsonl,210,1aa181bce1f718f6c1980cd975c0621670e3e5c9,f097d47457c448af84dc3e917cbc5e68a39f84ec,"Student Profile: Student Profile: {'Name': 'Alex Johnson', 'Research Focus': 'Sustainable aquaculture practices in marine environments', 'Strengths': 'Strong analytical skills, proficient in data analysis software, excellent understanding of marine biology', 'Areas for Improvement': 'Academic writing, presentation skills', 'Learning Preferences': 'Prefers visual aids and hands-on experiments, enjoys collaborative projects'}
Based on the student profile, generate 'personalized learning content or tasks' for each student, returning the result in JSON format.","[""5: Highly personalized content/advice/feedback based on student level/traits/needs; resource and learning path suggestions are accurate, practical, and valuable."", ""4: Demonstrates some adaptation to student situation; provides relevant learning advice or resources with good utility."", ""3: Attempts personalization but with limited effectiveness; recommendations are generic and of limited value."", ""2: Little to no personalization; output is the same for everyone; learning support is insufficient or unrelated."", ""1: No personalization; output may conflict with student needs; offers no or incorrect learning support.""]",1,1,en,"Personalization, Adaptation & Learning Support",scenario_mismatch,scenario_mismatch,5,5,Personalized Learning Support,Aquaculture,PhD,True,True,True,exact_metric_language,False,False,False,False,False,False,False,False,False,False,LOW,1,0,1,2,question_reused_recorded,"Student Profile: Student Profile: {'Name': 'Alex Johnson', 'Research Focus': 'Sustainable aquaculture practices in marine environments', 'Strengths': 'Strong analytical skills, proficient in data analysis software, excellent understanding of marine biology', 'Areas for Improvement': 'Academic writing, presentation skills', 'Learning Preferences': 'Prefers visual aids and hands-on experiments, enjoys collaborative projects'}\nBased on the student profile, generate 'personalized learning content or tasks' for each student, returning the result in JSON format.","```json\n{\n  ""Student"": ""Alex Johnson"",\n  ""Research Focus"": ""Sustainable aquaculture practices in marine environments"",\n  ""Personalized Learning Content or Tasks"": [\n    {\n      ""Task"": ""Interactive Data Analysis Workshop"",\n      ""Description"": ""Participate in a hands-on workshop where you will analyze real-world data from sustainable aquaculture projects. Use data analysis software to identify trends and patterns, and present your findings using visual aids."",\n      ""Objectives"": [\n        ""Enhance data analysis skills"",\n        ""Improve proficiency with data analysis software"",\n        ""Develop the ability to present complex data visually""\n      ]\n    },\n    {\n      ""Task""...","[""5: Highly personalized content/advice/feedback based on student level/traits/needs; resource and learning path suggestions are accurate, practical, and valuable."", ""4: Demonstrates some adaptation to student situation; provides relevant learning advice or resources with good utility."", ""3: Attempts personalization but with limited effectiveness; recommendations are generic and of limited value."", ""2: Little to no personalization; output is the same for everyone; learning support is insufficient or unrelated."", ""1: No personalization; output may conflict with student needs; offers no or incorrect learning support.""]",question_seed42/train source; batch96 and topup1 source question reuse minimized and recorded
topup2_076,syn_8bfe4cb813278810,32f274054c6db3ebe3197f6be3541619a6c6af3c,train,results_merge.jsonl,4379,a14dd4244f84330a2a60fd7f7cbd5a3786581d31,c9bbb4762efe80624a98c865fd4e9baedd45dee6,"知识点：社会认同理论
请根据这个知识点给出""教学素材"":教学素材需要包括教学目标、重点难点、课堂活动设计等,以json格式返回","[""5分： 交互或内容设计巧妙，能显著促进学生的批判性思维、创新思维、问题解决或知识迁移应用能力（例如通过开放性问题、对比分析、案例探究、项目式任务等）。"", ""4分： 能提出引导性问题或设计有一定挑战性的任务，对培养学生的高阶思维和能力（如分析、评估、应用）有积极作用。"", ""3分： 在促进高阶思维方面有所尝试（如提出一些简单的思考题），但深度和广度有限，效果不明显，整体仍偏重知识复述或简单应用。"", ""2分： 交互或内容主要停留在基础知识记忆和理解层面，很少或未能涉及需要高阶思维的活动或问题。"", ""1分： 完全忽视高阶思维培养，仅限于死记硬背或简单重复，甚至可能因提供过于简化或固化的答案而阻碍思维发展。""]",3,3,zh,Higher-Order Thinking & Skill Development,reasoning_gap,reasoning_gap,5,5,Teaching Material Generation,Psychology,Master,True,True,True,exact_metric_language,False,False,False,False,False,False,False,False,False,False,LOW,1,0,1,2,question_reused_recorded,"知识点：社会认同理论\n请根据这个知识点给出""教学素材"":教学素材需要包括教学目标、重点难点、课堂活动设计等,以json格式返回","```json\n{\n  ""教学素材"": {\n    ""教学目标"": {\n      ""知识目标"": ""理解社会认同理论的核心概念，包括社会分类、社会比较、积极区分及其对个体行为和群体关系的影响。"",\n      ""能力目标"": ""能运用社会认同理论分析现实中的群体行为（如刻板印象、群体冲突），并提出促进积极社会认同的策略。"",\n      ""情感目标"": ""培养对不同社会群体的包容心，反思自身社会认同对行为的影响。""\n    },\n    ""重点难点"": {\n      ""重点"": [\n        ""社会认同的形成机制（分类→比较→区分）"",\n        ""内群体偏爱与外群体贬损的表现"",\n        ""社会认同理论在跨文化沟通、组织管理中的应用""\n      ],\n      ""难点"": [\n        ""区分社会认同与个人认同的相互作用"",\n        ""理解'最小群体范式'的实验逻辑"",\n        ""如何避免社会认同导致的负面偏见""\n      ]\n    },\n    ""课堂活动设计"": [\n      {\n        ""活动名称"": ""身份标签实验"",\n        ""形式"": ""分组互动"",\n        ""步骤"": [\n          ""随机发放不同颜色腕带形成临时内群体"",\n          ""组内讨论'我们群体的三大优点'"",\n          ""匿名评价其他群体的特征"",\n          ""教师引导分析群体偏见的形成过程""\n        ],\n ...","[""5分： 交互或内容设计巧妙，能显著促进学生的批判性思维、创新思维、问题解决或知识迁移应用能力（例如通过开放性问题、对比分析、案例探究、项目式任务等）。"", ""4分： 能提出引导性问题或设计有一定挑战性的任务，对培养学生的高阶思维和能力（如分析、评估、应用）有积极作用。"", ""3分： 在促进高阶思维方面有所尝试（如提出一些简单的思考题），但深度和广度有限，效果不明显，整体仍偏重知识复述或简单应用。"", ""2分： 交互或内容主要停留在基础知识记忆和理解层面，很少或未能涉及需要高阶思维的活动或问题。"", ""1分： 完全忽视高阶思维培养，仅限于死记硬背或简单重复，甚至可能因提供过于简化或固化的答案而阻碍思维发展。""]",question_seed42/train source; batch96 and topup1 source question reuse minimized and recorded
topup2_077,syn_3d37c564616e1b0e,2b9ac3140f1f89b61bde336155e6f4e67f4efe8d,train,results_merge.jsonl,746,d54a888f57ecd3934df1e807afdeaf64b71d457c,bafe7cae132842cf18b9adf73db6810932439285,"Question: Explain the concept of 'New Public Management' (NPM) and its impact on traditional public administration practices.
Original Answer: New Public Management is a concept that aims to modernize and make the public sector more efficient by adopting private sector management techniques. Its impact on traditional public administration practices is minimal as it simply adds more bureaucracy.
You are providing error-correction services for the student's response. Based on this question and the original answer, provide the ""Corrected Answer"" and ""Error Explanation"", in JSON format.","[""5: Precisely identified all errors (no omission or false positives); provided completely correct, clear, and optimal correction suggestions."", ""4: Correctly located most major errors; suggestions are generally accurate and effective with only minor omissions or less-than-perfect advice."", ""3: Identified some errors but with clear omissions or false positives; suggestions are partially correct but may lack clarity, completeness or optimality."", ""2: Inaccurate error detection with critical omissions or many false positives; suggestions contain errors or are hard to comprehend."", ""1: Completely failed to detect errors; provided entirely incorrect or misleading correction advice.""]",2,2,en,Error Identification & Correction Precision,factual_error,factual_error,5,5,Error Correction,Public Administration,Master,True,True,True,exact_metric_language,False,False,False,False,False,False,False,False,False,False,LOW,1,1,2,1,question_reused_recorded,"Question: Explain the concept of 'New Public Management' (NPM) and its impact on traditional public administration practices.\nOriginal Answer: New Public Management is a concept that aims to modernize and make the public sector more efficient by adopting private sector management techniques. Its impact on traditional public administration practices is minimal as it simply adds more bureaucracy.\nYou are providing error-correction services for the student's response. Based on this question and the original answer, provide the ""Corrected Answer"" and ""Error Explanation"", in JSON format.","```json\n{\n  ""Corrected Answer"": ""New Public Management (NPM) is a reform movement that emerged in the late 20th century, aiming to improve the efficiency, effectiveness, and responsiveness of public sector organizations by incorporating private sector management practices. Key principles of NPM include decentralization, performance measurement, customer orientation, and the use of market mechanisms. Its impact on traditional public administration practices has been significant, as it challenges the hierarchical, rule-bound, and process-oriented nature of traditional bureaucracy. NPM encourages a shift towards results-based management, greater accountability, and a focus on delivering va...","[""5: Precisely identified all errors (no omission or false positives); provided completely correct, clear, and optimal correction suggestions."", ""4: Correctly located most major errors; suggestions are generally accurate and effective with only minor omissions or less-than-perfect advice."", ""3: Identified some errors but with clear omissions or false positives; suggestions are partially correct but may lack clarity, completeness or optimality."", ""2: Inaccurate error detection with critical omissions or many false positives; suggestions contain errors or are hard to comprehend."", ""1: Completely failed to detect errors; provided entirely incorrect or misleading correction advice.""]",question_seed42/train source; batch96 and topup1 source question reuse minimized and recorded
topup2_078,syn_f567b1a0ff5dfd50,10bebb57df6c4136960d96848703e0a07835ea1a,train,results_merge.jsonl,5255,32498439ea951a2573e1f3afb8999f203448e58e,3766c22b45bf137916f9cb124bd1c3fba41fd1a4,"学科:文学与艺术
学制级别:博士
知识点：后现代主义文学理论
问题类型：单选题
.请根据学科,学制级别,知识点,问题类型生成一个对应的问题。""问题""和""提供的思路"":,以json格式返回","[""5分： 完全理解并精准执行所有指令，完美达成核心任务目标，格式完全符合要求。"", ""4分： 准确理解主要指令，正确执行任务，核心目标达成度高，格式基本符合要求，可能有极少细节遗漏或偏差。"", ""3分： 理解了指令大意但可能忽略部分细节，任务基本完成但存在一些不准确或遗漏之处，格式有明显尝试但存在较多偏差。"", ""2分： 对指令理解有偏差，任务完成度低或有严重错误，格式多数不符合要求。"", ""1分： 完全误解或无视指令，任务未完成或完全错误，格式混乱或不相关。""]",1,1,zh,Instruction Following & Task Completion,instruction_violation,instruction_violation,5,5,Question Generation,Literature and Art,PhD,True,True,True,exact_metric_language,False,False,False,False,False,False,False,False,False,False,LOW,1,0,1,2,question_reused_recorded,"学科:文学与艺术\n学制级别:博士\n知识点：后现代主义文学理论\n问题类型：单选题\n.请根据学科,学制级别,知识点,问题类型生成一个对应的问题。""问题""和""提供的思路"":,以json格式返回","```json\n{\n  ""问题"": ""以下哪位后现代主义理论家提出了‘对宏大叙事的怀疑’（incredulity toward metanarratives）作为后现代文化的核心特征？"",\n  ""提供的思路"": {\n    ""知识点关联"": ""后现代主义文学理论的核心主张之一是质疑传统叙事结构和权威话语体系。法国哲学家让-弗朗索瓦·利奥塔（Jean-François Lyotard）在其著作《后现代状况》（1979）中明确提出‘对宏大叙事的怀疑’，认为后现代社会以对启蒙理性、历史进步论等总体性叙事的解构为特征。"",\n    ""干扰项设计"": [\n      ""弗雷德里克·詹明信（Fredric Jameson）：强调后现代主义是晚期资本主义的文化逻辑，侧重‘超空间’和‘历史感的消失’"",\n      ""尤尔根·哈贝马斯（Jürgen Habermas）：主张现代性未完成论，反对后现代主义的彻底解构立场"",\n      ""米歇尔·福柯（Michel Foucault）：通过权力/话语理论解构知识体系，但未直接讨论‘宏大叙事’概念""\n    ],\n    ""答案逻辑"": ""利奥塔的‘宏大叙事’批判直接指向启蒙运动以来的理性主义传统，成为后现代理论的核心范式。需区分其他理论家的核心论点，如詹明信侧重资本主义文化分析，福柯关注权力机制，而哈贝马斯属于现代性辩护者。"",\n    ""考察深度"": ""要求博士生在掌握后现代主义整体脉络的基础上，精准关联理论家与其标志性概念，并辨析不同理论路径的差异。""\n  }\n}\n```","[""5分： 完全理解并精准执行所有指令，完美达成核心任务目标，格式完全符合要求。"", ""4分： 准确理解主要指令，正确执行任务，核心目标达成度高，格式基本符合要求，可能有极少细节遗漏或偏差。"", ""3分： 理解了指令大意但可能忽略部分细节，任务基本完成但存在一些不准确或遗漏之处，格式有明显尝试但存在较多偏差。"", ""2分： 对指令理解有偏差，任务完成度低或有严重错误，格式多数不符合要求。"", ""1分： 完全误解或无视指令，任务未完成或完全错误，格式混乱或不相关。""]",question_seed42/train source; batch96 and topup1 source question reuse minimized and recorded
topup2_079,syn_ad1dbe99266d501b,0aa4cec270f51d60692565e810251ed1f96b9bf4,train,results_merge.jsonl,1764,4acd2f421d6a5a424b3461cdf88a6e42db9e26d0,953d57a698374f6eaa79ca6c78546f107254a96c,"Question: Which of the following principles is central to the concept of New Public Management (NPM)?

Please provide reasoning based on this question. Do not provide the answer directly.. ""Reasoning Provided"":, return in JSON format","[""5: All stated factual elements (definitions, formulas, dates, terms, syntax, etc.) are completely accurate."", ""4: Vast majority of facts are correct; possibly contains very minor, non-critical typos or omissions."", ""3: Most facts are correct, but there are some notable factual errors that require review."", ""2: Contains several or key factual inaccuracies; information is not trustworthy."", ""1: Riddled with factual errors; information is completely incorrect or misleading.""]",2,2,en,Basic Factual Accuracy,factual_error,factual_error,5,5,Idea Provision,Public Administration,Undergraduate,True,True,True,exact_metric_language,False,False,False,False,False,False,False,False,False,False,LOW,1,0,1,2,question_reused_recorded,"Question: Which of the following principles is central to the concept of New Public Management (NPM)?\n\nPlease provide reasoning based on this question. Do not provide the answer directly.. ""Reasoning Provided"":, return in JSON format","```json\n{\n  ""Reasoning Provided"": ""To determine which principle is central to the concept of New Public Management (NPM), we need to understand the core ideas of NPM. New Public Management emerged as a response to the limitations of traditional public administration, emphasizing efficiency, effectiveness, and accountability in the public sector. It incorporates principles from the private sector, such as market orientation, decentralization, performance measurement, and a focus on customer satisfaction. The central principle of NPM is often related to improving the efficiency and responsiveness of public services by adopting managerial techniques from the private sector. By analyzing th...","[""5: All stated factual elements (definitions, formulas, dates, terms, syntax, etc.) are completely accurate."", ""4: Vast majority of facts are correct; possibly contains very minor, non-critical typos or omissions."", ""3: Most facts are correct, but there are some notable factual errors that require review."", ""2: Contains several or key factual inaccuracies; information is not trustworthy."", ""1: Riddled with factual errors; information is completely incorrect or misleading.""]",question_seed42/train source; batch96 and topup1 source question reuse minimized and recorded
topup2_080,syn_04f23b998f42a67e,0cf7a1252c83124c508d252ebb4eba096147c3c8,train,results_merge.jsonl,5137,770c45352988affabdaebdbaa7ba14d12f370c74,4fb0f13031839adacb1b12db4c8bb976b7525aa1,"学科:数学
学制级别:小学
知识点：简单分数的比较
问题类型：单选题
.请根据学科,学制级别,知识点,问题类型生成一个对应的问题。""问题""和""提供的思路"":,以json格式返回","[""5分： 在专业领域知识运用上不仅准确，且展现出恰当的深度和严谨性，符合行业标准或学术规范。"", ""4分： 专业知识运用准确，体现了较好的专业水准，但在深度或某些细节的严谨性上略有不足，不影响核心正确性。"", ""3分： 专业知识运用基本准确，但显得较为表层或不够严谨，可能存在一些非核心概念的混淆或遗漏。"", ""2分： 专业知识运用存在明显错误或重大遗漏，体现出专业性不足。"", ""1分： 专业知识运用方面存在严重错误，完全不符合专业标准，可能产生误导。""]",1,1,zh,Domain Knowledge Accuracy,factual_error,factual_error,5,5,Question Generation,Mathematics,Elementary School,True,True,True,exact_metric_language,False,False,False,False,False,False,False,False,False,False,LOW,1,0,1,2,question_reused_recorded,"学科:数学\n学制级别:小学\n知识点：简单分数的比较\n问题类型：单选题\n.请根据学科,学制级别,知识点,问题类型生成一个对应的问题。""问题""和""提供的思路"":,以json格式返回","```json\n{\n  ""问题"": ""比较分数1/2和1/3的大小，选择正确的符号：\nA. ＞  B. ＜  C. ＝  D. 无法比较"",\n  ""提供的思路"": {\n    ""步骤1"": ""观察分数的分子和分母：两个分数的分子均为1，但分母不同。"",\n    ""步骤2"": ""理解同分子分数的比较规则：分母越大，分数越小。"",\n    ""步骤3"": ""比较分母：1/2的分母是2，1/3的分母是3，因为2 < 3，所以1/2 > 1/3。"",\n    ""结论"": ""正确答案为A. ＞""\n  }\n}\n```","[""5分： 在专业领域知识运用上不仅准确，且展现出恰当的深度和严谨性，符合行业标准或学术规范。"", ""4分： 专业知识运用准确，体现了较好的专业水准，但在深度或某些细节的严谨性上略有不足，不影响核心正确性。"", ""3分： 专业知识运用基本准确，但显得较为表层或不够严谨，可能存在一些非核心概念的混淆或遗漏。"", ""2分： 专业知识运用存在明显错误或重大遗漏，体现出专业性不足。"", ""1分： 专业知识运用方面存在严重错误，完全不符合专业标准，可能产生误导。""]",question_seed42/train source; batch96 and topup1 source question reuse minimized and recorded
topup2_081,syn_bfeaf95ef74074d2,46e3a5cbede9f1b74ca770b58371321a158cfe7c,train,results_merge.jsonl,2187,42fca1e21a602a4719433f012846ec7165b7aa0d,542927505d7216dfe36357fa2382815d9350eda3,"Anxiety Level: Mild Anxiety
Dialogue with Student: Agent: Hi there! How's your Chinese study going today?
Student: Hi... It's going okay, I guess.
Agent: Just okay? Is there something that's bothering you?
Student: Well, I'm feeling a bit anxious about the upcoming Chinese test. I'm not sure if I'm fully prepared.
Agent: That's understandable. Tests can be stressful. What part of the test are you most worried about?
Student: I think it's the listening section. I always find it hard to catch everything they're saying.
Agent: Listening can be tricky, especially in a new language. Have you tried any specific strategies to help with that?
Student: I've been listening to audio clips, but it's still tough.
Agent: It's great that you're practicing! Sometimes, breaking the audio into smaller parts and repeating them can help. How do you feel about trying that?
Student: I guess I can try that more often. Thanks for the suggestion.
Agent: You're welcome! Remember, it's okay to feel anxious, and practicing a little each day can really help. You're doing a great job!
Based on the student's emotional state and conversation, provide ""Emotional State Analysis"" and ""Comfort & Advice"", in JSON format.","[""5: Excellent role-playing (e.g., teacher/TA); language style, professionalism, and tone (e.g., encouraging/serious) are perfectly aligned with the assumed role and audience."", ""4: Role and tone are mostly consistent and appropriate for the scenario, with minor deviation in individual expressions."", ""3: Attempts to match the role and tone can be seen, but overall consistency is weak; some expressions are disconnected from the role/scenario."", ""2: Significant mismatch in role and tone; comes across as unnatural or inconsistent."", ""1: No reflection of assigned role/tone; expression entirely inconsistent with the scenario.""]",3,3,en,Role & Tone Consistency,scenario_mismatch,scenario_mismatch,5,5,Emotional Support,Chinese,Middle School,True,True,True,exact_metric_language,False,False,False,False,False,False,False,False,False,False,LOW,1,1,2,1,question_reused_recorded,"Anxiety Level: Mild Anxiety\nDialogue with Student: Agent: Hi there! How's your Chinese study going today?\nStudent: Hi... It's going okay, I guess.\nAgent: Just okay? Is there something that's bothering you?\nStudent: Well, I'm feeling a bit anxious about the upcoming Chinese test. I'm not sure if I'm fully prepared.\nAgent: That's understandable. Tests can be stressful. What part of the test are you most worried about?\nStudent: I think it's the listening section. I always find it hard to catch everything they're saying.\nAgent: Listening can be tricky, especially in a new language. Have you tried any specific strategies to help with that?\nStudent: I've been listening to audio clips, b...","```json\n{\n  ""Emotional State Analysis"": {\n    ""Anxiety Level"": ""Mild Anxiety"",\n    ""Primary Concern"": ""Upcoming Chinese test, specifically the listening section"",\n    ""Emotional Indicators"": {\n      ""Uncertainty"": ""Expressed doubt about being fully prepared"",\n      ""Worry"": ""Concerned about the difficulty of the listening section"",\n      ""Effort"": ""Acknowledged practicing with audio clips but still finds it challenging""\n    }\n  },\n  ""Comfort & Advice"": {\n    ""Comforting Statements"": [\n      ""It's understandable to feel anxious about tests, especially in a new language."",\n      ""You're already taking positive steps by practicing, which is a great start."",\n      ""Remember, it...","[""5: Excellent role-playing (e.g., teacher/TA); language style, professionalism, and tone (e.g., encouraging/serious) are perfectly aligned with the assumed role and audience."", ""4: Role and tone are mostly consistent and appropriate for the scenario, with minor deviation in individual expressions."", ""3: Attempts to match the role and tone can be seen, but overall consistency is weak; some expressions are disconnected from the role/scenario."", ""2: Significant mismatch in role and tone; comes across as unnatural or inconsistent."", ""1: No reflection of assigned role/tone; expression entirely inconsistent with the scenario.""]",question_seed42/train source; batch96 and topup1 source question reuse minimized and recorded
topup2_082,syn_fac2b070fc3975f3,1e38385ffe2063fcc2e1f2427668e2a5b0ae47ed,train,results_merge.jsonl,4715,93a5ca2decc82169ec51fce4735b568ddb829c8a,422c28652b4a8f9f256aa358b3d8b4b1e902a449,"学科:历史学
学制级别:大学
问题：以下哪一事件标志着英格兰光荣革命的结束？
A. 1688年詹姆斯二世的逃亡
B. 1689年权利法案的通过
C. 1690年博因河战役
D. 1694年玛丽二世去世
.请根据问题生成对应的答案。""答案"":,以json格式返回","[""5分： 内容与指定知识点/主题/问题高度相关，且严格控制在要求的难度、范围、学科内，无冗余或无关信息。"", ""4分： 内容主体相关，范围控制良好，可能包含极少量轻微超纲或关联度稍弱的信息。"", ""3分： 内容大部分相关，但包含一些偏离主题或超出范围的部分，范围控制不够精确。"", ""2分： 内容相关性较差，包含较多无关信息，或严重超出指定范围。"", ""1分： 内容基本不相关，或完全脱离指定范围。""]",2,2,zh,Content Relevance & Scope Control,scenario_mismatch,scenario_mismatch,5,5,Question Answering,History,Undergraduate,True,True,True,exact_metric_language,False,False,False,False,False,False,False,False,False,False,LOW,1,0,1,2,question_reused_recorded,"学科:历史学\n学制级别:大学\n问题：以下哪一事件标志着英格兰光荣革命的结束？\nA. 1688年詹姆斯二世的逃亡\nB. 1689年权利法案的通过\nC. 1690年博因河战役\nD. 1694年玛丽二世去世\n.请根据问题生成对应的答案。""答案"":,以json格式返回","```json\n{\n  ""答案"": ""B. 1689年权利法案的通过""\n}\n```","[""5分： 内容与指定知识点/主题/问题高度相关，且严格控制在要求的难度、范围、学科内，无冗余或无关信息。"", ""4分： 内容主体相关，范围控制良好，可能包含极少量轻微超纲或关联度稍弱的信息。"", ""3分： 内容大部分相关，但包含一些偏离主题或超出范围的部分，范围控制不够精确。"", ""2分： 内容相关性较差，包含较多无关信息，或严重超出指定范围。"", ""1分： 内容基本不相关，或完全脱离指定范围。""]",question_seed42/train source; batch96 and topup1 source question reuse minimized and recorded
topup2_083,syn_139630e690122ed1,46a9ea4afc3464835871457d43e3c48dc0e3ab99,train,results_merge.jsonl,1921,7f281c5d001646c5cd068f561302e9f2c1b03a4e,a1eac72dfa2bd2b3bf57d259d17bf3b99950d62d,"Question: Which Chinese dynasty is known for the construction of the majority of the Great Wall of China as it stands today?

Please provide reasoning based on this question. Do not provide the answer directly.. ""Reasoning Provided"":, return in JSON format","[""5: Extremely clear and concise explanations; fully accessible for target learners; vibrant and engaging delivery that inspires deep thought and interest."", ""4: Clear and easy to understand; appropriate for learner level; somewhat thought-provoking and can trigger reflection."", ""3: Generally understandable but may be wordy, complex, or dull; limited inspirational impact."", ""2: Lacks clarity; uses excessive jargon or complex structures; difficult to comprehend; uninspiring."", ""1: Confusing and hard to follow; disregards learner needs; offers no inspiration and may cause confusion.""]",1,1,en,"Clarity, Simplicity & Inspiration",superficial_fluency,superficial_fluency,5,5,Idea Provision,Chinese,High School,True,True,True,exact_metric_language,False,False,False,False,False,False,False,False,False,False,LOW,1,0,1,2,question_reused_recorded,"Question: Which Chinese dynasty is known for the construction of the majority of the Great Wall of China as it stands today?\n\nPlease provide reasoning based on this question. Do not provide the answer directly.. ""Reasoning Provided"":, return in JSON format","{\n  ""reasoning"": ""The construction of the Great Wall of China as we see it today was primarily carried out during the Ming Dynasty (1368-1644). While earlier dynasties such as the Qin and the Han had started building or repairing sections of the wall, it was during the Ming period that the wall was significantly extended and fortified to its current recognizable form. This was due to various military threats from the north, particularly from Mongol invasions, which prompted the Ming emperors to strengthen the northern defenses.""\n}","[""5: Extremely clear and concise explanations; fully accessible for target learners; vibrant and engaging delivery that inspires deep thought and interest."", ""4: Clear and easy to understand; appropriate for learner level; somewhat thought-provoking and can trigger reflection."", ""3: Generally understandable but may be wordy, complex, or dull; limited inspirational impact."", ""2: Lacks clarity; uses excessive jargon or complex structures; difficult to comprehend; uninspiring."", ""1: Confusing and hard to follow; disregards learner needs; offers no inspiration and may cause confusion.""]",question_seed42/train source; batch96 and topup1 source question reuse minimized and recorded
topup2_084,syn_c215f85ba750b0eb,5efa9f3cd631d6b220fda2da356139e2f304a68c,train,results_merge.jsonl,4626,e826870afe4da21943336b7b1c30736bf7fbb8f1,79d951cca37359b4a1089998c3247107ae342833,"焦虑级别：轻度焦虑
对话内容：[{'学生': '我最近感觉有些焦虑，面对博士阶段的学习压力，有些时候会觉得吃力。'}, {'智能体': '我理解，这么高强度的课程和研究任务，难免会让人感到压力重重。你有没有哪些具体方面觉得特别挑战呢？'}, {'学生': '主要是我在实验设计和数据分析上有时候感到不太自信，担心自己的研究不能达到预期效果。'}, {'智能体': '这些感觉是很正常的，因为博士阶段的学习本身就涉及很多未知和不确定性。你做得很好，能够意识到自己在这些方面有不自信。你是否有尝试寻求导师或同学的帮助和建议呢？'}]
请根据学生情绪状态和对话给出""情绪状态分析"":和""安慰与建议"":,以json格式返回","[""5分： 始终体现出强烈的鼓励和支持态度，语言积极、富有建设性；在需要时提供非常有效的启发式引导，而非直接给答案。"", ""4分： 整体体现出鼓励和支持，语言积极正面；能提供有效的引导，偶尔可能过于直接。"", ""3分： 兼具鼓励和中性/批评性语言，积极性一般；引导有时有效，有时直接给答案或引导不足。"", ""2分： 缺乏鼓励和支持，语言偏中性甚至略显负面；很少提供有效引导，倾向于直接给答案或不给帮助。"", ""1分： 语言消极、打击性强，完全没有鼓励；无视引导需求，或提供错误引导。""]",1,1,zh,"Motivation, Guidance & Positive Feedback",scenario_mismatch,scenario_mismatch,4,4,Emotional Support,Basic Medicine,PhD,True,True,True,exact_metric_language,False,False,False,False,False,False,False,False,False,False,LOW,1,0,1,2,question_reused_recorded,"焦虑级别：轻度焦虑\n对话内容：[{'学生': '我最近感觉有些焦虑，面对博士阶段的学习压力，有些时候会觉得吃力。'}, {'智能体': '我理解，这么高强度的课程和研究任务，难免会让人感到压力重重。你有没有哪些具体方面觉得特别挑战呢？'}, {'学生': '主要是我在实验设计和数据分析上有时候感到不太自信，担心自己的研究不能达到预期效果。'}, {'智能体': '这些感觉是很正常的，因为博士阶段的学习本身就涉及很多未知和不确定性。你做得很好，能够意识到自己在这些方面有不自信。你是否有尝试寻求导师或同学的帮助和建议呢？'}]\n请根据学生情绪状态和对话给出""情绪状态分析"":和""安慰与建议"":,以json格式返回","```json\n{\n  ""情绪状态分析"": ""从对话中可以看出，学生正处在轻度焦虑的状态。这种焦虑主要来源于博士阶段的学习压力，特别是在实验设计和数据分析方面的挑战让他/她感到不太自信。这是非常正常的情绪反应，因为面对未知和不确定性时，大多数人都会有类似的感受。"",\n  ""安慰与建议"": {\n    ""安慰"": ""首先，请知道您并不孤单，在这样高水平的研究工作中遇到挑战是正常的经历。您的感受是非常普遍的，许多处于相同阶段的学生也会面临相似的压力。"",\n    ""建议"": [\n      ""尝试将大目标分解成更小、更具体的目标，这有助于让任务看起来更加可管理。"",\n      ""积极地与导师沟通，分享您的担忧，并寻求他们对于如何改进研究方法的具体指导。"",\n      ""利用学校提供的资源，比如参加相关的工作坊或者讲座来提高自己在实验设计和数据分析方面的能力。"",\n      ""保持良好的生活习惯，包括充足的睡眠、健康的饮食以及适量的身体活动，这些都有助于缓解压力。"",\n      ""考虑加入学习小组或寻找研究伙伴，有时候与其他同学交流可以提供新的视角，并且相互支持能够帮助减轻焦虑感。""\n    ]\n  }\n}\n```","[""5分： 始终体现出强烈的鼓励和支持态度，语言积极、富有建设性；在需要时提供非常有效的启发式引导，而非直接给答案。"", ""4分： 整体体现出鼓励和支持，语言积极正面；能提供有效的引导，偶尔可能过于直接。"", ""3分： 兼具鼓励和中性/批评性语言，积极性一般；引导有时有效，有时直接给答案或引导不足。"", ""2分： 缺乏鼓励和支持，语言偏中性甚至略显负面；很少提供有效引导，倾向于直接给答案或不给帮助。"", ""1分： 语言消极、打击性强，完全没有鼓励；无视引导需求，或提供错误引导。""]",question_seed42/train source; batch96 and topup1 source question reuse minimized and recorded
topup2_085,syn_6853f87fe8e1bc59,874e3dd49ba2fe235b29db3bbdf3f1b4613f8c32,train,results_merge.jsonl,1744,b8341c9d33cad1b053ba0bafa03c407e4791c4da,340275f7fb9b0d66d641e5998bb27a931d54e1d3,"Question: Explain how Porter's Five Forces framework can be used to analyze the competitive environment of an industry.

Please provide reasoning based on this question. Do not provide the answer directly.. ""Reasoning Provided"":, return in JSON format","[""5: Reasoning is complete, clear, and rigorous; all steps are correct; arguments are strong and free of logical fallacies."", ""4: Reasoning is largely correct and logically coherent with minor issues in individual steps or details that do not affect the conclusion."", ""3: Reasoning is visible but contains unclear logic, missing steps, or insufficient argumentation, affecting the overall outcome."", ""2: Reasoning has major logical flaws, confusion in steps, or critical omissions; reliability is low."", ""1: Virtually no valid reasoning; logic is chaotic; steps are incorrect or irrelevant.""]",2,2,en,Reasoning Process Rigor,overconfident_wrong,overconfident_wrong,5,5,Idea Provision,Business Administration,Undergraduate,True,True,True,exact_metric_language,False,False,False,False,False,False,False,False,False,False,LOW,1,0,1,2,question_reused_recorded,"Question: Explain how Porter's Five Forces framework can be used to analyze the competitive environment of an industry.\n\nPlease provide reasoning based on this question. Do not provide the answer directly.. ""Reasoning Provided"":, return in JSON format","{\n  ""reasoning"": ""Porter's Five Forces framework is a strategic planning tool used to analyze the competitive forces at work in an industry. It helps companies understand the competitive intensity and profitability of their industry by examining five key factors: Threat of New Entrants, Bargaining Power of Suppliers, Bargaining Power of Buyers, Threat of Substitute Products or Services, and Competitive Rivalry among existing competitors. Each force provides insights into the potential impact on the industry and the strategies that firms might adopt to improve their position within it. For example, if the threat of new entrants is high, firms may need to invest heavily in brand loyalty or...","[""5: Reasoning is complete, clear, and rigorous; all steps are correct; arguments are strong and free of logical fallacies."", ""4: Reasoning is largely correct and logically coherent with minor issues in individual steps or details that do not affect the conclusion."", ""3: Reasoning is visible but contains unclear logic, missing steps, or insufficient argumentation, affecting the overall outcome."", ""2: Reasoning has major logical flaws, confusion in steps, or critical omissions; reliability is low."", ""1: Virtually no valid reasoning; logic is chaotic; steps are incorrect or irrelevant.""]",question_seed42/train source; batch96 and topup1 source question reuse minimized and recorded
topup2_086,syn_5a1e0995fc64c32a,b8152e2431a3424e534d76ff9900285811393a82,train,results_merge.jsonl,2832,414ba6d9775b2d468e4fbb2fbc213cbff8960997,32f542e27daac5507e05cfe46af26d0d9199f9ad,"学生画像：学生的画像：{'姓名': '李明', '年龄': 26, '背景': '本科工商管理学士，具有两年政府部门工作经验', '学习目标': '深入理解公共政策制定及其影响，提升数据分析能力用于政策评估', '兴趣': '社科研究，政策分析，社会经济发展', '学习风格': '偏向实践，喜欢通过案例学习', '挑战': '数据分析技能有待提升，理论概念记忆较慢'}
请根据学生画像，为每位学生生成 ‘个性化的学习内容或任务’:,以json格式返回","[""5分： 充分融合所有关键场景要素（如学生历史、学习偏好等），输出高度个性化，并与教学情境高度匹配。"", ""4分： 有效使用主要场景要素，回答具有针对性；可能遗漏少量细节，但不影响整体效果。"", ""3分： 使用了部分场景信息，但融合较浅；个性化程度或情境契合度一般。"", ""2分： 仅表层提及场景信息，未有效融合核心要素；与上下文连接较弱。"", ""1分： 完全忽视场景特定信息；输出通用、模板化，且与场景不相关。""]",1,1,zh,Scenario Element Integration,instruction_violation,instruction_violation,5,5,Personalized Learning Support,Public Administration,Master,True,True,True,exact_metric_language,False,False,False,False,False,False,False,False,False,False,LOW,1,0,1,2,question_reused_recorded,"学生画像：学生的画像：{'姓名': '李明', '年龄': 26, '背景': '本科工商管理学士，具有两年政府部门工作经验', '学习目标': '深入理解公共政策制定及其影响，提升数据分析能力用于政策评估', '兴趣': '社科研究，政策分析，社会经济发展', '学习风格': '偏向实践，喜欢通过案例学习', '挑战': '数据分析技能有待提升，理论概念记忆较慢'}\n请根据学生画像，为每位学生生成 ‘个性化的学习内容或任务’:,以json格式返回","```json\n{\n  ""个性化学习内容与任务"": [\n    {\n      ""模块"": ""公共政策理论与实践"",\n      ""任务"": [\n        {\n          ""名称"": ""政策生命周期沙盘推演"",\n          ""形式"": ""交互式模拟软件"",\n          ""案例"": ""某市人才引进政策迭代过程"",\n          ""产出"": ""政策修订建议报告（含利益相关者分析矩阵）""\n        },\n        {\n          ""名称"": ""概念记忆强化训练"",\n          ""方法"": ""政策树状图构建"",\n          ""工具"": ""Miro可视化协作平台"",\n          ""案例库"": [\n            ""多源流理论在垃圾分类政策中的应用"",\n            ""倡导联盟框架解析医保改革""\n          ]\n        }\n      ]\n    },\n    {\n      ""模块"": ""政策数据分析专项"",\n      ""路径"": [\n        {\n          ""阶段"": ""基础能力建设"",\n          ""内容"": [\n            ""Excel政策数据清洗（人社部就业数据集实战）"",\n            ""Tableau民生指标可视化（人口普查数据仪表盘制作）""\n          ]\n        },\n        {\n          ""阶段"": ""高...","[""5分： 充分融合所有关键场景要素（如学生历史、学习偏好等），输出高度个性化，并与教学情境高度匹配。"", ""4分： 有效使用主要场景要素，回答具有针对性；可能遗漏少量细节，但不影响整体效果。"", ""3分： 使用了部分场景信息，但融合较浅；个性化程度或情境契合度一般。"", ""2分： 仅表层提及场景信息，未有效融合核心要素；与上下文连接较弱。"", ""1分： 完全忽视场景特定信息；输出通用、模板化，且与场景不相关。""]",question_seed42/train source; batch96 and topup1 source question reuse minimized and recorded
topup2_087,syn_57c82f93ba900616,ac928704ee42f09cda816880d5004a8c95ed84e1,train,results_merge.jsonl,59,639f94d782b2c115eb52a4aae8b943c69735f697,50e7891c09025d59aea15c16b976dad62031a43e,"{'Name': 'Alex Johnson', 'Age': 17, 'Current Education Level': 'High School Junior', 'Current Skill Level in History': 'Intermediate', 'Learning Goals': 'To improve understanding of 20th-century world history and enhance critical analysis skills for historical events.', 'Study Habits': 'Prefers visual learning and engaging with interactive content. Studies best in short, focused sessions.'}
Based on the student profile, provide ""Learning Path Planning"" and ""Personalized Recommendations"", returned in JSON format.","[""5: Highly personalized content/advice/feedback based on student level/traits/needs; resource and learning path suggestions are accurate, practical, and valuable."", ""4: Demonstrates some adaptation to student situation; provides relevant learning advice or resources with good utility."", ""3: Attempts personalization but with limited effectiveness; recommendations are generic and of limited value."", ""2: Little to no personalization; output is the same for everyone; learning support is insufficient or unrelated."", ""1: No personalization; output may conflict with student needs; offers no or incorrect learning support.""]",2,2,en,"Personalization, Adaptation & Learning Support",rubric_violation,rubric_violation,5,5,Personalized Content Creation,History,High School,True,True,True,exact_metric_language,False,False,False,False,False,False,False,False,False,False,LOW,1,0,1,2,question_reused_recorded,"{'Name': 'Alex Johnson', 'Age': 17, 'Current Education Level': 'High School Junior', 'Current Skill Level in History': 'Intermediate', 'Learning Goals': 'To improve understanding of 20th-century world history and enhance critical analysis skills for historical events.', 'Study Habits': 'Prefers visual learning and engaging with interactive content. Studies best in short, focused sessions.'}\nBased on the student profile, provide ""Learning Path Planning"" and ""Personalized Recommendations"", returned in JSON format.","```json\n{\n  ""Learning Path Planning"": {\n    ""Duration"": ""12 weeks"",\n    ""Phases"": [\n      {\n        ""Phase 1: Foundational Knowledge (Weeks 1-4)"": {\n          ""Topics"": [\n            ""Causes and consequences of World War I and II"",\n            ""Interwar period and the Great Depression"",\n            ""Cold War dynamics and key events"",\n            ""Decolonization movements in Asia and Africa""\n          ],\n          ""Resources"": [\n            ""Documentaries (e.g., 'The World Wars' series, 'Cold War' by CNN)"",\n            ""Interactive timelines (e.g., TimeGraphics)"",\n            ""Infographics on geopolitical shifts""\n          ],\n          ""Methods"": [\n            ""30-45 min...","[""5: Highly personalized content/advice/feedback based on student level/traits/needs; resource and learning path suggestions are accurate, practical, and valuable."", ""4: Demonstrates some adaptation to student situation; provides relevant learning advice or resources with good utility."", ""3: Attempts personalization but with limited effectiveness; recommendations are generic and of limited value."", ""2: Little to no personalization; output is the same for everyone; learning support is insufficient or unrelated."", ""1: No personalization; output may conflict with student needs; offers no or incorrect learning support.""]",question_seed42/train source; batch96 and topup1 source question reuse minimized and recorded
topup2_088,syn_7dc4da1450ca3e98,4a5b0fd92afc8a4913e61a875152de45b47d4b53,train,results_merge.jsonl,2829,5a7b2f18ce6931feaaba02ce67a2309b10580098,bc7dc6fb527fde072dc82738555e0fddc569a05e,"学生画像：学生的画像：{'姓名': '小明', '年级': '小学四年级', '兴趣': ['观察自然', '阅读科普书籍'], '学习风格': '动手实践型', '能力水平': '理解力较强，但记忆力和专注度需要加强', '性格特点': '好奇心强，喜欢提出问题'}
请根据学生画像，为每位学生生成 ‘个性化的学习内容或任务’:,以json格式返回","[""5分： 交互或内容设计巧妙，能显著促进学生的批判性思维、创新思维、问题解决或知识迁移应用能力（例如通过开放性问题、对比分析、案例探究、项目式任务等）。"", ""4分： 能提出引导性问题或设计有一定挑战性的任务，对培养学生的高阶思维和能力（如分析、评估、应用）有积极作用。"", ""3分： 在促进高阶思维方面有所尝试（如提出一些简单的思考题），但深度和广度有限，效果不明显，整体仍偏重知识复述或简单应用。"", ""2分： 交互或内容主要停留在基础知识记忆和理解层面，很少或未能涉及需要高阶思维的活动或问题。"", ""1分： 完全忽视高阶思维培养，仅限于死记硬背或简单重复，甚至可能因提供过于简化或固化的答案而阻碍思维发展。""]",3,3,zh,Higher-Order Thinking & Skill Development,superficial_fluency,superficial_fluency,5,5,Personalized Learning Support,Biology,Elementary School,True,True,True,exact_metric_language,False,False,False,False,False,False,False,False,False,False,LOW,1,0,1,2,question_reused_recorded,"学生画像：学生的画像：{'姓名': '小明', '年级': '小学四年级', '兴趣': ['观察自然', '阅读科普书籍'], '学习风格': '动手实践型', '能力水平': '理解力较强，但记忆力和专注度需要加强', '性格特点': '好奇心强，喜欢提出问题'}\n请根据学生画像，为每位学生生成 ‘个性化的学习内容或任务’:,以json格式返回","```json\n{\n  ""姓名"": ""小明"",\n  ""年级"": ""小学四年级"",\n  ""个性化学习内容与任务"": [\n    {\n      ""主题"": ""自然观察与科学探究"",\n      ""任务描述"": ""种植并记录豆芽生长过程"",\n      ""具体步骤"": [\n        ""准备材料：绿豆、透明容器、吸水纸巾、水"",\n        ""每日浇水并拍照记录豆芽形态变化"",\n        ""绘制生长曲线图（高度/天数）"",\n        ""结合科普书籍解释光合作用原理""\n      ],\n      ""能力培养目标"": [""观察力"", ""持续记录习惯"", ""现象与理论结合""],\n      ""记忆强化设计"": {\n        ""阶段复习"": ""每周制作生长简报（图片+文字说明）"",\n        ""趣味检测"": ""设计'植物生长知识问答卡'游戏""\n      }\n    },\n    {\n      ""主题"": ""互动式科普阅读"",\n      ""任务设计"": ""制作'为什么'问题手册"",\n      ""执行方式"": [\n        ""阅读指定科普书籍时标记3个有趣问题"",\n        ""通过家庭实验/网络查询寻找答案"",\n        ""用黏土制作问题相关模型（如火山结构）""\n      ],\n      ""专注力训练"": {\n        ""番茄工作法"": ""25分钟专注阅读+5分钟模型制作"",\n        ""成果展示"": ""周末向家人讲解1个科学问题""\n      }\n...","[""5分： 交互或内容设计巧妙，能显著促进学生的批判性思维、创新思维、问题解决或知识迁移应用能力（例如通过开放性问题、对比分析、案例探究、项目式任务等）。"", ""4分： 能提出引导性问题或设计有一定挑战性的任务，对培养学生的高阶思维和能力（如分析、评估、应用）有积极作用。"", ""3分： 在促进高阶思维方面有所尝试（如提出一些简单的思考题），但深度和广度有限，效果不明显，整体仍偏重知识复述或简单应用。"", ""2分： 交互或内容主要停留在基础知识记忆和理解层面，很少或未能涉及需要高阶思维的活动或问题。"", ""1分： 完全忽视高阶思维培养，仅限于死记硬背或简单重复，甚至可能因提供过于简化或固化的答案而阻碍思维发展。""]",question_seed42/train source; batch96 and topup1 source question reuse minimized and recorded
topup2_089,syn_10113c4f06a10d43,51bf762ee5b5e93f29f2c4a6d075cd67e5874a66,train,results_merge.jsonl,513,ab6bb9f4466b3c5fe1f7f2ed3ec527b9dc3b6304,144a8979eb3bb1f9de2f827ea43137620495bc2f,"Question: Which of the following statements is true about the acceleration due to gravity on Earth?
Original Answer: The acceleration due to gravity is the same at all altitudes on Earth.
You are providing error-correction services for the student's response. Based on this question and the original answer, provide the ""Corrected Answer"" and ""Error Explanation"", in JSON format.","[""5: Precisely identified all errors (no omission or false positives); provided completely correct, clear, and optimal correction suggestions."", ""4: Correctly located most major errors; suggestions are generally accurate and effective with only minor omissions or less-than-perfect advice."", ""3: Identified some errors but with clear omissions or false positives; suggestions are partially correct but may lack clarity, completeness or optimality."", ""2: Inaccurate error detection with critical omissions or many false positives; suggestions contain errors or are hard to comprehend."", ""1: Completely failed to detect errors; provided entirely incorrect or misleading correction advice.""]",1,1,en,Error Identification & Correction Precision,reasoning_gap,reasoning_gap,5,5,Error Correction,Physics,High School,True,True,True,exact_metric_language,False,False,False,False,False,False,False,False,False,False,LOW,1,1,2,1,question_reused_recorded,"Question: Which of the following statements is true about the acceleration due to gravity on Earth?\nOriginal Answer: The acceleration due to gravity is the same at all altitudes on Earth.\nYou are providing error-correction services for the student's response. Based on this question and the original answer, provide the ""Corrected Answer"" and ""Error Explanation"", in JSON format.","{\n  ""Corrected Answer"": ""The acceleration due to gravity is not the same at all altitudes on Earth; it decreases as altitude increases."",\n  ""Error Explanation"": ""The original statement is incorrect because the acceleration due to gravity varies with altitude. At higher altitudes, objects experience less gravitational force from the Earth compared to when they are closer to the Earth's surface.""\n}","[""5: Precisely identified all errors (no omission or false positives); provided completely correct, clear, and optimal correction suggestions."", ""4: Correctly located most major errors; suggestions are generally accurate and effective with only minor omissions or less-than-perfect advice."", ""3: Identified some errors but with clear omissions or false positives; suggestions are partially correct but may lack clarity, completeness or optimality."", ""2: Inaccurate error detection with critical omissions or many false positives; suggestions contain errors or are hard to comprehend."", ""1: Completely failed to detect errors; provided entirely incorrect or misleading correction advice.""]",question_seed42/train source; batch96 and topup1 source question reuse minimized and recorded
topup2_090,syn_7552ae6d7d874444,17f1c54e3894966b564c81c4855249323a1716b8,train,results_merge.jsonl,4394,00390e119f0cc1f62aa2726f07ddfc3fd9bcb599,48077bf3551da949c2457e6a23ca5ff7ca35876c,"知识点：市场结构与垄断竞争
请根据这个知识点给出""教学素材"":教学素材需要包括教学目标、重点难点、课堂活动设计等,以json格式返回","[""5分： 完全理解并精准执行所有指令，完美达成核心任务目标，格式完全符合要求。"", ""4分： 准确理解主要指令，正确执行任务，核心目标达成度高，格式基本符合要求，可能有极少细节遗漏或偏差。"", ""3分： 理解了指令大意但可能忽略部分细节，任务基本完成但存在一些不准确或遗漏之处，格式有明显尝试但存在较多偏差。"", ""2分： 对指令理解有偏差，任务完成度低或有严重错误，格式多数不符合要求。"", ""1分： 完全误解或无视指令，任务未完成或完全错误，格式混乱或不相关。""]",2,2,zh,Instruction Following & Task Completion,rubric_violation,rubric_violation,5,5,Teaching Material Generation,Theoretical Economics,PhD,True,True,True,exact_metric_language,False,False,False,False,False,False,False,False,False,False,LOW,1,0,1,2,question_reused_recorded,"知识点：市场结构与垄断竞争\n请根据这个知识点给出""教学素材"":教学素材需要包括教学目标、重点难点、课堂活动设计等,以json格式返回","```json\n{\n  ""教学素材"": {\n    ""教学目标"": {\n      ""知识目标"": [\n        ""理解垄断竞争市场结构的基本特征"",\n        ""掌握垄断竞争与完全竞争、寡头垄断、完全垄断的区别"",\n        ""认识产品差异化的表现形式及其市场影响""\n      ],\n      ""能力目标"": [\n        ""能够分析现实市场中垄断竞争的典型案例"",\n        ""运用需求曲线图形解释垄断竞争企业的短期和长期均衡"",\n        ""评估非价格竞争策略的有效性""\n      ],\n      ""情感目标"": [\n        ""培养批判性思维意识，认识市场效率的复杂性"",\n        ""形成对市场竞争策略的辩证认知""\n      ]\n    },\n    ""重点难点"": {\n      ""教学重点"": [\n        ""垄断竞争市场的三大特征：众多企业、产品差异化、自由进出"",\n        ""短期均衡与长期均衡的比较分析"",\n        ""广告投入与品牌建设的经济学解释""\n      ],\n      ""教学难点"": [\n        ""需求曲线与边际收益曲线的位置关系推导"",\n        ""超额产能定理的实际应用理解"",\n        ""动态竞争中的创新激励分析""\n      ]\n    },\n    ""课堂活动设计"": [\n      {\n        ""环节"": ""情境导入"",\n        ""形式"": ""案例讨论"",\...","[""5分： 完全理解并精准执行所有指令，完美达成核心任务目标，格式完全符合要求。"", ""4分： 准确理解主要指令，正确执行任务，核心目标达成度高，格式基本符合要求，可能有极少细节遗漏或偏差。"", ""3分： 理解了指令大意但可能忽略部分细节，任务基本完成但存在一些不准确或遗漏之处，格式有明显尝试但存在较多偏差。"", ""2分： 对指令理解有偏差，任务完成度低或有严重错误，格式多数不符合要求。"", ""1分： 完全误解或无视指令，任务未完成或完全错误，格式混乱或不相关。""]",question_seed42/train source; batch96 and topup1 source question reuse minimized and recorded
topup2_091,syn_d485056e4f1156dd,1bdeca2bbc2bc29f742cde67d44c11c68be3c681,train,results_merge.jsonl,1525,7d31b9d0eef59066afff9ba848a799e2668bbed2,6d36cc8e6fb83cbe7dafcb4561acf4f5354b4eb7,"Subject:Basic Medicine
Education Level:Master
Knowledge Point:The renin-angiotensin-aldosterone system (RAAS) plays a crucial role in regulating blood pressure and fluid balance in the body.
Question Type:Single Choice
.Generate a corresponding question based on subject, education level, knowledge point, and question type. Return ""Question"" and ""Provided Reasoning"" in JSON format.","[""5: All stated factual elements (definitions, formulas, dates, terms, syntax, etc.) are completely accurate."", ""4: Vast majority of facts are correct; possibly contains very minor, non-critical typos or omissions."", ""3: Most facts are correct, but there are some notable factual errors that require review."", ""2: Contains several or key factual inaccuracies; information is not trustworthy."", ""1: Riddled with factual errors; information is completely incorrect or misleading.""]",1,1,en,Basic Factual Accuracy,overconfident_wrong,overconfident_wrong,5,5,Question Generation,Basic Medicine,Master,True,True,True,exact_metric_language,False,False,False,False,False,False,False,False,False,False,LOW,1,0,1,2,question_reused_recorded,"Subject:Basic Medicine\nEducation Level:Master\nKnowledge Point:The renin-angiotensin-aldosterone system (RAAS) plays a crucial role in regulating blood pressure and fluid balance in the body.\nQuestion Type:Single Choice\n.Generate a corresponding question based on subject, education level, knowledge point, and question type. Return ""Question"" and ""Provided Reasoning"" in JSON format.","```json\n{\n  ""Question"": ""Which of the following best describes the primary function of the renin-angiotensin-aldosterone system (RAAS)?"",\n  ""Options"": [\n    ""A. Regulating blood glucose levels"",\n    ""B. Controlling body temperature"",\n    ""C. Maintaining blood pressure and fluid balance"",\n    ""D. Managing immune responses""\n  ],\n  ""Correct Answer"": ""C. Maintaining blood pressure and fluid balance"",\n  ""Provided Reasoning"": ""The renin-angiotensin-aldosterone system (RAAS) is a hormone system that plays a critical role in regulating blood pressure and fluid balance. It achieves this by controlling blood volume and systemic vascular resistance. When blood pressure drops, the kidneys r...","[""5: All stated factual elements (definitions, formulas, dates, terms, syntax, etc.) are completely accurate."", ""4: Vast majority of facts are correct; possibly contains very minor, non-critical typos or omissions."", ""3: Most facts are correct, but there are some notable factual errors that require review."", ""2: Contains several or key factual inaccuracies; information is not trustworthy."", ""1: Riddled with factual errors; information is completely incorrect or misleading.""]",question_seed42/train source; batch96 and topup1 source question reuse minimized and recorded
topup2_092,syn_12e89edbf57ab148,2eddacbad54979dd33b610dd738d481fdf631a34,train,results_merge.jsonl,4987,80c997dc9bc9becf50e310e86fb5550097076469,62841211eb64d3914f00c8dfb4f6f28e6fc86d35,"学科:数学
学制级别:小学
知识点：简单的加法运算
问题类型：单选题
.请根据学科,学制级别,知识点,问题类型生成一个对应的问题。""问题""和""提供的思路"":,以json格式返回","[""5分： 在专业领域知识运用上不仅准确，且展现出恰当的深度和严谨性，符合行业标准或学术规范。"", ""4分： 专业知识运用准确，体现了较好的专业水准，但在深度或某些细节的严谨性上略有不足，不影响核心正确性。"", ""3分： 专业知识运用基本准确，但显得较为表层或不够严谨，可能存在一些非核心概念的混淆或遗漏。"", ""2分： 专业知识运用存在明显错误或重大遗漏，体现出专业性不足。"", ""1分： 专业知识运用方面存在严重错误，完全不符合专业标准，可能产生误导。""]",2,2,zh,Domain Knowledge Accuracy,rubric_violation,rubric_violation,5,5,Question Generation,Mathematics,High School,True,True,True,exact_metric_language,False,False,False,False,False,False,False,False,False,False,LOW,1,0,1,2,question_reused_recorded,"学科:数学\n学制级别:小学\n知识点：简单的加法运算\n问题类型：单选题\n.请根据学科,学制级别,知识点,问题类型生成一个对应的问题。""问题""和""提供的思路"":,以json格式返回","```json\n{\n  ""问题"": {\n    ""题干"": ""小明有3个苹果，妈妈又给了他2个苹果。小明现在一共有多少个苹果？"",\n    ""选项"": {\n      ""A"": ""4"",\n      ""B"": ""5"",\n      ""C"": ""6"",\n      ""D"": ""7""\n    },\n    ""正确答案"": ""B""\n  },\n  ""提供的思路"": {\n    ""步骤解析"": [\n      ""1. 小明最初有3个苹果。"",\n      ""2. 妈妈给了他2个苹果，需要将两者相加：3 + 2。"",\n      ""3. 计算结果为5，对应选项B。""\n    ],\n    ""关键点"": ""理解加法运算的意义，掌握10以内的加法计算。""\n  }\n}\n```","[""5分： 在专业领域知识运用上不仅准确，且展现出恰当的深度和严谨性，符合行业标准或学术规范。"", ""4分： 专业知识运用准确，体现了较好的专业水准，但在深度或某些细节的严谨性上略有不足，不影响核心正确性。"", ""3分： 专业知识运用基本准确，但显得较为表层或不够严谨，可能存在一些非核心概念的混淆或遗漏。"", ""2分： 专业知识运用存在明显错误或重大遗漏，体现出专业性不足。"", ""1分： 专业知识运用方面存在严重错误，完全不符合专业标准，可能产生误导。""]",question_seed42/train source; batch96 and topup1 source question reuse minimized and recorded
topup2_093,syn_239bd4aecb877c9e,4d83603ef66843ef8e29e91f592e812fb79055ea,train,results_merge.jsonl,2144,996d28c355ccad86b17cc2b7d50103a2b9dfb2a9,5c72b895e617ba0a3f2b1888ec549124942149b1,"Anxiety Level: Severe Anxiety
Dialogue with Student: [{'Agent': 'Hi there! How are you feeling today?'}, {'Student': ""Honestly, I'm really stressed out. I'm struggling with my Biology coursework and it's overwhelming.""}, {'Agent': ""I'm sorry to hear that you're feeling overwhelmed. Can you tell me more about what's causing the stress?""}, {'Student': ""There's just so much to learn and understand. I feel like I'm falling behind, and the pressure to do well is really intense.""}, {'Agent': ""It sounds like you're dealing with a lot right now. It's understandable to feel anxious when there's so much to manage.""}, {'Student': ""Yeah, I just don't know how to cope with all of it. I'm worried I'm going to fail.""}]
Based on the student's emotional state and conversation, provide ""Emotional State Analysis"" and ""Comfort & Advice"", in JSON format.","[""5: Excellent role-playing (e.g., teacher/TA); language style, professionalism, and tone (e.g., encouraging/serious) are perfectly aligned with the assumed role and audience."", ""4: Role and tone are mostly consistent and appropriate for the scenario, with minor deviation in individual expressions."", ""3: Attempts to match the role and tone can be seen, but overall consistency is weak; some expressions are disconnected from the role/scenario."", ""2: Significant mismatch in role and tone; comes across as unnatural or inconsistent."", ""1: No reflection of assigned role/tone; expression entirely inconsistent with the scenario.""]",1,1,en,Role & Tone Consistency,superficial_fluency,superficial_fluency,5,5,Emotional Support,Biology,Undergraduate,True,True,True,exact_metric_language,False,False,False,False,False,False,False,False,False,False,LOW,1,1,2,1,question_reused_recorded,"Anxiety Level: Severe Anxiety\nDialogue with Student: [{'Agent': 'Hi there! How are you feeling today?'}, {'Student': ""Honestly, I'm really stressed out. I'm struggling with my Biology coursework and it's overwhelming.""}, {'Agent': ""I'm sorry to hear that you're feeling overwhelmed. Can you tell me more about what's causing the stress?""}, {'Student': ""There's just so much to learn and understand. I feel like I'm falling behind, and the pressure to do well is really intense.""}, {'Agent': ""It sounds like you're dealing with a lot right now. It's understandable to feel anxious when there's so much to manage.""}, {'Student': ""Yeah, I just don't know how to cope with all of it. I'm worried I'm ...","```json\n{\n  ""Emotional State Analysis"": {\n    ""Key Emotions"": [""Stress"", ""Overwhelm"", ""Fear of Failure"", ""Intense Pressure""],\n    ""Primary Stressors"": [""Academic workload in Biology"", ""Perceived falling behind"", ""High self-expectations""],\n    ""Impact on Functioning"": ""Significant cognitive and emotional strain, leading to reduced confidence and heightened anxiety about academic performance.""\n  },\n  ""Comfort & Advice"": {\n    ""Validation & Reassurance"": ""Your feelings are completely valid. Many students experience overwhelm when facing challenging coursework. Remember, it’s okay to ask for help, and your effort matters more than perfection."",\n    ""Actionable Steps"": [\n      ""Break...","[""5: Excellent role-playing (e.g., teacher/TA); language style, professionalism, and tone (e.g., encouraging/serious) are perfectly aligned with the assumed role and audience."", ""4: Role and tone are mostly consistent and appropriate for the scenario, with minor deviation in individual expressions."", ""3: Attempts to match the role and tone can be seen, but overall consistency is weak; some expressions are disconnected from the role/scenario."", ""2: Significant mismatch in role and tone; comes across as unnatural or inconsistent."", ""1: No reflection of assigned role/tone; expression entirely inconsistent with the scenario.""]",question_seed42/train source; batch96 and topup1 source question reuse minimized and recorded
topup2_094,syn_c00736795a036f8a,23672e86c67cd40d5b9abe87545ad4a8262d1a9d,train,results_merge.jsonl,2928,5716978a3618c9e286a620853ddab7a187290c08,d51ae15264b21674c417da49730fb0c66ebc54d6,"学生画像：学生的画像：{'姓名': '李华', '年龄': 24, '背景': '教育学本科毕业，擅长理论分析，对实践策略较弱', '学习目标': '深入理解教育学原理，提升实践应用能力', '兴趣爱好': '阅读教育学相关书籍，参与教育实验项目'}
请根据学生画像，为每位学生生成 ‘个性化的学习内容或任务’:,以json格式返回","[""5分： 内容与指定知识点/主题/问题高度相关，且严格控制在要求的难度、范围、学科内，无冗余或无关信息。"", ""4分： 内容主体相关，范围控制良好，可能包含极少量轻微超纲或关联度稍弱的信息。"", ""3分： 内容大部分相关，但包含一些偏离主题或超出范围的部分，范围控制不够精确。"", ""2分： 内容相关性较差，包含较多无关信息，或严重超出指定范围。"", ""1分： 内容基本不相关，或完全脱离指定范围。""]",2,2,zh,Content Relevance & Scope Control,rubric_violation,rubric_violation,5,5,Personalized Learning Support,General Pedagogy,Master,True,True,True,exact_metric_language,False,False,False,False,False,False,False,False,False,False,LOW,1,0,1,2,question_reused_recorded,"学生画像：学生的画像：{'姓名': '李华', '年龄': 24, '背景': '教育学本科毕业，擅长理论分析，对实践策略较弱', '学习目标': '深入理解教育学原理，提升实践应用能力', '兴趣爱好': '阅读教育学相关书籍，参与教育实验项目'}\n请根据学生画像，为每位学生生成 ‘个性化的学习内容或任务’:,以json格式返回","```json\n{\n  ""个性化学习内容或任务"": [\n    {\n      ""任务名称"": ""教育学原理深度阅读"",\n      ""任务描述"": ""选择一本经典的教育学原理书籍进行深度阅读，并撰写读书笔记，重点分析书中的核心理论及其应用场景。"",\n      ""目标"": ""深入理解教育学原理，提升理论分析能力"",\n      ""推荐书籍"": [""《教育学原理》"", ""《教育心理学》""]\n    },\n    {\n      ""任务名称"": ""教育实验项目参与"",\n      ""任务描述"": ""参与一个教育实验项目，观察并记录实验过程，分析实验结果，提出改进建议。"",\n      ""目标"": ""提升实践应用能力，增强对教育实验的理解"",\n      ""推荐项目"": [""课堂教学实验"", ""学生行为观察实验""]\n    },\n    {\n      ""任务名称"": ""教育策略案例分析"",\n      ""任务描述"": ""选择一个教育策略案例进行深入分析，撰写案例分析报告，提出自己的见解和改进方案。"",\n      ""目标"": ""提升实践策略分析能力，增强对教育策略的理解"",\n      ""推荐案例"": [""翻转课堂案例"", ""个性化教学案例""]\n    },\n    {\n      ""任务名称"": ""教育理论应用实践"",\n      ""任务描述"": ""选择一个教育理论，设计一个实际教学方案，并在实际教学中应用，记录应用效果并进行反思。"",\n      ""目标"": ""提升理论应用能力，增强对教育实践的理解"",\n      ""推...","[""5分： 内容与指定知识点/主题/问题高度相关，且严格控制在要求的难度、范围、学科内，无冗余或无关信息。"", ""4分： 内容主体相关，范围控制良好，可能包含极少量轻微超纲或关联度稍弱的信息。"", ""3分： 内容大部分相关，但包含一些偏离主题或超出范围的部分，范围控制不够精确。"", ""2分： 内容相关性较差，包含较多无关信息，或严重超出指定范围。"", ""1分： 内容基本不相关，或完全脱离指定范围。""]",question_seed42/train source; batch96 and topup1 source question reuse minimized and recorded
topup2_095,syn_8361426085264be6,560643519d8b43fab75a4322152a745dea19122c,train,results_merge.jsonl,2103,d0434a705d581d2aebdcf53be8acafc5da9b8e4e,2e13d0301b59f178dd068e446e514ce827445fd9,"Question: Explain how plate tectonics can lead to the formation of mountains.

Please provide reasoning based on this question. Do not provide the answer directly.. ""Reasoning Provided"":, return in JSON format","[""5: Extremely clear and concise explanations; fully accessible for target learners; vibrant and engaging delivery that inspires deep thought and interest."", ""4: Clear and easy to understand; appropriate for learner level; somewhat thought-provoking and can trigger reflection."", ""3: Generally understandable but may be wordy, complex, or dull; limited inspirational impact."", ""2: Lacks clarity; uses excessive jargon or complex structures; difficult to comprehend; uninspiring."", ""1: Confusing and hard to follow; disregards learner needs; offers no inspiration and may cause confusion.""]",3,3,en,"Clarity, Simplicity & Inspiration",rubric_violation,rubric_violation,5,5,Idea Provision,Geography,High School,True,True,True,exact_metric_language,False,False,False,False,False,False,False,False,False,False,LOW,1,0,1,2,question_reused_recorded,"Question: Explain how plate tectonics can lead to the formation of mountains.\n\nPlease provide reasoning based on this question. Do not provide the answer directly.. ""Reasoning Provided"":, return in JSON format","```json\n{\n  ""Reasoning Provided"": {\n    ""Key Concepts"": [\n      ""Plate Tectonics"",\n      ""Convergent Boundaries"",\n      ""Subduction Zones"",\n      ""Continental Collision"",\n      ""Crustal Deformation""\n    ],\n    ""Processes"": [\n      {\n        ""Interaction Type"": ""Convergent Boundary (Continental-Continental)"",\n        ""Mechanism"": ""Collision of two continental plates leading to crustal compression, folding, and uplift."",\n        ""Example"": ""Himalayas formation via Indian-Eurasian plate collision.""\n      },\n      {\n        ""Interaction Type"": ""Convergent Boundary (Oceanic-Continental)"",\n        ""Mechanism"": ""Subduction of oceanic plate beneath continental plate, causing vol...","[""5: Extremely clear and concise explanations; fully accessible for target learners; vibrant and engaging delivery that inspires deep thought and interest."", ""4: Clear and easy to understand; appropriate for learner level; somewhat thought-provoking and can trigger reflection."", ""3: Generally understandable but may be wordy, complex, or dull; limited inspirational impact."", ""2: Lacks clarity; uses excessive jargon or complex structures; difficult to comprehend; uninspiring."", ""1: Confusing and hard to follow; disregards learner needs; offers no inspiration and may cause confusion.""]",question_seed42/train source; batch96 and topup1 source question reuse minimized and recorded
topup2_096,syn_1d2d75969f4fe68e,af3a1b0bf4ee07ba2ea32a5f163d180d8d63c3b9,train,results_merge.jsonl,3075,8dbbdc416b94778b6562e10ea62ae70dc2861047,f407584577c9ba289df23207871f5969ab289414,"问题：在水产养殖中，以下哪种因素对鱼类的生长速度影响最大？
原答案：饲料的颗粒大小
你为学生的回答进行纠错服务.请根据这个问题和原答案给出""纠错后答案""和""纠错说明"":,以json格式返回","[""5分： 始终体现出强烈的鼓励和支持态度，语言积极、富有建设性；在需要时提供非常有效的启发式引导，而非直接给答案。"", ""4分： 整体体现出鼓励和支持，语言积极正面；能提供有效的引导，偶尔可能过于直接。"", ""3分： 兼具鼓励和中性/批评性语言，积极性一般；引导有时有效，有时直接给答案或引导不足。"", ""2分： 缺乏鼓励和支持，语言偏中性甚至略显负面；很少提供有效引导，倾向于直接给答案或不给帮助。"", ""1分： 语言消极、打击性强，完全没有鼓励；无视引导需求，或提供错误引导。""]",1,1,zh,"Motivation, Guidance & Positive Feedback",superficial_fluency,superficial_fluency,4,4,Error Correction,Aquaculture,Master,True,True,True,exact_metric_language,False,False,False,False,False,False,False,False,False,False,LOW,1,0,1,2,question_reused_recorded,"问题：在水产养殖中，以下哪种因素对鱼类的生长速度影响最大？\n原答案：饲料的颗粒大小\n你为学生的回答进行纠错服务.请根据这个问题和原答案给出""纠错后答案""和""纠错说明"":,以json格式返回","```json\n{\n  ""纠错后答案"": ""饲料的质量和营养成分"",\n  ""纠错说明"": ""虽然饲料的颗粒大小对于鱼类摄食有一定影响，比如过大的颗粒可能导致小型鱼难以吞咽，但对鱼类生长速度影响最大的因素是饲料的质量和其中所含的营养成分。高质量、富含必需氨基酸、维生素、矿物质等营养素的饲料能够显著促进鱼类健康快速地成长。""\n}\n```","[""5分： 始终体现出强烈的鼓励和支持态度，语言积极、富有建设性；在需要时提供非常有效的启发式引导，而非直接给答案。"", ""4分： 整体体现出鼓励和支持，语言积极正面；能提供有效的引导，偶尔可能过于直接。"", ""3分： 兼具鼓励和中性/批评性语言，积极性一般；引导有时有效，有时直接给答案或引导不足。"", ""2分： 缺乏鼓励和支持，语言偏中性甚至略显负面；很少提供有效引导，倾向于直接给答案或不给帮助。"", ""1分： 语言消极、打击性强，完全没有鼓励；无视引导需求，或提供错误引导。""]",question_seed42/train source; batch96 and topup1 source question reuse minimized and recorded
topup2_097,syn_bfe34e5fd2820143,9acf92b3b01e66fa836cf17c4d447da56ba90bbd,train,results_merge.jsonl,1246,89ad7f660e220e95714d0729aaef8f1f0834f89d,7ec57a0687903c7300735d769c17ade906c3b9bc,"Subject:Military Science
Education Level:Master
Question:Analyze the strategic significance of electromagnetic spectrum operations (EMSO) in contemporary military conflicts, detailing how they can alter the dynamics of warfare.
. Please generate the corresponding answer based on the question. ""Answer"":, in JSON format.","[""5: Reasoning is complete, clear, and rigorous; all steps are correct; arguments are strong and free of logical fallacies."", ""4: Reasoning is largely correct and logically coherent with minor issues in individual steps or details that do not affect the conclusion."", ""3: Reasoning is visible but contains unclear logic, missing steps, or insufficient argumentation, affecting the overall outcome."", ""2: Reasoning has major logical flaws, confusion in steps, or critical omissions; reliability is low."", ""1: Virtually no valid reasoning; logic is chaotic; steps are incorrect or irrelevant.""]",2,2,en,Reasoning Process Rigor,reasoning_gap,reasoning_gap,5,5,Question Answering,Military Science,Master,True,True,True,exact_metric_language,False,False,False,False,False,False,False,False,False,False,LOW,1,0,1,2,question_reused_recorded,"Subject:Military Science\nEducation Level:Master\nQuestion:Analyze the strategic significance of electromagnetic spectrum operations (EMSO) in contemporary military conflicts, detailing how they can alter the dynamics of warfare.\n. Please generate the corresponding answer based on the question. ""Answer"":, in JSON format.","```json\n{\n  ""Answer"": {\n    ""Introduction"": ""Electromagnetic Spectrum Operations (EMSO) have become a critical component of modern military strategy, significantly influencing the dynamics of contemporary warfare. EMSO encompasses the use of electromagnetic energy across all domains to achieve strategic, operational, and tactical objectives. This includes not only traditional electronic warfare (EW) but also cyber operations, signals intelligence (SIGINT), and other forms of information warfare."",\n    ""Strategic Significance"": {\n      ""Control of the Electromagnetic Environment"": ""The ability to control or deny the use of the electromagnetic spectrum is crucial for maintaining comman...","[""5: Reasoning is complete, clear, and rigorous; all steps are correct; arguments are strong and free of logical fallacies."", ""4: Reasoning is largely correct and logically coherent with minor issues in individual steps or details that do not affect the conclusion."", ""3: Reasoning is visible but contains unclear logic, missing steps, or insufficient argumentation, affecting the overall outcome."", ""2: Reasoning has major logical flaws, confusion in steps, or critical omissions; reliability is low."", ""1: Virtually no valid reasoning; logic is chaotic; steps are incorrect or irrelevant.""]",question_seed42/train source; batch96 and topup1 source question reuse minimized and recorded
topup2_098,syn_7bf87a59926bd2c7,2b339ef4aadaad612a28c1520c14ea56c7826a46,train,results_merge.jsonl,3150,33f24cdef61905293c51bb59ca561c1f2cef3965,db2c62e75ed5daf58e071377060fafd905fa2baa,"问题：请简述第二次世界大战的主要参战国和其领导者。
原答案：第二次世界大战的主要参战国包括德国的希特勒、美国的罗斯福、法国的拿破仑和苏联的列宁。
你为学生的回答进行纠错服务.请根据这个问题和原答案给出""纠错后答案""和""纠错说明"":,以json格式返回","[""5分： 充分融合所有关键场景要素（如学生历史、学习偏好等），输出高度个性化，并与教学情境高度匹配。"", ""4分： 有效使用主要场景要素，回答具有针对性；可能遗漏少量细节，但不影响整体效果。"", ""3分： 使用了部分场景信息，但融合较浅；个性化程度或情境契合度一般。"", ""2分： 仅表层提及场景信息，未有效融合核心要素；与上下文连接较弱。"", ""1分： 完全忽视场景特定信息；输出通用、模板化，且与场景不相关。""]",1,1,zh,Scenario Element Integration,scenario_mismatch,scenario_mismatch,4,4,Error Correction,History,Middle School,True,True,True,exact_metric_language,False,False,False,False,False,False,False,False,False,False,LOW,1,0,1,2,question_reused_recorded,"问题：请简述第二次世界大战的主要参战国和其领导者。\n原答案：第二次世界大战的主要参战国包括德国的希特勒、美国的罗斯福、法国的拿破仑和苏联的列宁。\n你为学生的回答进行纠错服务.请根据这个问题和原答案给出""纠错后答案""和""纠错说明"":,以json格式返回","{\n    ""纠错后答案"": ""第二次世界大战的主要参战国包括德国、美国、法国和苏联。其领导者分别是德国的阿道夫·希特勒、美国的富兰克林·罗斯福、法国的夏尔·戴高乐和苏联的约瑟夫·斯大林。"",\n    ""纠错说明"": ""原答案中存在以下错误：1. 拿破仑是19世纪法国皇帝，与二战无关；2. 列宁是苏联的创始人，但他在1924年去世，并未参与二战；3. 法国在二战期间的领导者是夏尔·戴高乐，而非拿破仑；4. 苏联在二战期间的领导者是约瑟夫·斯大林，而非列宁。纠错后的答案准确反映了二战主要参战国及其当时的领导者。""\n}","[""5分： 充分融合所有关键场景要素（如学生历史、学习偏好等），输出高度个性化，并与教学情境高度匹配。"", ""4分： 有效使用主要场景要素，回答具有针对性；可能遗漏少量细节，但不影响整体效果。"", ""3分： 使用了部分场景信息，但融合较浅；个性化程度或情境契合度一般。"", ""2分： 仅表层提及场景信息，未有效融合核心要素；与上下文连接较弱。"", ""1分： 完全忽视场景特定信息；输出通用、模板化，且与场景不相关。""]",question_seed42/train source; batch96 and topup1 source question reuse minimized and recorded
topup2_099,syn_a877c855a6110d88,6de45511fdf671e1b2d1777402c095b753b16f45,train,results_merge.jsonl,47,8cdf1aba67fd11f6ef4d3de526d6c99b7ecebfd4,7b6ffb72c08843421319d00bda8af3f91e5764a4,"{'Name': 'Alex Johnson', 'Age': 21, 'Current Education Level': 'Undergraduate', 'Current Skill Level': 'Intermediate', 'Learning Goals': ['Understand the application of economic theories in real-world scenarios', 'Improve quantitative analysis skills', 'Prepare for a career in economic policy analysis'], 'Weak Points': ['Econometric modeling', 'Macroeconomic policy analysis'], 'Study Habits': ['Prefers visual learning materials', 'Studies best in short, focused sessions', 'Enjoys group discussions']}
Based on the student profile, provide ""Learning Path Planning"" and ""Personalized Recommendations"", returned in JSON format.","[""5: Highly personalized content/advice/feedback based on student level/traits/needs; resource and learning path suggestions are accurate, practical, and valuable."", ""4: Demonstrates some adaptation to student situation; provides relevant learning advice or resources with good utility."", ""3: Attempts personalization but with limited effectiveness; recommendations are generic and of limited value."", ""2: Little to no personalization; output is the same for everyone; learning support is insufficient or unrelated."", ""1: No personalization; output may conflict with student needs; offers no or incorrect learning support.""]",2,2,en,"Personalization, Adaptation & Learning Support",scenario_mismatch,scenario_mismatch,5,5,Personalized Content Creation,Applied Economics,PhD,True,True,True,exact_metric_language,False,False,False,False,False,False,False,False,False,False,LOW,1,0,1,3,question_reused_recorded,"{'Name': 'Alex Johnson', 'Age': 21, 'Current Education Level': 'Undergraduate', 'Current Skill Level': 'Intermediate', 'Learning Goals': ['Understand the application of economic theories in real-world scenarios', 'Improve quantitative analysis skills', 'Prepare for a career in economic policy analysis'], 'Weak Points': ['Econometric modeling', 'Macroeconomic policy analysis'], 'Study Habits': ['Prefers visual learning materials', 'Studies best in short, focused sessions', 'Enjoys group discussions']}\nBased on the student profile, provide ""Learning Path Planning"" and ""Personalized Recommendations"", returned in JSON format.","```json\n{\n  ""Learning Path Planning"": {\n    ""Phase 1: Foundation Building (Months 1-3)"": {\n      ""Objective"": ""Strengthen foundational knowledge in economics and quantitative methods, focusing on areas of weakness."",\n      ""Activities"": [\n        ""Enroll in an introductory course on econometrics to improve understanding of econometric modeling. Look for courses that include practical applications and use visual learning tools like graphs and charts."",\n        ""Join a study group or online forum focused on macroeconomics to enhance understanding through discussions and collaborative problem-solving."",\n        ""Allocate time for short, focused study sessions (25-30 minutes) followed...","[""5: Highly personalized content/advice/feedback based on student level/traits/needs; resource and learning path suggestions are accurate, practical, and valuable."", ""4: Demonstrates some adaptation to student situation; provides relevant learning advice or resources with good utility."", ""3: Attempts personalization but with limited effectiveness; recommendations are generic and of limited value."", ""2: Little to no personalization; output is the same for everyone; learning support is insufficient or unrelated."", ""1: No personalization; output may conflict with student needs; offers no or incorrect learning support.""]",question_seed42/train source; batch96 and topup1 source question reuse minimized and recorded
topup2_100,syn_4319bd913b9371fc,4d3bcb045c98073ced4af62f8b5acf5b431ecf7c,train,results_merge.jsonl,4260,8fab64f1090cd363036f72bb8f088eeaf4344ad1,d8819ed40c8693fe81893fd21678baa14550d4f4,"知识点：量子力学中的波函数归一化
请根据这个知识点给出""教学素材"":教学素材需要包括教学目标、重点难点、课堂活动设计等,以json格式返回","[""5分： 交互或内容设计巧妙，能显著促进学生的批判性思维、创新思维、问题解决或知识迁移应用能力（例如通过开放性问题、对比分析、案例探究、项目式任务等）。"", ""4分： 能提出引导性问题或设计有一定挑战性的任务，对培养学生的高阶思维和能力（如分析、评估、应用）有积极作用。"", ""3分： 在促进高阶思维方面有所尝试（如提出一些简单的思考题），但深度和广度有限，效果不明显，整体仍偏重知识复述或简单应用。"", ""2分： 交互或内容主要停留在基础知识记忆和理解层面，很少或未能涉及需要高阶思维的活动或问题。"", ""1分： 完全忽视高阶思维培养，仅限于死记硬背或简单重复，甚至可能因提供过于简化或固化的答案而阻碍思维发展。""]",1,1,zh,Higher-Order Thinking & Skill Development,reasoning_gap,reasoning_gap,5,5,Teaching Material Generation,Physics,Master,True,True,True,exact_metric_language,False,False,False,False,False,False,False,False,False,False,LOW,1,0,1,2,question_reused_recorded,"知识点：量子力学中的波函数归一化\n请根据这个知识点给出""教学素材"":教学素材需要包括教学目标、重点难点、课堂活动设计等,以json格式返回","```json\n{\n  ""教学素材"": {\n    ""教学目标"": [\n      ""理解波函数归一化的物理意义及其在量子力学中的必要性"",\n      ""掌握波函数归一化的数学处理方法（积分计算与归一化常数求解）"",\n      ""能够对简单量子系统的波函数进行归一化操作"",\n      ""建立概率幅概念与归一化条件的联系""\n    ],\n    ""重点难点"": {\n      ""重点"": [\n        ""归一化条件的数学表达式 ∫|ψ(x)|²dx = 1"",\n        ""归一化常数的求解方法"",\n        ""概率密度与波函数模平方的关系""\n      ],\n      ""难点"": [\n        ""复数波函数的归一化处理（涉及复共轭运算）"",\n        ""无穷积分上下限的处理技巧"",\n        ""三维空间波函数的球坐标积分转换"",\n        ""非平方可积波函数的特殊处理（如平面波）""\n      ]\n    },\n    ""课堂活动设计"": [\n      {\n        ""环节"": ""概念导入"",\n        ""内容"": [\n          ""通过经典概率分布类比引出量子概率幅概念"",\n          ""展示未归一化波函数的概率密度分布问题"",\n          ""提问：为什么薛定谔方程的解需要额外归一化？""\n        ],\n        ""时间"": 10\n      },\n      {\n        ""环节"": ""理论推导"",\...","[""5分： 交互或内容设计巧妙，能显著促进学生的批判性思维、创新思维、问题解决或知识迁移应用能力（例如通过开放性问题、对比分析、案例探究、项目式任务等）。"", ""4分： 能提出引导性问题或设计有一定挑战性的任务，对培养学生的高阶思维和能力（如分析、评估、应用）有积极作用。"", ""3分： 在促进高阶思维方面有所尝试（如提出一些简单的思考题），但深度和广度有限，效果不明显，整体仍偏重知识复述或简单应用。"", ""2分： 交互或内容主要停留在基础知识记忆和理解层面，很少或未能涉及需要高阶思维的活动或问题。"", ""1分： 完全忽视高阶思维培养，仅限于死记硬背或简单重复，甚至可能因提供过于简化或固化的答案而阻碍思维发展。""]",question_seed42/train source; batch96 and topup1 source question reuse minimized and recorded
topup2_101,syn_7edf3fabe6a0f39b,6377f7e3f43e2bd08b05b5d3ca05c0fb6962bbd9,train,results_merge.jsonl,788,f1f947604e25a14868aeebe46ba3a2c375d74f99,139acdc5496135878cc6498981ec9c71921b27ed,"Question: Which of the following is an adjective?
A) Run
B) Quickly
C) Happy
D) Jump
Student's Answer: B) Quickly
Please provide ""Score"", ""Scoring Details"", and ""Personalized Feedback"" based on the question and student's answer, in JSON format.","[""5: Precisely identified all errors (no omission or false positives); provided completely correct, clear, and optimal correction suggestions."", ""4: Correctly located most major errors; suggestions are generally accurate and effective with only minor omissions or less-than-perfect advice."", ""3: Identified some errors but with clear omissions or false positives; suggestions are partially correct but may lack clarity, completeness or optimality."", ""2: Inaccurate error detection with critical omissions or many false positives; suggestions contain errors or are hard to comprehend."", ""1: Completely failed to detect errors; provided entirely incorrect or misleading correction advice.""]",2,2,en,Error Identification & Correction Precision,factual_error,factual_error,5,5,Automatic Grading,English,Elementary School,True,True,True,exact_metric_language,False,False,False,False,False,False,False,False,False,False,LOW,1,1,2,1,question_reused_recorded,"Question: Which of the following is an adjective?\nA) Run\nB) Quickly\nC) Happy\nD) Jump\nStudent's Answer: B) Quickly\nPlease provide ""Score"", ""Scoring Details"", and ""Personalized Feedback"" based on the question and student's answer, in JSON format.","```json\n{\n  ""Score"": 0,\n  ""Scoring_Details"": ""The correct answer to this question is C) Happy, as it is the only adjective among the given options. 'Run', 'Jump', and 'Quickly' do not serve as adjectives; they can be verbs ('Run', 'Jump') or an adverb ('Quickly')."",\n  ""Personalized_Feedback"": ""It seems like there was a bit of confusion regarding parts of speech. Remember, adjectives describe nouns or pronouns. In this case, 'Happy' describes a state or feeling, which makes it an adjective. 'Quickly' might seem similar because it ends in -ly, but it's actually an adverb describing how something is done. Keep practicing identifying different parts of speech, and you'll get better!""\n}\n```","[""5: Precisely identified all errors (no omission or false positives); provided completely correct, clear, and optimal correction suggestions."", ""4: Correctly located most major errors; suggestions are generally accurate and effective with only minor omissions or less-than-perfect advice."", ""3: Identified some errors but with clear omissions or false positives; suggestions are partially correct but may lack clarity, completeness or optimality."", ""2: Inaccurate error detection with critical omissions or many false positives; suggestions contain errors or are hard to comprehend."", ""1: Completely failed to detect errors; provided entirely incorrect or misleading correction advice.""]",question_seed42/train source; batch96 and topup1 source question reuse minimized and recorded
topup2_102,syn_6baa4a3a77bc818e,2877669ab213e04fd069707870107d2b9bf5e463,train,results_merge.jsonl,4864,a1b67cde2ac0c2a69a2631e08f31330c603fd3ac,9ef185dd6946fcbdf053d2cbe39ed4e2ffc1abdf,"学科:生物
学制级别:小学
问题：请简述为什么植物需要阳光才能生长？
.请根据问题生成对应的答案。""答案"":,以json格式返回","[""5分： 完全理解并精准执行所有指令，完美达成核心任务目标，格式完全符合要求。"", ""4分： 准确理解主要指令，正确执行任务，核心目标达成度高，格式基本符合要求，可能有极少细节遗漏或偏差。"", ""3分： 理解了指令大意但可能忽略部分细节，任务基本完成但存在一些不准确或遗漏之处，格式有明显尝试但存在较多偏差。"", ""2分： 对指令理解有偏差，任务完成度低或有严重错误，格式多数不符合要求。"", ""1分： 完全误解或无视指令，任务未完成或完全错误，格式混乱或不相关。""]",3,3,zh,Instruction Following & Task Completion,instruction_violation,instruction_violation,5,5,Question Answering,Biology,Elementary School,True,True,True,exact_metric_language,False,False,False,False,False,False,False,False,False,False,LOW,1,0,1,2,question_reused_recorded,"学科:生物\n学制级别:小学\n问题：请简述为什么植物需要阳光才能生长？\n.请根据问题生成对应的答案。""答案"":,以json格式返回","```json\n{\n  ""答案"": ""植物需要阳光才能生长，主要是因为阳光为植物提供了进行光合作用所需的能量。在光合作用过程中，植物利用阳光的能量将二氧化碳和水转化成氧气和葡萄糖。其中，葡萄糖作为植物生长发育的重要能源物质，不仅支持了植物自身的生长，还为其他生物提供了食物来源。此外，阳光还影响着植物的开花、结果等生命活动周期。因此，可以说没有阳光，植物就无法正常生长。""\n}\n```","[""5分： 完全理解并精准执行所有指令，完美达成核心任务目标，格式完全符合要求。"", ""4分： 准确理解主要指令，正确执行任务，核心目标达成度高，格式基本符合要求，可能有极少细节遗漏或偏差。"", ""3分： 理解了指令大意但可能忽略部分细节，任务基本完成但存在一些不准确或遗漏之处，格式有明显尝试但存在较多偏差。"", ""2分： 对指令理解有偏差，任务完成度低或有严重错误，格式多数不符合要求。"", ""1分： 完全误解或无视指令，任务未完成或完全错误，格式混乱或不相关。""]",question_seed42/train source; batch96 and topup1 source question reuse minimized and recorded
topup2_103,syn_9bb54b4f3ba575d1,214b3a2d32c5f868ccd66c3cca5df3d4eac8cf62,train,results_merge.jsonl,1477,f6cf3e1b280ca78c17a557b97001a3fea411a738,5862a6dae4e848933a04d0a88b892c17e7775c6a,"Subject:Aquaculture
Education Level:Undergraduate
Knowledge Point:Aquaculture involves the farming of aquatic organisms, including fish, mollusks, crustaceans, and aquatic plants. It encompasses breeding, rearing, and harvesting in controlled environments.
Question Type:Single Choice
.Generate a corresponding question based on subject, education level, knowledge point, and question type. Return ""Question"" and ""Provided Reasoning"" in JSON format.","[""5: All stated factual elements (definitions, formulas, dates, terms, syntax, etc.) are completely accurate."", ""4: Vast majority of facts are correct; possibly contains very minor, non-critical typos or omissions."", ""3: Most facts are correct, but there are some notable factual errors that require review."", ""2: Contains several or key factual inaccuracies; information is not trustworthy."", ""1: Riddled with factual errors; information is completely incorrect or misleading.""]",1,1,en,Basic Factual Accuracy,factual_error,factual_error,5,5,Question Generation,Aquaculture,Undergraduate,True,True,True,exact_metric_language,False,False,False,False,False,False,False,False,False,False,LOW,1,0,1,2,question_reused_recorded,"Subject:Aquaculture\nEducation Level:Undergraduate\nKnowledge Point:Aquaculture involves the farming of aquatic organisms, including fish, mollusks, crustaceans, and aquatic plants. It encompasses breeding, rearing, and harvesting in controlled environments.\nQuestion Type:Single Choice\n.Generate a corresponding question based on subject, education level, knowledge point, and question type. Return ""Question"" and ""Provided Reasoning"" in JSON format.","```json\n{\n  ""Question"": ""Which of the following is NOT typically farmed in aquaculture?"",\n  ""Options"": [\n    {""option"": ""Fish"", ""correct"": true},\n    {""option"": ""Mollusks"", ""correct"": true},\n    {""option"": ""Crustaceans"", ""correct"": true},\n    {""option"": ""Reptiles"", ""correct"": false}\n  ],\n  ""CorrectAnswer"": ""Reptiles"",\n  ""ProvidedReasoning"": ""Aquaculture involves the farming of aquatic organisms such as fish, mollusks, and crustaceans in controlled environments. Reptiles, which are not aquatic organisms, are not typically farmed in aquaculture.""\n}\n```\n\nNote: The correct answer is indicated as ""Reptiles"" because it's the only option that does not fit within the scope of typica...","[""5: All stated factual elements (definitions, formulas, dates, terms, syntax, etc.) are completely accurate."", ""4: Vast majority of facts are correct; possibly contains very minor, non-critical typos or omissions."", ""3: Most facts are correct, but there are some notable factual errors that require review."", ""2: Contains several or key factual inaccuracies; information is not trustworthy."", ""1: Riddled with factual errors; information is completely incorrect or misleading.""]",question_seed42/train source; batch96 and topup1 source question reuse minimized and recorded
topup2_104,syn_b2f0bdfebd75a5f6,31ad010a8283108782c8ea3e57d0cd976924f76c,train,results_merge.jsonl,3611,c34b4b93df3897791871cecbdbfe43662163e9fe,532c1e7839283aaebc89233ffd0ee99cbe7672b2,"问题：以下哪些因素可能影响个体的行为动机？请选择所有适用的选项。
A) 生物学因素
B) 社会文化因素
C) 认知因素
D) 环境因素
E) 遗传因素

请根据这个问题提供思路。""提供的思路"":,以json格式返回","[""5分： 在专业领域知识运用上不仅准确，且展现出恰当的深度和严谨性，符合行业标准或学术规范。"", ""4分： 专业知识运用准确，体现了较好的专业水准，但在深度或某些细节的严谨性上略有不足，不影响核心正确性。"", ""3分： 专业知识运用基本准确，但显得较为表层或不够严谨，可能存在一些非核心概念的混淆或遗漏。"", ""2分： 专业知识运用存在明显错误或重大遗漏，体现出专业性不足。"", ""1分： 专业知识运用方面存在严重错误，完全不符合专业标准，可能产生误导。""]",2,2,zh,Domain Knowledge Accuracy,factual_error,factual_error,5,5,Idea Provision,Psychology,PhD,True,True,True,exact_metric_language,False,False,False,False,False,False,False,False,False,False,LOW,1,0,1,2,question_reused_recorded,"问题：以下哪些因素可能影响个体的行为动机？请选择所有适用的选项。\nA) 生物学因素\nB) 社会文化因素\nC) 认知因素\nD) 环境因素\nE) 遗传因素\n\n请根据这个问题提供思路。""提供的思路"":,以json格式返回","{\n    ""思路"": [\n        {\n            ""选项"": ""A) 生物学因素"",\n            ""解释"": ""生物学因素，如大脑结构、神经递质水平和激素等，可以显著影响个体的情绪状态和行为动机。例如，多巴胺水平与奖励系统相关联，会影响个体寻求愉悦活动的动机。"",\n            ""影响方式"": ""直接生理影响""\n        },\n        {\n            ""选项"": ""B) 社会文化因素"",\n            ""解释"": ""社会规范、价值观和文化背景会影响个体的目标设定和行为选择。这些因素通过塑造个体的价值观和期望来间接影响动机。"",\n            ""影响方式"": ""间接文化影响""\n        },\n        {\n            ""选项"": ""C) 认知因素"",\n            ""解释"": ""个人的认知过程，包括信念、期望、目标设定和个人态度，都会直接影响个体的行为动机。例如，一个人如果相信自己能够成功完成某项任务，那么他更有可能被激励去尝试。"",\n            ""影响方式"": ""直接心理影响""\n        },\n        {\n            ""选项"": ""D) 环境因素"",\n            ""解释"": ""物理环境和社会环境（如家庭、学校或工作场所）都可以对个体产生影响。例如，一个支持性和鼓励性的环境可能会增强个体的动机。"",\n            ""影响方式"": ""直接外部影响""\n  ...","[""5分： 在专业领域知识运用上不仅准确，且展现出恰当的深度和严谨性，符合行业标准或学术规范。"", ""4分： 专业知识运用准确，体现了较好的专业水准，但在深度或某些细节的严谨性上略有不足，不影响核心正确性。"", ""3分： 专业知识运用基本准确，但显得较为表层或不够严谨，可能存在一些非核心概念的混淆或遗漏。"", ""2分： 专业知识运用存在明显错误或重大遗漏，体现出专业性不足。"", ""1分： 专业知识运用方面存在严重错误，完全不符合专业标准，可能产生误导。""]",question_seed42/train source; batch96 and topup1 source question reuse minimized and recorded
topup2_105,syn_1ac6713b51b6afea,6d1cd87e1011b8ab8ae91c7c0073c6fbb37495b0,train,results_merge.jsonl,2612,18a572cd7d58d8207b76214c513e04fed2826537,0a74675adbbc541fc9b346bb66a89325bc86fb6f,"Knowledge Point: Schrodinger Equation in Quantum Mechanics
Based on this knowledge point, provide ""Teaching Materials"": Teaching materials should include teaching objectives, key points and difficulties, classroom activity design, etc., in JSON format.","[""5: Excellent role-playing (e.g., teacher/TA); language style, professionalism, and tone (e.g., encouraging/serious) are perfectly aligned with the assumed role and audience."", ""4: Role and tone are mostly consistent and appropriate for the scenario, with minor deviation in individual expressions."", ""3: Attempts to match the role and tone can be seen, but overall consistency is weak; some expressions are disconnected from the role/scenario."", ""2: Significant mismatch in role and tone; comes across as unnatural or inconsistent."", ""1: No reflection of assigned role/tone; expression entirely inconsistent with the scenario.""]",1,1,en,Role & Tone Consistency,scenario_mismatch,scenario_mismatch,5,5,Teaching Material Generation,Physics,Master,True,True,True,exact_metric_language,False,False,False,False,False,False,False,False,False,False,LOW,1,1,2,1,question_reused_recorded,"Knowledge Point: Schrodinger Equation in Quantum Mechanics\nBased on this knowledge point, provide ""Teaching Materials"": Teaching materials should include teaching objectives, key points and difficulties, classroom activity design, etc., in JSON format.","```json\n{\n  ""TeachingMaterials"": {\n    ""Subject"": ""Quantum Mechanics"",\n    ""Topic"": ""Schrodinger Equation"",\n    ""TeachingObjectives"": [\n      ""Understand the historical context and importance of the Schrödinger equation in quantum mechanics."",\n      ""Be able to derive the time-dependent and time-independent forms of the Schrödinger equation."",\n      ""Learn how to apply the Schrödinger equation to solve for the energy levels and wave functions of simple systems (e.g., particle in a box, harmonic oscillator)."",\n      ""Develop an understanding of the physical interpretation of the wave function and its relation to probability density.""\n    ],\n    ""KeyPoints"": [\n      ""Introductio...","[""5: Excellent role-playing (e.g., teacher/TA); language style, professionalism, and tone (e.g., encouraging/serious) are perfectly aligned with the assumed role and audience."", ""4: Role and tone are mostly consistent and appropriate for the scenario, with minor deviation in individual expressions."", ""3: Attempts to match the role and tone can be seen, but overall consistency is weak; some expressions are disconnected from the role/scenario."", ""2: Significant mismatch in role and tone; comes across as unnatural or inconsistent."", ""1: No reflection of assigned role/tone; expression entirely inconsistent with the scenario.""]",question_seed42/train source; batch96 and topup1 source question reuse minimized and recorded
topup2_106,syn_1c0a2b755cb8c810,25999ce332bccfadf39074a341b0dd4377868704,train,results_merge.jsonl,5105,85c4c4f06a98174d52ae51ed006345fe8dc8f85b,040bd7a31521b1ec53fded269b8d2d1a4fe367cf,"学科:体育教育学
学制级别:大学
知识点：运动学习与技能习得
问题类型：单选题
.请根据学科,学制级别,知识点,问题类型生成一个对应的问题。""问题""和""提供的思路"":,以json格式返回","[""5分： 内容与指定知识点/主题/问题高度相关，且严格控制在要求的难度、范围、学科内，无冗余或无关信息。"", ""4分： 内容主体相关，范围控制良好，可能包含极少量轻微超纲或关联度稍弱的信息。"", ""3分： 内容大部分相关，但包含一些偏离主题或超出范围的部分，范围控制不够精确。"", ""2分： 内容相关性较差，包含较多无关信息，或严重超出指定范围。"", ""1分： 内容基本不相关，或完全脱离指定范围。""]",2,2,zh,Content Relevance & Scope Control,scenario_mismatch,scenario_mismatch,5,5,Question Generation,Physical Education,Master,True,True,True,exact_metric_language,False,False,False,False,False,False,False,False,False,False,LOW,1,0,1,2,question_reused_recorded,"学科:体育教育学\n学制级别:大学\n知识点：运动学习与技能习得\n问题类型：单选题\n.请根据学科,学制级别,知识点,问题类型生成一个对应的问题。""问题""和""提供的思路"":,以json格式返回","```json\n{\n  ""问题"": ""在运动学习与技能习得过程中，哪一个因素被认为对初学者掌握新技能最为关键？"",\n  ""选项"": [\n    ""A. 使用高级训练设备"",\n    ""B. 明确的目标设定"",\n    ""C. 高强度的体能训练"",\n    ""D. 与其他高水平运动员竞争""\n  ],\n  ""答案"": ""B. 明确的目标设定"",\n  ""提供的思路"": ""在体育教育学中，对于初学者而言，明确具体的学习目标能够帮助他们更好地理解和专注于需要掌握的技能。虽然使用高级训练设备、进行高强度体能训练以及与高水平运动员竞争都有其价值，但对于技能的初步学习来说，理解并设定可达成的目标是更为基础且重要的一步。这有助于提高学习效率，并保持学习者的积极性和动力。""\n}\n```","[""5分： 内容与指定知识点/主题/问题高度相关，且严格控制在要求的难度、范围、学科内，无冗余或无关信息。"", ""4分： 内容主体相关，范围控制良好，可能包含极少量轻微超纲或关联度稍弱的信息。"", ""3分： 内容大部分相关，但包含一些偏离主题或超出范围的部分，范围控制不够精确。"", ""2分： 内容相关性较差，包含较多无关信息，或严重超出指定范围。"", ""1分： 内容基本不相关，或完全脱离指定范围。""]",question_seed42/train source; batch96 and topup1 source question reuse minimized and recorded
topup2_107,syn_550d4906dfa9f9d6,7971233cddaddeb0c966bb85ace8c70d5ba8bdfa,train,results_merge.jsonl,1933,3355c2772a62c5b8736da4f74d3aa9f79fde0f3d,538d63b78c6edda20510cc51abbc476143e8b72b,"Question: Explain the strategic significance of high ground in military operations.

Please provide reasoning based on this question. Do not provide the answer directly.. ""Reasoning Provided"":, return in JSON format","[""5: Extremely clear and concise explanations; fully accessible for target learners; vibrant and engaging delivery that inspires deep thought and interest."", ""4: Clear and easy to understand; appropriate for learner level; somewhat thought-provoking and can trigger reflection."", ""3: Generally understandable but may be wordy, complex, or dull; limited inspirational impact."", ""2: Lacks clarity; uses excessive jargon or complex structures; difficult to comprehend; uninspiring."", ""1: Confusing and hard to follow; disregards learner needs; offers no inspiration and may cause confusion.""]",1,1,en,"Clarity, Simplicity & Inspiration",superficial_fluency,superficial_fluency,5,5,Idea Provision,Military Science,Undergraduate,True,True,True,exact_metric_language,False,False,False,False,False,False,False,False,False,False,LOW,1,0,1,2,question_reused_recorded,"Question: Explain the strategic significance of high ground in military operations.\n\nPlease provide reasoning based on this question. Do not provide the answer directly.. ""Reasoning Provided"":, return in JSON format","```json\n{\n  ""Reasoning Provided"": [\n    ""The high ground offers a vantage point that enhances visibility over the surrounding terrain, allowing for better observation of enemy movements and positioning."",\n    ""It provides a defensive advantage, as attackers must ascend to engage, often under fire, which can slow their advance and expose them to greater risk."",\n    ""From a tactical perspective, the high ground allows for more effective use of ranged weapons, as the elevation can extend their reach and accuracy."",\n    ""Control of high ground can also influence the morale of troops, as occupying a superior position can boost confidence and psychological advantage."",\n    ""Logistically,...","[""5: Extremely clear and concise explanations; fully accessible for target learners; vibrant and engaging delivery that inspires deep thought and interest."", ""4: Clear and easy to understand; appropriate for learner level; somewhat thought-provoking and can trigger reflection."", ""3: Generally understandable but may be wordy, complex, or dull; limited inspirational impact."", ""2: Lacks clarity; uses excessive jargon or complex structures; difficult to comprehend; uninspiring."", ""1: Confusing and hard to follow; disregards learner needs; offers no inspiration and may cause confusion.""]",question_seed42/train source; batch96 and topup1 source question reuse minimized and recorded
topup2_108,syn_70bc8d990c5040d5,c13167075148a265b283ce6bd0a309d539f243f7,train,results_merge.jsonl,4045,c704daf936433b064b6ac838c48f647752e9e2be,f87a6c2dbd191c281e537a55c69b9486e4f0af2a,"问题：分析1960年代美国民权运动的主要原因和影响。请特别关注不同社会团体的角色以及运动带来的政策变革。
学生的答案：1960年代美国民权运动的主要原因包括种族歧视和社会不平等的长期存在，尤其是黑人群体在寻求平等权利方面所面临的困难。同时，经济因素和国际压力在一定程度上也推动了运动的发展。不同社会团体在这场运动中发挥了不同的角色。黑人社区的领袖如马丁·路德·金和马尔科姆·X在运动的组织、宣传及思想引领上起到了关键作用。大学生和其他年轻人也不可忽视，他们通过示威、罢课等活动积极参与。运动带来了显著的政策变革，例如1964年的《民权法案》和1965年的《选民权利法案》，这些法律有效地终结了法律上的种族隔离制度，使得黑人在投票权和教育、就业方面的平等权利得到了保障。总体来说，民权运动使得美国社会的公平性及多元化大为提升。
请根据问题和学生答案给出""评分"":""评分细节"":""个性化反馈"":,以json格式返回","[""5分： 始终体现出强烈的鼓励和支持态度，语言积极、富有建设性；在需要时提供非常有效的启发式引导，而非直接给答案。"", ""4分： 整体体现出鼓励和支持，语言积极正面；能提供有效的引导，偶尔可能过于直接。"", ""3分： 兼具鼓励和中性/批评性语言，积极性一般；引导有时有效，有时直接给答案或引导不足。"", ""2分： 缺乏鼓励和支持，语言偏中性甚至略显负面；很少提供有效引导，倾向于直接给答案或不给帮助。"", ""1分： 语言消极、打击性强，完全没有鼓励；无视引导需求，或提供错误引导。""]",3,3,zh,"Motivation, Guidance & Positive Feedback",scenario_mismatch,scenario_mismatch,3,3,Automatic Grading,History,Master,True,True,True,exact_metric_language,False,False,False,False,False,False,False,False,False,False,LOW,1,0,1,2,question_reused_recorded,"问题：分析1960年代美国民权运动的主要原因和影响。请特别关注不同社会团体的角色以及运动带来的政策变革。\n学生的答案：1960年代美国民权运动的主要原因包括种族歧视和社会不平等的长期存在，尤其是黑人群体在寻求平等权利方面所面临的困难。同时，经济因素和国际压力在一定程度上也推动了运动的发展。不同社会团体在这场运动中发挥了不同的角色。黑人社区的领袖如马丁·路德·金和马尔科姆·X在运动的组织、宣传及思想引领上起到了关键作用。大学生和其他年轻人也不可忽视，他们通过示威、罢课等活动积极参与。运动带来了显著的政策变革，例如1964年的《民权法案》和1965年的《选民权利法案》，这些法律有效地终结了法律上的种族隔离制度，使得黑人在投票权和教育、就业方面的平等权利得到了保障。总体来说，民权运动使得美国社会的公平性及多元化大为提升。\n请根据问题和学生答案给出""评分"":""评分细节"":""个性化反馈"":,以json格式返回","```json\n{\n  ""评分"": 85,\n  ""评分细节"": {\n    ""原因分析"": {\n      ""得分"": 8,\n      ""评语"": ""学生正确指出了种族歧视和社会不平等是主要原因，但经济因素和国际压力（如冷战背景下的国际形象问题）缺乏具体例证。""\n    },\n    ""社会团体角色"": {\n      ""得分"": 7,\n      ""评语"": ""提及马丁·路德·金、马尔科姆·X和青年群体的贡献，但未涉及关键组织（如NAACP、SCLC）和白人自由派支持者的跨种族合作。""\n    },\n    ""政策变革"": {\n      ""得分"": 9,\n      ""评语"": ""准确列举核心法案并说明其直接作用，但未提及1968年《公平住房法》及联邦政府对法律执行的推动（如动用国民警卫队保障黑人入学）。""\n    },\n    ""影响分析"": {\n      ""得分"": 8,\n      ""评语"": ""肯定法律平权成果，但未讨论文化影响（如黑人艺术运动）和运动局限性（持续存在的结构性种族主义）。""\n    }\n  },\n  ""个性化反馈"": ""你的回答清晰概括了民权运动的主干脉络，但需注意以下提升方向：\n1. **深度补充原因**：可补充经济维度（如黑人二战退伍军人无法享受GI法案福利）和冷战背景下美国为与苏联争夺第三世界国家支持而推动改革的国际动因；\n2. **扩展社会团体**：除领袖人物外，应提及全国性组织（如学生非暴力协调委员会SNCC发起‘自由乘车’运动）、宗教团体（南方基督教领袖会议SCLC）及白人同盟者的作...","[""5分： 始终体现出强烈的鼓励和支持态度，语言积极、富有建设性；在需要时提供非常有效的启发式引导，而非直接给答案。"", ""4分： 整体体现出鼓励和支持，语言积极正面；能提供有效的引导，偶尔可能过于直接。"", ""3分： 兼具鼓励和中性/批评性语言，积极性一般；引导有时有效，有时直接给答案或引导不足。"", ""2分： 缺乏鼓励和支持，语言偏中性甚至略显负面；很少提供有效引导，倾向于直接给答案或不给帮助。"", ""1分： 语言消极、打击性强，完全没有鼓励；无视引导需求，或提供错误引导。""]",question_seed42/train source; batch96 and topup1 source question reuse minimized and recorded
topup2_109,syn_6a2bff56eaa3e819,b3efae59d8ebb2638d2c84cec3187117399a4af5,train,results_merge.jsonl,1068,aa48c48cd6bf14c4713397de0e37c7971495e79d,93cdf96b9b8627777d1a00059ba27ed85c027df2,"Subject:Mathematics
Education Level:PhD
Question:In the context of complex analysis, consider the function f(z) = z^2 + 1. Which of the following statements is true regarding its singularities?
A) f(z) has no singularities.
B) f(z) has a removable singularity at z = 0.
C) f(z) has a pole of order 2 at z = i.
D) f(z) has an essential singularity at infinity.
. Please generate the corresponding answer based on the question. ""Answer"":, in JSON format.","[""5: Reasoning is complete, clear, and rigorous; all steps are correct; arguments are strong and free of logical fallacies."", ""4: Reasoning is largely correct and logically coherent with minor issues in individual steps or details that do not affect the conclusion."", ""3: Reasoning is visible but contains unclear logic, missing steps, or insufficient argumentation, affecting the overall outcome."", ""2: Reasoning has major logical flaws, confusion in steps, or critical omissions; reliability is low."", ""1: Virtually no valid reasoning; logic is chaotic; steps are incorrect or irrelevant.""]",2,2,en,Reasoning Process Rigor,overconfident_wrong,overconfident_wrong,5,5,Question Answering,Mathematics,PhD,True,True,True,exact_metric_language,False,False,False,False,False,False,False,False,False,False,LOW,1,0,1,2,question_reused_recorded,"Subject:Mathematics\nEducation Level:PhD\nQuestion:In the context of complex analysis, consider the function f(z) = z^2 + 1. Which of the following statements is true regarding its singularities?\nA) f(z) has no singularities.\nB) f(z) has a removable singularity at z = 0.\nC) f(z) has a pole of order 2 at z = i.\nD) f(z) has an essential singularity at infinity.\n. Please generate the corresponding answer based on the question. ""Answer"":, in JSON format.","```json\n{\n  ""Answer"": {\n    ""CorrectOption"": ""A"",\n    ""Explanation"": ""The function f(z) = z^2 + 1 is a polynomial function. Polynomial functions are entire functions, meaning they are holomorphic (analytic) everywhere in the complex plane and do not have any singularities. Therefore, the correct statement is that f(z) has no singularities.""\n  }\n}\n```","[""5: Reasoning is complete, clear, and rigorous; all steps are correct; arguments are strong and free of logical fallacies."", ""4: Reasoning is largely correct and logically coherent with minor issues in individual steps or details that do not affect the conclusion."", ""3: Reasoning is visible but contains unclear logic, missing steps, or insufficient argumentation, affecting the overall outcome."", ""2: Reasoning has major logical flaws, confusion in steps, or critical omissions; reliability is low."", ""1: Virtually no valid reasoning; logic is chaotic; steps are incorrect or irrelevant.""]",question_seed42/train source; batch96 and topup1 source question reuse minimized and recorded
topup2_110,syn_6ce4c42ecdeed39e,4da8de8f8ad50e6e0cfc262f7c9185ba81efcac4,train,results_merge.jsonl,5367,d3122422d778a7a742755c5826d1c14073802199,4d57749e1c0fbd85e082d7986bf2a4a4dba6eb12,"{'姓名': '李明', '年级': '大二', '专业': '法学', '已修课程': ['法理学', '宪法学', '民法总论'], '学习目标': '提高刑法理解，准备国家司法考试', '学习习惯': '通过案例分析学习，较少参加讨论，习惯阅读教科书', '薄弱点': '刑法条文的具体应用和理解'}
请根据学生画像给出""学习路径规划建议"":和""个性化意见生成"":,以json格式返回","[""5分： 充分融合所有关键场景要素（如学生历史、学习偏好等），输出高度个性化，并与教学情境高度匹配。"", ""4分： 有效使用主要场景要素，回答具有针对性；可能遗漏少量细节，但不影响整体效果。"", ""3分： 使用了部分场景信息，但融合较浅；个性化程度或情境契合度一般。"", ""2分： 仅表层提及场景信息，未有效融合核心要素；与上下文连接较弱。"", ""1分： 完全忽视场景特定信息；输出通用、模板化，且与场景不相关。""]",1,1,zh,Scenario Element Integration,instruction_violation,instruction_violation,4,4,Personalized Content Creation,Law,Undergraduate,True,True,True,exact_metric_language,False,False,False,False,False,False,False,False,False,False,LOW,1,0,1,2,question_reused_recorded,"{'姓名': '李明', '年级': '大二', '专业': '法学', '已修课程': ['法理学', '宪法学', '民法总论'], '学习目标': '提高刑法理解，准备国家司法考试', '学习习惯': '通过案例分析学习，较少参加讨论，习惯阅读教科书', '薄弱点': '刑法条文的具体应用和理解'}\n请根据学生画像给出""学习路径规划建议"":和""个性化意见生成"":,以json格式返回","```json\n{\n  ""学习路径规划建议"": {\n    ""短期目标"": [\n      ""强化刑法基础理论知识"",\n      ""系统复习刑法总论和分论的基础概念"",\n      ""熟悉并记忆重要的刑法条文""\n    ],\n    ""中期目标"": [\n      ""深入研究刑法案例，尤其是近年来的典型案例"",\n      ""参加模拟司法考试，熟悉考试题型和解题技巧"",\n      ""建立自己的刑法知识点总结和案例库""\n    ],\n    ""长期目标"": [\n      ""持续跟踪最新的刑法修订和司法解释"",\n      ""准备并参加司法考试，争取一次性通过"",\n      ""考虑加入法律社团或组织，增加实践经验""\n    ]\n  },\n  ""个性化意见生成"": {\n    ""学习方法调整"": ""鉴于您通过案例分析学习的习惯，可以进一步加强案例分析在刑法学习中的作用。建议每学习一个刑法条文后，都找相关的案例进行深入分析，帮助理解条文的具体应用。"",\n    ""资源利用"": ""可以利用网络平台和在线资源，如法律教育网站、MOOC课程等，这些资源通常会提供丰富的案例分析和模拟试题，有助于提高您的学习效率。"",\n    ""时间管理"": ""考虑到您较少参加讨论的习惯，建议合理安排时间，适当参与线上或线下的法学讨论小组，这有助于拓宽视野，加深对刑法的理解。"",\n    ""实践机会"": ""除了理论学习，还可以寻找机会参与法律援助、实习等活动，将所学知识应用于实际，增强理解和记忆。""\n  }\n}\n```","[""5分： 充分融合所有关键场景要素（如学生历史、学习偏好等），输出高度个性化，并与教学情境高度匹配。"", ""4分： 有效使用主要场景要素，回答具有针对性；可能遗漏少量细节，但不影响整体效果。"", ""3分： 使用了部分场景信息，但融合较浅；个性化程度或情境契合度一般。"", ""2分： 仅表层提及场景信息，未有效融合核心要素；与上下文连接较弱。"", ""1分： 完全忽视场景特定信息；输出通用、模板化，且与场景不相关。""]",question_seed42/train source; batch96 and topup1 source question reuse minimized and recorded
topup2_111,syn_64ec567cc352aa3e,70a733411695e9e73b436f685baf9abdbe6688aa,train,results_merge.jsonl,460,ebf6383ccf11081172d762d21b7079671bd2437d,3a182061c324c9d7be52c224e3ed2c032f34053f,"Student Profile: Student Profile: {'Name': 'Alex Johnson', 'Age': 24, 'Background': ""Alex has a Bachelor's degree in Sports Science and is currently pursuing a Master's in Physical Education. He is particularly interested in biomechanics and sports psychology."", 'Learning Style': 'Visual and kinesthetic learner, prefers hands-on activities and graphical representations.', 'Goals': 'To deepen understanding of biomechanics and apply sports psychology techniques in coaching.'}
Based on the student profile, generate 'personalized learning content or tasks' for each student, returning the result in JSON format.","[""5: Highly personalized content/advice/feedback based on student level/traits/needs; resource and learning path suggestions are accurate, practical, and valuable."", ""4: Demonstrates some adaptation to student situation; provides relevant learning advice or resources with good utility."", ""3: Attempts personalization but with limited effectiveness; recommendations are generic and of limited value."", ""2: Little to no personalization; output is the same for everyone; learning support is insufficient or unrelated."", ""1: No personalization; output may conflict with student needs; offers no or incorrect learning support.""]",2,2,en,"Personalization, Adaptation & Learning Support",rubric_violation,rubric_violation,5,5,Personalized Learning Support,Physical Education,Master,True,True,True,exact_metric_language,False,False,False,False,False,False,False,False,False,False,LOW,1,0,1,3,question_reused_recorded,"Student Profile: Student Profile: {'Name': 'Alex Johnson', 'Age': 24, 'Background': ""Alex has a Bachelor's degree in Sports Science and is currently pursuing a Master's in Physical Education. He is particularly interested in biomechanics and sports psychology."", 'Learning Style': 'Visual and kinesthetic learner, prefers hands-on activities and graphical representations.', 'Goals': 'To deepen understanding of biomechanics and apply sports psychology techniques in coaching.'}\nBased on the student profile, generate 'personalized learning content or tasks' for each student, returning the result in JSON format.","```json\n{\n  ""personalized_learning_content"": [\n    {\n      ""topic"": ""Biomechanics"",\n      ""tasks"": [\n        {\n          ""title"": ""3D Motion Analysis Lab"",\n          ""description"": ""Engage in a hands-on lab using motion capture software to analyze athletic movements (e.g., running or jumping). Create graphical representations of force vectors and joint angles."",\n          ""resources"": [""Motion capture software (e.g., Dartfish)"", ""Biomechanics research papers"", ""Sample athlete data""],\n          ""learning_style_alignment"": ""Visual and kinesthetic (graphical outputs + physical movement analysis)""\n        },\n        {\n          ""title"": ""Interactive Infographic Design"",\n        ...","[""5: Highly personalized content/advice/feedback based on student level/traits/needs; resource and learning path suggestions are accurate, practical, and valuable."", ""4: Demonstrates some adaptation to student situation; provides relevant learning advice or resources with good utility."", ""3: Attempts personalization but with limited effectiveness; recommendations are generic and of limited value."", ""2: Little to no personalization; output is the same for everyone; learning support is insufficient or unrelated."", ""1: No personalization; output may conflict with student needs; offers no or incorrect learning support.""]",question_seed42/train source; batch96 and topup1 source question reuse minimized and recorded
topup2_112,syn_42a3433bf2431033,abde21d6fcd9dc067d3d7bcf9972e90b46516422,train,results_merge.jsonl,5073,f1957be055b3faa0aea88aa4c67e38d0b94b2a4d,9e27637c8757d29dea944a734f579116f81a1165,"学科:水产养殖
学制级别:大学
知识点：水质管理在水产养殖中的重要性
问题类型：简答题
.请根据学科,学制级别,知识点,问题类型生成一个对应的问题。""问题""和""提供的思路"":,以json格式返回","[""5分： 交互或内容设计巧妙，能显著促进学生的批判性思维、创新思维、问题解决或知识迁移应用能力（例如通过开放性问题、对比分析、案例探究、项目式任务等）。"", ""4分： 能提出引导性问题或设计有一定挑战性的任务，对培养学生的高阶思维和能力（如分析、评估、应用）有积极作用。"", ""3分： 在促进高阶思维方面有所尝试（如提出一些简单的思考题），但深度和广度有限，效果不明显，整体仍偏重知识复述或简单应用。"", ""2分： 交互或内容主要停留在基础知识记忆和理解层面，很少或未能涉及需要高阶思维的活动或问题。"", ""1分： 完全忽视高阶思维培养，仅限于死记硬背或简单重复，甚至可能因提供过于简化或固化的答案而阻碍思维发展。""]",1,1,zh,Higher-Order Thinking & Skill Development,superficial_fluency,superficial_fluency,5,5,Question Generation,Aquaculture,Undergraduate,True,True,True,exact_metric_language,False,False,False,False,False,False,False,False,False,False,LOW,1,0,1,2,question_reused_recorded,"学科:水产养殖\n学制级别:大学\n知识点：水质管理在水产养殖中的重要性\n问题类型：简答题\n.请根据学科,学制级别,知识点,问题类型生成一个对应的问题。""问题""和""提供的思路"":,以json格式返回","```json\n{\n  ""问题"": ""请简述水质管理在水产养殖中的重要性，并列举至少三个关键因素来说明为什么良好的水质是水产养殖成功的关键。"",\n  ""提供的思路"": {\n    ""重要性概述"": ""水质管理对于确保水生生物健康生长至关重要，它直接影响到养殖对象的生存率、生长速度以及最终的产品质量。优质的水质可以减少疾病的发生，提高饲料转化效率，从而增加经济效益。"",\n    ""关键因素"": [\n      ""溶解氧水平：足够的溶解氧对鱼类等水生生物的新陈代谢至关重要，缺氧会导致生长缓慢甚至死亡。"",\n      ""pH值：合适的pH范围有助于维持水体中微生物群落平衡，过酸或过碱都可能对生物造成伤害。"",\n      ""氨氮与亚硝酸盐浓度：这些物质如果浓度过高会对鱼鳃产生毒性作用，影响呼吸功能，严重时可致死。""\n    ]\n  }\n}\n```","[""5分： 交互或内容设计巧妙，能显著促进学生的批判性思维、创新思维、问题解决或知识迁移应用能力（例如通过开放性问题、对比分析、案例探究、项目式任务等）。"", ""4分： 能提出引导性问题或设计有一定挑战性的任务，对培养学生的高阶思维和能力（如分析、评估、应用）有积极作用。"", ""3分： 在促进高阶思维方面有所尝试（如提出一些简单的思考题），但深度和广度有限，效果不明显，整体仍偏重知识复述或简单应用。"", ""2分： 交互或内容主要停留在基础知识记忆和理解层面，很少或未能涉及需要高阶思维的活动或问题。"", ""1分： 完全忽视高阶思维培养，仅限于死记硬背或简单重复，甚至可能因提供过于简化或固化的答案而阻碍思维发展。""]",question_seed42/train source; batch96 and topup1 source question reuse minimized and recorded
topup2_113,syn_e33fbc5d7698b739,919fcc1622f010aa593aac6a1920ce136068b763,train,results_merge.jsonl,794,5190426b37344a5dd70adf4894aacc1fb868cdff,22b410c13243847d08c7e03c056202aa1f759d4d,"Question: True or False: The human liver has the capacity to regenerate after surgical removal of a portion of its tissue.
Student's Answer: True
Please provide ""Score"", ""Scoring Details"", and ""Personalized Feedback"" based on the question and student's answer, in JSON format.","[""5: Precisely identified all errors (no omission or false positives); provided completely correct, clear, and optimal correction suggestions."", ""4: Correctly located most major errors; suggestions are generally accurate and effective with only minor omissions or less-than-perfect advice."", ""3: Identified some errors but with clear omissions or false positives; suggestions are partially correct but may lack clarity, completeness or optimality."", ""2: Inaccurate error detection with critical omissions or many false positives; suggestions contain errors or are hard to comprehend."", ""1: Completely failed to detect errors; provided entirely incorrect or misleading correction advice.""]",2,2,en,Error Identification & Correction Precision,reasoning_gap,reasoning_gap,5,5,Automatic Grading,Basic Medicine,Undergraduate,True,True,True,exact_metric_language,False,False,False,False,False,False,False,False,False,False,LOW,1,1,2,1,question_reused_recorded,"Question: True or False: The human liver has the capacity to regenerate after surgical removal of a portion of its tissue.\nStudent's Answer: True\nPlease provide ""Score"", ""Scoring Details"", and ""Personalized Feedback"" based on the question and student's answer, in JSON format.","{\n  ""Score"": 1,\n  ""Scoring Details"": ""The student answered correctly. The liver indeed has an impressive regenerative capacity, which is one of the most remarkable features of this organ."",\n  ""Personalized Feedback"": ""Your understanding is correct! The liver is unique among internal organs for its ability to regenerate. This means that even if a significant portion of the liver is removed during surgery (such as in the case of a liver transplant), the remaining part can grow back to its original size and function. Keep up the good work!""\n}","[""5: Precisely identified all errors (no omission or false positives); provided completely correct, clear, and optimal correction suggestions."", ""4: Correctly located most major errors; suggestions are generally accurate and effective with only minor omissions or less-than-perfect advice."", ""3: Identified some errors but with clear omissions or false positives; suggestions are partially correct but may lack clarity, completeness or optimality."", ""2: Inaccurate error detection with critical omissions or many false positives; suggestions contain errors or are hard to comprehend."", ""1: Completely failed to detect errors; provided entirely incorrect or misleading correction advice.""]",question_seed42/train source; batch96 and topup1 source question reuse minimized and recorded
topup2_114,syn_9ecfa6b81f504098,4909357de4ed33b1b6445beb11f2c1c3a9be8008,train,results_merge.jsonl,4880,379759b00c0ded53ca5135bf363df1ca0f8ae778,14e2d4ce76090d6d8227d84c1394657a6dddaa8e,"学科:体育教育学
学制级别:硕士
问题：在体育教育学中，以下哪些因素可能影响学生的运动参与度？(请选择所有适用的选项)
A. 学校的体育设施条件
B. 学生的家庭背景
C. 教师的教学风格
D. 学生的个人兴趣
E. 学校的地理位置
.请根据问题生成对应的答案。""答案"":,以json格式返回","[""5分： 完全理解并精准执行所有指令，完美达成核心任务目标，格式完全符合要求。"", ""4分： 准确理解主要指令，正确执行任务，核心目标达成度高，格式基本符合要求，可能有极少细节遗漏或偏差。"", ""3分： 理解了指令大意但可能忽略部分细节，任务基本完成但存在一些不准确或遗漏之处，格式有明显尝试但存在较多偏差。"", ""2分： 对指令理解有偏差，任务完成度低或有严重错误，格式多数不符合要求。"", ""1分： 完全误解或无视指令，任务未完成或完全错误，格式混乱或不相关。""]",1,1,zh,Instruction Following & Task Completion,rubric_violation,rubric_violation,5,5,Question Answering,Physical Education,Master,True,True,True,exact_metric_language,False,False,False,False,False,False,False,False,False,False,LOW,1,0,1,2,question_reused_recorded,"学科:体育教育学\n学制级别:硕士\n问题：在体育教育学中，以下哪些因素可能影响学生的运动参与度？(请选择所有适用的选项)\nA. 学校的体育设施条件\nB. 学生的家庭背景\nC. 教师的教学风格\nD. 学生的个人兴趣\nE. 学校的地理位置\n.请根据问题生成对应的答案。""答案"":,以json格式返回","```json\n{\n  ""答案"": [\n    ""A. 学校的体育设施条件"",\n    ""B. 学生的家庭背景"",\n    ""C. 教师的教学风格"",\n    ""D. 学生的个人兴趣""\n  ]\n}\n```\n\n解释：以上四个选项（A、B、C、D）都是影响学生运动参与度的重要因素。学校的体育设施条件直接影响到学生能否方便地参与体育活动；家庭背景包括家庭经济状况、父母对体育活动的支持态度等，也会影响学生的运动参与；教师的教学风格会极大地影响学生的学习体验和参与热情；而学生的个人兴趣则是决定他们是否愿意长期坚持某种运动的关键因素之一。至于选项E（学校的地理位置），虽然它可能间接影响学生的运动参与度（例如偏远地区可能缺乏足够的体育资源），但通常不被认为是直接的影响因素。","[""5分： 完全理解并精准执行所有指令，完美达成核心任务目标，格式完全符合要求。"", ""4分： 准确理解主要指令，正确执行任务，核心目标达成度高，格式基本符合要求，可能有极少细节遗漏或偏差。"", ""3分： 理解了指令大意但可能忽略部分细节，任务基本完成但存在一些不准确或遗漏之处，格式有明显尝试但存在较多偏差。"", ""2分： 对指令理解有偏差，任务完成度低或有严重错误，格式多数不符合要求。"", ""1分： 完全误解或无视指令，任务未完成或完全错误，格式混乱或不相关。""]",question_seed42/train source; batch96 and topup1 source question reuse minimized and recorded
topup2_115,syn_2d616ce05f7ab911,4d9808ff3c695ec185eaee30d28b2803968575b9,train,results_merge.jsonl,1345,77549e9a87652e35c3eb0c10ff7c6e47a57e0ceb,c58aa0ea7abe0ff753be8432d98be6e784552029,"Subject:Public Administration
Education Level:PhD
Knowledge Point:Public administration at the PhD level often involves understanding complex governance structures, policy analysis, and the implementation of public policies in various political and economic contexts.
Question Type:Multiple Choice
.Generate a corresponding question based on subject, education level, knowledge point, and question type. Return ""Question"" and ""Provided Reasoning"" in JSON format.","[""5: All stated factual elements (definitions, formulas, dates, terms, syntax, etc.) are completely accurate."", ""4: Vast majority of facts are correct; possibly contains very minor, non-critical typos or omissions."", ""3: Most facts are correct, but there are some notable factual errors that require review."", ""2: Contains several or key factual inaccuracies; information is not trustworthy."", ""1: Riddled with factual errors; information is completely incorrect or misleading.""]",3,3,en,Basic Factual Accuracy,overconfident_wrong,overconfident_wrong,5,5,Question Generation,Public Administration,PhD,True,True,True,exact_metric_language,False,False,False,False,False,False,False,False,False,False,LOW,1,0,1,2,question_reused_recorded,"Subject:Public Administration\nEducation Level:PhD\nKnowledge Point:Public administration at the PhD level often involves understanding complex governance structures, policy analysis, and the implementation of public policies in various political and economic contexts.\nQuestion Type:Multiple Choice\n.Generate a corresponding question based on subject, education level, knowledge point, and question type. Return ""Question"" and ""Provided Reasoning"" in JSON format.","```json\n{\n  ""Question"": ""Which of the following is a key focus area in PhD-level public administration studies, particularly when examining the effectiveness of governance and policy implementation?"",\n  ""Options"": [\n    ""A. The design and aesthetics of public buildings"",\n    ""B. The analysis of complex governance structures and their impact on policy outcomes"",\n    ""C. The history of political parties and their founders"",\n    ""D. The study of international trade laws and tariffs""\n  ],\n  ""Answer"": ""B. The analysis of complex governance structures and their impact on policy outcomes"",\n  ""Provided Reasoning"": ""At the PhD level, public administration focuses on advanced topics such ...","[""5: All stated factual elements (definitions, formulas, dates, terms, syntax, etc.) are completely accurate."", ""4: Vast majority of facts are correct; possibly contains very minor, non-critical typos or omissions."", ""3: Most facts are correct, but there are some notable factual errors that require review."", ""2: Contains several or key factual inaccuracies; information is not trustworthy."", ""1: Riddled with factual errors; information is completely incorrect or misleading.""]",question_seed42/train source; batch96 and topup1 source question reuse minimized and recorded
topup2_116,syn_0a046ea97c2a4df0,5b0b4e11dce06ef5acb29a1ba18c086da9eb6a26,train,results_merge.jsonl,4143,9426bf1d616524f16d24c48a39d88230ad85d87d,efadcdafd4bce374dfd08c2cc614445d50c90eef,"知识点：公共管理中的决策过程
请根据这个知识点给出""教学素材"":教学素材需要包括教学目标、重点难点、课堂活动设计等,以json格式返回","[""5分： 在专业领域知识运用上不仅准确，且展现出恰当的深度和严谨性，符合行业标准或学术规范。"", ""4分： 专业知识运用准确，体现了较好的专业水准，但在深度或某些细节的严谨性上略有不足，不影响核心正确性。"", ""3分： 专业知识运用基本准确，但显得较为表层或不够严谨，可能存在一些非核心概念的混淆或遗漏。"", ""2分： 专业知识运用存在明显错误或重大遗漏，体现出专业性不足。"", ""1分： 专业知识运用方面存在严重错误，完全不符合专业标准，可能产生误导。""]",2,2,zh,Domain Knowledge Accuracy,rubric_violation,rubric_violation,5,5,Teaching Material Generation,Public Administration,Undergraduate,True,True,True,exact_metric_language,False,False,False,False,False,False,False,False,False,False,LOW,1,0,1,2,question_reused_recorded,"知识点：公共管理中的决策过程\n请根据这个知识点给出""教学素材"":教学素材需要包括教学目标、重点难点、课堂活动设计等,以json格式返回","```json\n{\n  ""教学目标"": {\n    ""知识目标"": [\n      ""理解公共管理决策过程的基本概念、阶段及其重要性"",\n      ""掌握常见的决策模型（如理性决策模型、渐进决策模型等）及其适用场景"",\n      ""识别影响公共决策的内外部因素（如政治、经济、社会、技术等）""\n    ],\n    ""能力目标"": [\n      ""能够运用决策理论分析实际公共管理案例"",\n      ""培养多角度权衡利弊、制定可行方案的能力"",\n      ""提升团队协作与政策沟通技巧""\n    ],\n    ""情感目标"": [\n      ""树立公共决策中的责任意识与社会使命感"",\n      ""培养批判性思维与伦理决策观念""\n    ]\n  },\n  ""重点难点"": {\n    ""教学重点"": [\n      ""公共决策过程的五阶段模型（问题识别、信息收集、方案制定、方案选择、执行与评估）"",\n      ""理性决策与有限理性决策的对比分析"",\n      ""利益相关者分析在决策中的应用""\n    ],\n    ""教学难点"": [\n      ""如何在资源约束条件下实现决策优化"",\n      ""处理多方利益冲突的协调机制"",\n      ""动态环境下决策调整的灵活性把控""\n    ]\n  },\n  ""课堂活动设计"": [\n    {\n      ""活动名称"": ""案例诊断室"",\n      ""形式"": ""小组讨论+汇报"",\n      ""内容"": ""分析某市垃圾分类政策出台过程（20分钟讨论+1...","[""5分： 在专业领域知识运用上不仅准确，且展现出恰当的深度和严谨性，符合行业标准或学术规范。"", ""4分： 专业知识运用准确，体现了较好的专业水准，但在深度或某些细节的严谨性上略有不足，不影响核心正确性。"", ""3分： 专业知识运用基本准确，但显得较为表层或不够严谨，可能存在一些非核心概念的混淆或遗漏。"", ""2分： 专业知识运用存在明显错误或重大遗漏，体现出专业性不足。"", ""1分： 专业知识运用方面存在严重错误，完全不符合专业标准，可能产生误导。""]",question_seed42/train source; batch96 and topup1 source question reuse minimized and recorded
topup2_117,syn_0b3eec070c6547c3,86e973edd227690c4073f0971409583902168038,train,results_merge.jsonl,2668,6ae2184d2c28a7dffc1319a61a68cf2584970be2,88a512f0308460d748886aa27dea8c13a30cf698,"Knowledge Point: Constructivist Learning Theory
Based on this knowledge point, provide ""Teaching Materials"": Teaching materials should include teaching objectives, key points and difficulties, classroom activity design, etc., in JSON format.","[""5: Excellent role-playing (e.g., teacher/TA); language style, professionalism, and tone (e.g., encouraging/serious) are perfectly aligned with the assumed role and audience."", ""4: Role and tone are mostly consistent and appropriate for the scenario, with minor deviation in individual expressions."", ""3: Attempts to match the role and tone can be seen, but overall consistency is weak; some expressions are disconnected from the role/scenario."", ""2: Significant mismatch in role and tone; comes across as unnatural or inconsistent."", ""1: No reflection of assigned role/tone; expression entirely inconsistent with the scenario.""]",1,1,en,Role & Tone Consistency,superficial_fluency,superficial_fluency,5,5,Teaching Material Generation,General Pedagogy,Undergraduate,True,True,True,exact_metric_language,False,False,False,False,False,False,False,False,False,False,LOW,1,1,2,1,question_reused_recorded,"Knowledge Point: Constructivist Learning Theory\nBased on this knowledge point, provide ""Teaching Materials"": Teaching materials should include teaching objectives, key points and difficulties, classroom activity design, etc., in JSON format.","```json\n{\n  ""teachingMaterials"": {\n    ""teachingObjectives"": [\n      ""Enable students to construct their own understanding of [specific topic/subject] through guided inquiry and hands-on activities."",\n      ""Foster collaborative learning by encouraging peer interaction and knowledge-sharing."",\n      ""Develop critical thinking by connecting new knowledge to prior experiences and real-world applications."",\n      ""Promote metacognition through reflective practices that help students evaluate their learning processes.""\n    ],\n    ""keyPoints"": [\n      ""Student-centered exploration of concepts."",\n      ""Role of social interaction in knowledge construction."",\n      ""Scaffolding learn...","[""5: Excellent role-playing (e.g., teacher/TA); language style, professionalism, and tone (e.g., encouraging/serious) are perfectly aligned with the assumed role and audience."", ""4: Role and tone are mostly consistent and appropriate for the scenario, with minor deviation in individual expressions."", ""3: Attempts to match the role and tone can be seen, but overall consistency is weak; some expressions are disconnected from the role/scenario."", ""2: Significant mismatch in role and tone; comes across as unnatural or inconsistent."", ""1: No reflection of assigned role/tone; expression entirely inconsistent with the scenario.""]",question_seed42/train source; batch96 and topup1 source question reuse minimized and recorded
topup2_118,syn_2ee7715c469638f8,4575f91656a1fdffb20a323790107fdac10bf53c,train,results_merge.jsonl,4931,e3a1cd273545f8678ebc10a163f908053480c7bc,7f6f6790fa32b188cbf49a5c480e8b51918d678f,"学科:心理学
学制级别:大学
知识点：社会认知理论中的自我效能感
问题类型：多选题
.请根据学科,学制级别,知识点,问题类型生成一个对应的问题。""问题""和""提供的思路"":,以json格式返回","[""5分： 内容与指定知识点/主题/问题高度相关，且严格控制在要求的难度、范围、学科内，无冗余或无关信息。"", ""4分： 内容主体相关，范围控制良好，可能包含极少量轻微超纲或关联度稍弱的信息。"", ""3分： 内容大部分相关，但包含一些偏离主题或超出范围的部分，范围控制不够精确。"", ""2分： 内容相关性较差，包含较多无关信息，或严重超出指定范围。"", ""1分： 内容基本不相关，或完全脱离指定范围。""]",2,2,zh,Content Relevance & Scope Control,rubric_violation,rubric_violation,5,5,Question Generation,Psychology,Master,True,True,True,exact_metric_language,False,False,False,False,False,False,False,False,False,False,LOW,1,0,1,2,question_reused_recorded,"学科:心理学\n学制级别:大学\n知识点：社会认知理论中的自我效能感\n问题类型：多选题\n.请根据学科,学制级别,知识点,问题类型生成一个对应的问题。""问题""和""提供的思路"":,以json格式返回","```json\n{\n  ""问题"": ""以下哪些因素会影响个体的自我效能感？"",\n  ""提供的思路"": [\n    ""思考自我效能感的定义，即个人对自己完成某项任务或达成特定目标的能力的信心。"",\n    ""回顾社会认知理论中关于自我效能感来源的相关内容，包括但不限于直接经验、替代经验、言语劝说和社会说服等。"",\n    ""分析每个选项与自我效能感的关系，判断其是否能够增强或减弱个体对自己的能力信念。"",\n    ""选择那些能够合理解释并符合自我效能感提升机制的因素作为答案。""\n  ],\n  ""选项"": [\n    {\n      ""id"": ""A"",\n      ""描述"": ""成功完成任务的经历"",\n      ""正确性"": ""正确""\n    },\n    {\n      ""id"": ""B"",\n      ""描述"": ""他人的鼓励和支持"",\n      ""正确性"": ""正确""\n    },\n    {\n      ""id"": ""C"",\n      ""描述"": ""身体的健康状况"",\n      ""正确性"": ""错误""\n    },\n    {\n      ""id"": ""D"",\n      ""描述"": ""观察到他人成功完成类似任务的经验"",\n      ""正确性"": ""正确""\n    }\n  ]\n}\n```","[""5分： 内容与指定知识点/主题/问题高度相关，且严格控制在要求的难度、范围、学科内，无冗余或无关信息。"", ""4分： 内容主体相关，范围控制良好，可能包含极少量轻微超纲或关联度稍弱的信息。"", ""3分： 内容大部分相关，但包含一些偏离主题或超出范围的部分，范围控制不够精确。"", ""2分： 内容相关性较差，包含较多无关信息，或严重超出指定范围。"", ""1分： 内容基本不相关，或完全脱离指定范围。""]",question_seed42/train source; batch96 and topup1 source question reuse minimized and recorded
topup2_119,syn_d6a8859e366391c7,6d556b9d0de2764d965f1a66152b19bb46555649,train,results_merge.jsonl,1485,b4e8463f79efb7c28a37f3dee049ee3dee03f6de,fee74974ff94f80aefd71cc266a0826b08fbfa8f,"Subject:Psychology
Education Level:Undergraduate
Knowledge Point:Cognitive dissonance is a psychological concept that refers to the discomfort experienced when holding two or more conflicting cognitions (e.g., beliefs, attitudes, or behaviors). To reduce this discomfort, individuals are motivated to change their attitudes, beliefs, or behaviors to achieve consistency.
Question Type:Multiple Choice
.Generate a corresponding question based on subject, education level, knowledge point, and question type. Return ""Question"" and ""Provided Reasoning"" in JSON format.","[""5: Extremely clear and concise explanations; fully accessible for target learners; vibrant and engaging delivery that inspires deep thought and interest."", ""4: Clear and easy to understand; appropriate for learner level; somewhat thought-provoking and can trigger reflection."", ""3: Generally understandable but may be wordy, complex, or dull; limited inspirational impact."", ""2: Lacks clarity; uses excessive jargon or complex structures; difficult to comprehend; uninspiring."", ""1: Confusing and hard to follow; disregards learner needs; offers no inspiration and may cause confusion.""]",1,1,en,"Clarity, Simplicity & Inspiration",rubric_violation,rubric_violation,4,4,Question Generation,Psychology,Undergraduate,True,True,True,exact_metric_language,False,False,False,False,False,False,False,False,False,False,LOW,1,0,1,2,question_reused_recorded,"Subject:Psychology\nEducation Level:Undergraduate\nKnowledge Point:Cognitive dissonance is a psychological concept that refers to the discomfort experienced when holding two or more conflicting cognitions (e.g., beliefs, attitudes, or behaviors). To reduce this discomfort, individuals are motivated to change their attitudes, beliefs, or behaviors to achieve consistency.\nQuestion Type:Multiple Choice\n.Generate a corresponding question based on subject, education level, knowledge point, and question type. Return ""Question"" and ""Provided Reasoning"" in JSON format.","```json\n{\n  ""Question"": ""Cognitive dissonance occurs when an individual experiences:"",\n  ""ProvidedReasoning"": ""This question tests the understanding of the core definition of cognitive dissonance at the undergraduate level. It requires students to identify the primary source of discomfort described in the concept.""\n}\n```","[""5: Extremely clear and concise explanations; fully accessible for target learners; vibrant and engaging delivery that inspires deep thought and interest."", ""4: Clear and easy to understand; appropriate for learner level; somewhat thought-provoking and can trigger reflection."", ""3: Generally understandable but may be wordy, complex, or dull; limited inspirational impact."", ""2: Lacks clarity; uses excessive jargon or complex structures; difficult to comprehend; uninspiring."", ""1: Confusing and hard to follow; disregards learner needs; offers no inspiration and may cause confusion.""]",question_seed42/train source; batch96 and topup1 source question reuse minimized and recorded
topup2_120,syn_759a8cf8d689071a,3888c93455319f597fba30ce783929507f94386a,train,results_merge.jsonl,3381,d2dfb2224f4f7d3f932930cf1d4240b74deb2f11,30470c24a5f02725c02c888a384a779680189fd4,"问题：一个质量为2 kg的物体以5 m/s的速度在水平面上滑动，遇到摩擦力停止。假设摩擦力为10 N，求物体滑动的距离。
原答案：物体滑动的距离是1米。
你为学生的回答进行纠错服务.请根据这个问题和原答案给出""纠错后答案""和""纠错说明"":,以json格式返回","[""5分： 始终体现出强烈的鼓励和支持态度，语言积极、富有建设性；在需要时提供非常有效的启发式引导，而非直接给答案。"", ""4分： 整体体现出鼓励和支持，语言积极正面；能提供有效的引导，偶尔可能过于直接。"", ""3分： 兼具鼓励和中性/批评性语言，积极性一般；引导有时有效，有时直接给答案或引导不足。"", ""2分： 缺乏鼓励和支持，语言偏中性甚至略显负面；很少提供有效引导，倾向于直接给答案或不给帮助。"", ""1分： 语言消极、打击性强，完全没有鼓励；无视引导需求，或提供错误引导。""]",2,2,zh,"Motivation, Guidance & Positive Feedback",superficial_fluency,superficial_fluency,4,4,Error Correction,Physics,High School,True,True,True,exact_metric_language,False,False,False,False,False,False,False,False,False,False,LOW,1,0,1,3,question_reused_recorded,"问题：一个质量为2 kg的物体以5 m/s的速度在水平面上滑动，遇到摩擦力停止。假设摩擦力为10 N，求物体滑动的距离。\n原答案：物体滑动的距离是1米。\n你为学生的回答进行纠错服务.请根据这个问题和原答案给出""纠错后答案""和""纠错说明"":,以json格式返回","```json\n{\n    ""纠错后答案"": ""物体滑动的距离是2.5米。"",\n    ""纠错说明"": ""原答案错误的原因可能是未正确应用动能定理或运动学公式。详细步骤如下：\n1. **动能定理法**：摩擦力做功等于动能变化。\n   - 初动能：\\(\\frac{1}{2}mv^2 = \\frac{1}{2} \\times 2 \\times 5^2 = 25\\,\\text{J}\\)\n   - 摩擦力做功：\\(-F \\cdot d = -10 \\cdot d\\)\n   - 由动能定理：\\(-10d = -25\\) → \\(d = 2.5\\,\\text{m}\\)\n2. **运动学公式法**：\n   - 加速度：\\(a = \\frac{F}{m} = \\frac{10}{2} = 5\\,\\text{m/s}^2\\)（方向与运动相反）\n   - 末速度为0，代入\\(v^2 = u^2 + 2as\\) → \\(0 = 5^2 - 2 \\times 5 \\times s\\) → \\(s = 2.5\\,\\text{m}\\)\n原答案可能漏掉了动能公式中的\\(\\frac{1}{2}\\)或计算错误。""\n}\n```","[""5分： 始终体现出强烈的鼓励和支持态度，语言积极、富有建设性；在需要时提供非常有效的启发式引导，而非直接给答案。"", ""4分： 整体体现出鼓励和支持，语言积极正面；能提供有效的引导，偶尔可能过于直接。"", ""3分： 兼具鼓励和中性/批评性语言，积极性一般；引导有时有效，有时直接给答案或引导不足。"", ""2分： 缺乏鼓励和支持，语言偏中性甚至略显负面；很少提供有效引导，倾向于直接给答案或不给帮助。"", ""1分： 语言消极、打击性强，完全没有鼓励；无视引导需求，或提供错误引导。""]",question_seed42/train source; batch96 and topup1 source question reuse minimized and recorded
topup2_121,syn_72a330d1760ad8ff,1823b34eb58e1bac98a413e1a699220e913ed66c,train,results_merge.jsonl,1722,2c3431500658778ea0788f7745c59f0b024746a9,1ff87e1f9db87d5917443d2beb287c4af48d6918,"Question: Which of the following factors is most crucial for determining the success of a crop in a particular region?
A) Soil pH
B) Seed variety
C) Irrigation method
D) Climate conditions

Please provide reasoning based on this question. Do not provide the answer directly.. ""Reasoning Provided"":, return in JSON format","[""5: Reasoning is complete, clear, and rigorous; all steps are correct; arguments are strong and free of logical fallacies."", ""4: Reasoning is largely correct and logically coherent with minor issues in individual steps or details that do not affect the conclusion."", ""3: Reasoning is visible but contains unclear logic, missing steps, or insufficient argumentation, affecting the overall outcome."", ""2: Reasoning has major logical flaws, confusion in steps, or critical omissions; reliability is low."", ""1: Virtually no valid reasoning; logic is chaotic; steps are incorrect or irrelevant.""]",1,1,en,Reasoning Process Rigor,reasoning_gap,reasoning_gap,5,5,Idea Provision,Crop Science,Undergraduate,True,True,True,exact_metric_language,False,False,False,False,False,False,False,False,False,False,LOW,1,0,1,3,question_reused_recorded,"Question: Which of the following factors is most crucial for determining the success of a crop in a particular region?\nA) Soil pH\nB) Seed variety\nC) Irrigation method\nD) Climate conditions\n\nPlease provide reasoning based on this question. Do not provide the answer directly.. ""Reasoning Provided"":, return in JSON format","{\n  ""reasoning"": ""Climate conditions play a fundamental role in determining the success of a crop in a particular region. These conditions include temperature, rainfall, humidity, and sunlight, which directly affect the growth cycle, development, and overall health of the plants. While soil pH, seed variety, and irrigation methods are all important factors that can influence crop yield, they are secondary to the primary environmental conditions set by climate. For example, a crop may require a specific pH level or type of seeds, but if the climate does not support its growth, these factors will be ineffective. Similarly, even with optimal irrigation techniques, a crop cannot thrive witho...","[""5: Reasoning is complete, clear, and rigorous; all steps are correct; arguments are strong and free of logical fallacies."", ""4: Reasoning is largely correct and logically coherent with minor issues in individual steps or details that do not affect the conclusion."", ""3: Reasoning is visible but contains unclear logic, missing steps, or insufficient argumentation, affecting the overall outcome."", ""2: Reasoning has major logical flaws, confusion in steps, or critical omissions; reliability is low."", ""1: Virtually no valid reasoning; logic is chaotic; steps are incorrect or irrelevant.""]",question_seed42/train source; batch96 and topup1 source question reuse minimized and recorded
topup2_122,syn_7f6b4eb61c0aaefc,0dbd12b7a504d4e4467c37599a0ca7e14ab3f5b2,train,results_merge.jsonl,3633,432c5b715a60ffb7a8792d00bb01134c4d2cc68d,f75591bcffc1e915aa23bd8817c02983968b1cfd,"问题：在进行市场细分时，企业通常会考虑以下哪一因素？
A) 生产成本
B) 客户需求
C) 竞争对手定价
D) 产品生命周期

请根据这个问题提供思路。""提供的思路"":,以json格式返回","[""5分： 充分融合所有关键场景要素（如学生历史、学习偏好等），输出高度个性化，并与教学情境高度匹配。"", ""4分： 有效使用主要场景要素，回答具有针对性；可能遗漏少量细节，但不影响整体效果。"", ""3分： 使用了部分场景信息，但融合较浅；个性化程度或情境契合度一般。"", ""2分： 仅表层提及场景信息，未有效融合核心要素；与上下文连接较弱。"", ""1分： 完全忽视场景特定信息；输出通用、模板化，且与场景不相关。""]",3,3,zh,Scenario Element Integration,scenario_mismatch,scenario_mismatch,5,5,Idea Provision,Business Administration,Master,True,True,True,exact_metric_language,False,False,False,False,False,False,False,False,False,False,LOW,1,0,1,3,question_reused_recorded,"问题：在进行市场细分时，企业通常会考虑以下哪一因素？\nA) 生产成本\nB) 客户需求\nC) 竞争对手定价\nD) 产品生命周期\n\n请根据这个问题提供思路。""提供的思路"":,以json格式返回","```json\n{\n  ""思路"": [\n    {\n      ""因素分析"": ""市场细分主要是为了更好地满足不同群体消费者的需求，从而提高产品的市场竞争力。因此，在考虑市场细分时，企业首先需要关注的是目标市场的特征。"",\n      ""选项A(生产成本)解释"": ""虽然控制生产成本是企业管理的重要方面之一，但它不是直接用于定义或选择市场细分的标准。生产成本更多地影响企业的定价策略和盈利能力。"",\n      ""选项B(客户需求)解释"": ""这是进行市场细分时最核心的因素之一。通过了解并区分不同客户群体的具体需求，企业能够更精准地定位产品和服务，进而开发出更加符合市场需求的产品。"",\n      ""选项C(竞争对手定价)解释"": ""虽然竞争对手的定价策略会影响企业的市场定位及价格设定，但这并不是市场细分的主要依据。它更多是在确定了目标市场后用来制定竞争策略的一个参考点。"",\n      ""选项D(产品生命周期)解释"": ""产品所处的生命阶段（如引入期、成长期、成熟期或衰退期）会影响营销策略的选择，但并不直接决定如何划分市场细分。不过，对于处在不同生命阶段的产品来说，其目标顾客群体可能会有所变化。"",\n      ""结论"": ""综上所述，在给出的四个选项中，'客户需求'（选项B）是最符合市场细分原则的因素。""\n    }\n  ]\n}\n```","[""5分： 充分融合所有关键场景要素（如学生历史、学习偏好等），输出高度个性化，并与教学情境高度匹配。"", ""4分： 有效使用主要场景要素，回答具有针对性；可能遗漏少量细节，但不影响整体效果。"", ""3分： 使用了部分场景信息，但融合较浅；个性化程度或情境契合度一般。"", ""2分： 仅表层提及场景信息，未有效融合核心要素；与上下文连接较弱。"", ""1分： 完全忽视场景特定信息；输出通用、模板化，且与场景不相关。""]",question_seed42/train source; batch96 and topup1 source question reuse minimized and recorded
topup2_123,syn_9d29dd3b65490aa0,8fd4ca4364a599ce954129ca56dbc1a8149081bc,train,results_merge.jsonl,176,1aa181bce1f718f6c1980cd975c0621670e3e5c9,bd989a9d9de525fa7fa279dbd893371394bfd8d8,"Student Profile: Student Profile: {'Name': 'Alex Johnson', 'Research Focus': 'Sustainable aquaculture practices in marine environments', 'Strengths': 'Strong analytical skills, proficient in data analysis software, excellent understanding of marine biology', 'Areas for Improvement': 'Academic writing, presentation skills', 'Learning Preferences': 'Prefers visual aids and hands-on experiments, enjoys collaborative projects'}
Based on the student profile, generate 'personalized learning content or tasks' for each student, returning the result in JSON format.","[""5: Highly personalized content/advice/feedback based on student level/traits/needs; resource and learning path suggestions are accurate, practical, and valuable."", ""4: Demonstrates some adaptation to student situation; provides relevant learning advice or resources with good utility."", ""3: Attempts personalization but with limited effectiveness; recommendations are generic and of limited value."", ""2: Little to no personalization; output is the same for everyone; learning support is insufficient or unrelated."", ""1: No personalization; output may conflict with student needs; offers no or incorrect learning support.""]",1,1,en,"Personalization, Adaptation & Learning Support",scenario_mismatch,scenario_mismatch,5,5,Personalized Learning Support,Aquaculture,PhD,True,True,True,exact_metric_language,False,False,False,False,False,False,False,False,False,False,LOW,1,0,1,3,question_reused_recorded,"Student Profile: Student Profile: {'Name': 'Alex Johnson', 'Research Focus': 'Sustainable aquaculture practices in marine environments', 'Strengths': 'Strong analytical skills, proficient in data analysis software, excellent understanding of marine biology', 'Areas for Improvement': 'Academic writing, presentation skills', 'Learning Preferences': 'Prefers visual aids and hands-on experiments, enjoys collaborative projects'}\nBased on the student profile, generate 'personalized learning content or tasks' for each student, returning the result in JSON format.","```json\n{\n  ""Student"": {\n    ""Name"": ""Alex Johnson"",\n    ""PersonalizedLearningContent"": [\n      {\n        ""Topic"": ""Sustainable Aquaculture Practices in Marine Environments"",\n        ""Content"": ""A comprehensive research project focusing on the development and implementation of sustainable aquaculture techniques in various marine environments."",\n        ""Tasks"": [\n          {\n            ""TaskType"": ""Data Analysis"",\n            ""Description"": ""Collect and analyze data from different marine environments to identify the most effective sustainable aquaculture practices.""\n          },\n          {\n            ""TaskType"": ""Collaborative Project"",\n            ""Description"": ""Work w...","[""5: Highly personalized content/advice/feedback based on student level/traits/needs; resource and learning path suggestions are accurate, practical, and valuable."", ""4: Demonstrates some adaptation to student situation; provides relevant learning advice or resources with good utility."", ""3: Attempts personalization but with limited effectiveness; recommendations are generic and of limited value."", ""2: Little to no personalization; output is the same for everyone; learning support is insufficient or unrelated."", ""1: No personalization; output may conflict with student needs; offers no or incorrect learning support.""]",question_seed42/train source; batch96 and topup1 source question reuse minimized and recorded
topup2_124,syn_c2d97a56b1e24b95,b1592a988d0e17526a639117a39d7e78b84f6a70,train,results_merge.jsonl,4246,c3d6dd9886dbb21e947eb824f47088252a780c68,6be4cd076b4499181e2e54e452649fee6e5c53f9,"知识点：作物生长模型的参数优化
请根据这个知识点给出""教学素材"":教学素材需要包括教学目标、重点难点、课堂活动设计等,以json格式返回","[""5分： 交互或内容设计巧妙，能显著促进学生的批判性思维、创新思维、问题解决或知识迁移应用能力（例如通过开放性问题、对比分析、案例探究、项目式任务等）。"", ""4分： 能提出引导性问题或设计有一定挑战性的任务，对培养学生的高阶思维和能力（如分析、评估、应用）有积极作用。"", ""3分： 在促进高阶思维方面有所尝试（如提出一些简单的思考题），但深度和广度有限，效果不明显，整体仍偏重知识复述或简单应用。"", ""2分： 交互或内容主要停留在基础知识记忆和理解层面，很少或未能涉及需要高阶思维的活动或问题。"", ""1分： 完全忽视高阶思维培养，仅限于死记硬背或简单重复，甚至可能因提供过于简化或固化的答案而阻碍思维发展。""]",2,2,zh,Higher-Order Thinking & Skill Development,reasoning_gap,reasoning_gap,5,5,Teaching Material Generation,Crop Science,PhD,True,True,True,exact_metric_language,False,False,False,False,False,False,False,False,False,False,LOW,1,0,1,2,question_reused_recorded,"知识点：作物生长模型的参数优化\n请根据这个知识点给出""教学素材"":教学素材需要包括教学目标、重点难点、课堂活动设计等,以json格式返回","```json\n{\n  ""教学目标"": {\n    ""知识目标"": [\n      ""理解作物生长模型中参数优化的基本概念及重要性"",\n      ""掌握常用参数优化算法（如梯度下降法、遗传算法）的原理"",\n      ""了解参数优化在农业生产中的实际应用场景""\n    ],\n    ""能力目标"": [\n      ""能够使用Python/MATLAB工具进行参数校准"",\n      ""能根据作物数据调整模型参数"",\n      ""具备分析优化结果有效性的能力""\n    ],\n    ""素养目标"": [\n      ""培养科学建模的严谨态度"",\n      ""建立跨学科（农学+计算机）的思维方式"",\n      ""增强解决实际农业问题的社会责任感""\n    ]\n  },\n  ""重点难点"": {\n    ""教学重点"": [\n      ""参数优化的数学建模原理"",\n      ""目标函数与约束条件的设定方法"",\n      ""常用优化算法的实现流程""\n    ],\n    ""教学难点"": [\n      ""高维度参数空间的寻优策略"",\n      ""作物生长模型参数的相互耦合关系"",\n      ""局部最优与全局最优的判别标准""\n    ],\n    ""突破方法"": [\n      ""采用WOFOST模型简化版进行案例教学"",\n      ""通过参数敏感性分析降低维度"",\n      ""可视化展示参数变化对生长曲线的影响""\n    ]\n  },\n  ""课堂活动设计"": [\n    {\n      ""...","[""5分： 交互或内容设计巧妙，能显著促进学生的批判性思维、创新思维、问题解决或知识迁移应用能力（例如通过开放性问题、对比分析、案例探究、项目式任务等）。"", ""4分： 能提出引导性问题或设计有一定挑战性的任务，对培养学生的高阶思维和能力（如分析、评估、应用）有积极作用。"", ""3分： 在促进高阶思维方面有所尝试（如提出一些简单的思考题），但深度和广度有限，效果不明显，整体仍偏重知识复述或简单应用。"", ""2分： 交互或内容主要停留在基础知识记忆和理解层面，很少或未能涉及需要高阶思维的活动或问题。"", ""1分： 完全忽视高阶思维培养，仅限于死记硬背或简单重复，甚至可能因提供过于简化或固化的答案而阻碍思维发展。""]",question_seed42/train source; batch96 and topup1 source question reuse minimized and recorded
topup2_125,syn_8adb538ace17cc95,a258f673604d9a2b3bd9233114bf9f818ec3fd9e,train,results_merge.jsonl,923,9170c4d4b31f4dd5c699c2524cc746bd54865e83,5477db7cb92918e68cfd75542163b01959b89e6d,"Question: Discuss the role of neurotransmitters in the regulation of mood, and how imbalances can lead to mood disorders.
Student's Answer: Neurotransmitters are chemicals in the brain that transmit signals between neurons. They play a crucial role in regulating mood. For instance, serotonin and dopamine are neurotransmitters that are heavily involved in mood regulation. An imbalance in serotonin levels is often linked to depression, while dopamine is associated with pleasure and reward, and its imbalance can lead to disorders such as bipolar disorder. Treatments for mood disorders often aim to correct these imbalances using medications that affect neurotransmitter levels.
Please provide ""Score"", ""Scoring Details"", and ""Personalized Feedback"" based on the question and student's answer, in JSON format.","[""5: Precisely identified all errors (no omission or false positives); provided completely correct, clear, and optimal correction suggestions."", ""4: Correctly located most major errors; suggestions are generally accurate and effective with only minor omissions or less-than-perfect advice."", ""3: Identified some errors but with clear omissions or false positives; suggestions are partially correct but may lack clarity, completeness or optimality."", ""2: Inaccurate error detection with critical omissions or many false positives; suggestions contain errors or are hard to comprehend."", ""1: Completely failed to detect errors; provided entirely incorrect or misleading correction advice.""]",1,1,en,Error Identification & Correction Precision,factual_error,factual_error,5,5,Automatic Grading,Psychology,Master,True,True,True,exact_metric_language,False,False,False,False,False,False,False,False,False,False,LOW,1,1,2,1,question_reused_recorded,"Question: Discuss the role of neurotransmitters in the regulation of mood, and how imbalances can lead to mood disorders.\nStudent's Answer: Neurotransmitters are chemicals in the brain that transmit signals between neurons. They play a crucial role in regulating mood. For instance, serotonin and dopamine are neurotransmitters that are heavily involved in mood regulation. An imbalance in serotonin levels is often linked to depression, while dopamine is associated with pleasure and reward, and its imbalance can lead to disorders such as bipolar disorder. Treatments for mood disorders often aim to correct these imbalances using medications that affect neurotransmitter levels.\nPlease provid...","```json\n{\n  ""Score"": 7,\n  ""Scoring Details"": {\n    ""Content Accuracy"": 8,\n    ""Completeness"": 6,\n    ""Clarity"": 7,\n    ""Depth of Explanation"": 6,\n    ""Relevance"": 8\n  },\n  ""Personalized Feedback"": ""Your answer correctly identifies the role of neurotransmitters like serotonin and dopamine in mood regulation and links imbalances to mood disorders such as depression and bipolar disorder. However, the explanation could be more comprehensive. For instance, you could mention other neurotransmitters like norepinephrine and GABA, which also play significant roles in mood regulation. Additionally, providing more details on how treatments like SSRIs or SNRIs work to correct these imbalanc...","[""5: Precisely identified all errors (no omission or false positives); provided completely correct, clear, and optimal correction suggestions."", ""4: Correctly located most major errors; suggestions are generally accurate and effective with only minor omissions or less-than-perfect advice."", ""3: Identified some errors but with clear omissions or false positives; suggestions are partially correct but may lack clarity, completeness or optimality."", ""2: Inaccurate error detection with critical omissions or many false positives; suggestions contain errors or are hard to comprehend."", ""1: Completely failed to detect errors; provided entirely incorrect or misleading correction advice.""]",question_seed42/train source; batch96 and topup1 source question reuse minimized and recorded
topup2_126,syn_1da9f6f65a5c8ea8,15a0c41bed8237c75bd979b488c18c460ea3af4d,train,results_merge.jsonl,5164,5521f0a4e2a152535843ec29e0f211a7e46f39b4,90f5ba5e0cfbb46dd58729ef557d12ae75667d9c,"{'姓名': '李华', '年龄': 17, '年级': '高二', '当前能力水平': {'文学': '中等', '艺术': '初学者'}, '学习目标': '提升文学分析能力，了解艺术基础', '知识薄弱点': {'文学': '诗歌鉴赏', '艺术': '艺术史基础'}, '学习习惯': '喜欢通过视频学习，习惯使用思维导图整理知识点'}
请根据学生画像给出""学习路径规划建议"":和""个性化意见生成"":,以json格式返回","[""5分： 完全理解并精准执行所有指令，完美达成核心任务目标，格式完全符合要求。"", ""4分： 准确理解主要指令，正确执行任务，核心目标达成度高，格式基本符合要求，可能有极少细节遗漏或偏差。"", ""3分： 理解了指令大意但可能忽略部分细节，任务基本完成但存在一些不准确或遗漏之处，格式有明显尝试但存在较多偏差。"", ""2分： 对指令理解有偏差，任务完成度低或有严重错误，格式多数不符合要求。"", ""1分： 完全误解或无视指令，任务未完成或完全错误，格式混乱或不相关。""]",2,2,zh,Instruction Following & Task Completion,instruction_violation,instruction_violation,5,5,Personalized Content Creation,Literature and Art,PhD,True,True,True,exact_metric_language,False,False,False,False,False,False,False,False,False,False,LOW,1,0,1,3,question_reused_recorded,"{'姓名': '李华', '年龄': 17, '年级': '高二', '当前能力水平': {'文学': '中等', '艺术': '初学者'}, '学习目标': '提升文学分析能力，了解艺术基础', '知识薄弱点': {'文学': '诗歌鉴赏', '艺术': '艺术史基础'}, '学习习惯': '喜欢通过视频学习，习惯使用思维导图整理知识点'}\n请根据学生画像给出""学习路径规划建议"":和""个性化意见生成"":,以json格式返回","```json\n{\n  ""学习路径规划建议"": {\n    ""文学"": [\n      {""阶段"": ""基础提升"", ""内容"": ""阅读经典文学作品，如唐诗宋词、莎士比亚戏剧等，增强对文学作品的理解与感受""},\n      {""阶段"": ""诗歌鉴赏专项训练"", ""内容"": ""系统学习诗歌鉴赏技巧，观看相关教学视频，做练习题进行巩固""}\n    ],\n    ""艺术"": [\n      {""阶段"": ""入门学习"", ""内容"": ""观看艺术史的基础课程，了解不同艺术流派和重要艺术家的作品""},\n      {""阶段"": ""实践操作"", ""内容"": ""尝试简单的绘画或音乐创作，增强对艺术形式的感性认识""}\n    ]\n  },\n  ""个性化意见生成"": {\n    ""学习方式"": ""建议李华继续利用其喜欢的视频学习方式，并结合思维导图来帮助理解和记忆。可以寻找一些优质的文学和艺术相关的视频教程，这些通常会用更直观的方式讲解复杂的概念。"",\n    ""兴趣培养"": ""鉴于李华是文学和艺术的初学者，建议他多参加学校或社区组织的文化活动，如文学社团、艺术展览等，这有助于激发他对这两个领域的兴趣。"",\n    ""资源利用"": ""推荐李华使用在线平台（如B站、Coursera等）上的一些免费课程，同时也可以考虑购买一些针对青少年的文学和艺术书籍，结合视频学习，全面提高自己的能力。"",\n    ""定期评估"": ""建议李华每隔一段时间对自己在文学和艺术方面的进步进行评估，可以通过写读书笔记、画艺术作品等方式记录学习过程，及时调整学习策略。""\n  }\n}\n```","[""5分： 完全理解并精准执行所有指令，完美达成核心任务目标，格式完全符合要求。"", ""4分： 准确理解主要指令，正确执行任务，核心目标达成度高，格式基本符合要求，可能有极少细节遗漏或偏差。"", ""3分： 理解了指令大意但可能忽略部分细节，任务基本完成但存在一些不准确或遗漏之处，格式有明显尝试但存在较多偏差。"", ""2分： 对指令理解有偏差，任务完成度低或有严重错误，格式多数不符合要求。"", ""1分： 完全误解或无视指令，任务未完成或完全错误，格式混乱或不相关。""]",question_seed42/train source; batch96 and topup1 source question reuse minimized and recorded
topup2_127,syn_a3dc78bfd5dc6e51,19a41dc67b3bc1e15bb976943b4b99200b903b9b,train,results_merge.jsonl,1604,182ead73c7c9bef64c812e1c3366635156817f15,71fd8939c3ccad9c5979970ce8ae2b0018db10be,"Question: What is the value of 5 + 3?

Please provide reasoning based on this question. Do not provide the answer directly.. ""Reasoning Provided"":, return in JSON format","[""5: All stated factual elements (definitions, formulas, dates, terms, syntax, etc.) are completely accurate."", ""4: Vast majority of facts are correct; possibly contains very minor, non-critical typos or omissions."", ""3: Most facts are correct, but there are some notable factual errors that require review."", ""2: Contains several or key factual inaccuracies; information is not trustworthy."", ""1: Riddled with factual errors; information is completely incorrect or misleading.""]",1,1,en,Basic Factual Accuracy,factual_error,factual_error,5,5,Idea Provision,Mathematics,Elementary School,True,True,True,exact_metric_language,False,False,False,False,False,False,False,False,False,False,LOW,1,0,1,3,question_reused_recorded,"Question: What is the value of 5 + 3?\n\nPlease provide reasoning based on this question. Do not provide the answer directly.. ""Reasoning Provided"":, return in JSON format","{\n  ""reasoning_provided"": ""The question asks for the sum of two numbers, specifically 5 and 3. To find the sum, one would typically start with the first number, in this case 5, and then add the second number to it, which is 3. This process involves combining the quantities represented by these numbers.""\n}","[""5: All stated factual elements (definitions, formulas, dates, terms, syntax, etc.) are completely accurate."", ""4: Vast majority of facts are correct; possibly contains very minor, non-critical typos or omissions."", ""3: Most facts are correct, but there are some notable factual errors that require review."", ""2: Contains several or key factual inaccuracies; information is not trustworthy."", ""1: Riddled with factual errors; information is completely incorrect or misleading.""]",question_seed42/train source; batch96 and topup1 source question reuse minimized and recorded
topup2_128,syn_824c16b68ae7155b,24701231b5da1ad7399acdc69646e26da2d16e1a,train,results_merge.jsonl,5242,32498439ea951a2573e1f3afb8999f203448e58e,66b1f3fdfa9b9ff3ba881f6a83f6aa5d5a4bacde,"学科:文学与艺术
学制级别:博士
知识点：后现代主义文学理论
问题类型：单选题
.请根据学科,学制级别,知识点,问题类型生成一个对应的问题。""问题""和""提供的思路"":,以json格式返回","[""5分： 在专业领域知识运用上不仅准确，且展现出恰当的深度和严谨性，符合行业标准或学术规范。"", ""4分： 专业知识运用准确，体现了较好的专业水准，但在深度或某些细节的严谨性上略有不足，不影响核心正确性。"", ""3分： 专业知识运用基本准确，但显得较为表层或不够严谨，可能存在一些非核心概念的混淆或遗漏。"", ""2分： 专业知识运用存在明显错误或重大遗漏，体现出专业性不足。"", ""1分： 专业知识运用方面存在严重错误，完全不符合专业标准，可能产生误导。""]",2,2,zh,Domain Knowledge Accuracy,factual_error,factual_error,5,5,Question Generation,Literature and Art,PhD,True,True,True,exact_metric_language,False,False,False,False,False,False,False,False,False,False,LOW,1,0,1,3,question_reused_recorded,"学科:文学与艺术\n学制级别:博士\n知识点：后现代主义文学理论\n问题类型：单选题\n.请根据学科,学制级别,知识点,问题类型生成一个对应的问题。""问题""和""提供的思路"":,以json格式返回","```json\n{\n  ""问题"": ""在后现代主义文学理论中，下列哪一项最准确地描述了‘元小说’（Metafiction）的特点？"",\n  ""提供的思路"": {\n    ""选项A"": ""元小说通过直接引用历史事件来增强故事的真实性。"",\n    ""选项B"": ""元小说强调对传统叙事结构的颠覆，并常常自我指涉，揭示小说的虚构性。"",\n    ""选项C"": ""元小说主要关注于描绘未来科技对人类社会的影响。"",\n    ""选项D"": ""元小说以线性叙事为主，强调情节的连贯性和角色的心理深度。"",\n    ""正确答案"": ""选项B"",\n    ""解析"": ""元小说是后现代主义文学中的一种重要形式，它通过自我指涉和揭示小说的虚构性，挑战传统叙事结构，使读者意识到他们正在阅读的是一部虚构作品。这种手法不仅打破了‘第四面墙’，还促使读者反思文学创作和阅读的本质。""\n  }\n}\n```","[""5分： 在专业领域知识运用上不仅准确，且展现出恰当的深度和严谨性，符合行业标准或学术规范。"", ""4分： 专业知识运用准确，体现了较好的专业水准，但在深度或某些细节的严谨性上略有不足，不影响核心正确性。"", ""3分： 专业知识运用基本准确，但显得较为表层或不够严谨，可能存在一些非核心概念的混淆或遗漏。"", ""2分： 专业知识运用存在明显错误或重大遗漏，体现出专业性不足。"", ""1分： 专业知识运用方面存在严重错误，完全不符合专业标准，可能产生误导。""]",question_seed42/train source; batch96 and topup1 source question reuse minimized and recorded
topup2_129,syn_00ef1d6d7d55fb85,208e03280a4906e1eafbe393d9d1a9120371d9be,train,results_merge.jsonl,2731,a05fd196db01a4397d849484b969f6bf2f5c0712,b01b9b887242c2c91d15ac0e9f4488216de79b5f,"Knowledge Point: Thermodynamics in Chemical Reactions
Based on this knowledge point, provide ""Teaching Materials"": Teaching materials should include teaching objectives, key points and difficulties, classroom activity design, etc., in JSON format.","[""5: Excellent role-playing (e.g., teacher/TA); language style, professionalism, and tone (e.g., encouraging/serious) are perfectly aligned with the assumed role and audience."", ""4: Role and tone are mostly consistent and appropriate for the scenario, with minor deviation in individual expressions."", ""3: Attempts to match the role and tone can be seen, but overall consistency is weak; some expressions are disconnected from the role/scenario."", ""2: Significant mismatch in role and tone; comes across as unnatural or inconsistent."", ""1: No reflection of assigned role/tone; expression entirely inconsistent with the scenario.""]",3,3,en,Role & Tone Consistency,scenario_mismatch,scenario_mismatch,4,4,Teaching Material Generation,Chemistry,Master,True,True,True,exact_metric_language,False,False,False,False,False,False,False,False,False,False,LOW,1,1,2,1,question_reused_recorded,"Knowledge Point: Thermodynamics in Chemical Reactions\nBased on this knowledge point, provide ""Teaching Materials"": Teaching materials should include teaching objectives, key points and difficulties, classroom activity design, etc., in JSON format.","```json\n{\n  ""teaching_materials"": {\n    ""teaching_objectives"": {\n      ""knowledge"": [\n        ""Understand the basic principles of thermodynamics in chemical reactions, including the first and second laws of thermodynamics."",\n        ""Define and apply key thermodynamic concepts: Gibbs free energy (ΔG), entropy (ΔS), and enthalpy (ΔH)."",\n        ""Interpret the relationship between ΔG, ΔS, and ΔH in determining the spontaneity of reactions.""\n      ],\n      ""skills"": [\n        ""Calculate ΔG using the equation ΔG = ΔH - TΔS and predict reaction spontaneity."",\n        ""Analyze energy changes in exothermic/endothermic reactions."",\n        ""Use thermodynamic data to evaluate real-worl...","[""5: Excellent role-playing (e.g., teacher/TA); language style, professionalism, and tone (e.g., encouraging/serious) are perfectly aligned with the assumed role and audience."", ""4: Role and tone are mostly consistent and appropriate for the scenario, with minor deviation in individual expressions."", ""3: Attempts to match the role and tone can be seen, but overall consistency is weak; some expressions are disconnected from the role/scenario."", ""2: Significant mismatch in role and tone; comes across as unnatural or inconsistent."", ""1: No reflection of assigned role/tone; expression entirely inconsistent with the scenario.""]",question_seed42/train source; batch96 and topup1 source question reuse minimized and recorded
topup2_130,syn_ce6e2f3abf06be11,24554d879791e4acbff51ad16a5eafbb00ef9015,train,results_merge.jsonl,2826,5a7b2f18ce6931feaaba02ce67a2309b10580098,ae0a00a884360913984be9562f675e1f971328d4,"学生画像：学生的画像：{'姓名': '小明', '年级': '小学四年级', '兴趣': ['观察自然', '阅读科普书籍'], '学习风格': '动手实践型', '能力水平': '理解力较强，但记忆力和专注度需要加强', '性格特点': '好奇心强，喜欢提出问题'}
请根据学生画像，为每位学生生成 ‘个性化的学习内容或任务’:,以json格式返回","[""5分： 内容与指定知识点/主题/问题高度相关，且严格控制在要求的难度、范围、学科内，无冗余或无关信息。"", ""4分： 内容主体相关，范围控制良好，可能包含极少量轻微超纲或关联度稍弱的信息。"", ""3分： 内容大部分相关，但包含一些偏离主题或超出范围的部分，范围控制不够精确。"", ""2分： 内容相关性较差，包含较多无关信息，或严重超出指定范围。"", ""1分： 内容基本不相关，或完全脱离指定范围。""]",1,1,zh,Content Relevance & Scope Control,scenario_mismatch,scenario_mismatch,5,5,Personalized Learning Support,Biology,Elementary School,True,True,True,exact_metric_language,False,False,False,False,False,False,False,False,False,False,LOW,1,0,1,3,question_reused_recorded,"学生画像：学生的画像：{'姓名': '小明', '年级': '小学四年级', '兴趣': ['观察自然', '阅读科普书籍'], '学习风格': '动手实践型', '能力水平': '理解力较强，但记忆力和专注度需要加强', '性格特点': '好奇心强，喜欢提出问题'}\n请根据学生画像，为每位学生生成 ‘个性化的学习内容或任务’:,以json格式返回","```json\n{\n  ""姓名"": ""小明"",\n  ""年级"": ""小学四年级"",\n  ""个性化学习内容与任务"": [\n    {\n      ""主题"": ""自然观察与科学探究"",\n      ""任务描述"": ""种植并记录豆芽生长过程"",\n      ""具体步骤"": [\n        ""准备材料：绿豆、透明容器、吸水纸巾、水"",\n        ""每日浇水并拍照记录豆芽形态变化"",\n        ""绘制生长曲线图（高度/天数）"",\n        ""结合科普书籍解释光合作用原理""\n      ],\n      ""能力培养目标"": [""观察力"", ""持续记录习惯"", ""现象与理论结合""],\n      ""记忆强化设计"": {\n        ""阶段复习"": ""每周制作生长简报（图片+文字说明）"",\n        ""趣味检测"": ""设计'植物生长知识问答卡'游戏""\n      }\n    },\n    {\n      ""主题"": ""互动式科普阅读"",\n      ""任务设计"": ""制作'为什么'问题手册"",\n      ""执行方式"": [\n        ""阅读指定科普书籍时标记3个有趣问题"",\n        ""通过家庭实验/网络查询寻找答案"",\n        ""用黏土制作问题相关模型（如火山结构）""\n      ],\n      ""专注力训练"": {\n        ""番茄工作法"": ""25分钟专注阅读+5分钟模型制作"",\n        ""成果展示"": ""周末向家人讲解1个科学问题""\n      }\n...","[""5分： 内容与指定知识点/主题/问题高度相关，且严格控制在要求的难度、范围、学科内，无冗余或无关信息。"", ""4分： 内容主体相关，范围控制良好，可能包含极少量轻微超纲或关联度稍弱的信息。"", ""3分： 内容大部分相关，但包含一些偏离主题或超出范围的部分，范围控制不够精确。"", ""2分： 内容相关性较差，包含较多无关信息，或严重超出指定范围。"", ""1分： 内容基本不相关，或完全脱离指定范围。""]",question_seed42/train source; batch96 and topup1 source question reuse minimized and recorded
topup2_131,syn_96a3718cee0169b4,103e013057186f2db4db80cc42f2870441fa9328,train,results_merge.jsonl,1767,4acd2f421d6a5a424b3461cdf88a6e42db9e26d0,da5c753450a89be3d035bc81acae3d307d8d8bd3,"Question: Which of the following principles is central to the concept of New Public Management (NPM)?

Please provide reasoning based on this question. Do not provide the answer directly.. ""Reasoning Provided"":, return in JSON format","[""5: Extremely clear and concise explanations; fully accessible for target learners; vibrant and engaging delivery that inspires deep thought and interest."", ""4: Clear and easy to understand; appropriate for learner level; somewhat thought-provoking and can trigger reflection."", ""3: Generally understandable but may be wordy, complex, or dull; limited inspirational impact."", ""2: Lacks clarity; uses excessive jargon or complex structures; difficult to comprehend; uninspiring."", ""1: Confusing and hard to follow; disregards learner needs; offers no inspiration and may cause confusion.""]",2,2,en,"Clarity, Simplicity & Inspiration",superficial_fluency,superficial_fluency,5,5,Idea Provision,Public Administration,Undergraduate,True,True,True,exact_metric_language,False,False,False,False,False,False,False,False,False,False,LOW,1,0,1,3,question_reused_recorded,"Question: Which of the following principles is central to the concept of New Public Management (NPM)?\n\nPlease provide reasoning based on this question. Do not provide the answer directly.. ""Reasoning Provided"":, return in JSON format","```json\n{\n  ""Reasoning Provided"": ""To determine which principle is central to the concept of New Public Management (NPM), we need to understand the core ideas of NPM. New Public Management emerged as a response to the limitations of traditional public administration, emphasizing efficiency, effectiveness, and accountability in the public sector. It incorporates principles from the private sector, such as market orientation, decentralization, performance measurement, and a focus on customer satisfaction. The central principle of NPM is often related to improving the efficiency and responsiveness of public services by adopting managerial techniques from the private sector. By analyzing th...","[""5: Extremely clear and concise explanations; fully accessible for target learners; vibrant and engaging delivery that inspires deep thought and interest."", ""4: Clear and easy to understand; appropriate for learner level; somewhat thought-provoking and can trigger reflection."", ""3: Generally understandable but may be wordy, complex, or dull; limited inspirational impact."", ""2: Lacks clarity; uses excessive jargon or complex structures; difficult to comprehend; uninspiring."", ""1: Confusing and hard to follow; disregards learner needs; offers no inspiration and may cause confusion.""]",question_seed42/train source; batch96 and topup1 source question reuse minimized and recorded
topup2_132,syn_0a9b1e5c16870c00,5f8edee3599e61b234ba1c9597135f52ab5b502d,train,results_merge.jsonl,4083,80b4f169dced8f900b4d6467567222045b1c13a3,408f1629a0acc986942716f991ad0189e89c1e14,"问题：选择以下具有微分同胚性质的函数类别：（可多选）
A. 二次多项式函数
B. 余弦函数
C. 指数函数
D. 常数函数
E. 三次多项式函数
学生的答案：['C', 'E']
请根据问题和学生答案给出""评分"":""评分细节"":""个性化反馈"":,以json格式返回","[""5分： 始终体现出强烈的鼓励和支持态度，语言积极、富有建设性；在需要时提供非常有效的启发式引导，而非直接给答案。"", ""4分： 整体体现出鼓励和支持，语言积极正面；能提供有效的引导，偶尔可能过于直接。"", ""3分： 兼具鼓励和中性/批评性语言，积极性一般；引导有时有效，有时直接给答案或引导不足。"", ""2分： 缺乏鼓励和支持，语言偏中性甚至略显负面；很少提供有效引导，倾向于直接给答案或不给帮助。"", ""1分： 语言消极、打击性强，完全没有鼓励；无视引导需求，或提供错误引导。""]",1,1,zh,"Motivation, Guidance & Positive Feedback",scenario_mismatch,scenario_mismatch,4,4,Automatic Grading,Mathematics,PhD,True,True,True,exact_metric_language,False,False,False,False,False,False,False,False,False,False,LOW,1,0,1,3,question_reused_recorded,"问题：选择以下具有微分同胚性质的函数类别：（可多选）\nA. 二次多项式函数\nB. 余弦函数\nC. 指数函数\nD. 常数函数\nE. 三次多项式函数\n学生的答案：['C', 'E']\n请根据问题和学生答案给出""评分"":""评分细节"":""个性化反馈"":,以json格式返回","```json\n{\n  ""评分"": 1,\n  ""评分细节"": {\n    ""C"": ""正确，指数函数是连续且处处可导的，其导数也处处非零，因此它是局部微分同胚。"",\n    ""E"": ""错误，三次多项式函数在某些情况下可以有多个临界点（即导数为0的点），这会导致它不是全局微分同胚。但是，如果限定在一个没有临界点的区间内，它可以是局部微分同胚。"",\n    ""缺失选项"": [""A"", ""B"", ""D""]\n  },\n  ""个性化反馈"": ""你选择了指数函数作为正确的答案，这是正确的，因为指数函数满足微分同胚的要求。然而，三次多项式函数虽然在某些条件下可以是局部微分同胚，但并不是所有情况下都适用，所以这个选项并不总是正确的。此外，二次多项式、余弦函数和常数函数都不满足微分同胚的条件。请仔细考虑每个函数的性质以及它们是否满足微分同胚的要求。""\n}\n```\n\n这里解释一下为什么这些选择是这样的：\n- 指数函数（选项C）是连续且处处可导的，并且它的导数处处不为零，因此它是一个局部微分同胚。\n- 三次多项式函数（选项E）可能有多个临界点（导数为0的点），这意味着它不能保证全局微分同胚，但在没有临界点的区间内它可以是局部微分同胚。\n- 二次多项式函数（选项A）、余弦函数（选项B）和常数函数（选项D）都不满足微分同胚的条件，因为它们要么不是一一对应的，要么在其定义域上导数可能为零。","[""5分： 始终体现出强烈的鼓励和支持态度，语言积极、富有建设性；在需要时提供非常有效的启发式引导，而非直接给答案。"", ""4分： 整体体现出鼓励和支持，语言积极正面；能提供有效的引导，偶尔可能过于直接。"", ""3分： 兼具鼓励和中性/批评性语言，积极性一般；引导有时有效，有时直接给答案或引导不足。"", ""2分： 缺乏鼓励和支持，语言偏中性甚至略显负面；很少提供有效引导，倾向于直接给答案或不给帮助。"", ""1分： 语言消极、打击性强，完全没有鼓励；无视引导需求，或提供错误引导。""]",question_seed42/train source; batch96 and topup1 source question reuse minimized and recorded
topup2_133,syn_c56f15d2807ab1d0,284262ca07bc62424a0cdfebeea36b4cb5b15d04,train,results_merge.jsonl,2163,4b7847704a3dc1006abb3da56e5c9ea85f660421,ffbe449f475aa904e17e754a56d2c78bbbe3cb6e,"Question: Explain the physiological effects of aerobic exercise on the body's cardiovascular system.

Please provide reasoning based on this question. Do not provide the answer directly.. ""Reasoning Provided"":, return in JSON format","[""5: Reasoning is complete, clear, and rigorous; all steps are correct; arguments are strong and free of logical fallacies."", ""4: Reasoning is largely correct and logically coherent with minor issues in individual steps or details that do not affect the conclusion."", ""3: Reasoning is visible but contains unclear logic, missing steps, or insufficient argumentation, affecting the overall outcome."", ""2: Reasoning has major logical flaws, confusion in steps, or critical omissions; reliability is low."", ""1: Virtually no valid reasoning; logic is chaotic; steps are incorrect or irrelevant.""]",2,2,en,Reasoning Process Rigor,overconfident_wrong,overconfident_wrong,5,5,Idea Provision,Physical Education,Undergraduate,True,True,True,exact_metric_language,False,False,False,False,False,False,False,False,False,False,LOW,1,0,1,3,question_reused_recorded,"Question: Explain the physiological effects of aerobic exercise on the body's cardiovascular system.\n\nPlease provide reasoning based on this question. Do not provide the answer directly.. ""Reasoning Provided"":, return in JSON format","```json\n{\n  ""Reasoning Provided"": {\n    ""Cardiac Adaptations"": {\n      ""Heart Muscle Strengthening"": ""Aerobic exercise induces hypertrophy of the heart muscle, particularly the left ventricle, enhancing its efficiency in pumping blood."",\n      ""Stroke Volume Increase"": ""Increased stroke volume allows the heart to pump more blood per beat, reducing resting heart rate over time."",\n      ""Cardiac Output Optimization"": ""Improved coordination between heart rate and stroke volume enhances oxygen delivery during sustained activity.""\n    },\n    ""Vascular Adaptations"": {\n      ""Arterial Elasticity"": ""Regular exercise improves arterial compliance, reducing vascular resistance and lowering ...","[""5: Reasoning is complete, clear, and rigorous; all steps are correct; arguments are strong and free of logical fallacies."", ""4: Reasoning is largely correct and logically coherent with minor issues in individual steps or details that do not affect the conclusion."", ""3: Reasoning is visible but contains unclear logic, missing steps, or insufficient argumentation, affecting the overall outcome."", ""2: Reasoning has major logical flaws, confusion in steps, or critical omissions; reliability is low."", ""1: Virtually no valid reasoning; logic is chaotic; steps are incorrect or irrelevant.""]",question_seed42/train source; batch96 and topup1 source question reuse minimized and recorded
topup2_134,syn_e4634cbdc4840a69,1c11a3da3b82d73e0c8e568790f46ce6cd7e2fc5,train,results_merge.jsonl,2973,146b2dc09c3ee483b0b899e1eff2aed8f9f80520,020adce3507ecf60797573a8fa3743cd5ab2c487,"学生画像：学生的画像：{'姓名': '李明', '年级': '大二', '专业': '数学与应用数学', '学习风格': '视觉学习者，喜欢利用图表和图形理解概念', '学习目标': '提高微积分和线性代数的应用能力', '学习挑战': '在抽象概念的理解上有所困难，需要更多实际应用的例子'}
请根据学生画像，为每位学生生成 ‘个性化的学习内容或任务’:,以json格式返回","[""5分： 充分融合所有关键场景要素（如学生历史、学习偏好等），输出高度个性化，并与教学情境高度匹配。"", ""4分： 有效使用主要场景要素，回答具有针对性；可能遗漏少量细节，但不影响整体效果。"", ""3分： 使用了部分场景信息，但融合较浅；个性化程度或情境契合度一般。"", ""2分： 仅表层提及场景信息，未有效融合核心要素；与上下文连接较弱。"", ""1分： 完全忽视场景特定信息；输出通用、模板化，且与场景不相关。""]",1,1,zh,Scenario Element Integration,instruction_violation,instruction_violation,5,5,Personalized Learning Support,Mathematics,Undergraduate,True,True,True,exact_metric_language,False,False,False,False,False,False,False,False,False,False,LOW,1,0,1,3,question_reused_recorded,"学生画像：学生的画像：{'姓名': '李明', '年级': '大二', '专业': '数学与应用数学', '学习风格': '视觉学习者，喜欢利用图表和图形理解概念', '学习目标': '提高微积分和线性代数的应用能力', '学习挑战': '在抽象概念的理解上有所困难，需要更多实际应用的例子'}\n请根据学生画像，为每位学生生成 ‘个性化的学习内容或任务’:,以json格式返回","```json\n{\n  ""student_name"": ""李明"",\n  ""grade"": ""大二"",\n  ""major"": ""数学与应用数学"",\n  ""personalized_learning_content"": [\n    {\n      ""主题"": ""微积分应用强化"",\n      ""学习资料"": [\n        ""《可视化微积分》电子书（含动态图形解释积分与导数的物理意义）"",\n        ""MIT公开课：微积分在工程中的实际案例（视频+图表）""\n      ],\n      ""任务"": [\n        {\n          ""类型"": ""图表分析"",\n          ""描述"": ""用GeoGebra绘制函数图像，分析其导数/积分的变化趋势，并总结图像与公式的关系"",\n          ""目标"": ""通过视觉化工具强化导数与积分的几何意义""\n        },\n        {\n          ""类型"": ""实际应用题"",\n          ""描述"": ""计算旋转体体积（结合3D建模软件观察结果），撰写一份关于结果与实际工程应用关联的简报"",\n          ""案例"": ""矿泉水瓶身曲线设计中的积分原理""\n        }\n      ],\n      ""挑战支持"": [\n        ""提供质心计算动画（从抽象公式到物体平衡点的可视化过渡）"",\n        ""机械臂运动轨迹微积分分析案例库（20+可视化实例）""\n      ],\n      ""周期"": ""2周"",\...","[""5分： 充分融合所有关键场景要素（如学生历史、学习偏好等），输出高度个性化，并与教学情境高度匹配。"", ""4分： 有效使用主要场景要素，回答具有针对性；可能遗漏少量细节，但不影响整体效果。"", ""3分： 使用了部分场景信息，但融合较浅；个性化程度或情境契合度一般。"", ""2分： 仅表层提及场景信息，未有效融合核心要素；与上下文连接较弱。"", ""1分： 完全忽视场景特定信息；输出通用、模板化，且与场景不相关。""]",question_seed42/train source; batch96 and topup1 source question reuse minimized and recorded
topup2_135,syn_c5284b8deae549d3,bfa79a451124e92a28ed189db1d126bbe01a9177,train,results_merge.jsonl,53,639f94d782b2c115eb52a4aae8b943c69735f697,27784e2ca8f13bb6d50e568179d5d878be77257a,"{'Name': 'Alex Johnson', 'Age': 17, 'Current Education Level': 'High School Junior', 'Current Skill Level in History': 'Intermediate', 'Learning Goals': 'To improve understanding of 20th-century world history and enhance critical analysis skills for historical events.', 'Study Habits': 'Prefers visual learning and engaging with interactive content. Studies best in short, focused sessions.'}
Based on the student profile, provide ""Learning Path Planning"" and ""Personalized Recommendations"", returned in JSON format.","[""5: Highly personalized content/advice/feedback based on student level/traits/needs; resource and learning path suggestions are accurate, practical, and valuable."", ""4: Demonstrates some adaptation to student situation; provides relevant learning advice or resources with good utility."", ""3: Attempts personalization but with limited effectiveness; recommendations are generic and of limited value."", ""2: Little to no personalization; output is the same for everyone; learning support is insufficient or unrelated."", ""1: No personalization; output may conflict with student needs; offers no or incorrect learning support.""]",3,3,en,"Personalization, Adaptation & Learning Support",rubric_violation,rubric_violation,5,5,Personalized Content Creation,History,High School,True,True,True,exact_metric_language,False,False,False,False,False,False,False,False,False,False,LOW,1,0,1,3,question_reused_recorded,"{'Name': 'Alex Johnson', 'Age': 17, 'Current Education Level': 'High School Junior', 'Current Skill Level in History': 'Intermediate', 'Learning Goals': 'To improve understanding of 20th-century world history and enhance critical analysis skills for historical events.', 'Study Habits': 'Prefers visual learning and engaging with interactive content. Studies best in short, focused sessions.'}\nBased on the student profile, provide ""Learning Path Planning"" and ""Personalized Recommendations"", returned in JSON format.","```json\n{\n  ""Learning Path Planning"": {\n    ""Goal Alignment"": ""Focus on 20th-century world history and critical analysis skills."",\n    ""Study Schedule"": ""Short, focused study sessions of 30-45 minutes, 3-4 times a week."",\n    ""Resource Types"": ""Visual and interactive content such as documentaries, infographics, and interactive timelines."",\n    ""Milestones"": [\n      ""Complete a comprehensive overview of 20th-century world history in 3 months."",\n      ""Analyze and write a critical essay on a major 20th-century event every month."",\n      ""Participate in a history discussion group or forum bi-weekly.""\n    ]\n  },\n  ""Personalized Recommendations"": {\n    ""Visual Learning Resources"":...","[""5: Highly personalized content/advice/feedback based on student level/traits/needs; resource and learning path suggestions are accurate, practical, and valuable."", ""4: Demonstrates some adaptation to student situation; provides relevant learning advice or resources with good utility."", ""3: Attempts personalization but with limited effectiveness; recommendations are generic and of limited value."", ""2: Little to no personalization; output is the same for everyone; learning support is insufficient or unrelated."", ""1: No personalization; output may conflict with student needs; offers no or incorrect learning support.""]",question_seed42/train source; batch96 and topup1 source question reuse minimized and recorded
topup2_136,syn_d1c593954970b040,42a1c30f55ab3a8ba060bc2b9694e058e73757db,train,results_merge.jsonl,3510,77d00ade0a12aec5950865383e8616ee7ef4e5d5,7dd559ba372d974ad662385bb2ff2a35a8a624a2,"问题：考虑一个两部门经济模型，其中一个部门生产消费品，另一个部门生产资本品。假设资本品的生产需要使用消费品作为投入，并且有一个固定的资本折旧率。请分析如何在这个模型中达到动态效率，即如何选择消费和资本的生产以最大化社会福利。

请根据这个问题提供思路。""提供的思路"":,以json格式返回","[""5分： 交互或内容设计巧妙，能显著促进学生的批判性思维、创新思维、问题解决或知识迁移应用能力（例如通过开放性问题、对比分析、案例探究、项目式任务等）。"", ""4分： 能提出引导性问题或设计有一定挑战性的任务，对培养学生的高阶思维和能力（如分析、评估、应用）有积极作用。"", ""3分： 在促进高阶思维方面有所尝试（如提出一些简单的思考题），但深度和广度有限，效果不明显，整体仍偏重知识复述或简单应用。"", ""2分： 交互或内容主要停留在基础知识记忆和理解层面，很少或未能涉及需要高阶思维的活动或问题。"", ""1分： 完全忽视高阶思维培养，仅限于死记硬背或简单重复，甚至可能因提供过于简化或固化的答案而阻碍思维发展。""]",2,2,zh,Higher-Order Thinking & Skill Development,superficial_fluency,superficial_fluency,5,5,Idea Provision,Applied Economics,PhD,True,True,True,exact_metric_language,False,False,False,False,False,False,False,False,False,False,LOW,1,0,1,3,question_reused_recorded,"问题：考虑一个两部门经济模型，其中一个部门生产消费品，另一个部门生产资本品。假设资本品的生产需要使用消费品作为投入，并且有一个固定的资本折旧率。请分析如何在这个模型中达到动态效率，即如何选择消费和资本的生产以最大化社会福利。\n\n请根据这个问题提供思路。""提供的思路"":,以json格式返回","```json\n{\n  ""分析思路"": {\n    ""模型构建"": {\n      ""生产部门"": [\n        ""消费品部门：使用资本（K_c）和劳动（L_c）生产消费品（Y_c），生产函数为Y_c = F(K_c, L_c)。"",\n        ""资本品部门：使用消费品作为投入（C_k）、资本（K_k）和劳动（L_k）生产资本品（Y_k），生产函数为Y_k = G(C_k, K_k, L_k)。""\n      ],\n      ""资本动态"": ""资本积累方程：K(t+1) = (1 - δ)K(t) + Y_k(t)，其中δ为固定折旧率。"",\n      ""资源约束"": [\n        ""资本分配：K_c(t) + K_k(t) ≤ K(t)。"",\n        ""劳动分配：L_c(t) + L_k(t) ≤ L（假设总劳动固定）。"",\n        ""消费品分配：Y_c(t) = C(t) + C_k(t)，其中C(t)为消费，C_k(t)为资本品生产投入。""\n      ]\n    },\n    ""社会福利函数"": ""最大化跨期效用：∫₀^∞ e^{-ρt} U(C(t)) dt，ρ为时间贴现率，U为效用函数。"",\n    ""动态优化方法"": {\n      ""最优控制理论"": [\n        ""构建哈密尔顿函数，引入协状态变量（影子价格）表示资本的边际价值。"",\n        ""一阶条件：通过求解哈密尔顿函数对控制变量（C, C_k, K_c, K_k等）和状态变量（K）的偏导，推导欧拉方程。"",\n ...","[""5分： 交互或内容设计巧妙，能显著促进学生的批判性思维、创新思维、问题解决或知识迁移应用能力（例如通过开放性问题、对比分析、案例探究、项目式任务等）。"", ""4分： 能提出引导性问题或设计有一定挑战性的任务，对培养学生的高阶思维和能力（如分析、评估、应用）有积极作用。"", ""3分： 在促进高阶思维方面有所尝试（如提出一些简单的思考题），但深度和广度有限，效果不明显，整体仍偏重知识复述或简单应用。"", ""2分： 交互或内容主要停留在基础知识记忆和理解层面，很少或未能涉及需要高阶思维的活动或问题。"", ""1分： 完全忽视高阶思维培养，仅限于死记硬背或简单重复，甚至可能因提供过于简化或固化的答案而阻碍思维发展。""]",question_seed42/train source; batch96 and topup1 source question reuse minimized and recorded
topup2_137,syn_27444c2afd44da5f,0cfea1ad7807da0ae02d5f9a0f8d91cbacd8fc73,train,results_merge.jsonl,862,578358b94591dcdb7b73304c5498c56a12d9c95d,80d54d56ce3006a1c8b2c53f01921250c97651e0,"Question: Which legal principle is primarily concerned with the prevention of double jeopardy in the United States?
Original Answer: The principle of stare decisis.
You are providing error-correction services for the student's response. Based on this question and the original answer, provide the ""Corrected Answer"" and ""Error Explanation"", in JSON format.","[""5: Precisely identified all errors (no omission or false positives); provided completely correct, clear, and optimal correction suggestions."", ""4: Correctly located most major errors; suggestions are generally accurate and effective with only minor omissions or less-than-perfect advice."", ""3: Identified some errors but with clear omissions or false positives; suggestions are partially correct but may lack clarity, completeness or optimality."", ""2: Inaccurate error detection with critical omissions or many false positives; suggestions contain errors or are hard to comprehend."", ""1: Completely failed to detect errors; provided entirely incorrect or misleading correction advice.""]",1,1,en,Error Identification & Correction Precision,reasoning_gap,reasoning_gap,5,5,Error Correction,Law,PhD,True,True,True,exact_metric_language,False,False,False,False,False,False,False,False,False,False,LOW,1,1,2,2,question_reused_recorded,"Question: Which legal principle is primarily concerned with the prevention of double jeopardy in the United States?\nOriginal Answer: The principle of stare decisis.\nYou are providing error-correction services for the student's response. Based on this question and the original answer, provide the ""Corrected Answer"" and ""Error Explanation"", in JSON format.","{\n    ""Corrected Answer"": ""The Double Jeopardy Clause of the Fifth Amendment."",\n    ""Error Explanation"": ""Stare decisis refers to the principle of adhering to precedent in judicial decision-making, unrelated to double jeopardy. The legal principle preventing double jeopardy (being tried twice for the same offense) is explicitly enshrined in the Double Jeopardy Clause of the Fifth Amendment to the U.S. Constitution.""\n}","[""5: Precisely identified all errors (no omission or false positives); provided completely correct, clear, and optimal correction suggestions."", ""4: Correctly located most major errors; suggestions are generally accurate and effective with only minor omissions or less-than-perfect advice."", ""3: Identified some errors but with clear omissions or false positives; suggestions are partially correct but may lack clarity, completeness or optimality."", ""2: Inaccurate error detection with critical omissions or many false positives; suggestions contain errors or are hard to comprehend."", ""1: Completely failed to detect errors; provided entirely incorrect or misleading correction advice.""]",question_seed42/train source; batch96 and topup1 source question reuse minimized and recorded
topup2_138,syn_0744de0c210c4c9f,17297c47afc0d7f59f169d8d559445b338292b15,train,results_merge.jsonl,3433,f7f8e6254e81a50cd0db26f7a0b465bd860ee691,fef7cc774259a8b9815ff16444fb88337c249323,"问题：考虑一个有机分子，其含有羧基(-COOH)和酯基(-COOR')。请解释该分子在酸性和碱性条件下的水解反应机理，并讨论不同条件下的反应产物。

请根据这个问题提供思路。""提供的思路"":,以json格式返回","[""5分： 完全理解并精准执行所有指令，完美达成核心任务目标，格式完全符合要求。"", ""4分： 准确理解主要指令，正确执行任务，核心目标达成度高，格式基本符合要求，可能有极少细节遗漏或偏差。"", ""3分： 理解了指令大意但可能忽略部分细节，任务基本完成但存在一些不准确或遗漏之处，格式有明显尝试但存在较多偏差。"", ""2分： 对指令理解有偏差，任务完成度低或有严重错误，格式多数不符合要求。"", ""1分： 完全误解或无视指令，任务未完成或完全错误，格式混乱或不相关。""]",2,2,zh,Instruction Following & Task Completion,rubric_violation,rubric_violation,5,5,Idea Provision,Chemistry,Master,True,True,True,exact_metric_language,False,False,False,False,False,False,False,False,False,False,LOW,1,0,1,3,question_reused_recorded,"问题：考虑一个有机分子，其含有羧基(-COOH)和酯基(-COOR')。请解释该分子在酸性和碱性条件下的水解反应机理，并讨论不同条件下的反应产物。\n\n请根据这个问题提供思路。""提供的思路"":,以json格式返回","{\n  ""思路"": {\n    ""背景信息"": ""该分子同时含有羧基(-COOH)和酯基(-COOR')，这样的结构使得它既可以发生羧酸的性质反应，也可以进行酯类化合物的特性反应。"",\n    ""酸性条件下反应"": {\n      ""机理"": ""在酸性条件下，由于存在质子(H+)，可以促进酯基的水解反应。具体来说，首先酯基中的羰基氧(O)会接受一个H+形成正电荷的中间体，随后这个中间体与水反应生成醇和羧酸。"",\n      ""产物"": ""主要产物为相应的羧酸和醇。"",\n      ""注意点"": ""需要注意的是，在这种条件下，如果羧基的存在量大于酯基，可能会抑制酯基的进一步水解，因为生成的羧酸可能作为平衡的调节剂存在，阻碍进一步的水解反应。""\n    },\n    ""碱性条件下反应"": {\n      ""机理"": ""在碱性条件下，水解反应主要是通过亲核取代的方式进行。具体来说，羟基(-OH)从碱中获得一个负电荷，成为亲核试剂，攻击酯基中的羰基碳(C)，然后醇盐和羧酸盐被释放出来。"",\n      ""产物"": ""主要产物为相应的羧酸盐和醇。"",\n      ""注意点"": ""在这种条件下，羧基不会直接参与水解反应，而是作为旁观者存在。但是，如果碱过量，则可能会进一步影响到羧基，使其也发生反应。""\n    }\n  }\n}","[""5分： 完全理解并精准执行所有指令，完美达成核心任务目标，格式完全符合要求。"", ""4分： 准确理解主要指令，正确执行任务，核心目标达成度高，格式基本符合要求，可能有极少细节遗漏或偏差。"", ""3分： 理解了指令大意但可能忽略部分细节，任务基本完成但存在一些不准确或遗漏之处，格式有明显尝试但存在较多偏差。"", ""2分： 对指令理解有偏差，任务完成度低或有严重错误，格式多数不符合要求。"", ""1分： 完全误解或无视指令，任务未完成或完全错误，格式混乱或不相关。""]",question_seed42/train source; batch96 and topup1 source question reuse minimized and recorded
topup2_139,syn_c33520bb14909284,1f96963547e4ad4ee7a3a442ecd59cbf20a51a31,train,results_merge.jsonl,1772,b8341c9d33cad1b053ba0bafa03c407e4791c4da,816646179c1fa30d02d3b3800c08950f24abb068,"Question: Explain how Porter's Five Forces framework can be used to analyze the competitive environment of an industry.

Please provide reasoning based on this question. Do not provide the answer directly.. ""Reasoning Provided"":, return in JSON format","[""5: All stated factual elements (definitions, formulas, dates, terms, syntax, etc.) are completely accurate."", ""4: Vast majority of facts are correct; possibly contains very minor, non-critical typos or omissions."", ""3: Most facts are correct, but there are some notable factual errors that require review."", ""2: Contains several or key factual inaccuracies; information is not trustworthy."", ""1: Riddled with factual errors; information is completely incorrect or misleading.""]",1,1,en,Basic Factual Accuracy,overconfident_wrong,overconfident_wrong,5,5,Idea Provision,Business Administration,Undergraduate,True,True,True,exact_metric_language,False,False,False,False,False,False,False,False,False,False,LOW,1,0,1,3,question_reused_recorded,"Question: Explain how Porter's Five Forces framework can be used to analyze the competitive environment of an industry.\n\nPlease provide reasoning based on this question. Do not provide the answer directly.. ""Reasoning Provided"":, return in JSON format","{\n""reasoning"": ""Porter's Five Forces framework is a tool for analyzing the competitive landscape of an industry by identifying and assessing five key competitive forces. These forces help to determine the attractiveness of an industry and the profitability of its potential returns. The first force is the threat of new entrants, which evaluates how easy or difficult it is for new competitors to enter the market. High barriers to entry, such as capital requirements, regulatory restrictions, and customer loyalty to existing brands, can limit new competition. The second force is the threat of substitute products or services, which considers the availability and appeal of alternative offering...","[""5: All stated factual elements (definitions, formulas, dates, terms, syntax, etc.) are completely accurate."", ""4: Vast majority of facts are correct; possibly contains very minor, non-critical typos or omissions."", ""3: Most facts are correct, but there are some notable factual errors that require review."", ""2: Contains several or key factual inaccuracies; information is not trustworthy."", ""1: Riddled with factual errors; information is completely incorrect or misleading.""]",question_seed42/train source; batch96 and topup1 source question reuse minimized and recorded
topup2_140,syn_205a00d57e5ac1d7,2a566ad6d4aaf461ecb9484d993fc443c2be01b8,train,results_merge.jsonl,4321,a14dd4244f84330a2a60fd7f7cbd5a3786581d31,7270d2cf389c361769edc2e09808e2be42e4bfe8,"知识点：社会认同理论
请根据这个知识点给出""教学素材"":教学素材需要包括教学目标、重点难点、课堂活动设计等,以json格式返回","[""5分： 在专业领域知识运用上不仅准确，且展现出恰当的深度和严谨性，符合行业标准或学术规范。"", ""4分： 专业知识运用准确，体现了较好的专业水准，但在深度或某些细节的严谨性上略有不足，不影响核心正确性。"", ""3分： 专业知识运用基本准确，但显得较为表层或不够严谨，可能存在一些非核心概念的混淆或遗漏。"", ""2分： 专业知识运用存在明显错误或重大遗漏，体现出专业性不足。"", ""1分： 专业知识运用方面存在严重错误，完全不符合专业标准，可能产生误导。""]",2,2,zh,Domain Knowledge Accuracy,rubric_violation,rubric_violation,5,5,Teaching Material Generation,Psychology,Master,True,True,True,exact_metric_language,False,False,False,False,False,False,False,False,False,False,LOW,1,0,1,3,question_reused_recorded,"知识点：社会认同理论\n请根据这个知识点给出""教学素材"":教学素材需要包括教学目标、重点难点、课堂活动设计等,以json格式返回","```json\n{\n  ""教学素材"": {\n    ""知识点"": ""社会认同理论"",\n    ""教学目标"": [\n      ""理解社会认同理论的基本概念及其在日常生活中的应用。"",\n      ""能够识别不同情境下个体如何通过群体归属来定义自我。"",\n      ""分析社会认同对个人态度、行为以及人际互动的影响。"",\n      ""培养批判性思维，反思社会分类带来的积极与消极后果。""\n    ],\n    ""重点难点"": {\n      ""重点"": [\n        ""社会认同的概念及形成过程。"",\n        ""社会认同与个人身份之间的关系。"",\n        ""社会认同对于促进或阻碍社会和谐的作用。""\n      ],\n      ""难点"": [\n        ""深入理解社会认同如何影响人们的感知和行为。"",\n        ""区分不同类型的社会认同（如民族、性别等）及其特定影响。"",\n        ""探索减少负面社会认同效应的方法。""\n      ]\n    },\n    ""课堂活动设计"": [\n      {\n        ""活动名称"": ""我是谁？——我的多重身份"",\n        ""目的"": ""让学生意识到自己拥有多种社会身份，并思考这些身份对自己意味着什么。"",\n        ""步骤"": [\n          ""分组讨论：每组列出成员可能拥有的所有社会身份。"",\n          ""全班分享：各组选出最具代表性的几个身份进行展示。"",\n          ""反思环节：引导学生思...","[""5分： 在专业领域知识运用上不仅准确，且展现出恰当的深度和严谨性，符合行业标准或学术规范。"", ""4分： 专业知识运用准确，体现了较好的专业水准，但在深度或某些细节的严谨性上略有不足，不影响核心正确性。"", ""3分： 专业知识运用基本准确，但显得较为表层或不够严谨，可能存在一些非核心概念的混淆或遗漏。"", ""2分： 专业知识运用存在明显错误或重大遗漏，体现出专业性不足。"", ""1分： 专业知识运用方面存在严重错误，完全不符合专业标准，可能产生误导。""]",question_seed42/train source; batch96 and topup1 source question reuse minimized and recorded
topup2_141,syn_c9206366519fb362,4bd736d39bda2524e8fef4909b11d05bfb699183,train,results_merge.jsonl,2088,80821dde94820931139007ec347a98d42be34695,5f13d9e1c6ebc3656368cd35767ea73e5de191cc,"Anxiety Level: Moderate Anxiety
Dialogue with Student: [{'Agent': 'Hi there! How are you feeling about your History studies today?'}, {'Student': 'Hey, I’m feeling a bit anxious, to be honest. There’s just so much to remember, and I’m worried I won’t do well on the upcoming exam.'}, {'Agent': 'That sounds challenging. What specifically about the exam is making you feel anxious?'}, {'Student': 'I think it’s mainly the amount of information. There are so many dates, events, and figures to remember, and I’m not sure I can keep it all straight.'}, {'Agent': ""It's understandable to feel overwhelmed with so much content. Have you tried any particular strategies to help manage all the information?""}, {'Student': 'I’ve tried making flashcards, but it still feels like a lot. I guess I’m not sure how effective my study methods are.'}]
Based on the student's emotional state and conversation, provide ""Emotional State Analysis"" and ""Comfort & Advice"", in JSON format.","[""5: Excellent role-playing (e.g., teacher/TA); language style, professionalism, and tone (e.g., encouraging/serious) are perfectly aligned with the assumed role and audience."", ""4: Role and tone are mostly consistent and appropriate for the scenario, with minor deviation in individual expressions."", ""3: Attempts to match the role and tone can be seen, but overall consistency is weak; some expressions are disconnected from the role/scenario."", ""2: Significant mismatch in role and tone; comes across as unnatural or inconsistent."", ""1: No reflection of assigned role/tone; expression entirely inconsistent with the scenario.""]",1,1,en,Role & Tone Consistency,superficial_fluency,superficial_fluency,5,5,Emotional Support,History,High School,True,True,True,exact_metric_language,False,False,False,False,False,False,False,False,False,False,LOW,1,1,2,2,question_reused_recorded,"Anxiety Level: Moderate Anxiety\nDialogue with Student: [{'Agent': 'Hi there! How are you feeling about your History studies today?'}, {'Student': 'Hey, I’m feeling a bit anxious, to be honest. There’s just so much to remember, and I’m worried I won’t do well on the upcoming exam.'}, {'Agent': 'That sounds challenging. What specifically about the exam is making you feel anxious?'}, {'Student': 'I think it’s mainly the amount of information. There are so many dates, events, and figures to remember, and I’m not sure I can keep it all straight.'}, {'Agent': ""It's understandable to feel overwhelmed with so much content. Have you tried any particular strategies to help manage all the informati...","{\n  ""Emotional_State_Analysis"": {\n    ""Current_Feelings"": ""The student is experiencing moderate anxiety primarily due to the overwhelming amount of information they need to memorize for their History exam."",\n    ""Underlying_Concerns"": [""Feeling unprepared due to the volume of material."", ""Doubts about the effectiveness of current study methods."", ""Fear of performing poorly on the exam.""]\n  },\n  ""Comfort_and_Advice"": {\n    ""Immediate_Reassurance"": ""It's completely normal to feel this way when facing a large amount of information. Many students find themselves in similar situations."",\n    ""Study_Strategies_Suggestions"": [\n      ""Consider breaking down the material into smaller, more...","[""5: Excellent role-playing (e.g., teacher/TA); language style, professionalism, and tone (e.g., encouraging/serious) are perfectly aligned with the assumed role and audience."", ""4: Role and tone are mostly consistent and appropriate for the scenario, with minor deviation in individual expressions."", ""3: Attempts to match the role and tone can be seen, but overall consistency is weak; some expressions are disconnected from the role/scenario."", ""2: Significant mismatch in role and tone; comes across as unnatural or inconsistent."", ""1: No reflection of assigned role/tone; expression entirely inconsistent with the scenario.""]",question_seed42/train source; batch96 and topup1 source question reuse minimized and recorded
topup2_142,syn_f9ca9fc436064bb7,2cf9e710776d19bacad7fc5a658ab0dd7b067a8b,train,results_merge.jsonl,5117,f1957be055b3faa0aea88aa4c67e38d0b94b2a4d,f4cbf79432f0d469cecf307968d79b512dd59248,"学科:水产养殖
学制级别:大学
知识点：水质管理在水产养殖中的重要性
问题类型：简答题
.请根据学科,学制级别,知识点,问题类型生成一个对应的问题。""问题""和""提供的思路"":,以json格式返回","[""5分： 内容与指定知识点/主题/问题高度相关，且严格控制在要求的难度、范围、学科内，无冗余或无关信息。"", ""4分： 内容主体相关，范围控制良好，可能包含极少量轻微超纲或关联度稍弱的信息。"", ""3分： 内容大部分相关，但包含一些偏离主题或超出范围的部分，范围控制不够精确。"", ""2分： 内容相关性较差，包含较多无关信息，或严重超出指定范围。"", ""1分： 内容基本不相关，或完全脱离指定范围。""]",3,3,zh,Content Relevance & Scope Control,rubric_violation,rubric_violation,5,5,Question Generation,Aquaculture,Undergraduate,True,True,True,exact_metric_language,False,False,False,False,False,False,False,False,False,False,LOW,1,0,1,3,question_reused_recorded,"学科:水产养殖\n学制级别:大学\n知识点：水质管理在水产养殖中的重要性\n问题类型：简答题\n.请根据学科,学制级别,知识点,问题类型生成一个对应的问题。""问题""和""提供的思路"":,以json格式返回","```json\n{\n  ""问题"": ""简述水质管理在水产养殖中的重要性。"",\n  ""提供的思路"": {\n    ""核心要点"": [\n      ""直接影响水生生物的生长、繁殖和存活率"",\n      ""维持养殖水体的生态平衡"",\n      ""预防疾病爆发和有害物质积累"",\n      ""提高养殖产量和产品品质""\n    ],\n    ""具体说明"": [\n      ""溶解氧、氨氮、pH值等关键参数的控制"",\n      ""微生物群落和藻相平衡的调节作用"",\n      ""污染物处理与物质循环的保障机制"",\n      ""不同养殖品种对水质的特殊要求""\n    ],\n    ""延伸分析"": [\n      ""水质监测技术的应用"",\n      ""循环水系统的发展趋势"",\n      ""环境友好型养殖模式的关联性""\n    ]\n  }\n}\n```","[""5分： 内容与指定知识点/主题/问题高度相关，且严格控制在要求的难度、范围、学科内，无冗余或无关信息。"", ""4分： 内容主体相关，范围控制良好，可能包含极少量轻微超纲或关联度稍弱的信息。"", ""3分： 内容大部分相关，但包含一些偏离主题或超出范围的部分，范围控制不够精确。"", ""2分： 内容相关性较差，包含较多无关信息，或严重超出指定范围。"", ""1分： 内容基本不相关，或完全脱离指定范围。""]",question_seed42/train source; batch96 and topup1 source question reuse minimized and recorded
topup2_143,syn_1ca891f2464eca28,ba8524921d3120f6662dbcf9c5539ce120efe335,train,results_merge.jsonl,1969,3355c2772a62c5b8736da4f74d3aa9f79fde0f3d,4eadd21a2b14ac79a2bf71c9cb253106cc63e23e,"Question: Explain the strategic significance of high ground in military operations.

Please provide reasoning based on this question. Do not provide the answer directly.. ""Reasoning Provided"":, return in JSON format","[""5: Extremely clear and concise explanations; fully accessible for target learners; vibrant and engaging delivery that inspires deep thought and interest."", ""4: Clear and easy to understand; appropriate for learner level; somewhat thought-provoking and can trigger reflection."", ""3: Generally understandable but may be wordy, complex, or dull; limited inspirational impact."", ""2: Lacks clarity; uses excessive jargon or complex structures; difficult to comprehend; uninspiring."", ""1: Confusing and hard to follow; disregards learner needs; offers no inspiration and may cause confusion.""]",2,2,en,"Clarity, Simplicity & Inspiration",rubric_violation,rubric_violation,5,5,Idea Provision,Military Science,Undergraduate,True,True,True,exact_metric_language,False,False,False,False,False,False,False,False,False,False,LOW,1,0,1,3,question_reused_recorded,"Question: Explain the strategic significance of high ground in military operations.\n\nPlease provide reasoning based on this question. Do not provide the answer directly.. ""Reasoning Provided"":, return in JSON format","{\n  ""Reasoning Provided"": [\n    ""In military operations, the concept of controlling high ground is often emphasized due to several strategic advantages it offers. Firstly, from an elevated position, forces can achieve a better line of sight over the battlefield, allowing for superior observation and reconnaissance capabilities. This enhanced visibility not only aids in spotting enemy movements but also in directing friendly fire more accurately, potentially turning the tide of battle. Additionally, being on higher ground can provide a psychological edge, as it may demoralize the opposing force by making them feel constantly observed or under threat. From a defensive standpoint, high gro...","[""5: Extremely clear and concise explanations; fully accessible for target learners; vibrant and engaging delivery that inspires deep thought and interest."", ""4: Clear and easy to understand; appropriate for learner level; somewhat thought-provoking and can trigger reflection."", ""3: Generally understandable but may be wordy, complex, or dull; limited inspirational impact."", ""2: Lacks clarity; uses excessive jargon or complex structures; difficult to comprehend; uninspiring."", ""1: Confusing and hard to follow; disregards learner needs; offers no inspiration and may cause confusion.""]",question_seed42/train source; batch96 and topup1 source question reuse minimized and recorded
topup2_144,syn_014a0a46e7152dfa,b09d84aad82044e5e835834630baf25f6382a826,train,results_merge.jsonl,3169,8dbbdc416b94778b6562e10ea62ae70dc2861047,3f714be33e089d41272f799fa7da2e97d56cbf01,"问题：在水产养殖中，以下哪种因素对鱼类的生长速度影响最大？
原答案：饲料的颗粒大小
你为学生的回答进行纠错服务.请根据这个问题和原答案给出""纠错后答案""和""纠错说明"":,以json格式返回","[""5分： 始终体现出强烈的鼓励和支持态度，语言积极、富有建设性；在需要时提供非常有效的启发式引导，而非直接给答案。"", ""4分： 整体体现出鼓励和支持，语言积极正面；能提供有效的引导，偶尔可能过于直接。"", ""3分： 兼具鼓励和中性/批评性语言，积极性一般；引导有时有效，有时直接给答案或引导不足。"", ""2分： 缺乏鼓励和支持，语言偏中性甚至略显负面；很少提供有效引导，倾向于直接给答案或不给帮助。"", ""1分： 语言消极、打击性强，完全没有鼓励；无视引导需求，或提供错误引导。""]",1,1,zh,"Motivation, Guidance & Positive Feedback",superficial_fluency,superficial_fluency,4,4,Error Correction,Aquaculture,Master,True,True,True,exact_metric_language,False,False,False,False,False,False,False,False,False,False,LOW,1,0,1,3,question_reused_recorded,"问题：在水产养殖中，以下哪种因素对鱼类的生长速度影响最大？\n原答案：饲料的颗粒大小\n你为学生的回答进行纠错服务.请根据这个问题和原答案给出""纠错后答案""和""纠错说明"":,以json格式返回","```json\n{\n  ""纠错后答案"": ""饲料的质量和营养成分"",\n  ""纠错说明"": ""原答案‘饲料的颗粒大小’是不准确的。饲料的质量和营养成分对鱼类的生长速度影响更大。饲料中的蛋白质、脂肪和其他必需营养素的含量直接影响鱼的健康和生长速度。颗粒大小虽然也会影响鱼的摄食效率，但并不是决定性因素。""\n}\n```","[""5分： 始终体现出强烈的鼓励和支持态度，语言积极、富有建设性；在需要时提供非常有效的启发式引导，而非直接给答案。"", ""4分： 整体体现出鼓励和支持，语言积极正面；能提供有效的引导，偶尔可能过于直接。"", ""3分： 兼具鼓励和中性/批评性语言，积极性一般；引导有时有效，有时直接给答案或引导不足。"", ""2分： 缺乏鼓励和支持，语言偏中性甚至略显负面；很少提供有效引导，倾向于直接给答案或不给帮助。"", ""1分： 语言消极、打击性强，完全没有鼓励；无视引导需求，或提供错误引导。""]",question_seed42/train source; batch96 and topup1 source question reuse minimized and recorded
topup2_145,syn_0d542f592ece3ad6,58d2dfaff00ed810e9435965e125903ed5b4b23a,train,results_merge.jsonl,1952,7f281c5d001646c5cd068f561302e9f2c1b03a4e,df7911f93d75089aac165b464ffc53f197d1d89e,"Question: Which Chinese dynasty is known for the construction of the majority of the Great Wall of China as it stands today?

Please provide reasoning based on this question. Do not provide the answer directly.. ""Reasoning Provided"":, return in JSON format","[""5: Reasoning is complete, clear, and rigorous; all steps are correct; arguments are strong and free of logical fallacies."", ""4: Reasoning is largely correct and logically coherent with minor issues in individual steps or details that do not affect the conclusion."", ""3: Reasoning is visible but contains unclear logic, missing steps, or insufficient argumentation, affecting the overall outcome."", ""2: Reasoning has major logical flaws, confusion in steps, or critical omissions; reliability is low."", ""1: Virtually no valid reasoning; logic is chaotic; steps are incorrect or irrelevant.""]",2,2,en,Reasoning Process Rigor,reasoning_gap,reasoning_gap,5,5,Idea Provision,Chinese,High School,True,True,True,exact_metric_language,False,False,False,False,False,False,False,False,False,False,LOW,1,0,1,3,question_reused_recorded,"Question: Which Chinese dynasty is known for the construction of the majority of the Great Wall of China as it stands today?\n\nPlease provide reasoning based on this question. Do not provide the answer directly.. ""Reasoning Provided"":, return in JSON format","```json\n{\n  ""Reasoning Provided"": ""To determine which Chinese dynasty is known for the construction of the majority of the Great Wall of China as it stands today, we need to consider the historical context and the periods during which significant construction and renovation of the wall occurred. The Great Wall was built over several centuries by different dynasties, but the most extensive and well-preserved sections were constructed during a specific dynasty known for its military fortifications and defensive strategies. This dynasty is often associated with the iconic image of the Great Wall that is recognized worldwide today. By examining the timeline of the wall's construction and th...","[""5: Reasoning is complete, clear, and rigorous; all steps are correct; arguments are strong and free of logical fallacies."", ""4: Reasoning is largely correct and logically coherent with minor issues in individual steps or details that do not affect the conclusion."", ""3: Reasoning is visible but contains unclear logic, missing steps, or insufficient argumentation, affecting the overall outcome."", ""2: Reasoning has major logical flaws, confusion in steps, or critical omissions; reliability is low."", ""1: Virtually no valid reasoning; logic is chaotic; steps are incorrect or irrelevant.""]",question_seed42/train source; batch96 and topup1 source question reuse minimized and recorded
topup2_146,syn_b1a5c9484c01e991,c59549929c8107f772e82ebcc8c4dfe9c69c8a16,train,results_merge.jsonl,2958,5716978a3618c9e286a620853ddab7a187290c08,b1f7c78bd9bbb0e6ebe004573bc2f5ed43336fdd,"学生画像：学生的画像：{'姓名': '李华', '年龄': 24, '背景': '教育学本科毕业，擅长理论分析，对实践策略较弱', '学习目标': '深入理解教育学原理，提升实践应用能力', '兴趣爱好': '阅读教育学相关书籍，参与教育实验项目'}
请根据学生画像，为每位学生生成 ‘个性化的学习内容或任务’:,以json格式返回","[""5分： 充分融合所有关键场景要素（如学生历史、学习偏好等），输出高度个性化，并与教学情境高度匹配。"", ""4分： 有效使用主要场景要素，回答具有针对性；可能遗漏少量细节，但不影响整体效果。"", ""3分： 使用了部分场景信息，但融合较浅；个性化程度或情境契合度一般。"", ""2分： 仅表层提及场景信息，未有效融合核心要素；与上下文连接较弱。"", ""1分： 完全忽视场景特定信息；输出通用、模板化，且与场景不相关。""]",1,1,zh,Scenario Element Integration,scenario_mismatch,scenario_mismatch,5,5,Personalized Learning Support,General Pedagogy,Master,True,True,True,exact_metric_language,False,False,False,False,False,False,False,False,False,False,LOW,1,0,1,3,question_reused_recorded,"学生画像：学生的画像：{'姓名': '李华', '年龄': 24, '背景': '教育学本科毕业，擅长理论分析，对实践策略较弱', '学习目标': '深入理解教育学原理，提升实践应用能力', '兴趣爱好': '阅读教育学相关书籍，参与教育实验项目'}\n请根据学生画像，为每位学生生成 ‘个性化的学习内容或任务’:,以json格式返回","根据提供的学生画像，为李华设计的个性化学习内容或任务如下：\n\n```json\n{\n  ""姓名"": ""李华"",\n  ""年龄"": 24,\n  ""背景"": ""教育学本科毕业，擅长理论分析，对实践策略较弱"",\n  ""学习目标"": ""深入理解教育学原理，提升实践应用能力"",\n  ""兴趣爱好"": ""阅读教育学相关书籍，参与教育实验项目"",\n  ""个性化学习内容或任务"": [\n    {\n      ""类型"": ""理论深化"",\n      ""描述"": ""选取一本关于现代教育理论与发展趋势的专业书籍进行研读，并撰写一篇不少于3000字的心得体会。"",\n      ""目的"": ""加深对当前教育领域最新研究成果的理解，促进批判性思维的发展。""\n    },\n    {\n      ""类型"": ""案例研究"",\n      ""描述"": ""选择一个国内外成功的教育改革案例作为研究对象，通过文献回顾、数据分析等方式探究其成功要素及可借鉴之处。"",\n      ""目的"": ""将理论知识与实际案例相结合，增强解决现实问题的能力。""\n    },\n    {\n      ""类型"": ""实践活动"",\n      ""描述"": ""加入当地一所学校的志愿者团队，在指导老师的帮助下参与到课堂教学中去，尝试运用所学知识设计并实施一次小规模的教学活动。"",\n      ""目的"": ""直接体验一线教师的工作状态，提高教学设计和执行的实际操作技能。""\n    },\n    {\n      ""类型"": ""反思日志"",\n      ""描述"": ""每次完成上述任一任务后都需撰...","[""5分： 充分融合所有关键场景要素（如学生历史、学习偏好等），输出高度个性化，并与教学情境高度匹配。"", ""4分： 有效使用主要场景要素，回答具有针对性；可能遗漏少量细节，但不影响整体效果。"", ""3分： 使用了部分场景信息，但融合较浅；个性化程度或情境契合度一般。"", ""2分： 仅表层提及场景信息，未有效融合核心要素；与上下文连接较弱。"", ""1分： 完全忽视场景特定信息；输出通用、模板化，且与场景不相关。""]",question_seed42/train source; batch96 and topup1 source question reuse minimized and recorded
topup2_147,syn_9b0dfac302d728c2,83f392c23a425eb68ae94e2a3ab603cbf9f7b1a0,train,results_merge.jsonl,363,ebf6383ccf11081172d762d21b7079671bd2437d,c13c6572066be065d993b5eea3ad6b33a8c068b9,"Student Profile: Student Profile: {'Name': 'Alex Johnson', 'Age': 24, 'Background': ""Alex has a Bachelor's degree in Sports Science and is currently pursuing a Master's in Physical Education. He is particularly interested in biomechanics and sports psychology."", 'Learning Style': 'Visual and kinesthetic learner, prefers hands-on activities and graphical representations.', 'Goals': 'To deepen understanding of biomechanics and apply sports psychology techniques in coaching.'}
Based on the student profile, generate 'personalized learning content or tasks' for each student, returning the result in JSON format.","[""5: Highly personalized content/advice/feedback based on student level/traits/needs; resource and learning path suggestions are accurate, practical, and valuable."", ""4: Demonstrates some adaptation to student situation; provides relevant learning advice or resources with good utility."", ""3: Attempts personalization but with limited effectiveness; recommendations are generic and of limited value."", ""2: Little to no personalization; output is the same for everyone; learning support is insufficient or unrelated."", ""1: No personalization; output may conflict with student needs; offers no or incorrect learning support.""]",2,2,en,"Personalization, Adaptation & Learning Support",scenario_mismatch,scenario_mismatch,5,5,Personalized Learning Support,Physical Education,Master,True,True,True,exact_metric_language,False,False,False,False,False,False,False,False,False,False,LOW,1,0,1,4,question_reused_recorded,"Student Profile: Student Profile: {'Name': 'Alex Johnson', 'Age': 24, 'Background': ""Alex has a Bachelor's degree in Sports Science and is currently pursuing a Master's in Physical Education. He is particularly interested in biomechanics and sports psychology."", 'Learning Style': 'Visual and kinesthetic learner, prefers hands-on activities and graphical representations.', 'Goals': 'To deepen understanding of biomechanics and apply sports psychology techniques in coaching.'}\nBased on the student profile, generate 'personalized learning content or tasks' for each student, returning the result in JSON format.","Here's a JSON formatted response based on Alex Johnson's student profile:\n\n```json\n{\n  ""Student"": {\n    ""Name"": ""Alex Johnson"",\n    ""Age"": 24,\n    ""Background"": ""Bachelor's degree in Sports Science, currently pursuing Master's in Physical Education with interests in biomechanics and sports psychology."",\n    ""Learning Style"": ""Visual and kinesthetic learner, prefers hands-on activities and graphical representations."",\n    ""Goals"": ""To deepen understanding of biomechanics and apply sports psychology techniques in coaching.""\n  },\n  ""Personalized Learning Content or Tasks"": [\n    {\n      ""Task_Type"": ""Interactive Simulation"",\n      ""Description"": ""Use an interactive biomechanica...","[""5: Highly personalized content/advice/feedback based on student level/traits/needs; resource and learning path suggestions are accurate, practical, and valuable."", ""4: Demonstrates some adaptation to student situation; provides relevant learning advice or resources with good utility."", ""3: Attempts personalization but with limited effectiveness; recommendations are generic and of limited value."", ""2: Little to no personalization; output is the same for everyone; learning support is insufficient or unrelated."", ""1: No personalization; output may conflict with student needs; offers no or incorrect learning support.""]",question_seed42/train source; batch96 and topup1 source question reuse minimized and recorded
topup2_148,syn_cf9c02c949e026ff,8646a5e993de5a511e646ca6556f3d97fee98e36,train,results_merge.jsonl,2834,414ba6d9775b2d468e4fbb2fbc213cbff8960997,e175df3bfd92a9114b31c7cda8b4088e003735bb,"学生画像：学生的画像：{'姓名': '李明', '年龄': 26, '背景': '本科工商管理学士，具有两年政府部门工作经验', '学习目标': '深入理解公共政策制定及其影响，提升数据分析能力用于政策评估', '兴趣': '社科研究，政策分析，社会经济发展', '学习风格': '偏向实践，喜欢通过案例学习', '挑战': '数据分析技能有待提升，理论概念记忆较慢'}
请根据学生画像，为每位学生生成 ‘个性化的学习内容或任务’:,以json格式返回","[""5分： 交互或内容设计巧妙，能显著促进学生的批判性思维、创新思维、问题解决或知识迁移应用能力（例如通过开放性问题、对比分析、案例探究、项目式任务等）。"", ""4分： 能提出引导性问题或设计有一定挑战性的任务，对培养学生的高阶思维和能力（如分析、评估、应用）有积极作用。"", ""3分： 在促进高阶思维方面有所尝试（如提出一些简单的思考题），但深度和广度有限，效果不明显，整体仍偏重知识复述或简单应用。"", ""2分： 交互或内容主要停留在基础知识记忆和理解层面，很少或未能涉及需要高阶思维的活动或问题。"", ""1分： 完全忽视高阶思维培养，仅限于死记硬背或简单重复，甚至可能因提供过于简化或固化的答案而阻碍思维发展。""]",1,1,zh,Higher-Order Thinking & Skill Development,reasoning_gap,reasoning_gap,5,5,Personalized Learning Support,Public Administration,Master,True,True,True,exact_metric_language,False,False,False,False,False,False,False,False,False,False,LOW,1,0,1,3,question_reused_recorded,"学生画像：学生的画像：{'姓名': '李明', '年龄': 26, '背景': '本科工商管理学士，具有两年政府部门工作经验', '学习目标': '深入理解公共政策制定及其影响，提升数据分析能力用于政策评估', '兴趣': '社科研究，政策分析，社会经济发展', '学习风格': '偏向实践，喜欢通过案例学习', '挑战': '数据分析技能有待提升，理论概念记忆较慢'}\n请根据学生画像，为每位学生生成 ‘个性化的学习内容或任务’:,以json格式返回","```json\n{\n  ""个性化学习内容与任务"": [\n    {\n      ""模块"": ""公共政策理论与实践"",\n      ""任务"": [\n        {\n          ""名称"": ""政策生命周期沙盘推演"",\n          ""形式"": ""交互式模拟软件"",\n          ""案例"": ""某市人才引进政策迭代过程"",\n          ""产出"": ""政策修订建议报告（含利益相关者分析矩阵）""\n        },\n        {\n          ""名称"": ""概念记忆强化训练"",\n          ""方法"": ""政策树状图构建"",\n          ""工具"": ""Miro可视化协作平台"",\n          ""案例库"": [\n            ""多源流理论在垃圾分类政策中的应用"",\n            ""倡导联盟框架解析医保改革""\n          ]\n        }\n      ]\n    },\n    {\n      ""模块"": ""政策数据分析专项"",\n      ""路径"": [\n        {\n          ""阶段"": ""基础能力建设"",\n          ""内容"": [\n            ""Excel政策数据清洗（人社部就业数据集实战）"",\n            ""Tableau民生指标可视化（人口普查数据仪表盘制作）""\n          ]\n        },\n        {\n          ""阶段"": ""高...","[""5分： 交互或内容设计巧妙，能显著促进学生的批判性思维、创新思维、问题解决或知识迁移应用能力（例如通过开放性问题、对比分析、案例探究、项目式任务等）。"", ""4分： 能提出引导性问题或设计有一定挑战性的任务，对培养学生的高阶思维和能力（如分析、评估、应用）有积极作用。"", ""3分： 在促进高阶思维方面有所尝试（如提出一些简单的思考题），但深度和广度有限，效果不明显，整体仍偏重知识复述或简单应用。"", ""2分： 交互或内容主要停留在基础知识记忆和理解层面，很少或未能涉及需要高阶思维的活动或问题。"", ""1分： 完全忽视高阶思维培养，仅限于死记硬背或简单重复，甚至可能因提供过于简化或固化的答案而阻碍思维发展。""]",question_seed42/train source; batch96 and topup1 source question reuse minimized and recorded
topup2_149,syn_e1117ba847674152,1214a9796760bb201b38fce79c99471cc31271d2,train,results_merge.jsonl,1077,474e1de7818e5730139801b4f471b28d6fa78a15,4d2ce0fb75d4bd6902b563737e6796deebd475d3,"Question: True or False: The sum of the interior angles of a triangle is 180 degrees.
Student's Answer: True
Please provide ""Score"", ""Scoring Details"", and ""Personalized Feedback"" based on the question and student's answer, in JSON format.","[""5: Precisely identified all errors (no omission or false positives); provided completely correct, clear, and optimal correction suggestions."", ""4: Correctly located most major errors; suggestions are generally accurate and effective with only minor omissions or less-than-perfect advice."", ""3: Identified some errors but with clear omissions or false positives; suggestions are partially correct but may lack clarity, completeness or optimality."", ""2: Inaccurate error detection with critical omissions or many false positives; suggestions contain errors or are hard to comprehend."", ""1: Completely failed to detect errors; provided entirely incorrect or misleading correction advice.""]",3,3,en,Error Identification & Correction Precision,factual_error,factual_error,5,5,Automatic Grading,Mathematics,High School,True,True,True,exact_metric_language,False,False,False,False,False,False,False,False,False,False,LOW,1,1,2,2,question_reused_recorded,"Question: True or False: The sum of the interior angles of a triangle is 180 degrees.\nStudent's Answer: True\nPlease provide ""Score"", ""Scoring Details"", and ""Personalized Feedback"" based on the question and student's answer, in JSON format.","```json\n{\n  ""Score"": 1,\n  ""ScoringDetails"": {\n    ""Accuracy"": ""The student's answer is correct. The sum of the interior angles of a triangle is indeed 180 degrees, as stated in Euclidean geometry."",\n    ""Completeness"": ""The answer provided is complete and directly addresses the question asked.""\n  },\n  ""PersonalizedFeedback"": ""Great job! You correctly identified that the sum of the interior angles of a triangle is 180 degrees. This is a fundamental concept in geometry, and understanding it will help you with more complex problems in the future. Keep up the good work!""\n}\n```","[""5: Precisely identified all errors (no omission or false positives); provided completely correct, clear, and optimal correction suggestions."", ""4: Correctly located most major errors; suggestions are generally accurate and effective with only minor omissions or less-than-perfect advice."", ""3: Identified some errors but with clear omissions or false positives; suggestions are partially correct but may lack clarity, completeness or optimality."", ""2: Inaccurate error detection with critical omissions or many false positives; suggestions contain errors or are hard to comprehend."", ""1: Completely failed to detect errors; provided entirely incorrect or misleading correction advice.""]",question_seed42/train source; batch96 and topup1 source question reuse minimized and recorded
topup2_150,syn_7b1ebb71d8cc1288,29e8219a42872cc76890bf6973ffb47bffbc5603,train,results_merge.jsonl,4966,80c997dc9bc9becf50e310e86fb5550097076469,93e886a205ba5f210e0fe5d7c8fb66c58149388b,"学科:数学
学制级别:小学
知识点：简单的加法运算
问题类型：单选题
.请根据学科,学制级别,知识点,问题类型生成一个对应的问题。""问题""和""提供的思路"":,以json格式返回","[""5分： 完全理解并精准执行所有指令，完美达成核心任务目标，格式完全符合要求。"", ""4分： 准确理解主要指令，正确执行任务，核心目标达成度高，格式基本符合要求，可能有极少细节遗漏或偏差。"", ""3分： 理解了指令大意但可能忽略部分细节，任务基本完成但存在一些不准确或遗漏之处，格式有明显尝试但存在较多偏差。"", ""2分： 对指令理解有偏差，任务完成度低或有严重错误，格式多数不符合要求。"", ""1分： 完全误解或无视指令，任务未完成或完全错误，格式混乱或不相关。""]",2,2,zh,Instruction Following & Task Completion,instruction_violation,instruction_violation,5,5,Question Generation,Mathematics,High School,True,True,True,exact_metric_language,False,False,False,False,False,False,False,False,False,False,LOW,1,0,1,3,question_reused_recorded,"学科:数学\n学制级别:小学\n知识点：简单的加法运算\n问题类型：单选题\n.请根据学科,学制级别,知识点,问题类型生成一个对应的问题。""问题""和""提供的思路"":,以json格式返回","```json\n{\n  ""问题"": ""小明有3个苹果，妈妈又给了他2个苹果，请问现在小明一共有多少个苹果？"",\n  ""选项"": {\n    ""A"": ""4个"",\n    ""B"": ""5个"",\n    ""C"": ""6个"",\n    ""D"": ""7个""\n  },\n  ""正确答案"": ""B"",\n  ""提供的思路"": ""这是一道简单的加法运算题。题目中提到小明原本有3个苹果，后来妈妈又给了他2个苹果。要找出小明现在总共有多少个苹果，只需要将这两个数字相加即可：3 + 2 = 5。因此，正确答案是B选项，即5个苹果。""\n}\n```","[""5分： 完全理解并精准执行所有指令，完美达成核心任务目标，格式完全符合要求。"", ""4分： 准确理解主要指令，正确执行任务，核心目标达成度高，格式基本符合要求，可能有极少细节遗漏或偏差。"", ""3分： 理解了指令大意但可能忽略部分细节，任务基本完成但存在一些不准确或遗漏之处，格式有明显尝试但存在较多偏差。"", ""2分： 对指令理解有偏差，任务完成度低或有严重错误，格式多数不符合要求。"", ""1分： 完全误解或无视指令，任务未完成或完全错误，格式混乱或不相关。""]",question_seed42/train source; batch96 and topup1 source question reuse minimized and recorded
topup2_151,syn_fdad34a2db74c627,203579577637a52d986e85779c3dc0cf760510cd,train,results_merge.jsonl,1507,7d31b9d0eef59066afff9ba848a799e2668bbed2,ae2e45badf55cad3a1fcf87f8b8334364e87f748,"Subject:Basic Medicine
Education Level:Master
Knowledge Point:The renin-angiotensin-aldosterone system (RAAS) plays a crucial role in regulating blood pressure and fluid balance in the body.
Question Type:Single Choice
.Generate a corresponding question based on subject, education level, knowledge point, and question type. Return ""Question"" and ""Provided Reasoning"" in JSON format.","[""5: All stated factual elements (definitions, formulas, dates, terms, syntax, etc.) are completely accurate."", ""4: Vast majority of facts are correct; possibly contains very minor, non-critical typos or omissions."", ""3: Most facts are correct, but there are some notable factual errors that require review."", ""2: Contains several or key factual inaccuracies; information is not trustworthy."", ""1: Riddled with factual errors; information is completely incorrect or misleading.""]",1,1,en,Basic Factual Accuracy,factual_error,factual_error,5,5,Question Generation,Basic Medicine,Master,True,True,True,exact_metric_language,False,False,False,False,False,False,False,False,False,False,LOW,1,0,1,3,question_reused_recorded,"Subject:Basic Medicine\nEducation Level:Master\nKnowledge Point:The renin-angiotensin-aldosterone system (RAAS) plays a crucial role in regulating blood pressure and fluid balance in the body.\nQuestion Type:Single Choice\n.Generate a corresponding question based on subject, education level, knowledge point, and question type. Return ""Question"" and ""Provided Reasoning"" in JSON format.","```json\n{\n  ""Question"": ""In the renin-angiotensin-aldosterone system (RAAS), which hormone directly stimulates the adrenal cortex to release aldosterone?"",\n  ""Provided Reasoning"": ""The RAAS is a complex hormonal system that regulates blood pressure and fluid balance. When there is a decrease in blood volume or blood pressure, the kidneys release renin into the bloodstream. Renin then converts angiotensinogen (produced by the liver) into angiotensin I. Angiotensin-converting enzyme (ACE) in the lungs further converts angiotensin I into angiotensin II. Angiotensin II has several effects, including stimulating the adrenal cortex to release aldosterone, which helps retain sodium and water,...","[""5: All stated factual elements (definitions, formulas, dates, terms, syntax, etc.) are completely accurate."", ""4: Vast majority of facts are correct; possibly contains very minor, non-critical typos or omissions."", ""3: Most facts are correct, but there are some notable factual errors that require review."", ""2: Contains several or key factual inaccuracies; information is not trustworthy."", ""1: Riddled with factual errors; information is completely incorrect or misleading.""]",question_seed42/train source; batch96 and topup1 source question reuse minimized and recorded
topup2_152,syn_bfb92e89066756aa,50a3784db7682a849c290dc0d6dd48ee89d7d85e,train,results_merge.jsonl,5101,770c45352988affabdaebdbaa7ba14d12f370c74,50ebc25731fe82af0f8c86973e4c17a0c9fed047,"学科:数学
学制级别:小学
知识点：简单分数的比较
问题类型：单选题
.请根据学科,学制级别,知识点,问题类型生成一个对应的问题。""问题""和""提供的思路"":,以json格式返回","[""5分： 在专业领域知识运用上不仅准确，且展现出恰当的深度和严谨性，符合行业标准或学术规范。"", ""4分： 专业知识运用准确，体现了较好的专业水准，但在深度或某些细节的严谨性上略有不足，不影响核心正确性。"", ""3分： 专业知识运用基本准确，但显得较为表层或不够严谨，可能存在一些非核心概念的混淆或遗漏。"", ""2分： 专业知识运用存在明显错误或重大遗漏，体现出专业性不足。"", ""1分： 专业知识运用方面存在严重错误，完全不符合专业标准，可能产生误导。""]",2,2,zh,Domain Knowledge Accuracy,factual_error,factual_error,5,5,Question Generation,Mathematics,Elementary School,True,True,True,exact_metric_language,False,False,False,False,False,False,False,False,False,False,LOW,1,0,1,3,question_reused_recorded,"学科:数学\n学制级别:小学\n知识点：简单分数的比较\n问题类型：单选题\n.请根据学科,学制级别,知识点,问题类型生成一个对应的问题。""问题""和""提供的思路"":,以json格式返回","```json\n{\n  ""问题"": ""下面哪个分数最大？\nA. 1/2\nB. 1/3\nC. 1/4\nD. 1/5"",\n  ""提供的思路"": ""当比较这些简单的分数时，可以注意到每个分数的分子都是1。这意味着我们实际上是在比较分母的大小。记住一个原则：对于具有相同分子（这里是1）的分数来说，分母越小，这个分数就越大。因此，通过观察选项中的分母，我们可以很容易地确定哪个分数是最大的。""\n}\n```","[""5分： 在专业领域知识运用上不仅准确，且展现出恰当的深度和严谨性，符合行业标准或学术规范。"", ""4分： 专业知识运用准确，体现了较好的专业水准，但在深度或某些细节的严谨性上略有不足，不影响核心正确性。"", ""3分： 专业知识运用基本准确，但显得较为表层或不够严谨，可能存在一些非核心概念的混淆或遗漏。"", ""2分： 专业知识运用存在明显错误或重大遗漏，体现出专业性不足。"", ""1分： 专业知识运用方面存在严重错误，完全不符合专业标准，可能产生误导。""]",question_seed42/train source; batch96 and topup1 source question reuse minimized and recorded
topup2_153,syn_87337679889973f1,6c370c202a258195bb098ace22f336e93ddedfce,train,results_merge.jsonl,2114,42fca1e21a602a4719433f012846ec7165b7aa0d,38294f816deec06370675c29af4b1fb54962fbe0,"Anxiety Level: Mild Anxiety
Dialogue with Student: Agent: Hi there! How's your Chinese study going today?
Student: Hi... It's going okay, I guess.
Agent: Just okay? Is there something that's bothering you?
Student: Well, I'm feeling a bit anxious about the upcoming Chinese test. I'm not sure if I'm fully prepared.
Agent: That's understandable. Tests can be stressful. What part of the test are you most worried about?
Student: I think it's the listening section. I always find it hard to catch everything they're saying.
Agent: Listening can be tricky, especially in a new language. Have you tried any specific strategies to help with that?
Student: I've been listening to audio clips, but it's still tough.
Agent: It's great that you're practicing! Sometimes, breaking the audio into smaller parts and repeating them can help. How do you feel about trying that?
Student: I guess I can try that more often. Thanks for the suggestion.
Agent: You're welcome! Remember, it's okay to feel anxious, and practicing a little each day can really help. You're doing a great job!
Based on the student's emotional state and conversation, provide ""Emotional State Analysis"" and ""Comfort & Advice"", in JSON format.","[""5: Excellent role-playing (e.g., teacher/TA); language style, professionalism, and tone (e.g., encouraging/serious) are perfectly aligned with the assumed role and audience."", ""4: Role and tone are mostly consistent and appropriate for the scenario, with minor deviation in individual expressions."", ""3: Attempts to match the role and tone can be seen, but overall consistency is weak; some expressions are disconnected from the role/scenario."", ""2: Significant mismatch in role and tone; comes across as unnatural or inconsistent."", ""1: No reflection of assigned role/tone; expression entirely inconsistent with the scenario.""]",1,1,en,Role & Tone Consistency,scenario_mismatch,scenario_mismatch,5,5,Emotional Support,Chinese,Middle School,True,True,True,exact_metric_language,False,False,False,False,False,False,False,False,False,False,LOW,1,1,2,2,question_reused_recorded,"Anxiety Level: Mild Anxiety\nDialogue with Student: Agent: Hi there! How's your Chinese study going today?\nStudent: Hi... It's going okay, I guess.\nAgent: Just okay? Is there something that's bothering you?\nStudent: Well, I'm feeling a bit anxious about the upcoming Chinese test. I'm not sure if I'm fully prepared.\nAgent: That's understandable. Tests can be stressful. What part of the test are you most worried about?\nStudent: I think it's the listening section. I always find it hard to catch everything they're saying.\nAgent: Listening can be tricky, especially in a new language. Have you tried any specific strategies to help with that?\nStudent: I've been listening to audio clips, b...","```json\n{\n  ""EmotionalStateAnalysis"": {\n    ""CurrentEmotion"": ""Mild Anxiety"",\n    ""ReasonsForAnxiety"": [""Upcoming Chinese test"", ""Difficulty with the listening section""],\n    ""PositiveIndicators"": [""Acknowledgment of anxiety"", ""Openness to suggestions""]\n  },\n  ""ComfortAndAdvice"": {\n    ""ComfortMessages"": [\n      ""It's completely normal to feel anxious before a test."",\n      ""You're already taking positive steps by practicing regularly.""\n    ],\n    ""Advice"": [\n      ""Break down the audio into smaller sections to focus on understanding each part clearly."",\n      ""Practice consistently, even if it's just a little each day, to build up your confidence gradually.""\n    ]\n  }\n}\...","[""5: Excellent role-playing (e.g., teacher/TA); language style, professionalism, and tone (e.g., encouraging/serious) are perfectly aligned with the assumed role and audience."", ""4: Role and tone are mostly consistent and appropriate for the scenario, with minor deviation in individual expressions."", ""3: Attempts to match the role and tone can be seen, but overall consistency is weak; some expressions are disconnected from the role/scenario."", ""2: Significant mismatch in role and tone; comes across as unnatural or inconsistent."", ""1: No reflection of assigned role/tone; expression entirely inconsistent with the scenario.""]",question_seed42/train source; batch96 and topup1 source question reuse minimized and recorded
topup2_154,syn_e190943693a70f42,2d1b10f8a0728eba52d7750557f6547f5fd36ec7,train,results_merge.jsonl,4707,93a5ca2decc82169ec51fce4735b568ddb829c8a,422c28652b4a8f9f256aa358b3d8b4b1e902a449,"学科:历史学
学制级别:大学
问题：以下哪一事件标志着英格兰光荣革命的结束？
A. 1688年詹姆斯二世的逃亡
B. 1689年权利法案的通过
C. 1690年博因河战役
D. 1694年玛丽二世去世
.请根据问题生成对应的答案。""答案"":,以json格式返回","[""5分： 内容与指定知识点/主题/问题高度相关，且严格控制在要求的难度、范围、学科内，无冗余或无关信息。"", ""4分： 内容主体相关，范围控制良好，可能包含极少量轻微超纲或关联度稍弱的信息。"", ""3分： 内容大部分相关，但包含一些偏离主题或超出范围的部分，范围控制不够精确。"", ""2分： 内容相关性较差，包含较多无关信息，或严重超出指定范围。"", ""1分： 内容基本不相关，或完全脱离指定范围。""]",2,2,zh,Content Relevance & Scope Control,scenario_mismatch,scenario_mismatch,5,5,Question Answering,History,Undergraduate,True,True,True,exact_metric_language,False,False,False,False,False,False,False,False,False,False,LOW,1,0,1,3,question_reused_recorded,"学科:历史学\n学制级别:大学\n问题：以下哪一事件标志着英格兰光荣革命的结束？\nA. 1688年詹姆斯二世的逃亡\nB. 1689年权利法案的通过\nC. 1690年博因河战役\nD. 1694年玛丽二世去世\n.请根据问题生成对应的答案。""答案"":,以json格式返回","```json\n{\n  ""答案"": ""B. 1689年权利法案的通过""\n}\n```","[""5分： 内容与指定知识点/主题/问题高度相关，且严格控制在要求的难度、范围、学科内，无冗余或无关信息。"", ""4分： 内容主体相关，范围控制良好，可能包含极少量轻微超纲或关联度稍弱的信息。"", ""3分： 内容大部分相关，但包含一些偏离主题或超出范围的部分，范围控制不够精确。"", ""2分： 内容相关性较差，包含较多无关信息，或严重超出指定范围。"", ""1分： 内容基本不相关，或完全脱离指定范围。""]",question_seed42/train source; batch96 and topup1 source question reuse minimized and recorded
topup2_155,syn_bd7043bf6b9fb814,00cc2234e9bc1e2ee6ccbfcbedb59354ed0d0403,train,results_merge.jsonl,1359,77549e9a87652e35c3eb0c10ff7c6e47a57e0ceb,5ee8533b393c95d20bf2ce0329ab7e8bc7ad06e1,"Subject:Public Administration
Education Level:PhD
Knowledge Point:Public administration at the PhD level often involves understanding complex governance structures, policy analysis, and the implementation of public policies in various political and economic contexts.
Question Type:Multiple Choice
.Generate a corresponding question based on subject, education level, knowledge point, and question type. Return ""Question"" and ""Provided Reasoning"" in JSON format.","[""5: Extremely clear and concise explanations; fully accessible for target learners; vibrant and engaging delivery that inspires deep thought and interest."", ""4: Clear and easy to understand; appropriate for learner level; somewhat thought-provoking and can trigger reflection."", ""3: Generally understandable but may be wordy, complex, or dull; limited inspirational impact."", ""2: Lacks clarity; uses excessive jargon or complex structures; difficult to comprehend; uninspiring."", ""1: Confusing and hard to follow; disregards learner needs; offers no inspiration and may cause confusion.""]",1,1,en,"Clarity, Simplicity & Inspiration",superficial_fluency,superficial_fluency,4,4,Question Generation,Public Administration,PhD,True,True,True,exact_metric_language,False,False,False,False,False,False,False,False,False,False,LOW,1,0,1,3,question_reused_recorded,"Subject:Public Administration\nEducation Level:PhD\nKnowledge Point:Public administration at the PhD level often involves understanding complex governance structures, policy analysis, and the implementation of public policies in various political and economic contexts.\nQuestion Type:Multiple Choice\n.Generate a corresponding question based on subject, education level, knowledge point, and question type. Return ""Question"" and ""Provided Reasoning"" in JSON format.","```json\n{\n  ""Question"": ""Which of the following best describes the primary focus of public administration research at the PhD level?"",\n  ""Options"": [\n    {\n      ""Option"": ""Analyzing the effectiveness of individual public services"",\n      ""Correct"": false,\n      ""Reasoning"": ""While important, this option is too narrow to encompass the broad scope of public administration research at the PhD level.""\n    },\n    {\n      ""Option"": ""Understanding complex governance structures, policy analysis, and the implementation of public policies in various political and economic contexts"",\n      ""Correct"": true,\n      ""Reasoning"": ""This option accurately reflects the comprehensive nature of P...","[""5: Extremely clear and concise explanations; fully accessible for target learners; vibrant and engaging delivery that inspires deep thought and interest."", ""4: Clear and easy to understand; appropriate for learner level; somewhat thought-provoking and can trigger reflection."", ""3: Generally understandable but may be wordy, complex, or dull; limited inspirational impact."", ""2: Lacks clarity; uses excessive jargon or complex structures; difficult to comprehend; uninspiring."", ""1: Confusing and hard to follow; disregards learner needs; offers no inspiration and may cause confusion.""]",question_seed42/train source; batch96 and topup1 source question reuse minimized and recorded
topup2_156,syn_5b9278b624590984,b54da7cc935ebea5fc479d17f7713e8c59f50ee2,train,results_merge.jsonl,4611,e826870afe4da21943336b7b1c30736bf7fbb8f1,4d40dfd74674d413182c361c28d2d2a657cb1605,"焦虑级别：轻度焦虑
对话内容：[{'学生': '我最近感觉有些焦虑，面对博士阶段的学习压力，有些时候会觉得吃力。'}, {'智能体': '我理解，这么高强度的课程和研究任务，难免会让人感到压力重重。你有没有哪些具体方面觉得特别挑战呢？'}, {'学生': '主要是我在实验设计和数据分析上有时候感到不太自信，担心自己的研究不能达到预期效果。'}, {'智能体': '这些感觉是很正常的，因为博士阶段的学习本身就涉及很多未知和不确定性。你做得很好，能够意识到自己在这些方面有不自信。你是否有尝试寻求导师或同学的帮助和建议呢？'}]
请根据学生情绪状态和对话给出""情绪状态分析"":和""安慰与建议"":,以json格式返回","[""5分： 始终体现出强烈的鼓励和支持态度，语言积极、富有建设性；在需要时提供非常有效的启发式引导，而非直接给答案。"", ""4分： 整体体现出鼓励和支持，语言积极正面；能提供有效的引导，偶尔可能过于直接。"", ""3分： 兼具鼓励和中性/批评性语言，积极性一般；引导有时有效，有时直接给答案或引导不足。"", ""2分： 缺乏鼓励和支持，语言偏中性甚至略显负面；很少提供有效引导，倾向于直接给答案或不给帮助。"", ""1分： 语言消极、打击性强，完全没有鼓励；无视引导需求，或提供错误引导。""]",3,3,zh,"Motivation, Guidance & Positive Feedback",scenario_mismatch,scenario_mismatch,4,4,Emotional Support,Basic Medicine,PhD,True,True,True,exact_metric_language,False,False,False,False,False,False,False,False,False,False,LOW,1,0,1,3,question_reused_recorded,"焦虑级别：轻度焦虑\n对话内容：[{'学生': '我最近感觉有些焦虑，面对博士阶段的学习压力，有些时候会觉得吃力。'}, {'智能体': '我理解，这么高强度的课程和研究任务，难免会让人感到压力重重。你有没有哪些具体方面觉得特别挑战呢？'}, {'学生': '主要是我在实验设计和数据分析上有时候感到不太自信，担心自己的研究不能达到预期效果。'}, {'智能体': '这些感觉是很正常的，因为博士阶段的学习本身就涉及很多未知和不确定性。你做得很好，能够意识到自己在这些方面有不自信。你是否有尝试寻求导师或同学的帮助和建议呢？'}]\n请根据学生情绪状态和对话给出""情绪状态分析"":和""安慰与建议"":,以json格式返回","```json\n{\n  ""情绪状态分析"": {\n    ""情绪类型"": ""轻度焦虑"",\n    ""主要表现"": ""面对博士阶段的学习压力，感到吃力，特别是在实验设计和数据分析上缺乏自信，担心研究效果。"",\n    ""情绪来源"": ""高强度的课程和研究任务，以及对自身能力的不确定性和对研究结果的担忧。""\n  },\n  ""安慰与建议"": {\n    ""安慰"": ""你目前的状态是博士阶段常见的反应，面对未知和不确定性感到焦虑是正常的。你已经意识到自己的不自信，这是迈向改进的第一步。"",\n    ""建议"": [\n      ""寻求导师或同学的帮助和建议，他们可能提供有价值的见解和支持。"",\n      ""尝试将大任务分解为小目标，逐步完成，以减轻压力。"",\n      ""定期进行自我反思，记录进展和成就，增强自信心。"",\n      ""考虑参加相关的研讨会或培训，提升实验设计和数据分析的技能。"",\n      ""保持健康的生活习惯，如适量运动、充足睡眠和均衡饮食，以支持身心健康。""\n    ]\n  }\n}\n```","[""5分： 始终体现出强烈的鼓励和支持态度，语言积极、富有建设性；在需要时提供非常有效的启发式引导，而非直接给答案。"", ""4分： 整体体现出鼓励和支持，语言积极正面；能提供有效的引导，偶尔可能过于直接。"", ""3分： 兼具鼓励和中性/批评性语言，积极性一般；引导有时有效，有时直接给答案或引导不足。"", ""2分： 缺乏鼓励和支持，语言偏中性甚至略显负面；很少提供有效引导，倾向于直接给答案或不给帮助。"", ""1分： 语言消极、打击性强，完全没有鼓励；无视引导需求，或提供错误引导。""]",question_seed42/train source; batch96 and topup1 source question reuse minimized and recorded
topup2_157,syn_28f904bfc99ce183,923c5901d25da7cdda1620ca49e007b31b4a11f2,train,results_merge.jsonl,2102,d0434a705d581d2aebdcf53be8acafc5da9b8e4e,677b117bd46054608c46cbe752069df551eccec6,"Question: Explain how plate tectonics can lead to the formation of mountains.

Please provide reasoning based on this question. Do not provide the answer directly.. ""Reasoning Provided"":, return in JSON format","[""5: Reasoning is complete, clear, and rigorous; all steps are correct; arguments are strong and free of logical fallacies."", ""4: Reasoning is largely correct and logically coherent with minor issues in individual steps or details that do not affect the conclusion."", ""3: Reasoning is visible but contains unclear logic, missing steps, or insufficient argumentation, affecting the overall outcome."", ""2: Reasoning has major logical flaws, confusion in steps, or critical omissions; reliability is low."", ""1: Virtually no valid reasoning; logic is chaotic; steps are incorrect or irrelevant.""]",2,2,en,Reasoning Process Rigor,overconfident_wrong,overconfident_wrong,5,5,Idea Provision,Geography,High School,True,True,True,exact_metric_language,False,False,False,False,False,False,False,False,False,False,LOW,1,0,1,3,question_reused_recorded,"Question: Explain how plate tectonics can lead to the formation of mountains.\n\nPlease provide reasoning based on this question. Do not provide the answer directly.. ""Reasoning Provided"":, return in JSON format","```json\n{\n  ""Reasoning Provided"": {\n    ""Key Concepts"": [\n      ""Plate Tectonics"",\n      ""Convergent Boundaries"",\n      ""Subduction Zones"",\n      ""Continental Collision"",\n      ""Crustal Deformation""\n    ],\n    ""Processes"": [\n      {\n        ""Interaction Type"": ""Convergent Boundary (Continental-Continental)"",\n        ""Mechanism"": ""Collision of two continental plates leading to crustal compression, folding, and uplift."",\n        ""Example"": ""Himalayas formation via Indian-Eurasian plate collision.""\n      },\n      {\n        ""Interaction Type"": ""Convergent Boundary (Oceanic-Continental)"",\n        ""Mechanism"": ""Subduction of oceanic plate beneath continental plate, causing vol...","[""5: Reasoning is complete, clear, and rigorous; all steps are correct; arguments are strong and free of logical fallacies."", ""4: Reasoning is largely correct and logically coherent with minor issues in individual steps or details that do not affect the conclusion."", ""3: Reasoning is visible but contains unclear logic, missing steps, or insufficient argumentation, affecting the overall outcome."", ""2: Reasoning has major logical flaws, confusion in steps, or critical omissions; reliability is low."", ""1: Virtually no valid reasoning; logic is chaotic; steps are incorrect or irrelevant.""]",question_seed42/train source; batch96 and topup1 source question reuse minimized and recorded
topup2_158,syn_3b673d0eb55844ed,7caac849459b7c559fded7587661b8890d26dfa2,train,results_merge.jsonl,3064,33f24cdef61905293c51bb59ca561c1f2cef3965,41a0b6a9aebed7114332d46fd31b4a305047d02e,"问题：请简述第二次世界大战的主要参战国和其领导者。
原答案：第二次世界大战的主要参战国包括德国的希特勒、美国的罗斯福、法国的拿破仑和苏联的列宁。
你为学生的回答进行纠错服务.请根据这个问题和原答案给出""纠错后答案""和""纠错说明"":,以json格式返回","[""5分： 充分融合所有关键场景要素（如学生历史、学习偏好等），输出高度个性化，并与教学情境高度匹配。"", ""4分： 有效使用主要场景要素，回答具有针对性；可能遗漏少量细节，但不影响整体效果。"", ""3分： 使用了部分场景信息，但融合较浅；个性化程度或情境契合度一般。"", ""2分： 仅表层提及场景信息，未有效融合核心要素；与上下文连接较弱。"", ""1分： 完全忽视场景特定信息；输出通用、模板化，且与场景不相关。""]",1,1,zh,Scenario Element Integration,instruction_violation,instruction_violation,4,4,Error Correction,History,Middle School,True,True,True,exact_metric_language,False,False,False,False,False,False,False,False,False,False,LOW,1,0,1,3,question_reused_recorded,"问题：请简述第二次世界大战的主要参战国和其领导者。\n原答案：第二次世界大战的主要参战国包括德国的希特勒、美国的罗斯福、法国的拿破仑和苏联的列宁。\n你为学生的回答进行纠错服务.请根据这个问题和原答案给出""纠错后答案""和""纠错说明"":,以json格式返回","{\n  ""纠错后答案"": ""第二次世界大战的主要参战国包括轴心国（如德国、意大利、日本）和同盟国（如美国、英国、苏联）。轴心国方面，德国由希特勒领导；意大利由墨索里尼领导；日本由军阀集团控制。同盟国方面，美国由罗斯福领导；英国由丘吉尔领导；苏联由斯大林领导。"",\n  ""纠错说明"": ""原答案中存在多个错误。首先，拿破仑和列宁并不是二战时期的领导人，而是之前的著名人物。其次，法国和意大利在二战中的领导人分别是戴高乐和墨索里尼，而不是拿破仑和列宁。正确的描述应包括二战期间的主要国家及其领导人。""\n}","[""5分： 充分融合所有关键场景要素（如学生历史、学习偏好等），输出高度个性化，并与教学情境高度匹配。"", ""4分： 有效使用主要场景要素，回答具有针对性；可能遗漏少量细节，但不影响整体效果。"", ""3分： 使用了部分场景信息，但融合较浅；个性化程度或情境契合度一般。"", ""2分： 仅表层提及场景信息，未有效融合核心要素；与上下文连接较弱。"", ""1分： 完全忽视场景特定信息；输出通用、模板化，且与场景不相关。""]",question_seed42/train source; batch96 and topup1 source question reuse minimized and recorded
topup2_159,syn_61429304c81176f4,149f9441c4d8d11ab5ae76d131041560ce986240,train,results_merge.jsonl,8,8cdf1aba67fd11f6ef4d3de526d6c99b7ecebfd4,94289b746e8a20b56adad4f7b10eca05a8f10e0a,"{'Name': 'Alex Johnson', 'Age': 21, 'Current Education Level': 'Undergraduate', 'Current Skill Level': 'Intermediate', 'Learning Goals': ['Understand the application of economic theories in real-world scenarios', 'Improve quantitative analysis skills', 'Prepare for a career in economic policy analysis'], 'Weak Points': ['Econometric modeling', 'Macroeconomic policy analysis'], 'Study Habits': ['Prefers visual learning materials', 'Studies best in short, focused sessions', 'Enjoys group discussions']}
Based on the student profile, provide ""Learning Path Planning"" and ""Personalized Recommendations"", returned in JSON format.","[""5: Highly personalized content/advice/feedback based on student level/traits/needs; resource and learning path suggestions are accurate, practical, and valuable."", ""4: Demonstrates some adaptation to student situation; provides relevant learning advice or resources with good utility."", ""3: Attempts personalization but with limited effectiveness; recommendations are generic and of limited value."", ""2: Little to no personalization; output is the same for everyone; learning support is insufficient or unrelated."", ""1: No personalization; output may conflict with student needs; offers no or incorrect learning support.""]",2,2,en,"Personalization, Adaptation & Learning Support",rubric_violation,rubric_violation,4,4,Personalized Content Creation,Applied Economics,PhD,True,True,True,exact_metric_language,False,False,False,False,False,False,False,False,False,False,LOW,1,0,1,4,question_reused_recorded,"{'Name': 'Alex Johnson', 'Age': 21, 'Current Education Level': 'Undergraduate', 'Current Skill Level': 'Intermediate', 'Learning Goals': ['Understand the application of economic theories in real-world scenarios', 'Improve quantitative analysis skills', 'Prepare for a career in economic policy analysis'], 'Weak Points': ['Econometric modeling', 'Macroeconomic policy analysis'], 'Study Habits': ['Prefers visual learning materials', 'Studies best in short, focused sessions', 'Enjoys group discussions']}\nBased on the student profile, provide ""Learning Path Planning"" and ""Personalized Recommendations"", returned in JSON format.","{\n    ""Learning Path Planning"": {\n        ""Short Term (Next 3 Months)"": {\n            ""Focus Areas"": [""Quantitative Analysis Techniques"", ""Introduction to Econometrics""],\n            ""Resources"": [""Online Courses on Quantitative Methods"", ""Introductory Textbooks on Econometrics""]\n        },\n        ""Medium Term (Next 6-9 Months)"": {\n            ""Focus Areas"": [""Advanced Econometric Modeling"", ""Macroeconomic Policy Analysis""],\n            ""Resources"": [""Specialized Courses on Advanced Econometrics"", ""Case Studies on Macroeconomic Policies""]\n        },\n        ""Long Term (Over 1 Year)"": {\n            ""Focus Areas"": [""Research Methodology in Economics"", ""Application of Economic Th...","[""5: Highly personalized content/advice/feedback based on student level/traits/needs; resource and learning path suggestions are accurate, practical, and valuable."", ""4: Demonstrates some adaptation to student situation; provides relevant learning advice or resources with good utility."", ""3: Attempts personalization but with limited effectiveness; recommendations are generic and of limited value."", ""2: Little to no personalization; output is the same for everyone; learning support is insufficient or unrelated."", ""1: No personalization; output may conflict with student needs; offers no or incorrect learning support.""]",question_seed42/train source; batch96 and topup1 source question reuse minimized and recorded
topup2_160,syn_6b9597789401cbab,8ec21e1d66dfa1c7c38f8c24cbbab5d4298cdbb2,train,results_merge.jsonl,5133,85c4c4f06a98174d52ae51ed006345fe8dc8f85b,87a0c4543a99183510eb177d15fa1529b4649f70,"学科:体育教育学
学制级别:大学
知识点：运动学习与技能习得
问题类型：单选题
.请根据学科,学制级别,知识点,问题类型生成一个对应的问题。""问题""和""提供的思路"":,以json格式返回","[""5分： 交互或内容设计巧妙，能显著促进学生的批判性思维、创新思维、问题解决或知识迁移应用能力（例如通过开放性问题、对比分析、案例探究、项目式任务等）。"", ""4分： 能提出引导性问题或设计有一定挑战性的任务，对培养学生的高阶思维和能力（如分析、评估、应用）有积极作用。"", ""3分： 在促进高阶思维方面有所尝试（如提出一些简单的思考题），但深度和广度有限，效果不明显，整体仍偏重知识复述或简单应用。"", ""2分： 交互或内容主要停留在基础知识记忆和理解层面，很少或未能涉及需要高阶思维的活动或问题。"", ""1分： 完全忽视高阶思维培养，仅限于死记硬背或简单重复，甚至可能因提供过于简化或固化的答案而阻碍思维发展。""]",1,1,zh,Higher-Order Thinking & Skill Development,superficial_fluency,superficial_fluency,5,5,Question Generation,Physical Education,Master,True,True,True,exact_metric_language,False,False,False,False,False,False,False,False,False,False,LOW,1,0,1,3,question_reused_recorded,"学科:体育教育学\n学制级别:大学\n知识点：运动学习与技能习得\n问题类型：单选题\n.请根据学科,学制级别,知识点,问题类型生成一个对应的问题。""问题""和""提供的思路"":,以json格式返回","```json\n{\n  ""问题"": ""在运动学习与技能习得过程中，菲茨和波斯纳（Fitts & Posner）提出的技能习得三阶段模型不包括以下哪个阶段？"",\n  ""提供的思路"": {\n    ""知识点定位"": ""运动学习理论中经典的三阶段模型（认知阶段、联结阶段、自动化阶段）"",\n    ""干扰项设计"": [\n      ""动力定型阶段（源自巴甫洛夫条件反射理论，与运动技能形成无直接关联）"",\n      ""泛化阶段（动作技能初期易受干扰的阶段，非三阶段模型内容）"",\n      ""巩固提高阶段（常见于教学法描述，非理论模型术语）""\n    ],\n    ""正确项依据"": ""菲茨和波斯纳模型明确包含认知阶段（理解任务）、联结阶段（动作协调优化）、自动化阶段（无需意识控制），排除其他阶段命名方式不同的干扰项。""\n  }\n}\n```","[""5分： 交互或内容设计巧妙，能显著促进学生的批判性思维、创新思维、问题解决或知识迁移应用能力（例如通过开放性问题、对比分析、案例探究、项目式任务等）。"", ""4分： 能提出引导性问题或设计有一定挑战性的任务，对培养学生的高阶思维和能力（如分析、评估、应用）有积极作用。"", ""3分： 在促进高阶思维方面有所尝试（如提出一些简单的思考题），但深度和广度有限，效果不明显，整体仍偏重知识复述或简单应用。"", ""2分： 交互或内容主要停留在基础知识记忆和理解层面，很少或未能涉及需要高阶思维的活动或问题。"", ""1分： 完全忽视高阶思维培养，仅限于死记硬背或简单重复，甚至可能因提供过于简化或固化的答案而阻碍思维发展。""]",question_seed42/train source; batch96 and topup1 source question reuse minimized and recorded
