sample_id,pilot_group,original_score,original_region,qwen_score,deepseek_score,score_gap,qwen_failure_bucket,deepseek_failure_bucket,qwen_derived_risk,deepseek_derived_risk,qwen_training_use,deepseek_training_use,conflict_type,adjudication_priority,question_preview,answer_preview,rubric_preview,top80_for_adjudication
08554936f4982f9a49b0ecb237ab00fa29370010,train_all_low_label,2,low,1,5,4,hidden_or_missing_failure,no_failure,unclear,low,low_weight,exclude,audit_hard_conflict;deepseek_lenient_qwen_strict;derived_risk_disagreement;failure_bucket_disagreement;low_human_teacher_high;one_teacher_disagrees_with_human;score_gap_ge2;training_use_disagreement,1,"问题：在研究中世纪封建制度发展的过程中，下列哪些因素对其演变起到了关键作用？（可选择多个） A. 农奴制 B. 城市化进程 C. 十字军东征 D. 文艺复兴 E. 黑死病的流行 F. 军事科技的进步 学生的答案：['A', 'C', 'E', 'F'] 请根据问题和学生答案给出""评分"":""评分细节"":""个性化反馈"":,以json格式返回","```json { ""评分"": 3, ""评分细节"": { ""正确答案"": [""A"", ""C"", ""E"", ""F""], ""学生答案"": [""A"", ""C"", ""E"", ""F""], ""未选中但正确的选项"": [], ""错误选中的选项"": [] }, ""个性化反馈"": [ ""你的答案是正确的。农奴制、十字军东征、黑死病的流行以及军事科技的进步确实对中世纪封建制度的发展产生了重要影响。"" ] } ```","[""5分： 精准定位所有错误（无遗漏、无误报），给出的纠正建议完全正确、清晰且是最优或非常好的方案。"", ""4分： 准确定位了大部分主要错误，纠正建议基本正确有效，可能遗漏极少数次要错误或建议不够完美。"", ""3分： 定位了部分错误但有明显遗漏或误报，纠正建议部分正确但可能不够清晰、完整或并非最佳方案。"", ""2分： 错误定位不准确，遗漏了关键错误或大量误报，纠正建议存在错误或难以理解。"", ""1分： 完全未能识别错误，或给出了完...",True
49318c4f0d2ec2244ac543b0db468afaf9a85d1b,train_all_low_label,1,low,5,1,4,no_failure,visible_failure,low,high,review_only,high_weight,audit_hard_conflict;derived_risk_disagreement;failure_bucket_disagreement;low_human_teacher_high;one_teacher_disagrees_with_human;qwen_lenient_deepseek_strict;score_gap_ge2;training_use_disagreement,1,"Question: True or False: The human liver has the capacity to regenerate after surgical removal of a portion of its tissue. Student's Answer: True Please provide ""Score"", ""Scoring Details"", and ""Personalized Feedback"" ...","```json { ""Score"": ""100%"", ""Scoring Details"": { ""Correctness"": ""The student's answer is correct. The human liver does have the capacity to regenerate after partial surgical removal."", ""Reasoning"": ""The liver is unique...","[""5: Reasoning is complete, clear, and rigorous; all steps are correct; arguments are strong and free of logical fallacies."", ""4: Reasoning is largely correct and logically coherent with minor issues in individual ste...",True
5238e123a16a826d9dd25c0454890d96db10099a,exp27f_top40_conflict_reaudit,1,low,5,1,4,no_failure,visible_failure,low,unclear,review_only,high_weight,audit_hard_conflict;derived_risk_disagreement;failure_bucket_disagreement;low_human_teacher_high;one_teacher_disagrees_with_human;qwen_lenient_deepseek_strict;score_gap_ge2;training_use_disagreement,1,"Subject:Mathematics Education Level:PhD Question:In the context of complex analysis, consider the function f(z) = z^2 + 1. Which of the following statements is true regarding its singularities? A) f(z) has no singular...","```json { ""answer"": ""A) f(z) has no singularities."" } ```","[""5: All stated factual elements (definitions, formulas, dates, terms, syntax, etc.) are completely accurate."", ""4: Vast majority of facts are correct; possibly contains very minor, non-critical typos or omissions."", ...",True
6cc46157fcf2aa5b87cd72293be48481a7e5dacc,train_all_low_label,2,low,5,1,4,no_failure,visible_failure,low,high,review_only,review_only,audit_hard_conflict;derived_risk_disagreement;failure_bucket_disagreement;low_human_teacher_high;one_teacher_disagrees_with_human;qwen_lenient_deepseek_strict;score_gap_ge2,1,Question: Explain the concept of Nash Equilibrium in game theory and provide an example. Student's Answer: Nash Equilibrium is a situation in a game where each player's strategy is optimal given the strategies of all ...,"```json { ""Score"": 4, ""ScoringDetails"": { ""ConceptUnderstanding"": 2, ""ExampleRelevance"": 2, ""ExplanationClarity"": 1, ""TotalPossiblePoints"": 5 }, ""PersonalizedFeedback"": { ""Positive"": ""You correctly identified the conc...","[""5: Fully understood and precisely executed all instructions; achieved core task with perfect accuracy; output format is fully compliant."", ""4: Accurately understood main instructions and correctly completed the task...",True
7dfd63e7375e5474e2df047ebe282cf4ba8661b8,train_all_low_label,1,low,5,1,4,no_failure,hidden_or_missing_failure,low,high,review_only,high_weight,audit_hard_conflict;derived_risk_disagreement;failure_bucket_disagreement;low_human_teacher_high;one_teacher_disagrees_with_human;qwen_lenient_deepseek_strict;score_gap_ge2;training_use_disagreement,1,"Question: True or False: The human liver has the capacity to regenerate after surgical removal of a portion of its tissue. Student's Answer: True Please provide ""Score"", ""Scoring Details"", and ""Personalized Feedback"" ...","```json { ""Score"": 1, ""Scoring Details"": { ""Correctness"": ""The student's answer is correct. The human liver indeed has the remarkable ability to regenerate after surgical removal of a portion of its tissue."", ""Explana...","[""5: Reasoning is complete, clear, and rigorous; all steps are correct; arguments are strong and free of logical fallacies."", ""4: Reasoning is largely correct and logically coherent with minor issues in individual ste...",True
90ed1a72c758f575b39f863d5ac03313ac9b197e,train_all_low_label,1,low,1,5,4,hidden_or_missing_failure,no_failure,high,low,high_weight,review_only,audit_hard_conflict;deepseek_lenient_qwen_strict;derived_risk_disagreement;failure_bucket_disagreement;low_human_teacher_high;one_teacher_disagrees_with_human;score_gap_ge2;training_use_disagreement,1,"问题：在分布式系统中，一致性模型的重要性是什么？以下哪个选项最好地描述了它的作用？ A) 提高系统的吞吐量 B) 确保所有节点之间的数据保持一致 C) 降低系统的响应时间 D) 提高系统的可扩展性 学生的答案：B) 确保所有节点之间的数据保持一致 请根据问题和学生答案给出""评分"":""评分细节"":""个性化反馈"":,以json格式返回","```json { ""评分"": 1, ""评分细节"": { ""正确答案"": ""B) 确保所有节点之间的数据保持一致"", ""解释"": ""在分布式系统中，一致性模型的重要性在于确保所有节点之间的数据保持一致。这是分布式系统设计中的关键问题之一，因为分布式系统中的各个节点可能会独立地处理数据，并且需要保证这些数据的一致性。例如，CAP定理中的“一致性”（Consistency）就是指在分布式系统中，所有的读操作都能看到写操作的结果，即数据...","[""5分： 精准定位所有错误（无遗漏、无误报），给出的纠正建议完全正确、清晰且是最优或非常好的方案。"", ""4分： 准确定位了大部分主要错误，纠正建议基本正确有效，可能遗漏极少数次要错误或建议不够完美。"", ""3分： 定位了部分错误但有明显遗漏或误报，纠正建议部分正确但可能不够清晰、完整或并非最佳方案。"", ""2分： 错误定位不准确，遗漏了关键错误或大量误报，纠正建议存在错误或难以理解。"", ""1分： 完全未能识别错误，或给出了完...",True
c0d4f41ccf2066449887e86887cb7b8903269b2a,exp27f_top40_conflict_reaudit,2,low,1,5,4,visible_failure,no_failure,unclear,low,review_only,review_only,audit_hard_conflict;deepseek_lenient_qwen_strict;derived_risk_disagreement;failure_bucket_disagreement;low_human_teacher_high;one_teacher_disagrees_with_human;score_gap_ge2,1,"问题：选择以下具有微分同胚性质的函数类别：（可多选） A. 二次多项式函数 B. 余弦函数 C. 指数函数 D. 常数函数 E. 三次多项式函数 学生的答案：['C', 'E'] 请根据问题和学生答案给出""评分"":""评分细节"":""个性化反馈"":,以json格式返回","```json { ""评分"": 1, ""评分细节"": { ""正确选项"": [""B"", ""E""], ""学生选择"": [""C"", ""E""] }, ""个性化反馈"": [ ""你的选择中包括了指数函数，这是一个正确的选项。但是，你没有选择余弦函数，这也是一个具有微分同胚性质的函数类别。余弦函数在某些区间内是微分同胚的，而三次多项式函数通常不具备这种性质。建议你进一步了解不同函数类别的微分同胚特性。"" ] } ```","[""5分： 内容与指定知识点/主题/问题高度相关，且严格控制在要求的难度、范围、学科内，无冗余或无关信息。"", ""4分： 内容主体相关，范围控制良好，可能包含极少量轻微超纲或关联度稍弱的信息。"", ""3分： 内容大部分相关，但包含一些偏离主题或超出范围的部分，范围控制不够精确。"", ""2分： 内容相关性较差，包含较多无关信息，或严重超出指定范围。"", ""1分： 内容基本不相关，或完全脱离指定范围。""]",True
d47f50d9f862f2b3b38b2bce2d879ce46d379e2b,exp27f_top40_conflict_reaudit,2,low,5,1,4,no_failure,visible_failure,low,high,review_only,low_weight,audit_hard_conflict;derived_risk_disagreement;failure_bucket_disagreement;low_human_teacher_high;one_teacher_disagrees_with_human;qwen_lenient_deepseek_strict;score_gap_ge2;training_use_disagreement,1,"Knowledge Point: Constructivist Learning Theory Based on this knowledge point, provide ""Teaching Materials"": Teaching materials should include teaching objectives, key points and difficulties, classroom activity desig...","Here is an example of how you might structure teaching materials based on the constructivist learning theory in JSON format. This example focuses on a high school biology class about plant cell structure. ```json { ""C...","[""5: Content is highly relevant to the specified topic/theme/question; strictly within required difficulty/scope/discipline without redundant or irrelevant information."", ""4: Overall relevance is high; scope control i...",True
f33e86ba6eaa5281c801dea1ed174135a7d4c0da,exp27f_top40_conflict_reaudit,2,low,1,5,4,no_failure,no_failure,low,low,low_weight,exclude,audit_hard_conflict;deepseek_lenient_qwen_strict;low_human_teacher_high;one_teacher_disagrees_with_human;score_gap_ge2;training_use_disagreement,1,"问题：在神经生理学中，动作电位的过程中不包括以下哪一个步骤？ A) 去极化 B) 再极化 C) 超极化 D) 钙离子流入细胞 学生的答案：C) 超极化 请根据问题和学生答案给出""评分"":""评分细节"":""个性化反馈"":,以json格式返回","{ ""评分"": ""错误"", ""评分细节"": ""学生的答案选择了C) 超极化，这是不正确的。在动作电位的过程中，超极化是一个关键步骤，它发生在再极化之后，使膜电位低于静息电位。"", ""个性化反馈"": ""感谢你的回答！在动作电位的过程中，确实包括去极化、再极化和超极化等步骤。然而，你选择的C) 超极化实际上是动作电位的一个组成部分。正确的答案应该是D) 钙离子流入细胞，因为钙离子的流入并不是动作电位的直接步骤，而是与神经递质释放等后续...","[""5分： 所有涉及的客观事实（定义、公式、日期、名词、代码语法等）完全准确无误。"", ""4分： 绝大部分事实准确，可能存在个别极其微小的、非关键性的笔误或疏漏。"", ""3分： 大部分事实准确，但存在少量明显的事实错误，需要核查。"", ""2分： 包含较多或关键性的事实错误，信息不可靠。"", ""1分： 充斥着大量事实错误，信息完全错误或误导。""]",True
0578273c54e1a724084529ebbc385f1bdd1076ea,exp27f_top40_conflict_reaudit,1,low,5,2,3,no_failure,visible_failure,low,unclear,review_only,low_weight,audit_hard_conflict;derived_risk_disagreement;failure_bucket_disagreement;low_human_teacher_high;one_teacher_disagrees_with_human;qwen_lenient_deepseek_strict;score_gap_ge2;training_use_disagreement,1,"Subject:Mathematics Education Level:PhD Question:In the context of complex analysis, consider the function f(z) = z^2 + 1. Which of the following statements is true regarding its singularities? A) f(z) has no singular...","{ ""Answer"": ""A) f(z) has no singularities."" }","[""5: All stated factual elements (definitions, formulas, dates, terms, syntax, etc.) are completely accurate."", ""4: Vast majority of facts are correct; possibly contains very minor, non-critical typos or omissions."", ...",True
3bcc02fdb1dc40baccc625e0649658243cccf44d,train_all_low_label,2,low,5,2,3,no_failure,visible_failure,low,high,review_only,high_weight,audit_hard_conflict;derived_risk_disagreement;failure_bucket_disagreement;low_human_teacher_high;one_teacher_disagrees_with_human;qwen_lenient_deepseek_strict;score_gap_ge2;training_use_disagreement,1,"问题：在神经生理学中，动作电位的过程中不包括以下哪一个步骤？ A) 去极化 B) 再极化 C) 超极化 D) 钙离子流入细胞 学生的答案：C) 超极化 请根据问题和学生答案给出""评分"":""评分细节"":""个性化反馈"":,以json格式返回","```json { ""评分"": ""错误"", ""评分细节"": { ""正确答案"": ""D) 钙离子流入细胞"", ""学生答案"": ""C) 超极化"", ""知识点解析"": ""动作电位的核心阶段包括：1) **去极化**（钠离子快速内流），2) **再极化/复极化**（钾离子外流，恢复静息电位），3) **超极化**（短暂膜电位低于静息值，属于后电位的一部分）。选项D的“钙离子流入细胞”主要发生在突触末梢的神经递质释放阶段，而非动作电位本身的...","[""5分： 所有涉及的客观事实（定义、公式、日期、名词、代码语法等）完全准确无误。"", ""4分： 绝大部分事实准确，可能存在个别极其微小的、非关键性的笔误或疏漏。"", ""3分： 大部分事实准确，但存在少量明显的事实错误，需要核查。"", ""2分： 包含较多或关键性的事实错误，信息不可靠。"", ""1分： 充斥着大量事实错误，信息完全错误或误导。""]",True
bd384e01426757c4dd86e755a75d5ef86fe6e59f,exp27f_top40_conflict_reaudit,1,low,4,1,3,no_failure,hidden_or_missing_failure,low,high,review_only,high_weight,audit_hard_conflict;derived_risk_disagreement;failure_bucket_disagreement;low_human_teacher_high;one_teacher_disagrees_with_human;qwen_lenient_deepseek_strict;score_gap_ge2;training_use_disagreement,1,"Question: True or False: The human liver has the capacity to regenerate after surgical removal of a portion of its tissue. Student's Answer: True Please provide ""Score"", ""Scoring Details"", and ""Personalized Feedback"" ...","```json { ""Score"": 1, ""ScoringDetails"": { ""Accuracy"": 1, ""Explanation"": ""The student's answer is correct. The human liver indeed has a remarkable ability to regenerate. After a portion of the liver is removed, the rem...","[""5: Reasoning is complete, clear, and rigorous; all steps are correct; arguments are strong and free of logical fallacies."", ""4: Reasoning is largely correct and logically coherent with minor issues in individual ste...",True
26347fdbe0a04b7bfbc0e5079be670bb041a82f8,train_all_low_label,2,low,2,4,2,hidden_or_missing_failure,no_failure,high,low,high_weight,review_only,audit_hard_conflict;deepseek_lenient_qwen_strict;derived_risk_disagreement;failure_bucket_disagreement;low_human_teacher_high;one_teacher_disagrees_with_human;score_gap_ge2;training_use_disagreement,1,Question: Which of the following factors is most crucial for determining the success of a crop in a particular region? A) Soil pH B) Seed variety C) Irrigation method D) Climate conditions Please provide reasoning bas...,"```json { ""Reasoning Provided"": { ""Analysis of Options"": { ""A) Soil pH"": { ""Role"": ""Affects nutrient availability and plant health."", ""Adjustability"": ""Can be modified with amendments like lime or sulfur."", ""Limitatio...","[""5: Fully integrated all key scenario elements (e.g., student history, learning preferences); output is highly personalized and well-matched to the teaching context."", ""4: Used major scenario elements effectively; re...",True
7b2343c0fac6f79059007d116f746842fe6a6637,exp27f_top40_conflict_reaudit,1,low,4,2,2,no_failure,visible_failure,low,high,review_only,low_weight,audit_hard_conflict;derived_risk_disagreement;failure_bucket_disagreement;low_human_teacher_high;one_teacher_disagrees_with_human;qwen_lenient_deepseek_strict;score_gap_ge2;training_use_disagreement,1,"Question: True or False: The human liver has the capacity to regenerate after surgical removal of a portion of its tissue. Student's Answer: True Please provide ""Score"", ""Scoring Details"", and ""Personalized Feedback"" ...","```json { ""Score"": 1, ""Scoring Details"": { ""Correctness"": true, ""Explanation"": ""The student's answer is correct. The human liver does indeed have a remarkable ability to regenerate after partial removal, a process kno...","[""5: Reasoning is complete, clear, and rigorous; all steps are correct; arguments are strong and free of logical fallacies."", ""4: Reasoning is largely correct and logically coherent with minor issues in individual ste...",True
994d4e155a8f105839639aba605151175ef4de88,train_all_low_label,1,low,2,4,2,hidden_or_missing_failure,no_failure,unclear,low,low_weight,review_only,audit_hard_conflict;deepseek_lenient_qwen_strict;derived_risk_disagreement;failure_bucket_disagreement;low_human_teacher_high;one_teacher_disagrees_with_human;score_gap_ge2;training_use_disagreement,1,"问题：在研究中世纪封建制度发展的过程中，下列哪些因素对其演变起到了关键作用？（可选择多个） A. 农奴制 B. 城市化进程 C. 十字军东征 D. 文艺复兴 E. 黑死病的流行 F. 军事科技的进步 学生的答案：['A', 'C', 'E', 'F'] 请根据问题和学生答案给出""评分"":""评分细节"":""个性化反馈"":,以json格式返回","```json { ""评分"": 3, ""评分细节"": ""学生正确选择了四个因素中的三个，但漏掉了对城市化进程的影响。"", ""个性化反馈"": ""您的回答非常接近完全正确。您准确地指出了农奴制、十字军东征、黑死病的流行以及军事科技的进步对中世纪封建制度演变的关键影响。然而，城市化进程同样是一个重要的因素，它促进了经济和社会结构的变化，进一步削弱了封建制度的基础。希望您能更加全面地考虑各个因素的影响。"" } ```","[""5分： 精准定位所有错误（无遗漏、无误报），给出的纠正建议完全正确、清晰且是最优或非常好的方案。"", ""4分： 准确定位了大部分主要错误，纠正建议基本正确有效，可能遗漏极少数次要错误或建议不够完美。"", ""3分： 定位了部分错误但有明显遗漏或误报，纠正建议部分正确但可能不够清晰、完整或并非最佳方案。"", ""2分： 错误定位不准确，遗漏了关键错误或大量误报，纠正建议存在错误或难以理解。"", ""1分： 完全未能识别错误，或给出了完...",True
25a37166756d804397ce1540111f9b80f5bd477b,train_all_low_label,2,low,4,3,1,no_failure,hidden_or_missing_failure,low,medium,review_only,low_weight,audit_hard_conflict;derived_risk_disagreement;failure_bucket_disagreement;low_human_teacher_high;one_teacher_disagrees_with_human;training_use_disagreement,1,"学生画像：学生的画像：{'姓名': '王小明', '年龄': 21, '年级': '大三', '专业': '临床医学', '学习风格': '偏好视觉学习', '兴趣': '外科手术、病理学', '当前挑战': '在解剖学应用上有困难', '目标': '提高解剖学的实际应用能力'} 请根据学生画像，为每位学生生成 ‘个性化的学习内容或任务’:,以json格式返回","```json { ""学生"": { ""姓名"": ""王小明"", ""年龄"": 21, ""年级"": ""大三"", ""专业"": ""临床医学"", ""个性化学习内容或任务"": [ { ""学习风格"": ""偏好视觉学习"", ""内容"": ""观看高质量的解剖学视频教程，包括详细的3D解剖模型动画。"", ""任务"": ""完成每个视频后的在线测验，检验对解剖知识的理解。"" }, { ""兴趣"": ""外科手术"", ""内容"": ""研究外科手术相关的解剖结构和操作技...","[""5分： 交互或内容设计巧妙，能显著促进学生的批判性思维、创新思维、问题解决或知识迁移应用能力（例如通过开放性问题、对比分析、案例探究、项目式任务等）。"", ""4分： 能提出引导性问题或设计有一定挑战性的任务，对培养学生的高阶思维和能力（如分析、评估、应用）有积极作用。"", ""3分： 在促进高阶思维方面有所尝试（如提出一些简单的思考题），但深度和广度有限，效果不明显，整体仍偏重知识复述或简单应用。"", ""2分： 交互或内容主要停...",True
365e8b4c9ee703d23dee95e59be31577a15cacc8,train_all_low_label,2,low,3,4,1,hidden_or_missing_failure,no_failure,medium,low,low_weight,review_only,audit_hard_conflict;derived_risk_disagreement;failure_bucket_disagreement;low_human_teacher_high;one_teacher_disagrees_with_human;training_use_disagreement,1,"Subject:Physical Education Education Level:Undergraduate Knowledge Point:The FITT principle is a foundational concept in physical education that stands for Frequency, Intensity, Time, and Type. It is used to structure...","```json { ""Question"": ""Explain the FITT principle and how each component (Frequency, Intensity, Time, and Type) contributes to designing an effective exercise program."", ""Provided Reasoning"": ""This question is appropr...","[""5: Skillfully designed to promote critical/creative thinking, problem-solving, or transfer of knowledge (e.g., through open-ended questions, comparative analysis, case study, project-based tasks)."", ""4: Includes gui...",True
a5b76b94f849ef3c81364bfd2a49a16777a2d7fa,exp27f_top40_conflict_reaudit,2,low,4,3,1,hidden_or_missing_failure,hidden_or_missing_failure,low,low,review_only,low_weight,audit_hard_conflict;low_human_teacher_high;one_teacher_disagrees_with_human;training_use_disagreement,1,"Question: Explain how Porter's Five Forces framework can be used to analyze the competitive environment of an industry. Please provide reasoning based on this question. Do not provide the answer directly.. ""Reasoning ...","```json { ""Reasoning Provided"": ""To answer this question, it is essential to understand the components of Porter's Five Forces framework and how they interact to shape the competitive environment of an industry. The f...","[""5: Reasoning is complete, clear, and rigorous; all steps are correct; arguments are strong and free of logical fallacies."", ""4: Reasoning is largely correct and logically coherent with minor issues in individual ste...",True
d669073d100a7f3755e1ce0ec3bd63e9b6c54e34,train_all_low_label,2,low,4,3,1,hidden_or_missing_failure,visible_failure,low,low,review_only,low_weight,audit_hard_conflict;failure_bucket_disagreement;low_human_teacher_high;one_teacher_disagrees_with_human;training_use_disagreement,1,Question: Explain the concept of Nash Equilibrium in game theory and provide an example. Student's Answer: Nash Equilibrium is a situation in a game where each player's strategy is optimal given the strategies of all ...,"```json { ""Score"": 4, ""ScoringDetails"": { ""ConceptUnderstanding"": 2, ""ExampleRelevance"": 2, ""ExplanationClarity"": 1, ""TotalPossiblePoints"": 5 }, ""PersonalizedFeedback"": { ""Positive"": ""You correctly identified the conc...","[""5: Precisely identified all errors (no omission or false positives); provided completely correct, clear, and optimal correction suggestions."", ""4: Correctly located most major errors; suggestions are generally accur...",True
3fdc81f613bf237c32a80d3fb798df97d4a1a3ab,train_all_low_label,2,low,5,5,0,no_failure,no_failure,low,low,review_only,review_only,audit_hard_conflict;both_teachers_disagree_with_human;low_human_teacher_high,1,"问题：解释“需求弹性”的概念及其在经济学中的重要性。 学生的答案：需求弹性是指需求量对价格变化的反应程度。在经济学中，它很重要，因为它帮助企业了解价格变动对销售额的影响，也帮助政府制定税收政策。 请根据问题和学生答案给出""评分"":""评分细节"":""个性化反馈"":,以json格式返回","```json { ""评分"": 75, ""评分细节"": { ""定义准确性"": 80, ""重要性阐述"": 70 }, ""个性化反馈"": ""你的回答准确地捕捉到了需求弹性的核心概念，即需求量对价格变化的敏感度。然而，对于需求弹性的重要性，你可以进一步扩展，比如提及它如何影响企业的定价策略、生产决策以及市场竞争力等。此外，也可以探讨需求弹性在资源分配和消费者福利方面的作用。"" } ```","[""5分： 完全理解并精准执行所有指令，完美达成核心任务目标，格式完全符合要求。"", ""4分： 准确理解主要指令，正确执行任务，核心目标达成度高，格式基本符合要求，可能有极少细节遗漏或偏差。"", ""3分： 理解了指令大意但可能忽略部分细节，任务基本完成但存在一些不准确或遗漏之处，格式有明显尝试但存在较多偏差。"", ""2分： 对指令理解有偏差，任务完成度低或有严重错误，格式多数不符合要求。"", ""1分： 完全误解或无视指令，任务未完...",True
65890fb994cef054dc75e0e6dd4c1b3e2d91805d,exp27f_top40_conflict_reaudit,2,low,4,4,0,no_failure,no_failure,low,low,review_only,review_only,audit_hard_conflict;both_teachers_disagree_with_human;low_human_teacher_high,1,"问题：解释“需求弹性”的概念及其在经济学中的重要性。 学生的答案：需求弹性是指需求量对价格变化的反应程度。在经济学中，它很重要，因为它帮助企业了解价格变动对销售额的影响，也帮助政府制定税收政策。 请根据问题和学生答案给出""评分"":""评分细节"":""个性化反馈"":,以json格式返回","```json { ""评分"": 3, ""评分细节"": { ""概念解释准确性"": 2, ""完整性"": 2, ""逻辑清晰度"": 2 }, ""个性化反馈"": [ ""概念解释准确性较高，但可以进一步明确需求弹性的具体定义，例如提到需求弹性是衡量需求量随价格变化而变化的程度的一个指标。"", ""答案较为简略，建议增加更多关于需求弹性的类型（如价格弹性、收入弹性等）以及其在实际经济活动中的应用实例。"", ""逻辑清晰度尚可，但可以更详细地说明需求...","[""5分： 完全理解并精准执行所有指令，完美达成核心任务目标，格式完全符合要求。"", ""4分： 准确理解主要指令，正确执行任务，核心目标达成度高，格式基本符合要求，可能有极少细节遗漏或偏差。"", ""3分： 理解了指令大意但可能忽略部分细节，任务基本完成但存在一些不准确或遗漏之处，格式有明显尝试但存在较多偏差。"", ""2分： 对指令理解有偏差，任务完成度低或有严重错误，格式多数不符合要求。"", ""1分： 完全误解或无视指令，任务未完...",True
6a65ddfebb3698d3eb20f814a761580fa2f8be48,train_all_low_label,2,low,5,5,0,no_failure,no_failure,low,low,review_only,review_only,audit_hard_conflict;both_teachers_disagree_with_human;low_human_teacher_high,1,"Subject:Mathematics Education Level:PhD Question:In the context of complex analysis, consider the function f(z) = z^2 + 1. Which of the following statements is true regarding its singularities? A) f(z) has no singular...","```json { ""answer"": ""A) f(z) has no singularities."" } ```","[""5: Content is highly relevant to the specified topic/theme/question; strictly within required difficulty/scope/discipline without redundant or irrelevant information."", ""4: Overall relevance is high; scope control i...",True
fa439d530a93932f4cf8a09f743d80c44e18e0b8,train_all_low_label,2,low,5,5,0,no_failure,no_failure,low,low,review_only,review_only,audit_hard_conflict;both_teachers_disagree_with_human;low_human_teacher_high,1,"Subject:Mathematics Education Level:PhD Question:In the context of complex analysis, consider the function f(z) = z^2 + 1. Which of the following statements is true regarding its singularities? A) f(z) has no singular...","{ ""Answer"": ""A) f(z) has no singularities."" }","[""5: Content is highly relevant to the specified topic/theme/question; strictly within required difficulty/scope/discipline without redundant or irrelevant information."", ""4: Overall relevance is high; scope control i...",True
ffbcfd835bce6f2c49e6ba425055824d75949505,train_all_low_label,2,low,5,5,0,no_failure,no_failure,low,low,review_only,review_only,audit_hard_conflict;both_teachers_disagree_with_human;low_human_teacher_high,1,"Subject:Computer Science Education Level:Undergraduate Question:What is the time complexity of the quicksort algorithm in the average case scenario? . Please generate the corresponding answer based on the question. ""A...","```json { ""Answer"": { ""time_complexity"": { ""average_case"": ""O(n log n)"", ""explanation"": ""Quicksort's average case time complexity is O(n log n) due to the algorithm's divide-and-conquer strategy. On average, the pivot...","[""5: Reasoning is complete, clear, and rigorous; all steps are correct; arguments are strong and free of logical fallacies."", ""4: Reasoning is largely correct and logically coherent with minor issues in individual ste...",True
01cc5ff057b6de65aa7fc51623308f2c778c9ee7,train_high_disagreement_protection,5,high,5,1,4,no_failure,visible_failure,low,high,high_weight,exclude,audit_hard_conflict;derived_risk_disagreement;failure_bucket_disagreement;high_human_teacher_low;one_teacher_disagrees_with_human;qwen_lenient_deepseek_strict;score_gap_ge2;training_use_disagreement,2,"Question: True or False: The Andes Mountains are located in North America. Student's Answer: True Please provide ""Score"", ""Scoring Details"", and ""Personalized Feedback"" based on the question and student's answer, in J...","{ ""Score"": 0, ""Scoring Details"": { ""Correct Answer"": ""False"", ""Student's Answer"": ""True"", ""Explanation"": ""The Andes Mountains are located in South America, not North America. They extend through seven South American c...","[""5: All stated factual elements (definitions, formulas, dates, terms, syntax, etc.) are completely accurate."", ""4: Vast majority of facts are correct; possibly contains very minor, non-critical typos or omissions."", ...",True
b0b06cf7ec9851b59aa9cefd67952406532da5d6,train_high_disagreement_protection,4,high,5,1,4,no_failure,visible_failure,low,high,low_weight,review_only,audit_hard_conflict;derived_risk_disagreement;failure_bucket_disagreement;high_human_teacher_low;one_teacher_disagrees_with_human;qwen_lenient_deepseek_strict;score_gap_ge2;training_use_disagreement,2,"Question: True or False: The Andes Mountains are located in North America. Student's Answer: True Please provide ""Score"", ""Scoring Details"", and ""Personalized Feedback"" based on the question and student's answer, in J...","```json { ""Score"": 0, ""Scoring Details"": { ""Correct Answer"": ""False"", ""Student's Answer"": ""True"", ""Explanation"": ""The Andes Mountains are not located in North America. They are actually located in South America, runni...","[""5: Reasoning is complete, clear, and rigorous; all steps are correct; arguments are strong and free of logical fallacies."", ""4: Reasoning is largely correct and logically coherent with minor issues in individual ste...",True
c5e071f6d3124ab0ca810e095f6bd3a2e30aaa1c,train_high_disagreement_protection,5,high,5,1,4,no_failure,hidden_or_missing_failure,low,high,high_weight,exclude,audit_hard_conflict;derived_risk_disagreement;failure_bucket_disagreement;high_human_teacher_low;one_teacher_disagrees_with_human;qwen_lenient_deepseek_strict;score_gap_ge2;training_use_disagreement,2,"Question: True or False: The Andes Mountains are located in North America. Student's Answer: True Please provide ""Score"", ""Scoring Details"", and ""Personalized Feedback"" based on the question and student's answer, in J...","{ ""Score"": 0, ""Scoring Details"": { ""Correct Answer"": ""False"", ""Student's Answer"": ""True"", ""Explanation"": ""The Andes Mountains are located in South America, not North America. They extend through seven South American c...","[""5: Reasoning is complete, clear, and rigorous; all steps are correct; arguments are strong and free of logical fallacies."", ""4: Reasoning is largely correct and logically coherent with minor issues in individual ste...",True
1bfdf5e0f88241acb0686d0ffb97e928581de2ca,train_high_disagreement_protection,5,high,5,2,3,no_failure,visible_failure,low,medium,high_weight,review_only,audit_hard_conflict;derived_risk_disagreement;failure_bucket_disagreement;high_human_teacher_low;one_teacher_disagrees_with_human;qwen_lenient_deepseek_strict;score_gap_ge2;training_use_disagreement,2,"Question: True or False: The human liver has the capacity to regenerate after surgical removal of a portion of its tissue. Student's Answer: True Please provide ""Score"", ""Scoring Details"", and ""Personalized Feedback"" ...","{ ""Score"": 1, ""Scoring Details"": ""The student answered correctly. The liver indeed has an impressive regenerative capacity, which is one of the most remarkable features of this organ."", ""Personalized Feedback"": ""Your ...","[""5: Fully understood and precisely executed all instructions; achieved core task with perfect accuracy; output format is fully compliant."", ""4: Accurately understood main instructions and correctly completed the task...",True
2746cbd01bc15afaf3053afe8a48cc8783e50113,train_education_dimension_stress,4,high,2,5,3,visible_failure,no_failure,unclear,low,review_only,low_weight,audit_hard_conflict;deepseek_lenient_qwen_strict;derived_risk_disagreement;failure_bucket_disagreement;high_human_teacher_low;one_teacher_disagrees_with_human;score_gap_ge2;training_use_disagreement,2,"问题：选择以下具有微分同胚性质的函数类别：（可多选） A. 二次多项式函数 B. 余弦函数 C. 指数函数 D. 常数函数 E. 三次多项式函数 学生的答案：['C', 'E'] 请根据问题和学生答案给出""评分"":""评分细节"":""个性化反馈"":,以json格式返回","```json { ""评分"": 0, ""评分细节"": { ""总分"": 5, ""正确选项"": [""E""], ""学生选择"": [""C"", ""E""], ""得分点"": { ""E"": 1, ""C"": -1 }, ""最终得分"": 0 }, ""个性化反馈"": ""你选择了指数函数(C)和三次多项式函数(E)作为具有微分同胚性质的函数。实际上，在给定的选项中，只有特定形式的三次多项式（例如，没有重根的一次导数）可以构成从实数到实数的微分同胚，因为它...","[""5分： 所有涉及的客观事实（定义、公式、日期、名词、代码语法等）完全准确无误。"", ""4分： 绝大部分事实准确，可能存在个别极其微小的、非关键性的笔误或疏漏。"", ""3分： 大部分事实准确，但存在少量明显的事实错误，需要核查。"", ""2分： 包含较多或关键性的事实错误，信息不可靠。"", ""1分： 充斥着大量事实错误，信息完全错误或误导。""]",True
27b5e246feb3bc800292dfe680622e404c0cfe87,train_education_dimension_stress,5,high,4,1,3,hidden_or_missing_failure,visible_failure,low,high,low_weight,review_only,audit_hard_conflict;derived_risk_disagreement;failure_bucket_disagreement;high_human_teacher_low;one_teacher_disagrees_with_human;qwen_lenient_deepseek_strict;score_gap_ge2;training_use_disagreement,2,"Question: Explain the role of microRNAs in the regulation of gene expression in eukaryotic cells. Student's Answer: MicroRNAs (miRNAs) are small, non-coding RNA molecules that play a crucial role in regulating gene ex...","{ ""Score"": 90, ""Scoring Details"": { ""Completeness"": 4.5, ""Accuracy"": 5.0, ""Clarity"": 4.5, ""Depth"": 4.0, ""Relevance"": 5.0 }, ""Personalized Feedback"": ""Your answer effectively outlines the core role of microRNAs (miRNAs...","[""5: Precisely identified all errors (no omission or false positives); provided completely correct, clear, and optimal correction suggestions."", ""4: Correctly located most major errors; suggestions are generally accur...",True
41f3cae79f5df41d44971543e9bb4a9c8231a2cf,train_high_disagreement_protection,5,high,4,1,3,no_failure,hidden_or_missing_failure,low,high,low_weight,review_only,audit_hard_conflict;derived_risk_disagreement;failure_bucket_disagreement;high_human_teacher_low;one_teacher_disagrees_with_human;qwen_lenient_deepseek_strict;score_gap_ge2;training_use_disagreement,2,"Question: True or False: The sum of the interior angles of a triangle is 180 degrees. Student's Answer: True Please provide ""Score"", ""Scoring Details"", and ""Personalized Feedback"" based on the question and student's a...","```json { ""Score"": 1, ""ScoringDetails"": { ""Accuracy"": ""The student's answer is correct. The sum of the interior angles of a triangle is indeed 180 degrees, as stated in Euclidean geometry."", ""Completeness"": ""The answe...","[""5: Reasoning is complete, clear, and rigorous; all steps are correct; arguments are strong and free of logical fallacies."", ""4: Reasoning is largely correct and logically coherent with minor issues in individual ste...",True
46133cfb383c1c10e94bab324dabdce1277ab939,exp27f_top40_conflict_reaudit,4,high,4,1,3,no_failure,visible_failure,unclear,high,high_weight,review_only,audit_hard_conflict;derived_risk_disagreement;failure_bucket_disagreement;high_human_teacher_low;one_teacher_disagrees_with_human;qwen_lenient_deepseek_strict;score_gap_ge2;training_use_disagreement,2,"问题：选择以下具有微分同胚性质的函数类别：（可多选） A. 二次多项式函数 B. 余弦函数 C. 指数函数 D. 常数函数 E. 三次多项式函数 学生的答案：['C', 'E'] 请根据问题和学生答案给出""评分"":""评分细节"":""个性化反馈"":,以json格式返回","```json { ""评分"": 1, ""评分细节"": { ""C"": ""正确，指数函数是连续且处处可导的，其导数也处处非零，因此它是局部微分同胚。"", ""E"": ""错误，三次多项式函数在某些情况下可以有多个临界点（即导数为0的点），这会导致它不是全局微分同胚。但是，如果限定在一个没有临界点的区间内，它可以是局部微分同胚。"", ""缺失选项"": [""A"", ""B"", ""D""] }, ""个性化反馈"": ""你选择了指数函数作为正确的答案，这...","[""5分： 完全理解并精准执行所有指令，完美达成核心任务目标，格式完全符合要求。"", ""4分： 准确理解主要指令，正确执行任务，核心目标达成度高，格式基本符合要求，可能有极少细节遗漏或偏差。"", ""3分： 理解了指令大意但可能忽略部分细节，任务基本完成但存在一些不准确或遗漏之处，格式有明显尝试但存在较多偏差。"", ""2分： 对指令理解有偏差，任务完成度低或有严重错误，格式多数不符合要求。"", ""1分： 完全误解或无视指令，任务未完...",True
7754b17ca8eb0080efa6f3baf6b42178e2c5ad00,train_high_disagreement_protection,4,high,4,1,3,no_failure,hidden_or_missing_failure,low,unclear,high_weight,exclude,audit_hard_conflict;derived_risk_disagreement;failure_bucket_disagreement;high_human_teacher_low;one_teacher_disagrees_with_human;qwen_lenient_deepseek_strict;score_gap_ge2;training_use_disagreement,2,"问题：解释“需求弹性”的概念及其在经济学中的重要性。 学生的答案：需求弹性是指需求量对价格变化的反应程度。在经济学中，它很重要，因为它帮助企业了解价格变动对销售额的影响，也帮助政府制定税收政策。 请根据问题和学生答案给出""评分"":""评分细节"":""个性化反馈"":,以json格式返回","```json { ""评分"": ""8/10"", ""评分细节"": { ""概念理解"": ""5/5"", ""经济学中的重要性解释"": ""3/5"" }, ""个性化反馈"": ""你对需求弹性的定义非常准确，清楚地指出了它是衡量商品或服务的需求量如何响应价格变化的一个指标。在讨论其重要性时，你也正确地提到了企业可以通过理解这一点来优化定价策略，并且政府可以据此调整税收政策以达到特定目标。不过，你的回答还可以进一步丰富。例如，可以提到不同类型的需求...","[""5分： 精准定位所有错误（无遗漏、无误报），给出的纠正建议完全正确、清晰且是最优或非常好的方案。"", ""4分： 准确定位了大部分主要错误，纠正建议基本正确有效，可能遗漏极少数次要错误或建议不够完美。"", ""3分： 定位了部分错误但有明显遗漏或误报，纠正建议部分正确但可能不够清晰、完整或并非最佳方案。"", ""2分： 错误定位不准确，遗漏了关键错误或大量误报，纠正建议存在错误或难以理解。"", ""1分： 完全未能识别错误，或给出了完...",True
9c11ae20492b6cd7e72408ed248ec8885b14f08e,train_high_disagreement_protection,5,high,5,2,3,no_failure,visible_failure,low,high,high_weight,review_only,audit_hard_conflict;derived_risk_disagreement;failure_bucket_disagreement;high_human_teacher_low;one_teacher_disagrees_with_human;qwen_lenient_deepseek_strict;score_gap_ge2;training_use_disagreement,2,"Question: True or False: The sum of the interior angles of a triangle is 180 degrees. Student's Answer: True Please provide ""Score"", ""Scoring Details"", and ""Personalized Feedback"" based on the question and student's a...","```json { ""Score"": 1, ""Scoring_Details"": ""The student correctly identified that the sum of the interior angles of a triangle is indeed 180 degrees, which is a fundamental geometric fact."", ""Personalized_Feedback"": ""Yo...","[""5: Precisely identified all errors (no omission or false positives); provided completely correct, clear, and optimal correction suggestions."", ""4: Correctly located most major errors; suggestions are generally accur...",True
ac1bd2152468b8b76d3f260c3b14d33a886145a3,train_high_disagreement_protection,4,high,5,2,3,no_failure,visible_failure,low,medium,low_weight,review_only,audit_hard_conflict;derived_risk_disagreement;failure_bucket_disagreement;high_human_teacher_low;one_teacher_disagrees_with_human;qwen_lenient_deepseek_strict;score_gap_ge2;training_use_disagreement,2,"Question: True or False: The human liver has the capacity to regenerate after surgical removal of a portion of its tissue. Student's Answer: True Please provide ""Score"", ""Scoring Details"", and ""Personalized Feedback"" ...","```json { ""Score"": 1, ""ScoringDetails"": { ""Accuracy"": 1, ""Explanation"": ""The student's answer is correct. The human liver indeed has a remarkable ability to regenerate. After a portion of the liver is removed, the rem...","[""5: Fully understood and precisely executed all instructions; achieved core task with perfect accuracy; output format is fully compliant."", ""4: Accurately understood main instructions and correctly completed the task...",True
e7b1f49741eab9c6c5bdd47608ee1c39a5316449,train_high_disagreement_protection,4,high,5,2,3,no_failure,visible_failure,low,high,low_weight,review_only,derived_risk_disagreement;failure_bucket_disagreement;high_human_teacher_low;one_teacher_disagrees_with_human;qwen_lenient_deepseek_strict;score_gap_ge2;training_use_disagreement,2,"Question: True or False: The sum of the interior angles of a triangle is 180 degrees. Student's Answer: True Please provide ""Score"", ""Scoring Details"", and ""Personalized Feedback"" based on the question and student's a...","```json { ""Score"": 1, ""ScoringDetails"": { ""Accuracy"": ""The student's answer is correct. The sum of the interior angles of a triangle is indeed 180 degrees, as stated in Euclidean geometry."", ""Completeness"": ""The answe...","[""5: Fully understood and precisely executed all instructions; achieved core task with perfect accuracy; output format is fully compliant."", ""4: Accurately understood main instructions and correctly completed the task...",True
feae425e29c1383a827108767836fd1c3a595500,train_high_disagreement_protection,5,high,5,2,3,no_failure,visible_failure,low,high,high_weight,high_weight,derived_risk_disagreement;failure_bucket_disagreement;high_human_teacher_low;one_teacher_disagrees_with_human;qwen_lenient_deepseek_strict;score_gap_ge2,2,"Question: True or False: The Andes Mountains are located in North America. Student's Answer: True Please provide ""Score"", ""Scoring Details"", and ""Personalized Feedback"" based on the question and student's answer, in J...","```json { ""Score"": 0, ""Scoring_Details"": ""The question asked is a true/false question about the location of the Andes Mountains. The correct answer should be False, as the Andes Mountains are located in South America,...","[""5: Fully understood and precisely executed all instructions; achieved core task with perfect accuracy; output format is fully compliant."", ""4: Accurately understood main instructions and correctly completed the task...",True
0d7c809c3abdeb42d7aecd1da0512858e820b7cb,train_clean_high_controls,4,high,2,4,2,hidden_or_missing_failure,no_failure,unclear,low,review_only,high_weight,audit_hard_conflict;deepseek_lenient_qwen_strict;derived_risk_disagreement;failure_bucket_disagreement;high_human_teacher_low;one_teacher_disagrees_with_human;score_gap_ge2;training_use_disagreement,2,"问题：选择以下具有微分同胚性质的函数类别：（可多选） A. 二次多项式函数 B. 余弦函数 C. 指数函数 D. 常数函数 E. 三次多项式函数 学生的答案：['C', 'E'] 请根据问题和学生答案给出""评分"":""评分细节"":""个性化反馈"":,以json格式返回","```json { ""评分"": 0, ""评分细节"": { ""总分"": 5, ""正确选项"": [""E""], ""学生选择"": [""C"", ""E""], ""得分点"": { ""E"": 1, ""C"": -1 }, ""最终得分"": 0 }, ""个性化反馈"": ""你选择了指数函数(C)和三次多项式函数(E)作为具有微分同胚性质的函数。实际上，在给定的选项中，只有特定形式的三次多项式（例如，没有重根的一次导数）可以构成从实数到实数的微分同胚，因为它...","[""5分： 推理逻辑链条完整、清晰、严密，步骤正确无误，论证充分有力，无逻辑跳跃或漏洞。"", ""4分： 推理过程主体正确且逻辑清晰，可能在个别步骤的表述或论证细节上略有瑕疵，但不影响最终结论的有效性。"", ""3分： 推理过程大体可见，但存在一些逻辑不清、步骤缺失或论证不足之处，结论可能受到影响。"", ""2分： 推理过程存在明显的逻辑错误、步骤混乱或严重缺失，难以得出正确或可靠的结论。"", ""1分： 几乎没有有效的推理过程，逻辑混乱...",True
a258f673604d9a2b3bd9233114bf9f818ec3fd9e,train_high_disagreement_protection,5,high,3,1,2,hidden_or_missing_failure,visible_failure,low,high,review_only,review_only,audit_hard_conflict;both_teachers_disagree_with_human;derived_risk_disagreement;failure_bucket_disagreement;high_human_teacher_low;qwen_lenient_deepseek_strict;score_gap_ge2,2,"Question: Discuss the role of neurotransmitters in the regulation of mood, and how imbalances can lead to mood disorders. Student's Answer: Neurotransmitters are chemicals in the brain that transmit signals between ne...","```json { ""Score"": 7, ""Scoring Details"": { ""Content Accuracy"": 8, ""Completeness"": 6, ""Clarity"": 7, ""Depth of Explanation"": 6, ""Relevance"": 8 }, ""Personalized Feedback"": ""Your answer correctly identifies the role of ne...","[""5: Precisely identified all errors (no omission or false positives); provided completely correct, clear, and optimal correction suggestions."", ""4: Correctly located most major errors; suggestions are generally accur...",True
e7118fa96fcb238b002c50a10f19726e5a3aebc5,train_high_disagreement_protection,5,high,4,2,2,hidden_or_missing_failure,hidden_or_missing_failure,low,high,low_weight,review_only,audit_hard_conflict;derived_risk_disagreement;high_human_teacher_low;one_teacher_disagrees_with_human;qwen_lenient_deepseek_strict;score_gap_ge2;training_use_disagreement,2,"Question: Discuss the role of neurotransmitters in the regulation of mood, and how imbalances can lead to mood disorders. Student's Answer: Neurotransmitters are chemicals in the brain that transmit signals between ne...","```json { ""Score"": 85, ""Scoring Details"": { ""Content Accuracy"": 20, ""Comprehensiveness"": 15, ""Clarity and Organization"": 20, ""Depth of Explanation"": 15, ""Critical Thinking and Insight"": 15 }, ""Personalized Feedback"": ...","[""5: Precisely identified all errors (no omission or false positives); provided completely correct, clear, and optimal correction suggestions."", ""4: Correctly located most major errors; suggestions are generally accur...",True
12b0fbaa8dc92d70e5f3a1c5b668c285c85d33fb,train_clean_high_controls,4,high,2,3,1,hidden_or_missing_failure,hidden_or_missing_failure,high,medium,review_only,low_weight,audit_hard_conflict;derived_risk_disagreement;high_human_teacher_low;one_teacher_disagrees_with_human;training_use_disagreement,2,Question: Which of the following factors is most crucial for determining the success of a crop in a particular region? A) Soil pH B) Seed variety C) Irrigation method D) Climate conditions Please provide reasoning bas...,"{ ""reasoning"": ""Climate conditions play a fundamental role in determining the success of a crop in a particular region. These conditions include temperature, rainfall, humidity, and sunlight, which directly affect the...","[""5: Skillfully designed to promote critical/creative thinking, problem-solving, or transfer of knowledge (e.g., through open-ended questions, comparative analysis, case study, project-based tasks)."", ""4: Includes gui...",True
38198e8112f6fbc14a8e497a27d171d03f8cedda,train_high_disagreement_protection,4,high,2,1,1,hidden_or_missing_failure,hidden_or_missing_failure,high,high,review_only,review_only,audit_hard_conflict;both_teachers_disagree_with_human;high_human_teacher_low,2,"Question: Explain the strategic significance of high ground in military operations. Please provide reasoning based on this question. Do not provide the answer directly.. ""Reasoning Provided"":, return in JSON format","```json { ""Reasoning Provided"": { ""Key Considerations"": [ { ""Aspect"": ""Visibility and Surveillance"", ""Details"": ""High ground offers a vantage point for observing enemy movements, terrain features, and strategic assets...","[""5: Fully integrated all key scenario elements (e.g., student history, learning preferences); output is highly personalized and well-matched to the teaching context."", ""4: Used major scenario elements effectively; re...",True
712cd1dd80a4537e4bee8ff3fa1e3580d4575d0a,exp27f_top40_conflict_reaudit,5,high,2,1,1,hidden_or_missing_failure,visible_failure,high,high,review_only,exclude,audit_hard_conflict;both_teachers_disagree_with_human;failure_bucket_disagreement;high_human_teacher_low;training_use_disagreement,2,"Question: Explain how plate tectonics can lead to the formation of mountains. Please provide reasoning based on this question. Do not provide the answer directly.. ""Reasoning Provided"":, return in JSON format","{ ""Reasoning Provided"": ""To understand how plate tectonics can lead to the formation of mountains, one must first consider the structure and dynamics of the Earth's crust. The Earth's outer shell is not a single, soli...","[""5: Skillfully designed to promote critical/creative thinking, problem-solving, or transfer of knowledge (e.g., through open-ended questions, comparative analysis, case study, project-based tasks)."", ""4: Includes gui...",True
8d489c62717f2efa64181983aa9e972a83b5e49a,train_education_dimension_stress,4,high,3,2,1,hidden_or_missing_failure,hidden_or_missing_failure,medium,high,low_weight,review_only,audit_hard_conflict;derived_risk_disagreement;high_human_teacher_low;one_teacher_disagrees_with_human;training_use_disagreement,2,"Subject:Sociology Education Level:PhD Knowledge Point:The concept of 'social capital' has been extensively discussed in the field of sociology, particularly in relation to community development, socio-economic mobilit...","```json { ""Question"": ""Which of the following best describes the concept of 'social capital' in sociology?"", ""ProvidedReasoning"": ""Social capital involves the networks of relationships among people who work in a parti...","[""5: Subject matter application is not only accurate but also shows appropriate depth and rigor; adheres to industry or academic standards."", ""4: Proper use of professional knowledge reflecting a good degree of profic...",True
9f01d326636e7c3a7474f87252477c04a1d4c368,train_high_disagreement_protection,5,high,2,1,1,visible_failure,visible_failure,unclear,high,review_only,exclude,audit_hard_conflict;both_teachers_disagree_with_human;derived_risk_disagreement;high_human_teacher_low;training_use_disagreement,2,"Question: Explain the role of microRNAs in the regulation of gene expression in eukaryotic cells. Student's Answer: MicroRNAs (miRNAs) are small, non-coding RNA molecules that play a crucial role in regulating gene ex...","```json { ""Score"": 5, ""Scoring Details"": { ""Accuracy of Information"": 2, ""Comprehensiveness"": 2, ""Clarity and Coherence"": 1 }, ""Personalized Feedback"": { ""Positive Aspects"": ""Your answer correctly identifies the prima...","[""5: Precisely identified all errors (no omission or false positives); provided completely correct, clear, and optimal correction suggestions."", ""4: Correctly located most major errors; suggestions are generally accur...",True
add5135687775241d468cea0170ce447d9481f82,train_high_disagreement_protection,5,high,1,2,1,visible_failure,visible_failure,unclear,high,review_only,exclude,audit_hard_conflict;both_teachers_disagree_with_human;derived_risk_disagreement;high_human_teacher_low;training_use_disagreement,2,"Question: True or False: The human liver has the capacity to regenerate after surgical removal of a portion of its tissue. Student's Answer: True Please provide ""Score"", ""Scoring Details"", and ""Personalized Feedback"" ...","```json { ""Score"": 1, ""Scoring Details"": { ""Correctness"": true, ""Explanation"": ""The student's answer is correct. The human liver does indeed have a remarkable ability to regenerate after partial removal, a process kno...","[""5: Precisely identified all errors (no omission or false positives); provided completely correct, clear, and optimal correction suggestions."", ""4: Correctly located most major errors; suggestions are generally accur...",True
b650b6cb1b9e43ee12a588ee3f7177d92a792bf2,train_high_disagreement_protection,4,high,2,1,1,hidden_or_missing_failure,hidden_or_missing_failure,unclear,high,review_only,review_only,audit_hard_conflict;both_teachers_disagree_with_human;derived_risk_disagreement;high_human_teacher_low,2,"问题：在研究中世纪封建制度发展的过程中，下列哪些因素对其演变起到了关键作用？（可选择多个） A. 农奴制 B. 城市化进程 C. 十字军东征 D. 文艺复兴 E. 黑死病的流行 F. 军事科技的进步 学生的答案：['A', 'C', 'E', 'F'] 请根据问题和学生答案给出""评分"":""评分细节"":""个性化反馈"":,以json格式返回","```json { ""评分"": 3, ""评分细节"": { ""正确答案"": [""A"", ""C"", ""E"", ""F""], ""学生答案"": [""A"", ""C"", ""E"", ""F""], ""未选中但正确的选项"": [], ""错误选中的选项"": [] }, ""个性化反馈"": [ ""你的答案是正确的。农奴制、十字军东征、黑死病的流行以及军事科技的进步确实对中世纪封建制度的发展产生了重要影响。"" ] } ```","[""5分： 推理逻辑链条完整、清晰、严密，步骤正确无误，论证充分有力，无逻辑跳跃或漏洞。"", ""4分： 推理过程主体正确且逻辑清晰，可能在个别步骤的表述或论证细节上略有瑕疵，但不影响最终结论的有效性。"", ""3分： 推理过程大体可见，但存在一些逻辑不清、步骤缺失或论证不足之处，结论可能受到影响。"", ""2分： 推理过程存在明显的逻辑错误、步骤混乱或严重缺失，难以得出正确或可靠的结论。"", ""1分： 几乎没有有效的推理过程，逻辑混乱...",True
c2c8d5cd776fae8163c41f48153a3fb349d2b4e8,train_education_dimension_stress,5,high,2,1,1,hidden_or_missing_failure,hidden_or_missing_failure,high,high,review_only,review_only,audit_hard_conflict;both_teachers_disagree_with_human;high_human_teacher_low,2,"Question: Which of the following principles is central to the concept of New Public Management (NPM)? Please provide reasoning based on this question. Do not provide the answer directly.. ""Reasoning Provided"":, return...","{ ""Reasoning Provided"": ""New Public Management (NPM) is a broad set of ideas and practices aimed at making the public sector more 'businesslike' and efficient. It draws on private sector management techniques to impro...","[""5: Fully integrated all key scenario elements (e.g., student history, learning preferences); output is highly personalized and well-matched to the teaching context."", ""4: Used major scenario elements effectively; re...",True
c42d9020842ba63f6ee5de91d4d4b21f97f246ac,exp27f_top40_conflict_reaudit,5,high,2,1,1,visible_failure,hidden_or_missing_failure,high,high,review_only,review_only,audit_hard_conflict;both_teachers_disagree_with_human;failure_bucket_disagreement;high_human_teacher_low,2,"问题：在教育学中，哪个教学方法最强调学生的主动参与？ 学生的答案：合作学习法 请根据问题和学生答案给出""评分"":""评分细节"":""个性化反馈"":,以json格式返回","```json { ""评分"": ""正确"", ""评分细节"": { ""知识点覆盖"": ""完全正确"", ""理解深度"": ""准确识别核心特征"", ""表述准确性"": ""答案简洁明确"" }, ""个性化反馈"": ""合作学习法确实是教育学中高度强调学生主动参与的教学方法。它通过小组互动、角色分工与集体目标促进学生深度参与，你的回答完全正确。补充说明：该方法与讲授法的被动学习形成鲜明对比，其核心优势在于通过社会性建构提升学习动机与认知水平。未来可进...","[""5分： 推理逻辑链条完整、清晰、严密，步骤正确无误，论证充分有力，无逻辑跳跃或漏洞。"", ""4分： 推理过程主体正确且逻辑清晰，可能在个别步骤的表述或论证细节上略有瑕疵，但不影响最终结论的有效性。"", ""3分： 推理过程大体可见，但存在一些逻辑不清、步骤缺失或论证不足之处，结论可能受到影响。"", ""2分： 推理过程存在明显的逻辑错误、步骤混乱或严重缺失，难以得出正确或可靠的结论。"", ""1分： 几乎没有有效的推理过程，逻辑混乱...",True
cb1433b4ae3c50df72dac42f3e260ed9fe5c658a,train_high_disagreement_protection,4,high,2,1,1,hidden_or_missing_failure,visible_failure,high,high,review_only,exclude,audit_hard_conflict;both_teachers_disagree_with_human;failure_bucket_disagreement;high_human_teacher_low;training_use_disagreement,2,问题：分析1960年代美国民权运动的主要原因和影响。请特别关注不同社会团体的角色以及运动带来的政策变革。 学生的答案：1960年代美国民权运动的主要原因包括种族歧视和社会不平等的长期存在，尤其是黑人群体在寻求平等权利方面所面临的困难。同时，经济因素和国际压力在一定程度上也推动了运动的发展。不同社会团体在这场运动中发挥了不同的角色。黑人社区的领袖如马丁·路德·金和马尔科姆·X在运动的组织、宣传及思想引领上起到了关键作用。大学生和其他...,"```json { ""评分"": 8, ""评分细节"": { ""主要原因分析"": 7, ""社会团体角色"": 9, ""政策变革描述"": 8, ""公平性和多元化提升"": 7 }, ""个性化反馈"": [ ""在分析主要原因时，可以更详细地提及具体的经济因素，比如工资差距、就业机会不平等等，以及国际压力的具体来源，如联合国对人权的关注等。"", ""对于社会团体角色部分，你的回答已经相当全面，但可以增加更多具体的例子或活动来支持你的观点，比如大学生...","[""5分： 精准定位所有错误（无遗漏、无误报），给出的纠正建议完全正确、清晰且是最优或非常好的方案。"", ""4分： 准确定位了大部分主要错误，纠正建议基本正确有效，可能遗漏极少数次要错误或建议不够完美。"", ""3分： 定位了部分错误但有明显遗漏或误报，纠正建议部分正确但可能不够清晰、完整或并非最佳方案。"", ""2分： 错误定位不准确，遗漏了关键错误或大量误报，纠正建议存在错误或难以理解。"", ""1分： 完全未能识别错误，或给出了完...",True
209a0a78a689407502d6834b0c634b2dea5153b5,train_clean_high_controls,4,high,2,2,0,visible_failure,visible_failure,unclear,high,review_only,review_only,audit_hard_conflict;both_teachers_disagree_with_human;derived_risk_disagreement;high_human_teacher_low,2,"问题：在神经生理学中，动作电位的过程中不包括以下哪一个步骤？ A) 去极化 B) 再极化 C) 超极化 D) 钙离子流入细胞 学生的答案：C) 超极化 请根据问题和学生答案给出""评分"":""评分细节"":""个性化反馈"":,以json格式返回","```json { ""评分"": ""正确"", ""评分细节"": ""学生选择了C) 超极化，这是正确的。在动作电位的过程中，确实不包括超极化作为其直接步骤。动作电位主要包括去极化、达到阈值后钠离子快速内流导致的动作电位上升相、随后的再极化过程（钾离子外流），以及之后的恢复期。钙离子流入细胞虽然不是所有神经元动作电位的一部分，但在某些特定类型的神经信号传导中扮演重要角色，比如突触传递时。但是，根据题目给定的选项来看，'钙离子流入细胞'更常...","[""5分： 所有涉及的客观事实（定义、公式、日期、名词、代码语法等）完全准确无误。"", ""4分： 绝大部分事实准确，可能存在个别极其微小的、非关键性的笔误或疏漏。"", ""3分： 大部分事实准确，但存在少量明显的事实错误，需要核查。"", ""2分： 包含较多或关键性的事实错误，信息不可靠。"", ""1分： 充斥着大量事实错误，信息完全错误或误导。""]",True
4d7361e303f3c6a68ed2bc5367e04264e6aac45d,train_high_disagreement_protection,4,high,2,2,0,hidden_or_missing_failure,visible_failure,high,high,review_only,review_only,audit_hard_conflict;both_teachers_disagree_with_human;failure_bucket_disagreement;high_human_teacher_low,2,"问题：解释“需求弹性”的概念及其在经济学中的重要性。 学生的答案：需求弹性是指需求量对价格变化的反应程度。在经济学中，它很重要，因为它帮助企业了解价格变动对销售额的影响，也帮助政府制定税收政策。 请根据问题和学生答案给出""评分"":""评分细节"":""个性化反馈"":,以json格式返回","```json { ""评分"": 8, ""评分细节"": { ""概念解释"": 4, ""重要性描述"": 4, ""语言表达"": 0 }, ""个性化反馈"": ""你的回答很好地解释了“需求弹性”的基本概念，并简要提到了它在经济学中的重要性。不过，你可以进一步扩展需求弹性的类型（如价格弹性、收入弹性等）以及它在不同市场条件下的具体应用。此外，语言表达可以更清晰和精确一些。"" } ```","[""5分： 精准定位所有错误（无遗漏、无误报），给出的纠正建议完全正确、清晰且是最优或非常好的方案。"", ""4分： 准确定位了大部分主要错误，纠正建议基本正确有效，可能遗漏极少数次要错误或建议不够完美。"", ""3分： 定位了部分错误但有明显遗漏或误报，纠正建议部分正确但可能不够清晰、完整或并非最佳方案。"", ""2分： 错误定位不准确，遗漏了关键错误或大量误报，纠正建议存在错误或难以理解。"", ""1分： 完全未能识别错误，或给出了完...",True
7ac7deece8fc0ecf13485a712539e5968c9603a2,train_high_disagreement_protection,5,high,1,1,0,hidden_or_missing_failure,hidden_or_missing_failure,high,high,review_only,exclude,audit_hard_conflict;both_teachers_disagree_with_human;high_human_teacher_low;training_use_disagreement,2,"Question: Which of the following principles is central to the concept of New Public Management (NPM)? Please provide reasoning based on this question. Do not provide the answer directly.. ""Reasoning Provided"":, return...","```json { ""Reasoning Provided"": { ""Key Concepts of NPM"": [ ""Modernization of the public sector through private sector practices."", ""Emphasis on efficiency, effectiveness, and service delivery improvement."", ""Decentral...","[""5: Fully integrated all key scenario elements (e.g., student history, learning preferences); output is highly personalized and well-matched to the teaching context."", ""4: Used major scenario elements effectively; re...",True
860f214e2987dd9d042785210ad674283dd952a4,train_high_disagreement_protection,4,high,1,1,0,hidden_or_missing_failure,hidden_or_missing_failure,high,high,review_only,review_only,audit_hard_conflict;both_teachers_disagree_with_human;high_human_teacher_low,2,"Question: Explain how plate tectonics can lead to the formation of mountains. Please provide reasoning based on this question. Do not provide the answer directly.. ""Reasoning Provided"":, return in JSON format","{ ""Reasoning Provided"": ""To understand how plate tectonics can lead to the formation of mountains, one must first consider the structure and dynamics of the Earth's crust. The Earth's outer shell is not a single, soli...","[""5: Fully integrated all key scenario elements (e.g., student history, learning preferences); output is highly personalized and well-matched to the teaching context."", ""4: Used major scenario elements effectively; re...",True
a1f8f5bd14d379348183f31e40c71606ea96acf0,train_high_disagreement_protection,5,high,1,1,0,visible_failure,visible_failure,unclear,high,review_only,high_weight,audit_hard_conflict;both_teachers_disagree_with_human;derived_risk_disagreement;high_human_teacher_low;training_use_disagreement,2,"Question: True or False: The human liver has the capacity to regenerate after surgical removal of a portion of its tissue. Student's Answer: True Please provide ""Score"", ""Scoring Details"", and ""Personalized Feedback"" ...","```json { ""Score"": 1, ""Scoring Details"": { ""Correctness"": ""The student's answer is correct. The human liver indeed has the remarkable ability to regenerate after surgical removal of a portion of its tissue."", ""Explana...","[""5: Precisely identified all errors (no omission or false positives); provided completely correct, clear, and optimal correction suggestions."", ""4: Correctly located most major errors; suggestions are generally accur...",True
ac1bb0a1eef8d061ab1bb66586be679cc42596ee,train_education_dimension_stress,5,high,1,1,0,hidden_or_missing_failure,hidden_or_missing_failure,high,high,review_only,review_only,audit_hard_conflict;both_teachers_disagree_with_human;high_human_teacher_low,2,"Question: Explain the physiological effects of aerobic exercise on the body's cardiovascular system. Please provide reasoning based on this question. Do not provide the answer directly.. ""Reasoning Provided"":, return ...","```json { ""Reasoning Provided"": { ""Cardiac Adaptations"": { ""Heart Muscle Strengthening"": ""Aerobic exercise induces hypertrophy of the heart muscle, particularly the left ventricle, enhancing its efficiency in pumping ...","[""5: Fully integrated all key scenario elements (e.g., student history, learning preferences); output is highly personalized and well-matched to the teaching context."", ""4: Used major scenario elements effectively; re...",True
bbf00c682349c24b21ce0c89c071fd906223ebb3,train_high_disagreement_protection,5,high,2,2,0,visible_failure,hidden_or_missing_failure,unclear,high,review_only,review_only,audit_hard_conflict;both_teachers_disagree_with_human;derived_risk_disagreement;failure_bucket_disagreement;high_human_teacher_low,2,"Question: Explain the role of microRNAs in the regulation of gene expression in eukaryotic cells. Student's Answer: MicroRNAs (miRNAs) are small, non-coding RNA molecules that play a crucial role in regulating gene ex...","```json { ""Score"": 8, ""Scoring Details"": { ""Correct Information"": 4, ""Mechanisms of Action"": 2, ""Cellular Processes"": 1, ""Disease Linkage"": 1 }, ""Personalized Feedback"": [ ""Your answer provides a good overview of the ...","[""5: Precisely identified all errors (no omission or false positives); provided completely correct, clear, and optimal correction suggestions."", ""4: Correctly located most major errors; suggestions are generally accur...",True
e9389e74c9839232aba96d324f5cd0eed0909ff6,train_education_dimension_stress,4,high,2,2,0,hidden_or_missing_failure,hidden_or_missing_failure,high,high,review_only,review_only,audit_hard_conflict;both_teachers_disagree_with_human;high_human_teacher_low,2,"问题：考虑一个有机分子，其含有羧基(-COOH)和酯基(-COOR')。请解释该分子在酸性和碱性条件下的水解反应机理，并讨论不同条件下的反应产物。 请根据这个问题提供思路。""提供的思路"":,以json格式返回","{ ""思路"": { ""背景信息"": ""该分子同时含有羧基(-COOH)和酯基(-COOR')，这样的结构使得它既可以发生羧酸的性质反应，也可以进行酯类化合物的特性反应。"", ""酸性条件下反应"": { ""机理"": ""在酸性条件下，由于存在质子(H+)，可以促进酯基的水解反应。具体来说，首先酯基中的羰基氧(O)会接受一个H+形成正电荷的中间体，随后这个中间体与水反应生成醇和羧酸。"", ""产物"": ""主要产物为相应的羧酸和醇。"", ""注...","[""5分： 交互或内容设计巧妙，能显著促进学生的批判性思维、创新思维、问题解决或知识迁移应用能力（例如通过开放性问题、对比分析、案例探究、项目式任务等）。"", ""4分： 能提出引导性问题或设计有一定挑战性的任务，对培养学生的高阶思维和能力（如分析、评估、应用）有积极作用。"", ""3分： 在促进高阶思维方面有所尝试（如提出一些简单的思考题），但深度和广度有限，效果不明显，整体仍偏重知识复述或简单应用。"", ""2分： 交互或内容主要停...",True
472e71b7c7e9392a0c5998c0f6a22fd595e276bf,train_mid_borderline,3,mid,1,5,4,hidden_or_missing_failure,no_failure,high,low,review_only,review_only,audit_hard_conflict;both_teachers_disagree_with_human;deepseek_lenient_qwen_strict;derived_risk_disagreement;failure_bucket_disagreement;score_gap_ge2,3,"Question: Explain how plate tectonics can lead to the formation of mountains. Please provide reasoning based on this question. Do not provide the answer directly.. ""Reasoning Provided"":, return in JSON format","{ ""reasoning"": ""Plate tectonics involves the movement and interaction of large sections of the Earth's crust, known as tectonic plates. These plates float on the semi-fluid layer beneath them, called the asthenosphere...","[""5: Fully integrated all key scenario elements (e.g., student history, learning preferences); output is highly personalized and well-matched to the teaching context."", ""4: Used major scenario elements effectively; re...",True
5ff081c980585ba9afd89d705a7828072fde7f3f,train_mid_borderline,3,mid,1,5,4,visible_failure,no_failure,high,low,review_only,review_only,audit_hard_conflict;both_teachers_disagree_with_human;deepseek_lenient_qwen_strict;derived_risk_disagreement;failure_bucket_disagreement;score_gap_ge2,3,"问题：选择以下具有微分同胚性质的函数类别：（可多选） A. 二次多项式函数 B. 余弦函数 C. 指数函数 D. 常数函数 E. 三次多项式函数 学生的答案：['C', 'E'] 请根据问题和学生答案给出""评分"":""评分细节"":""个性化反馈"":,以json格式返回","```json { ""评分"": ""部分正确"", ""评分细节"": { ""C"": ""正确"", ""E"": ""正确"", ""A"": ""未选择"", ""B"": ""未选择"", ""D"": ""未选择"" }, ""个性化反馈"": ""你的答案中选择了指数函数（C）和三次多项式函数（E），这两个函数确实具有微分同胚性质，这是正确的。然而，你忽略了二次多项式函数（A）和常数函数（D），它们也是具有微分同胚性质的函数。余弦函数（B）在某些区间内可能不具有微分同胚...","[""5分： 内容与指定知识点/主题/问题高度相关，且严格控制在要求的难度、范围、学科内，无冗余或无关信息。"", ""4分： 内容主体相关，范围控制良好，可能包含极少量轻微超纲或关联度稍弱的信息。"", ""3分： 内容大部分相关，但包含一些偏离主题或超出范围的部分，范围控制不够精确。"", ""2分： 内容相关性较差，包含较多无关信息，或严重超出指定范围。"", ""1分： 内容基本不相关，或完全脱离指定范围。""]",True
7ba3796b67c7c4bdf0256d910038276dfc430c41,train_mid_borderline,3,mid,1,5,4,hidden_or_missing_failure,no_failure,high,low,review_only,review_only,audit_hard_conflict;both_teachers_disagree_with_human;deepseek_lenient_qwen_strict;derived_risk_disagreement;failure_bucket_disagreement;score_gap_ge2,3,"Question: Explain the strategic significance of high ground in military operations. Please provide reasoning based on this question. Do not provide the answer directly.. ""Reasoning Provided"":, return in JSON format","{ ""Reasoning Provided"": [ ""In military operations, the concept of controlling high ground is often emphasized due to several strategic advantages it offers. Firstly, from an elevated position, forces can achieve a bet...","[""5: Fully integrated all key scenario elements (e.g., student history, learning preferences); output is highly personalized and well-matched to the teaching context."", ""4: Used major scenario elements effectively; re...",True
8020f89c568e90f9b7dbd1deaf469e93f51822e2,train_mid_borderline,3,mid,5,2,3,no_failure,visible_failure,low,medium,review_only,low_weight,audit_hard_conflict;derived_risk_disagreement;failure_bucket_disagreement;one_teacher_disagrees_with_human;qwen_lenient_deepseek_strict;score_gap_ge2;training_use_disagreement,3,"问题：在分布式系统中，一致性模型的重要性是什么？以下哪个选项最好地描述了它的作用？ A) 提高系统的吞吐量 B) 确保所有节点之间的数据保持一致 C) 降低系统的响应时间 D) 提高系统的可扩展性 学生的答案：B) 确保所有节点之间的数据保持一致 请根据问题和学生答案给出""评分"":""评分细节"":""个性化反馈"":,以json格式返回","```json { ""评分"": 1, ""评分细节"": { ""正确答案"": ""B) 确保所有节点之间的数据保持一致"", ""解释"": ""在分布式系统中，一致性模型的重要性在于确保所有节点之间的数据保持一致。这是分布式系统设计中的关键问题之一，因为分布式系统中的各个节点可能会独立地处理数据，并且需要保证这些数据的一致性。例如，CAP定理中的“一致性”（Consistency）就是指在分布式系统中，所有的读操作都能看到写操作的结果，即数据...","[""5分： 完全理解并精准执行所有指令，完美达成核心任务目标，格式完全符合要求。"", ""4分： 准确理解主要指令，正确执行任务，核心目标达成度高，格式基本符合要求，可能有极少细节遗漏或偏差。"", ""3分： 理解了指令大意但可能忽略部分细节，任务基本完成但存在一些不准确或遗漏之处，格式有明显尝试但存在较多偏差。"", ""2分： 对指令理解有偏差，任务完成度低或有严重错误，格式多数不符合要求。"", ""1分： 完全误解或无视指令，任务未完...",True
a022ea0c7026fcde47ddba15408da18a837c6407,train_mid_borderline,3,mid,1,4,3,visible_failure,no_failure,unclear,unclear,review_only,low_weight,audit_hard_conflict;deepseek_lenient_qwen_strict;failure_bucket_disagreement;one_teacher_disagrees_with_human;score_gap_ge2;training_use_disagreement,3,"学科:法学 学制级别:博士 问题：在国际法中，以下哪一个原则主要用于解决国家之间的领土争端？ A. 不干涉内政原则 B. 自决原则 C. 先占原则 D. 互惠原则 .请根据问题生成对应的答案。""答案"":,以json格式返回","```json { ""答案"": ""B. 自决原则"" } ``` 注解：自决原则是国际法中的一个重要原则，尤其适用于处理殖民地独立、民族分离等问题，也常用于解决某些领土争端。不过，在解决具体的领土争端时，国际社会也可能会采用其他多种方法和原则，包括但不限于协商、仲裁、调解等。题目所列选项中，最符合解决领土争端的是自决原则。但是，需要指出的是，先占原则（C）更多是在历史上被使用，现代国际法实践中较少见到。不干涉内政原则（A）主要涉及国...","[""5分： 内容与指定知识点/主题/问题高度相关，且严格控制在要求的难度、范围、学科内，无冗余或无关信息。"", ""4分： 内容主体相关，范围控制良好，可能包含极少量轻微超纲或关联度稍弱的信息。"", ""3分： 内容大部分相关，但包含一些偏离主题或超出范围的部分，范围控制不够精确。"", ""2分： 内容相关性较差，包含较多无关信息，或严重超出指定范围。"", ""1分： 内容基本不相关，或完全脱离指定范围。""]",True
b2e52bd37efe805ddffb36de59b66927cb7d0a9e,train_mid_borderline,3,mid,5,2,3,no_failure,visible_failure,low,high,review_only,low_weight,audit_hard_conflict;derived_risk_disagreement;failure_bucket_disagreement;one_teacher_disagrees_with_human;qwen_lenient_deepseek_strict;score_gap_ge2;training_use_disagreement,3,"Question: True or False: The Andes Mountains are located in North America. Student's Answer: True Please provide ""Score"", ""Scoring Details"", and ""Personalized Feedback"" based on the question and student's answer, in J...","```json { ""Score"": ""0"", ""Scoring Details"": { ""Correct Answer"": ""False"", ""Explanation"": ""The Andes Mountains are located in South America, not North America. They run along the western coast of South America through se...","[""5: Fully understood and precisely executed all instructions; achieved core task with perfect accuracy; output format is fully compliant."", ""4: Accurately understood main instructions and correctly completed the task...",True
b5fcf58eb2fa824caa2c96f627a6856a91f5370f,train_mid_borderline,3,mid,5,2,3,no_failure,hidden_or_missing_failure,low,high,review_only,low_weight,audit_hard_conflict;derived_risk_disagreement;failure_bucket_disagreement;one_teacher_disagrees_with_human;qwen_lenient_deepseek_strict;score_gap_ge2;training_use_disagreement,3,"学科:数学 学制级别:小学 知识点：简单的加法运算 问题类型：单选题 .请根据学科,学制级别,知识点,问题类型生成一个对应的问题。""问题""和""提供的思路"":,以json格式返回","```json { ""问题"": ""小明有3个苹果，小红给了他2个苹果，现在小明一共有多少个苹果？"", ""提供的思路"": ""这是一个简单的加法运算问题。首先，小明原本有3个苹果，然后小红给了他2个苹果。要计算小明现在一共有多少个苹果，只需要将3和2相加。所以，3 + 2 = 5。因此，小明现在一共有5个苹果。"" } ```","[""5分： 完全理解并精准执行所有指令，完美达成核心任务目标，格式完全符合要求。"", ""4分： 准确理解主要指令，正确执行任务，核心目标达成度高，格式基本符合要求，可能有极少细节遗漏或偏差。"", ""3分： 理解了指令大意但可能忽略部分细节，任务基本完成但存在一些不准确或遗漏之处，格式有明显尝试但存在较多偏差。"", ""2分： 对指令理解有偏差，任务完成度低或有严重错误，格式多数不符合要求。"", ""1分： 完全误解或无视指令，任务未完...",True
0c508e06e64a5ef43de51a922c342509945ba089,train_clean_high_controls,5,high,3,3,0,no_failure,no_failure,low,low,review_only,review_only,audit_hard_conflict;both_teachers_disagree_with_human,4,"Question: Which of the following principles is central to the concept of New Public Management (NPM)? Please provide reasoning based on this question. Do not provide the answer directly.. ""Reasoning Provided"":, return...","{ ""Reasoning Provided"": ""New Public Management (NPM) is a broad set of ideas and practices aimed at making the public sector more 'businesslike' and efficient. It draws on private sector management techniques to impro...","[""5: Extremely clear and concise explanations; fully accessible for target learners; vibrant and engaging delivery that inspires deep thought and interest."", ""4: Clear and easy to understand; appropriate for learner l...",True
2c9bb7e48f78ac5ea58bc5190138b984ff2f16b7,train_mid_borderline,3,mid,1,1,0,hidden_or_missing_failure,hidden_or_missing_failure,high,high,review_only,exclude,audit_hard_conflict;both_teachers_disagree_with_human;training_use_disagreement,4,"Question: Explain how plate tectonics can lead to the formation of mountains. Please provide reasoning based on this question. Do not provide the answer directly.. ""Reasoning Provided"":, return in JSON format","```json { ""Reasoning Provided"": ""To explain how plate tectonics can lead to the formation of mountains, we need to consider the movement and interaction of Earth's tectonic plates. When tectonic plates collide, diverg...","[""5: Fully integrated all key scenario elements (e.g., student history, learning preferences); output is highly personalized and well-matched to the teaching context."", ""4: Used major scenario elements effectively; re...",True
4468842156d5b938a609185df023c4a860497e75,exp27f_top40_conflict_reaudit,3,mid,5,5,0,no_failure,no_failure,low,low,review_only,exclude,audit_hard_conflict;both_teachers_disagree_with_human;training_use_disagreement,4,"问题：在教育学中，哪个教学方法最强调学生的主动参与？ 学生的答案：合作学习法 请根据问题和学生答案给出""评分"":""评分细节"":""个性化反馈"":,以json格式返回","```json { ""评分"": 80, ""评分细节"": { ""正确性"": 70, ""理由"": ""合作学习法确实非常强调学生的主动参与。在这种方法中，学生通过小组合作共同完成任务或解决问题，每个人都有机会表达自己的观点并倾听他人的意见，这有助于提高学生的参与度和互动性。"", ""完整性"": 90, ""理由"": ""学生回答得出了正确的方法名称，并简要说明了这种方法的特点，但可以进一步详细阐述合作学习法的具体实施方式和优势。"" }, ""个...","[""5分： 完全理解并精准执行所有指令，完美达成核心任务目标，格式完全符合要求。"", ""4分： 准确理解主要指令，正确执行任务，核心目标达成度高，格式基本符合要求，可能有极少细节遗漏或偏差。"", ""3分： 理解了指令大意但可能忽略部分细节，任务基本完成但存在一些不准确或遗漏之处，格式有明显尝试但存在较多偏差。"", ""2分： 对指令理解有偏差，任务完成度低或有严重错误，格式多数不符合要求。"", ""1分： 完全误解或无视指令，任务未完...",True
4c1781a47196920cfbd9a98a60533436add7af41,train_all_low_label,1,low,3,3,0,hidden_or_missing_failure,hidden_or_missing_failure,medium,medium,review_only,review_only,audit_hard_conflict;both_teachers_disagree_with_human,4,"Subject:Computer Science Education Level:Undergraduate Question:What is the time complexity of the quicksort algorithm in the average case scenario? . Please generate the corresponding answer based on the question. ""A...","{ ""Answer"": ""The time complexity of the quicksort algorithm in the average case scenario is O(n log n), where n represents the number of elements being sorted. This assumes that the pivot selection allows for a relati...","[""5: Reasoning is complete, clear, and rigorous; all steps are correct; arguments are strong and free of logical fallacies."", ""4: Reasoning is largely correct and logically coherent with minor issues in individual ste...",True
79578290b5204df5e21b484daeb9c2ff5857f8a8,train_mid_borderline,3,mid,5,5,0,no_failure,no_failure,low,low,review_only,review_only,audit_hard_conflict;both_teachers_disagree_with_human,4,"Subject:Mathematics Education Level:PhD Question:In the context of complex analysis, consider the function f(z) = z^2 + 1. Which of the following statements is true regarding its singularities? A) f(z) has no singular...","```json { ""answer"": ""A) f(z) has no singularities."" } ```","[""5: Fully understood and precisely executed all instructions; achieved core task with perfect accuracy; output format is fully compliant."", ""4: Accurately understood main instructions and correctly completed the task...",True
92cdf1cd2345402211a7c41ed7b7fc87c3ed4575,train_mid_borderline,3,mid,5,5,0,no_failure,no_failure,low,low,review_only,exclude,audit_hard_conflict;both_teachers_disagree_with_human;training_use_disagreement,4,"Subject:Mathematics Education Level:PhD Question:In the context of complex analysis, consider the function f(z) = z^2 + 1. Which of the following statements is true regarding its singularities? A) f(z) has no singular...","{ ""Answer"": ""A) f(z) has no singularities."" }","[""5: Fully understood and precisely executed all instructions; achieved core task with perfect accuracy; output format is fully compliant."", ""4: Accurately understood main instructions and correctly completed the task...",True
be1321d38b36c49839edea52e657a1b0dabcf94a,train_mid_borderline,3,mid,5,5,0,no_failure,no_failure,low,low,review_only,review_only,audit_hard_conflict;both_teachers_disagree_with_human,4,Question: Which of the following is the primary function of hemoglobin in the human body? Original Answer: To fight infections by destroying bacteria. You are providing error-correction services for the student's resp...,"```json { ""Corrected Answer"": ""To transport oxygen from the lungs to the tissues and to carry carbon dioxide from the tissues back to the lungs."", ""Error Explanation"": ""The original answer incorrectly identifies the p...","[""5: Fully understood and precisely executed all instructions; achieved core task with perfect accuracy; output format is fully compliant."", ""4: Accurately understood main instructions and correctly completed the task...",True
bfc306c51309c051d15f148eff9b36818199e051,train_mid_borderline,3,mid,5,5,0,no_failure,no_failure,low,low,review_only,review_only,audit_hard_conflict;both_teachers_disagree_with_human,4,"问题：在教育学中，哪个教学方法最强调学生的主动参与？ 学生的答案：合作学习法 请根据问题和学生答案给出""评分"":""评分细节"":""个性化反馈"":,以json格式返回","```json { ""评分"": 3, ""评分细节"": ""学生提到的合作学习法确实是一种非常重视学生主动参与的教学方法。这种方法鼓励学生通过小组形式共同完成学习任务，从而促进相互之间的交流与合作。"", ""个性化反馈"": ""您的回答是正确的，合作学习法确实强调了学生的主动参与。不过，您可能还需要了解更多关于其他强调学生主动参与的教学方法，比如探究式学习、项目式学习等。这些方法同样也注重学生的自主性和探索精神，可以进一步研究它们的特点和...","[""5分： 完全理解并精准执行所有指令，完美达成核心任务目标，格式完全符合要求。"", ""4分： 准确理解主要指令，正确执行任务，核心目标达成度高，格式基本符合要求，可能有极少细节遗漏或偏差。"", ""3分： 理解了指令大意但可能忽略部分细节，任务基本完成但存在一些不准确或遗漏之处，格式有明显尝试但存在较多偏差。"", ""2分： 对指令理解有偏差，任务完成度低或有严重错误，格式多数不符合要求。"", ""1分： 完全误解或无视指令，任务未完...",True
ce0f91ecf89a4b7a41c22ae74a2d33b9cba88cb9,train_education_dimension_stress,3,mid,5,5,0,no_failure,no_failure,low,low,review_only,review_only,audit_hard_conflict;both_teachers_disagree_with_human,4,"学生画像：学生的画像：{'姓名': '陈伟', '年龄': 25, '性别': '男', '学习背景': '本科毕业于军事战略学专业', '兴趣': ['战术分析', '无人机技术', '国际军事合作'], '目标': '成为一名优秀的军事顾问', '学习方式': '喜欢自主学习和小组讨论，适应能力强', '优势': ['逻辑思维能力强', '能够快速理解复杂概念'], '弱点': ['对历史背景了解不足', '实践经验缺乏']}...","根据提供的学生画像信息，可以为陈伟同学设计如下个性化的学习内容或任务： ```json { ""个性化学习内容或任务"": [ { ""主题"": ""战术分析"", ""任务描述"": ""参与在线战术模拟游戏，并撰写一份关于不同战术在现代战争中的应用效果的分析报告。"", ""预期成果"": ""增强对现代战术的理解和实际应用能力。"", ""所需技能"": [""逻辑思维"", ""战术知识""] }, { ""主题"": ""无人机技术"", ""任务描述"": ""研究当前...","[""5分： 非常好地根据学生水平/特点/需求提供了高度差异化的内容/建议/反馈；提供的学习路径/资源建议精准、实用且有价值。"", ""4分： 能根据学生情况进行一定程度的个性化调整，提供了相关的学习建议或资源，具有较好的参考价值。"", ""3分： 尝试进行个性化，但适应性不强，内容/建议差异不大；提供的学习支持比较通用，价值有限。"", ""2分： 几乎没有体现个性化适应，输出内容/建议对所有人都一样；学习支持不足或不相关。"", ""1分：...",True
d188f4704428dec364a97a491930337f3ca4d844,train_mid_borderline,3,mid,1,1,0,hidden_or_missing_failure,hidden_or_missing_failure,high,high,review_only,review_only,audit_hard_conflict;both_teachers_disagree_with_human,4,"Question: What is the value of 5 + 3? Please provide reasoning based on this question. Do not provide the answer directly.. ""Reasoning Provided"":, return in JSON format","{ ""reasoning"": ""This question is asking for the sum of two numbers, 5 and 3. In basic arithmetic, when we add two numbers together, we combine their values to find the total. Here, we are adding 5 to 3, which means we...","[""5: Fully integrated all key scenario elements (e.g., student history, learning preferences); output is highly personalized and well-matched to the teaching context."", ""4: Used major scenario elements effectively; re...",True
ddb236e662a07072802ab4784dbe360063bbd0b9,train_mid_borderline,3,mid,5,5,0,no_failure,no_failure,low,low,review_only,review_only,audit_hard_conflict;both_teachers_disagree_with_human,4,Question: Explain the concept of Nash Equilibrium in game theory and provide an example. Student's Answer: Nash Equilibrium is a situation in a game where each player's strategy is optimal given the strategies of all ...,"```json { ""Score"": 85, ""Scoring_Details"": { ""Accuracy_of_Definition"": 90, ""Explanation_Clarity"": 85, ""Relevance_of_Example"": 80, ""Comprehensiveness_of_Answer"": 85 }, ""Personalized_Feedback"": ""Your explanation of Nash ...","[""5: Fully understood and precisely executed all instructions; achieved core task with perfect accuracy; output format is fully compliant."", ""4: Accurately understood main instructions and correctly completed the task...",True
f4206bd15e53c0ca4937534aca59b07a30cbda0d,train_mid_borderline,3,mid,5,5,0,no_failure,no_failure,low,low,review_only,review_only,audit_hard_conflict;both_teachers_disagree_with_human,4,"Subject:Military Science Education Level:Master Question:Analyze the strategic significance of electromagnetic spectrum operations (EMSO) in contemporary military conflicts, detailing how they can alter the dynamics o...","```json { ""subject"": ""Military Science"", ""education_level"": ""Master"", ""question"": ""Analyze the strategic significance of electromagnetic spectrum operations (EMSO) in contemporary military conflicts, detailing how the...","[""5: Fully understood and precisely executed all instructions; achieved core task with perfect accuracy; output format is fully compliant."", ""4: Accurately understood main instructions and correctly completed the task...",True
0a2ec1587d91e3e0c90bc2114bf0d552f4bf7391,train_high_disagreement_protection,5,high,5,3,2,no_failure,visible_failure,low,low,high_weight,high_weight,failure_bucket_disagreement;one_teacher_disagrees_with_human;qwen_lenient_deepseek_strict;score_gap_ge2,5,"Question: True or False: The sum of the interior angles of a triangle is 180 degrees. Student's Answer: True Please provide ""Score"", ""Scoring Details"", and ""Personalized Feedback"" based on the question and student's a...","```json { ""Score"": 1, ""Scoring_Details"": ""The student correctly identified that the sum of the interior angles of a triangle is indeed 180 degrees, which is a fundamental geometric fact."", ""Personalized_Feedback"": ""Yo...","[""5: Fully understood and precisely executed all instructions; achieved core task with perfect accuracy; output format is fully compliant."", ""4: Accurately understood main instructions and correctly completed the task...",True
1b0ddc727cc651454f7823b107d6bc27e25fd4f6,train_high_disagreement_protection,4,high,5,3,2,no_failure,visible_failure,low,low,low_weight,low_weight,failure_bucket_disagreement;qwen_lenient_deepseek_strict;score_gap_ge2,5,"Question: True or False: The human liver has the capacity to regenerate after surgical removal of a portion of its tissue. Student's Answer: True Please provide ""Score"", ""Scoring Details"", and ""Personalized Feedback"" ...","```json { ""Score"": 1, ""Scoring Details"": { ""Correctness"": true, ""Explanation"": ""The student's answer is correct. The human liver does indeed have a remarkable ability to regenerate after partial removal, a process kno...","[""5: Fully understood and precisely executed all instructions; achieved core task with perfect accuracy; output format is fully compliant."", ""4: Accurately understood main instructions and correctly completed the task...",True
23c4c8e8e32e557e51ae3626b4998260c58eb792,train_high_disagreement_protection,4,high,3,5,2,hidden_or_missing_failure,no_failure,medium,low,low_weight,low_weight,deepseek_lenient_qwen_strict;derived_risk_disagreement;failure_bucket_disagreement;score_gap_ge2,5,"Question: Explain the role of microRNAs in the regulation of gene expression in eukaryotic cells. Student's Answer: MicroRNAs (miRNAs) are small, non-coding RNA molecules that play a crucial role in regulating gene ex...","```json { ""Score"": 8, ""Scoring Details"": { ""Correct Information"": 4, ""Mechanisms of Action"": 2, ""Cellular Processes"": 1, ""Disease Linkage"": 1 }, ""Personalized Feedback"": [ ""Your answer provides a good overview of the ...","[""5: Strongly supportive and encouraging; consistently uses constructive and positive language; offers highly effective heuristic guidance instead of simply giving answers."", ""4: Generally supportive tone and positive...",True
32fc854ed95843dde3e2b4be2ebbf04ba59714c7,train_mid_borderline,3,mid,3,5,2,no_failure,no_failure,low,low,high_weight,review_only,audit_hard_conflict;deepseek_lenient_qwen_strict;one_teacher_disagrees_with_human;score_gap_ge2;training_use_disagreement,5,Question: Explain the concept of Nash Equilibrium in game theory and provide an example. Student's Answer: Nash Equilibrium is a situation in a game where each player's strategy is optimal given the strategies of all ...,"```json { ""Score"": 8, ""Scoring Details"": { ""Correctness"": 2, ""Explanation"": 3, ""ExampleAccuracy"": 1, ""Clarity"": 2 }, ""PersonalizedFeedback"": [ ""The concept of Nash Equilibrium is correctly identified, which is a signi...","[""5: Strongly supportive and encouraging; consistently uses constructive and positive language; offers highly effective heuristic guidance instead of simply giving answers."", ""4: Generally supportive tone and positive...",False
8bb8e1c41f03b8c3325dc80c73ac144883a7c84f,train_high_disagreement_protection,5,high,5,3,2,no_failure,visible_failure,low,low,high_weight,review_only,audit_hard_conflict;failure_bucket_disagreement;one_teacher_disagrees_with_human;qwen_lenient_deepseek_strict;score_gap_ge2;training_use_disagreement,5,"Question: True or False: The human liver has the capacity to regenerate after surgical removal of a portion of its tissue. Student's Answer: True Please provide ""Score"", ""Scoring Details"", and ""Personalized Feedback"" ...","```json { ""Score"": 1, ""Scoring Details"": { ""Correctness"": ""The student's answer is correct. The human liver indeed has the remarkable ability to regenerate after surgical removal of a portion of its tissue."", ""Explana...","[""5: Fully understood and precisely executed all instructions; achieved core task with perfect accuracy; output format is fully compliant."", ""4: Accurately understood main instructions and correctly completed the task...",False
af8cc23fcd89ac16cd2538bdbea62adbb268993c,train_mid_borderline,3,mid,3,1,2,hidden_or_missing_failure,hidden_or_missing_failure,low,high,high_weight,review_only,audit_hard_conflict;derived_risk_disagreement;one_teacher_disagrees_with_human;qwen_lenient_deepseek_strict;score_gap_ge2;training_use_disagreement,5,"问题：解释“需求弹性”的概念及其在经济学中的重要性。 学生的答案：需求弹性是指需求量对价格变化的反应程度。在经济学中，它很重要，因为它帮助企业了解价格变动对销售额的影响，也帮助政府制定税收政策。 请根据问题和学生答案给出""评分"":""评分细节"":""个性化反馈"":,以json格式返回","```json { ""评分"": 75, ""评分细节"": { ""定义准确性"": 80, ""重要性阐述"": 70 }, ""个性化反馈"": ""你的回答准确地捕捉到了需求弹性的核心概念，即需求量对价格变化的敏感度。然而，对于需求弹性的重要性，你可以进一步扩展，比如提及它如何影响企业的定价策略、生产决策以及市场竞争力等。此外，也可以探讨需求弹性在资源分配和消费者福利方面的作用。"" } ```","[""5分： 推理逻辑链条完整、清晰、严密，步骤正确无误，论证充分有力，无逻辑跳跃或漏洞。"", ""4分： 推理过程主体正确且逻辑清晰，可能在个别步骤的表述或论证细节上略有瑕疵，但不影响最终结论的有效性。"", ""3分： 推理过程大体可见，但存在一些逻辑不清、步骤缺失或论证不足之处，结论可能受到影响。"", ""2分： 推理过程存在明显的逻辑错误、步骤混乱或严重缺失，难以得出正确或可靠的结论。"", ""1分： 几乎没有有效的推理过程，逻辑混乱...",False
b5f54f2d11493dd41a74e9e2274d26451a958dcc,exp27f_top40_conflict_reaudit,1,low,1,3,2,visible_failure,visible_failure,high,low,high_weight,exclude,audit_hard_conflict;deepseek_lenient_qwen_strict;derived_risk_disagreement;one_teacher_disagrees_with_human;score_gap_ge2;training_use_disagreement,5,"问题：在神经生理学中，动作电位的过程中不包括以下哪一个步骤？ A) 去极化 B) 再极化 C) 超极化 D) 钙离子流入细胞 学生的答案：C) 超极化 请根据问题和学生答案给出""评分"":""评分细节"":""个性化反馈"":,以json格式返回","```json { ""评分"": 1, ""评分细节"": { ""正确答案"": ""D) 钙离子流入细胞"", ""解释"": ""在神经生理学中，动作电位的过程主要包括去极化、复极化和超射（或称为反极化）等阶段。钙离子流入细胞并不是动作电位过程中的一个标准步骤。"" }, ""个性化反馈"": { ""建议"": ""你的选择是正确的。在动作电位过程中，确实不包括钙离子流入细胞这一步骤。钙离子在神经元的信号传导中有重要作用，但它们主要参与的是神经递质释放的...","[""5分： 内容与指定知识点/主题/问题高度相关，且严格控制在要求的难度、范围、学科内，无冗余或无关信息。"", ""4分： 内容主体相关，范围控制良好，可能包含极少量轻微超纲或关联度稍弱的信息。"", ""3分： 内容大部分相关，但包含一些偏离主题或超出范围的部分，范围控制不够精确。"", ""2分： 内容相关性较差，包含较多无关信息，或严重超出指定范围。"", ""1分： 内容基本不相关，或完全脱离指定范围。""]",False
cc4c8efa19bdc756ca5f0167aa3a81387e769469,train_mid_borderline,3,mid,5,3,2,no_failure,hidden_or_missing_failure,low,medium,review_only,high_weight,audit_hard_conflict;derived_risk_disagreement;failure_bucket_disagreement;one_teacher_disagrees_with_human;qwen_lenient_deepseek_strict;score_gap_ge2;training_use_disagreement,5,"问题：请解释'Romeo and Juliet'中，为什么罗密欧和朱丽叶的爱情故事被认为是悲剧。 原答案：因为他们在一起很幸福，但不能公开。 你为学生的回答进行纠错服务.请根据这个问题和原答案给出""纠错后答案""和""纠错说明"":,以json格式返回","{ ""纠错后答案"": ""罗密欧与朱丽叶的爱情故事被认定为悲剧是因为他们的爱情最终导致了两人的死亡。尽管他们彼此深爱，并试图克服家族间的世仇，但他们所处的社会环境和家庭背景最终成为了他们爱情的障碍，导致了无法挽回的悲剧结局。"", ""纠错说明"": ""原答案未能准确反映《罗密欧与朱丽叶》作为悲剧的核心原因。实际上，罗密欧与朱丽叶的故事之所以被视为悲剧，是因为尽管他们之间有着真挚的爱情，但由于外部因素（如家族仇恨、误会等）导致了两人悲惨的...","[""5分： 推理逻辑链条完整、清晰、严密，步骤正确无误，论证充分有力，无逻辑跳跃或漏洞。"", ""4分： 推理过程主体正确且逻辑清晰，可能在个别步骤的表述或论证细节上略有瑕疵，但不影响最终结论的有效性。"", ""3分： 推理过程大体可见，但存在一些逻辑不清、步骤缺失或论证不足之处，结论可能受到影响。"", ""2分： 推理过程存在明显的逻辑错误、步骤混乱或严重缺失，难以得出正确或可靠的结论。"", ""1分： 几乎没有有效的推理过程，逻辑混乱...",False
d10ae0ebdf1c25e8eeafb2133bf931379e0261d7,train_high_disagreement_protection,5,high,5,3,2,no_failure,visible_failure,low,low,high_weight,high_weight,failure_bucket_disagreement;one_teacher_disagrees_with_human;qwen_lenient_deepseek_strict;score_gap_ge2,5,"Question: Which of the following is an adjective? A) Run B) Quickly C) Happy D) Jump Student's Answer: B) Quickly Please provide ""Score"", ""Scoring Details"", and ""Personalized Feedback"" based on the question and studen...","```json { ""Score"": 0, ""Scoring_Details"": ""The correct answer to this question is C) Happy, as it is the only adjective among the given options. 'Run', 'Jump', and 'Quickly' do not serve as adjectives; they can be verb...","[""5: Fully understood and precisely executed all instructions; achieved core task with perfect accuracy; output format is fully compliant."", ""4: Accurately understood main instructions and correctly completed the task...",False
eebb6c2d0851b385f14d5f66295db77afd02c747,exp27f_top40_conflict_reaudit,5,high,5,3,2,no_failure,visible_failure,low,low,high_weight,review_only,audit_hard_conflict;failure_bucket_disagreement;one_teacher_disagrees_with_human;qwen_lenient_deepseek_strict;score_gap_ge2;training_use_disagreement,5,"问题：在研究中世纪封建制度发展的过程中，下列哪些因素对其演变起到了关键作用？（可选择多个） A. 农奴制 B. 城市化进程 C. 十字军东征 D. 文艺复兴 E. 黑死病的流行 F. 军事科技的进步 学生的答案：['A', 'C', 'E', 'F'] 请根据问题和学生答案给出""评分"":""评分细节"":""个性化反馈"":,以json格式返回","```json { ""评分"": 3, ""评分细节"": { ""正确答案"": [""A"", ""C"", ""E"", ""F""], ""学生答案"": [""A"", ""C"", ""E"", ""F""], ""未选中但正确的选项"": [], ""错误选中的选项"": [] }, ""个性化反馈"": [ ""你的答案是正确的。农奴制、十字军东征、黑死病的流行以及军事科技的进步确实对中世纪封建制度的发展产生了重要影响。"" ] } ```","[""5分： 所有涉及的客观事实（定义、公式、日期、名词、代码语法等）完全准确无误。"", ""4分： 绝大部分事实准确，可能存在个别极其微小的、非关键性的笔误或疏漏。"", ""3分： 大部分事实准确，但存在少量明显的事实错误，需要核查。"", ""2分： 包含较多或关键性的事实错误，信息不可靠。"", ""1分： 充斥着大量事实错误，信息完全错误或误导。""]",False
f039a41fad3824842e2abc63d07fbc25515aec94,train_mid_borderline,3,mid,4,2,2,hidden_or_missing_failure,visible_failure,unclear,high,low_weight,high_weight,derived_risk_disagreement;failure_bucket_disagreement;qwen_lenient_deepseek_strict;score_gap_ge2;training_use_disagreement,5,"问题：在研究中世纪封建制度发展的过程中，下列哪些因素对其演变起到了关键作用？（可选择多个） A. 农奴制 B. 城市化进程 C. 十字军东征 D. 文艺复兴 E. 黑死病的流行 F. 军事科技的进步 学生的答案：['A', 'C', 'E', 'F'] 请根据问题和学生答案给出""评分"":""评分细节"":""个性化反馈"":,以json格式返回","```json { ""评分"": 3, ""评分细节"": { ""正确答案"": [""A"", ""C"", ""E"", ""F""], ""学生答案"": [""A"", ""C"", ""E"", ""F""], ""未选中但正确的选项"": [], ""错误选中的选项"": [] }, ""个性化反馈"": [ ""你的答案是正确的。农奴制、十字军东征、黑死病的流行以及军事科技的进步确实对中世纪封建制度的发展产生了重要影响。"" ] } ```","[""5分： 完全理解并精准执行所有指令，完美达成核心任务目标，格式完全符合要求。"", ""4分： 准确理解主要指令，正确执行任务，核心目标达成度高，格式基本符合要求，可能有极少细节遗漏或偏差。"", ""3分： 理解了指令大意但可能忽略部分细节，任务基本完成但存在一些不准确或遗漏之处，格式有明显尝试但存在较多偏差。"", ""2分： 对指令理解有偏差，任务完成度低或有严重错误，格式多数不符合要求。"", ""1分： 完全误解或无视指令，任务未完...",False
feb05a83c097f7263785dbb5fbe3a324fd9e2081,train_high_disagreement_protection,4,high,3,5,2,hidden_or_missing_failure,no_failure,medium,low,low_weight,low_weight,deepseek_lenient_qwen_strict;derived_risk_disagreement;failure_bucket_disagreement;score_gap_ge2,5,"Question: True or False: The Andes Mountains are located in North America. Student's Answer: True Please provide ""Score"", ""Scoring Details"", and ""Personalized Feedback"" based on the question and student's answer, in J...","```json { ""Score"": 0, ""Scoring Details"": { ""Correct Answer"": ""False"", ""Student's Answer"": ""True"", ""Explanation"": ""The Andes Mountains are not located in North America. They are actually located in South America, runni...","[""5: Strongly supportive and encouraging; consistently uses constructive and positive language; offers highly effective heuristic guidance instead of simply giving answers."", ""4: Generally supportive tone and positive...",False
0a2cdf9b3f6bdc6f89db168c31be1e2a31b9ba5e,train_all_low_label,2,low,2,1,1,hidden_or_missing_failure,visible_failure,high,high,high_weight,low_weight,failure_bucket_disagreement;training_use_disagreement,6,Question: Explain the concept of Nash Equilibrium in game theory and provide an example. Student's Answer: Nash Equilibrium is a situation in a game where each player's strategy is optimal given the strategies of all ...,"```json { ""Score"": 8, ""Scoring Details"": { ""Correctness"": 2, ""Explanation"": 3, ""ExampleAccuracy"": 1, ""Clarity"": 2 }, ""PersonalizedFeedback"": [ ""The concept of Nash Equilibrium is correctly identified, which is a signi...","[""5: Precisely identified all errors (no omission or false positives); provided completely correct, clear, and optimal correction suggestions."", ""4: Correctly located most major errors; suggestions are generally accur...",False
107a460ba82cd473b9a08a5d43257a7f1d336874,exp27f_top40_conflict_reaudit,2,low,2,1,1,hidden_or_missing_failure,visible_failure,high,high,high_weight,low_weight,audit_hard_conflict;failure_bucket_disagreement;training_use_disagreement,6,Question: Explain the concept of Nash Equilibrium in game theory and provide an example. Student's Answer: Nash Equilibrium is a situation in a game where each player's strategy is optimal given the strategies of all ...,"```json { ""Score"": 8, ""Scoring Details"": { ""Concept Explanation"": 4, ""Example Provided"": 4, ""Clarity and Accuracy"": 0 }, ""Personalized Feedback"": ""Your explanation of Nash Equilibrium is accurate and concise, capturin...","[""5: Precisely identified all errors (no omission or false positives); provided completely correct, clear, and optimal correction suggestions."", ""4: Correctly located most major errors; suggestions are generally accur...",False
13af8e6896f2be6cf223e45bf4f1652fe39fe7d3,train_all_low_label,2,low,2,3,1,hidden_or_missing_failure,visible_failure,high,low,high_weight,low_weight,derived_risk_disagreement;failure_bucket_disagreement;training_use_disagreement,6,"Question: Explain how Porter's Five Forces framework can be used to analyze the competitive environment of an industry. Please provide reasoning based on this question. Do not provide the answer directly.. ""Reasoning ...","```json { ""Reasoning Provided"": ""To answer this question, it is essential to understand the components of Porter's Five Forces framework and how they interact to shape the competitive environment of an industry. The f...","[""5: Skillfully designed to promote critical/creative thinking, problem-solving, or transfer of knowledge (e.g., through open-ended questions, comparative analysis, case study, project-based tasks)."", ""4: Includes gui...",False
14d269a457d72719b99e5eb391ccfc2f2ff29cfe,train_high_disagreement_protection,4,high,5,4,1,no_failure,visible_failure,low,low,low_weight,high_weight,failure_bucket_disagreement;training_use_disagreement,6,"Question: Which of the following principles is central to the concept of New Public Management (NPM)? Please provide reasoning based on this question. Do not provide the answer directly.. ""Reasoning Provided"":, return...","{ ""reasoning"": ""New Public Management (NPM) emphasizes the application of business management techniques and practices to the public sector. Central to NPM is the principle of efficiency and effectiveness in service d...","[""5: Fully understood and precisely executed all instructions; achieved core task with perfect accuracy; output format is fully compliant."", ""4: Accurately understood main instructions and correctly completed the task...",False
15835cd98dda860e79b470d6ecf826d95046680e,train_clean_high_controls,4,high,4,5,1,hidden_or_missing_failure,no_failure,low,low,high_weight,low_weight,failure_bucket_disagreement;training_use_disagreement,6,"Anxiety Level: Severe Anxiety Dialogue with Student: [{'Agent': 'Hi there! How are you feeling today?'}, {'Student': ""Honestly, I'm really stressed out. I'm struggling with my Biology coursework and it's overwhelming....","```json { ""Emotional_State_Analysis"": { ""Primary_Emotion"": ""Severe Anxiety"", ""Secondary_Emotion"": ""Worry"", ""Triggers"": [""Overwhelming coursework"", ""Fear of failure""], ""Intensity"": ""High"" }, ""Comfort_and_Advice"": { ""Im...","[""5: Excellent role-playing (e.g., teacher/TA); language style, professionalism, and tone (e.g., encouraging/serious) are perfectly aligned with the assumed role and audience."", ""4: Role and tone are mostly consistent...",False
18551ba0c6e7b3ad2bd30333ae0aad09b79b9c98,train_all_low_label,2,low,1,2,1,visible_failure,visible_failure,unclear,high,low_weight,high_weight,derived_risk_disagreement;training_use_disagreement,6,"问题：选择以下具有微分同胚性质的函数类别：（可多选） A. 二次多项式函数 B. 余弦函数 C. 指数函数 D. 常数函数 E. 三次多项式函数 学生的答案：['C', 'E'] 请根据问题和学生答案给出""评分"":""评分细节"":""个性化反馈"":,以json格式返回","```json { ""评分"": ""部分正确"", ""评分细节"": { ""C"": ""正确"", ""E"": ""正确"", ""A"": ""未选择"", ""B"": ""未选择"", ""D"": ""未选择"" }, ""个性化反馈"": ""你的答案中选择了指数函数（C）和三次多项式函数（E），这两个函数确实具有微分同胚性质，这是正确的。然而，你忽略了二次多项式函数（A）和常数函数（D），它们也是具有微分同胚性质的函数。余弦函数（B）在某些区间内可能不具有微分同胚...","[""5分： 所有涉及的客观事实（定义、公式、日期、名词、代码语法等）完全准确无误。"", ""4分： 绝大部分事实准确，可能存在个别极其微小的、非关键性的笔误或疏漏。"", ""3分： 大部分事实准确，但存在少量明显的事实错误，需要核查。"", ""2分： 包含较多或关键性的事实错误，信息不可靠。"", ""1分： 充斥着大量事实错误，信息完全错误或误导。""]",False
18ae31b0930f4812f14b417a1b631e06c74e7410,exp27f_top40_conflict_reaudit,3,mid,4,5,1,hidden_or_missing_failure,no_failure,low,low,low_weight,review_only,audit_hard_conflict;failure_bucket_disagreement;one_teacher_disagrees_with_human;training_use_disagreement,6,"知识点：作物生长模型的参数优化 请根据这个知识点给出""教学素材"":教学素材需要包括教学目标、重点难点、课堂活动设计等,以json格式返回","{ ""教学目标"": { ""知识与技能"": ""了解作物生长模型的基本概念，掌握作物生长模型参数优化的方法和步骤。"", ""过程与方法"": ""通过案例分析和小组讨论，培养学生解决实际问题的能力和团队协作精神。"", ""情感态度价值观"": ""激发学生对农业科学的兴趣，培养他们关注农业生产、保护生态环境的责任感。"" }, ""重点难点"": { ""重点"": ""作物生长模型参数的含义及其优化方法"", ""难点"": ""如何根据实际情况选择合适的参数进行...","[""5分： 完全理解并精准执行所有指令，完美达成核心任务目标，格式完全符合要求。"", ""4分： 准确理解主要指令，正确执行任务，核心目标达成度高，格式基本符合要求，可能有极少细节遗漏或偏差。"", ""3分： 理解了指令大意但可能忽略部分细节，任务基本完成但存在一些不准确或遗漏之处，格式有明显尝试但存在较多偏差。"", ""2分： 对指令理解有偏差，任务完成度低或有严重错误，格式多数不符合要求。"", ""1分： 完全误解或无视指令，任务未完...",False
1bd5e1ce094da34aea6531591c2674bd221634b6,train_all_low_label,2,low,1,2,1,visible_failure,visible_failure,unclear,high,review_only,high_weight,derived_risk_disagreement;training_use_disagreement,6,"问题：选择以下具有微分同胚性质的函数类别：（可多选） A. 二次多项式函数 B. 余弦函数 C. 指数函数 D. 常数函数 E. 三次多项式函数 学生的答案：['C', 'E'] 请根据问题和学生答案给出""评分"":""评分细节"":""个性化反馈"":,以json格式返回","```json { ""评分"": 1, ""评分细节"": { ""正确选项"": [""B"", ""E""], ""学生选择"": [""C"", ""E""] }, ""个性化反馈"": [ ""你的选择中包括了指数函数，这是一个正确的选项。但是，你没有选择余弦函数，这也是一个具有微分同胚性质的函数类别。余弦函数在某些区间内是微分同胚的，而三次多项式函数通常不具备这种性质。建议你进一步了解不同函数类别的微分同胚特性。"" ] } ```","[""5分： 推理逻辑链条完整、清晰、严密，步骤正确无误，论证充分有力，无逻辑跳跃或漏洞。"", ""4分： 推理过程主体正确且逻辑清晰，可能在个别步骤的表述或论证细节上略有瑕疵，但不影响最终结论的有效性。"", ""3分： 推理过程大体可见，但存在一些逻辑不清、步骤缺失或论证不足之处，结论可能受到影响。"", ""2分： 推理过程存在明显的逻辑错误、步骤混乱或严重缺失，难以得出正确或可靠的结论。"", ""1分： 几乎没有有效的推理过程，逻辑混乱...",False
266f5f751c7cdd83dd3439677156a79c5bdefee9,train_mid_borderline,3,mid,2,3,1,visible_failure,hidden_or_missing_failure,high,medium,low_weight,high_weight,derived_risk_disagreement;failure_bucket_disagreement;training_use_disagreement,6,"Question: Which Chinese dynasty is known for the construction of the majority of the Great Wall of China as it stands today? Please provide reasoning based on this question. Do not provide the answer directly.. ""Reaso...","{ ""reasoning"": ""The construction of the Great Wall of China as we see it today was primarily carried out during the Ming Dynasty (1368-1644). While earlier dynasties such as the Qin and the Han had started building or...","[""5: Skillfully designed to promote critical/creative thinking, problem-solving, or transfer of knowledge (e.g., through open-ended questions, comparative analysis, case study, project-based tasks)."", ""4: Includes gui...",False
271b313d6d584426eb286e996df2ae5d5afa0bfe,train_education_dimension_stress,5,high,4,5,1,hidden_or_missing_failure,no_failure,low,low,low_weight,high_weight,failure_bucket_disagreement;training_use_disagreement,6,"Knowledge Point: Mechanisms of Drug Resistance in Cancer Therapy Based on this knowledge point, provide ""Teaching Materials"": Teaching materials should include teaching objectives, key points and difficulties, classro...","```json { ""Teaching Materials"": { ""Teaching Objectives"": [ ""Understand the fundamental mechanisms of drug resistance in cancer therapy."", ""Identify the key molecular and cellular changes that contribute to drug resist...","[""5: Content is highly relevant to the specified topic/theme/question; strictly within required difficulty/scope/discipline without redundant or irrelevant information."", ""4: Overall relevance is high; scope control i...",False
2ea8fe90bcd66fde9bf39fa74f62447b4d6e94f1,train_education_dimension_stress,4,high,4,5,1,hidden_or_missing_failure,no_failure,low,low,high_weight,low_weight,failure_bucket_disagreement;training_use_disagreement,6,"Anxiety Level: Mild Anxiety Dialogue with Student: [{'Agent': 'Hi! How are you feeling today? Is there anything on your mind?'}, {'Student': ""Hey, I'm doing okay, but I'm a little anxious about my upcoming exams. It's...","{ ""Emotional_State_Analysis"": { ""Current_Emotional_State"": ""Mild Anxiety"", ""Dominant_Feelings"": [""Stress"", ""Pressure"", ""Uncertainty""], ""Root_Cause"": ""Upcoming exams and the associated pressure to perform well and mana...","[""5: Strongly supportive and encouraging; consistently uses constructive and positive language; offers highly effective heuristic guidance instead of simply giving answers."", ""4: Generally supportive tone and positive...",False
30376d33c321d346beb04ca8ce165cf8e75e80d3,train_clean_high_controls,4,high,4,5,1,no_failure,no_failure,unclear,low,low_weight,low_weight,derived_risk_disagreement,6,"学科:体育教育学 学制级别:硕士 问题：在体育教育学中，以下哪些因素可能影响学生的运动参与度？(请选择所有适用的选项) A. 学校的体育设施条件 B. 学生的家庭背景 C. 教师的教学风格 D. 学生的个人兴趣 E. 学校的地理位置 .请根据问题生成对应的答案。""答案"":,以json格式返回","```json { ""答案"": [""A"", ""B"", ""C"", ""D""] } ``` 解释：在体育教育学中，影响学生运动参与度的因素包括但不限于学校的体育设施条件（A）、学生家庭背景（如父母对体育活动的态度和支持程度）(B)、教师的教学风格(C)，以及学生的个人兴趣(D)。学校地理位置(E)虽然可能间接影响到某些方面，比如是否容易接触到自然环境等，但相比于其他选项来说，它不是直接影响学生运动参与度的主要因素之一。因此，正确答案是A...","[""5分： 推理逻辑链条完整、清晰、严密，步骤正确无误，论证充分有力，无逻辑跳跃或漏洞。"", ""4分： 推理过程主体正确且逻辑清晰，可能在个别步骤的表述或论证细节上略有瑕疵，但不影响最终结论的有效性。"", ""3分： 推理过程大体可见，但存在一些逻辑不清、步骤缺失或论证不足之处，结论可能受到影响。"", ""2分： 推理过程存在明显的逻辑错误、步骤混乱或严重缺失，难以得出正确或可靠的结论。"", ""1分： 几乎没有有效的推理过程，逻辑混乱...",False
382276d5fdd2fcd5072674703e6847f553be31ac,train_high_disagreement_protection,4,high,4,5,1,hidden_or_missing_failure,no_failure,low,low,high_weight,low_weight,failure_bucket_disagreement;training_use_disagreement,6,"Question: Discuss the role of neurotransmitters in the regulation of mood, and how imbalances can lead to mood disorders. Student's Answer: Neurotransmitters are chemicals in the brain that transmit signals between ne...","```json { ""Score"": 85, ""Scoring_Details"": { ""Accuracy"": 90, ""Comprehension"": 85, ""Depth"": 75, ""Clarity"": 100 }, ""Personalized_Feedback"": ""Your explanation of the role of neurotransmitters in mood regulation is clear a...","[""5: Precisely identified all errors (no omission or false positives); provided completely correct, clear, and optimal correction suggestions."", ""4: Correctly located most major errors; suggestions are generally accur...",False
3a5e33210fd977f5c8bc6df5dc98a0402f4663ac,exp27f_top40_conflict_reaudit,4,high,3,4,1,hidden_or_missing_failure,no_failure,medium,low,low_weight,high_weight,derived_risk_disagreement;failure_bucket_disagreement;training_use_disagreement,6,"焦虑级别：轻度焦虑 对话内容：[{'学生': '我最近感觉有些焦虑，面对博士阶段的学习压力，有些时候会觉得吃力。'}, {'智能体': '我理解，这么高强度的课程和研究任务，难免会让人感到压力重重。你有没有哪些具体方面觉得特别挑战呢？'}, {'学生': '主要是我在实验设计和数据分析上有时候感到不太自信，担心自己的研究不能达到预期效果。'}, {'智能体': '这些感觉是很正常的，因为博士阶段的学习本身就涉及很多未知和不确定性。...","```json { ""情绪状态分析"": { ""情绪类型"": ""轻度焦虑"", ""主要表现"": ""面对博士阶段的学习压力，感到吃力，特别是在实验设计和数据分析上缺乏自信，担心研究效果。"", ""情绪来源"": ""高强度的课程和研究任务，以及对自身能力的不确定性和对研究结果的担忧。"" }, ""安慰与建议"": { ""安慰"": ""你目前的状态是博士阶段常见的反应，面对未知和不确定性感到焦虑是正常的。你已经意识到自己的不自信，这是迈向改进的第一步...","[""5分： 非常好地根据学生水平/特点/需求提供了高度差异化的内容/建议/反馈；提供的学习路径/资源建议精准、实用且有价值。"", ""4分： 能根据学生情况进行一定程度的个性化调整，提供了相关的学习建议或资源，具有较好的参考价值。"", ""3分： 尝试进行个性化，但适应性不强，内容/建议差异不大；提供的学习支持比较通用，价值有限。"", ""2分： 几乎没有体现个性化适应，输出内容/建议对所有人都一样；学习支持不足或不相关。"", ""1分：...",False
3c53e849df94208fd1ce1dcecb8ee302976fb31e,train_mid_borderline,3,mid,2,3,1,hidden_or_missing_failure,visible_failure,unclear,low,low_weight,high_weight,derived_risk_disagreement;failure_bucket_disagreement;training_use_disagreement,6,"问题：选择以下具有微分同胚性质的函数类别：（可多选） A. 二次多项式函数 B. 余弦函数 C. 指数函数 D. 常数函数 E. 三次多项式函数 学生的答案：['C', 'E'] 请根据问题和学生答案给出""评分"":""评分细节"":""个性化反馈"":,以json格式返回","```json { ""评分"": 1, ""评分细节"": { ""正确选项"": [""B"", ""E""], ""学生选择"": [""C"", ""E""] }, ""个性化反馈"": [ ""你的选择中包括了指数函数，这是一个正确的选项。但是，你没有选择余弦函数，这也是一个具有微分同胚性质的函数类别。余弦函数在某些区间内是微分同胚的，而三次多项式函数通常不具备这种性质。建议你进一步了解不同函数类别的微分同胚特性。"" ] } ```","[""5分： 始终体现出强烈的鼓励和支持态度，语言积极、富有建设性；在需要时提供非常有效的启发式引导，而非直接给答案。"", ""4分： 整体体现出鼓励和支持，语言积极正面；能提供有效的引导，偶尔可能过于直接。"", ""3分： 兼具鼓励和中性/批评性语言，积极性一般；引导有时有效，有时直接给答案或引导不足。"", ""2分： 缺乏鼓励和支持，语言偏中性甚至略显负面；很少提供有效引导，倾向于直接给答案或不给帮助。"", ""1分： 语言消极、打击性...",False
41f6f52edd1473f3cc3cde8e6923d1e09fa429d5,exp27f_top40_conflict_reaudit,4,high,4,3,1,no_failure,visible_failure,low,low,high_weight,low_weight,failure_bucket_disagreement;training_use_disagreement,6,"Student Profile: Student Profile: {'Name': 'Alex Johnson', 'Age': 20, 'Year': 'Junior', 'Background': 'Strong interest in social justice and community engagement, prefers hands-on learning experiences.', 'Learning Sty...","```json { ""Personalized Learning Content"": [ { ""Task"": ""Community Engagement Project"", ""Description"": ""Develop a hands-on project that addresses a local social justice issue. This could involve organizing a community ...","[""5: Highly personalized content/advice/feedback based on student level/traits/needs; resource and learning path suggestions are accurate, practical, and valuable."", ""4: Demonstrates some adaptation to student situati...",False
44ceeb335031f152ef0a559586769d3e34ef590b,train_mid_borderline,3,mid,2,3,1,visible_failure,no_failure,high,low,low_weight,high_weight,derived_risk_disagreement;failure_bucket_disagreement;training_use_disagreement,6,"Subject:Public Administration Education Level:PhD Knowledge Point:Public administration at the PhD level often involves understanding complex governance structures, policy analysis, and the implementation of public po...","```json { ""Question"": ""At the PhD level in Public Administration, which of the following is most crucial for analyzing and implementing public policies effectively?"", ""ProvidedReasoning"": ""This question tests the cand...","[""5: Skillfully designed to promote critical/creative thinking, problem-solving, or transfer of knowledge (e.g., through open-ended questions, comparative analysis, case study, project-based tasks)."", ""4: Includes gui...",False
507f5c36797a84ee4697677a771c8769e4277e4e,train_mid_borderline,3,mid,3,4,1,hidden_or_missing_failure,no_failure,medium,low,high_weight,low_weight,derived_risk_disagreement;failure_bucket_disagreement;training_use_disagreement,6,"知识点：作物生长模型的参数优化 请根据这个知识点给出""教学素材"":教学素材需要包括教学目标、重点难点、课堂活动设计等,以json格式返回","{ ""教学目标"": { ""知识与技能"": ""了解作物生长模型的基本概念，掌握作物生长模型参数优化的方法和步骤。"", ""过程与方法"": ""通过案例分析和小组讨论，培养学生解决实际问题的能力和团队协作精神。"", ""情感态度价值观"": ""激发学生对农业科学的兴趣，培养他们关注农业生产、保护生态环境的责任感。"" }, ""重点难点"": { ""重点"": ""作物生长模型参数的含义及其优化方法"", ""难点"": ""如何根据实际情况选择合适的参数进行...","[""5分： 解释、说明、反馈极其清晰简洁，完全符合目标学习者的理解水平；表达生动有趣，能有效激发思考和兴趣。"", ""4分： 表达清晰易懂，语言简洁，适合目标学习者；具有一定的启发性，能够引发一些思考。"", ""3分： 表达基本能懂，但可能略显啰嗦、复杂或不够生动；启发性一般。"", ""2分： 表达不够清晰，存在较多术语或复杂句式，不易理解；缺乏启发性。"", ""1分： 表达混乱、晦涩难懂，完全不考虑学习者水平；毫无启发性甚至令人困惑。""]",False
517dc48287d549eced274ca98074d718eb6fbf54,train_mid_borderline,3,mid,1,2,1,visible_failure,visible_failure,unclear,high,review_only,low_weight,audit_hard_conflict;derived_risk_disagreement;one_teacher_disagrees_with_human;training_use_disagreement,6,"问题：选择以下具有微分同胚性质的函数类别：（可多选） A. 二次多项式函数 B. 余弦函数 C. 指数函数 D. 常数函数 E. 三次多项式函数 学生的答案：['C', 'E'] 请根据问题和学生答案给出""评分"":""评分细节"":""个性化反馈"":,以json格式返回","```json { ""评分"": ""部分正确"", ""评分细节"": { ""C"": ""正确"", ""E"": ""正确"", ""A"": ""未选择"", ""B"": ""未选择"", ""D"": ""未选择"" }, ""个性化反馈"": ""你的答案中选择了指数函数（C）和三次多项式函数（E），这两个函数确实具有微分同胚性质，这是正确的。然而，你忽略了二次多项式函数（A）和常数函数（D），它们也是具有微分同胚性质的函数。余弦函数（B）在某些区间内可能不具有微分同胚...","[""5分： 推理逻辑链条完整、清晰、严密，步骤正确无误，论证充分有力，无逻辑跳跃或漏洞。"", ""4分： 推理过程主体正确且逻辑清晰，可能在个别步骤的表述或论证细节上略有瑕疵，但不影响最终结论的有效性。"", ""3分： 推理过程大体可见，但存在一些逻辑不清、步骤缺失或论证不足之处，结论可能受到影响。"", ""2分： 推理过程存在明显的逻辑错误、步骤混乱或严重缺失，难以得出正确或可靠的结论。"", ""1分： 几乎没有有效的推理过程，逻辑混乱...",False
5598983d036e29d4736ef259e695961443e977d5,train_clean_high_controls,5,high,4,5,1,hidden_or_missing_failure,no_failure,low,low,low_weight,high_weight,failure_bucket_disagreement;training_use_disagreement,6,"学科:文学与艺术 学制级别:博士 知识点：后现代主义文学理论 问题类型：单选题 .请根据学科,学制级别,知识点,问题类型生成一个对应的问题。""问题""和""提供的思路"":,以json格式返回","```json { ""问题"": ""在后现代主义文学理论中，哪一项是其核心特征之一？"", ""提供的思路"": [ ""考虑后现代主义文学理论对传统叙事结构、作者权威以及文本解读方式的挑战。"", ""回顾后现代主义文学理论中的关键概念，如解构主义、多元视角等。"", ""思考选项中哪些特征最能体现上述理论的核心思想。"" ], ""选项"": [ ""强调文本的单一解释"", ""推崇作者的绝对权威"", ""反对传统的线性叙事结构"", ""坚持现实主义的真实再...","[""5分： 完全理解并精准执行所有指令，完美达成核心任务目标，格式完全符合要求。"", ""4分： 准确理解主要指令，正确执行任务，核心目标达成度高，格式基本符合要求，可能有极少细节遗漏或偏差。"", ""3分： 理解了指令大意但可能忽略部分细节，任务基本完成但存在一些不准确或遗漏之处，格式有明显尝试但存在较多偏差。"", ""2分： 对指令理解有偏差，任务完成度低或有严重错误，格式多数不符合要求。"", ""1分： 完全误解或无视指令，任务未完...",False
6195cd84a8bf06d5a3608b3bb6561111e242ace6,exp27f_top40_conflict_reaudit,3,mid,3,4,1,hidden_or_missing_failure,no_failure,medium,low,high_weight,low_weight,derived_risk_disagreement;failure_bucket_disagreement;training_use_disagreement,6,"Question: Which part of the plant is responsible for photosynthesis? A) Roots B) Stems C) Leaves D) Flowers Please provide reasoning based on this question. Do not provide the answer directly.. ""Reasoning Provided"":, ...","```json { ""Reasoning Provided"": { ""Photosynthesis Process"": ""Photosynthesis converts sunlight into energy using chlorophyll, requiring light, carbon dioxide, and water."", ""Roots Function"": ""Roots anchor the plant and ...","[""5: Extremely clear and concise explanations; fully accessible for target learners; vibrant and engaging delivery that inspires deep thought and interest."", ""4: Clear and easy to understand; appropriate for learner l...",False
7a3d744f872bfd9b86744f132f9dfc6a3c5d8e9f,exp27f_top40_conflict_reaudit,3,mid,2,3,1,visible_failure,visible_failure,unclear,low,review_only,high_weight,derived_risk_disagreement;training_use_disagreement,6,"问题：在研究中世纪封建制度发展的过程中，下列哪些因素对其演变起到了关键作用？（可选择多个） A. 农奴制 B. 城市化进程 C. 十字军东征 D. 文艺复兴 E. 黑死病的流行 F. 军事科技的进步 学生的答案：['A', 'C', 'E', 'F'] 请根据问题和学生答案给出""评分"":""评分细节"":""个性化反馈"":,以json格式返回","```json { ""评分"": 3, ""评分细节"": ""学生正确选择了四个因素中的三个，但漏掉了对城市化进程的影响。"", ""个性化反馈"": ""您的回答非常接近完全正确。您准确地指出了农奴制、十字军东征、黑死病的流行以及军事科技的进步对中世纪封建制度演变的关键影响。然而，城市化进程同样是一个重要的因素，它促进了经济和社会结构的变化，进一步削弱了封建制度的基础。希望您能更加全面地考虑各个因素的影响。"" } ```","[""5分： 推理逻辑链条完整、清晰、严密，步骤正确无误，论证充分有力，无逻辑跳跃或漏洞。"", ""4分： 推理过程主体正确且逻辑清晰，可能在个别步骤的表述或论证细节上略有瑕疵，但不影响最终结论的有效性。"", ""3分： 推理过程大体可见，但存在一些逻辑不清、步骤缺失或论证不足之处，结论可能受到影响。"", ""2分： 推理过程存在明显的逻辑错误、步骤混乱或严重缺失，难以得出正确或可靠的结论。"", ""1分： 几乎没有有效的推理过程，逻辑混乱...",False
7a8b5c968361fd4eee844fa90479089f374aab8e,train_high_disagreement_protection,5,high,4,5,1,hidden_or_missing_failure,no_failure,unclear,low,low_weight,high_weight,derived_risk_disagreement;failure_bucket_disagreement;training_use_disagreement,6,"问题：在教育学中，哪个教学方法最强调学生的主动参与？ 学生的答案：合作学习法 请根据问题和学生答案给出""评分"":""评分细节"":""个性化反馈"":,以json格式返回","```json { ""评分"": ""5/5"", ""评分细节"": ""学生正确地指出了在教育学中，合作学习法是一种非常强调学生主动参与的教学方法。这种教学方法鼓励学生之间相互协作解决问题或完成任务，从而促进知识的理解和个人能力的发展。"", ""个性化反馈"": ""你的回答很准确！合作学习确实是一个很好的例子，它通过让学生们一起工作来解决问题或者完成项目，极大地促进了学生的积极参与和团队合作能力。继续加油，保持对教育理论的好奇心！"" } ```","[""5分： 始终体现出强烈的鼓励和支持态度，语言积极、富有建设性；在需要时提供非常有效的启发式引导，而非直接给答案。"", ""4分： 整体体现出鼓励和支持，语言积极正面；能提供有效的引导，偶尔可能过于直接。"", ""3分： 兼具鼓励和中性/批评性语言，积极性一般；引导有时有效，有时直接给答案或引导不足。"", ""2分： 缺乏鼓励和支持，语言偏中性甚至略显负面；很少提供有效引导，倾向于直接给答案或不给帮助。"", ""1分： 语言消极、打击性...",False
80b206d487a4c9e39d68a0e0b12091aabe420729,train_mid_borderline,3,mid,2,3,1,hidden_or_missing_failure,hidden_or_missing_failure,high,medium,low_weight,high_weight,derived_risk_disagreement;training_use_disagreement,6,Question: Which of the following statements is true about the acceleration due to gravity on Earth? Original Answer: The acceleration due to gravity is the same at all altitudes on Earth. You are providing error-corre...,"{ ""Corrected Answer"": ""The acceleration due to gravity is not the same at all altitudes on Earth; it decreases as altitude increases."", ""Error Explanation"": ""The original statement is incorrect because the acceleratio...","[""5: Strongly supportive and encouraging; consistently uses constructive and positive language; offers highly effective heuristic guidance instead of simply giving answers."", ""4: Generally supportive tone and positive...",False
80f9fc04a015dbb39a5f5c5a75c7737bf798466a,train_mid_borderline,3,mid,4,3,1,hidden_or_missing_failure,hidden_or_missing_failure,low,medium,low_weight,high_weight,derived_risk_disagreement;training_use_disagreement,6,"学生画像：学生的画像：{'姓名': '小明', '年级': '小学四年级', '兴趣': ['观察自然', '阅读科普书籍'], '学习风格': '动手实践型', '能力水平': '理解力较强，但记忆力和专注度需要加强', '性格特点': '好奇心强，喜欢提出问题'} 请根据学生画像，为每位学生生成 ‘个性化的学习内容或任务’:,以json格式返回","根据提供的学生画像信息，可以为小明设计一些符合他个人特点的学习内容或任务。考虑到他的兴趣、学习风格以及需要加强的能力，以下是一个示例性的JSON格式的个性化学习计划： ```json { ""学生姓名"": ""小明"", ""年级"": ""小学四年级"", ""个性化学习内容或任务"": [ { ""主题"": ""自然探索"", ""描述"": ""组织一次校园内的自然探索活动，让学生们观察并记录植物、昆虫等自然现象。"", ""目标"": ""提高对自然的兴趣，培...","[""5分： 非常好地根据学生水平/特点/需求提供了高度差异化的内容/建议/反馈；提供的学习路径/资源建议精准、实用且有价值。"", ""4分： 能根据学生情况进行一定程度的个性化调整，提供了相关的学习建议或资源，具有较好的参考价值。"", ""3分： 尝试进行个性化，但适应性不强，内容/建议差异不大；提供的学习支持比较通用，价值有限。"", ""2分： 几乎没有体现个性化适应，输出内容/建议对所有人都一样；学习支持不足或不相关。"", ""1分：...",False
874ce57cbb5e51560106533bf991b46dcff34675,train_clean_high_controls,5,high,4,5,1,hidden_or_missing_failure,no_failure,low,low,low_weight,high_weight,failure_bucket_disagreement;training_use_disagreement,6,"知识点：线粒体功能与生物能量代谢调控 请根据这个知识点给出""教学素材"":教学素材需要包括教学目标、重点难点、课堂活动设计等,以json格式返回","```json { ""teaching_materials"": { ""teaching_objectives"": { ""knowledge"": [ ""掌握线粒体的结构与功能，包括内膜、外膜、基质和嵴的作用"", ""理解ATP合成的基本过程（糖酵解、三羧酸循环、电子传递链与氧化磷酸化）"", ""阐明生物能量代谢调控的分子机制（如ATP/ADP比值、钙离子信号、激素调控）"" ], ""ability"": [ ""能分析线粒体功能障碍对细胞能量...","[""5分： 解释、说明、反馈极其清晰简洁，完全符合目标学习者的理解水平；表达生动有趣，能有效激发思考和兴趣。"", ""4分： 表达清晰易懂，语言简洁，适合目标学习者；具有一定的启发性，能够引发一些思考。"", ""3分： 表达基本能懂，但可能略显啰嗦、复杂或不够生动；启发性一般。"", ""2分： 表达不够清晰，存在较多术语或复杂句式，不易理解；缺乏启发性。"", ""1分： 表达混乱、晦涩难懂，完全不考虑学习者水平；毫无启发性甚至令人困惑。""]",False
8a7b6cad6bb59eda2ee12ec90a7150af7029cf77,train_high_disagreement_protection,4,high,3,4,1,hidden_or_missing_failure,no_failure,medium,low,low_weight,high_weight,derived_risk_disagreement;failure_bucket_disagreement;training_use_disagreement,6,"Question: True or False: The Andes Mountains are located in North America. Student's Answer: True Please provide ""Score"", ""Scoring Details"", and ""Personalized Feedback"" based on the question and student's answer, in J...","```json { ""Score"": ""0"", ""Scoring Details"": { ""Correct Answer"": ""False"", ""Explanation"": ""The Andes Mountains are located in South America, not North America. They run along the western coast of South America through se...","[""5: Strongly supportive and encouraging; consistently uses constructive and positive language; offers highly effective heuristic guidance instead of simply giving answers."", ""4: Generally supportive tone and positive...",False
8f04d6cb786b1a58fae43fd1ecc4185642111a42,train_mid_borderline,3,mid,2,3,1,visible_failure,hidden_or_missing_failure,high,medium,low_weight,high_weight,derived_risk_disagreement;failure_bucket_disagreement;training_use_disagreement,6,"Subject:Physical Education Education Level:Undergraduate Knowledge Point:The FITT principle is a foundational concept in physical education that stands for Frequency, Intensity, Time, and Type. It is used to structure...","```json { ""Question"": ""What does the FITT principle stand for in physical education, and how is it used to structure exercise programs?"", ""ProvidedReasoning"": ""This question tests the undergraduate student's understan...","[""5: Skillfully designed to promote critical/creative thinking, problem-solving, or transfer of knowledge (e.g., through open-ended questions, comparative analysis, case study, project-based tasks)."", ""4: Includes gui...",False
924ba48dd288c1be641678f73cd053f20d2e4194,train_mid_borderline,3,mid,2,1,1,visible_failure,hidden_or_missing_failure,high,high,low_weight,review_only,audit_hard_conflict;failure_bucket_disagreement;one_teacher_disagrees_with_human;training_use_disagreement,6,Subject:Basic Medicine Education Level:Master Knowledge Point:The renin-angiotensin-aldosterone system (RAAS) plays a crucial role in regulating blood pressure and fluid balance in the body. Question Type:Single Choic...,"```json { ""Question"": ""In the renin-angiotensin-aldosterone system (RAAS), which hormone directly stimulates the adrenal cortex to release aldosterone?"", ""Provided Reasoning"": ""The RAAS is a complex hormonal system th...","[""5: Skillfully designed to promote critical/creative thinking, problem-solving, or transfer of knowledge (e.g., through open-ended questions, comparative analysis, case study, project-based tasks)."", ""4: Includes gui...",False
9ff89a7371f7a3cc50ca3b8ecc73e832d537fe83,train_education_dimension_stress,4,high,4,3,1,no_failure,hidden_or_missing_failure,low,medium,high_weight,low_weight,derived_risk_disagreement;failure_bucket_disagreement;training_use_disagreement,6,"Anxiety Level: Moderate Anxiety Dialogue with Student: [{'Agent': 'Hi there! How are you feeling about your History studies today?'}, {'Student': 'Hey, I’m feeling a bit anxious, to be honest. There’s just so much to ...","{ ""Emotional_State_Analysis"": { ""Current_Feelings"": ""The student is experiencing moderate anxiety primarily due to the overwhelming amount of information they need to memorize for their History exam."", ""Underlying_Con...","[""5: Fully integrated all key scenario elements (e.g., student history, learning preferences); output is highly personalized and well-matched to the teaching context."", ""4: Used major scenario elements effectively; re...",False
a8a5e3af92e139b36931e9a92aa6c72fdea5ae18,train_clean_high_controls,5,high,4,5,1,hidden_or_missing_failure,no_failure,low,low,low_weight,high_weight,failure_bucket_disagreement;training_use_disagreement,6,"焦虑程度：中度焦虑 对话内容：学生：我觉得语文课好难，我总是记不住那些生字和课文。 智能体：我能理解你的感受，学习新东西有时候确实会让人感到压力。你觉得是哪个方面让你特别难记住？是生字还是课文内容？ 学生：都有一点，我总是在考试的时候想不起来。 智能体：听起来你在考试的时候感到紧张，这可能影响了你的记忆。我们可以试试一些记忆技巧，比如分段记忆或者用故事来帮助记忆生字。 请根据学生情绪状态和对话给出""情绪状态分析"":和""安慰与建议""...","```json { ""情绪状态分析"": { ""当前情绪"": ""中度焦虑"", ""主要原因"": ""对语文课程内容的记忆困难，尤其是在考试时"", ""具体表现"": [ ""感到学习新东西有压力"", ""在考试时容易紧张"", ""难以记住生字和课文"" ] }, ""安慰与建议"": { ""安慰"": [ ""你并不孤单，很多同学在学习过程中都会遇到类似的挑战。"", ""感到紧张是很正常的，但我们可以一起找到缓解的方法。"" ], ""建议"": [ ""尝试分段记...","[""5分： 角色扮演（如老师/助教）非常到位，语言风格、专业程度和语气（如鼓励/严肃）完全符合设定和面向的学习者群体。"", ""4分： 角色和口吻大体一致，符合场景要求，但在个别语句或细节上可能略有偏差。"", ""3分： 能看出尝试匹配角色和口吻，但一致性不足，部分表达与设定角色/场景有脱节。"", ""2分： 角色和口吻与设定要求有较大差距，显得生硬或不协调。"", ""1分： 完全没有体现设定的角色和口吻，表达方式与场景要求完全不符。""]",False
ace8e8c753768bd92cca1109688beec1d0397396,train_mid_borderline,3,mid,4,3,1,hidden_or_missing_failure,visible_failure,low,low,low_weight,high_weight,failure_bucket_disagreement;training_use_disagreement,6,"问题：以下哪些选项是化学反应速率的影响因素？（可多选） A. 反应物的浓度 B. 温度 C. 反应物的颜色 D. 催化剂的存在 E. 反应物的物理状态 学生的答案：A, B, D, E 请根据问题和学生答案给出""评分"":""评分细节"":""个性化反馈"":,以json格式返回","```json { ""评分"": ""4/5"", ""评分细节"": { ""A. 反应物的浓度"": ""正确"", ""B. 温度"": ""正确"", ""C. 反应物的颜色"": ""未选中，这是正确的。因为反应物的颜色通常不会直接影响化学反应速率。"", ""D. 催化剂的存在"": ""正确"", ""E. 反应物的物理状态"": ""正确，但需注意，虽然物理状态（如固态、液态或气态）确实可以影响反应速率，这主要通过改变分子间的接触机会来实现，但它不是最直接的影响...","[""5分： 完全理解并精准执行所有指令，完美达成核心任务目标，格式完全符合要求。"", ""4分： 准确理解主要指令，正确执行任务，核心目标达成度高，格式基本符合要求，可能有极少细节遗漏或偏差。"", ""3分： 理解了指令大意但可能忽略部分细节，任务基本完成但存在一些不准确或遗漏之处，格式有明显尝试但存在较多偏差。"", ""2分： 对指令理解有偏差，任务完成度低或有严重错误，格式多数不符合要求。"", ""1分： 完全误解或无视指令，任务未完...",False
b01129b756e85be3f61bf81d006ca0e61ef3e530,exp27f_top40_conflict_reaudit,4,high,3,4,1,hidden_or_missing_failure,no_failure,medium,low,low_weight,high_weight,derived_risk_disagreement;failure_bucket_disagreement;training_use_disagreement,6,"焦虑程度：中度焦虑 对话内容：学生：我觉得语文课好难，我总是记不住那些生字和课文。 智能体：我能理解你的感受，学习新东西有时候确实会让人感到压力。你觉得是哪个方面让你特别难记住？是生字还是课文内容？ 学生：都有一点，我总是在考试的时候想不起来。 智能体：听起来你在考试的时候感到紧张，这可能影响了你的记忆。我们可以试试一些记忆技巧，比如分段记忆或者用故事来帮助记忆生字。 请根据学生情绪状态和对话给出""情绪状态分析"":和""安慰与建议""...","{ ""情绪状态分析"": { ""当前情绪"": ""中度焦虑"", ""原因"": [""对语文课程的难度感到压力"", ""考试时的记忆力问题""], ""影响因素"": [""难以记住生字和课文"", ""考试时的紧张感""] }, ""安慰与建议"": { ""安慰"": ""我能理解你现在的感受，很多同学在面对语文这样的科目时也会遇到类似的问题。重要的是不要放弃，每个人都有自己的学习节奏。"", ""建议"": [ ""尝试使用不同的记忆方法，如分段记忆或通过创造故事来记...","[""5分： 充分融合所有关键场景要素（如学生历史、学习偏好等），输出高度个性化，并与教学情境高度匹配。"", ""4分： 有效使用主要场景要素，回答具有针对性；可能遗漏少量细节，但不影响整体效果。"", ""3分： 使用了部分场景信息，但融合较浅；个性化程度或情境契合度一般。"", ""2分： 仅表层提及场景信息，未有效融合核心要素；与上下文连接较弱。"", ""1分： 完全忽视场景特定信息；输出通用、模板化，且与场景不相关。""]",False
b244536c7311368a6ca7c48f1c8dc3c2f9c080dd,train_clean_high_controls,5,high,4,5,1,hidden_or_missing_failure,no_failure,unclear,low,low_weight,high_weight,derived_risk_disagreement;failure_bucket_disagreement;training_use_disagreement,6,"Question: Which Chinese dynasty is known for the construction of the majority of the Great Wall of China as it stands today? Please provide reasoning based on this question. Do not provide the answer directly.. ""Reaso...","{ ""reasoning"": ""The Great Wall of China, as it is known today, is a result of multiple construction and renovation phases carried out by different Chinese dynasties. To determine which dynasty is most associated with ...","[""5: Fully understood and precisely executed all instructions; achieved core task with perfect accuracy; output format is fully compliant."", ""4: Accurately understood main instructions and correctly completed the task...",False
b8475c62295f4ef89c9d7a92128b129b34e102c9,train_education_dimension_stress,4,high,4,5,1,hidden_or_missing_failure,no_failure,low,low,high_weight,low_weight,failure_bucket_disagreement;training_use_disagreement,6,"Anxiety Level: Moderate Anxiety Dialogue with Student: [{'Agent': 'Hi there! How are you feeling about your History studies today?'}, {'Student': 'Hey, I’m feeling a bit anxious, to be honest. There’s just so much to ...","{ ""Emotional_State_Analysis"": { ""Current_Feelings"": ""The student is experiencing moderate anxiety primarily due to the overwhelming amount of information they need to memorize for their History exam."", ""Underlying_Con...","[""5: Strongly supportive and encouraging; consistently uses constructive and positive language; offers highly effective heuristic guidance instead of simply giving answers."", ""4: Generally supportive tone and positive...",False
bbfc64122b8f46b27913b0a753cd4402f523cc12,train_high_disagreement_protection,4,high,3,4,1,hidden_or_missing_failure,no_failure,medium,low,low_weight,high_weight,derived_risk_disagreement;failure_bucket_disagreement;training_use_disagreement,6,"Question: Discuss the role of neurotransmitters in the regulation of mood, and how imbalances can lead to mood disorders. Student's Answer: Neurotransmitters are chemicals in the brain that transmit signals between ne...","```json { ""Score"": 7, ""Scoring Details"": { ""Correct Information"": [ ""Neurotransmitters are chemicals in the brain that transmit signals between neurons."", ""Serotonin and dopamine are neurotransmitters that are heavily...","[""5: Strongly supportive and encouraging; consistently uses constructive and positive language; offers highly effective heuristic guidance instead of simply giving answers."", ""4: Generally supportive tone and positive...",False
bdc4da3aedcbbcc9043ea3f55faf2bc4eae54093,train_clean_high_controls,4,high,3,4,1,hidden_or_missing_failure,no_failure,medium,low,low_weight,high_weight,derived_risk_disagreement;failure_bucket_disagreement;training_use_disagreement,6,"知识点：市场结构与垄断竞争 请根据这个知识点给出""教学素材"":教学素材需要包括教学目标、重点难点、课堂活动设计等,以json格式返回","{ ""知识点"": ""市场结构与垄断竞争"", ""教学目标"": { ""知识目标"": ""理解垄断竞争市场的定义和特征；了解垄断竞争市场的形成原因。"", ""能力目标"": ""能够分析实际案例中的垄断竞争现象；学会从不同角度评价垄断竞争对经济的影响。"", ""情感态度价值观"": ""培养批判性思维，认识到市场竞争的复杂性和多样性；鼓励学生关注现实经济问题，增强社会责任感。"" }, ""重点难点"": { ""重点"": ""垄断竞争市场的基本概念及其与完全...","[""5分： 解释、说明、反馈极其清晰简洁，完全符合目标学习者的理解水平；表达生动有趣，能有效激发思考和兴趣。"", ""4分： 表达清晰易懂，语言简洁，适合目标学习者；具有一定的启发性，能够引发一些思考。"", ""3分： 表达基本能懂，但可能略显啰嗦、复杂或不够生动；启发性一般。"", ""2分： 表达不够清晰，存在较多术语或复杂句式，不易理解；缺乏启发性。"", ""1分： 表达混乱、晦涩难懂，完全不考虑学习者水平；毫无启发性甚至令人困惑。""]",False
bdfb1901aed7bfddbd4bcd0898854e7ecfd4513c,exp27f_top40_conflict_reaudit,2,low,2,3,1,visible_failure,hidden_or_missing_failure,high,unclear,high_weight,low_weight,derived_risk_disagreement;failure_bucket_disagreement;training_use_disagreement,6,"学科:法学 学制级别:博士 问题：在国际法中，以下哪一个原则主要用于解决国家之间的领土争端？ A. 不干涉内政原则 B. 自决原则 C. 先占原则 D. 互惠原则 .请根据问题生成对应的答案。""答案"":,以json格式返回","```json { ""答案"": ""B. 自决原则"" } ``` 注解：自决原则是国际法中的一个重要原则，尤其适用于处理殖民地独立、民族分离等问题，也常用于解决某些领土争端。不过，在解决具体的领土争端时，国际社会也可能会采用其他多种方法和原则，包括但不限于协商、仲裁、调解等。题目所列选项中，最符合解决领土争端的是自决原则。但是，需要指出的是，先占原则（C）更多是在历史上被使用，现代国际法实践中较少见到。不干涉内政原则（A）主要涉及国...","[""5分： 推理逻辑链条完整、清晰、严密，步骤正确无误，论证充分有力，无逻辑跳跃或漏洞。"", ""4分： 推理过程主体正确且逻辑清晰，可能在个别步骤的表述或论证细节上略有瑕疵，但不影响最终结论的有效性。"", ""3分： 推理过程大体可见，但存在一些逻辑不清、步骤缺失或论证不足之处，结论可能受到影响。"", ""2分： 推理过程存在明显的逻辑错误、步骤混乱或严重缺失，难以得出正确或可靠的结论。"", ""1分： 几乎没有有效的推理过程，逻辑混乱...",False
ec9a7870c5ca6a68b1ba47d38ed2852f9d6a317e,exp27f_top40_conflict_reaudit,3,mid,4,3,1,no_failure,hidden_or_missing_failure,low,medium,low_weight,high_weight,derived_risk_disagreement;failure_bucket_disagreement;training_use_disagreement,6,"焦虑级别：轻度焦虑 对话内容：[{'学生': '我最近感觉有些焦虑，面对博士阶段的学习压力，有些时候会觉得吃力。'}, {'智能体': '我理解，这么高强度的课程和研究任务，难免会让人感到压力重重。你有没有哪些具体方面觉得特别挑战呢？'}, {'学生': '主要是我在实验设计和数据分析上有时候感到不太自信，担心自己的研究不能达到预期效果。'}, {'智能体': '这些感觉是很正常的，因为博士阶段的学习本身就涉及很多未知和不确定性。...","```json { ""情绪状态分析"": ""从对话中可以看出，学生正处在轻度焦虑的状态。这种焦虑主要来源于博士阶段的学习压力，特别是在实验设计和数据分析方面的挑战让他/她感到不太自信。这是非常正常的情绪反应，因为面对未知和不确定性时，大多数人都会有类似的感受。"", ""安慰与建议"": { ""安慰"": ""首先，请知道您并不孤单，在这样高水平的研究工作中遇到挑战是正常的经历。您的感受是非常普遍的，许多处于相同阶段的学生也会面临相似的压力。...","[""5分： 充分融合所有关键场景要素（如学生历史、学习偏好等），输出高度个性化，并与教学情境高度匹配。"", ""4分： 有效使用主要场景要素，回答具有针对性；可能遗漏少量细节，但不影响整体效果。"", ""3分： 使用了部分场景信息，但融合较浅；个性化程度或情境契合度一般。"", ""2分： 仅表层提及场景信息，未有效融合核心要素；与上下文连接较弱。"", ""1分： 完全忽视场景特定信息；输出通用、模板化，且与场景不相关。""]",False
022806ec04a3b92cfcb17f3ba4951ae817c1f854,exp27f_top40_conflict_reaudit,3,mid,2,2,0,hidden_or_missing_failure,visible_failure,unclear,unclear,low_weight,low_weight,failure_bucket_disagreement,6,"问题：在教育学中，哪个教学方法最强调学生的主动参与？ 学生的答案：合作学习法 请根据问题和学生答案给出""评分"":""评分细节"":""个性化反馈"":,以json格式返回","```json { ""评分"": 80, ""评分细节"": { ""正确性"": 70, ""理由"": ""合作学习法确实非常强调学生的主动参与。在这种方法中，学生通过小组合作共同完成任务或解决问题，每个人都有机会表达自己的观点并倾听他人的意见，这有助于提高学生的参与度和互动性。"", ""完整性"": 90, ""理由"": ""学生回答得出了正确的方法名称，并简要说明了这种方法的特点，但可以进一步详细阐述合作学习法的具体实施方式和优势。"" }, ""个...","[""5分： 精准定位所有错误（无遗漏、无误报），给出的纠正建议完全正确、清晰且是最优或非常好的方案。"", ""4分： 准确定位了大部分主要错误，纠正建议基本正确有效，可能遗漏极少数次要错误或建议不够完美。"", ""3分： 定位了部分错误但有明显遗漏或误报，纠正建议部分正确但可能不够清晰、完整或并非最佳方案。"", ""2分： 错误定位不准确，遗漏了关键错误或大量误报，纠正建议存在错误或难以理解。"", ""1分： 完全未能识别错误，或给出了完...",False
09e806b59f8dc0c32ce21b860ec742dc4ca4bb89,train_mid_borderline,3,mid,3,3,0,hidden_or_missing_failure,no_failure,low,low,high_weight,high_weight,failure_bucket_disagreement,6,"问题：在研究中世纪封建制度发展的过程中，下列哪些因素对其演变起到了关键作用？（可选择多个） A. 农奴制 B. 城市化进程 C. 十字军东征 D. 文艺复兴 E. 黑死病的流行 F. 军事科技的进步 学生的答案：['A', 'C', 'E', 'F'] 请根据问题和学生答案给出""评分"":""评分细节"":""个性化反馈"":,以json格式返回","```json { ""评分"": 3, ""评分细节"": { ""正确答案"": [""A"", ""C"", ""E"", ""F""], ""学生答案"": [""A"", ""C"", ""E"", ""F""], ""未选中但正确的选项"": [], ""错误选中的选项"": [] }, ""个性化反馈"": [ ""你的答案是正确的。农奴制、十字军东征、黑死病的流行以及军事科技的进步确实对中世纪封建制度的发展产生了重要影响。"" ] } ```","[""5分： 始终体现出强烈的鼓励和支持态度，语言积极、富有建设性；在需要时提供非常有效的启发式引导，而非直接给答案。"", ""4分： 整体体现出鼓励和支持，语言积极正面；能提供有效的引导，偶尔可能过于直接。"", ""3分： 兼具鼓励和中性/批评性语言，积极性一般；引导有时有效，有时直接给答案或引导不足。"", ""2分： 缺乏鼓励和支持，语言偏中性甚至略显负面；很少提供有效引导，倾向于直接给答案或不给帮助。"", ""1分： 语言消极、打击性...",False
0c74a66a6f9ecee5580723b73f7741a8f05e1352,train_all_low_label,1,low,1,1,0,visible_failure,visible_failure,high,unclear,high_weight,review_only,audit_hard_conflict;derived_risk_disagreement;training_use_disagreement,6,"问题：选择以下具有微分同胚性质的函数类别：（可多选） A. 二次多项式函数 B. 余弦函数 C. 指数函数 D. 常数函数 E. 三次多项式函数 学生的答案：['C', 'E'] 请根据问题和学生答案给出""评分"":""评分细节"":""个性化反馈"":,以json格式返回","```json { ""评分"": 1, ""评分细节"": { ""正确选项"": [""B"", ""E""], ""学生选择"": [""C"", ""E""] }, ""个性化反馈"": [ ""你的选择中包括了指数函数，这是一个正确的选项。但是，你没有选择余弦函数，这也是一个具有微分同胚性质的函数类别。余弦函数在某些区间内是微分同胚的，而三次多项式函数通常不具备这种性质。建议你进一步了解不同函数类别的微分同胚特性。"" ] } ```","[""5分： 精准定位所有错误（无遗漏、无误报），给出的纠正建议完全正确、清晰且是最优或非常好的方案。"", ""4分： 准确定位了大部分主要错误，纠正建议基本正确有效，可能遗漏极少数次要错误或建议不够完美。"", ""3分： 定位了部分错误但有明显遗漏或误报，纠正建议部分正确但可能不够清晰、完整或并非最佳方案。"", ""2分： 错误定位不准确，遗漏了关键错误或大量误报，纠正建议存在错误或难以理解。"", ""1分： 完全未能识别错误，或给出了完...",False
17e0ba51820c815389e5f672d6bed2ca748a8775,train_all_low_label,2,low,1,1,0,visible_failure,visible_failure,unclear,high,low_weight,review_only,audit_hard_conflict;derived_risk_disagreement;training_use_disagreement,6,"问题：选择以下具有微分同胚性质的函数类别：（可多选） A. 二次多项式函数 B. 余弦函数 C. 指数函数 D. 常数函数 E. 三次多项式函数 学生的答案：['C', 'E'] 请根据问题和学生答案给出""评分"":""评分细节"":""个性化反馈"":,以json格式返回","```json { ""评分"": ""部分正确"", ""评分细节"": { ""C"": ""正确"", ""E"": ""正确"", ""A"": ""未选择"", ""B"": ""未选择"", ""D"": ""未选择"" }, ""个性化反馈"": ""你的答案中选择了指数函数（C）和三次多项式函数（E），这两个函数确实具有微分同胚性质，这是正确的。然而，你忽略了二次多项式函数（A）和常数函数（D），它们也是具有微分同胚性质的函数。余弦函数（B）在某些区间内可能不具有微分同胚...","[""5分： 精准定位所有错误（无遗漏、无误报），给出的纠正建议完全正确、清晰且是最优或非常好的方案。"", ""4分： 准确定位了大部分主要错误，纠正建议基本正确有效，可能遗漏极少数次要错误或建议不够完美。"", ""3分： 定位了部分错误但有明显遗漏或误报，纠正建议部分正确但可能不够清晰、完整或并非最佳方案。"", ""2分： 错误定位不准确，遗漏了关键错误或大量误报，纠正建议存在错误或难以理解。"", ""1分： 完全未能识别错误，或给出了完...",False
1a8f9e815deea759df9aaa1b09ca5948bb2f901c,train_mid_borderline,3,mid,2,2,0,hidden_or_missing_failure,visible_failure,high,high,low_weight,low_weight,failure_bucket_disagreement,6,"问题：以下哪项是公共管理学中对公共政策评估的主要方法之一？ A) 实验设计 B) 案例研究 C) 文献综述 D) 参与观察 原答案：C) 文献综述 你为学生的回答进行纠错服务.请根据这个问题和原答案给出""纠错后答案""和""纠错说明"":,以json格式返回","```json { ""纠错后答案"": ""B) 案例研究"", ""纠错说明"": ""在公共管理学中，公共政策评估的主要方法通常包括实验设计、案例研究、比较分析、定量分析和定性分析等。文献综述虽然在学术研究中有重要作用，但它并不是公共政策评估的主要方法之一。因此，原答案C) 文献综述是不正确的，更合适的选择是B) 案例研究。"" } ```","[""5分： 始终体现出强烈的鼓励和支持态度，语言积极、富有建设性；在需要时提供非常有效的启发式引导，而非直接给答案。"", ""4分： 整体体现出鼓励和支持，语言积极正面；能提供有效的引导，偶尔可能过于直接。"", ""3分： 兼具鼓励和中性/批评性语言，积极性一般；引导有时有效，有时直接给答案或引导不足。"", ""2分： 缺乏鼓励和支持，语言偏中性甚至略显负面；很少提供有效引导，倾向于直接给答案或不给帮助。"", ""1分： 语言消极、打击性...",False
1d5f77fabc222d72e4fb87f25eb3e5c41e786cf4,exp27f_top40_conflict_reaudit,1,low,2,2,0,hidden_or_missing_failure,visible_failure,unclear,unclear,low_weight,low_weight,failure_bucket_disagreement,6,"问题：在教育学中，哪个教学方法最强调学生的主动参与？ 学生的答案：合作学习法 请根据问题和学生答案给出""评分"":""评分细节"":""个性化反馈"":,以json格式返回","```json { ""评分"": ""部分正确"", ""评分细节"": ""合作学习法确实强调学生的主动参与，但它并不是唯一强调学生主动参与的教学方法。其他方法如项目式学习、探究式学习等也强调学生的主动参与。"", ""个性化反馈"": ""你的答案部分正确。合作学习法确实强调学生的主动参与，这是一个很好的选择。然而，还有其他教学方法如项目式学习和探究式学习也强调学生的主动参与。你可以考虑这些方法，以便更全面地理解教育学中强调学生主动参与的各种教学...","[""5分： 精准定位所有错误（无遗漏、无误报），给出的纠正建议完全正确、清晰且是最优或非常好的方案。"", ""4分： 准确定位了大部分主要错误，纠正建议基本正确有效，可能遗漏极少数次要错误或建议不够完美。"", ""3分： 定位了部分错误但有明显遗漏或误报，纠正建议部分正确但可能不够清晰、完整或并非最佳方案。"", ""2分： 错误定位不准确，遗漏了关键错误或大量误报，纠正建议存在错误或难以理解。"", ""1分： 完全未能识别错误，或给出了完...",False
319e4127867031af023e35b04f8b61dea320cf4f,train_education_dimension_stress,4,high,4,4,0,hidden_or_missing_failure,no_failure,low,low,high_weight,high_weight,failure_bucket_disagreement,6,"Knowledge Point: Advanced Recirculating Aquaculture Systems (RAS) Design and Management Based on this knowledge point, provide ""Teaching Materials"": Teaching materials should include teaching objectives, key points an...","```json { ""TeachingMaterials"": { ""TeachingObjectives"": [ ""Understand the principles and components of Advanced Recirculating Aquaculture Systems (RAS)."", ""Learn the design considerations for efficient RAS, including w...","[""5: Subject matter application is not only accurate but also shows appropriate depth and rigor; adheres to industry or academic standards."", ""4: Proper use of professional knowledge reflecting a good degree of profic...",False
31dce4e3064be101d54e4f59f63211f908d11d76,train_mid_borderline,3,mid,2,2,0,hidden_or_missing_failure,visible_failure,unclear,high,low_weight,low_weight,derived_risk_disagreement;failure_bucket_disagreement,6,"学科:体育教育学 学制级别:大学 知识点：运动学习与技能习得 问题类型：单选题 .请根据学科,学制级别,知识点,问题类型生成一个对应的问题。""问题""和""提供的思路"":,以json格式返回","```json { ""问题"": ""在体育教育中，影响运动技能习得的主要因素不包括以下哪一项？"", ""提供的思路"": [ ""运动技能的习得涉及多个方面的因素，包括个体的身体素质、心理状态、学习环境等。"", ""仔细分析每个选项，找出与运动技能习得无关的因素。"", ""答案应排除那些虽然重要但与直接技能习得无直接关系的因素。"" ], ""选项"": { ""A"": ""遗传因素"", ""B"": ""教练员的指导"", ""C"": ""场地器材条件"", ""D...","[""5分： 在专业领域知识运用上不仅准确，且展现出恰当的深度和严谨性，符合行业标准或学术规范。"", ""4分： 专业知识运用准确，体现了较好的专业水准，但在深度或某些细节的严谨性上略有不足，不影响核心正确性。"", ""3分： 专业知识运用基本准确，但显得较为表层或不够严谨，可能存在一些非核心概念的混淆或遗漏。"", ""2分： 专业知识运用存在明显错误或重大遗漏，体现出专业性不足。"", ""1分： 专业知识运用方面存在严重错误，完全不符合专...",False
34d1c2d12a4242a8a26ed4f998ae1f08b3210cdf,train_all_low_label,1,low,1,1,0,visible_failure,visible_failure,unclear,high,review_only,high_weight,derived_risk_disagreement;training_use_disagreement,6,"问题：选择以下具有微分同胚性质的函数类别：（可多选） A. 二次多项式函数 B. 余弦函数 C. 指数函数 D. 常数函数 E. 三次多项式函数 学生的答案：['C', 'E'] 请根据问题和学生答案给出""评分"":""评分细节"":""个性化反馈"":,以json格式返回","```json { ""评分"": 1, ""评分细节"": { ""正确选项"": [""B"", ""E""], ""学生选择"": [""C"", ""E""] }, ""个性化反馈"": [ ""你的选择中包括了指数函数，这是一个正确的选项。但是，你没有选择余弦函数，这也是一个具有微分同胚性质的函数类别。余弦函数在某些区间内是微分同胚的，而三次多项式函数通常不具备这种性质。建议你进一步了解不同函数类别的微分同胚特性。"" ] } ```","[""5分： 所有涉及的客观事实（定义、公式、日期、名词、代码语法等）完全准确无误。"", ""4分： 绝大部分事实准确，可能存在个别极其微小的、非关键性的笔误或疏漏。"", ""3分： 大部分事实准确，但存在少量明显的事实错误，需要核查。"", ""2分： 包含较多或关键性的事实错误，信息不可靠。"", ""1分： 充斥着大量事实错误，信息完全错误或误导。""]",False
3e6317e0a4cd57573a6c971fc945cfc7ee52148a,train_all_low_label,1,low,1,1,0,hidden_or_missing_failure,visible_failure,high,high,high_weight,high_weight,failure_bucket_disagreement,6,Subject:Applied Economics Education Level:Undergraduate Question:Which of the following is considered a limitation of using Gross Domestic Product (GDP) as a measure of economic welfare? A) GDP accounts for income dis...,"{ ""Answer"": ""C) GDP does not account for environmental degradation and resource depletion."" }","[""5: Reasoning is complete, clear, and rigorous; all steps are correct; arguments are strong and free of logical fallacies."", ""4: Reasoning is largely correct and logically coherent with minor issues in individual ste...",False
4042b14600691c9b29b70d916e9db910c058d891,train_all_low_label,1,low,1,1,0,hidden_or_missing_failure,visible_failure,high,high,high_weight,high_weight,failure_bucket_disagreement,6,Subject:Applied Economics Education Level:Undergraduate Question:Which of the following is considered a limitation of using Gross Domestic Product (GDP) as a measure of economic welfare? A) GDP accounts for income dis...,"{ ""answer"": ""C) GDP does not account for environmental degradation and resource depletion."" }","[""5: Reasoning is complete, clear, and rigorous; all steps are correct; arguments are strong and free of logical fallacies."", ""4: Reasoning is largely correct and logically coherent with minor issues in individual ste...",False
4a94159b2cfae1127c979628b87af3087401a413,exp27f_top40_conflict_reaudit,3,mid,4,4,0,hidden_or_missing_failure,no_failure,low,low,low_weight,low_weight,failure_bucket_disagreement,6,"Anxiety Level: Severe Anxiety Dialogue with Student: [{'Agent': 'Hi there! How are you feeling today?'}, {'Student': ""Honestly, I'm really stressed out. I'm struggling with my Biology coursework and it's overwhelming....","```json { ""Emotional State Analysis"": { ""Key Emotions"": [""Stress"", ""Overwhelm"", ""Fear of Failure"", ""Intense Pressure""], ""Primary Stressors"": [""Academic workload in Biology"", ""Perceived falling behind"", ""High self-expe...","[""5: Highly personalized content/advice/feedback based on student level/traits/needs; resource and learning path suggestions are accurate, practical, and valuable."", ""4: Demonstrates some adaptation to student situati...",False
4d70270f412508661f3c713976cf60c8b9a56524,train_mid_borderline,3,mid,2,2,0,visible_failure,visible_failure,high,medium,low_weight,low_weight,derived_risk_disagreement,6,"问题：一个质量为2 kg的物体以5 m/s的速度在水平面上滑动，遇到摩擦力停止。假设摩擦力为10 N，求物体滑动的距离。 原答案：物体滑动的距离是1米。 你为学生的回答进行纠错服务.请根据这个问题和原答案给出""纠错后答案""和""纠错说明"":,以json格式返回","{ ""纠错后答案"": ""物体滑动的距离是2.5米"", ""纠错说明"": ""根据能量守恒定律，物体最初的动能等于摩擦力所做的功。物体最初的动能为Ek = 1/2 * m * v^2 = 1/2 * 2 kg * (5 m/s)^2 = 25 J。摩擦力所做的功为W = F * d，其中F为摩擦力，d为距离。因此，25 J = 10 N * d，解得d = 2.5 m。原答案1米是错误的，因为它没有正确应用能量守恒定律和功的计算公式。"" }","[""5分： 始终体现出强烈的鼓励和支持态度，语言积极、富有建设性；在需要时提供非常有效的启发式引导，而非直接给答案。"", ""4分： 整体体现出鼓励和支持，语言积极正面；能提供有效的引导，偶尔可能过于直接。"", ""3分： 兼具鼓励和中性/批评性语言，积极性一般；引导有时有效，有时直接给答案或引导不足。"", ""2分： 缺乏鼓励和支持，语言偏中性甚至略显负面；很少提供有效引导，倾向于直接给答案或不给帮助。"", ""1分： 语言消极、打击性...",False
50349ad7c5ffd383619779fefbafa4c8fc0b2fd6,train_education_dimension_stress,4,high,4,4,0,hidden_or_missing_failure,no_failure,low,low,high_weight,high_weight,failure_bucket_disagreement,6,"知识点：公共管理中的决策过程 请根据这个知识点给出""教学素材"":教学素材需要包括教学目标、重点难点、课堂活动设计等,以json格式返回","{ ""教学素材"": { ""教学目标"": [ ""了解公共管理中决策的基本概念和重要性"", ""理解公共管理决策过程的各个阶段及其特点"", ""掌握公共管理决策过程中常用的分析工具和技术"", ""培养分析和解决实际问题的能力，提升决策质量"" ], ""重点难点"": { ""重点"": [ ""公共管理决策的概念及意义"", ""决策过程中的关键步骤与要素"", ""决策支持系统的应用实例"" ], ""难点"": [ ""如何在复杂多变的环境中做出有效的决策"", ...","[""5分： 角色扮演（如老师/助教）非常到位，语言风格、专业程度和语气（如鼓励/严肃）完全符合设定和面向的学习者群体。"", ""4分： 角色和口吻大体一致，符合场景要求，但在个别语句或细节上可能略有偏差。"", ""3分： 能看出尝试匹配角色和口吻，但一致性不足，部分表达与设定角色/场景有脱节。"", ""2分： 角色和口吻与设定要求有较大差距，显得生硬或不协调。"", ""1分： 完全没有体现设定的角色和口吻，表达方式与场景要求完全不符。""]",False
59057a57e3dbc47128b4e0c6da46964f722a411f,train_all_low_label,2,low,2,2,0,hidden_or_missing_failure,visible_failure,high,high,high_weight,high_weight,failure_bucket_disagreement,6,Question: Which of the following is the primary function of hemoglobin in the human body? Original Answer: To fight infections by destroying bacteria. You are providing error-correction services for the student's resp...,"{ ""Corrected Answer"": ""To transport oxygen from the lungs to the rest of the body and to help remove carbon dioxide."", ""Error Explanation"": ""The original answer incorrectly attributes the function of fighting infectio...","[""5: Strongly supportive and encouraging; consistently uses constructive and positive language; offers highly effective heuristic guidance instead of simply giving answers."", ""4: Generally supportive tone and positive...",False
630a88341b60ad40afcd43bf6bf3967c515b8803,train_all_low_label,2,low,2,2,0,visible_failure,hidden_or_missing_failure,high,high,high_weight,high_weight,failure_bucket_disagreement,6,"问题：请简述第二次世界大战的主要参战国和其领导者。 原答案：第二次世界大战的主要参战国包括德国的希特勒、美国的罗斯福、法国的拿破仑和苏联的列宁。 你为学生的回答进行纠错服务.请根据这个问题和原答案给出""纠错后答案""和""纠错说明"":,以json格式返回","```json { ""纠错后答案"": ""第二次世界大战的主要参战国包括德国的阿道夫·希特勒、美国的富兰克林·罗斯福、英国的温斯顿·丘吉尔以及苏联的约瑟夫·斯大林。"", ""纠错说明"": { ""法国的拿破仑"": ""拿破仑是19世纪初的人物，与二战无关。正确的应该是提到英国及其领导人温斯顿·丘吉尔，在二战期间他领导了英国对抗轴心国。"", ""苏联的列宁"": ""列宁在1924年就已经去世，而苏联在二战时期的领导人是约瑟夫·斯大林。"" } }...","[""5分： 始终体现出强烈的鼓励和支持态度，语言积极、富有建设性；在需要时提供非常有效的启发式引导，而非直接给答案。"", ""4分： 整体体现出鼓励和支持，语言积极正面；能提供有效的引导，偶尔可能过于直接。"", ""3分： 兼具鼓励和中性/批评性语言，积极性一般；引导有时有效，有时直接给答案或引导不足。"", ""2分： 缺乏鼓励和支持，语言偏中性甚至略显负面；很少提供有效引导，倾向于直接给答案或不给帮助。"", ""1分： 语言消极、打击性...",False
659b7682522b73e534addcc343f76753ecd24f8c,train_mid_borderline,3,mid,2,2,0,hidden_or_missing_failure,visible_failure,high,high,low_weight,low_weight,failure_bucket_disagreement,6,"Subject:Sociology Education Level:PhD Knowledge Point:The concept of 'social capital' has been extensively discussed in the field of sociology, particularly in relation to community development, socio-economic mobilit...","```json { ""Question"": ""Which of the following best describes how social capital contributes to socio-economic mobility within a community?"", ""Options"": [ ""A. By ensuring equal distribution of financial resources among...","[""5: Skillfully designed to promote critical/creative thinking, problem-solving, or transfer of knowledge (e.g., through open-ended questions, comparative analysis, case study, project-based tasks)."", ""4: Includes gui...",False
6c2ca811835d3ab2cc459573f13c0ae3caf83824,exp27f_top40_conflict_reaudit,3,mid,4,4,0,hidden_or_missing_failure,no_failure,low,low,low_weight,low_weight,failure_bucket_disagreement,6,"{'姓名': '张伟', '年级': '大四', '学校': '某知名医学院', '当前能力水平': '具备扎实的基础医学知识，临床技能较为薄弱', '学习目标': '提高临床诊断能力，准备考取执业医师资格证', '知识薄弱点': ['心血管系统疾病诊断', '影像学基础', '药理学应用'], '学习习惯': '习惯于通过视频学习，偏好高效的学习方法，通常在晚上学习'} 请根据学生画像给出""学习路径规划建议"":和""个性化意见生成...","```json { ""学习路径规划建议"": [ { ""阶段"": ""第一阶段"", ""目标"": ""巩固基础医学知识，特别是心血管系统疾病诊断"", ""建议"": [ ""观看心血管系统疾病诊断的相关视频课程，结合教材进行深入学习"", ""参加线上或线下的心血管系统疾病诊断工作坊，提升实践能力"", ""定期进行自我测试，评估学习效果"" ] }, { ""阶段"": ""第二阶段"", ""目标"": ""提升影像学基础知识和药理学应用能力"", ""建议"": [ ...","[""5分： 非常好地根据学生水平/特点/需求提供了高度差异化的内容/建议/反馈；提供的学习路径/资源建议精准、实用且有价值。"", ""4分： 能根据学生情况进行一定程度的个性化调整，提供了相关的学习建议或资源，具有较好的参考价值。"", ""3分： 尝试进行个性化，但适应性不强，内容/建议差异不大；提供的学习支持比较通用，价值有限。"", ""2分： 几乎没有体现个性化适应，输出内容/建议对所有人都一样；学习支持不足或不相关。"", ""1分：...",False
6c703c046a9b97419785484bb1dd5d5b81ccd77a,train_all_low_label,1,low,1,1,0,hidden_or_missing_failure,visible_failure,high,high,high_weight,high_weight,failure_bucket_disagreement,6,"Subject:Mathematics Education Level:PhD Question:In the context of complex analysis, consider the function f(z) = z^2 + 1. Which of the following statements is true regarding its singularities? A) f(z) has no singular...","```json { ""Answer"": ""A"" } ```","[""5: Reasoning is complete, clear, and rigorous; all steps are correct; arguments are strong and free of logical fallacies."", ""4: Reasoning is largely correct and logically coherent with minor issues in individual ste...",False
78a2f1f17b59206fae3cdedb6b11a9fef084b670,train_all_low_label,2,low,2,2,0,hidden_or_missing_failure,visible_failure,high,high,high_weight,high_weight,failure_bucket_disagreement,6,"Question: Explain how Porter's Five Forces framework can be used to analyze the competitive environment of an industry. Please provide reasoning based on this question. Do not provide the answer directly.. ""Reasoning ...","{ ""reasoning"": ""Porter's Five Forces is a framework for analyzing the competitive environment of an industry, which helps in understanding where power lies in a business situation. The analysis involves assessing five...","[""5: Skillfully designed to promote critical/creative thinking, problem-solving, or transfer of knowledge (e.g., through open-ended questions, comparative analysis, case study, project-based tasks)."", ""4: Includes gui...",False
790c2d0652ce2bee51cc14ad2676bffc98c5b81a,train_mid_borderline,3,mid,3,3,0,visible_failure,hidden_or_missing_failure,low,medium,high_weight,high_weight,derived_risk_disagreement;failure_bucket_disagreement,6,Question: Which of the following factors is most crucial for determining the success of a crop in a particular region? A) Soil pH B) Seed variety C) Irrigation method D) Climate conditions Please provide reasoning bas...,"{ ""reasoning"": ""To determine the most crucial factor for the success of a crop in a particular region, one must consider how each option fundamentally impacts plant growth and development. Soil pH (A) is indeed import...","[""5: Skillfully designed to promote critical/creative thinking, problem-solving, or transfer of knowledge (e.g., through open-ended questions, comparative analysis, case study, project-based tasks)."", ""4: Includes gui...",False
7a5ae2c79851e40cccaf47deb5d4953023576ec9,train_all_low_label,2,low,1,1,0,hidden_or_missing_failure,hidden_or_missing_failure,high,unclear,low_weight,review_only,derived_risk_disagreement;training_use_disagreement,6,"Question: Explain how Porter's Five Forces framework can be used to analyze the competitive environment of an industry. Please provide reasoning based on this question. Do not provide the answer directly.. ""Reasoning ...","{ ""reasoning"": ""Porter's Five Forces is a framework for analyzing the competitive environment of an industry, which helps in understanding where power lies in a business situation. The analysis involves assessing five...","[""5: Fully integrated all key scenario elements (e.g., student history, learning preferences); output is highly personalized and well-matched to the teaching context."", ""4: Used major scenario elements effectively; re...",False
85d1a0889004d86b237b8df1cf33b46e3c9dac1e,train_mid_borderline,3,mid,2,2,0,hidden_or_missing_failure,visible_failure,high,high,low_weight,low_weight,failure_bucket_disagreement,6,"Question: Explain how plate tectonics can lead to the formation of mountains. Please provide reasoning based on this question. Do not provide the answer directly.. ""Reasoning Provided"":, return in JSON format","{ ""reasoning"": ""Plate tectonics involves the movement and interaction of large sections of the Earth's crust, known as tectonic plates. These plates float on the semi-fluid layer beneath them, called the asthenosphere...","[""5: Skillfully designed to promote critical/creative thinking, problem-solving, or transfer of knowledge (e.g., through open-ended questions, comparative analysis, case study, project-based tasks)."", ""4: Includes gui...",False
971ddfe627f76a7b8e9a9e2c3def60171e09b44a,train_all_low_label,2,low,2,2,0,hidden_or_missing_failure,visible_failure,high,medium,high_weight,high_weight,derived_risk_disagreement;failure_bucket_disagreement,6,"Question: Explain how Porter's Five Forces framework can be used to analyze the competitive environment of an industry. Please provide reasoning based on this question. Do not provide the answer directly.. ""Reasoning ...","{ ""reasoning"": ""Porter's Five Forces framework is a tool for analyzing the competitive landscape of an industry by identifying and assessing five key competitive forces. These forces help to determine the attractivene...","[""5: Skillfully designed to promote critical/creative thinking, problem-solving, or transfer of knowledge (e.g., through open-ended questions, comparative analysis, case study, project-based tasks)."", ""4: Includes gui...",False
a1067079ccd361d4ea203dcdd5c0ee7c10dec669,train_high_disagreement_protection,5,high,4,4,0,hidden_or_missing_failure,no_failure,low,low,low_weight,low_weight,failure_bucket_disagreement,6,问题：分析1960年代美国民权运动的主要原因和影响。请特别关注不同社会团体的角色以及运动带来的政策变革。 学生的答案：1960年代美国民权运动的主要原因包括种族歧视和社会不平等的长期存在，尤其是黑人群体在寻求平等权利方面所面临的困难。同时，经济因素和国际压力在一定程度上也推动了运动的发展。不同社会团体在这场运动中发挥了不同的角色。黑人社区的领袖如马丁·路德·金和马尔科姆·X在运动的组织、宣传及思想引领上起到了关键作用。大学生和其他...,"```json { ""评分"": 85, ""评分细节"": { ""原因分析"": { ""得分"": 8, ""评语"": ""学生正确指出了种族歧视和社会不平等是主要原因，但经济因素和国际压力（如冷战背景下的国际形象问题）缺乏具体例证。"" }, ""社会团体角色"": { ""得分"": 7, ""评语"": ""提及马丁·路德·金、马尔科姆·X和青年群体的贡献，但未涉及关键组织（如NAACP、SCLC）和白人自由派支持者的跨种族合作。"" }, ""政策变革""...","[""5分： 精准定位所有错误（无遗漏、无误报），给出的纠正建议完全正确、清晰且是最优或非常好的方案。"", ""4分： 准确定位了大部分主要错误，纠正建议基本正确有效，可能遗漏极少数次要错误或建议不够完美。"", ""3分： 定位了部分错误但有明显遗漏或误报，纠正建议部分正确但可能不够清晰、完整或并非最佳方案。"", ""2分： 错误定位不准确，遗漏了关键错误或大量误报，纠正建议存在错误或难以理解。"", ""1分： 完全未能识别错误，或给出了完...",False
a5b40ba0a800e6ec0da88e7d0591d092caa41ae1,train_all_low_label,2,low,2,2,0,visible_failure,hidden_or_missing_failure,high,high,high_weight,high_weight,failure_bucket_disagreement,6,"问题：What is the past tense of the verb 'run'? 原答案：The past tense of 'run' is 'runned'. 你为学生的回答进行纠错服务.请根据这个问题和原答案给出""纠错后答案""和""纠错说明"":,以json格式返回","```json { ""纠错后答案"": ""The past tense of 'run' is 'ran'."", ""纠错说明"": ""原答案错误地将 'run' 的过去式拼写为 'runned'，正确的拼写是 'ran'。"" } ```","[""5分： 始终体现出强烈的鼓励和支持态度，语言积极、富有建设性；在需要时提供非常有效的启发式引导，而非直接给答案。"", ""4分： 整体体现出鼓励和支持，语言积极正面；能提供有效的引导，偶尔可能过于直接。"", ""3分： 兼具鼓励和中性/批评性语言，积极性一般；引导有时有效，有时直接给答案或引导不足。"", ""2分： 缺乏鼓励和支持，语言偏中性甚至略显负面；很少提供有效引导，倾向于直接给答案或不给帮助。"", ""1分： 语言消极、打击性...",False
a6a61e243a1f0c09ac86c3557bd39377eff935bc,exp27f_top40_conflict_reaudit,3,mid,4,4,0,hidden_or_missing_failure,no_failure,low,low,low_weight,low_weight,failure_bucket_disagreement,6,"{'姓名': '张伟', '年级': '大四', '学校': '某知名医学院', '当前能力水平': '具备扎实的基础医学知识，临床技能较为薄弱', '学习目标': '提高临床诊断能力，准备考取执业医师资格证', '知识薄弱点': ['心血管系统疾病诊断', '影像学基础', '药理学应用'], '学习习惯': '习惯于通过视频学习，偏好高效的学习方法，通常在晚上学习'} 请根据学生画像给出""学习路径规划建议"":和""个性化意见生成...","```json { ""学习路径规划建议"": [ { ""阶段"": ""第一阶段"", ""目标"": ""巩固基础医学知识，特别是心血管系统疾病诊断"", ""建议"": [ ""观看心血管系统疾病诊断的相关视频课程，结合教材进行深入学习"", ""参加线上或线下的心血管系统疾病诊断工作坊，提升实践能力"", ""定期进行自我测试，评估学习效果"" ] }, { ""阶段"": ""第二阶段"", ""目标"": ""提升影像学基础知识和药理学应用能力"", ""建议"": [ ...","[""5分： 充分融合所有关键场景要素（如学生历史、学习偏好等），输出高度个性化，并与教学情境高度匹配。"", ""4分： 有效使用主要场景要素，回答具有针对性；可能遗漏少量细节，但不影响整体效果。"", ""3分： 使用了部分场景信息，但融合较浅；个性化程度或情境契合度一般。"", ""2分： 仅表层提及场景信息，未有效融合核心要素；与上下文连接较弱。"", ""1分： 完全忽视场景特定信息；输出通用、模板化，且与场景不相关。""]",False
a8ae95a0be2f0859e626b64f28585f542cf88bc6,train_education_dimension_stress,4,high,4,4,0,hidden_or_missing_failure,no_failure,low,low,high_weight,high_weight,failure_bucket_disagreement,6,"学科:基础医学 学制级别:硕士 知识点：肌肉收缩的生理机制 问题类型：多选题 .请根据学科,学制级别,知识点,问题类型生成一个对应的问题。""问题""和""提供的思路"":,以json格式返回","```json { ""问题"": ""在肌肉收缩过程中，哪些因素是直接参与肌丝滑行的？"", ""提供的思路"": [ ""了解肌肉收缩的基本原理，特别是滑行理论。"", ""识别并分析肌丝（粗肌丝和细肌丝）的主要成分及其作用。"", ""考虑钙离子的作用及其如何影响肌丝滑行。"", ""思考横桥（肌球蛋白头部）的作用以及其与细肌丝相互作用的过程。"", ""排除那些虽然对肌肉功能有影响但不直接参与肌丝滑行的因素。"" ] } ```","[""5分： 在专业领域知识运用上不仅准确，且展现出恰当的深度和严谨性，符合行业标准或学术规范。"", ""4分： 专业知识运用准确，体现了较好的专业水准，但在深度或某些细节的严谨性上略有不足，不影响核心正确性。"", ""3分： 专业知识运用基本准确，但显得较为表层或不够严谨，可能存在一些非核心概念的混淆或遗漏。"", ""2分： 专业知识运用存在明显错误或重大遗漏，体现出专业性不足。"", ""1分： 专业知识运用方面存在严重错误，完全不符合专...",False
aac82a1ea24eb57e47bc6a7180ee5db7ceb6b5e3,train_mid_borderline,3,mid,2,2,0,visible_failure,visible_failure,high,medium,low_weight,low_weight,derived_risk_disagreement,6,"问题：What is the past tense of the verb 'run'? 原答案：The past tense of 'run' is 'runned'. 你为学生的回答进行纠错服务.请根据这个问题和原答案给出""纠错后答案""和""纠错说明"":,以json格式返回","{ ""纠错后答案"": ""The past tense of 'run' is 'ran'."", ""纠错说明"": ""原答案中使用了不正确的动词形式'runned'。英语中，'run'的过去式是'ran'，而不是'runned'。"" }","[""5分： 始终体现出强烈的鼓励和支持态度，语言积极、富有建设性；在需要时提供非常有效的启发式引导，而非直接给答案。"", ""4分： 整体体现出鼓励和支持，语言积极正面；能提供有效的引导，偶尔可能过于直接。"", ""3分： 兼具鼓励和中性/批评性语言，积极性一般；引导有时有效，有时直接给答案或引导不足。"", ""2分： 缺乏鼓励和支持，语言偏中性甚至略显负面；很少提供有效引导，倾向于直接给答案或不给帮助。"", ""1分： 语言消极、打击性...",False
b9f1c6853708c1217088b33dabe3b2ce1f70233e,exp27f_top40_conflict_reaudit,4,high,3,3,0,hidden_or_missing_failure,no_failure,medium,low,low_weight,low_weight,derived_risk_disagreement;failure_bucket_disagreement,6,"问题：考虑一个两部门经济模型，其中一个部门生产消费品，另一个部门生产资本品。假设资本品的生产需要使用消费品作为投入，并且有一个固定的资本折旧率。请分析如何在这个模型中达到动态效率，即如何选择消费和资本的生产以最大化社会福利。 请根据这个问题提供思路。""提供的思路"":,以json格式返回","```json { ""思路"": [ { ""步骤"": ""定义变量"", ""描述"": ""首先，我们需要定义几个关键变量来描述这个两部门经济模型，包括当前期的消费品生产量(CP)，资本品生产量(KP)，以及下一期的消费品存量(CS)和资本品存量(KS)。"" }, { ""步骤"": ""建立生产函数"", ""描述"": ""假设消费品生产函数为Q_C = f(CP, L_C, T_C)，其中L_C表示劳动投入，T_C表示技术条件。资本品生产函数为Q_...","[""5分： 解释、说明、反馈极其清晰简洁，完全符合目标学习者的理解水平；表达生动有趣，能有效激发思考和兴趣。"", ""4分： 表达清晰易懂，语言简洁，适合目标学习者；具有一定的启发性，能够引发一些思考。"", ""3分： 表达基本能懂，但可能略显啰嗦、复杂或不够生动；启发性一般。"", ""2分： 表达不够清晰，存在较多术语或复杂句式，不易理解；缺乏启发性。"", ""1分： 表达混乱、晦涩难懂，完全不考虑学习者水平；毫无启发性甚至令人困惑。""]",False
ba114a1a8452ac012af5a1940b242d85f38538d3,train_all_low_label,2,low,2,2,0,hidden_or_missing_failure,visible_failure,high,high,high_weight,high_weight,failure_bucket_disagreement,6,Question: Which legal principle is primarily concerned with the prevention of double jeopardy in the United States? Original Answer: The principle of stare decisis. You are providing error-correction services for the ...,"{ ""Corrected Answer"": ""The Double Jeopardy Clause of the Fifth Amendment."", ""Error Explanation"": ""Stare decisis refers to the principle of adhering to precedent in judicial decision-making, unrelated to double jeopard...","[""5: Strongly supportive and encouraging; consistently uses constructive and positive language; offers highly effective heuristic guidance instead of simply giving answers."", ""4: Generally supportive tone and positive...",False
c013898e6faa67c2d73ab05c3ccc7a5f79708e3e,train_mid_borderline,3,mid,2,2,0,hidden_or_missing_failure,visible_failure,high,high,low_weight,low_weight,failure_bucket_disagreement,6,"问题：考虑一个两部门经济模型，其中一个部门生产消费品，另一个部门生产资本品。假设资本品的生产需要使用消费品作为投入，并且有一个固定的资本折旧率。请分析如何在这个模型中达到动态效率，即如何选择消费和资本的生产以最大化社会福利。 请根据这个问题提供思路。""提供的思路"":,以json格式返回","```json { ""思路"": [ { ""步骤"": ""定义变量"", ""描述"": ""首先，我们需要定义几个关键变量来描述这个两部门经济模型，包括当前期的消费品生产量(CP)，资本品生产量(KP)，以及下一期的消费品存量(CS)和资本品存量(KS)。"" }, { ""步骤"": ""建立生产函数"", ""描述"": ""假设消费品生产函数为Q_C = f(CP, L_C, T_C)，其中L_C表示劳动投入，T_C表示技术条件。资本品生产函数为Q_...","[""5分： 推理逻辑链条完整、清晰、严密，步骤正确无误，论证充分有力，无逻辑跳跃或漏洞。"", ""4分： 推理过程主体正确且逻辑清晰，可能在个别步骤的表述或论证细节上略有瑕疵，但不影响最终结论的有效性。"", ""3分： 推理过程大体可见，但存在一些逻辑不清、步骤缺失或论证不足之处，结论可能受到影响。"", ""2分： 推理过程存在明显的逻辑错误、步骤混乱或严重缺失，难以得出正确或可靠的结论。"", ""1分： 几乎没有有效的推理过程，逻辑混乱...",False
c800537be8d7320006c67943c203ee94cb96edd6,train_mid_borderline,3,mid,2,2,0,hidden_or_missing_failure,visible_failure,unclear,high,low_weight,low_weight,derived_risk_disagreement;failure_bucket_disagreement,6,"问题：在教育学中，哪个教学方法最强调学生的主动参与？ 学生的答案：合作学习法 请根据问题和学生答案给出""评分"":""评分细节"":""个性化反馈"":,以json格式返回","```json { ""评分"": 3, ""评分细节"": ""学生提到的合作学习法确实是一种非常重视学生主动参与的教学方法。这种方法鼓励学生通过小组形式共同完成学习任务，从而促进相互之间的交流与合作。"", ""个性化反馈"": ""您的回答是正确的，合作学习法确实强调了学生的主动参与。不过，您可能还需要了解更多关于其他强调学生主动参与的教学方法，比如探究式学习、项目式学习等。这些方法同样也注重学生的自主性和探索精神，可以进一步研究它们的特点和...","[""5分： 精准定位所有错误（无遗漏、无误报），给出的纠正建议完全正确、清晰且是最优或非常好的方案。"", ""4分： 准确定位了大部分主要错误，纠正建议基本正确有效，可能遗漏极少数次要错误或建议不够完美。"", ""3分： 定位了部分错误但有明显遗漏或误报，纠正建议部分正确但可能不够清晰、完整或并非最佳方案。"", ""2分： 错误定位不准确，遗漏了关键错误或大量误报，纠正建议存在错误或难以理解。"", ""1分： 完全未能识别错误，或给出了完...",False
d3e2de90a57770f5c07521715e59168a2374b4fa,train_mid_borderline,3,mid,2,2,0,hidden_or_missing_failure,visible_failure,high,high,low_weight,low_weight,failure_bucket_disagreement,6,"学科:体育教育学 学制级别:大学 知识点：运动学习与技能习得 问题类型：单选题 .请根据学科,学制级别,知识点,问题类型生成一个对应的问题。""问题""和""提供的思路"":,以json格式返回","```json { ""问题"": ""在体育教育中，影响运动技能习得的主要因素不包括以下哪一项？"", ""提供的思路"": [ ""运动技能的习得涉及多个方面的因素，包括个体的身体素质、心理状态、学习环境等。"", ""仔细分析每个选项，找出与运动技能习得无关的因素。"", ""答案应排除那些虽然重要但与直接技能习得无直接关系的因素。"" ], ""选项"": { ""A"": ""遗传因素"", ""B"": ""教练员的指导"", ""C"": ""场地器材条件"", ""D...","[""5分： 所有涉及的客观事实（定义、公式、日期、名词、代码语法等）完全准确无误。"", ""4分： 绝大部分事实准确，可能存在个别极其微小的、非关键性的笔误或疏漏。"", ""3分： 大部分事实准确，但存在少量明显的事实错误，需要核查。"", ""2分： 包含较多或关键性的事实错误，信息不可靠。"", ""1分： 充斥着大量事实错误，信息完全错误或误导。""]",False
dcf321c484e4128628a7517762ccaf72fc0916d8,train_all_low_label,1,low,1,1,0,hidden_or_missing_failure,visible_failure,high,high,high_weight,high_weight,failure_bucket_disagreement,6,"学科:法学 学制级别:博士 问题：在国际法中，以下哪一个原则主要用于解决国家之间的领土争端？ A. 不干涉内政原则 B. 自决原则 C. 先占原则 D. 互惠原则 .请根据问题生成对应的答案。""答案"":,以json格式返回","```json { ""答案"": ""C. 先占原则"" } ```","[""5分： 推理逻辑链条完整、清晰、严密，步骤正确无误，论证充分有力，无逻辑跳跃或漏洞。"", ""4分： 推理过程主体正确且逻辑清晰，可能在个别步骤的表述或论证细节上略有瑕疵，但不影响最终结论的有效性。"", ""3分： 推理过程大体可见，但存在一些逻辑不清、步骤缺失或论证不足之处，结论可能受到影响。"", ""2分： 推理过程存在明显的逻辑错误、步骤混乱或严重缺失，难以得出正确或可靠的结论。"", ""1分： 几乎没有有效的推理过程，逻辑混乱...",False
ec1b7e863165c056507715224ded755e27611ace,train_mid_borderline,3,mid,2,2,0,visible_failure,hidden_or_missing_failure,high,high,low_weight,low_weight,failure_bucket_disagreement,6,Question: Which of the following statements is true about the acceleration due to gravity on Earth? Original Answer: The acceleration due to gravity is the same at all altitudes on Earth. You are providing error-corre...,"```json { ""Corrected Answer"": ""The acceleration due to gravity decreases with an increase in altitude from the Earth's surface."", ""Error Explanation"": ""The original answer is incorrect because the acceleration due to ...","[""5: Strongly supportive and encouraging; consistently uses constructive and positive language; offers highly effective heuristic guidance instead of simply giving answers."", ""4: Generally supportive tone and positive...",False
f54280d4caeef0bdadc941acfcd5f7fede5d6838,train_all_low_label,1,low,1,1,0,visible_failure,visible_failure,unclear,high,high_weight,high_weight,derived_risk_disagreement,6,"问题：在神经生理学中，动作电位的过程中不包括以下哪一个步骤？ A) 去极化 B) 再极化 C) 超极化 D) 钙离子流入细胞 学生的答案：C) 超极化 请根据问题和学生答案给出""评分"":""评分细节"":""个性化反馈"":,以json格式返回","```json { ""评分"": 1, ""评分细节"": { ""正确答案"": ""D) 钙离子流入细胞"", ""解释"": ""在神经生理学中，动作电位的过程主要包括去极化、复极化和超射（或称为反极化）等阶段。钙离子流入细胞并不是动作电位过程中的一个标准步骤。"" }, ""个性化反馈"": { ""建议"": ""你的选择是正确的。在动作电位过程中，确实不包括钙离子流入细胞这一步骤。钙离子在神经元的信号传导中有重要作用，但它们主要参与的是神经递质释放的...","[""5分： 完全理解并精准执行所有指令，完美达成核心任务目标，格式完全符合要求。"", ""4分： 准确理解主要指令，正确执行任务，核心目标达成度高，格式基本符合要求，可能有极少细节遗漏或偏差。"", ""3分： 理解了指令大意但可能忽略部分细节，任务基本完成但存在一些不准确或遗漏之处，格式有明显尝试但存在较多偏差。"", ""2分： 对指令理解有偏差，任务完成度低或有严重错误，格式多数不符合要求。"", ""1分： 完全误解或无视指令，任务未完...",False
f5dbe00c4a0fb5c4c818e8c652cdcdec09c3d65a,train_all_low_label,2,low,2,2,0,hidden_or_missing_failure,visible_failure,high,high,high_weight,high_weight,failure_bucket_disagreement,6,"问题：请简述第二次世界大战的主要参战国和其领导者。 原答案：第二次世界大战的主要参战国包括德国的希特勒、美国的罗斯福、法国的拿破仑和苏联的列宁。 你为学生的回答进行纠错服务.请根据这个问题和原答案给出""纠错后答案""和""纠错说明"":,以json格式返回","```json { ""纠错后答案"": { ""主要参战国"": [ ""德国"": ""希特勒"", ""意大利"": ""墨索里尼"", ""日本"": ""东条英机"", ""美国"": ""罗斯福"", ""英国"": ""丘吉尔"", ""苏联"": ""斯大林"" ] }, ""纠错说明"": { ""拿破仑"": ""拿破仑是法国历史上的人物，活跃在19世纪初期，并未参与第二次世界大战。因此，原答案中提到的‘法国的拿破仑’是错误的。"", ""列宁"": ""列宁是俄国革命家，主要活动时...","[""5分： 始终体现出强烈的鼓励和支持态度，语言积极、富有建设性；在需要时提供非常有效的启发式引导，而非直接给答案。"", ""4分： 整体体现出鼓励和支持，语言积极正面；能提供有效的引导，偶尔可能过于直接。"", ""3分： 兼具鼓励和中性/批评性语言，积极性一般；引导有时有效，有时直接给答案或引导不足。"", ""2分： 缺乏鼓励和支持，语言偏中性甚至略显负面；很少提供有效引导，倾向于直接给答案或不给帮助。"", ""1分： 语言消极、打击性...",False
fa1185b0d39c5672a438e0c801f08aa836e50bc1,train_mid_borderline,3,mid,2,2,0,visible_failure,visible_failure,unclear,high,low_weight,low_weight,derived_risk_disagreement,6,"问题：在研究中世纪封建制度发展的过程中，下列哪些因素对其演变起到了关键作用？（可选择多个） A. 农奴制 B. 城市化进程 C. 十字军东征 D. 文艺复兴 E. 黑死病的流行 F. 军事科技的进步 学生的答案：['A', 'C', 'E', 'F'] 请根据问题和学生答案给出""评分"":""评分细节"":""个性化反馈"":,以json格式返回","```json { ""评分"": 3, ""评分细节"": ""学生正确选择了四个因素中的三个，但漏掉了对城市化进程的影响。"", ""个性化反馈"": ""您的回答非常接近完全正确。您准确地指出了农奴制、十字军东征、黑死病的流行以及军事科技的进步对中世纪封建制度演变的关键影响。然而，城市化进程同样是一个重要的因素，它促进了经济和社会结构的变化，进一步削弱了封建制度的基础。希望您能更加全面地考虑各个因素的影响。"" } ```","[""5分： 完全理解并精准执行所有指令，完美达成核心任务目标，格式完全符合要求。"", ""4分： 准确理解主要指令，正确执行任务，核心目标达成度高，格式基本符合要求，可能有极少细节遗漏或偏差。"", ""3分： 理解了指令大意但可能忽略部分细节，任务基本完成但存在一些不准确或遗漏之处，格式有明显尝试但存在较多偏差。"", ""2分： 对指令理解有偏差，任务完成度低或有严重错误，格式多数不符合要求。"", ""1分： 完全误解或无视指令，任务未完...",False
1905d9dcdf2880df39d9d380624436abd892da5a,train_all_low_label,2,low,2,1,1,hidden_or_missing_failure,hidden_or_missing_failure,high,high,high_weight,low_weight,training_use_disagreement,7,"Question: Which part of the plant is responsible for photosynthesis? A) Roots B) Stems C) Leaves D) Flowers Please provide reasoning based on this question. Do not provide the answer directly.. ""Reasoning Provided"":, ...","{ ""reasoning"": ""Photosynthesis is a process by which plants, algae, and some bacteria convert light energy into chemical energy. This process primarily requires sunlight, water, and carbon dioxide to produce oxygen an...","[""5: Fully integrated all key scenario elements (e.g., student history, learning preferences); output is highly personalized and well-matched to the teaching context."", ""4: Used major scenario elements effectively; re...",False
1947f424625d896777f4dbddef16ab9afb7730aa,exp27f_top40_conflict_reaudit,1,low,2,1,1,hidden_or_missing_failure,hidden_or_missing_failure,high,high,low_weight,high_weight,training_use_disagreement,7,"Question: True or False: The human liver has the capacity to regenerate after surgical removal of a portion of its tissue. Student's Answer: True Please provide ""Score"", ""Scoring Details"", and ""Personalized Feedback"" ...","{ ""Score"": 1, ""Scoring Details"": ""The student answered correctly. The liver indeed has an impressive regenerative capacity, which is one of the most remarkable features of this organ."", ""Personalized Feedback"": ""Your ...","[""5: Reasoning is complete, clear, and rigorous; all steps are correct; arguments are strong and free of logical fallacies."", ""4: Reasoning is largely correct and logically coherent with minor issues in individual ste...",False
1eed638f510e41f6a5f183706373434d0d7dbe9e,train_clean_high_controls,4,high,4,5,1,no_failure,no_failure,low,low,high_weight,low_weight,training_use_disagreement,7,"Knowledge Point: Mechanisms of Drug Resistance in Cancer Therapy Based on this knowledge point, provide ""Teaching Materials"": Teaching materials should include teaching objectives, key points and difficulties, classro...","```json { ""teaching_materials"": { ""topic"": ""Mechanisms of Drug Resistance in Cancer Therapy"", ""grade_level"": ""Undergraduate/Graduate"", ""subject"": ""Biology/Medicine"", ""teaching_objectives"": [ ""To understand the fundame...","[""5: Extremely clear and concise explanations; fully accessible for target learners; vibrant and engaging delivery that inspires deep thought and interest."", ""4: Clear and easy to understand; appropriate for learner l...",False
25b2aca3522e1455a7dad91ab18dedaaf7d3e1bb,train_clean_high_controls,5,high,4,5,1,no_failure,no_failure,low,low,low_weight,high_weight,training_use_disagreement,7,Question: Which of the following factors is most crucial for determining the success of a crop in a particular region? A) Soil pH B) Seed variety C) Irrigation method D) Climate conditions Please provide reasoning bas...,"{ ""reasoning"": ""The success of a crop in a particular region can be influenced by multiple factors including soil pH, seed variety, irrigation method, and climate conditions. However, climate conditions encompass a br...","[""5: Reasoning is complete, clear, and rigorous; all steps are correct; arguments are strong and free of logical fallacies."", ""4: Reasoning is largely correct and logically coherent with minor issues in individual ste...",False
360455e8767307329feaafbc43ecbceb7ddd92a9,train_clean_high_controls,4,high,5,4,1,no_failure,no_failure,low,low,low_weight,high_weight,training_use_disagreement,7,"Student Profile: Student Profile: {'Name': 'Alex Johnson', 'Year': 'Sophomore', 'Major': 'Chemical Engineering', 'Strengths': ['Strong analytical skills', 'Good grasp of chemical equations'], 'Weaknesses': ['Struggles...","```json { ""Personalized_Learning_Content"": [ { ""Task"": ""Watch a series of visual tutorials on organic chemistry concepts, focusing on reaction mechanisms and stereochemistry."", ""Resource"": ""Khan Academy Organic Chemis...","[""5: Highly personalized content/advice/feedback based on student level/traits/needs; resource and learning path suggestions are accurate, practical, and valuable."", ""4: Demonstrates some adaptation to student situati...",False
3b5a8c4295de94d52db9f719bd2bf0ff725b74bc,train_all_low_label,2,low,2,1,1,visible_failure,visible_failure,high,high,high_weight,low_weight,training_use_disagreement,7,"Subject:Aquaculture Education Level:Undergraduate Knowledge Point:Aquaculture involves the farming of aquatic organisms, including fish, mollusks, crustaceans, and aquatic plants. It encompasses breeding, rearing, and...","```json { ""Question"": ""Which of the following best describes the primary focus of aquaculture?"", ""Provided Reasoning"": ""Aquaculture is the practice of farming aquatic organisms such as fish, mollusks, crustaceans, and...","[""5: Skillfully designed to promote critical/creative thinking, problem-solving, or transfer of knowledge (e.g., through open-ended questions, comparative analysis, case study, project-based tasks)."", ""4: Includes gui...",False
41eb55e5d3584329f599a5075f3f50da9ab7ad85,train_high_disagreement_protection,4,high,4,5,1,no_failure,no_failure,low,low,high_weight,low_weight,training_use_disagreement,7,"问题：在教育学中，哪个教学方法最强调学生的主动参与？ 学生的答案：合作学习法 请根据问题和学生答案给出""评分"":""评分细节"":""个性化反馈"":,以json格式返回","```json { ""评分"": 80, ""评分细节"": { ""正确性"": 70, ""理由"": ""合作学习法确实非常强调学生的主动参与。在这种方法中，学生通过小组合作共同完成任务或解决问题，每个人都有机会表达自己的观点并倾听他人的意见，这有助于提高学生的参与度和互动性。"", ""完整性"": 90, ""理由"": ""学生回答得出了正确的方法名称，并简要说明了这种方法的特点，但可以进一步详细阐述合作学习法的具体实施方式和优势。"" }, ""个...","[""5分： 始终体现出强烈的鼓励和支持态度，语言积极、富有建设性；在需要时提供非常有效的启发式引导，而非直接给答案。"", ""4分： 整体体现出鼓励和支持，语言积极正面；能提供有效的引导，偶尔可能过于直接。"", ""3分： 兼具鼓励和中性/批评性语言，积极性一般；引导有时有效，有时直接给答案或引导不足。"", ""2分： 缺乏鼓励和支持，语言偏中性甚至略显负面；很少提供有效引导，倾向于直接给答案或不给帮助。"", ""1分： 语言消极、打击性...",False
4e8de28f80d08aa71efda1f2d7dee79f9199c882,train_high_disagreement_protection,4,high,4,5,1,no_failure,no_failure,low,low,high_weight,low_weight,training_use_disagreement,7,"问题：在神经生理学中，动作电位的过程中不包括以下哪一个步骤？ A) 去极化 B) 再极化 C) 超极化 D) 钙离子流入细胞 学生的答案：C) 超极化 请根据问题和学生答案给出""评分"":""评分细节"":""个性化反馈"":,以json格式返回","{ ""评分"": ""错误"", ""评分细节"": ""学生的答案选择了C) 超极化，这是不正确的。在动作电位的过程中，超极化是一个关键步骤，它发生在再极化之后，使膜电位低于静息电位。"", ""个性化反馈"": ""感谢你的回答！在动作电位的过程中，确实包括去极化、再极化和超极化等步骤。然而，你选择的C) 超极化实际上是动作电位的一个组成部分。正确的答案应该是D) 钙离子流入细胞，因为钙离子的流入并不是动作电位的直接步骤，而是与神经递质释放等后续...","[""5分： 推理逻辑链条完整、清晰、严密，步骤正确无误，论证充分有力，无逻辑跳跃或漏洞。"", ""4分： 推理过程主体正确且逻辑清晰，可能在个别步骤的表述或论证细节上略有瑕疵，但不影响最终结论的有效性。"", ""3分： 推理过程大体可见，但存在一些逻辑不清、步骤缺失或论证不足之处，结论可能受到影响。"", ""2分： 推理过程存在明显的逻辑错误、步骤混乱或严重缺失，难以得出正确或可靠的结论。"", ""1分： 几乎没有有效的推理过程，逻辑混乱...",False
58e59efa47d8a775194d231e6b473cd0d4b40baa,train_education_dimension_stress,4,high,3,4,1,visible_failure,visible_failure,low,low,low_weight,high_weight,training_use_disagreement,7,"问题：考虑一个有机分子，其含有羧基(-COOH)和酯基(-COOR')。请解释该分子在酸性和碱性条件下的水解反应机理，并讨论不同条件下的反应产物。 请根据这个问题提供思路。""提供的思路"":,以json格式返回","{ ""思路"": { ""背景信息"": ""该分子同时含有羧基(-COOH)和酯基(-COOR')，这样的结构使得它既可以发生羧酸的性质反应，也可以进行酯类化合物的特性反应。"", ""酸性条件下反应"": { ""机理"": ""在酸性条件下，由于存在质子(H+)，可以促进酯基的水解反应。具体来说，首先酯基中的羰基氧(O)会接受一个H+形成正电荷的中间体，随后这个中间体与水反应生成醇和羧酸。"", ""产物"": ""主要产物为相应的羧酸和醇。"", ""注...","[""5分： 所有涉及的客观事实（定义、公式、日期、名词、代码语法等）完全准确无误。"", ""4分： 绝大部分事实准确，可能存在个别极其微小的、非关键性的笔误或疏漏。"", ""3分： 大部分事实准确，但存在少量明显的事实错误，需要核查。"", ""2分： 包含较多或关键性的事实错误，信息不可靠。"", ""1分： 充斥着大量事实错误，信息完全错误或误导。""]",False
5d1142eadd0671e43ec64938e19a3e690e02513f,train_mid_borderline,3,mid,2,1,1,visible_failure,visible_failure,high,high,low_weight,review_only,audit_hard_conflict;one_teacher_disagrees_with_human;training_use_disagreement,7,"Subject:Aquaculture Education Level:Undergraduate Knowledge Point:Aquaculture involves the farming of aquatic organisms, including fish, mollusks, crustaceans, and aquatic plants. It encompasses breeding, rearing, and...","```json { ""Question"": ""Which of the following activities is a primary component of aquaculture?"", ""Options"": { ""A"": ""Deep-sea trawling for wild fish populations"", ""B"": ""Breeding and rearing trout in controlled pond sy...","[""5: Skillfully designed to promote critical/creative thinking, problem-solving, or transfer of knowledge (e.g., through open-ended questions, comparative analysis, case study, project-based tasks)."", ""4: Includes gui...",False
5eca8796afa57332b77efb229a632e49b196cbed,exp27f_top40_conflict_reaudit,3,mid,4,5,1,no_failure,no_failure,low,low,low_weight,low_weight,one_teacher_disagrees_with_human,7,"Question: True or False: The Andes Mountains are located in North America. Student's Answer: True Please provide ""Score"", ""Scoring Details"", and ""Personalized Feedback"" based on the question and student's answer, in J...","{ ""Score"": 0, ""Scoring Details"": { ""Correct Answer"": ""False"", ""Student's Answer"": ""True"", ""Explanation"": ""The Andes Mountains are located in South America, not North America. They extend through seven South American c...","[""5: Strongly supportive and encouraging; consistently uses constructive and positive language; offers highly effective heuristic guidance instead of simply giving answers."", ""4: Generally supportive tone and positive...",False
5f27d9555a40c573edac21732500294d2d1fd559,train_high_disagreement_protection,4,high,4,5,1,no_failure,no_failure,low,low,high_weight,low_weight,training_use_disagreement,7,"Question: Discuss the role of neurotransmitters in the regulation of mood, and how imbalances can lead to mood disorders. Student's Answer: Neurotransmitters are chemicals in the brain that transmit signals between ne...","```json { ""Score"": 7, ""Scoring Details"": { ""Content Accuracy"": 8, ""Completeness"": 6, ""Clarity"": 7, ""Depth of Explanation"": 6, ""Relevance"": 8 }, ""Personalized Feedback"": ""Your answer correctly identifies the role of ne...","[""5: Strongly supportive and encouraging; consistently uses constructive and positive language; offers highly effective heuristic guidance instead of simply giving answers."", ""4: Generally supportive tone and positive...",False
661f9b91a67dbdfa38a6b511275e3e1b208be433,train_mid_borderline,3,mid,4,5,1,no_failure,no_failure,low,low,low_weight,review_only,audit_hard_conflict;one_teacher_disagrees_with_human;training_use_disagreement,7,"Question: Explain the strategic significance of high ground in military operations. Please provide reasoning based on this question. Do not provide the answer directly.. ""Reasoning Provided"":, return in JSON format","{ ""Reasoning Provided"": [ ""In military operations, the concept of controlling high ground is often emphasized due to several strategic advantages it offers. Firstly, from an elevated position, forces can achieve a bet...","[""5: Reasoning is complete, clear, and rigorous; all steps are correct; arguments are strong and free of logical fallacies."", ""4: Reasoning is largely correct and logically coherent with minor issues in individual ste...",False
78586d2e30d916ca3e7585a536f198601566e300,train_education_dimension_stress,5,high,4,5,1,no_failure,no_failure,low,low,low_weight,high_weight,training_use_disagreement,7,"Anxiety Level: Moderate Anxiety Dialogue with Student: [{'Agent': 'Hi there! How are you feeling about your History studies today?'}, {'Student': 'Hey, I’m feeling a bit anxious, to be honest. There’s just so much to ...","```json { ""Emotional State Analysis"": { ""Anxiety Level"": ""Moderate Anxiety"", ""Primary Concern"": ""Overwhelmed by the volume of information for the History exam"", ""Secondary Concern"": ""Uncertainty about the effectivenes...","[""5: Excellent role-playing (e.g., teacher/TA); language style, professionalism, and tone (e.g., encouraging/serious) are perfectly aligned with the assumed role and audience."", ""4: Role and tone are mostly consistent...",False
89f8c6ed8c1b947a44510dcc18b38a1d97571453,exp27f_top40_conflict_reaudit,2,low,1,2,1,visible_failure,visible_failure,high,high,low_weight,high_weight,training_use_disagreement,7,"学科:法学 学制级别:博士 问题：在国际法中，以下哪一个原则主要用于解决国家之间的领土争端？ A. 不干涉内政原则 B. 自决原则 C. 先占原则 D. 互惠原则 .请根据问题生成对应的答案。""答案"":,以json格式返回","```json { ""答案"": ""B. 自决原则"" } ``` 注解：自决原则是国际法中的一个重要原则，尤其适用于处理殖民地独立、民族分离等问题，也常用于解决某些领土争端。不过，在解决具体的领土争端时，国际社会也可能会采用其他多种方法和原则，包括但不限于协商、仲裁、调解等。题目所列选项中，最符合解决领土争端的是自决原则。但是，需要指出的是，先占原则（C）更多是在历史上被使用，现代国际法实践中较少见到。不干涉内政原则（A）主要涉及国...","[""5分： 所有涉及的客观事实（定义、公式、日期、名词、代码语法等）完全准确无误。"", ""4分： 绝大部分事实准确，可能存在个别极其微小的、非关键性的笔误或疏漏。"", ""3分： 大部分事实准确，但存在少量明显的事实错误，需要核查。"", ""2分： 包含较多或关键性的事实错误，信息不可靠。"", ""1分： 充斥着大量事实错误，信息完全错误或误导。""]",False
8aef5ba70b7f6bbf69abef639a8f076230c83908,train_clean_high_controls,5,high,4,5,1,no_failure,no_failure,low,low,low_weight,high_weight,training_use_disagreement,7,"问题：在分布式系统中，一致性模型的重要性是什么？以下哪个选项最好地描述了它的作用？ A) 提高系统的吞吐量 B) 确保所有节点之间的数据保持一致 C) 降低系统的响应时间 D) 提高系统的可扩展性 学生的答案：B) 确保所有节点之间的数据保持一致 请根据问题和学生答案给出""评分"":""评分细节"":""个性化反馈"":,以json格式返回","```json { ""评分"": ""正确"", ""评分细节"": { ""正确性"": 100, ""理解深度"": 90, ""选项匹配度"": 100 }, ""个性化反馈"": { ""解释"": ""一致性模型的核心目标是定义分布式系统中数据同步的规则，选项B准确描述了其本质作用。"", ""补充说明"": [ ""强一致性（如线性一致性）要求所有节点实时同步数据，但可能牺牲性能；"", ""最终一致性允许暂时不一致，通过异步同步实现高可用性；"", ""选项A/C...","[""5分： 推理逻辑链条完整、清晰、严密，步骤正确无误，论证充分有力，无逻辑跳跃或漏洞。"", ""4分： 推理过程主体正确且逻辑清晰，可能在个别步骤的表述或论证细节上略有瑕疵，但不影响最终结论的有效性。"", ""3分： 推理过程大体可见，但存在一些逻辑不清、步骤缺失或论证不足之处，结论可能受到影响。"", ""2分： 推理过程存在明显的逻辑错误、步骤混乱或严重缺失，难以得出正确或可靠的结论。"", ""1分： 几乎没有有效的推理过程，逻辑混乱...",False
9244fd8961a537574c99075f27020808b8899d64,train_mid_borderline,3,mid,2,1,1,visible_failure,visible_failure,high,high,low_weight,review_only,audit_hard_conflict;one_teacher_disagrees_with_human;training_use_disagreement,7,"Subject:Physical Education Education Level:Undergraduate Knowledge Point:The FITT principle is a foundational concept in physical education that stands for Frequency, Intensity, Time, and Type. It is used to structure...","```json { ""Question"": ""What are the four components of the FITT principle, and briefly explain each one?"", ""Provided Reasoning"": ""This question directly addresses the foundational elements of the FITT principle (Frequ...","[""5: Skillfully designed to promote critical/creative thinking, problem-solving, or transfer of knowledge (e.g., through open-ended questions, comparative analysis, case study, project-based tasks)."", ""4: Includes gui...",False
92daf9b19527bc04b322e7ff200a23950ba4724b,train_mid_borderline,3,mid,2,1,1,visible_failure,visible_failure,high,high,low_weight,review_only,audit_hard_conflict;one_teacher_disagrees_with_human;training_use_disagreement,7,"Subject:Public Administration Education Level:PhD Knowledge Point:Public administration at the PhD level often involves understanding complex governance structures, policy analysis, and the implementation of public po...","```json { ""Question"": ""Which of the following best describes the primary focus of public administration at the PhD level?"", ""Options"": [ ""A) Developing marketing strategies for public sector organizations"", ""B) Unders...","[""5: Skillfully designed to promote critical/creative thinking, problem-solving, or transfer of knowledge (e.g., through open-ended questions, comparative analysis, case study, project-based tasks)."", ""4: Includes gui...",False
95dbe3a4bea98b999c43484f0d51e5b97b7146a4,train_high_disagreement_protection,4,high,4,5,1,no_failure,no_failure,low,low,high_weight,low_weight,training_use_disagreement,7,"Question: Explain the role of microRNAs in the regulation of gene expression in eukaryotic cells. Student's Answer: MicroRNAs (miRNAs) are small, non-coding RNA molecules that play a crucial role in regulating gene ex...","```json { ""Score"": 5, ""Scoring Details"": { ""Accuracy of Information"": 2, ""Comprehensiveness"": 2, ""Clarity and Coherence"": 1 }, ""Personalized Feedback"": { ""Positive Aspects"": ""Your answer correctly identifies the prima...","[""5: Strongly supportive and encouraging; consistently uses constructive and positive language; offers highly effective heuristic guidance instead of simply giving answers."", ""4: Generally supportive tone and positive...",False
98fa83f19f1a21aad265a428cda1dc4b0810c01c,train_mid_borderline,3,mid,2,1,1,visible_failure,visible_failure,high,high,low_weight,review_only,audit_hard_conflict;one_teacher_disagrees_with_human;training_use_disagreement,7,"Subject:Psychology Education Level:Undergraduate Knowledge Point:Cognitive dissonance is a psychological concept that refers to the discomfort experienced when holding two or more conflicting cognitions (e.g., beliefs...","```json { ""Question"": ""Cognitive dissonance occurs when an individual experiences:"", ""ProvidedReasoning"": ""This question tests the understanding of the core definition of cognitive dissonance at the undergraduate leve...","[""5: Skillfully designed to promote critical/creative thinking, problem-solving, or transfer of knowledge (e.g., through open-ended questions, comparative analysis, case study, project-based tasks)."", ""4: Includes gui...",False
9fdf5ac4ce9e42b699e040bcc32841d72d8c9e07,train_all_low_label,1,low,1,2,1,visible_failure,visible_failure,high,high,high_weight,low_weight,training_use_disagreement,7,"问题：在神经生理学中，动作电位的过程中不包括以下哪一个步骤？ A) 去极化 B) 再极化 C) 超极化 D) 钙离子流入细胞 学生的答案：C) 超极化 请根据问题和学生答案给出""评分"":""评分细节"":""个性化反馈"":,以json格式返回","```json { ""评分"": 1, ""评分细节"": { ""正确答案"": ""D) 钙离子流入细胞"", ""解释"": ""在神经生理学中，动作电位的过程主要包括去极化、复极化和超射（或称为反极化）等阶段。钙离子流入细胞并不是动作电位过程中的一个标准步骤。"" }, ""个性化反馈"": { ""建议"": ""你的选择是正确的。在动作电位过程中，确实不包括钙离子流入细胞这一步骤。钙离子在神经元的信号传导中有重要作用，但它们主要参与的是神经递质释放的...","[""5分： 所有涉及的客观事实（定义、公式、日期、名词、代码语法等）完全准确无误。"", ""4分： 绝大部分事实准确，可能存在个别极其微小的、非关键性的笔误或疏漏。"", ""3分： 大部分事实准确，但存在少量明显的事实错误，需要核查。"", ""2分： 包含较多或关键性的事实错误，信息不可靠。"", ""1分： 充斥着大量事实错误，信息完全错误或误导。""]",False
a5e7eceadaa33c7f2f84221ca57d79ed86ea85e9,train_education_dimension_stress,5,high,5,4,1,no_failure,no_failure,low,low,high_weight,low_weight,training_use_disagreement,7,"Anxiety Level: Mild Anxiety Dialogue with Student: [{'Agent': 'Hi! How are you feeling today? Is there anything on your mind?'}, {'Student': ""Hey, I'm doing okay, but I'm a little anxious about my upcoming exams. It's...","```json { ""Emotional State Analysis"": { ""Current Emotion"": ""Mild Anxiety"", ""Causes"": [ ""Pressure from the volume of information to memorize and apply"", ""Self-expectations for performance"" ], ""Intensity"": ""Moderate"", ""...","[""5: Fully understood and precisely executed all instructions; achieved core task with perfect accuracy; output format is fully compliant."", ""4: Accurately understood main instructions and correctly completed the task...",False
abc2aed26c2f3aa3dad2c0bae8c5890218e7d839,train_high_disagreement_protection,5,high,4,5,1,no_failure,no_failure,low,low,low_weight,high_weight,training_use_disagreement,7,"问题：解释“需求弹性”的概念及其在经济学中的重要性。 学生的答案：需求弹性是指需求量对价格变化的反应程度。在经济学中，它很重要，因为它帮助企业了解价格变动对销售额的影响，也帮助政府制定税收政策。 请根据问题和学生答案给出""评分"":""评分细节"":""个性化反馈"":,以json格式返回","```json { ""评分"": 4, ""评分细节"": { ""概念解释"": 1.5, ""重要性分析"": 2, ""完整性"": 0.5 }, ""个性化反馈"": ""你的回答正确指出了需求弹性的核心定义（价格变化引起需求量的反应程度）及其在企业和政府决策中的应用，但存在以下改进空间：\n1. 概念需补充弹性类型（如价格弹性/收入弹性/交叉弹性）及计算公式（百分比变动比值）\n2. 重要性可扩展说明：企业定价策略（弹性大时降价增收）、产品分类...","[""5分： 精准定位所有错误（无遗漏、无误报），给出的纠正建议完全正确、清晰且是最优或非常好的方案。"", ""4分： 准确定位了大部分主要错误，纠正建议基本正确有效，可能遗漏极少数次要错误或建议不够完美。"", ""3分： 定位了部分错误但有明显遗漏或误报，纠正建议部分正确但可能不够清晰、完整或并非最佳方案。"", ""2分： 错误定位不准确，遗漏了关键错误或大量误报，纠正建议存在错误或难以理解。"", ""1分： 完全未能识别错误，或给出了完...",False
abdb228a62bf18c602a9070080e2ce4f04c4b898,train_education_dimension_stress,4,high,4,5,1,no_failure,no_failure,low,low,high_weight,low_weight,training_use_disagreement,7,"{'姓名': '张伟', '年龄': 20, '年级': '大二', '专业': '经济学', '学习目标': '理解理论经济学中的市场结构与策略行为', '当前能力水平': '具有基础的微观经济学知识，欠缺高级数学分析能力', '知识薄弱点': ['博弈论', '信息不对称'], '学习习惯': '喜欢通过阅读相关研究论文来加深理解，习惯用在线课程平台学习', '兴趣': ['市场动向分析', '公司竞争策略']} 请根据学生画...","```json { ""学习路径规划建议"": { ""阶段一：基础巩固"": [ ""复习并加深对微观经济学的理解，特别是与市场结构和企业行为相关的章节。"", ""通过在线课程平台（如Coursera、edX等）选择适合初学者的高级数学分析课程进行学习，为后续深入研究博弈论打下坚实的数学基础。"" ], ""阶段二：理论深化"": [ ""参加关于博弈论的专门课程或阅读相关书籍，理解基本概念如纳什均衡、占优策略等，并尝试解决简单的博弈问题。"", ""...","[""5分： 非常好地根据学生水平/特点/需求提供了高度差异化的内容/建议/反馈；提供的学习路径/资源建议精准、实用且有价值。"", ""4分： 能根据学生情况进行一定程度的个性化调整，提供了相关的学习建议或资源，具有较好的参考价值。"", ""3分： 尝试进行个性化，但适应性不强，内容/建议差异不大；提供的学习支持比较通用，价值有限。"", ""2分： 几乎没有体现个性化适应，输出内容/建议对所有人都一样；学习支持不足或不相关。"", ""1分：...",False
b0106edd91e17115dd57dc504576ffcd10f4692c,train_high_disagreement_protection,4,high,4,5,1,no_failure,no_failure,low,low,high_weight,low_weight,training_use_disagreement,7,"Question: Discuss the role of neurotransmitters in the regulation of mood, and how imbalances can lead to mood disorders. Student's Answer: Neurotransmitters are chemicals in the brain that transmit signals between ne...","{ ""Score"": 7, ""Scoring Details"": { ""Content Accuracy"": 3.5, ""Completeness"": 2, ""Clarity"": 2, ""Depth"": 1.5, ""Critical Analysis"": 1 }, ""Personalized Feedback"": ""Your answer correctly identifies serotonin and dopamine as...","[""5: Precisely identified all errors (no omission or false positives); provided completely correct, clear, and optimal correction suggestions."", ""4: Correctly located most major errors; suggestions are generally accur...",False
b21b8c3ac37ecaa0e26ae36e530a7f7c75594d53,train_all_low_label,1,low,2,1,1,hidden_or_missing_failure,hidden_or_missing_failure,high,high,low_weight,high_weight,training_use_disagreement,7,"Subject:Computer Science Education Level:Undergraduate Question:What is the time complexity of the quicksort algorithm in the average case scenario? . Please generate the corresponding answer based on the question. ""A...","```json { ""Answer"": ""The time complexity of the quicksort algorithm in the average case scenario is O(n log n), where n is the number of elements in the array to be sorted."" } ```","[""5: Reasoning is complete, clear, and rigorous; all steps are correct; arguments are strong and free of logical fallacies."", ""4: Reasoning is largely correct and logically coherent with minor issues in individual ste...",False
c1c296b9d10778f5ff8bd28c2f3661fc1116ac33,train_education_dimension_stress,4,high,5,4,1,no_failure,no_failure,low,low,low_weight,high_weight,training_use_disagreement,7,"Subject:Psychology Education Level:Undergraduate Knowledge Point:Cognitive dissonance is a psychological concept that refers to the discomfort experienced when holding two or more conflicting cognitions (e.g., beliefs...","```json { ""Question"": ""Which of the following best describes cognitive dissonance?"", ""Options"": [ ""A. A state of mental clarity achieved through meditation."", ""B. The discomfort experienced when holding conflicting co...","[""5: Subject matter application is not only accurate but also shows appropriate depth and rigor; adheres to industry or academic standards."", ""4: Proper use of professional knowledge reflecting a good degree of profic...",False
c9d7e6c9b71ca2703659bee917c8330b31421ed7,train_clean_high_controls,4,high,4,5,1,no_failure,no_failure,low,low,high_weight,low_weight,training_use_disagreement,7,"Knowledge Point: Advanced Recirculating Aquaculture Systems (RAS) Design and Management Based on this knowledge point, provide ""Teaching Materials"": Teaching materials should include teaching objectives, key points an...","```json { ""knowledgePoint"": ""Advanced Recirculating Aquaculture Systems (RAS) Design and Management"", ""teachingMaterials"": { ""title"": ""Advanced Recirculating Aquaculture Systems (RAS) Design and Management"", ""descript...","[""5: Excellent role-playing (e.g., teacher/TA); language style, professionalism, and tone (e.g., encouraging/serious) are perfectly aligned with the assumed role and audience."", ""4: Role and tone are mostly consistent...",False
cafc4197096943dc7f904944269aeb328b8e6d2c,train_mid_borderline,3,mid,4,5,1,no_failure,no_failure,low,low,low_weight,review_only,audit_hard_conflict;one_teacher_disagrees_with_human;training_use_disagreement,7,"Question: Explain the role of microRNAs in the regulation of gene expression in eukaryotic cells. Student's Answer: MicroRNAs (miRNAs) are small, non-coding RNA molecules that play a crucial role in regulating gene ex...","```json { ""Score"": 9, ""Scoring Details"": { ""Accuracy"": 9, ""Completeness"": 9, ""Clarity"": 9, ""Relevance"": 10 }, ""Personalized Feedback"": ""Your answer provides a comprehensive overview of the role of microRNAs (miRNAs) i...","[""5: Strongly supportive and encouraging; consistently uses constructive and positive language; offers highly effective heuristic guidance instead of simply giving answers."", ""4: Generally supportive tone and positive...",False
cd9e98862abb66d92b1c4934daea965b7fdf5fd6,train_clean_high_controls,5,high,4,5,1,no_failure,no_failure,low,low,low_weight,high_weight,training_use_disagreement,7,"焦虑级别：重度焦虑 对话内容：[{'学生': '最近我总觉得压力特别大，尤其是物理课的时候，只要想到学习物理就特别焦虑。'}, {'助理': '我听到你似乎在为物理课感到担心。能不能具体说一下是什么让你特别焦虑呢？'}, {'学生': '我一直觉得物理很难，对于公式和计算都不太理解，而且考试的时候总是出错。'}, {'助理': '理解复杂的概念确实会让人感到困难。考试可能让这些压力加剧。你在物理课上有没有特别困难的部分？'}, {...","```json { ""情绪状态分析"": { ""焦虑级别"": ""重度焦虑"", ""主要触发因素"": [ ""对物理学科的自我怀疑与挫败感"", ""电磁学公式应用困难导致的认知压力"", ""考试失误引发的预期性焦虑"" ], ""心理状态特征"": [ ""长期积累的学科挫败感"", ""特定知识模块的习得性无助"", ""考试场景的条件反射式紧张"", ""认知资源过度消耗导致的注意力涣散"" ] }, ""安慰与建议"": { ""认知重构"": [ ""肯定学习动机：...","[""5分： 充分融合所有关键场景要素（如学生历史、学习偏好等），输出高度个性化，并与教学情境高度匹配。"", ""4分： 有效使用主要场景要素，回答具有针对性；可能遗漏少量细节，但不影响整体效果。"", ""3分： 使用了部分场景信息，但融合较浅；个性化程度或情境契合度一般。"", ""2分： 仅表层提及场景信息，未有效融合核心要素；与上下文连接较弱。"", ""1分： 完全忽视场景特定信息；输出通用、模板化，且与场景不相关。""]",False
d3b9e69f7871db538f76dabbec0088d0f10fa6f1,train_mid_borderline,3,mid,4,5,1,no_failure,no_failure,low,low,low_weight,review_only,audit_hard_conflict;one_teacher_disagrees_with_human;training_use_disagreement,7,"Question: Explain the strategic significance of high ground in military operations. Please provide reasoning based on this question. Do not provide the answer directly.. ""Reasoning Provided"":, return in JSON format","{ ""Reasoning Provided"": [ ""In military operations, the concept of controlling high ground is often emphasized due to several strategic advantages it offers. Firstly, from an elevated position, forces can achieve a bet...","[""5: Subject matter application is not only accurate but also shows appropriate depth and rigor; adheres to industry or academic standards."", ""4: Proper use of professional knowledge reflecting a good degree of profic...",False
e8d317bb3a6ce9d7a82a8f452f924e96e8869cac,train_high_disagreement_protection,4,high,4,5,1,no_failure,no_failure,low,low,high_weight,low_weight,training_use_disagreement,7,"Question: True or False: The Andes Mountains are located in North America. Student's Answer: True Please provide ""Score"", ""Scoring Details"", and ""Personalized Feedback"" based on the question and student's answer, in J...","```json { ""Score"": 0, ""Scoring Details"": { ""Correctness"": 0, ""Explanation"": ""The student's answer is incorrect. The Andes Mountains are not located in North America, but rather in South America, stretching along the w...","[""5: Strongly supportive and encouraging; consistently uses constructive and positive language; offers highly effective heuristic guidance instead of simply giving answers."", ""4: Generally supportive tone and positive...",False
e927013b12cac98ecddc4843316f9befc695ed6d,exp27f_top40_conflict_reaudit,5,high,4,5,1,no_failure,no_failure,low,low,low_weight,high_weight,training_use_disagreement,7,"Anxiety Level: Mild Anxiety Dialogue with Student: [{'Agent': 'Hi! How are you feeling today? Is there anything on your mind?'}, {'Student': ""Hey, I'm doing okay, but I'm a little anxious about my upcoming exams. It's...","```json { ""Emotional State Analysis"": { ""Anxiety Level"": ""Mild Anxiety"", ""Primary Triggers"": [ ""Volume of exam material requiring memorization and application"", ""Self-imposed pressure to meet high personal expectation...","[""5: Excellent role-playing (e.g., teacher/TA); language style, professionalism, and tone (e.g., encouraging/serious) are perfectly aligned with the assumed role and audience."", ""4: Role and tone are mostly consistent...",False
f0ebd02f5de40b382022b3ce06d7a793ad7b8ea6,train_mid_borderline,3,mid,2,1,1,visible_failure,visible_failure,high,high,low_weight,review_only,audit_hard_conflict;one_teacher_disagrees_with_human;training_use_disagreement,7,"Subject:Sociology Education Level:PhD Knowledge Point:The concept of 'social capital' has been extensively discussed in the field of sociology, particularly in relation to community development, socio-economic mobilit...","```json { ""Question"": ""Which of the following best describes the concept of 'social capital' in sociology?"", ""ProvidedReasoning"": ""Social capital involves the networks of relationships among people who work in a parti...","[""5: Skillfully designed to promote critical/creative thinking, problem-solving, or transfer of knowledge (e.g., through open-ended questions, comparative analysis, case study, project-based tasks)."", ""4: Includes gui...",False
f51251a778d6f6601796be0ed017d6173d91d44b,train_all_low_label,2,low,2,1,1,visible_failure,visible_failure,high,high,high_weight,low_weight,training_use_disagreement,7,Subject:Basic Medicine Education Level:Master Knowledge Point:The renin-angiotensin-aldosterone system (RAAS) plays a crucial role in regulating blood pressure and fluid balance in the body. Question Type:Single Choic...,"```json { ""Question"": ""Which of the following best describes the primary function of the renin-angiotensin-aldosterone system (RAAS)?"", ""Options"": [ ""A. Regulating blood glucose levels"", ""B. Controlling body temperatu...","[""5: Skillfully designed to promote critical/creative thinking, problem-solving, or transfer of knowledge (e.g., through open-ended questions, comparative analysis, case study, project-based tasks)."", ""4: Includes gui...",False
378f7b2160c791b11e16c3dd68d76ed1363a3ff6,train_all_low_label,2,low,1,1,0,visible_failure,visible_failure,high,high,low_weight,review_only,audit_hard_conflict;training_use_disagreement,7,"问题：在神经生理学中，动作电位的过程中不包括以下哪一个步骤？ A) 去极化 B) 再极化 C) 超极化 D) 钙离子流入细胞 学生的答案：C) 超极化 请根据问题和学生答案给出""评分"":""评分细节"":""个性化反馈"":,以json格式返回","```json { ""评分"": 1, ""评分细节"": { ""正确答案"": ""D) 钙离子流入细胞"", ""解释"": ""在神经生理学中，动作电位的过程主要包括去极化、复极化和超射（或称为反极化）等阶段。钙离子流入细胞并不是动作电位过程中的一个标准步骤。"" }, ""个性化反馈"": { ""建议"": ""你的选择是正确的。在动作电位过程中，确实不包括钙离子流入细胞这一步骤。钙离子在神经元的信号传导中有重要作用，但它们主要参与的是神经递质释放的...","[""5分： 始终体现出强烈的鼓励和支持态度，语言积极、富有建设性；在需要时提供非常有效的启发式引导，而非直接给答案。"", ""4分： 整体体现出鼓励和支持，语言积极正面；能提供有效的引导，偶尔可能过于直接。"", ""3分： 兼具鼓励和中性/批评性语言，积极性一般；引导有时有效，有时直接给答案或引导不足。"", ""2分： 缺乏鼓励和支持，语言偏中性甚至略显负面；很少提供有效引导，倾向于直接给答案或不给帮助。"", ""1分： 语言消极、打击性...",False
61725aede8ed2f1879dae36d9b4f8a751b64787b,train_all_low_label,2,low,1,1,0,hidden_or_missing_failure,hidden_or_missing_failure,high,high,low_weight,review_only,audit_hard_conflict;training_use_disagreement,7,"Question: Explain how Porter's Five Forces framework can be used to analyze the competitive environment of an industry. Please provide reasoning based on this question. Do not provide the answer directly.. ""Reasoning ...","{ ""reasoning"": ""Porter's Five Forces framework is a tool for analyzing the competitive landscape of an industry by identifying and assessing five key competitive forces. These forces help to determine the attractivene...","[""5: Fully integrated all key scenario elements (e.g., student history, learning preferences); output is highly personalized and well-matched to the teaching context."", ""4: Used major scenario elements effectively; re...",False
92910121cc180752d916f726d12fa5537c40dd88,train_all_low_label,2,low,1,1,0,hidden_or_missing_failure,hidden_or_missing_failure,high,high,low_weight,review_only,audit_hard_conflict;training_use_disagreement,7,"Question: What is the value of 5 + 3? Please provide reasoning based on this question. Do not provide the answer directly.. ""Reasoning Provided"":, return in JSON format","```json { ""Reasoning Provided"": ""To solve the problem, we need to perform a basic addition operation. Addition is a fundamental arithmetic operation where we combine two or more numbers to find their total. In this ca...","[""5: Fully integrated all key scenario elements (e.g., student history, learning preferences); output is highly personalized and well-matched to the teaching context."", ""4: Used major scenario elements effectively; re...",False
ccdab1ce8e955bdbf2224a22c0f14a10db6718ab,train_all_low_label,2,low,1,1,0,hidden_or_missing_failure,hidden_or_missing_failure,high,high,low_weight,review_only,audit_hard_conflict;training_use_disagreement,7,"Question: Which part of the plant is responsible for photosynthesis? A) Roots B) Stems C) Leaves D) Flowers Please provide reasoning based on this question. Do not provide the answer directly.. ""Reasoning Provided"":, ...","{ ""reasoning_provided"": ""Photosynthesis is the process by which plants convert light energy into chemical energy that can later be released to fuel the plant's activities. This process primarily occurs in the leaves o...","[""5: Fully integrated all key scenario elements (e.g., student history, learning preferences); output is highly personalized and well-matched to the teaching context."", ""4: Used major scenario elements effectively; re...",False
