matched_pair_index,pair_id,source_sample_id,question_key,gold_label,rejected_score,risk_type,score_derived_risk_type,risk_type_matches_score_direction,ordinal_distance,has_human_reason,reason_hash
0,8512180d474dc676caae3e04435b7a2fdf6d9672,01cc5ff057b6de65aa7fc51623308f2c778c9ee7,fe8355c92fdedf86b46847c533ca17f018bc7679,5,1,high_to_low_real_model_error,high_to_low_real_model_error,True,4,True,d544eed2964bd71065950d678269130a5c8a4d8f
1,ae48af0d03e3d5c44fe3e5130e4144dd46484be8,069efce9a099285d7ca6da6c14beb40c0b846992,04c137c5aec1fd5e3fc9bc4897bc62409a8e32e7,5,2,high_to_low_real_model_error,high_to_low_real_model_error,True,3,True,d904787978045e8641651216a9dcedcccfbc61c6
2,247e27654827b99dce0f3d7bd4f8b8cfbd3df611,078a7ec67d125c2319c7f26a2b09f6930ba294cb,0e09c1d8b75a16ca2c50f1bccf73028ae1d691ea,4,2,high_to_low_real_model_error,high_to_low_real_model_error,True,2,True,cd80bb2a0c9676272b29a180ea9339d2f7c8b0f2
3,256d809ca8b7642c12ef0efc876e5e98756908be,08e17a89ec6bdaf01401e8273bb48c4a9389829d,7f281c5d001646c5cd068f561302e9f2c1b03a4e,4,2,high_to_low_real_model_error,high_to_low_real_model_error,True,2,True,31329155da71e91677122a70b01a8a2e980baf00
4,67572d18fafa5e279c3b2b5e83f4d350f7902033,09202b8fad82a0e2d357f9671cae70d0a8b29349,d2dfb2224f4f7d3f932930cf1d4240b74deb2f11,4,2,high_to_low_real_model_error,high_to_low_real_model_error,True,2,True,5b18fabad5e6831b95b0268124ebb94c442e6c71
5,15f4c6123f3a4f56167d11d8d289a2da7c673db5,118543b6ffd1f0b7fc57b078ffd51c77f796b610,fe8355c92fdedf86b46847c533ca17f018bc7679,5,1,high_to_low_real_model_error,high_to_low_real_model_error,True,4,True,3c58494d75b94e04d128c89a9b320d4cd4ce2546
6,6c2886742d5dd87e4f390121bd81ec45486f43b7,1214a9796760bb201b38fce79c99471cc31271d2,474e1de7818e5730139801b4f471b28d6fa78a15,5,1,high_to_low_real_model_error,high_to_low_real_model_error,True,4,True,2c7976490e075e0c7ca73bb06c009a5a86d4b6e7
7,da8990214fcc4dec33e502aac9ff11514ec3327e,131797f974b039a303f85e62bde66f7f8dffe4bc,5190426b37344a5dd70adf4894aacc1fb868cdff,5,1,high_to_low_real_model_error,high_to_low_real_model_error,True,4,True,8f02490049767754eef189c64d4bd02019dc2123
8,3404cacf3582b45c453fa7ed2373af58b6bccff7,131797f974b039a303f85e62bde66f7f8dffe4bc,5190426b37344a5dd70adf4894aacc1fb868cdff,5,2,high_to_low_real_model_error,high_to_low_real_model_error,True,3,True,8f02490049767754eef189c64d4bd02019dc2123
9,68db0c640c104cee75d6be9bd03470c513bbe0ed,13d04f08a0d70c9f135178c8257a87a5dbeb4f4a,ac5843a5b2798e8500cac73be37d8147d820498f,4,2,high_to_low_real_model_error,high_to_low_real_model_error,True,2,True,ad5627fa01167b29985e5116aef0995f8bb479a0
10,3c351d6aafaec76c80288128873a580042c0d1da,174cb745b1e9218726a6d0e749f43d68cf936226,f7f8e6254e81a50cd0db26f7a0b465bd860ee691,4,2,high_to_low_real_model_error,high_to_low_real_model_error,True,2,True,d9780a9c961f03d4f625f05d8310e3a5f57c2a83
11,0b2dd82bfa536392bdf062c2463e01c758fd41f9,19c0fa03c864642d8bc83f2794cc14fb1adbf199,7d31b9d0eef59066afff9ba848a799e2668bbed2,5,2,high_to_low_real_model_error,high_to_low_real_model_error,True,3,True,9002574decaf041772b7c9b6a1b908708fea5e98
12,89e9197bff9b091845865ad5f877351c7e8b7748,19cde12137f089d93000c830e674b7341c697dd6,4313f036000c452831d9baa30d1ba9a9a6cc0647,4,2,high_to_low_real_model_error,high_to_low_real_model_error,True,2,True,e8c323f2261168fc744348837998e0f1c6efccbf
13,265068195f912979b35473a6c6feafb4de197198,1a0f4a9acff8c5f12ef858d9422598660d9d0300,d54a888f57ecd3934df1e807afdeaf64b71d457c,5,2,high_to_low_real_model_error,high_to_low_real_model_error,True,3,True,36c26565531833d4667e463d1569b5cf60b522a9
14,228e559bf75d4fd355ec8c97b137a873f4558fde,1b0ddc727cc651454f7823b107d6bc27e25fd4f6,5190426b37344a5dd70adf4894aacc1fb868cdff,4,1,high_to_low_real_model_error,high_to_low_real_model_error,True,3,True,936e6a289fb5f23df0d5226143322135b30f2007
15,49405cc32b89b1392369b15060f67870097185dd,1b0ddc727cc651454f7823b107d6bc27e25fd4f6,5190426b37344a5dd70adf4894aacc1fb868cdff,4,2,high_to_low_real_model_error,high_to_low_real_model_error,True,2,True,936e6a289fb5f23df0d5226143322135b30f2007
16,a0aaaf3dca2813b113ceb4950f44ed1a4b107812,1ed8673a0b565be508367b6627587dd6371b268a,474e1de7818e5730139801b4f471b28d6fa78a15,5,1,high_to_low_real_model_error,high_to_low_real_model_error,True,4,True,48c72b818cd694cd4c4831b1e20d8e93a0d832af
17,2a1a8e5aa4faabf4c8412a5e32f0fe4ccfc8a0c3,1fd8d3bcef7ca23ea5480b50e4006781e9b3fb49,4313f036000c452831d9baa30d1ba9a9a6cc0647,4,2,high_to_low_real_model_error,high_to_low_real_model_error,True,2,True,bbac1e1c7311e54d1dcf27a0fd6babbb205b6063
18,d65dc79d49d484d8b47825d212e5ebc2fd66abab,214b3a2d32c5f868ccd66c3cca5df3d4eac8cf62,f6cf3e1b280ca78c17a557b97001a3fea411a738,5,2,high_to_low_real_model_error,high_to_low_real_model_error,True,3,True,f8b2981e9d6fb04d2017a27923e4ade7b4508268
19,c8aa7cda6b803ed3a817c750dc19ddca4d19f859,23c4c8e8e32e557e51ae3626b4998260c58eb792,dd136878ae93aa36b80dca8d0b02cf25011b6f5e,4,1,high_to_low_real_model_error,high_to_low_real_model_error,True,3,True,b19a7e094bf79b0710f7e8135c0372c3efe978b3
20,7e708d1f0f5e72f53dad957871989d43fd42377d,23c4c8e8e32e557e51ae3626b4998260c58eb792,dd136878ae93aa36b80dca8d0b02cf25011b6f5e,4,2,high_to_low_real_model_error,high_to_low_real_model_error,True,2,True,b19a7e094bf79b0710f7e8135c0372c3efe978b3
21,c819a41de70a14f6d9a9205b81a9e6262ab97253,29ee581d6e80e5033bbb48250f2309d9387993e6,f1f947604e25a14868aeebe46ba3a2c375d74f99,4,2,high_to_low_real_model_error,high_to_low_real_model_error,True,2,True,fd89495414e690114a6aaff6e55cbe32b8e66a0c
22,fabd3d07e8a89ab3e84e05f1c0d7b58d8225689e,2ca3c43fefa9221f480df51e78bdc80092c3a450,f7f8e6254e81a50cd0db26f7a0b465bd860ee691,4,2,high_to_low_real_model_error,high_to_low_real_model_error,True,2,True,d823c1a2d0ece7bd7b77339cc59dda3334e1e24a
23,15c53bbb668d04ddb2868c44a614fdc4e1863279,2cb28347321982b3e1cad5a3c54121dc72207d25,ba35192a049e868eedae5ba310638e7e75c9f363,5,1,high_to_low_real_model_error,high_to_low_real_model_error,True,4,True,b23c2538ff8f9e235301c250856a2695f16a1d42
24,813d60d73718301e5c26f2109d40b7e1ea0754b5,31ae2022365cc163f8e522adfe4168104d72a2bb,0a3152b6a40fc98b07a15855ba40ec0882507e78,5,2,high_to_low_real_model_error,high_to_low_real_model_error,True,3,True,afe573cf03b7f3277cc77da94838a5597a7150dc
25,56018e206b8407ac2922ae0d3e318b8aeaf91e9e,38198e8112f6fbc14a8e497a27d171d03f8cedda,3355c2772a62c5b8736da4f74d3aa9f79fde0f3d,4,1,high_to_low_real_model_error,high_to_low_real_model_error,True,3,True,d4277a2d26422821218fabc958df445decbda0d3
26,279c8c5ece46c6f242b7e611be72e8d954829465,397c1f82c916551530d4c3121042f6d3b9b1b40b,b4e8463f79efb7c28a37f3dee049ee3dee03f6de,4,2,high_to_low_real_model_error,high_to_low_real_model_error,True,2,True,32b3da0ecb470f2a12b030c3123f13343c3e08a8
27,6fc9d98444573f47f61ede077b24df57565731ff,3b6991dc327d9d66650705f58a73a13b3704db0b,474e1de7818e5730139801b4f471b28d6fa78a15,5,1,high_to_low_real_model_error,high_to_low_real_model_error,True,4,True,69558561d12a14e4f4947883d7de14acd27186ba
28,b1d4468b3c00b17e6bb9c7bbcb57c906b96dc9fa,3ba4af0cd6da089654cdea6d00de3244b80fc906,578358b94591dcdb7b73304c5498c56a12d9c95d,5,1,high_to_low_real_model_error,high_to_low_real_model_error,True,4,True,0801dbe1d8afad21d99ddee5e1f101e4b452c12f
29,ceb71b988bd92bded1069cefb79fa516b1266cbf,41eb55e5d3584329f599a5075f3f50da9ab7ad85,85398269c1c07a9498c3eae4b08315e4db78a74e,4,1,high_to_low_real_model_error,high_to_low_real_model_error,True,3,True,54e33ddca535f0382fcee04ba67fc8864d1c7d14
30,5ba513d100b17fb7336a092c396c509582cbbf8f,41f3cae79f5df41d44971543e9bb4a9c8231a2cf,474e1de7818e5730139801b4f471b28d6fa78a15,5,1,high_to_low_real_model_error,high_to_low_real_model_error,True,4,True,0f4925b9a25bff8cf5739a5b8cea997078ea7a59
31,5b9bdec627a0bb7da5bda26977711ea40dab58ca,44b9c99de9a3488aa88d06fbd0f711448b4b5fa0,fe8355c92fdedf86b46847c533ca17f018bc7679,5,1,high_to_low_real_model_error,high_to_low_real_model_error,True,4,True,eac2638cfc5a14f752740f92d7bf5828a5f3faa2
32,3bbba368f45e3e9343dc286490894b346c217f70,46133cfb383c1c10e94bab324dabdce1277ab939,80b4f169dced8f900b4d6467567222045b1c13a3,4,2,high_to_low_real_model_error,high_to_low_real_model_error,True,2,True,4a7d83bcb0834615b67d75cbbef2a6590cfd93fd
33,2e9573f561aedca7823a75b0a153129e9e67dbe6,481a6029a5a087a62f6996ee074229fc2cd1c2f8,ba35192a049e868eedae5ba310638e7e75c9f363,5,1,high_to_low_real_model_error,high_to_low_real_model_error,True,4,True,9429d4bd273ab7d2945fbd17d35892aae020763d
34,57608e76f2a68c66d701b878a4ff90edafd709c6,4e8de28f80d08aa71efda1f2d7dee79f9199c882,ce9b05f8b8c3c09bfac56ea4f5f177bac9474ddb,4,1,high_to_low_real_model_error,high_to_low_real_model_error,True,3,True,f6df38d632a0d410a654e410ba80e9051b386591
35,0b9649f776ddf322aa562fdf8121f1776361e00c,4e8de28f80d08aa71efda1f2d7dee79f9199c882,ce9b05f8b8c3c09bfac56ea4f5f177bac9474ddb,4,2,high_to_low_real_model_error,high_to_low_real_model_error,True,2,True,f6df38d632a0d410a654e410ba80e9051b386591
36,5924420262076c5ff896e3840db07a3ed3c389f9,55f68c90c204ef3f946d7a9d2963e864066944aa,9170c4d4b31f4dd5c699c2524cc746bd54865e83,4,2,high_to_low_real_model_error,high_to_low_real_model_error,True,2,True,5d378b8cf56410f68866f723428ed9208e100e2c
37,1071a3597220f40d80785465d2c9ed128393df63,56bd6e5bb8704830973ca0668c8554ae573dfe76,93a5ca2decc82169ec51fce4735b568ddb829c8a,4,2,high_to_low_real_model_error,high_to_low_real_model_error,True,2,True,9c6e22abd39cd496c2c098bfe4646e6b7d0f0a84
38,d083d3c06bea9caf9272baaf08e5f9fb9cfcc569,589ddecd1a7d9d05a372f79c497ea6e8f98569e5,3b26f4f8f9f7314ee644e63efa2173afbb702c33,4,2,high_to_low_real_model_error,high_to_low_real_model_error,True,2,True,dc3cf8c6c36ce17782cf36ccedcaca62bcec6077
39,fecbfa3cc6760c4870c7dfb0b3ce9ef0dc01781f,5b23f679e3ea42683832b81b2180d147fc0b26e7,fe8355c92fdedf86b46847c533ca17f018bc7679,5,1,high_to_low_real_model_error,high_to_low_real_model_error,True,4,True,a6cb247e0cd3ff911d52e11828c7a2cc144fcd23
40,52356e43d37b57b0836330038e1eb62067b35103,5d84213a7e1cc8dd66c66f6dcd30b7a201587fe8,93a5ca2decc82169ec51fce4735b568ddb829c8a,5,2,high_to_low_real_model_error,high_to_low_real_model_error,True,3,True,78d9b49c998c8954a9cae1826278499943552386
41,ea33142adb336772cbc8b9092a147564255d6c40,5eb55712d784e18e42eecc08957534b2cba300d8,ce9b05f8b8c3c09bfac56ea4f5f177bac9474ddb,5,2,high_to_low_real_model_error,high_to_low_real_model_error,True,3,True,c74ed2ef9624c71c71bfdebd40f98a27ec507d8e
42,a28c98c0c25601c6a951cd42036689fb910d6f55,5f27d9555a40c573edac21732500294d2d1fd559,9170c4d4b31f4dd5c699c2524cc746bd54865e83,4,1,high_to_low_real_model_error,high_to_low_real_model_error,True,3,True,a796e6ce7fcbfbce7e8002031793c0962978e5f2
43,1eb9bf67cca96cf6ed116f3e93bd1ef328682c8a,5f27d9555a40c573edac21732500294d2d1fd559,9170c4d4b31f4dd5c699c2524cc746bd54865e83,4,2,high_to_low_real_model_error,high_to_low_real_model_error,True,2,True,a796e6ce7fcbfbce7e8002031793c0962978e5f2
44,7ed3f55d608251d92fdc04d91ad1faa80b6459aa,603c356f9896119688ad8d6f83a4e6ef39a52a0c,93a5ca2decc82169ec51fce4735b568ddb829c8a,5,2,high_to_low_real_model_error,high_to_low_real_model_error,True,3,True,78d9b49c998c8954a9cae1826278499943552386
45,4b3467ae1a1884f2f5ac916556c1b554ea250320,6377f7e3f43e2bd08b05b5d3ca05c0fb6962bbd9,f1f947604e25a14868aeebe46ba3a2c375d74f99,5,1,high_to_low_real_model_error,high_to_low_real_model_error,True,4,True,335d3ec255c8361dffecc783095713aefbc3cb98
46,d0e99ff93fe5a084eb29135e9dcddbabef4e371f,687496c467980d9c0db49fc5c2d11772506b75fc,ac5843a5b2798e8500cac73be37d8147d820498f,5,2,high_to_low_real_model_error,high_to_low_real_model_error,True,3,True,434b3abd14b01796c0ed92bf9821b9cec5ce2a98
47,9923b1ad56798261a944e17a8e897bc91892e8f7,691f6fdae45cbec12e64755c340ae267e6ae71d8,474e1de7818e5730139801b4f471b28d6fa78a15,5,1,high_to_low_real_model_error,high_to_low_real_model_error,True,4,True,05dbf5c8cf40f2f371783dae62d25fe9efe46d8f
48,bcf110057cf0664d72ed92223fdfd716eeadab0b,69f0770e2ac4449e0064d14523d37dda1a1a47f4,5190426b37344a5dd70adf4894aacc1fb868cdff,5,2,high_to_low_real_model_error,high_to_low_real_model_error,True,3,True,ffaf2f48bfe4f25a0a5db87904a0da3f2d70a059
49,b1819b6b7879afc27e580456601e7732fe9c5222,6b18656518a80331f0d83ec6732020b9efa4ec0e,fe8355c92fdedf86b46847c533ca17f018bc7679,5,1,high_to_low_real_model_error,high_to_low_real_model_error,True,4,True,7bee9561aad8f2746ea3efb6fe8989ac65ca8713
50,c0e3da495d1d119d133cd337dc960a938e36b0da,6b9c12e2a02339e199d2464a579045938a42f7fd,4313f036000c452831d9baa30d1ba9a9a6cc0647,5,2,high_to_low_real_model_error,high_to_low_real_model_error,True,3,True,699712cbddba4295b3b3e385c22b7c6dab48a63f
51,f24c1953758e29eef2e5630585281e66a366a7fa,6fec897287d1bbf72621e3b6ec4458f13632aaf8,d0434a705d581d2aebdcf53be8acafc5da9b8e4e,4,2,high_to_low_real_model_error,high_to_low_real_model_error,True,2,True,716bc54b857435590611a80dd80cca42d329de79
52,829e50721fa075a8b2b432d61825b04205b26a90,72cfafa19085cfd648b8538815d23784029c9434,80c997dc9bc9becf50e310e86fb5550097076469,4,2,high_to_low_real_model_error,high_to_low_real_model_error,True,2,True,dd9e15fbd54d9908af433d0a126ef59ac0d522bf
53,a5437400b85210bce68daa481576c24645ae2831,74f0f389752631756f5463d1c5d9258a07356573,fe8355c92fdedf86b46847c533ca17f018bc7679,5,1,high_to_low_real_model_error,high_to_low_real_model_error,True,4,True,ce2758f6604166d59e86821d484cb1f322cd203e
54,ae1d0eda6e278b1c00bfd4aed408ecd4b33ebdfe,75a0687272b2ded8ac9444cd37bc2f50ba4acaa9,7f281c5d001646c5cd068f561302e9f2c1b03a4e,5,2,high_to_low_real_model_error,high_to_low_real_model_error,True,3,True,16e44acbd1e07b00d6d763db05baa320839b281c
55,1eba435998b8c0b621c78ed3f557b076d02f066b,7754b17ca8eb0080efa6f3baf6b42178e2c5ad00,2315014220e7c1c5fbc4751aea0a196884f3ace8,4,1,high_to_low_real_model_error,high_to_low_real_model_error,True,3,True,06c888d5fd4478692afadc4c8957eedde1574b78
56,f4fc8dd42032faed0e1235c0a8bb3fd3c42053dd,7a8b5c968361fd4eee844fa90479089f374aab8e,85398269c1c07a9498c3eae4b08315e4db78a74e,5,1,high_to_low_real_model_error,high_to_low_real_model_error,True,4,True,564aac1ad90222bb0c569a5ebabb45a22fb12740
57,e561af1fb40d7f7c0c8cc1b5132f3e8d4a06146a,7ac7deece8fc0ecf13485a712539e5968c9603a2,4acd2f421d6a5a424b3461cdf88a6e42db9e26d0,5,1,high_to_low_real_model_error,high_to_low_real_model_error,True,4,True,f2a9653f9875c203fad42e47581ca0471f9ccd90
58,8d55c7383e9a142abe72a4432ae34b28d6005505,7b65047d03ab2b2ba59455592c9939fd964d1939,80c997dc9bc9becf50e310e86fb5550097076469,4,2,high_to_low_real_model_error,high_to_low_real_model_error,True,2,True,b157749a08268c87d68db4e2863f7c60109625e3
59,002d5ac88359c14c57fb760ab5c1c2eaf0d50a14,7c751485e0f807077429adf1cc93f8259344cb94,fe8355c92fdedf86b46847c533ca17f018bc7679,4,1,high_to_low_real_model_error,high_to_low_real_model_error,True,3,True,8f85af04408c2cf29e20856980a6e62283935f30
60,cca9c350daf1c53c1f802de57622f44cb2e78a84,7f06690e3b83f8cb5d82ce7419a9bf2540a0cc16,04c137c5aec1fd5e3fc9bc4897bc62409a8e32e7,4,2,high_to_low_real_model_error,high_to_low_real_model_error,True,2,True,4317e24ca94ea9a5a430b1fd88a87a329c6b4668
61,bfe6101ef2e966ef341c2ffa92e24562ff5e2567,8552ec9043fac1f524407557b27b3533a099023f,f1f947604e25a14868aeebe46ba3a2c375d74f99,5,1,high_to_low_real_model_error,high_to_low_real_model_error,True,4,True,49adb0bd4ab942c05e7c8aa65c297cda3519cc7a
62,a14a77278fc0294546fcc5a61fea1ef89ca77f83,8552ec9043fac1f524407557b27b3533a099023f,f1f947604e25a14868aeebe46ba3a2c375d74f99,5,2,high_to_low_real_model_error,high_to_low_real_model_error,True,3,True,49adb0bd4ab942c05e7c8aa65c297cda3519cc7a
63,210443ced74efb627600055cea97740d2f829a5b,860f214e2987dd9d042785210ad674283dd952a4,d0434a705d581d2aebdcf53be8acafc5da9b8e4e,4,1,high_to_low_real_model_error,high_to_low_real_model_error,True,3,True,43fa27f8ff9e6e3294a8078e9530dbca7e2e4560
64,7f8b4a9e6a1fd5f1e41124d8e91eacf55c9c845d,88aefbd39b47764c2a422afbecdadcb96b182e96,60286ca13f8911fb790079d9f9c83f8858745790,4,2,high_to_low_real_model_error,high_to_low_real_model_error,True,2,True,1ea3513538febc10b2473c1b15eca0fe2745c524
65,6e4619b1bc469aaa532d338d57d0cd0218ce06d3,8a7b6cad6bb59eda2ee12ec90a7150af7029cf77,fe8355c92fdedf86b46847c533ca17f018bc7679,4,1,high_to_low_real_model_error,high_to_low_real_model_error,True,3,True,e2d0e669ed2195396306cfbd83b81ec2b6b38ae0
66,cf4247f49ac11d9f8cfad143d4bb5cebcb3b979c,8bb8e1c41f03b8c3325dc80c73ac144883a7c84f,5190426b37344a5dd70adf4894aacc1fb868cdff,5,1,high_to_low_real_model_error,high_to_low_real_model_error,True,4,True,1944a32afa21e40f799896f6a33e2dfd8fdff305
67,81c0759e46e4d005ad6d4db978a34070ee51a5fc,8d950666d6ec2798481749464b48bc3b71b835ba,fe8355c92fdedf86b46847c533ca17f018bc7679,5,1,high_to_low_real_model_error,high_to_low_real_model_error,True,4,True,021c754517e273d34bad413b0b667deec24f86ee
68,397c214bb4bbd5f7d4f8f49518ad8d715aa147f9,8d950666d6ec2798481749464b48bc3b71b835ba,fe8355c92fdedf86b46847c533ca17f018bc7679,5,2,high_to_low_real_model_error,high_to_low_real_model_error,True,3,True,021c754517e273d34bad413b0b667deec24f86ee
69,c8e4e8cadfdf5448c1b1708ae4d6ca8ce75e4d43,8f45503d48fa73ac1a5eb12edd1b546dbe1b82a9,ba35192a049e868eedae5ba310638e7e75c9f363,5,1,high_to_low_real_model_error,high_to_low_real_model_error,True,4,True,18b58cc77b0f0d727574c84019fba52c86e013e1
70,3ef9ec2a6736c538fed57a38c1acc9c6696ede53,90c8b051655105e3ffb33e0df4d22f252e0cae3a,fe8355c92fdedf86b46847c533ca17f018bc7679,5,1,high_to_low_real_model_error,high_to_low_real_model_error,True,4,True,0d00a24639f770ca2ba2f9cabfa4e0369fc23201
71,09307bf0185422d065f5303e6d14d084f4b4728e,90d527ad4461ab5e274000c840c9cc53a8fde226,7f281c5d001646c5cd068f561302e9f2c1b03a4e,5,2,high_to_low_real_model_error,high_to_low_real_model_error,True,3,True,398d40168629194d776e7bf67e55f8bbaf72a654
72,755dbd1d3c135e03e4590278f34782d8ae78f3f5,9261d4a9fcab2629ba65a8cd8a2d67c81cc07084,474e1de7818e5730139801b4f471b28d6fa78a15,5,2,high_to_low_real_model_error,high_to_low_real_model_error,True,3,True,e283f5bd5cea93a9fd0b0aa9884277709672a11c
73,5f57c61e228f50518bd2a07f299e17e1a190baef,95dbe3a4bea98b999c43484f0d51e5b97b7146a4,dd136878ae93aa36b80dca8d0b02cf25011b6f5e,4,1,high_to_low_real_model_error,high_to_low_real_model_error,True,3,True,7ca92e46d16373cc0896c9c836f4387a22d89103
74,74ecd5cec459963ccf59f2d7c5d7d166b2805e6d,95dbe3a4bea98b999c43484f0d51e5b97b7146a4,dd136878ae93aa36b80dca8d0b02cf25011b6f5e,4,2,high_to_low_real_model_error,high_to_low_real_model_error,True,2,True,7ca92e46d16373cc0896c9c836f4387a22d89103
75,253a885e287ee03a374a4346f6cb53168af0ad61,98091b66c98215f6437da4b3ee31bbb666ed31b4,0e09c1d8b75a16ca2c50f1bccf73028ae1d691ea,4,1,high_to_low_real_model_error,high_to_low_real_model_error,True,3,True,a7e10925e423028c02d3d3a434bc54412f8c8e69
76,ba59f4367266057b866fc05cbc702ac8ee642c40,98091b66c98215f6437da4b3ee31bbb666ed31b4,0e09c1d8b75a16ca2c50f1bccf73028ae1d691ea,4,2,high_to_low_real_model_error,high_to_low_real_model_error,True,2,True,a7e10925e423028c02d3d3a434bc54412f8c8e69
77,45210f60f60e95c4bfb53d892059e2dc74f61fac,9a1b3e7341ea0df6172cb02abcfcec03aabbaf77,d54a888f57ecd3934df1e807afdeaf64b71d457c,5,1,high_to_low_real_model_error,high_to_low_real_model_error,True,4,True,a4350aa7c060c0b7b687d5f1a613598651670862
78,0b472c5fc799b7632626067e2ef03cd3c264df2d,9afdacc03c76802a00038543b20b1ef17fad2c42,f6cf3e1b280ca78c17a557b97001a3fea411a738,4,2,high_to_low_real_model_error,high_to_low_real_model_error,True,2,True,89839c719992678c69cf82b91932cbb939bfdaf8
79,4d44b8fe822558cbb39c24c3b921b7a9d46c2c4c,9bb0f9bf673d529cb98d2605003a40be71be9af8,dd136878ae93aa36b80dca8d0b02cf25011b6f5e,5,2,high_to_low_real_model_error,high_to_low_real_model_error,True,3,True,89afee1224cced6a45bed55b8cac4b0e5546b625
80,5be60d5afa0431a032b254038d809c4284524b49,9d215dac296bfd9aa04d6c9ccb673283574825a8,578358b94591dcdb7b73304c5498c56a12d9c95d,5,2,high_to_low_real_model_error,high_to_low_real_model_error,True,3,True,a8a37963d7181d10bae9b594b727b33641e1d237
81,38f7afa4ab83b85157e40380c6dbd1f1cb928d71,9dfb3da585a34852cf1764b6b92f6c2fdd78f8fb,f1f947604e25a14868aeebe46ba3a2c375d74f99,5,2,high_to_low_real_model_error,high_to_low_real_model_error,True,3,True,414d28cd371235ee7ac62f018c9e24d0269e394c
82,0a9fb906d5c2b3f74dfa05eb909002d25c5eb0a1,9e5db931daecf6394777c3985c65017dfc0ecf8d,f6cf3e1b280ca78c17a557b97001a3fea411a738,5,2,high_to_low_real_model_error,high_to_low_real_model_error,True,3,True,1b250a3ea48b1dd4a0b352fb5cab0bab1e55ad73
83,2c9cbefced020fc38aaf327bb8dc24125d25158d,9f01d326636e7c3a7474f87252477c04a1d4c368,dd136878ae93aa36b80dca8d0b02cf25011b6f5e,5,1,high_to_low_real_model_error,high_to_low_real_model_error,True,4,True,3037de9c2d7a64b91ea68cc32af7da537e35f2e1
84,a0c7e039df54f835ae23966ad08627e31fb7028c,9fdeb6851dd4f5644dc975c49982f4c617f4ba52,fe8355c92fdedf86b46847c533ca17f018bc7679,5,1,high_to_low_real_model_error,high_to_low_real_model_error,True,4,True,808053b24e03bf40119c5b92904ecee44873278b
85,57a40d855ce779fe0e37da5737fe08839304f85b,a0de43b1b4b18389805629dbe607a30d56f3f5e1,ab6bb9f4466b3c5fe1f7f2ed3ec527b9dc3b6304,5,2,high_to_low_real_model_error,high_to_low_real_model_error,True,3,True,2c48e02f862ddc4d97087a6cdf2347913d53a889
86,eac00348c3005ca8b3e659d5be2e9f3f79d8226f,a1f8f5bd14d379348183f31e40c71606ea96acf0,5190426b37344a5dd70adf4894aacc1fb868cdff,5,1,high_to_low_real_model_error,high_to_low_real_model_error,True,4,True,89f60680fce93560542e044a05fd6b6332e7738c
87,95da440617dccbd79f343846ae7bcf917d22fbfe,a258f673604d9a2b3bd9233114bf9f818ec3fd9e,9170c4d4b31f4dd5c699c2524cc746bd54865e83,5,1,high_to_low_real_model_error,high_to_low_real_model_error,True,4,True,a8a7546dad10efcbf80801c09d56e21f76fd8e4c
88,64eda395d63b3b171e69b3064ebad4b8d6ec29fd,a982c103d7cb403686c1c0557704c8db233dd61c,fe8355c92fdedf86b46847c533ca17f018bc7679,5,1,high_to_low_real_model_error,high_to_low_real_model_error,True,4,True,e8c504c3bc84fafbd4bcd0b086232a0241dc0d45
89,e290d9f2307e48b8e8caa6a3ff70ac76d6f9455e,ac1bd2152468b8b76d3f260c3b14d33a886145a3,5190426b37344a5dd70adf4894aacc1fb868cdff,4,1,high_to_low_real_model_error,high_to_low_real_model_error,True,3,True,3987eafe0191a84b5282e68bd07fe17006000e69
90,83764583aea2527bdf9690396e290e334c92d270,ac1bd2152468b8b76d3f260c3b14d33a886145a3,5190426b37344a5dd70adf4894aacc1fb868cdff,4,2,high_to_low_real_model_error,high_to_low_real_model_error,True,2,True,3987eafe0191a84b5282e68bd07fe17006000e69
91,43074ed6db6caf16c271a5f6e0883d1d616cfbcb,ad65f25f74b56f70ed860a0c10975507e09245c5,60286ca13f8911fb790079d9f9c83f8858745790,4,2,high_to_low_real_model_error,high_to_low_real_model_error,True,2,True,a8a3fd8bd220b1d839c2b696661ae1525e1d569f
92,38f633209415f709067ed9950f62de97a5917c14,add5135687775241d468cea0170ce447d9481f82,5190426b37344a5dd70adf4894aacc1fb868cdff,5,1,high_to_low_real_model_error,high_to_low_real_model_error,True,4,True,9f284eeb995bd506a737ef8517cce8a40ae845cc
93,6a498d0293ddfccc5e970c7c3272df2d2b42603e,b0106edd91e17115dd57dc504576ffcd10f4692c,9170c4d4b31f4dd5c699c2524cc746bd54865e83,4,1,high_to_low_real_model_error,high_to_low_real_model_error,True,3,True,3fb1e4bcc734cdfbda106306c80ee2671382633e
94,359648da1883a1070f1766cd5e5fe0193e466c66,b2b36167f5c9ecd53b1ba8f952fa806d767a8233,93a5ca2decc82169ec51fce4735b568ddb829c8a,5,1,high_to_low_real_model_error,high_to_low_real_model_error,True,4,True,91e4f27a8f09f7f4df9288d933d8fb91aa19fe7a
95,9d93e8eefc063660b7b52d098c7ef9738d6df4e9,b5f5531c23b6d373058ae98ec930db68b18daec5,f1f947604e25a14868aeebe46ba3a2c375d74f99,5,1,high_to_low_real_model_error,high_to_low_real_model_error,True,4,True,7b805f5af42adc8bebd6058f1d5bd460bfd841a3
96,471b0390afe8f759f602645afe42ea1a19e621b2,b5f5531c23b6d373058ae98ec930db68b18daec5,f1f947604e25a14868aeebe46ba3a2c375d74f99,5,2,high_to_low_real_model_error,high_to_low_real_model_error,True,3,True,7b805f5af42adc8bebd6058f1d5bd460bfd841a3
97,ad9d528134391574a10cec95563c89e07c323da9,b650b6cb1b9e43ee12a588ee3f7177d92a792bf2,0a3152b6a40fc98b07a15855ba40ec0882507e78,4,1,high_to_low_real_model_error,high_to_low_real_model_error,True,3,True,07aa721f6f25f0123cfc58f74edc14587f062d61
98,a9e908b3ef9868066bf2771dbea3030321603763,bbf00c682349c24b21ce0c89c071fd906223ebb3,dd136878ae93aa36b80dca8d0b02cf25011b6f5e,5,1,high_to_low_real_model_error,high_to_low_real_model_error,True,4,True,cd64ed6dfaa4eb84b004f6914a3b440646523f2f
99,5495de42cf7aa08d75e6de148e9e52200b3a5d3d,bc2377fc98fd4e0d8380a075dc8dca6aff294709,f1f947604e25a14868aeebe46ba3a2c375d74f99,5,2,high_to_low_real_model_error,high_to_low_real_model_error,True,3,True,f83d0a16f876172825a930dbee748b29297f3f96
100,b26864e8ab06c84b54b3cb44ead9febc76870d95,bcea8d101f51d6cf61084b410dcec8fac4f25e73,f1f947604e25a14868aeebe46ba3a2c375d74f99,5,2,high_to_low_real_model_error,high_to_low_real_model_error,True,3,True,e442c67ac636c44a1b9e05d8992f050e4b452fa4
101,585446b2ac0773986f7711032274a02536cebe3b,bd38b2e5001405a3952b7f825e330970af9a712d,f1f947604e25a14868aeebe46ba3a2c375d74f99,4,1,high_to_low_real_model_error,high_to_low_real_model_error,True,3,True,d1a126c07c4a53e1bf5f9351d02001c82db7f7fa
102,d88a68a2ad7a1bb585ad7f9c735dc9935296cc44,bd38b2e5001405a3952b7f825e330970af9a712d,f1f947604e25a14868aeebe46ba3a2c375d74f99,4,2,high_to_low_real_model_error,high_to_low_real_model_error,True,2,True,d1a126c07c4a53e1bf5f9351d02001c82db7f7fa
103,562b468f7ab7f4186c34e2ec41913c262ea18dcc,bf7b6f49b798be9d9b7cfbee430f424ef5bd5321,80b4f169dced8f900b4d6467567222045b1c13a3,4,2,high_to_low_real_model_error,high_to_low_real_model_error,True,2,True,54027fc234c23ef082a7777af6c8f8cb961cad23
104,0491ac4c56d61e38b19eb165884c36c6eaf2cc93,c22efd218d99661bd2830255081b8cd9a587ca91,d2dfb2224f4f7d3f932930cf1d4240b74deb2f11,4,2,high_to_low_real_model_error,high_to_low_real_model_error,True,2,True,5cee136f6aa935b447fb637ccf369b6e13b258f5
105,671dfca2d7482818e1d3c4875e63df7b1a3172eb,c5b13d30d2331207da1cb7655b036ad44e7b7ed6,04c137c5aec1fd5e3fc9bc4897bc62409a8e32e7,5,1,high_to_low_real_model_error,high_to_low_real_model_error,True,4,True,df4b025783431bfe20b40c2b9a6d75ee801a4d45
106,cfb2acb05439b51415cc0927c3e61d5a1c5c7b10,c5e071f6d3124ab0ca810e095f6bd3a2e30aaa1c,fe8355c92fdedf86b46847c533ca17f018bc7679,5,1,high_to_low_real_model_error,high_to_low_real_model_error,True,4,True,607096ed727846583289c8a93ae31166021e7f89
107,ec83f8ab1364e21cbd58051b6df1ab93f8f8eb04,c6e58f07fbe16ee224c59cedaa61413186b3bc74,9170c4d4b31f4dd5c699c2524cc746bd54865e83,4,1,high_to_low_real_model_error,high_to_low_real_model_error,True,3,True,dd1c1fd854e36839b871dd4ad16eb5d84edc7e67
108,f7befaf017fd6872db79446fc04986260ac921d3,c6e58f07fbe16ee224c59cedaa61413186b3bc74,9170c4d4b31f4dd5c699c2524cc746bd54865e83,4,2,high_to_low_real_model_error,high_to_low_real_model_error,True,2,True,dd1c1fd854e36839b871dd4ad16eb5d84edc7e67
109,6213cb68005a0d7c456ee9a169a7ffd0554a6849,c9b5e7d3155cca929c3e264da3981077bc617ca9,4b7847704a3dc1006abb3da56e5c9ea85f660421,4,1,high_to_low_real_model_error,high_to_low_real_model_error,True,3,True,142f34968631129c740b2cdf7d0818ae43b927da
110,993d55c9dedcde50ecf6e995fb01717920d2b857,cb0e7f1b4373b4d17c4ada0cee272863380e882f,f705a20fd802b901fb36788b9a24a96983b5ab1e,5,2,high_to_low_real_model_error,high_to_low_real_model_error,True,3,True,8550893206f6958383d4ebbf66c740499f63a6c5
111,89deee8f5c82649aa1863e432ecb3311164966e9,cb1433b4ae3c50df72dac42f3e260ed9fe5c658a,c704daf936433b064b6ac838c48f647752e9e2be,4,1,high_to_low_real_model_error,high_to_low_real_model_error,True,3,True,415e2c4bc04bcff613cf87e663b225e234c52d1a
112,fcfb3a08027ff4d782f6796aa32900c005673a21,cfe45614373d85d2e96859c01a2561ea27061c58,f1f947604e25a14868aeebe46ba3a2c375d74f99,4,2,high_to_low_real_model_error,high_to_low_real_model_error,True,2,True,e9f81fb9139a8232af51040144462a6d93620019
113,25757e7129e04f8ac08a765cd7c485038db33b80,d10ae0ebdf1c25e8eeafb2133bf931379e0261d7,f1f947604e25a14868aeebe46ba3a2c375d74f99,5,1,high_to_low_real_model_error,high_to_low_real_model_error,True,4,True,7430ff086f817ba33ff70ed73119db41d46bd7d3
114,f3bfcafe807751f6d5131aaaea8f399f9f62dbea,d10ae0ebdf1c25e8eeafb2133bf931379e0261d7,f1f947604e25a14868aeebe46ba3a2c375d74f99,5,2,high_to_low_real_model_error,high_to_low_real_model_error,True,3,True,7430ff086f817ba33ff70ed73119db41d46bd7d3
115,0ce777f6f54f4313d8a0ef1df34906f32ff20066,d268dd8b02bdea0dbccedc1e9e224eb83323bb61,80c997dc9bc9becf50e310e86fb5550097076469,4,2,high_to_low_real_model_error,high_to_low_real_model_error,True,2,True,51ab4a3558085512dc1b1888d8e2190eceadc44f
116,042f7f32b56fcdd7e5becae375ec2c49d373e543,d373c7f5f1484f427b5a5ad756c75ae5b2731323,578358b94591dcdb7b73304c5498c56a12d9c95d,5,1,high_to_low_real_model_error,high_to_low_real_model_error,True,4,True,9f4b44e8935bf206aa3b059d87e901f414119c2b
117,a07fdf374401f23cb4793448b625486875581219,d53a7fed557a04914a856d8d293c5721e6aa6140,d2dfb2224f4f7d3f932930cf1d4240b74deb2f11,5,2,high_to_low_real_model_error,high_to_low_real_model_error,True,3,True,ae686fa3c22570d77226928083303bd6dd666416
118,346e524492fb14197dd323a04f751eccdfb0d1a0,d55ea3ce9c69de924c0793dc67b50c1cd5c54d9c,04c137c5aec1fd5e3fc9bc4897bc62409a8e32e7,4,2,high_to_low_real_model_error,high_to_low_real_model_error,True,2,True,a498389d9879975aaea0748462bbedb5c7b83623
119,08bd2dfd1b3ebb24e2d58b4d003fa6c9b973ce81,d7376dce5d461d3276c81d4462dea67f4f6ac9f2,c704daf936433b064b6ac838c48f647752e9e2be,5,1,high_to_low_real_model_error,high_to_low_real_model_error,True,4,True,88b2c34fcb871c99900e5fc2565ad457b7b029b8
120,9e47627d1c670749de7fab2148bbf9afabd2fc40,d7e8846e6b080b74575da77c4caa4e3366b65fee,5190426b37344a5dd70adf4894aacc1fb868cdff,5,1,high_to_low_real_model_error,high_to_low_real_model_error,True,4,True,956989255a3ac99ec340177ca929fa74c98c9e34
121,556355f9cda7b68806a627878ef3578e8057558a,ddb18db1c1c9ff35a7249e6c37ca3f63e9ab8d0b,77549e9a87652e35c3eb0c10ff7c6e47a57e0ceb,5,2,high_to_low_real_model_error,high_to_low_real_model_error,True,3,True,8f3689642dc1b99ab4b9588969b8d7d07b07b733
122,3f535aa2cc315c79cba319fa80ac8fa14aded775,dfb45e176aa07daa3deb1325fa1edf681555363b,4b7847704a3dc1006abb3da56e5c9ea85f660421,4,2,high_to_low_real_model_error,high_to_low_real_model_error,True,2,True,f7209bb9d0b45da02f419b89f1ef4164fd994d97
123,755e0ef119f1996933b68b262f2775d5528957a0,e10627e73b87465e0be19d5a7b665398f16a79fd,4313f036000c452831d9baa30d1ba9a9a6cc0647,5,2,high_to_low_real_model_error,high_to_low_real_model_error,True,3,True,88e7e062ba99538ada1b71efa8567b059d281a92
124,d00a94a94740afc357122cc0e9b989a32d9e0257,e17c5da714b6d3ebbc04a9b8b50a640fa5628007,fe8355c92fdedf86b46847c533ca17f018bc7679,5,1,high_to_low_real_model_error,high_to_low_real_model_error,True,4,True,d503d89a8b6be3a841685337af2251c75b79cce5
125,d3dc07880f33d1979c6477e92e163032d12ff7c4,e5e46e49107e4f6bfd6f13cea44bb67b97905260,ab6bb9f4466b3c5fe1f7f2ed3ec527b9dc3b6304,5,2,high_to_low_real_model_error,high_to_low_real_model_error,True,3,True,9329b785374c612a53363bcdbfe04fc04cb6cea8
126,12b651f809f566ca4ac82791cccbc18e83fc6645,e66f25998d347319cb68a725993876e906b63f5e,fe8355c92fdedf86b46847c533ca17f018bc7679,5,1,high_to_low_real_model_error,high_to_low_real_model_error,True,4,True,eef6b6f3db9b610ffe5322f820803d77e4c40594
127,1a08f837b3c7e53e5be6dac9842e9e94336a4be8,e6d9f3adf35a70aae9f9bb908942fddee7c8dc75,ab6bb9f4466b3c5fe1f7f2ed3ec527b9dc3b6304,4,2,high_to_low_real_model_error,high_to_low_real_model_error,True,2,True,d0c7e05af2f335269f8cd721b80406b6ff627a17
128,5d598cf00c5d83a29ac6e6740bb790f496c29e31,e7118fa96fcb238b002c50a10f19726e5a3aebc5,9170c4d4b31f4dd5c699c2524cc746bd54865e83,5,1,high_to_low_real_model_error,high_to_low_real_model_error,True,4,True,a8a7546dad10efcbf80801c09d56e21f76fd8e4c
129,451a68ecde5687c235946a153e868e58a77cd847,e7b1f49741eab9c6c5bdd47608ee1c39a5316449,474e1de7818e5730139801b4f471b28d6fa78a15,4,1,high_to_low_real_model_error,high_to_low_real_model_error,True,3,True,5033f617309607933fb4e0a54f875ba4298aad7f
130,47b991e216fd3943e073bb3aa8e8c6da920a1788,e8d317bb3a6ce9d7a82a8f452f924e96e8869cac,fe8355c92fdedf86b46847c533ca17f018bc7679,4,1,high_to_low_real_model_error,high_to_low_real_model_error,True,3,True,7f60e36ebc12cb98593da174446f2ed17a77699d
131,d761d5ded37e5333b23afb47750ada684f6b7364,eebb6c2d0851b385f14d5f66295db77afd02c747,0a3152b6a40fc98b07a15855ba40ec0882507e78,5,1,high_to_low_real_model_error,high_to_low_real_model_error,True,4,True,d3a36908bfd47c6d3df8de1195ee7dacf679def7
132,613f8de59a349df975e7976944944d26cb7ddef8,f01a5fa1c8fb94fb301c7371c5596852ee58f182,93a5ca2decc82169ec51fce4735b568ddb829c8a,5,2,high_to_low_real_model_error,high_to_low_real_model_error,True,3,True,78d9b49c998c8954a9cae1826278499943552386
133,ea2a76b2c6ccca493fada85c16209fd1bc9498bb,f251793e251d1e0d57a905047fa2fa896f09a447,5190426b37344a5dd70adf4894aacc1fb868cdff,5,1,high_to_low_real_model_error,high_to_low_real_model_error,True,4,True,3e78db889f538d94a3405cbeec7ba25d04353846
134,451baf49091fc0e64c9362641163b0d0e6746c21,f474dd11bdc1d91f78343b093080042c8db1e7b9,f6cf3e1b280ca78c17a557b97001a3fea411a738,4,2,high_to_low_real_model_error,high_to_low_real_model_error,True,2,True,8e4088c155eb218ad8178926df99940ab70e6642
135,7af87fbc804cc2ba6e86e4ac2cafee2cda6b1c5c,f6ceef1f7fbc3cdacfb957c48f4e80d4bc4f578d,4313f036000c452831d9baa30d1ba9a9a6cc0647,5,1,high_to_low_real_model_error,high_to_low_real_model_error,True,4,True,64b0cfe6d3c4b26f133197dabe88fe3ef0ef52d3
136,e2012baf9a3c7fb69b3003804f95d31521301c98,f75bf08f6fee14767711082feb90fa42038389b4,b0ec9ece1525000e58e3539446f4c4e03dc1c08f,5,2,high_to_low_real_model_error,high_to_low_real_model_error,True,3,True,4a6c5b618f3674c84a9076b2d18b8ab453e52acd
137,710e826532d535c1c4180a30ad22caea6ee73a2b,fba2f9a81ac566fc8c14857d5a5b1b7d0ebedec1,f705a20fd802b901fb36788b9a24a96983b5ab1e,5,2,high_to_low_real_model_error,high_to_low_real_model_error,True,3,True,2730105df9d8738b95a754efa56be1d7a2066f84
138,35342d89473957803a5fd5fc35b24e0de59e6af0,ffd2411f0396e1be16996216cb2fa7a2f22aaa69,93a5ca2decc82169ec51fce4735b568ddb829c8a,5,2,high_to_low_real_model_error,high_to_low_real_model_error,True,3,True,78d9b49c998c8954a9cae1826278499943552386
139,07ecb0b8342d2af21c860e5cfaed8c5e8f9010bf,004d1678df98bbb9d8406f36a6fb6b7ed4001e89,d54a888f57ecd3934df1e807afdeaf64b71d457c,4,3,high_to_mid_real_model_error,high_to_mid_real_model_error,True,1,True,8d8f4fbe03bf622e78dd4921153dcb6d73fd0e06
140,1f7d5b7f8a110e9ead952d7a2e833ba557fa98d9,02a95e2094a545bd3f2f44ac91b1ac333a1246a4,9170c4d4b31f4dd5c699c2524cc746bd54865e83,4,3,high_to_mid_real_model_error,high_to_mid_real_model_error,True,1,True,a745f5a1746c185584b453c288430928e41e9bee
141,8627a7b4b61876c8841fcbe72f5f8d5fc60687b9,0347526cae737a75caf2cfaa5723714c406643db,ac5843a5b2798e8500cac73be37d8147d820498f,5,3,high_to_mid_real_model_error,high_to_mid_real_model_error,True,2,True,d138f089e1220639333c8d9ff24903a918186e29
142,81b5b88fc797fb512d2a32875c1689922b8c1603,0425eec39fdaf00bbffe469cba844a06771ff2b1,5a7b2f18ce6931feaaba02ce67a2309b10580098,4,3,high_to_mid_real_model_error,high_to_mid_real_model_error,True,1,True,5e54a30de67f224fe4f70a28d96becf076af1abc
143,9d1cd95d400444fd8c99fa879303abcc86a56fed,04d03749a9fbd30bf4c719d9100e6abac73f9050,33f24cdef61905293c51bb59ca561c1f2cef3965,4,3,high_to_mid_real_model_error,high_to_mid_real_model_error,True,1,True,4ded1d563b668d2a45ba96c02eb50756479486fb
144,bcda9574ddd173f8037ad718b5fffd060a602d06,08e17a89ec6bdaf01401e8273bb48c4a9389829d,7f281c5d001646c5cd068f561302e9f2c1b03a4e,4,3,high_to_mid_real_model_error,high_to_mid_real_model_error,True,1,True,31329155da71e91677122a70b01a8a2e980baf00
145,146207ad5b65980598def5d257202369cce9eae0,0c565fb8689ee4cdba485a2afd688bad83211f0f,4b7847704a3dc1006abb3da56e5c9ea85f660421,5,3,high_to_mid_real_model_error,high_to_mid_real_model_error,True,2,True,b4919afba41e37cb2dfa95fe755aa3db2519306b
146,c3665684b26ddb469e2f55abd288aed4e456157e,0f07275d1919cad9c6680a4499f413bca703feb1,4acd2f421d6a5a424b3461cdf88a6e42db9e26d0,4,3,high_to_mid_real_model_error,high_to_mid_real_model_error,True,1,True,930f43b003c9557ac5ee8449289f922b1c744838
147,20c9f4545a8422c70eff0514e5398f65d862073e,0ff5cdf292b39e809025a634d3cd1656db635a40,33f24cdef61905293c51bb59ca561c1f2cef3965,4,3,high_to_mid_real_model_error,high_to_mid_real_model_error,True,1,True,57a92b689f00aa21f19c5ed02822bd839d4b4391
148,250f7157ce1610d21053bb71a85f667f7dcc9ecc,14eef0cb4ffaf84dd120450be15fafb46dd40e71,5190426b37344a5dd70adf4894aacc1fb868cdff,5,3,high_to_mid_real_model_error,high_to_mid_real_model_error,True,2,True,5aff3a231a4ed7a541c9f2656c804772ecb7f9db
149,0f6e338640229587c20a63f1de7427732cfebe25,16d85691311e3d5fcc3e82726f7210b1a65c105e,3b26f4f8f9f7314ee644e63efa2173afbb702c33,5,3,high_to_mid_real_model_error,high_to_mid_real_model_error,True,2,True,e47c857866093527bbf00a3377e5fcd04235afad
150,af76b7febd34a436a0abf79cd021df4a8228b0f3,174cb745b1e9218726a6d0e749f43d68cf936226,f7f8e6254e81a50cd0db26f7a0b465bd860ee691,4,3,high_to_mid_real_model_error,high_to_mid_real_model_error,True,1,True,d9780a9c961f03d4f625f05d8310e3a5f57c2a83
151,d7cf6c7916c4f43c763b955210fcf144be3da0aa,19c0fa03c864642d8bc83f2794cc14fb1adbf199,7d31b9d0eef59066afff9ba848a799e2668bbed2,5,3,high_to_mid_real_model_error,high_to_mid_real_model_error,True,2,True,9002574decaf041772b7c9b6a1b908708fea5e98
152,273c20b2e93d735ae192f3cac32c4e1f0b61f103,19cde12137f089d93000c830e674b7341c697dd6,4313f036000c452831d9baa30d1ba9a9a6cc0647,4,3,high_to_mid_real_model_error,high_to_mid_real_model_error,True,1,True,e8c323f2261168fc744348837998e0f1c6efccbf
153,eb0c0a81a5ceb92ddd30dedf37c3024bca01d090,19f72fcf5b72ea532cb0862c5f34764d5a7fcd35,85398269c1c07a9498c3eae4b08315e4db78a74e,4,3,high_to_mid_real_model_error,high_to_mid_real_model_error,True,1,True,547d611ac43f6e0b02794f3e59949766c3594f80
154,07d7e54d992eecf4de355b8d8b6d9c6dffe1ef14,1bcb43f0f25bc467b364e6490bccb2aef243e1f9,f7f8e6254e81a50cd0db26f7a0b465bd860ee691,4,3,high_to_mid_real_model_error,high_to_mid_real_model_error,True,1,True,4cc120950f47d1f7d89fe944d6c5e008adf4134c
155,e3b67aa798833b527beee24974e4856a9da64c3d,1c6da2a01ec0d11d581c3f30ad820308c6bcda3c,3355c2772a62c5b8736da4f74d3aa9f79fde0f3d,4,3,high_to_mid_real_model_error,high_to_mid_real_model_error,True,1,True,e84038da3431f5207d356d073fd7797f1869dab8
156,488a4b8a6ee4d0f9b72feeb92ebf73dcba10dd85,20b1d09ee43a182552456c40a5facafd18404929,f1f947604e25a14868aeebe46ba3a2c375d74f99,4,3,high_to_mid_real_model_error,high_to_mid_real_model_error,True,1,True,731659a237c1f95feb751171f766c46d81b13199
157,6e7f64ac20df5d346a4372318a4fc11a58048883,20ef06cce7f1613dec13177e563bd0c9cb1a3c5e,77d00ade0a12aec5950865383e8616ee7ef4e5d5,4,3,high_to_mid_real_model_error,high_to_mid_real_model_error,True,1,True,a6f6d096f58f76d51bf89b3c1f9f9e16a74f12d0
158,4ddb6af6978bd1a225a2616b7b7d824601e2ec43,214b3a2d32c5f868ccd66c3cca5df3d4eac8cf62,f6cf3e1b280ca78c17a557b97001a3fea411a738,5,3,high_to_mid_real_model_error,high_to_mid_real_model_error,True,2,True,f8b2981e9d6fb04d2017a27923e4ade7b4508268
159,2419477741a3b17b9c1c3de9d96ab5e8cc34b444,21f6ed777615098086944df8d82953377d7a98f7,0a3152b6a40fc98b07a15855ba40ec0882507e78,4,3,high_to_mid_real_model_error,high_to_mid_real_model_error,True,1,True,47dbb035020b1b4615d891a48673d725a7585d49
160,f905e7714848a7806c25791b8ef375feab30b32c,25fbc028c14ccc8dff1900c29bdeae1241ab3361,0a3152b6a40fc98b07a15855ba40ec0882507e78,4,3,high_to_mid_real_model_error,high_to_mid_real_model_error,True,1,True,e28dd7d89a59cad22c47c0c65b01070cd862ce2a
161,4c9da70f552add4ca725029d0ed6164098aa2c40,2833311e8f5158372fd84fa9cd3181f28cb1ac32,7f281c5d001646c5cd068f561302e9f2c1b03a4e,4,3,high_to_mid_real_model_error,high_to_mid_real_model_error,True,1,True,a75e5dbe33e8b6ea7454d6e27b22a1f7950d6858
162,dc061ec3ebb719785fd3095f9ebe64c9b7ff7574,2ca3c43fefa9221f480df51e78bdc80092c3a450,f7f8e6254e81a50cd0db26f7a0b465bd860ee691,4,3,high_to_mid_real_model_error,high_to_mid_real_model_error,True,1,True,d823c1a2d0ece7bd7b77339cc59dda3334e1e24a
163,9930905d2cceca0aae5bb5936b2bec633c2d0a03,2cbf33b0fae2ff7bddbf54aad6720e87ce4a08d0,9170c4d4b31f4dd5c699c2524cc746bd54865e83,4,3,high_to_mid_real_model_error,high_to_mid_real_model_error,True,1,True,43dd6bd45124185c6becff3a8b62080c4269d6a7
164,e6fbd13e0d58bc7bdbd237a09fa65d71759f1d9b,2e554ec2c59cb3b033dbee60a7a8107a806d4fba,4cfe6cf5c0f826d38b6a22898e51a72f140e9f28,5,3,high_to_mid_real_model_error,high_to_mid_real_model_error,True,2,True,4d61549912798d30ca248bb30a210df806d0000b
165,8b814fa79b7ec8640e6b29e4eb997a384bce060f,307ecfce5e95c47a715a8e357853f15be65274dd,b8341c9d33cad1b053ba0bafa03c407e4791c4da,4,3,high_to_mid_real_model_error,high_to_mid_real_model_error,True,1,True,2a9f2f8a188ae3d79950dfb287f577e0d1a690e1
166,0cfff25a100a741f6b9383476119e4826e416353,33d5f8e1fa64a1a489e0d257d658ffd98539ce79,80b4f169dced8f900b4d6467567222045b1c13a3,4,3,high_to_mid_real_model_error,high_to_mid_real_model_error,True,1,True,02f432377be1440867965b3382ae25efd284feb7
167,2fd4bcb3ca5e6c8d08b69f67dd7a6411a08e2e4b,397c1f82c916551530d4c3121042f6d3b9b1b40b,b4e8463f79efb7c28a37f3dee049ee3dee03f6de,4,3,high_to_mid_real_model_error,high_to_mid_real_model_error,True,1,True,32b3da0ecb470f2a12b030c3123f13343c3e08a8
168,53f5966d34fb6b906c41678a033948c3649f4764,4071228d8f661c504655fffcb134a7fb7ae4246b,be118d9b688820786d8ed06e18434dce075e2b85,5,3,high_to_mid_real_model_error,high_to_mid_real_model_error,True,2,True,e47f14817d369bc2f00868e2505d2c7042a29ddf
169,a080ce8a8164f2a21e7e810a1382638329186867,41ff5fb6368d8350b36c3c1088cdc723adff655f,f7f8e6254e81a50cd0db26f7a0b465bd860ee691,5,3,high_to_mid_real_model_error,high_to_mid_real_model_error,True,2,True,c2e42b5cb235d7d4039f26ec333dab4134b46e93
170,34c1fc3c091228ca623f4bb208f52c2a5530ff1d,424df952d74bd283ffdd42432fdb10cb3e1eaa2e,c34b4b93df3897791871cecbdbfe43662163e9fe,4,3,high_to_mid_real_model_error,high_to_mid_real_model_error,True,1,True,1744fd719834a145d8eafd616207277b1ef6dcd7
171,38ba2d4506363522da5c19df6128b5beb5de4a37,4563d64582ffcbf323bca278c9d038a899c358f7,4cfe6cf5c0f826d38b6a22898e51a72f140e9f28,4,3,high_to_mid_real_model_error,high_to_mid_real_model_error,True,1,True,e2ef43d0dbaee826b9ea9753582edf649f98f028
172,0c938b792f8b74a59814b76aa443f163112dd5c7,46133cfb383c1c10e94bab324dabdce1277ab939,80b4f169dced8f900b4d6467567222045b1c13a3,4,3,high_to_mid_real_model_error,high_to_mid_real_model_error,True,1,True,4a7d83bcb0834615b67d75cbbef2a6590cfd93fd
173,9c9ef412d9c7555f9292432a8e68f53e8fc2237c,477ba68e4017e8d3427c7034515a3196a9d894e3,80b4f169dced8f900b4d6467567222045b1c13a3,4,3,high_to_mid_real_model_error,high_to_mid_real_model_error,True,1,True,c48e3d7c0a89d090c1c028227f53d4e67ace2b14
174,9c755a679e388e25a5f580bcb35da3e109804041,4801a0dc9af7feb22333b6eb0dd9e585c1fdad02,d54a888f57ecd3934df1e807afdeaf64b71d457c,4,3,high_to_mid_real_model_error,high_to_mid_real_model_error,True,1,True,19fa29cb5029376a709dc47c748c5ac7ed88f6a6
175,800297a564e56af5063225b7fba19ecfe1b4b71a,48396ce0b3a8eed332056d2ecf2bcc642dc4f359,0a3152b6a40fc98b07a15855ba40ec0882507e78,4,3,high_to_mid_real_model_error,high_to_mid_real_model_error,True,1,True,8c2f669646b3f7c3980a2f50c82ff3e5d3a1ca7a
176,65259d239313e0cd7b1d3f81045a37931eb0a865,4c5285493371955220140587d719893b6213c405,ce9b05f8b8c3c09bfac56ea4f5f177bac9474ddb,4,3,high_to_mid_real_model_error,high_to_mid_real_model_error,True,1,True,638540357c13679fa8eb0db1f47e43a93514a563
177,4955e11d37b5c443187a9db5bf31ba7b80c3235d,4d84dd5fe24e5785f647b305a4293cf7ffc62c2b,432c5b715a60ffb7a8792d00bb01134c4d2cc68d,4,3,high_to_mid_real_model_error,high_to_mid_real_model_error,True,1,True,e0d84a29cd367130eafc912809e15288b660bcbd
178,57f38ad5a43e392eec4949d54ca3c2b40daae535,51423a09bec837bdb05371375782c1966aa5c14f,d54a888f57ecd3934df1e807afdeaf64b71d457c,4,3,high_to_mid_real_model_error,high_to_mid_real_model_error,True,1,True,47794633d124baad334a2f9f7790b78a8bedae0e
179,86d034a31dababc3ac2e1af91c9e1196932bf824,51af9ce5cf413bba0b0713e933a533dc5f6e2a82,7f281c5d001646c5cd068f561302e9f2c1b03a4e,5,3,high_to_mid_real_model_error,high_to_mid_real_model_error,True,2,True,6324e786e858bf45371a25ca0d0a4e74103f8397
180,fd9b5807dd95724f58b5aca3f5bb87c6c62fc5d9,55f68c90c204ef3f946d7a9d2963e864066944aa,9170c4d4b31f4dd5c699c2524cc746bd54865e83,4,3,high_to_mid_real_model_error,high_to_mid_real_model_error,True,1,True,5d378b8cf56410f68866f723428ed9208e100e2c
181,5bcc9455b5a28b34c621c0379d056bd09d4538ce,589ddecd1a7d9d05a372f79c497ea6e8f98569e5,3b26f4f8f9f7314ee644e63efa2173afbb702c33,4,3,high_to_mid_real_model_error,high_to_mid_real_model_error,True,1,True,dc3cf8c6c36ce17782cf36ccedcaca62bcec6077
182,67075cd6f7d8760f047fd6863c32c2d5ba25f48c,58d2dfaff00ed810e9435965e125903ed5b4b23a,7f281c5d001646c5cd068f561302e9f2c1b03a4e,5,3,high_to_mid_real_model_error,high_to_mid_real_model_error,True,2,True,2d6fb2d7976e78260f7118b7da106aafab1f8703
183,08729da27648d366402ccc20e684400573c99e9a,59294cb5b56fa0d0a5848c8ab66b856de927cbe1,379759b00c0ded53ca5135bf363df1ca0f8ae778,4,3,high_to_mid_real_model_error,high_to_mid_real_model_error,True,1,True,4cefd1eec45ef0962e5dd6333b67e5fdf9559f80
184,94b374e20b67075615e8f4076769d04f69fd3a69,5f8edee3599e61b234ba1c9597135f52ab5b502d,80b4f169dced8f900b4d6467567222045b1c13a3,4,3,high_to_mid_real_model_error,high_to_mid_real_model_error,True,1,True,7bf9351471db3ec311ac2c588d7d377cebe54620
185,0aed32af497931a5cea9e75e179772342dac866c,5fc12353fb69650b293a3f0651d5f898bbbbe385,4acd2f421d6a5a424b3461cdf88a6e42db9e26d0,5,3,high_to_mid_real_model_error,high_to_mid_real_model_error,True,2,True,d2dd00ceea59379a19d6c1b9a08aa997d65feffb
186,6fdf1e669963a00560cf210e2e60a002d0ee29a0,61584b63fddcf2c5d0a1304d65582607b9fbd0b7,4b7847704a3dc1006abb3da56e5c9ea85f660421,4,3,high_to_mid_real_model_error,high_to_mid_real_model_error,True,1,True,9d367a77dfa2a5dcadaeff9c110976728ff670f8
187,7abea2be198db3d111d6367b7f7fbff93edb9966,61a57b8cd57e43a156a1c449cd6e44d5ac6cf37a,ba35192a049e868eedae5ba310638e7e75c9f363,4,3,high_to_mid_real_model_error,high_to_mid_real_model_error,True,1,True,b9fc1cd6088044d9f2b89ab541f69a291933f463
188,a2c36c007a41a902de243db22c4b3a1623f49c71,62a140c3a02fa92c1707a80c27e67b9ea1643817,85c4c4f06a98174d52ae51ed006345fe8dc8f85b,4,3,high_to_mid_real_model_error,high_to_mid_real_model_error,True,1,True,8f4f71f8ab970d5ddb3221ed251edaf8461ba8e0
189,f7ef73387f6a16361bb109b878b7c64a1a34268f,6377f7e3f43e2bd08b05b5d3ca05c0fb6962bbd9,f1f947604e25a14868aeebe46ba3a2c375d74f99,5,3,high_to_mid_real_model_error,high_to_mid_real_model_error,True,2,True,335d3ec255c8361dffecc783095713aefbc3cb98
190,43efe1984b8dcd77240106cdcb56e17d34ada8f7,642cc24d04dcdcd033e4b05c8ec3b99b09e33691,2315014220e7c1c5fbc4751aea0a196884f3ace8,4,3,high_to_mid_real_model_error,high_to_mid_real_model_error,True,1,True,04a32d5bafff544a3cb2385877fb4c0c899138c8
191,5eab3bb7f3afef49a02c9acf71cbe2fc7449f85e,66750ee4256a40580137ad4cafe8c4bbc8663ace,0a3152b6a40fc98b07a15855ba40ec0882507e78,4,3,high_to_mid_real_model_error,high_to_mid_real_model_error,True,1,True,a2db94fd14f6f8c70c12b5f1642c579a3bcc4761
192,49e351ec497f8c27f663abd84077dc5c66fa71ac,6a4555d45d51d02b1daf33d6a3aa33a3dbfee394,77549e9a87652e35c3eb0c10ff7c6e47a57e0ceb,4,3,high_to_mid_real_model_error,high_to_mid_real_model_error,True,1,True,ab4965c7dd1fa9d1593ca77098c24561772affee
193,745b1f0ac8560117bc79e8256e3c114bfdf24361,6b7edce20257256c16e64107391392fdb00ebde3,ce9b05f8b8c3c09bfac56ea4f5f177bac9474ddb,4,3,high_to_mid_real_model_error,high_to_mid_real_model_error,True,1,True,6b2efc5df947afde81dd6fbc4c5deaab7e3417fe
194,f9a04b5ba5a362fa7842ee73f7eb7d3f9af787b6,6fec897287d1bbf72621e3b6ec4458f13632aaf8,d0434a705d581d2aebdcf53be8acafc5da9b8e4e,4,3,high_to_mid_real_model_error,high_to_mid_real_model_error,True,1,True,716bc54b857435590611a80dd80cca42d329de79
195,3ce56a26e2b84ab350e6b4dc6034db0525d30b34,70a6e10a35e8c6d2a7fec5e44b7625d0a64a3325,f1f947604e25a14868aeebe46ba3a2c375d74f99,5,3,high_to_mid_real_model_error,high_to_mid_real_model_error,True,2,True,8037e455a1fb64655f5999c4207e6931ff7e035c
196,650d80057bbf5c1603bda52a13503f36974c5b25,712cd1dd80a4537e4bee8ff3fa1e3580d4575d0a,d0434a705d581d2aebdcf53be8acafc5da9b8e4e,5,3,high_to_mid_real_model_error,high_to_mid_real_model_error,True,2,True,ed365280eac63f1a994460eda3e711ac143c4a02
197,f2c535edabcf37af4217ab77813c782aebd9b569,71d8aecb1789f7e20231134c4b6b2d9070474ad7,3355c2772a62c5b8736da4f74d3aa9f79fde0f3d,5,3,high_to_mid_real_model_error,high_to_mid_real_model_error,True,2,True,a620786f590ed9b622ac49aa580f71b40aff44aa
198,5ada8d9c1af0d06fd550c464f4b598c654960014,72cfafa19085cfd648b8538815d23784029c9434,80c997dc9bc9becf50e310e86fb5550097076469,4,3,high_to_mid_real_model_error,high_to_mid_real_model_error,True,1,True,dd9e15fbd54d9908af433d0a126ef59ac0d522bf
199,33f286a66d8310e33ff6f5530ff31baaa741894f,7a4947f1d4ccf03a5ea06c8c8a1df6d6db1c9a22,2315014220e7c1c5fbc4751aea0a196884f3ace8,4,3,high_to_mid_real_model_error,high_to_mid_real_model_error,True,1,True,f6b7a2d445131250404d193c82208ed7c1880d1f
200,0debf4ccb5f0f4361ab1bc205ac68adc94cae8df,7ac7deece8fc0ecf13485a712539e5968c9603a2,4acd2f421d6a5a424b3461cdf88a6e42db9e26d0,5,3,high_to_mid_real_model_error,high_to_mid_real_model_error,True,2,True,f2a9653f9875c203fad42e47581ca0471f9ccd90
201,aa0ec3d340be21a4763b3cf79644a084784832ba,7b65047d03ab2b2ba59455592c9939fd964d1939,80c997dc9bc9becf50e310e86fb5550097076469,4,3,high_to_mid_real_model_error,high_to_mid_real_model_error,True,1,True,b157749a08268c87d68db4e2863f7c60109625e3
202,8de50cf090dd8dc5730c6dbd48f85fdba98aa83f,7b810ca77400bea6d569e00da45326e8a2744659,ffed2f3bb93a32c1cf81521951774f896b3283f4,4,3,high_to_mid_real_model_error,high_to_mid_real_model_error,True,1,True,afba891f3720de4b4fc8e4bf941e2e436f6bd1c2
203,194eed21395d400bd45b191b179eccb7fbd65220,7b901d6b17d594fc711dc1074ce82ae41e01649f,e3a1cd273545f8678ebc10a163f908053480c7bc,4,3,high_to_mid_real_model_error,high_to_mid_real_model_error,True,1,True,5225d3138a723a976d2c2f35af93807b10753585
204,3c0f8c685293024f74a34165d867e823758666ca,7f29b562400037a4c36f4b733c327d6e00c77920,e3a1cd273545f8678ebc10a163f908053480c7bc,4,3,high_to_mid_real_model_error,high_to_mid_real_model_error,True,1,True,a2089a6264c5e6b6dc98f0ad08ecde49c4c1c57a
205,b85e9137596ea76b502a0c23fe1d71a0f6abd252,82fc75df9a7caed5a039566af4287e7fdf382e2a,4b7847704a3dc1006abb3da56e5c9ea85f660421,4,3,high_to_mid_real_model_error,high_to_mid_real_model_error,True,1,True,4d094bcf3e5e35b43463400acd985bf00a0a1f0f
206,c566d999794ae2009bb0cf23e39ff24c5768f0cd,870215566123a63114b04ed12a3844adf5aeee02,3355c2772a62c5b8736da4f74d3aa9f79fde0f3d,5,3,high_to_mid_real_model_error,high_to_mid_real_model_error,True,2,True,65e5b507791ec09a446e381ba52a01ad28cdacd8
207,faa3b46a5b6bbee34615dbb9b86b405f818a0406,88aefbd39b47764c2a422afbecdadcb96b182e96,60286ca13f8911fb790079d9f9c83f8858745790,4,3,high_to_mid_real_model_error,high_to_mid_real_model_error,True,1,True,1ea3513538febc10b2473c1b15eca0fe2745c524
208,61bf13a36c81c37f47c969262224ea134614a3f4,88cbe6f7f8109580ee02d322f1aa9174ad34a4dd,f7f8e6254e81a50cd0db26f7a0b465bd860ee691,5,3,high_to_mid_real_model_error,high_to_mid_real_model_error,True,2,True,a196acef4d20f193de08981aa0144236b5962b99
209,93386bf13f29fc0a5dfc4cd745c54c20e6883c7c,8a7b6cad6bb59eda2ee12ec90a7150af7029cf77,fe8355c92fdedf86b46847c533ca17f018bc7679,4,3,high_to_mid_real_model_error,high_to_mid_real_model_error,True,1,True,e2d0e669ed2195396306cfbd83b81ec2b6b38ae0
210,93aa653451a77f43d0208b08f7b7e6aa63b3abd6,9023b354a66dd3683e122e4a1d13266d7c7affa5,3355c2772a62c5b8736da4f74d3aa9f79fde0f3d,5,3,high_to_mid_real_model_error,high_to_mid_real_model_error,True,2,True,15ab675b0bc64360abb267c9d7c06c870f5a79b8
211,ac3561af23dd580e43c2bc15e005d26ee55d7bba,940a3deb70d2fac5baa3622b72047087f649bd3f,770c45352988affabdaebdbaa7ba14d12f370c74,4,3,high_to_mid_real_model_error,high_to_mid_real_model_error,True,1,True,04b9f7f37e5ae0e6da5803e6d9a0be4ee4e94d60
212,dac1408a571dd00ccacc8be157e8d2e675917dc9,947b139f656777e4e61c61b82c53ce9a4dacb3c4,3b26f4f8f9f7314ee644e63efa2173afbb702c33,5,3,high_to_mid_real_model_error,high_to_mid_real_model_error,True,2,True,b06634319695482a0561b6a28974559092429020
213,eb3b7f70b2ae890ecd5b90f452f3a8812f10dcd3,94f65bd099c861c0e5373c97d1355141b1aee9b2,85c4c4f06a98174d52ae51ed006345fe8dc8f85b,4,3,high_to_mid_real_model_error,high_to_mid_real_model_error,True,1,True,a482e4b45cbad1e8e0a479fe6ecaa51358150e00
214,7a25097e10551a5cc401dbc80ff52a50f7360775,957dc542478d6509d813777195d81716e5e43396,f6cf3e1b280ca78c17a557b97001a3fea411a738,4,3,high_to_mid_real_model_error,high_to_mid_real_model_error,True,1,True,88d86f1fc820974172958c21a95646f8d775cb70
215,2c031de2f4ba28ea7e12e0e04cf122be1d94f3ea,95c9ccc460267eff000b9de8e76a8016e6db36bb,3b26f4f8f9f7314ee644e63efa2173afbb702c33,5,3,high_to_mid_real_model_error,high_to_mid_real_model_error,True,2,True,e47c857866093527bbf00a3377e5fcd04235afad
216,a25b82c78723bb19efdc3ea25ada176a1cbed5c9,98f8d129b0a589d9100c24612e5497b4f822b242,fdcc493923c6536e26519ec07f9693ca405da624,4,3,high_to_mid_real_model_error,high_to_mid_real_model_error,True,1,True,f3d6063cb7971d4eb330edeeba664472a4984e5f
217,6fc82ff98a089466d3870529a948924c6f38d2e0,99ad13b6de4b94e9fe7a1d4d92f2773c8088e049,8fab64f1090cd363036f72bb8f088eeaf4344ad1,5,3,high_to_mid_real_model_error,high_to_mid_real_model_error,True,2,True,60e788c3f129215708f0b7b3f21a34d5c50b2148
218,5f6aae7f8534054b5d915b2c58b9705f85f3eb79,9afdacc03c76802a00038543b20b1ef17fad2c42,f6cf3e1b280ca78c17a557b97001a3fea411a738,4,3,high_to_mid_real_model_error,high_to_mid_real_model_error,True,1,True,89839c719992678c69cf82b91932cbb939bfdaf8
219,090cad767a097e4b3b910a5411173535ec080df4,9b9a06b910b0a827011c60ed32f8c6f1c2295120,e3a1cd273545f8678ebc10a163f908053480c7bc,5,3,high_to_mid_real_model_error,high_to_mid_real_model_error,True,2,True,486d536416034eff1f237cfea38ec1acc8cca0f1
220,c2435964f92c02896923a99935236c06e2f230ee,9d25c6553653304253c42f6d3b90ccd5266ebb46,85c4c4f06a98174d52ae51ed006345fe8dc8f85b,4,3,high_to_mid_real_model_error,high_to_mid_real_model_error,True,1,True,b7d670c19e1815148b0a23a0344ab6d9cda1bb06
221,d5dc8d3d4e5408d2be90536201c803565b9538b6,9f55fc991d1389f5050fa8ae0d45530c4d3723ff,4acd2f421d6a5a424b3461cdf88a6e42db9e26d0,5,3,high_to_mid_real_model_error,high_to_mid_real_model_error,True,2,True,9a7f4c18ff0adf058e4f581d1405eea9fdbed38f
222,a62e82800b719edb191d908425836f52eee7ba86,a258f673604d9a2b3bd9233114bf9f818ec3fd9e,9170c4d4b31f4dd5c699c2524cc746bd54865e83,5,3,high_to_mid_real_model_error,high_to_mid_real_model_error,True,2,True,a8a7546dad10efcbf80801c09d56e21f76fd8e4c
223,9de102ac5620132d68968fb2d232627c26b01444,a41359a2b0046ff239cf1dd7803565d7fcecd378,e3a1cd273545f8678ebc10a163f908053480c7bc,5,3,high_to_mid_real_model_error,high_to_mid_real_model_error,True,2,True,609eb01b7cd0caf0de994cfb1be9d73919bad0c0
224,2a5b643ccfbada3414c60b7cbb0ef72a6de5bf0f,a4f7a7802cb592fc5f77fab740a30f96c971cc49,f1f947604e25a14868aeebe46ba3a2c375d74f99,5,3,high_to_mid_real_model_error,high_to_mid_real_model_error,True,2,True,3934003607239c909dccf433cfdab246ef292015
225,abc80d4dc4e9c564ea60adcf1ae25243dafa0bc7,a544c64fc63709614f3c2c8060452e4d2fe694a0,5ffceb52c2088afbfedd9d157f13a2b675c5dc95,4,3,high_to_mid_real_model_error,high_to_mid_real_model_error,True,1,True,09caedfcecdb884bcabe5d6832568805be2d3090
226,f5a98b92af9f3073636b0afef13100792273a70b,ae0df780f4bf5c668a1d37c88cb7668dc17d7cbf,9170c4d4b31f4dd5c699c2524cc746bd54865e83,4,3,high_to_mid_real_model_error,high_to_mid_real_model_error,True,1,True,4a41dac3677550cb6dcb629d188c826d57ff187d
227,6f754a9aca57102a6fd303965d77b023222de718,af3a1b0bf4ee07ba2ea32a5f163d180d8d63c3b9,8dbbdc416b94778b6562e10ea62ae70dc2861047,4,3,high_to_mid_real_model_error,high_to_mid_real_model_error,True,1,True,6614738d8b43dded1617fcc126e096894fdcdad8
228,73307abf7a67ed8f0d24fe3afbae738a5ac57977,b2ad7913531e4476116b0c4aeb8a1150f36fd349,d0434a705d581d2aebdcf53be8acafc5da9b8e4e,4,3,high_to_mid_real_model_error,high_to_mid_real_model_error,True,1,True,a1cb19fb4e1a377d9b1a90164fd2754231f90ee0
229,7b64991334f2cbd1deccef477af618d4aae2b10e,b34dec7f2ec69802a628a11f78defdad9d7dc15d,d54a888f57ecd3934df1e807afdeaf64b71d457c,4,3,high_to_mid_real_model_error,high_to_mid_real_model_error,True,1,True,d2c5aa2a184b33e30f6a41f23cf804fe82df63b4
230,4be8c3d50aae73ff4c57630dac955425dd6baa24,b52327c80d7b55c149dd683c9c9e9aef94b0bff1,f7f8e6254e81a50cd0db26f7a0b465bd860ee691,4,3,high_to_mid_real_model_error,high_to_mid_real_model_error,True,1,True,7a93ea67ddeb507aee4f37fd569f57a6f445437a
231,112f5a73970ad3d2a8b9210741332f3fc25220a8,b67a81e780ecb6ef461414f532ba36c9c341406c,85c4c4f06a98174d52ae51ed006345fe8dc8f85b,4,3,high_to_mid_real_model_error,high_to_mid_real_model_error,True,1,True,b1ef958498b8ab60540b7c06529912fa85f8139e
232,75226d6a09562b86276915d1ff91e2711dadb734,b9ec7d1ba7d503fa43df0fece92eec089413d578,2315014220e7c1c5fbc4751aea0a196884f3ace8,4,3,high_to_mid_real_model_error,high_to_mid_real_model_error,True,1,True,ac70265c16ccd152be16184fcc9b8ce54e394f90
233,5d49c0425eb5fe5817aa3c167f61f3b956a19560,befb961ad6cf20223821b182dec06eb93ded2f68,80b4f169dced8f900b4d6467567222045b1c13a3,4,3,high_to_mid_real_model_error,high_to_mid_real_model_error,True,1,True,7252f7da6f27c7974d63a26e0d5f73affc13250e
234,afccdb15a0cc37e15592e7fbb82fde0623348348,bf52c2a4712710978da001b00212f1c905c34446,f1957be055b3faa0aea88aa4c67e38d0b94b2a4d,4,3,high_to_mid_real_model_error,high_to_mid_real_model_error,True,1,True,0607d7f5af6a989b48a0ab5ccd2382dde42142bb
235,2e7fae3ef1a8cb2ada41e42908e562a73c2df505,bf7b6f49b798be9d9b7cfbee430f424ef5bd5321,80b4f169dced8f900b4d6467567222045b1c13a3,4,3,high_to_mid_real_model_error,high_to_mid_real_model_error,True,1,True,54027fc234c23ef082a7777af6c8f8cb961cad23
236,24718efae2d08103f0ea4f16ed1f1f24e27e4175,bfe29a18588854476c486114720fc6861def3795,8dbbdc416b94778b6562e10ea62ae70dc2861047,5,3,high_to_mid_real_model_error,high_to_mid_real_model_error,True,2,True,a33d70e8ab3619de1a7c48daa7e0043845b903e1
237,2a87117e88a13b391908b02efb5139cef53cdbbf,c2c8d5cd776fae8163c41f48153a3fb349d2b4e8,4acd2f421d6a5a424b3461cdf88a6e42db9e26d0,5,3,high_to_mid_real_model_error,high_to_mid_real_model_error,True,2,True,ffb6fedfbd24994ccbd63b1356f3d1348dc309fb
238,0dfb32e147115f40af44df551c9b927fbf4428ce,c4adab09f5caa80f4b140136bbf5178f99468d26,4313f036000c452831d9baa30d1ba9a9a6cc0647,4,3,high_to_mid_real_model_error,high_to_mid_real_model_error,True,1,True,5abe8195b5e4ed6b631d28d20ea5d3393ba25301
239,673eedfac2ecbb72b4d08a6c1b1be0ada6fe87c9,c4b95f6ead31613e6aa7f950688fe26f42489e95,9170c4d4b31f4dd5c699c2524cc746bd54865e83,4,3,high_to_mid_real_model_error,high_to_mid_real_model_error,True,1,True,d91a5ae183a6ad021dc082a50473af1f7b9c669a
240,43dbc7d870738f8f616f0c069a6ea661a87ee54f,c5ab395d70df2b30f7233cbf07d73aff0f027d53,e3a1cd273545f8678ebc10a163f908053480c7bc,5,3,high_to_mid_real_model_error,high_to_mid_real_model_error,True,2,True,3f9998ab8fe4cba5a3144fa275e03884ef7deffa
241,5d4c6cfb8ab0f5325c1b273c1f717390d7df0706,c8cef51e553163098f9e45b3a7e1ceac30206f32,f7f8e6254e81a50cd0db26f7a0b465bd860ee691,4,3,high_to_mid_real_model_error,high_to_mid_real_model_error,True,1,True,4bbbe69d44db40479c9fa34866a0f1712115a63c
242,8416081e844c8c9e3f81ed22e17d94cd737853eb,c9b5e7d3155cca929c3e264da3981077bc617ca9,4b7847704a3dc1006abb3da56e5c9ea85f660421,4,3,high_to_mid_real_model_error,high_to_mid_real_model_error,True,1,True,142f34968631129c740b2cdf7d0818ae43b927da
243,fc23e90ffaf2194a9db0f1b840c3a81a65ce03c6,c9d07ecbb30d972925035e004cae5877474cb9b0,f1f947604e25a14868aeebe46ba3a2c375d74f99,5,3,high_to_mid_real_model_error,high_to_mid_real_model_error,True,2,True,0183f00a743b1ea798cb8a6b1cde208df3802674
244,471d3ba00054caf3a8b008f10360dec8ccf98734,d4201439e060264298a846999c25b3e54d5f772e,be118d9b688820786d8ed06e18434dce075e2b85,4,3,high_to_mid_real_model_error,high_to_mid_real_model_error,True,1,True,263167a733b42489d419e4e9abb3b76844ee438e
245,9fc256e4def0de8b2d513940a8335f767177e716,d7376dce5d461d3276c81d4462dea67f4f6ac9f2,c704daf936433b064b6ac838c48f647752e9e2be,5,3,high_to_mid_real_model_error,high_to_mid_real_model_error,True,2,True,88b2c34fcb871c99900e5fc2565ad457b7b029b8
246,94fdd001e6935f17d84a7b55da134c50abb13932,d805d26a5587ae8c5afb0057d2bdbb35cddb4f32,7f281c5d001646c5cd068f561302e9f2c1b03a4e,4,3,high_to_mid_real_model_error,high_to_mid_real_model_error,True,1,True,ebfff1003f4005cbbbea8a4e079f63338dc39c7f
247,70bdd7fffa4f5996270bc6ba127ba801d872fce4,d914564de695985afdbe208e6bb67f0f4ee9bedb,80b4f169dced8f900b4d6467567222045b1c13a3,4,3,high_to_mid_real_model_error,high_to_mid_real_model_error,True,1,True,820dcea39d8a1a1d5f6182441ff161ad04403823
248,1945979091e3f59078392572b93727f61b183bf1,d91eddf13623fd48f6125fc5a609398c666aed97,33f24cdef61905293c51bb59ca561c1f2cef3965,4,3,high_to_mid_real_model_error,high_to_mid_real_model_error,True,1,True,a65c47e5afad960c8794c228b268f0b93693da57
249,21746ea22495cd79363037457be626e4491ae4f8,db28bc27aa96ae3ce3fef0cc0b613d875e064a92,5ffceb52c2088afbfedd9d157f13a2b675c5dc95,5,3,high_to_mid_real_model_error,high_to_mid_real_model_error,True,2,True,e5229839f5e5474edcdc41dc0657c4670089cbb6
250,29e118e6ce1216a14ec0bc970ebaa7406133e33b,dcd3054075915358f7e204b26e4ff501779f403d,7f281c5d001646c5cd068f561302e9f2c1b03a4e,5,3,high_to_mid_real_model_error,high_to_mid_real_model_error,True,2,True,8c865787013737bff554d5b3e6b4f2cfdc0e8faa
251,dcf9925e929ec68919f3216a15b73b66a6e0e925,ddb18db1c1c9ff35a7249e6c37ca3f63e9ab8d0b,77549e9a87652e35c3eb0c10ff7c6e47a57e0ceb,5,3,high_to_mid_real_model_error,high_to_mid_real_model_error,True,2,True,8f3689642dc1b99ab4b9588969b8d7d07b07b733
252,39bf31aeb723960618ffc6b303e5a7ff21d7c8cc,dde43956d1de81165bd94db23568aa7689ce62bd,4cfe6cf5c0f826d38b6a22898e51a72f140e9f28,4,3,high_to_mid_real_model_error,high_to_mid_real_model_error,True,1,True,3d1782121c3789782183354a0cf6fff7827d7c88
253,fb0631f40eeccacec3006a77ec7e5ba95b13b4d2,dfb45e176aa07daa3deb1325fa1edf681555363b,4b7847704a3dc1006abb3da56e5c9ea85f660421,4,3,high_to_mid_real_model_error,high_to_mid_real_model_error,True,1,True,f7209bb9d0b45da02f419b89f1ef4164fd994d97
254,c294564085834a9462cfb1263ec1c33f0cc1526f,e47bba8bf4c665583f10d7c4c6856d31c40254f8,5190426b37344a5dd70adf4894aacc1fb868cdff,5,3,high_to_mid_real_model_error,high_to_mid_real_model_error,True,2,True,068965ffa334ee6fab63fec733d22d6c1283765f
255,72322841e86360dae1793aa27da93800cfaa2be5,e6348800ec1f6efac8bdd0eff5719ff1c3d0d419,474e1de7818e5730139801b4f471b28d6fa78a15,5,3,high_to_mid_real_model_error,high_to_mid_real_model_error,True,2,True,0a84c640a23549002d69c87ae355659f67349ec3
256,28c7a97c79e7e94623b85532698fabbf8214cf2f,e6d9f3adf35a70aae9f9bb908942fddee7c8dc75,ab6bb9f4466b3c5fe1f7f2ed3ec527b9dc3b6304,4,3,high_to_mid_real_model_error,high_to_mid_real_model_error,True,1,True,d0c7e05af2f335269f8cd721b80406b6ff627a17
257,b4b14d9b0611860a106cc9b566d0dc909b6d14af,e8d317bb3a6ce9d7a82a8f452f924e96e8869cac,fe8355c92fdedf86b46847c533ca17f018bc7679,4,3,high_to_mid_real_model_error,high_to_mid_real_model_error,True,1,True,7f60e36ebc12cb98593da174446f2ed17a77699d
258,cef8c5134ad2c11fdff53e2ce0a407e341b0222f,e9389e74c9839232aba96d324f5cd0eed0909ff6,f7f8e6254e81a50cd0db26f7a0b465bd860ee691,4,3,high_to_mid_real_model_error,high_to_mid_real_model_error,True,1,True,9b32e509e5e1c2cd1915ecfdc49d6a842b361d04
259,afba86df7628b94bddd6637636e8d5cc8b48196d,ea5cb03a91278e4d564d22fe1e3a0fe768af98ec,d0434a705d581d2aebdcf53be8acafc5da9b8e4e,5,3,high_to_mid_real_model_error,high_to_mid_real_model_error,True,2,True,4f4670e8cf1cea3a461793560aa1817cbcde73bc
260,b7167d4056b0715d447a1f4482c520658ba4a466,ea7c73d44bee68b6c63a68f0126a03764720d317,182ead73c7c9bef64c812e1c3366635156817f15,4,3,high_to_mid_real_model_error,high_to_mid_real_model_error,True,1,True,c55b3371231959514eb1dbf7e7a625de9c131706
261,0209fa5ec36c4e953554a0c597f57c70bf8a2ede,eb78ea2e94fa300676197df4211196f5c0aff2bd,432c5b715a60ffb7a8792d00bb01134c4d2cc68d,4,3,high_to_mid_real_model_error,high_to_mid_real_model_error,True,1,True,88a01028a418380abdb550f5eb9dee915e252f24
262,f91e05f2bc9a6834d8e97d7e8a7639390c94950c,f04573714ecfbf035b4fc73a3cc506228285dbbf,432c5b715a60ffb7a8792d00bb01134c4d2cc68d,4,3,high_to_mid_real_model_error,high_to_mid_real_model_error,True,1,True,ac49d749a11f271af2dde9bc78877498f68738d3
263,6b073d03efb3623bd3f132ddf10599747def149e,f558b09123199f1e1485f59938b52b6e74fbd998,f7f8e6254e81a50cd0db26f7a0b465bd860ee691,4,3,high_to_mid_real_model_error,high_to_mid_real_model_error,True,1,True,7c39034cbea2b51eed539cd46bf011314f855da7
264,08167fab9e049649a2f901aa7f8c7406d4c004bd,f6c80cd175af9c010ae3221933892cc74ae61233,379759b00c0ded53ca5135bf363df1ca0f8ae778,5,3,high_to_mid_real_model_error,high_to_mid_real_model_error,True,2,True,59bddb55904bebb61c99889b528e59b608b46850
265,becd3b30f5bed0615b73c22c78d90135ddf52295,f9b34b38f8091cda7fde127ef563a142d294a8f7,77549e9a87652e35c3eb0c10ff7c6e47a57e0ceb,4,3,high_to_mid_real_model_error,high_to_mid_real_model_error,True,1,True,144ff44bc54877615283b6207b5cf50390877c48
266,68f6453417b54bffe2e8a6b510a2eb2946010704,fb5c52c6ad44fa5e2a6cd1154e05c622c8207a6e,3b26f4f8f9f7314ee644e63efa2173afbb702c33,5,3,high_to_mid_real_model_error,high_to_mid_real_model_error,True,2,True,b06634319695482a0561b6a28974559092429020
267,49ce9d4c9432ada0250edbceacd14ab5b0a99378,fd2e1ac1dc5d25573d9053b318f55dc01b7cfcf3,770c45352988affabdaebdbaa7ba14d12f370c74,4,3,high_to_mid_real_model_error,high_to_mid_real_model_error,True,1,True,cdda1e139267d56cfc519bf71b13a45eab13589a
268,2124e3659ce29d096a3e04601fbbd30d44fb779a,fe3e7ae4eccbd855acecc7ca9db9f33357105533,d54a888f57ecd3934df1e807afdeaf64b71d457c,5,3,high_to_mid_real_model_error,high_to_mid_real_model_error,True,2,True,b3e90063c6b3cb012ec1fafab0a48864d0cb68ea
269,4c7fc79585fa758faf4a607ae9a309c668f4c637,ff1dec39d3c8dce0d28c37e3a4665505ee1e261a,c34b4b93df3897791871cecbdbfe43662163e9fe,4,3,high_to_mid_real_model_error,high_to_mid_real_model_error,True,1,True,93ee5195f758ccf67a2688aef96ee2a414f41999
270,5b74cf3e171f8b131c2b48deb0ddc728da3fa857,02169e6cc6f86f682c0b04047827e32859533603,182ead73c7c9bef64c812e1c3366635156817f15,2,4,low_to_high_real_model_error,low_to_high_real_model_error,True,2,True,b9af74532f4ea4e67e499f6fcf73cf41ebc7768d
271,bd767d727d465bd3b42f8cbda060c5937586bff6,02169e6cc6f86f682c0b04047827e32859533603,182ead73c7c9bef64c812e1c3366635156817f15,2,5,low_to_high_real_model_error,low_to_high_real_model_error,True,3,True,b9af74532f4ea4e67e499f6fcf73cf41ebc7768d
272,1d6aea49920094860ffe8d6e5e881668e7328a32,0578273c54e1a724084529ebbc385f1bdd1076ea,aa48c48cd6bf14c4713397de0e37c7971495e79d,1,5,low_to_high_real_model_error,low_to_high_real_model_error,True,4,True,4dc43595fa21fbb39a735e42f017d7e3861d7f7e
273,8baf972e1274e893caedd49101e8dc2071d0dfcf,08554936f4982f9a49b0ecb237ab00fa29370010,0a3152b6a40fc98b07a15855ba40ec0882507e78,2,5,low_to_high_real_model_error,low_to_high_real_model_error,True,3,True,928eb469bd97354a552c76732c344cd9948c6c10
274,bf1d3103f30b202fccd995d0b9c40a41bbaff92e,0a86fc4b2478f8c922c1ab7ce85590f94b9d2136,aa48c48cd6bf14c4713397de0e37c7971495e79d,1,5,low_to_high_real_model_error,low_to_high_real_model_error,True,4,True,2e5004e0054d9dbcea41196f581e28689844bd47
275,c22c83fd8ab7d32f959459bcaca3d50cfea1be04,0c74a66a6f9ecee5580723b73f7741a8f05e1352,80b4f169dced8f900b4d6467567222045b1c13a3,1,5,low_to_high_real_model_error,low_to_high_real_model_error,True,4,True,ad672bede4be6d27087cf5711638d88a052e0e62
276,fae178f183b0133a4d2a46b9c5ce847a845f644c,0f9bdd1ac2b116a1f087a68008be1d0a38cb8ab1,3f583749c39a53d68120dd4302b4c6888f5dd6d7,1,5,low_to_high_real_model_error,low_to_high_real_model_error,True,4,True,41aefd58a8c5ddd16df7ef1a643219814ecd34b1
277,248b6692aa5c1c6f5d19939979676fcfe2f78f89,107a460ba82cd473b9a08a5d43257a7f1d336874,0e09c1d8b75a16ca2c50f1bccf73028ae1d691ea,2,4,low_to_high_real_model_error,low_to_high_real_model_error,True,2,True,703fd08ca37f007d84c6d6988dc921933bffa75b
278,a23698565b9acb0eb94990ede1a39fc1fc84cb73,107a460ba82cd473b9a08a5d43257a7f1d336874,0e09c1d8b75a16ca2c50f1bccf73028ae1d691ea,2,5,low_to_high_real_model_error,low_to_high_real_model_error,True,3,True,703fd08ca37f007d84c6d6988dc921933bffa75b
279,8d06c5631b1afe07f7cfd9157060961d42d4a90c,13af8e6896f2be6cf223e45bf4f1652fe39fe7d3,b8341c9d33cad1b053ba0bafa03c407e4791c4da,2,4,low_to_high_real_model_error,low_to_high_real_model_error,True,2,True,bc9b5f24b61d52bd8658b86a66949d23bec8be7c
280,e7aaa2d0b5717deb9b2c8ebb96e66246d9bb745a,13af8e6896f2be6cf223e45bf4f1652fe39fe7d3,b8341c9d33cad1b053ba0bafa03c407e4791c4da,2,5,low_to_high_real_model_error,low_to_high_real_model_error,True,3,True,bc9b5f24b61d52bd8658b86a66949d23bec8be7c
281,3b03aebfec04de8c1893bc2a658af43328fabedc,17e0ba51820c815389e5f672d6bed2ca748a8775,80b4f169dced8f900b4d6467567222045b1c13a3,2,4,low_to_high_real_model_error,low_to_high_real_model_error,True,2,True,aa544b32848d6ed8f63d86c7504dd4ba6c243e4a
282,da9970bf72d15d0fece827bf9d19b7abf59c1bc9,17e0ba51820c815389e5f672d6bed2ca748a8775,80b4f169dced8f900b4d6467567222045b1c13a3,2,5,low_to_high_real_model_error,low_to_high_real_model_error,True,3,True,aa544b32848d6ed8f63d86c7504dd4ba6c243e4a
283,67aeb06e706fad85dfde6c90f00825859644ea2b,18551ba0c6e7b3ad2bd30333ae0aad09b79b9c98,80b4f169dced8f900b4d6467567222045b1c13a3,2,4,low_to_high_real_model_error,low_to_high_real_model_error,True,2,True,09282a411e6a5c069c762deb22d4b3987e9f9e9c
284,9541801f425c972f9160132795058ef6bc118bc0,18551ba0c6e7b3ad2bd30333ae0aad09b79b9c98,80b4f169dced8f900b4d6467567222045b1c13a3,2,5,low_to_high_real_model_error,low_to_high_real_model_error,True,3,True,09282a411e6a5c069c762deb22d4b3987e9f9e9c
285,da52d17794ec238af60e304653c54875e08ae37f,1905d9dcdf2880df39d9d380624436abd892da5a,ffed2f3bb93a32c1cf81521951774f896b3283f4,2,4,low_to_high_real_model_error,low_to_high_real_model_error,True,2,True,13af77013b6908db6e0c8aaf0ab50809ae254abb
286,ca96c3e97247f2242a0bf7c877401be2e84b3d30,1905d9dcdf2880df39d9d380624436abd892da5a,ffed2f3bb93a32c1cf81521951774f896b3283f4,2,5,low_to_high_real_model_error,low_to_high_real_model_error,True,3,True,13af77013b6908db6e0c8aaf0ab50809ae254abb
287,c68dcdb61f12709e0c2add28ac2ba386c750e489,198938e2f622bb0de4883a3dc7e56f75c8a0dc9b,1fbaba4fd0689522a2df03a5be806cfca5328f00,1,5,low_to_high_real_model_error,low_to_high_real_model_error,True,4,True,6bc6e4fffb021af601c829f8923a31db9f973cee
288,681f9add7d364e7c7f23624f5df562bfd4292ca9,1b5df375ab0c6d48d21dc9a88fd408b29454ff67,b8341c9d33cad1b053ba0bafa03c407e4791c4da,2,4,low_to_high_real_model_error,low_to_high_real_model_error,True,2,True,8f9ef1da33ba89b2be467a871332364429b416c8
289,de0515e72621f6b4b4b2ddf20b03b8a42aeeeca6,1b5df375ab0c6d48d21dc9a88fd408b29454ff67,b8341c9d33cad1b053ba0bafa03c407e4791c4da,2,5,low_to_high_real_model_error,low_to_high_real_model_error,True,3,True,8f9ef1da33ba89b2be467a871332364429b416c8
290,777506814c94399c0d7d67ea5a6aebe36794ec6e,1bd5e1ce094da34aea6531591c2674bd221634b6,80b4f169dced8f900b4d6467567222045b1c13a3,2,4,low_to_high_real_model_error,low_to_high_real_model_error,True,2,True,44ee39cead0178d55feec303fef27bfb832cf001
291,481d90c8eb738a165f8007dc193cda979cf5883c,1c013ab584f1c5a49f0e03d8517d29eb909322be,ce9b05f8b8c3c09bfac56ea4f5f177bac9474ddb,1,5,low_to_high_real_model_error,low_to_high_real_model_error,True,4,True,0599310e9599a2d177f26a931ba6ba295f18a482
292,71be1716cf151a5abac4f9aeb061e223ef25ea1f,1d5f77fabc222d72e4fb87f25eb3e5c41e786cf4,85398269c1c07a9498c3eae4b08315e4db78a74e,1,4,low_to_high_real_model_error,low_to_high_real_model_error,True,3,True,9e86df862d7b633a7726acb65b9f0c10de7f4ff2
293,32c4d722de13bc4cd51ac48655d31fdec4161f28,1d5f77fabc222d72e4fb87f25eb3e5c41e786cf4,85398269c1c07a9498c3eae4b08315e4db78a74e,1,5,low_to_high_real_model_error,low_to_high_real_model_error,True,4,True,9e86df862d7b633a7726acb65b9f0c10de7f4ff2
294,9cdaca9ba48975f85e253ea16c8d55c3e314dd97,25a37166756d804397ce1540111f9b80f5bd477b,c367d1e3134b022584248f014a7b59640f1df7fb,2,4,low_to_high_real_model_error,low_to_high_real_model_error,True,2,True,a27500cc4cb71febfd8e770c9a1fb6324a365b5d
295,6a6c98e1fbc5c8ff6cb7ebbeea43ac880e66352a,25a37166756d804397ce1540111f9b80f5bd477b,c367d1e3134b022584248f014a7b59640f1df7fb,2,5,low_to_high_real_model_error,low_to_high_real_model_error,True,3,True,a27500cc4cb71febfd8e770c9a1fb6324a365b5d
296,eeeff4d63ae02a6fe66ad1ffd5a08d16eee3f22d,26347fdbe0a04b7bfbc0e5079be670bb041a82f8,2c3431500658778ea0788f7745c59f0b024746a9,2,4,low_to_high_real_model_error,low_to_high_real_model_error,True,2,True,6b7b00f6d23e79937d3d3ea80fdfa897a78e6b5b
297,cadc20ddd40b6fcdc7110e83eee6701ba5b7040c,26347fdbe0a04b7bfbc0e5079be670bb041a82f8,2c3431500658778ea0788f7745c59f0b024746a9,2,5,low_to_high_real_model_error,low_to_high_real_model_error,True,3,True,6b7b00f6d23e79937d3d3ea80fdfa897a78e6b5b
298,be2a3693eafcf70d88ba52023cef8ee9ce8d6926,2805e4237ccaed90f917ee91a5c2c44743bbd1b1,7bdbfc3be37d434120cd61c75738b9ba4e2b67ad,1,5,low_to_high_real_model_error,low_to_high_real_model_error,True,4,True,f6aa75c8d619c6294972842a85779d3ee7926674
299,5aba0b33b3b71a928e0231fc42cc6cb4b234edec,34d1c2d12a4242a8a26ed4f998ae1f08b3210cdf,80b4f169dced8f900b4d6467567222045b1c13a3,1,4,low_to_high_real_model_error,low_to_high_real_model_error,True,3,True,efc1f0ba41084de25dd84bd26a503b53816de23e
300,1393a2e20dfdd3e4186f3daddc82baa541326465,34d1c2d12a4242a8a26ed4f998ae1f08b3210cdf,80b4f169dced8f900b4d6467567222045b1c13a3,1,5,low_to_high_real_model_error,low_to_high_real_model_error,True,4,True,efc1f0ba41084de25dd84bd26a503b53816de23e
301,47678ecbb794dd269189f72196cb57f417840ccc,365e8b4c9ee703d23dee95e59be31577a15cacc8,5f10a3a85e0efd1be4f1e1773e836f0ef17e29b2,2,4,low_to_high_real_model_error,low_to_high_real_model_error,True,2,True,7222892216b0d238bf5bbd6737958930fe1118ab
302,5ff7cd1e4148a14e52b620de53a3d463255930e6,365e8b4c9ee703d23dee95e59be31577a15cacc8,5f10a3a85e0efd1be4f1e1773e836f0ef17e29b2,2,5,low_to_high_real_model_error,low_to_high_real_model_error,True,3,True,7222892216b0d238bf5bbd6737958930fe1118ab
303,d04530398e1c582df8b37a58d497174794e61b67,378f7b2160c791b11e16c3dd68d76ed1363a3ff6,ce9b05f8b8c3c09bfac56ea4f5f177bac9474ddb,2,4,low_to_high_real_model_error,low_to_high_real_model_error,True,2,True,f0ff981088c285dafba4ac000ffaa7427d9fad7e
304,d4f4bd0d1c5e260922a24974fd516cea36da3339,378f7b2160c791b11e16c3dd68d76ed1363a3ff6,ce9b05f8b8c3c09bfac56ea4f5f177bac9474ddb,2,5,low_to_high_real_model_error,low_to_high_real_model_error,True,3,True,f0ff981088c285dafba4ac000ffaa7427d9fad7e
305,2a24675dae6701d76450dee3c05fd304358bcbe5,3e6317e0a4cd57573a6c971fc945cfc7ee52148a,7bdbfc3be37d434120cd61c75738b9ba4e2b67ad,1,5,low_to_high_real_model_error,low_to_high_real_model_error,True,4,True,5afec1cf6fe8e355d54ecae3dd1e2c17cb023afc
306,1db7b2d0468e9c5cc72a479199edb9fb7f785036,3fdc81f613bf237c32a80d3fb798df97d4a1a3ab,2315014220e7c1c5fbc4751aea0a196884f3ace8,2,4,low_to_high_real_model_error,low_to_high_real_model_error,True,2,True,16d0c0caa508f4dedb8a8bd4cc9d69d7500e24e7
307,9e3537941eef31c7fee588c511d9c40ddd45d1d6,3fdc81f613bf237c32a80d3fb798df97d4a1a3ab,2315014220e7c1c5fbc4751aea0a196884f3ace8,2,5,low_to_high_real_model_error,low_to_high_real_model_error,True,3,True,16d0c0caa508f4dedb8a8bd4cc9d69d7500e24e7
308,66e786e22e631528dcdc57c9b84d4b5723955cae,4042b14600691c9b29b70d916e9db910c058d891,7bdbfc3be37d434120cd61c75738b9ba4e2b67ad,1,5,low_to_high_real_model_error,low_to_high_real_model_error,True,4,True,0280ff1d49c324ef179df47312136925735fd453
309,fb943ed5aeea5145126874e7e7134f1aef479244,44a426bf4f453df7ea5b7ac85d6f0e801f9ba296,aa48c48cd6bf14c4713397de0e37c7971495e79d,1,4,low_to_high_real_model_error,low_to_high_real_model_error,True,3,True,2e5004e0054d9dbcea41196f581e28689844bd47
310,f166d341478ae2d6cfc1641063bf6aec41adeef5,44a426bf4f453df7ea5b7ac85d6f0e801f9ba296,aa48c48cd6bf14c4713397de0e37c7971495e79d,1,5,low_to_high_real_model_error,low_to_high_real_model_error,True,4,True,2e5004e0054d9dbcea41196f581e28689844bd47
311,73600da400df43583e4135ae952294e2c51c3d85,4c1781a47196920cfbd9a98a60533436add7af41,14e6dfb98fe659be9bca96d36b8e8c3b5beda0d4,1,4,low_to_high_real_model_error,low_to_high_real_model_error,True,3,True,cc8691a6439fff30dca252a35408ed67d3c566e4
312,291dc5ff96633b6fc81734189d554ada86837cee,4c1781a47196920cfbd9a98a60533436add7af41,14e6dfb98fe659be9bca96d36b8e8c3b5beda0d4,1,5,low_to_high_real_model_error,low_to_high_real_model_error,True,4,True,cc8691a6439fff30dca252a35408ed67d3c566e4
313,9b8060099c6941147909fd767b76596c934861bf,4d02a34fe7fc1a2f65e5defcbeec26283b13ada9,93a5ca2decc82169ec51fce4735b568ddb829c8a,1,5,low_to_high_real_model_error,low_to_high_real_model_error,True,4,True,9a87133ef716805f8aee080d693bd3f5bcb7e145
314,5dddbfad6704c90caa9a194232875d49cb32bae5,4d603e5ed030c00413f35f1852ebb1859d5dc6be,ac1c8ccfcd59afb588cbe2e820ef540a695ec312,1,4,low_to_high_real_model_error,low_to_high_real_model_error,True,3,True,a92df46ea48b3b2a01442434d24af96c4b92e80e
315,22135d9449cc558e211e6bc469c96ab59e30a12c,4d603e5ed030c00413f35f1852ebb1859d5dc6be,ac1c8ccfcd59afb588cbe2e820ef540a695ec312,1,5,low_to_high_real_model_error,low_to_high_real_model_error,True,4,True,a92df46ea48b3b2a01442434d24af96c4b92e80e
316,a142885b301ea3c0d193ce36aca7bc4a8b53e7c9,4f22bf04948dfebf09ef963ef74d98df56ffdb57,ce9b05f8b8c3c09bfac56ea4f5f177bac9474ddb,1,5,low_to_high_real_model_error,low_to_high_real_model_error,True,4,True,a96b02ce6230da11c213122296b8f50c04b6a574
317,bff9fb71133c3616f99df00d62ff938c489e0a6c,5238e123a16a826d9dd25c0454890d96db10099a,aa48c48cd6bf14c4713397de0e37c7971495e79d,1,5,low_to_high_real_model_error,low_to_high_real_model_error,True,4,True,900e4dfaeab2d49c535af7e07fc0c1b3547efdcb
318,7dca5496d7e988a61cf03d936166e63e4d2d2a35,5680bbfccbc4637e7c9c7e3d63698aaf2b4fa213,50a125b94d56b250cab34175d4465b85ca2df963,1,5,low_to_high_real_model_error,low_to_high_real_model_error,True,4,True,fcb311406fb61968222f2e2556864b684162cb92
319,6f20c55d05aa2986b287a618bcec207cc769d542,61ce1005760ba6b25779f26dec03b15d4d61f5ec,93a5ca2decc82169ec51fce4735b568ddb829c8a,1,5,low_to_high_real_model_error,low_to_high_real_model_error,True,4,True,9a87133ef716805f8aee080d693bd3f5bcb7e145
320,d84e3eb6bcc5dc831f25dd4fb1f9e7f11c10e391,630a88341b60ad40afcd43bf6bf3967c515b8803,33f24cdef61905293c51bb59ca561c1f2cef3965,2,4,low_to_high_real_model_error,low_to_high_real_model_error,True,2,True,0e18e56c1d791032e5d9a172e7fa914a2ba04007
321,e1502d6a06516bb3179f1cf31a633d6562dc7595,630a88341b60ad40afcd43bf6bf3967c515b8803,33f24cdef61905293c51bb59ca561c1f2cef3965,2,5,low_to_high_real_model_error,low_to_high_real_model_error,True,3,True,0e18e56c1d791032e5d9a172e7fa914a2ba04007
322,eb4e81856d89bf8340570415f82c24dc61e05c89,6358300a1312a268220578a420e801d4c75e9525,50a125b94d56b250cab34175d4465b85ca2df963,1,5,low_to_high_real_model_error,low_to_high_real_model_error,True,4,True,fcb311406fb61968222f2e2556864b684162cb92
323,e2ae1ecc10651240096ee8885df560f1aff5500b,63ab64773fb76fbe6cba302eed79041a8316bb7c,33f24cdef61905293c51bb59ca561c1f2cef3965,2,4,low_to_high_real_model_error,low_to_high_real_model_error,True,2,True,ec7369126d9099839fa1eea0e2d233b0b59c4ce2
324,5ce26e34e996c7a4d481a64f311ea0659d523510,63ab64773fb76fbe6cba302eed79041a8316bb7c,33f24cdef61905293c51bb59ca561c1f2cef3965,2,5,low_to_high_real_model_error,low_to_high_real_model_error,True,3,True,ec7369126d9099839fa1eea0e2d233b0b59c4ce2
325,495c2fefe903029257675f7c60ff27fe639c388d,65890fb994cef054dc75e0e6dd4c1b3e2d91805d,2315014220e7c1c5fbc4751aea0a196884f3ace8,2,4,low_to_high_real_model_error,low_to_high_real_model_error,True,2,True,2bd4b51ed9ddcb814634972d3dbe28d4a60c6e42
326,7a9340f1725e6373609ca3c4c4e66062d425e3e6,674bc19324921890f8c1245b4760b0909fc05534,1fbaba4fd0689522a2df03a5be806cfca5328f00,1,5,low_to_high_real_model_error,low_to_high_real_model_error,True,4,True,6bc6e4fffb021af601c829f8923a31db9f973cee
327,b88109c6dced8f447eeaf475107ff943a6333729,6a65ddfebb3698d3eb20f814a761580fa2f8be48,aa48c48cd6bf14c4713397de0e37c7971495e79d,2,5,low_to_high_real_model_error,low_to_high_real_model_error,True,3,True,8f4dba7dcddc533cf979e1341328d09b7436bbf5
328,927ae58ae5a572f8cec2355492097cd5453cb920,6ba52ada98a9a51312929f9f19f6c7227cd562eb,3f583749c39a53d68120dd4302b4c6888f5dd6d7,1,5,low_to_high_real_model_error,low_to_high_real_model_error,True,4,True,41aefd58a8c5ddd16df7ef1a643219814ecd34b1
329,385bca5a79b2e06c87d2da2f9466225508a1b684,6cc46157fcf2aa5b87cd72293be48481a7e5dacc,0e09c1d8b75a16ca2c50f1bccf73028ae1d691ea,2,4,low_to_high_real_model_error,low_to_high_real_model_error,True,2,True,745d773b424ed6499f05c3a2a6ccad4a6d2d84bd
330,27487980854de84af2c1677e687c6b414aaad7a0,6cc46157fcf2aa5b87cd72293be48481a7e5dacc,0e09c1d8b75a16ca2c50f1bccf73028ae1d691ea,2,5,low_to_high_real_model_error,low_to_high_real_model_error,True,3,True,745d773b424ed6499f05c3a2a6ccad4a6d2d84bd
331,0e6315e538858a5a37e97fb249476632d12f616d,74489511928922f9b0aa06c74a3c42dabf84217e,50a125b94d56b250cab34175d4465b85ca2df963,1,5,low_to_high_real_model_error,low_to_high_real_model_error,True,4,True,fcb311406fb61968222f2e2556864b684162cb92
332,22fd3563a986446e5f755575e9d0034aa0b2a86e,76909e50052e68bb729ed62933a86559f6a7c036,7bdbfc3be37d434120cd61c75738b9ba4e2b67ad,1,5,low_to_high_real_model_error,low_to_high_real_model_error,True,4,True,f6aa75c8d619c6294972842a85779d3ee7926674
333,63bb06ad7d51a3724b7d4cab1ba52683b5c4a3ea,78a2f1f17b59206fae3cdedb6b11a9fef084b670,b8341c9d33cad1b053ba0bafa03c407e4791c4da,2,4,low_to_high_real_model_error,low_to_high_real_model_error,True,2,True,d4e2ab9fd20d6d9c9030fc70c01f5039dd6a73d4
334,57cf09371036265cc31a17a78d4c2810ebf7fa09,78a2f1f17b59206fae3cdedb6b11a9fef084b670,b8341c9d33cad1b053ba0bafa03c407e4791c4da,2,5,low_to_high_real_model_error,low_to_high_real_model_error,True,3,True,d4e2ab9fd20d6d9c9030fc70c01f5039dd6a73d4
335,811d8f9ee47041dabed91975f144e8f24ed9adb1,7a5ae2c79851e40cccaf47deb5d4953023576ec9,b8341c9d33cad1b053ba0bafa03c407e4791c4da,2,4,low_to_high_real_model_error,low_to_high_real_model_error,True,2,True,10a5356ba6a3cd7a9af7842e4f2aa01f0a5ee330
336,b7fbf8ef3cefc84f0e2a3114bdf9db287ea708be,7a5ae2c79851e40cccaf47deb5d4953023576ec9,b8341c9d33cad1b053ba0bafa03c407e4791c4da,2,5,low_to_high_real_model_error,low_to_high_real_model_error,True,3,True,10a5356ba6a3cd7a9af7842e4f2aa01f0a5ee330
337,a9cb46eb8dda68ff4285866c05bb7ead9ed6e4cc,7b2343c0fac6f79059007d116f746842fe6a6637,5190426b37344a5dd70adf4894aacc1fb868cdff,1,5,low_to_high_real_model_error,low_to_high_real_model_error,True,4,True,b6c1f5e2d2eb6d2e55f911de2e64e3d453c0abdc
338,852b1db7cbf92767cc9a4c61301bf9a03c70d4e2,7dfd63e7375e5474e2df047ebe282cf4ba8661b8,5190426b37344a5dd70adf4894aacc1fb868cdff,1,4,low_to_high_real_model_error,low_to_high_real_model_error,True,3,True,b6c1f5e2d2eb6d2e55f911de2e64e3d453c0abdc
339,100ab99205e1a91fe8b2a11608fec4c95f0eaca8,7dfd63e7375e5474e2df047ebe282cf4ba8661b8,5190426b37344a5dd70adf4894aacc1fb868cdff,1,5,low_to_high_real_model_error,low_to_high_real_model_error,True,4,True,b6c1f5e2d2eb6d2e55f911de2e64e3d453c0abdc
340,df3e6c5d867842f0e3612ac191c1f369e61f7070,89f8c6ed8c1b947a44510dcc18b38a1d97571453,3b26f4f8f9f7314ee644e63efa2173afbb702c33,2,4,low_to_high_real_model_error,low_to_high_real_model_error,True,2,True,0aad6f3bb0352f0ee57c10c6a72b3f685338b6c4
341,dabf01e38be3f7e7cb1298c9848476f5684ba737,89f8c6ed8c1b947a44510dcc18b38a1d97571453,3b26f4f8f9f7314ee644e63efa2173afbb702c33,2,5,low_to_high_real_model_error,low_to_high_real_model_error,True,3,True,0aad6f3bb0352f0ee57c10c6a72b3f685338b6c4
342,93586ef5ca016cac474e92f018746dc96d9ed479,8b2201addbda2de262f29b819d9d4a430827f8c8,379759b00c0ded53ca5135bf363df1ca0f8ae778,1,4,low_to_high_real_model_error,low_to_high_real_model_error,True,3,True,2eb54afb81fcdd1ddea75e50f830548483a7bf05
343,d641cc5d781a0cf601b3776637e61831da3aa0de,8b2201addbda2de262f29b819d9d4a430827f8c8,379759b00c0ded53ca5135bf363df1ca0f8ae778,1,5,low_to_high_real_model_error,low_to_high_real_model_error,True,4,True,2eb54afb81fcdd1ddea75e50f830548483a7bf05
344,4b4308ab985560c84a447f6cab8b0a42837608ff,8ff264a74369c7106935fc453add4b92d95a8b87,ac1c8ccfcd59afb588cbe2e820ef540a695ec312,1,4,low_to_high_real_model_error,low_to_high_real_model_error,True,3,True,a92df46ea48b3b2a01442434d24af96c4b92e80e
345,81a4eb5764250a3a63f976647393ca0b6555997e,8ff264a74369c7106935fc453add4b92d95a8b87,ac1c8ccfcd59afb588cbe2e820ef540a695ec312,1,5,low_to_high_real_model_error,low_to_high_real_model_error,True,4,True,a92df46ea48b3b2a01442434d24af96c4b92e80e
346,23bd783be712de419f09eec20a9512c72ca7634f,90ed1a72c758f575b39f863d5ac03313ac9b197e,04c137c5aec1fd5e3fc9bc4897bc62409a8e32e7,1,5,low_to_high_real_model_error,low_to_high_real_model_error,True,4,True,c63ee02b223a378d3fcc5cb7f5642f0d1c154c01
347,fb98302876bcd79e14fb42c46b93e260500eb4ba,9473740ab3e011ac08772a84e106e72f4d38f137,1fbaba4fd0689522a2df03a5be806cfca5328f00,1,5,low_to_high_real_model_error,low_to_high_real_model_error,True,4,True,6bc6e4fffb021af601c829f8923a31db9f973cee
348,4dc63b0ce3e2265c6a3094d84e24d9aad207a257,9695560e94c04bb151b514cc850a85eb10394a00,3f583749c39a53d68120dd4302b4c6888f5dd6d7,1,5,low_to_high_real_model_error,low_to_high_real_model_error,True,4,True,9e609688abeaea61d11fb264abda311a1a085e02
349,592895168fc79fce27e1d7ab6c8b3e30a17491f4,992ac0fdbb258d7a1438e8ee29db7096365cf8ca,ac1c8ccfcd59afb588cbe2e820ef540a695ec312,1,4,low_to_high_real_model_error,low_to_high_real_model_error,True,3,True,a92df46ea48b3b2a01442434d24af96c4b92e80e
350,867b0f46e43b7109ee4c91127ddb660f3ecb60fa,992ac0fdbb258d7a1438e8ee29db7096365cf8ca,ac1c8ccfcd59afb588cbe2e820ef540a695ec312,1,5,low_to_high_real_model_error,low_to_high_real_model_error,True,4,True,a92df46ea48b3b2a01442434d24af96c4b92e80e
351,ccb7dda0cd62ecfd868aad785bf4d35458ed0fca,9b98fbe73d713149b38df9e497e2ad0a0a022c91,f6cf3e1b280ca78c17a557b97001a3fea411a738,2,4,low_to_high_real_model_error,low_to_high_real_model_error,True,2,True,b3aff492ba64c553045777a848c1b2cae698762b
352,06ee188aaf799cf0a53ba55a3fbef9288773a3be,9fdf5ac4ce9e42b699e040bcc32841d72d8c9e07,ce9b05f8b8c3c09bfac56ea4f5f177bac9474ddb,1,4,low_to_high_real_model_error,low_to_high_real_model_error,True,3,True,1a97423ae29e05eec3449236e6915fcaf717fa60
353,00ec3e863c96c9549f149710aa743329406829b8,9fdf5ac4ce9e42b699e040bcc32841d72d8c9e07,ce9b05f8b8c3c09bfac56ea4f5f177bac9474ddb,1,5,low_to_high_real_model_error,low_to_high_real_model_error,True,4,True,1a97423ae29e05eec3449236e6915fcaf717fa60
354,447c750b017130271158f7d035bd19556d3ee796,a2963f0bafecf877ce9d9f85ccd07d324522a500,14e6dfb98fe659be9bca96d36b8e8c3b5beda0d4,1,5,low_to_high_real_model_error,low_to_high_real_model_error,True,4,True,b47079cc138cfe6eb546f60d8719ff90722de8f9
355,f851f9294bfa80bedc40713e3474481e34c9ed5f,a5b40ba0a800e6ec0da88e7d0591d092caa41ae1,fdcc493923c6536e26519ec07f9693ca405da624,2,4,low_to_high_real_model_error,low_to_high_real_model_error,True,2,True,bedd37701d417a5f7fba5f4e3983e5624b026eed
356,548cb4f401281906abcd4b20d35e0ccfab6a61d1,a5b40ba0a800e6ec0da88e7d0591d092caa41ae1,fdcc493923c6536e26519ec07f9693ca405da624,2,5,low_to_high_real_model_error,low_to_high_real_model_error,True,3,True,bedd37701d417a5f7fba5f4e3983e5624b026eed
357,dad70c982004e62f84d55930a941f8596ad7511c,a5b76b94f849ef3c81364bfd2a49a16777a2d7fa,b8341c9d33cad1b053ba0bafa03c407e4791c4da,2,4,low_to_high_real_model_error,low_to_high_real_model_error,True,2,True,6a481fa9db7229673ef640e6e76a19cb2370a7ec
358,90d5369e79eaf60c79b4387aefd0bdf5a01e18a7,a5b76b94f849ef3c81364bfd2a49a16777a2d7fa,b8341c9d33cad1b053ba0bafa03c407e4791c4da,2,5,low_to_high_real_model_error,low_to_high_real_model_error,True,3,True,6a481fa9db7229673ef640e6e76a19cb2370a7ec
359,f31b2b768daa342fb1d9a766fc0688628cc436e0,a78d41fd92d092509e201d4cb468bba833ecdf3a,3b26f4f8f9f7314ee644e63efa2173afbb702c33,1,5,low_to_high_real_model_error,low_to_high_real_model_error,True,4,True,93c4f0314441666fafaa78d552fe2cc43c27bbd4
360,93cfd4a5ae8d2470f6c5c801effe6ce906c5bf28,b21b8c3ac37ecaa0e26ae36e530a7f7c75594d53,14e6dfb98fe659be9bca96d36b8e8c3b5beda0d4,1,4,low_to_high_real_model_error,low_to_high_real_model_error,True,3,True,5c80c0bfbce57dbc5247fdda5d0acb109f63fa6e
361,e4ffc8b532c37583ea8c8db1ab7d401448c4c72a,b21b8c3ac37ecaa0e26ae36e530a7f7c75594d53,14e6dfb98fe659be9bca96d36b8e8c3b5beda0d4,1,5,low_to_high_real_model_error,low_to_high_real_model_error,True,4,True,5c80c0bfbce57dbc5247fdda5d0acb109f63fa6e
362,77e1f75d66aa2a936f9089d7311ffed689dd3412,b51fe8038ded98685f2c18b27990ce26056dfc17,b8341c9d33cad1b053ba0bafa03c407e4791c4da,2,4,low_to_high_real_model_error,low_to_high_real_model_error,True,2,True,e8e761def6ff7949dde1cd22a61b2b7954977b7c
363,06a12bf3e922a6382b60d24db89f05bb853f2b61,b51fe8038ded98685f2c18b27990ce26056dfc17,b8341c9d33cad1b053ba0bafa03c407e4791c4da,2,5,low_to_high_real_model_error,low_to_high_real_model_error,True,3,True,e8e761def6ff7949dde1cd22a61b2b7954977b7c
364,e9b2ae9f4fe8822ac6e55ef97272f01cbdd64cbb,b5f54f2d11493dd41a74e9e2274d26451a958dcc,ce9b05f8b8c3c09bfac56ea4f5f177bac9474ddb,1,4,low_to_high_real_model_error,low_to_high_real_model_error,True,3,True,169a325697ded935362daf9dc6fa84f5ad108fe9
365,86dbc1f6a90294ae221d526bfde5c3514c5ff41e,b5f54f2d11493dd41a74e9e2274d26451a958dcc,ce9b05f8b8c3c09bfac56ea4f5f177bac9474ddb,1,5,low_to_high_real_model_error,low_to_high_real_model_error,True,4,True,169a325697ded935362daf9dc6fa84f5ad108fe9
366,bec646d0a832afb1773466e3b7ec7ef46049ab00,b62bc6a3bc8db6a39e2d347c263aa392be416138,ac1c8ccfcd59afb588cbe2e820ef540a695ec312,1,4,low_to_high_real_model_error,low_to_high_real_model_error,True,3,True,a92df46ea48b3b2a01442434d24af96c4b92e80e
367,21ea4339667b5a6c80d6ad1bcb841806274a40dd,b62bc6a3bc8db6a39e2d347c263aa392be416138,ac1c8ccfcd59afb588cbe2e820ef540a695ec312,1,5,low_to_high_real_model_error,low_to_high_real_model_error,True,4,True,a92df46ea48b3b2a01442434d24af96c4b92e80e
368,89006b22834887722e51c0fa33960ef18d1af632,b98b50d95782304d48d08ccbe6eda435ec3f66c7,b8341c9d33cad1b053ba0bafa03c407e4791c4da,2,4,low_to_high_real_model_error,low_to_high_real_model_error,True,2,True,debd86162fb2656384dc80e4c862e5e6b0c6ce4f
369,749900ec376559cab40874ea8eeaf2e48b0f6b82,b98b50d95782304d48d08ccbe6eda435ec3f66c7,b8341c9d33cad1b053ba0bafa03c407e4791c4da,2,5,low_to_high_real_model_error,low_to_high_real_model_error,True,3,True,debd86162fb2656384dc80e4c862e5e6b0c6ce4f
370,cbbc6f675e1783e6ff6fcca3e5d37a537e4c6fdc,ba114a1a8452ac012af5a1940b242d85f38538d3,578358b94591dcdb7b73304c5498c56a12d9c95d,2,4,low_to_high_real_model_error,low_to_high_real_model_error,True,2,True,5945fd18695ed5576f01b707391b4db1734c7287
371,c5304f196789603460de88f6129655e54d0a1f1a,ba114a1a8452ac012af5a1940b242d85f38538d3,578358b94591dcdb7b73304c5498c56a12d9c95d,2,5,low_to_high_real_model_error,low_to_high_real_model_error,True,3,True,5945fd18695ed5576f01b707391b4db1734c7287
372,f25911938aeda3768f1193c52722640b8499e35a,bd384e01426757c4dd86e755a75d5ef86fe6e59f,5190426b37344a5dd70adf4894aacc1fb868cdff,1,5,low_to_high_real_model_error,low_to_high_real_model_error,True,4,True,b6c1f5e2d2eb6d2e55f911de2e64e3d453c0abdc
373,ac1d9ea415d4c262c9bdd0c755015674661cb10e,bdfb1901aed7bfddbd4bcd0898854e7ecfd4513c,3b26f4f8f9f7314ee644e63efa2173afbb702c33,2,5,low_to_high_real_model_error,low_to_high_real_model_error,True,3,True,181c09eb3eece1f7c0df22b98bfaa00e099b80dc
374,887e35cfdfbe6c861250e07b0f7b42d69fb69cc4,c0d4f41ccf2066449887e86887cb7b8903269b2a,80b4f169dced8f900b4d6467567222045b1c13a3,2,4,low_to_high_real_model_error,low_to_high_real_model_error,True,2,True,641e82211fbd129a86b87fd9ceff6d6a9ad424e3
375,bfb345316248b09078d4c09fe2199b2999728662,c7c27202cecaf2f4efd7487760add595085e4712,ac1c8ccfcd59afb588cbe2e820ef540a695ec312,1,4,low_to_high_real_model_error,low_to_high_real_model_error,True,3,True,b5de46fca924b3235dcb73cab301bd3afc2401bf
376,64306987f491f2f4d73847c4282d2608158d1daf,c7c27202cecaf2f4efd7487760add595085e4712,ac1c8ccfcd59afb588cbe2e820ef540a695ec312,1,5,low_to_high_real_model_error,low_to_high_real_model_error,True,4,True,b5de46fca924b3235dcb73cab301bd3afc2401bf
377,bc125ddea4c801c3540bd845e08c3aaa59716956,cc218e690fef26eec817bb03c4ad9a759d05825e,93a5ca2decc82169ec51fce4735b568ddb829c8a,1,5,low_to_high_real_model_error,low_to_high_real_model_error,True,4,True,9a87133ef716805f8aee080d693bd3f5bcb7e145
378,c2cf46fe8c237dc7200ce202e4ebfcc16b53dfda,ccdab1ce8e955bdbf2224a22c0f14a10db6718ab,ffed2f3bb93a32c1cf81521951774f896b3283f4,2,4,low_to_high_real_model_error,low_to_high_real_model_error,True,2,True,9a77fb4f6bac15927af3c9ee21d917a82f485e92
379,ffbd271250828287e99d3ac883fe90d070197003,ccdab1ce8e955bdbf2224a22c0f14a10db6718ab,ffed2f3bb93a32c1cf81521951774f896b3283f4,2,5,low_to_high_real_model_error,low_to_high_real_model_error,True,3,True,9a77fb4f6bac15927af3c9ee21d917a82f485e92
380,b406ebafdd5e31e248669eab59987583c10587d8,d669073d100a7f3755e1ce0ec3bd63e9b6c54e34,0e09c1d8b75a16ca2c50f1bccf73028ae1d691ea,2,4,low_to_high_real_model_error,low_to_high_real_model_error,True,2,True,a1a88d9d29fb1ab96319226b74b1c23a98126fa8
381,d51ae2d71617029511f2208d4ed53b22ff7e7fd3,d669073d100a7f3755e1ce0ec3bd63e9b6c54e34,0e09c1d8b75a16ca2c50f1bccf73028ae1d691ea,2,5,low_to_high_real_model_error,low_to_high_real_model_error,True,3,True,a1a88d9d29fb1ab96319226b74b1c23a98126fa8
382,2a2f18961aedc8355f2a4e65d61a21b93d6f9aad,d7038665e81daff68cadf97e16d4c3e3c3fe543d,50a125b94d56b250cab34175d4465b85ca2df963,1,5,low_to_high_real_model_error,low_to_high_real_model_error,True,4,True,fcb311406fb61968222f2e2556864b684162cb92
383,012440d8bf467312ad0b11d0976df6913e89d969,dcf321c484e4128628a7517762ccaf72fc0916d8,3b26f4f8f9f7314ee644e63efa2173afbb702c33,1,5,low_to_high_real_model_error,low_to_high_real_model_error,True,4,True,93c4f0314441666fafaa78d552fe2cc43c27bbd4
384,969f7f99d5166821993545cc08341e2c7d90d4cc,e2c88c65f2542bab93dbf50c022a42b356f788d2,ce9b05f8b8c3c09bfac56ea4f5f177bac9474ddb,1,4,low_to_high_real_model_error,low_to_high_real_model_error,True,3,True,e106d87ae0a762ec254840d281e3802cb6e2d4b9
385,1302880f65c364ffab962420b100b0cbbace1713,e2c88c65f2542bab93dbf50c022a42b356f788d2,ce9b05f8b8c3c09bfac56ea4f5f177bac9474ddb,1,5,low_to_high_real_model_error,low_to_high_real_model_error,True,4,True,e106d87ae0a762ec254840d281e3802cb6e2d4b9
386,3b814b7e1c912dc90028a47e15e491df11c161d2,eca00ddc55d718efe2435adde78462ed09661b7c,93a5ca2decc82169ec51fce4735b568ddb829c8a,1,5,low_to_high_real_model_error,low_to_high_real_model_error,True,4,True,9a87133ef716805f8aee080d693bd3f5bcb7e145
387,099f0ae43270168fdfec4030116d5a3d7351b425,ef7be96d3b20f985cb175937b67d094d4d204dcc,ffed2f3bb93a32c1cf81521951774f896b3283f4,2,4,low_to_high_real_model_error,low_to_high_real_model_error,True,2,True,7233d13a1036a21694f212ce7f405dc2d071d410
388,428fd2652b2f70a1be6ff77ab89b97fe72421605,ef7be96d3b20f985cb175937b67d094d4d204dcc,ffed2f3bb93a32c1cf81521951774f896b3283f4,2,5,low_to_high_real_model_error,low_to_high_real_model_error,True,3,True,7233d13a1036a21694f212ce7f405dc2d071d410
389,6d27441d0422ad0fd359c872178452fb2311f5d1,f0c923e09065792432b0f588a7eb74ea86409797,33f24cdef61905293c51bb59ca561c1f2cef3965,2,4,low_to_high_real_model_error,low_to_high_real_model_error,True,2,True,b37fc85d214c77d712ca37ee7495316dfd6cca2a
390,972eb80c924bc60f5d18c1248169f1f6e13a3a32,f0c923e09065792432b0f588a7eb74ea86409797,33f24cdef61905293c51bb59ca561c1f2cef3965,2,5,low_to_high_real_model_error,low_to_high_real_model_error,True,3,True,b37fc85d214c77d712ca37ee7495316dfd6cca2a
391,641783a2628d6445bf552d57591cb7254ad8af65,f33e86ba6eaa5281c801dea1ed174135a7d4c0da,ce9b05f8b8c3c09bfac56ea4f5f177bac9474ddb,2,5,low_to_high_real_model_error,low_to_high_real_model_error,True,3,True,d9e0374d874de535cea573afca1941a1b8edfa7a
392,45b7eb243ddd764f7ae14cc1c84629a84792d886,f51251a778d6f6601796be0ed017d6173d91d44b,7d31b9d0eef59066afff9ba848a799e2668bbed2,2,4,low_to_high_real_model_error,low_to_high_real_model_error,True,2,True,8007e0852c1c8af047fb570dd2efbd3ef0cdb67e
393,0362fee06c8421a314962a6c89a93ce9d90f5475,f51251a778d6f6601796be0ed017d6173d91d44b,7d31b9d0eef59066afff9ba848a799e2668bbed2,2,5,low_to_high_real_model_error,low_to_high_real_model_error,True,3,True,8007e0852c1c8af047fb570dd2efbd3ef0cdb67e
394,086c1eee1f99d24fa9dd3d5d8c24c27fe8e63406,f54280d4caeef0bdadc941acfcd5f7fede5d6838,ce9b05f8b8c3c09bfac56ea4f5f177bac9474ddb,1,4,low_to_high_real_model_error,low_to_high_real_model_error,True,3,True,5cf1526729b34b79a8efeab895d6210c742a1fe1
395,db7aa791ddc50ab58eafd8ed1c52c25f80b2a149,f54280d4caeef0bdadc941acfcd5f7fede5d6838,ce9b05f8b8c3c09bfac56ea4f5f177bac9474ddb,1,5,low_to_high_real_model_error,low_to_high_real_model_error,True,4,True,5cf1526729b34b79a8efeab895d6210c742a1fe1
396,19d2c4efd7f4cec10ddacada7f55dd9032b39883,f941bd555946d5f670146c0ddba2b00c76cfee04,93a5ca2decc82169ec51fce4735b568ddb829c8a,1,4,low_to_high_real_model_error,low_to_high_real_model_error,True,3,True,48a9fa6c9e24015fefbf5f9793ef13186ef7bf5a
397,8363d6c4082d51f34f8d3e35ffa4517a95f36c01,f941bd555946d5f670146c0ddba2b00c76cfee04,93a5ca2decc82169ec51fce4735b568ddb829c8a,1,5,low_to_high_real_model_error,low_to_high_real_model_error,True,4,True,48a9fa6c9e24015fefbf5f9793ef13186ef7bf5a
398,baeb33153266fa3010ba438851e61576e86e00dc,fa439d530a93932f4cf8a09f743d80c44e18e0b8,aa48c48cd6bf14c4713397de0e37c7971495e79d,2,4,low_to_high_real_model_error,low_to_high_real_model_error,True,2,True,63a68942c58622b6926a24ec2664ec003d29abc6
399,0ddea4d3f3c8609eb2d552e01bac2d23ef81db06,fa439d530a93932f4cf8a09f743d80c44e18e0b8,aa48c48cd6bf14c4713397de0e37c7971495e79d,2,5,low_to_high_real_model_error,low_to_high_real_model_error,True,3,True,63a68942c58622b6926a24ec2664ec003d29abc6
400,155c0ae05f30091e3b7cf1aa25281ee95ebe1393,0c74a66a6f9ecee5580723b73f7741a8f05e1352,80b4f169dced8f900b4d6467567222045b1c13a3,1,3,low_to_mid_real_model_error,low_to_mid_real_model_error,True,2,True,ad672bede4be6d27087cf5711638d88a052e0e62
401,cd1d936d164ff4ca48a98aee77445809e7d6e6f0,13af8e6896f2be6cf223e45bf4f1652fe39fe7d3,b8341c9d33cad1b053ba0bafa03c407e4791c4da,2,3,low_to_mid_real_model_error,low_to_mid_real_model_error,True,1,True,bc9b5f24b61d52bd8658b86a66949d23bec8be7c
402,5dce70667aac4726da7d845dfe2615d29c102856,18551ba0c6e7b3ad2bd30333ae0aad09b79b9c98,80b4f169dced8f900b4d6467567222045b1c13a3,2,3,low_to_mid_real_model_error,low_to_mid_real_model_error,True,1,True,09282a411e6a5c069c762deb22d4b3987e9f9e9c
403,a36f68161174de0a0875249c06c1d2acfa786718,1905d9dcdf2880df39d9d380624436abd892da5a,ffed2f3bb93a32c1cf81521951774f896b3283f4,2,3,low_to_mid_real_model_error,low_to_mid_real_model_error,True,1,True,13af77013b6908db6e0c8aaf0ab50809ae254abb
404,c04f81909a5cf5a6c6eb0f0129f35e2bee20b9e3,1b5df375ab0c6d48d21dc9a88fd408b29454ff67,b8341c9d33cad1b053ba0bafa03c407e4791c4da,2,3,low_to_mid_real_model_error,low_to_mid_real_model_error,True,1,True,8f9ef1da33ba89b2be467a871332364429b416c8
405,0536f571fa8309c3b559b2d5521e4f53ddba4965,1bd5e1ce094da34aea6531591c2674bd221634b6,80b4f169dced8f900b4d6467567222045b1c13a3,2,3,low_to_mid_real_model_error,low_to_mid_real_model_error,True,1,True,44ee39cead0178d55feec303fef27bfb832cf001
406,5d829322786eb414ff0b1ee590b71aece086829f,1d5f77fabc222d72e4fb87f25eb3e5c41e786cf4,85398269c1c07a9498c3eae4b08315e4db78a74e,1,3,low_to_mid_real_model_error,low_to_mid_real_model_error,True,2,True,9e86df862d7b633a7726acb65b9f0c10de7f4ff2
407,a100fdb4699edecda6faf95731f7c9e4cbaab6db,34d1c2d12a4242a8a26ed4f998ae1f08b3210cdf,80b4f169dced8f900b4d6467567222045b1c13a3,1,3,low_to_mid_real_model_error,low_to_mid_real_model_error,True,2,True,efc1f0ba41084de25dd84bd26a503b53816de23e
408,32ecb7cec7816f65ad7801539bc25bc4b26f6851,365e8b4c9ee703d23dee95e59be31577a15cacc8,5f10a3a85e0efd1be4f1e1773e836f0ef17e29b2,2,3,low_to_mid_real_model_error,low_to_mid_real_model_error,True,1,True,7222892216b0d238bf5bbd6737958930fe1118ab
409,eb1bd449049e6ed9299ecb95444bd0948276dea3,3fdc81f613bf237c32a80d3fb798df97d4a1a3ab,2315014220e7c1c5fbc4751aea0a196884f3ace8,2,3,low_to_mid_real_model_error,low_to_mid_real_model_error,True,1,True,16d0c0caa508f4dedb8a8bd4cc9d69d7500e24e7
410,7cca20e1db4a325b73d6d18e716c18ca76012c5a,630a88341b60ad40afcd43bf6bf3967c515b8803,33f24cdef61905293c51bb59ca561c1f2cef3965,2,3,low_to_mid_real_model_error,low_to_mid_real_model_error,True,1,True,0e18e56c1d791032e5d9a172e7fa914a2ba04007
411,f6edf73927e90625f4dda5ff69307e51ed42deae,63ab64773fb76fbe6cba302eed79041a8316bb7c,33f24cdef61905293c51bb59ca561c1f2cef3965,2,3,low_to_mid_real_model_error,low_to_mid_real_model_error,True,1,True,ec7369126d9099839fa1eea0e2d233b0b59c4ce2
412,c22b11026650aa917ab1b3180845d3132259a65a,65890fb994cef054dc75e0e6dd4c1b3e2d91805d,2315014220e7c1c5fbc4751aea0a196884f3ace8,2,3,low_to_mid_real_model_error,low_to_mid_real_model_error,True,1,True,2bd4b51ed9ddcb814634972d3dbe28d4a60c6e42
413,992858afa2b79cd2f2c2b0cec6711d15767d9591,78a2f1f17b59206fae3cdedb6b11a9fef084b670,b8341c9d33cad1b053ba0bafa03c407e4791c4da,2,3,low_to_mid_real_model_error,low_to_mid_real_model_error,True,1,True,d4e2ab9fd20d6d9c9030fc70c01f5039dd6a73d4
414,2c0afd0c96be862b292b6e0ae4775348a1880ddb,7b2343c0fac6f79059007d116f746842fe6a6637,5190426b37344a5dd70adf4894aacc1fb868cdff,1,3,low_to_mid_real_model_error,low_to_mid_real_model_error,True,2,True,b6c1f5e2d2eb6d2e55f911de2e64e3d453c0abdc
415,51382ace6066f3f6d02b2a070f8fa8a2e7a781ae,89f8c6ed8c1b947a44510dcc18b38a1d97571453,3b26f4f8f9f7314ee644e63efa2173afbb702c33,2,3,low_to_mid_real_model_error,low_to_mid_real_model_error,True,1,True,0aad6f3bb0352f0ee57c10c6a72b3f685338b6c4
416,0eff8a98c25fe4ac4e40443c250a41ffc1eaacbe,8b2201addbda2de262f29b819d9d4a430827f8c8,379759b00c0ded53ca5135bf363df1ca0f8ae778,1,3,low_to_mid_real_model_error,low_to_mid_real_model_error,True,2,True,2eb54afb81fcdd1ddea75e50f830548483a7bf05
417,798b5f41c1e9c4b2de7828fd1fc5aef55b7b2e92,9b98fbe73d713149b38df9e497e2ad0a0a022c91,f6cf3e1b280ca78c17a557b97001a3fea411a738,2,3,low_to_mid_real_model_error,low_to_mid_real_model_error,True,1,True,b3aff492ba64c553045777a848c1b2cae698762b
418,b3636fd81912ab836206bdee3ff6c963d7e37ee6,a5b40ba0a800e6ec0da88e7d0591d092caa41ae1,fdcc493923c6536e26519ec07f9693ca405da624,2,3,low_to_mid_real_model_error,low_to_mid_real_model_error,True,1,True,bedd37701d417a5f7fba5f4e3983e5624b026eed
419,079ad14e3014f84cca3bf2b5d19acb0dc32ce5a5,a78d41fd92d092509e201d4cb468bba833ecdf3a,3b26f4f8f9f7314ee644e63efa2173afbb702c33,1,3,low_to_mid_real_model_error,low_to_mid_real_model_error,True,2,True,93c4f0314441666fafaa78d552fe2cc43c27bbd4
420,434fe13aa87c69a23a016fcfb534b9f9f9f6f1c9,b5f54f2d11493dd41a74e9e2274d26451a958dcc,ce9b05f8b8c3c09bfac56ea4f5f177bac9474ddb,1,3,low_to_mid_real_model_error,low_to_mid_real_model_error,True,2,True,169a325697ded935362daf9dc6fa84f5ad108fe9
421,876bb0fb9ba2db6ef85afab0ff6d1a225e59d4d5,b98b50d95782304d48d08ccbe6eda435ec3f66c7,b8341c9d33cad1b053ba0bafa03c407e4791c4da,2,3,low_to_mid_real_model_error,low_to_mid_real_model_error,True,1,True,debd86162fb2656384dc80e4c862e5e6b0c6ce4f
422,2b6821fe3272d7df88469d8f558e26c590e73c3f,ba114a1a8452ac012af5a1940b242d85f38538d3,578358b94591dcdb7b73304c5498c56a12d9c95d,2,3,low_to_mid_real_model_error,low_to_mid_real_model_error,True,1,True,5945fd18695ed5576f01b707391b4db1734c7287
423,c816a4317313eee430c66a2f0ac4e60dd001dd37,bdfb1901aed7bfddbd4bcd0898854e7ecfd4513c,3b26f4f8f9f7314ee644e63efa2173afbb702c33,2,3,low_to_mid_real_model_error,low_to_mid_real_model_error,True,1,True,181c09eb3eece1f7c0df22b98bfaa00e099b80dc
424,54151add5482e6c7e075ebe89793679e0d236928,c0d4f41ccf2066449887e86887cb7b8903269b2a,80b4f169dced8f900b4d6467567222045b1c13a3,2,3,low_to_mid_real_model_error,low_to_mid_real_model_error,True,1,True,641e82211fbd129a86b87fd9ceff6d6a9ad424e3
425,d9e49426faf93284fe62032b3d1b8a93c5e37a9f,dcf321c484e4128628a7517762ccaf72fc0916d8,3b26f4f8f9f7314ee644e63efa2173afbb702c33,1,3,low_to_mid_real_model_error,low_to_mid_real_model_error,True,2,True,93c4f0314441666fafaa78d552fe2cc43c27bbd4
426,14d43a3ce873ce3ecab7a9f97e679dbffbf8f679,e2c88c65f2542bab93dbf50c022a42b356f788d2,ce9b05f8b8c3c09bfac56ea4f5f177bac9474ddb,1,3,low_to_mid_real_model_error,low_to_mid_real_model_error,True,2,True,e106d87ae0a762ec254840d281e3802cb6e2d4b9
427,7cdaa60ef90367d432561662fa8b7d7605479d53,f51251a778d6f6601796be0ed017d6173d91d44b,7d31b9d0eef59066afff9ba848a799e2668bbed2,2,3,low_to_mid_real_model_error,low_to_mid_real_model_error,True,1,True,8007e0852c1c8af047fb570dd2efbd3ef0cdb67e
428,78b34115cb33f1f902db6e19c01bb9cc7eb2d7cb,f54280d4caeef0bdadc941acfcd5f7fede5d6838,ce9b05f8b8c3c09bfac56ea4f5f177bac9474ddb,1,3,low_to_mid_real_model_error,low_to_mid_real_model_error,True,2,True,5cf1526729b34b79a8efeab895d6210c742a1fe1
