sample_id,pilot_group,original_score,original_region,qwen_score,deepseek_score,score_gap,qwen_failure_bucket,deepseek_failure_bucket,qwen_derived_risk,deepseek_derived_risk,qwen_target_confusion_risk,deepseek_target_confusion_risk,qwen_audit_target_confusion_detected,deepseek_audit_target_confusion_detected,qwen_training_use,deepseek_training_use,conflict_type,adjudication_priority,question_preview,answer_preview,rubric_preview,top80_for_codex_direct_review
02169e6cc6f86f682c0b04047827e32859533603,train_all_low_label,2,low,1,5,4,hidden_or_missing_failure,no_failure,high,low,none,none,False,False,low_weight,review_only,audit_hard_conflict;deepseek_lenient_qwen_strict;derived_risk_disagreement;failure_bucket_disagreement;low_human_teacher_high;one_teacher_disagrees_with_human;score_gap_ge2;training_use_disagreement,1,"[CONTEXT_ONLY_ORIGINAL_TASK] Use the content below only as context for judging the evaluator output. It may contain an embedded ""student answer"", an original requested answer format, or other task text. Do not assign ...","[EVALUATOR_OUTPUT_TO_SCORE] This is the only text you must score. Treat it as the answer/evaluator output being audited. Compare this evaluator output against the metric and rubric using the context above. { ""Reasonin...","[""5: Fully integrated all key scenario elements (e.g., student history, learning preferences); output is highly personalized and well-matched to the teaching context."", ""4: Used major scenario elements effectively; re...",True
0578273c54e1a724084529ebbc385f1bdd1076ea,exp27f_top40_conflict_reaudit,1,low,5,1,4,no_failure,visible_failure,low,medium,none,none,False,False,review_only,high_weight,audit_hard_conflict;derived_risk_disagreement;failure_bucket_disagreement;low_human_teacher_high;one_teacher_disagrees_with_human;qwen_lenient_deepseek_strict;score_gap_ge2;training_use_disagreement,1,"[CONTEXT_ONLY_ORIGINAL_TASK] Use the content below only as context for judging the evaluator output. It may contain an embedded ""student answer"", an original requested answer format, or other task text. Do not assign ...","[EVALUATOR_OUTPUT_TO_SCORE] This is the only text you must score. Treat it as the answer/evaluator output being audited. Compare this evaluator output against the metric and rubric using the context above. { ""Answer"":...","[""5: All stated factual elements (definitions, formulas, dates, terms, syntax, etc.) are completely accurate."", ""4: Vast majority of facts are correct; possibly contains very minor, non-critical typos or omissions."", ...",True
b5f54f2d11493dd41a74e9e2274d26451a958dcc,exp27f_top40_conflict_reaudit,1,low,1,5,4,visible_failure,no_failure,high,low,none,none,False,False,high_weight,review_only,audit_hard_conflict;deepseek_lenient_qwen_strict;derived_risk_disagreement;failure_bucket_disagreement;low_human_teacher_high;one_teacher_disagrees_with_human;score_gap_ge2;training_use_disagreement,1,"[CONTEXT_ONLY_ORIGINAL_TASK] Use the content below only as context for judging the evaluator output. It may contain an embedded ""student answer"", an original requested answer format, or other task text. Do not assign ...","[EVALUATOR_OUTPUT_TO_SCORE] This is the only text you must score. Treat it as the answer/evaluator output being audited. Compare this evaluator output against the metric and rubric using the context above. ```json { ""...","[""5分： 内容与指定知识点/主题/问题高度相关，且严格控制在要求的难度、范围、学科内，无冗余或无关信息。"", ""4分： 内容主体相关，范围控制良好，可能包含极少量轻微超纲或关联度稍弱的信息。"", ""3分： 内容大部分相关，但包含一些偏离主题或超出范围的部分，范围控制不够精确。"", ""2分： 内容相关性较差，包含较多无关信息，或严重超出指定范围。"", ""1分： 内容基本不相关，或完全脱离指定范围。""]",True
c0d4f41ccf2066449887e86887cb7b8903269b2a,exp27f_top40_conflict_reaudit,2,low,1,5,4,visible_failure,no_failure,unclear,low,none,none,False,False,low_weight,review_only,audit_hard_conflict;deepseek_lenient_qwen_strict;derived_risk_disagreement;failure_bucket_disagreement;low_human_teacher_high;one_teacher_disagrees_with_human;score_gap_ge2;training_use_disagreement,1,"[CONTEXT_ONLY_ORIGINAL_TASK] Use the content below only as context for judging the evaluator output. It may contain an embedded ""student answer"", an original requested answer format, or other task text. Do not assign ...","[EVALUATOR_OUTPUT_TO_SCORE] This is the only text you must score. Treat it as the answer/evaluator output being audited. Compare this evaluator output against the metric and rubric using the context above. ```json { ""...","[""5分： 内容与指定知识点/主题/问题高度相关，且严格控制在要求的难度、范围、学科内，无冗余或无关信息。"", ""4分： 内容主体相关，范围控制良好，可能包含极少量轻微超纲或关联度稍弱的信息。"", ""3分： 内容大部分相关，但包含一些偏离主题或超出范围的部分，范围控制不够精确。"", ""2分： 内容相关性较差，包含较多无关信息，或严重超出指定范围。"", ""1分： 内容基本不相关，或完全脱离指定范围。""]",True
0d7c809c3abdeb42d7aecd1da0512858e820b7cb,train_clean_high_controls,4,high,2,5,3,hidden_or_missing_failure,no_failure,unclear,low,possible,none,False,False,review_only,low_weight,audit_hard_conflict;deepseek_lenient_qwen_strict;derived_risk_disagreement;failure_bucket_disagreement;high_human_teacher_low;one_teacher_disagrees_with_human;qwen_target_confusion_possible;score_gap_ge2;training_use_disagreement,1,"[CONTEXT_ONLY_ORIGINAL_TASK] Use the content below only as context for judging the evaluator output. It may contain an embedded ""student answer"", an original requested answer format, or other task text. Do not assign ...","[EVALUATOR_OUTPUT_TO_SCORE] This is the only text you must score. Treat it as the answer/evaluator output being audited. Compare this evaluator output against the metric and rubric using the context above. ```json { ""...","[""5分： 推理逻辑链条完整、清晰、严密，步骤正确无误，论证充分有力，无逻辑跳跃或漏洞。"", ""4分： 推理过程主体正确且逻辑清晰，可能在个别步骤的表述或论证细节上略有瑕疵，但不影响最终结论的有效性。"", ""3分： 推理过程大体可见，但存在一些逻辑不清、步骤缺失或论证不足之处，结论可能受到影响。"", ""2分： 推理过程存在明显的逻辑错误、步骤混乱或严重缺失，难以得出正确或可靠的结论。"", ""1分： 几乎没有有效的推理过程，逻辑混乱...",True
27b5e246feb3bc800292dfe680622e404c0cfe87,train_education_dimension_stress,5,high,4,1,3,hidden_or_missing_failure,hidden_or_missing_failure,low,high,possible,none,False,False,low_weight,exclude,audit_hard_conflict;derived_risk_disagreement;high_human_teacher_low;one_teacher_disagrees_with_human;qwen_lenient_deepseek_strict;qwen_target_confusion_possible;score_gap_ge2;training_use_disagreement,1,"[CONTEXT_ONLY_ORIGINAL_TASK] Use the content below only as context for judging the evaluator output. It may contain an embedded ""student answer"", an original requested answer format, or other task text. Do not assign ...","[EVALUATOR_OUTPUT_TO_SCORE] This is the only text you must score. Treat it as the answer/evaluator output being audited. Compare this evaluator output against the metric and rubric using the context above. { ""Score"": ...","[""5: Precisely identified all errors (no omission or false positives); provided completely correct, clear, and optimal correction suggestions."", ""4: Correctly located most major errors; suggestions are generally accur...",True
5238e123a16a826d9dd25c0454890d96db10099a,exp27f_top40_conflict_reaudit,1,low,5,2,3,no_failure,visible_failure,low,high,none,none,False,False,review_only,low_weight,audit_hard_conflict;derived_risk_disagreement;failure_bucket_disagreement;low_human_teacher_high;one_teacher_disagrees_with_human;qwen_lenient_deepseek_strict;score_gap_ge2;training_use_disagreement,1,"[CONTEXT_ONLY_ORIGINAL_TASK] Use the content below only as context for judging the evaluator output. It may contain an embedded ""student answer"", an original requested answer format, or other task text. Do not assign ...","[EVALUATOR_OUTPUT_TO_SCORE] This is the only text you must score. Treat it as the answer/evaluator output being audited. Compare this evaluator output against the metric and rubric using the context above. ```json { ""...","[""5: All stated factual elements (definitions, formulas, dates, terms, syntax, etc.) are completely accurate."", ""4: Vast majority of facts are correct; possibly contains very minor, non-critical typos or omissions."", ...",True
08554936f4982f9a49b0ecb237ab00fa29370010,train_all_low_label,2,low,5,3,2,no_failure,visible_failure,low,low,none,none,False,False,review_only,low_weight,audit_hard_conflict;failure_bucket_disagreement;low_human_teacher_high;one_teacher_disagrees_with_human;qwen_lenient_deepseek_strict;score_gap_ge2;training_use_disagreement,1,"[CONTEXT_ONLY_ORIGINAL_TASK] Use the content below only as context for judging the evaluator output. It may contain an embedded ""student answer"", an original requested answer format, or other task text. Do not assign ...","[EVALUATOR_OUTPUT_TO_SCORE] This is the only text you must score. Treat it as the answer/evaluator output being audited. Compare this evaluator output against the metric and rubric using the context above. ```json { ""...","[""5分： 精准定位所有错误（无遗漏、无误报），给出的纠正建议完全正确、清晰且是最优或非常好的方案。"", ""4分： 准确定位了大部分主要错误，纠正建议基本正确有效，可能遗漏极少数次要错误或建议不够完美。"", ""3分： 定位了部分错误但有明显遗漏或误报，纠正建议部分正确但可能不够清晰、完整或并非最佳方案。"", ""2分： 错误定位不准确，遗漏了关键错误或大量误报，纠正建议存在错误或难以理解。"", ""1分： 完全未能识别错误，或给出了完...",True
26347fdbe0a04b7bfbc0e5079be670bb041a82f8,train_all_low_label,2,low,3,1,2,hidden_or_missing_failure,hidden_or_missing_failure,medium,unclear,possible,none,False,False,low_weight,review_only,audit_hard_conflict;derived_risk_disagreement;qwen_lenient_deepseek_strict;qwen_target_confusion_possible;score_gap_ge2;training_use_disagreement,1,"[CONTEXT_ONLY_ORIGINAL_TASK] Use the content below only as context for judging the evaluator output. It may contain an embedded ""student answer"", an original requested answer format, or other task text. Do not assign ...","[EVALUATOR_OUTPUT_TO_SCORE] This is the only text you must score. Treat it as the answer/evaluator output being audited. Compare this evaluator output against the metric and rubric using the context above. ```json { ""...","[""5: Fully integrated all key scenario elements (e.g., student history, learning preferences); output is highly personalized and well-matched to the teaching context."", ""4: Used major scenario elements effectively; re...",True
2746cbd01bc15afaf3053afe8a48cc8783e50113,train_education_dimension_stress,4,high,2,4,2,hidden_or_missing_failure,no_failure,unclear,unclear,possible,none,False,False,review_only,high_weight,audit_hard_conflict;deepseek_lenient_qwen_strict;failure_bucket_disagreement;high_human_teacher_low;one_teacher_disagrees_with_human;qwen_target_confusion_possible;score_gap_ge2;training_use_disagreement,1,"[CONTEXT_ONLY_ORIGINAL_TASK] Use the content below only as context for judging the evaluator output. It may contain an embedded ""student answer"", an original requested answer format, or other task text. Do not assign ...","[EVALUATOR_OUTPUT_TO_SCORE] This is the only text you must score. Treat it as the answer/evaluator output being audited. Compare this evaluator output against the metric and rubric using the context above. ```json { ""...","[""5分： 所有涉及的客观事实（定义、公式、日期、名词、代码语法等）完全准确无误。"", ""4分： 绝大部分事实准确，可能存在个别极其微小的、非关键性的笔误或疏漏。"", ""3分： 大部分事实准确，但存在少量明显的事实错误，需要核查。"", ""2分： 包含较多或关键性的事实错误，信息不可靠。"", ""1分： 充斥着大量事实错误，信息完全错误或误导。""]",True
38198e8112f6fbc14a8e497a27d171d03f8cedda,train_high_disagreement_protection,4,high,2,4,2,hidden_or_missing_failure,no_failure,unclear,unclear,possible,none,False,False,review_only,high_weight,audit_hard_conflict;deepseek_lenient_qwen_strict;failure_bucket_disagreement;high_human_teacher_low;one_teacher_disagrees_with_human;qwen_target_confusion_possible;score_gap_ge2;training_use_disagreement,1,"[CONTEXT_ONLY_ORIGINAL_TASK] Use the content below only as context for judging the evaluator output. It may contain an embedded ""student answer"", an original requested answer format, or other task text. Do not assign ...","[EVALUATOR_OUTPUT_TO_SCORE] This is the only text you must score. Treat it as the answer/evaluator output being audited. Compare this evaluator output against the metric and rubric using the context above. ```json { ""...","[""5: Fully integrated all key scenario elements (e.g., student history, learning preferences); output is highly personalized and well-matched to the teaching context."", ""4: Used major scenario elements effectively; re...",True
7754b17ca8eb0080efa6f3baf6b42178e2c5ad00,train_high_disagreement_protection,4,high,4,2,2,hidden_or_missing_failure,hidden_or_missing_failure,low,high,none,possible,False,False,low_weight,review_only,audit_hard_conflict;deepseek_target_confusion_possible;derived_risk_disagreement;high_human_teacher_low;one_teacher_disagrees_with_human;qwen_lenient_deepseek_strict;score_gap_ge2;training_use_disagreement,1,"[CONTEXT_ONLY_ORIGINAL_TASK] Use the content below only as context for judging the evaluator output. It may contain an embedded ""student answer"", an original requested answer format, or other task text. Do not assign ...","[EVALUATOR_OUTPUT_TO_SCORE] This is the only text you must score. Treat it as the answer/evaluator output being audited. Compare this evaluator output against the metric and rubric using the context above. ```json { ""...","[""5分： 精准定位所有错误（无遗漏、无误报），给出的纠正建议完全正确、清晰且是最优或非常好的方案。"", ""4分： 准确定位了大部分主要错误，纠正建议基本正确有效，可能遗漏极少数次要错误或建议不够完美。"", ""3分： 定位了部分错误但有明显遗漏或误报，纠正建议部分正确但可能不够清晰、完整或并非最佳方案。"", ""2分： 错误定位不准确，遗漏了关键错误或大量误报，纠正建议存在错误或难以理解。"", ""1分： 完全未能识别错误，或给出了完...",True
860f214e2987dd9d042785210ad674283dd952a4,train_high_disagreement_protection,4,high,1,3,2,hidden_or_missing_failure,hidden_or_missing_failure,unclear,medium,possible,none,False,False,review_only,low_weight,audit_hard_conflict;deepseek_lenient_qwen_strict;derived_risk_disagreement;high_human_teacher_low;one_teacher_disagrees_with_human;qwen_target_confusion_possible;score_gap_ge2;training_use_disagreement,1,"[CONTEXT_ONLY_ORIGINAL_TASK] Use the content below only as context for judging the evaluator output. It may contain an embedded ""student answer"", an original requested answer format, or other task text. Do not assign ...","[EVALUATOR_OUTPUT_TO_SCORE] This is the only text you must score. Treat it as the answer/evaluator output being audited. Compare this evaluator output against the metric and rubric using the context above. { ""Reasonin...","[""5: Fully integrated all key scenario elements (e.g., student history, learning preferences); output is highly personalized and well-matched to the teaching context."", ""4: Used major scenario elements effectively; re...",True
a5b76b94f849ef3c81364bfd2a49a16777a2d7fa,exp27f_top40_conflict_reaudit,2,low,4,2,2,hidden_or_missing_failure,visible_failure,low,medium,none,none,False,False,review_only,high_weight,audit_hard_conflict;derived_risk_disagreement;failure_bucket_disagreement;low_human_teacher_high;one_teacher_disagrees_with_human;qwen_lenient_deepseek_strict;score_gap_ge2;training_use_disagreement,1,"[CONTEXT_ONLY_ORIGINAL_TASK] Use the content below only as context for judging the evaluator output. It may contain an embedded ""student answer"", an original requested answer format, or other task text. Do not assign ...","[EVALUATOR_OUTPUT_TO_SCORE] This is the only text you must score. Treat it as the answer/evaluator output being audited. Compare this evaluator output against the metric and rubric using the context above. ```json { ""...","[""5: Reasoning is complete, clear, and rigorous; all steps are correct; arguments are strong and free of logical fallacies."", ""4: Reasoning is largely correct and logically coherent with minor issues in individual ste...",True
cb1433b4ae3c50df72dac42f3e260ed9fe5c658a,train_high_disagreement_protection,4,high,3,1,2,hidden_or_missing_failure,hidden_or_missing_failure,medium,unclear,possible,possible,False,False,low_weight,review_only,audit_hard_conflict;deepseek_target_confusion_possible;derived_risk_disagreement;high_human_teacher_low;one_teacher_disagrees_with_human;qwen_lenient_deepseek_strict;qwen_target_confusion_possible;score_gap_ge2;training_use_disagreement,1,"[CONTEXT_ONLY_ORIGINAL_TASK] Use the content below only as context for judging the evaluator output. It may contain an embedded ""student answer"", an original requested answer format, or other task text. Do not assign ...","[EVALUATOR_OUTPUT_TO_SCORE] This is the only text you must score. Treat it as the answer/evaluator output being audited. Compare this evaluator output against the metric and rubric using the context above. ```json { ""...","[""5分： 精准定位所有错误（无遗漏、无误报），给出的纠正建议完全正确、清晰且是最优或非常好的方案。"", ""4分： 准确定位了大部分主要错误，纠正建议基本正确有效，可能遗漏极少数次要错误或建议不够完美。"", ""3分： 定位了部分错误但有明显遗漏或误报，纠正建议部分正确但可能不够清晰、完整或并非最佳方案。"", ""2分： 错误定位不准确，遗漏了关键错误或大量误报，纠正建议存在错误或难以理解。"", ""1分： 完全未能识别错误，或给出了完...",True
d669073d100a7f3755e1ce0ec3bd63e9b6c54e34,train_all_low_label,2,low,4,2,2,no_failure,visible_failure,low,high,none,none,False,False,review_only,high_weight,audit_hard_conflict;derived_risk_disagreement;failure_bucket_disagreement;low_human_teacher_high;one_teacher_disagrees_with_human;qwen_lenient_deepseek_strict;score_gap_ge2;training_use_disagreement,1,"[CONTEXT_ONLY_ORIGINAL_TASK] Use the content below only as context for judging the evaluator output. It may contain an embedded ""student answer"", an original requested answer format, or other task text. Do not assign ...","[EVALUATOR_OUTPUT_TO_SCORE] This is the only text you must score. Treat it as the answer/evaluator output being audited. Compare this evaluator output against the metric and rubric using the context above. ```json { ""...","[""5: Precisely identified all errors (no omission or false positives); provided completely correct, clear, and optimal correction suggestions."", ""4: Correctly located most major errors; suggestions are generally accur...",True
022806ec04a3b92cfcb17f3ba4951ae817c1f854,exp27f_top40_conflict_reaudit,3,mid,2,1,1,hidden_or_missing_failure,visible_failure,unclear,high,possible,none,False,False,low_weight,review_only,audit_hard_conflict;derived_risk_disagreement;failure_bucket_disagreement;one_teacher_disagrees_with_human;qwen_target_confusion_possible;training_use_disagreement,1,"[CONTEXT_ONLY_ORIGINAL_TASK] Use the content below only as context for judging the evaluator output. It may contain an embedded ""student answer"", an original requested answer format, or other task text. Do not assign ...","[EVALUATOR_OUTPUT_TO_SCORE] This is the only text you must score. Treat it as the answer/evaluator output being audited. Compare this evaluator output against the metric and rubric using the context above. ```json { ""...","[""5分： 精准定位所有错误（无遗漏、无误报），给出的纠正建议完全正确、清晰且是最优或非常好的方案。"", ""4分： 准确定位了大部分主要错误，纠正建议基本正确有效，可能遗漏极少数次要错误或建议不够完美。"", ""3分： 定位了部分错误但有明显遗漏或误报，纠正建议部分正确但可能不够清晰、完整或并非最佳方案。"", ""2分： 错误定位不准确，遗漏了关键错误或大量误报，纠正建议存在错误或难以理解。"", ""1分： 完全未能识别错误，或给出了完...",True
1947f424625d896777f4dbddef16ab9afb7730aa,exp27f_top40_conflict_reaudit,1,low,4,5,1,hidden_or_missing_failure,no_failure,low,low,none,none,False,False,review_only,review_only,audit_hard_conflict;both_teachers_disagree_with_human;failure_bucket_disagreement;low_human_teacher_high,1,"[CONTEXT_ONLY_ORIGINAL_TASK] Use the content below only as context for judging the evaluator output. It may contain an embedded ""student answer"", an original requested answer format, or other task text. Do not assign ...","[EVALUATOR_OUTPUT_TO_SCORE] This is the only text you must score. Treat it as the answer/evaluator output being audited. Compare this evaluator output against the metric and rubric using the context above. { ""Score"": ...","[""5: Reasoning is complete, clear, and rigorous; all steps are correct; arguments are strong and free of logical fallacies."", ""4: Reasoning is largely correct and logically coherent with minor issues in individual ste...",True
25a37166756d804397ce1540111f9b80f5bd477b,train_all_low_label,2,low,4,3,1,no_failure,hidden_or_missing_failure,low,low,none,none,False,False,review_only,low_weight,audit_hard_conflict;failure_bucket_disagreement;low_human_teacher_high;one_teacher_disagrees_with_human;training_use_disagreement,1,"[CONTEXT_ONLY_ORIGINAL_TASK] Use the content below only as context for judging the evaluator output. It may contain an embedded ""student answer"", an original requested answer format, or other task text. Do not assign ...","[EVALUATOR_OUTPUT_TO_SCORE] This is the only text you must score. Treat it as the answer/evaluator output being audited. Compare this evaluator output against the metric and rubric using the context above. ```json { ""...","[""5分： 交互或内容设计巧妙，能显著促进学生的批判性思维、创新思维、问题解决或知识迁移应用能力（例如通过开放性问题、对比分析、案例探究、项目式任务等）。"", ""4分： 能提出引导性问题或设计有一定挑战性的任务，对培养学生的高阶思维和能力（如分析、评估、应用）有积极作用。"", ""3分： 在促进高阶思维方面有所尝试（如提出一些简单的思考题），但深度和广度有限，效果不明显，整体仍偏重知识复述或简单应用。"", ""2分： 交互或内容主要停...",True
3bcc02fdb1dc40baccc625e0649658243cccf44d,train_all_low_label,2,low,5,4,1,no_failure,visible_failure,low,low,none,none,False,False,review_only,review_only,audit_hard_conflict;both_teachers_disagree_with_human;failure_bucket_disagreement;low_human_teacher_high,1,"[CONTEXT_ONLY_ORIGINAL_TASK] Use the content below only as context for judging the evaluator output. It may contain an embedded ""student answer"", an original requested answer format, or other task text. Do not assign ...","[EVALUATOR_OUTPUT_TO_SCORE] This is the only text you must score. Treat it as the answer/evaluator output being audited. Compare this evaluator output against the metric and rubric using the context above. ```json { ""...","[""5分： 所有涉及的客观事实（定义、公式、日期、名词、代码语法等）完全准确无误。"", ""4分： 绝大部分事实准确，可能存在个别极其微小的、非关键性的笔误或疏漏。"", ""3分： 大部分事实准确，但存在少量明显的事实错误，需要核查。"", ""2分： 包含较多或关键性的事实错误，信息不可靠。"", ""1分： 充斥着大量事实错误，信息完全错误或误导。""]",True
4c1781a47196920cfbd9a98a60533436add7af41,train_all_low_label,1,low,4,3,1,hidden_or_missing_failure,hidden_or_missing_failure,low,medium,none,none,False,False,review_only,review_only,audit_hard_conflict;both_teachers_disagree_with_human;derived_risk_disagreement;low_human_teacher_high,1,"[CONTEXT_ONLY_ORIGINAL_TASK] Use the content below only as context for judging the evaluator output. It may contain an embedded ""student answer"", an original requested answer format, or other task text. Do not assign ...","[EVALUATOR_OUTPUT_TO_SCORE] This is the only text you must score. Treat it as the answer/evaluator output being audited. Compare this evaluator output against the metric and rubric using the context above. { ""Answer"":...","[""5: Reasoning is complete, clear, and rigorous; all steps are correct; arguments are strong and free of logical fallacies."", ""4: Reasoning is largely correct and logically coherent with minor issues in individual ste...",True
65890fb994cef054dc75e0e6dd4c1b3e2d91805d,exp27f_top40_conflict_reaudit,2,low,4,3,1,no_failure,hidden_or_missing_failure,low,medium,none,none,False,False,review_only,low_weight,audit_hard_conflict;derived_risk_disagreement;failure_bucket_disagreement;low_human_teacher_high;one_teacher_disagrees_with_human;training_use_disagreement,1,"[CONTEXT_ONLY_ORIGINAL_TASK] Use the content below only as context for judging the evaluator output. It may contain an embedded ""student answer"", an original requested answer format, or other task text. Do not assign ...","[EVALUATOR_OUTPUT_TO_SCORE] This is the only text you must score. Treat it as the answer/evaluator output being audited. Compare this evaluator output against the metric and rubric using the context above. ```json { ""...","[""5分： 完全理解并精准执行所有指令，完美达成核心任务目标，格式完全符合要求。"", ""4分： 准确理解主要指令，正确执行任务，核心目标达成度高，格式基本符合要求，可能有极少细节遗漏或偏差。"", ""3分： 理解了指令大意但可能忽略部分细节，任务基本完成但存在一些不准确或遗漏之处，格式有明显尝试但存在较多偏差。"", ""2分： 对指令理解有偏差，任务完成度低或有严重错误，格式多数不符合要求。"", ""1分： 完全误解或无视指令，任务未完...",True
bd384e01426757c4dd86e755a75d5ef86fe6e59f,exp27f_top40_conflict_reaudit,1,low,5,4,1,no_failure,no_failure,low,low,none,none,False,False,review_only,review_only,audit_hard_conflict;both_teachers_disagree_with_human;low_human_teacher_high,1,"[CONTEXT_ONLY_ORIGINAL_TASK] Use the content below only as context for judging the evaluator output. It may contain an embedded ""student answer"", an original requested answer format, or other task text. Do not assign ...","[EVALUATOR_OUTPUT_TO_SCORE] This is the only text you must score. Treat it as the answer/evaluator output being audited. Compare this evaluator output against the metric and rubric using the context above. ```json { ""...","[""5: Reasoning is complete, clear, and rigorous; all steps are correct; arguments are strong and free of logical fallacies."", ""4: Reasoning is largely correct and logically coherent with minor issues in individual ste...",True
06861366641747d8214ceee8efb257daab5915fd,train_all_low_label,2,low,1,1,0,hidden_or_missing_failure,hidden_or_missing_failure,unclear,high,possible,none,False,False,low_weight,low_weight,derived_risk_disagreement;qwen_target_confusion_possible,1,"[CONTEXT_ONLY_ORIGINAL_TASK] Use the content below only as context for judging the evaluator output. It may contain an embedded ""student answer"", an original requested answer format, or other task text. Do not assign ...","[EVALUATOR_OUTPUT_TO_SCORE] This is the only text you must score. Treat it as the answer/evaluator output being audited. Compare this evaluator output against the metric and rubric using the context above. ```json { ""...","[""5: Fully integrated all key scenario elements (e.g., student history, learning preferences); output is highly personalized and well-matched to the teaching context."", ""4: Used major scenario elements effectively; re...",True
1214a9796760bb201b38fce79c99471cc31271d2,train_high_disagreement_protection,5,high,1,1,0,visible_failure,visible_failure,high,high,none,none,False,True,review_only,exclude,audit_hard_conflict;both_teachers_disagree_with_human;deepseek_audit_target_confusion_detected;high_human_teacher_low;training_use_disagreement,1,"[CONTEXT_ONLY_ORIGINAL_TASK] Use the content below only as context for judging the evaluator output. It may contain an embedded ""student answer"", an original requested answer format, or other task text. Do not assign ...","[EVALUATOR_OUTPUT_TO_SCORE] This is the only text you must score. Treat it as the answer/evaluator output being audited. Compare this evaluator output against the metric and rubric using the context above. ```json { ""...","[""5: Precisely identified all errors (no omission or false positives); provided completely correct, clear, and optimal correction suggestions."", ""4: Correctly located most major errors; suggestions are generally accur...",True
1eb8224098f64d601f3a0c500d6d3590e13a5e30,train_education_dimension_stress,4,high,4,4,0,no_failure,no_failure,unclear,unclear,possible,none,False,False,high_weight,high_weight,qwen_target_confusion_possible,1,"[CONTEXT_ONLY_ORIGINAL_TASK] Use the content below only as context for judging the evaluator output. It may contain an embedded ""student answer"", an original requested answer format, or other task text. Do not assign ...","[EVALUATOR_OUTPUT_TO_SCORE] This is the only text you must score. Treat it as the answer/evaluator output being audited. Compare this evaluator output against the metric and rubric using the context above. { ""纠错后答案"": ...","[""5分： 推理逻辑链条完整、清晰、严密，步骤正确无误，论证充分有力，无逻辑跳跃或漏洞。"", ""4分： 推理过程主体正确且逻辑清晰，可能在个别步骤的表述或论证细节上略有瑕疵，但不影响最终结论的有效性。"", ""3分： 推理过程大体可见，但存在一些逻辑不清、步骤缺失或论证不足之处，结论可能受到影响。"", ""2分： 推理过程存在明显的逻辑错误、步骤混乱或严重缺失，难以得出正确或可靠的结论。"", ""1分： 几乎没有有效的推理过程，逻辑混乱...",True
3fdc81f613bf237c32a80d3fb798df97d4a1a3ab,train_all_low_label,2,low,5,5,0,no_failure,no_failure,low,low,none,none,False,False,review_only,review_only,audit_hard_conflict;both_teachers_disagree_with_human;low_human_teacher_high,1,"[CONTEXT_ONLY_ORIGINAL_TASK] Use the content below only as context for judging the evaluator output. It may contain an embedded ""student answer"", an original requested answer format, or other task text. Do not assign ...","[EVALUATOR_OUTPUT_TO_SCORE] This is the only text you must score. Treat it as the answer/evaluator output being audited. Compare this evaluator output against the metric and rubric using the context above. ```json { ""...","[""5分： 完全理解并精准执行所有指令，完美达成核心任务目标，格式完全符合要求。"", ""4分： 准确理解主要指令，正确执行任务，核心目标达成度高，格式基本符合要求，可能有极少细节遗漏或偏差。"", ""3分： 理解了指令大意但可能忽略部分细节，任务基本完成但存在一些不准确或遗漏之处，格式有明显尝试但存在较多偏差。"", ""2分： 对指令理解有偏差，任务完成度低或有严重错误，格式多数不符合要求。"", ""1分： 完全误解或无视指令，任务未完...",True
49318c4f0d2ec2244ac543b0db468afaf9a85d1b,train_all_low_label,1,low,5,5,0,no_failure,no_failure,low,low,none,none,False,False,review_only,review_only,audit_hard_conflict;both_teachers_disagree_with_human;low_human_teacher_high,1,"[CONTEXT_ONLY_ORIGINAL_TASK] Use the content below only as context for judging the evaluator output. It may contain an embedded ""student answer"", an original requested answer format, or other task text. Do not assign ...","[EVALUATOR_OUTPUT_TO_SCORE] This is the only text you must score. Treat it as the answer/evaluator output being audited. Compare this evaluator output against the metric and rubric using the context above. ```json { ""...","[""5: Reasoning is complete, clear, and rigorous; all steps are correct; arguments are strong and free of logical fallacies."", ""4: Reasoning is largely correct and logically coherent with minor issues in individual ste...",True
61725aede8ed2f1879dae36d9b4f8a751b64787b,train_all_low_label,2,low,1,1,0,hidden_or_missing_failure,hidden_or_missing_failure,high,unclear,none,possible,False,False,low_weight,low_weight,deepseek_target_confusion_possible;derived_risk_disagreement,1,"[CONTEXT_ONLY_ORIGINAL_TASK] Use the content below only as context for judging the evaluator output. It may contain an embedded ""student answer"", an original requested answer format, or other task text. Do not assign ...","[EVALUATOR_OUTPUT_TO_SCORE] This is the only text you must score. Treat it as the answer/evaluator output being audited. Compare this evaluator output against the metric and rubric using the context above. { ""reasonin...","[""5: Fully integrated all key scenario elements (e.g., student history, learning preferences); output is highly personalized and well-matched to the teaching context."", ""4: Used major scenario elements effectively; re...",True
6a65ddfebb3698d3eb20f814a761580fa2f8be48,train_all_low_label,2,low,5,5,0,no_failure,no_failure,low,low,none,none,False,False,review_only,review_only,audit_hard_conflict;both_teachers_disagree_with_human;low_human_teacher_high,1,"[CONTEXT_ONLY_ORIGINAL_TASK] Use the content below only as context for judging the evaluator output. It may contain an embedded ""student answer"", an original requested answer format, or other task text. Do not assign ...","[EVALUATOR_OUTPUT_TO_SCORE] This is the only text you must score. Treat it as the answer/evaluator output being audited. Compare this evaluator output against the metric and rubric using the context above. ```json { ""...","[""5: Content is highly relevant to the specified topic/theme/question; strictly within required difficulty/scope/discipline without redundant or irrelevant information."", ""4: Overall relevance is high; scope control i...",True
6cc46157fcf2aa5b87cd72293be48481a7e5dacc,train_all_low_label,2,low,4,4,0,no_failure,no_failure,low,low,none,none,False,False,review_only,review_only,audit_hard_conflict;both_teachers_disagree_with_human;low_human_teacher_high,1,"[CONTEXT_ONLY_ORIGINAL_TASK] Use the content below only as context for judging the evaluator output. It may contain an embedded ""student answer"", an original requested answer format, or other task text. Do not assign ...","[EVALUATOR_OUTPUT_TO_SCORE] This is the only text you must score. Treat it as the answer/evaluator output being audited. Compare this evaluator output against the metric and rubric using the context above. ```json { ""...","[""5: Fully understood and precisely executed all instructions; achieved core task with perfect accuracy; output format is fully compliant."", ""4: Accurately understood main instructions and correctly completed the task...",True
712cd1dd80a4537e4bee8ff3fa1e3580d4575d0a,exp27f_top40_conflict_reaudit,5,high,2,2,0,hidden_or_missing_failure,visible_failure,high,high,possible,none,False,False,review_only,review_only,audit_hard_conflict;both_teachers_disagree_with_human;failure_bucket_disagreement;high_human_teacher_low;qwen_target_confusion_possible,1,"[CONTEXT_ONLY_ORIGINAL_TASK] Use the content below only as context for judging the evaluator output. It may contain an embedded ""student answer"", an original requested answer format, or other task text. Do not assign ...","[EVALUATOR_OUTPUT_TO_SCORE] This is the only text you must score. Treat it as the answer/evaluator output being audited. Compare this evaluator output against the metric and rubric using the context above. { ""Reasonin...","[""5: Skillfully designed to promote critical/creative thinking, problem-solving, or transfer of knowledge (e.g., through open-ended questions, comparative analysis, case study, project-based tasks)."", ""4: Includes gui...",True
7a5ae2c79851e40cccaf47deb5d4953023576ec9,train_all_low_label,2,low,1,1,0,hidden_or_missing_failure,hidden_or_missing_failure,unclear,unclear,possible,none,False,False,low_weight,low_weight,qwen_target_confusion_possible,1,"[CONTEXT_ONLY_ORIGINAL_TASK] Use the content below only as context for judging the evaluator output. It may contain an embedded ""student answer"", an original requested answer format, or other task text. Do not assign ...","[EVALUATOR_OUTPUT_TO_SCORE] This is the only text you must score. Treat it as the answer/evaluator output being audited. Compare this evaluator output against the metric and rubric using the context above. { ""reasonin...","[""5: Fully integrated all key scenario elements (e.g., student history, learning preferences); output is highly personalized and well-matched to the teaching context."", ""4: Used major scenario elements effectively; re...",True
7b2343c0fac6f79059007d116f746842fe6a6637,exp27f_top40_conflict_reaudit,1,low,4,4,0,no_failure,no_failure,low,low,none,none,False,False,review_only,review_only,audit_hard_conflict;both_teachers_disagree_with_human;low_human_teacher_high,1,"[CONTEXT_ONLY_ORIGINAL_TASK] Use the content below only as context for judging the evaluator output. It may contain an embedded ""student answer"", an original requested answer format, or other task text. Do not assign ...","[EVALUATOR_OUTPUT_TO_SCORE] This is the only text you must score. Treat it as the answer/evaluator output being audited. Compare this evaluator output against the metric and rubric using the context above. ```json { ""...","[""5: Reasoning is complete, clear, and rigorous; all steps are correct; arguments are strong and free of logical fallacies."", ""4: Reasoning is largely correct and logically coherent with minor issues in individual ste...",True
7ba3796b67c7c4bdf0256d910038276dfc430c41,train_mid_borderline,3,mid,1,1,0,hidden_or_missing_failure,hidden_or_missing_failure,unclear,unclear,possible,none,False,False,review_only,review_only,audit_hard_conflict;both_teachers_disagree_with_human;qwen_target_confusion_possible,1,"[CONTEXT_ONLY_ORIGINAL_TASK] Use the content below only as context for judging the evaluator output. It may contain an embedded ""student answer"", an original requested answer format, or other task text. Do not assign ...","[EVALUATOR_OUTPUT_TO_SCORE] This is the only text you must score. Treat it as the answer/evaluator output being audited. Compare this evaluator output against the metric and rubric using the context above. { ""Reasonin...","[""5: Fully integrated all key scenario elements (e.g., student history, learning preferences); output is highly personalized and well-matched to the teaching context."", ""4: Used major scenario elements effectively; re...",True
7dfd63e7375e5474e2df047ebe282cf4ba8661b8,train_all_low_label,1,low,5,5,0,no_failure,no_failure,low,low,none,none,False,True,review_only,review_only,audit_hard_conflict;both_teachers_disagree_with_human;deepseek_audit_target_confusion_detected;low_human_teacher_high,1,"[CONTEXT_ONLY_ORIGINAL_TASK] Use the content below only as context for judging the evaluator output. It may contain an embedded ""student answer"", an original requested answer format, or other task text. Do not assign ...","[EVALUATOR_OUTPUT_TO_SCORE] This is the only text you must score. Treat it as the answer/evaluator output being audited. Compare this evaluator output against the metric and rubric using the context above. ```json { ""...","[""5: Reasoning is complete, clear, and rigorous; all steps are correct; arguments are strong and free of logical fallacies."", ""4: Reasoning is largely correct and logically coherent with minor issues in individual ste...",True
994d4e155a8f105839639aba605151175ef4de88,train_all_low_label,1,low,2,2,0,visible_failure,visible_failure,unclear,medium,possible,none,False,False,low_weight,low_weight,derived_risk_disagreement;qwen_target_confusion_possible,1,"[CONTEXT_ONLY_ORIGINAL_TASK] Use the content below only as context for judging the evaluator output. It may contain an embedded ""student answer"", an original requested answer format, or other task text. Do not assign ...","[EVALUATOR_OUTPUT_TO_SCORE] This is the only text you must score. Treat it as the answer/evaluator output being audited. Compare this evaluator output against the metric and rubric using the context above. ```json { ""...","[""5分： 精准定位所有错误（无遗漏、无误报），给出的纠正建议完全正确、清晰且是最优或非常好的方案。"", ""4分： 准确定位了大部分主要错误，纠正建议基本正确有效，可能遗漏极少数次要错误或建议不够完美。"", ""3分： 定位了部分错误但有明显遗漏或误报，纠正建议部分正确但可能不够清晰、完整或并非最佳方案。"", ""2分： 错误定位不准确，遗漏了关键错误或大量误报，纠正建议存在错误或难以理解。"", ""1分： 完全未能识别错误，或给出了完...",True
ac1bb0a1eef8d061ab1bb66586be679cc42596ee,train_education_dimension_stress,5,high,1,1,0,hidden_or_missing_failure,hidden_or_missing_failure,unclear,high,possible,none,False,False,review_only,review_only,audit_hard_conflict;both_teachers_disagree_with_human;derived_risk_disagreement;high_human_teacher_low;qwen_target_confusion_possible,1,"[CONTEXT_ONLY_ORIGINAL_TASK] Use the content below only as context for judging the evaluator output. It may contain an embedded ""student answer"", an original requested answer format, or other task text. Do not assign ...","[EVALUATOR_OUTPUT_TO_SCORE] This is the only text you must score. Treat it as the answer/evaluator output being audited. Compare this evaluator output against the metric and rubric using the context above. ```json { ""...","[""5: Fully integrated all key scenario elements (e.g., student history, learning preferences); output is highly personalized and well-matched to the teaching context."", ""4: Used major scenario elements effectively; re...",True
d47f50d9f862f2b3b38b2bce2d879ce46d379e2b,exp27f_top40_conflict_reaudit,2,low,5,5,0,no_failure,no_failure,low,low,none,none,False,False,review_only,review_only,audit_hard_conflict;both_teachers_disagree_with_human;low_human_teacher_high,1,"[CONTEXT_ONLY_ORIGINAL_TASK] Use the content below only as context for judging the evaluator output. It may contain an embedded ""student answer"", an original requested answer format, or other task text. Do not assign ...",[EVALUATOR_OUTPUT_TO_SCORE] This is the only text you must score. Treat it as the answer/evaluator output being audited. Compare this evaluator output against the metric and rubric using the context above. Here is an ...,"[""5: Content is highly relevant to the specified topic/theme/question; strictly within required difficulty/scope/discipline without redundant or irrelevant information."", ""4: Overall relevance is high; scope control i...",True
f33e86ba6eaa5281c801dea1ed174135a7d4c0da,exp27f_top40_conflict_reaudit,2,low,5,5,0,no_failure,no_failure,low,low,none,none,False,False,review_only,review_only,audit_hard_conflict;both_teachers_disagree_with_human;low_human_teacher_high,1,"[CONTEXT_ONLY_ORIGINAL_TASK] Use the content below only as context for judging the evaluator output. It may contain an embedded ""student answer"", an original requested answer format, or other task text. Do not assign ...","[EVALUATOR_OUTPUT_TO_SCORE] This is the only text you must score. Treat it as the answer/evaluator output being audited. Compare this evaluator output against the metric and rubric using the context above. { ""评分"": ""错误...","[""5分： 所有涉及的客观事实（定义、公式、日期、名词、代码语法等）完全准确无误。"", ""4分： 绝大部分事实准确，可能存在个别极其微小的、非关键性的笔误或疏漏。"", ""3分： 大部分事实准确，但存在少量明显的事实错误，需要核查。"", ""2分： 包含较多或关键性的事实错误，信息不可靠。"", ""1分： 充斥着大量事实错误，信息完全错误或误导。""]",True
fa439d530a93932f4cf8a09f743d80c44e18e0b8,train_all_low_label,2,low,5,5,0,no_failure,no_failure,low,low,none,none,False,False,review_only,review_only,audit_hard_conflict;both_teachers_disagree_with_human;low_human_teacher_high,1,"[CONTEXT_ONLY_ORIGINAL_TASK] Use the content below only as context for judging the evaluator output. It may contain an embedded ""student answer"", an original requested answer format, or other task text. Do not assign ...","[EVALUATOR_OUTPUT_TO_SCORE] This is the only text you must score. Treat it as the answer/evaluator output being audited. Compare this evaluator output against the metric and rubric using the context above. { ""Answer"":...","[""5: Content is highly relevant to the specified topic/theme/question; strictly within required difficulty/scope/discipline without redundant or irrelevant information."", ""4: Overall relevance is high; scope control i...",True
ffbcfd835bce6f2c49e6ba425055824d75949505,train_all_low_label,2,low,5,5,0,no_failure,no_failure,low,low,none,none,False,False,review_only,review_only,audit_hard_conflict;both_teachers_disagree_with_human;low_human_teacher_high,1,"[CONTEXT_ONLY_ORIGINAL_TASK] Use the content below only as context for judging the evaluator output. It may contain an embedded ""student answer"", an original requested answer format, or other task text. Do not assign ...","[EVALUATOR_OUTPUT_TO_SCORE] This is the only text you must score. Treat it as the answer/evaluator output being audited. Compare this evaluator output against the metric and rubric using the context above. ```json { ""...","[""5: Reasoning is complete, clear, and rigorous; all steps are correct; arguments are strong and free of logical fallacies."", ""4: Reasoning is largely correct and logically coherent with minor issues in individual ste...",True
0a2ec1587d91e3e0c90bc2114bf0d552f4bf7391,train_high_disagreement_protection,5,high,1,5,4,visible_failure,no_failure,high,low,none,none,False,False,review_only,high_weight,audit_hard_conflict;deepseek_lenient_qwen_strict;derived_risk_disagreement;failure_bucket_disagreement;high_human_teacher_low;one_teacher_disagrees_with_human;score_gap_ge2;training_use_disagreement,2,"[CONTEXT_ONLY_ORIGINAL_TASK] Use the content below only as context for judging the evaluator output. It may contain an embedded ""student answer"", an original requested answer format, or other task text. Do not assign ...","[EVALUATOR_OUTPUT_TO_SCORE] This is the only text you must score. Treat it as the answer/evaluator output being audited. Compare this evaluator output against the metric and rubric using the context above. ```json { ""...","[""5: Fully understood and precisely executed all instructions; achieved core task with perfect accuracy; output format is fully compliant."", ""4: Accurately understood main instructions and correctly completed the task...",True
41f3cae79f5df41d44971543e9bb4a9c8231a2cf,train_high_disagreement_protection,5,high,5,1,4,no_failure,hidden_or_missing_failure,low,high,none,none,False,False,high_weight,review_only,audit_hard_conflict;derived_risk_disagreement;failure_bucket_disagreement;high_human_teacher_low;one_teacher_disagrees_with_human;qwen_lenient_deepseek_strict;score_gap_ge2;training_use_disagreement,2,"[CONTEXT_ONLY_ORIGINAL_TASK] Use the content below only as context for judging the evaluator output. It may contain an embedded ""student answer"", an original requested answer format, or other task text. Do not assign ...","[EVALUATOR_OUTPUT_TO_SCORE] This is the only text you must score. Treat it as the answer/evaluator output being audited. Compare this evaluator output against the metric and rubric using the context above. ```json { ""...","[""5: Reasoning is complete, clear, and rigorous; all steps are correct; arguments are strong and free of logical fallacies."", ""4: Reasoning is largely correct and logically coherent with minor issues in individual ste...",True
9c11ae20492b6cd7e72408ed248ec8885b14f08e,train_high_disagreement_protection,5,high,1,5,4,visible_failure,no_failure,high,low,none,none,False,False,review_only,high_weight,audit_hard_conflict;deepseek_lenient_qwen_strict;derived_risk_disagreement;failure_bucket_disagreement;high_human_teacher_low;one_teacher_disagrees_with_human;score_gap_ge2;training_use_disagreement,2,"[CONTEXT_ONLY_ORIGINAL_TASK] Use the content below only as context for judging the evaluator output. It may contain an embedded ""student answer"", an original requested answer format, or other task text. Do not assign ...","[EVALUATOR_OUTPUT_TO_SCORE] This is the only text you must score. Treat it as the answer/evaluator output being audited. Compare this evaluator output against the metric and rubric using the context above. ```json { ""...","[""5: Precisely identified all errors (no omission or false positives); provided completely correct, clear, and optimal correction suggestions."", ""4: Correctly located most major errors; suggestions are generally accur...",True
a1f8f5bd14d379348183f31e40c71606ea96acf0,train_high_disagreement_protection,5,high,1,5,4,visible_failure,no_failure,high,low,none,none,False,False,review_only,high_weight,audit_hard_conflict;deepseek_lenient_qwen_strict;derived_risk_disagreement;failure_bucket_disagreement;high_human_teacher_low;one_teacher_disagrees_with_human;score_gap_ge2;training_use_disagreement,2,"[CONTEXT_ONLY_ORIGINAL_TASK] Use the content below only as context for judging the evaluator output. It may contain an embedded ""student answer"", an original requested answer format, or other task text. Do not assign ...","[EVALUATOR_OUTPUT_TO_SCORE] This is the only text you must score. Treat it as the answer/evaluator output being audited. Compare this evaluator output against the metric and rubric using the context above. ```json { ""...","[""5: Precisely identified all errors (no omission or false positives); provided completely correct, clear, and optimal correction suggestions."", ""4: Correctly located most major errors; suggestions are generally accur...",True
c5b13d30d2331207da1cb7655b036ad44e7b7ed6,train_high_disagreement_protection,5,high,5,1,4,no_failure,visible_failure,low,medium,none,none,False,False,high_weight,high_weight,audit_hard_conflict;derived_risk_disagreement;failure_bucket_disagreement;high_human_teacher_low;one_teacher_disagrees_with_human;qwen_lenient_deepseek_strict;score_gap_ge2,2,"[CONTEXT_ONLY_ORIGINAL_TASK] Use the content below only as context for judging the evaluator output. It may contain an embedded ""student answer"", an original requested answer format, or other task text. Do not assign ...","[EVALUATOR_OUTPUT_TO_SCORE] This is the only text you must score. Treat it as the answer/evaluator output being audited. Compare this evaluator output against the metric and rubric using the context above. ```json { ""...","[""5分： 所有涉及的客观事实（定义、公式、日期、名词、代码语法等）完全准确无误。"", ""4分： 绝大部分事实准确，可能存在个别极其微小的、非关键性的笔误或疏漏。"", ""3分： 大部分事实准确，但存在少量明显的事实错误，需要核查。"", ""2分： 包含较多或关键性的事实错误，信息不可靠。"", ""1分： 充斥着大量事实错误，信息完全错误或误导。""]",True
46133cfb383c1c10e94bab324dabdce1277ab939,exp27f_top40_conflict_reaudit,4,high,4,1,3,hidden_or_missing_failure,visible_failure,unclear,high,none,none,False,False,high_weight,review_only,audit_hard_conflict;derived_risk_disagreement;failure_bucket_disagreement;high_human_teacher_low;one_teacher_disagrees_with_human;qwen_lenient_deepseek_strict;score_gap_ge2;training_use_disagreement,2,"[CONTEXT_ONLY_ORIGINAL_TASK] Use the content below only as context for judging the evaluator output. It may contain an embedded ""student answer"", an original requested answer format, or other task text. Do not assign ...","[EVALUATOR_OUTPUT_TO_SCORE] This is the only text you must score. Treat it as the answer/evaluator output being audited. Compare this evaluator output against the metric and rubric using the context above. ```json { ""...","[""5分： 完全理解并精准执行所有指令，完美达成核心任务目标，格式完全符合要求。"", ""4分： 准确理解主要指令，正确执行任务，核心目标达成度高，格式基本符合要求，可能有极少细节遗漏或偏差。"", ""3分： 理解了指令大意但可能忽略部分细节，任务基本完成但存在一些不准确或遗漏之处，格式有明显尝试但存在较多偏差。"", ""2分： 对指令理解有偏差，任务完成度低或有严重错误，格式多数不符合要求。"", ""1分： 完全误解或无视指令，任务未完...",True
64d4f4ad6093e728396fd824f61301a40e779052,train_education_dimension_stress,4,high,4,1,3,hidden_or_missing_failure,hidden_or_missing_failure,low,high,none,none,False,False,high_weight,review_only,audit_hard_conflict;derived_risk_disagreement;high_human_teacher_low;one_teacher_disagrees_with_human;qwen_lenient_deepseek_strict;score_gap_ge2;training_use_disagreement,2,"[CONTEXT_ONLY_ORIGINAL_TASK] Use the content below only as context for judging the evaluator output. It may contain an embedded ""student answer"", an original requested answer format, or other task text. Do not assign ...","[EVALUATOR_OUTPUT_TO_SCORE] This is the only text you must score. Treat it as the answer/evaluator output being audited. Compare this evaluator output against the metric and rubric using the context above. ```json { ""...","[""5分： 充分融合所有关键场景要素（如学生历史、学习偏好等），输出高度个性化，并与教学情境高度匹配。"", ""4分： 有效使用主要场景要素，回答具有针对性；可能遗漏少量细节，但不影响整体效果。"", ""3分： 使用了部分场景信息，但融合较浅；个性化程度或情境契合度一般。"", ""2分： 仅表层提及场景信息，未有效融合核心要素；与上下文连接较弱。"", ""1分： 完全忽视场景特定信息；输出通用、模板化，且与场景不相关。""]",True
c42d9020842ba63f6ee5de91d4d4b21f97f246ac,exp27f_top40_conflict_reaudit,5,high,4,1,3,hidden_or_missing_failure,hidden_or_missing_failure,low,high,none,none,False,False,low_weight,review_only,audit_hard_conflict;derived_risk_disagreement;high_human_teacher_low;one_teacher_disagrees_with_human;qwen_lenient_deepseek_strict;score_gap_ge2;training_use_disagreement,2,"[CONTEXT_ONLY_ORIGINAL_TASK] Use the content below only as context for judging the evaluator output. It may contain an embedded ""student answer"", an original requested answer format, or other task text. Do not assign ...","[EVALUATOR_OUTPUT_TO_SCORE] This is the only text you must score. Treat it as the answer/evaluator output being audited. Compare this evaluator output against the metric and rubric using the context above. ```json { ""...","[""5分： 推理逻辑链条完整、清晰、严密，步骤正确无误，论证充分有力，无逻辑跳跃或漏洞。"", ""4分： 推理过程主体正确且逻辑清晰，可能在个别步骤的表述或论证细节上略有瑕疵，但不影响最终结论的有效性。"", ""3分： 推理过程大体可见，但存在一些逻辑不清、步骤缺失或论证不足之处，结论可能受到影响。"", ""2分： 推理过程存在明显的逻辑错误、步骤混乱或严重缺失，难以得出正确或可靠的结论。"", ""1分： 几乎没有有效的推理过程，逻辑混乱...",True
9f01d326636e7c3a7474f87252477c04a1d4c368,train_high_disagreement_protection,5,high,2,4,2,hidden_or_missing_failure,visible_failure,high,low,none,none,False,False,review_only,low_weight,audit_hard_conflict;deepseek_lenient_qwen_strict;derived_risk_disagreement;failure_bucket_disagreement;high_human_teacher_low;one_teacher_disagrees_with_human;score_gap_ge2;training_use_disagreement,2,"[CONTEXT_ONLY_ORIGINAL_TASK] Use the content below only as context for judging the evaluator output. It may contain an embedded ""student answer"", an original requested answer format, or other task text. Do not assign ...","[EVALUATOR_OUTPUT_TO_SCORE] This is the only text you must score. Treat it as the answer/evaluator output being audited. Compare this evaluator output against the metric and rubric using the context above. ```json { ""...","[""5: Precisely identified all errors (no omission or false positives); provided completely correct, clear, and optimal correction suggestions."", ""4: Correctly located most major errors; suggestions are generally accur...",True
abc2aed26c2f3aa3dad2c0bae8c5890218e7d839,train_high_disagreement_protection,5,high,4,2,2,no_failure,hidden_or_missing_failure,low,high,none,none,False,False,low_weight,review_only,audit_hard_conflict;derived_risk_disagreement;failure_bucket_disagreement;high_human_teacher_low;one_teacher_disagrees_with_human;qwen_lenient_deepseek_strict;score_gap_ge2;training_use_disagreement,2,"[CONTEXT_ONLY_ORIGINAL_TASK] Use the content below only as context for judging the evaluator output. It may contain an embedded ""student answer"", an original requested answer format, or other task text. Do not assign ...","[EVALUATOR_OUTPUT_TO_SCORE] This is the only text you must score. Treat it as the answer/evaluator output being audited. Compare this evaluator output against the metric and rubric using the context above. ```json { ""...","[""5分： 精准定位所有错误（无遗漏、无误报），给出的纠正建议完全正确、清晰且是最优或非常好的方案。"", ""4分： 准确定位了大部分主要错误，纠正建议基本正确有效，可能遗漏极少数次要错误或建议不够完美。"", ""3分： 定位了部分错误但有明显遗漏或误报，纠正建议部分正确但可能不够清晰、完整或并非最佳方案。"", ""2分： 错误定位不准确，遗漏了关键错误或大量误报，纠正建议存在错误或难以理解。"", ""1分： 完全未能识别错误，或给出了完...",True
209a0a78a689407502d6834b0c634b2dea5153b5,train_clean_high_controls,4,high,2,1,1,visible_failure,visible_failure,high,medium,none,none,False,False,review_only,review_only,audit_hard_conflict;both_teachers_disagree_with_human;derived_risk_disagreement;high_human_teacher_low,2,"[CONTEXT_ONLY_ORIGINAL_TASK] Use the content below only as context for judging the evaluator output. It may contain an embedded ""student answer"", an original requested answer format, or other task text. Do not assign ...","[EVALUATOR_OUTPUT_TO_SCORE] This is the only text you must score. Treat it as the answer/evaluator output being audited. Compare this evaluator output against the metric and rubric using the context above. ```json { ""...","[""5分： 所有涉及的客观事实（定义、公式、日期、名词、代码语法等）完全准确无误。"", ""4分： 绝大部分事实准确，可能存在个别极其微小的、非关键性的笔误或疏漏。"", ""3分： 大部分事实准确，但存在少量明显的事实错误，需要核查。"", ""2分： 包含较多或关键性的事实错误，信息不可靠。"", ""1分： 充斥着大量事实错误，信息完全错误或误导。""]",True
4d7361e303f3c6a68ed2bc5367e04264e6aac45d,train_high_disagreement_protection,4,high,2,1,1,hidden_or_missing_failure,visible_failure,high,high,none,none,False,False,review_only,review_only,audit_hard_conflict;both_teachers_disagree_with_human;failure_bucket_disagreement;high_human_teacher_low,2,"[CONTEXT_ONLY_ORIGINAL_TASK] Use the content below only as context for judging the evaluator output. It may contain an embedded ""student answer"", an original requested answer format, or other task text. Do not assign ...","[EVALUATOR_OUTPUT_TO_SCORE] This is the only text you must score. Treat it as the answer/evaluator output being audited. Compare this evaluator output against the metric and rubric using the context above. ```json { ""...","[""5分： 精准定位所有错误（无遗漏、无误报），给出的纠正建议完全正确、清晰且是最优或非常好的方案。"", ""4分： 准确定位了大部分主要错误，纠正建议基本正确有效，可能遗漏极少数次要错误或建议不够完美。"", ""3分： 定位了部分错误但有明显遗漏或误报，纠正建议部分正确但可能不够清晰、完整或并非最佳方案。"", ""2分： 错误定位不准确，遗漏了关键错误或大量误报，纠正建议存在错误或难以理解。"", ""1分： 完全未能识别错误，或给出了完...",True
8a7b6cad6bb59eda2ee12ec90a7150af7029cf77,train_high_disagreement_protection,4,high,3,2,1,hidden_or_missing_failure,hidden_or_missing_failure,medium,high,none,none,False,False,low_weight,review_only,audit_hard_conflict;derived_risk_disagreement;high_human_teacher_low;one_teacher_disagrees_with_human;training_use_disagreement,2,"[CONTEXT_ONLY_ORIGINAL_TASK] Use the content below only as context for judging the evaluator output. It may contain an embedded ""student answer"", an original requested answer format, or other task text. Do not assign ...","[EVALUATOR_OUTPUT_TO_SCORE] This is the only text you must score. Treat it as the answer/evaluator output being audited. Compare this evaluator output against the metric and rubric using the context above. ```json { ""...","[""5: Strongly supportive and encouraging; consistently uses constructive and positive language; offers highly effective heuristic guidance instead of simply giving answers."", ""4: Generally supportive tone and positive...",True
a162e24f978936b5c7d9deb605c0328d43240cf9,train_education_dimension_stress,4,high,3,2,1,hidden_or_missing_failure,visible_failure,medium,medium,none,none,False,False,low_weight,review_only,audit_hard_conflict;failure_bucket_disagreement;high_human_teacher_low;one_teacher_disagrees_with_human;training_use_disagreement,2,"[CONTEXT_ONLY_ORIGINAL_TASK] Use the content below only as context for judging the evaluator output. It may contain an embedded ""student answer"", an original requested answer format, or other task text. Do not assign ...","[EVALUATOR_OUTPUT_TO_SCORE] This is the only text you must score. Treat it as the answer/evaluator output being audited. Compare this evaluator output against the metric and rubric using the context above. { ""思路"": { ""...","[""5分： 在专业领域知识运用上不仅准确，且展现出恰当的深度和严谨性，符合行业标准或学术规范。"", ""4分： 专业知识运用准确，体现了较好的专业水准，但在深度或某些细节的严谨性上略有不足，不影响核心正确性。"", ""3分： 专业知识运用基本准确，但显得较为表层或不够严谨，可能存在一些非核心概念的混淆或遗漏。"", ""2分： 专业知识运用存在明显错误或重大遗漏，体现出专业性不足。"", ""1分： 专业知识运用方面存在严重错误，完全不符合专...",True
b650b6cb1b9e43ee12a588ee3f7177d92a792bf2,train_high_disagreement_protection,4,high,2,1,1,hidden_or_missing_failure,hidden_or_missing_failure,high,high,none,none,False,False,review_only,review_only,audit_hard_conflict;both_teachers_disagree_with_human;high_human_teacher_low,2,"[CONTEXT_ONLY_ORIGINAL_TASK] Use the content below only as context for judging the evaluator output. It may contain an embedded ""student answer"", an original requested answer format, or other task text. Do not assign ...","[EVALUATOR_OUTPUT_TO_SCORE] This is the only text you must score. Treat it as the answer/evaluator output being audited. Compare this evaluator output against the metric and rubric using the context above. ```json { ""...","[""5分： 推理逻辑链条完整、清晰、严密，步骤正确无误，论证充分有力，无逻辑跳跃或漏洞。"", ""4分： 推理过程主体正确且逻辑清晰，可能在个别步骤的表述或论证细节上略有瑕疵，但不影响最终结论的有效性。"", ""3分： 推理过程大体可见，但存在一些逻辑不清、步骤缺失或论证不足之处，结论可能受到影响。"", ""2分： 推理过程存在明显的逻辑错误、步骤混乱或严重缺失，难以得出正确或可靠的结论。"", ""1分： 几乎没有有效的推理过程，逻辑混乱...",True
b9f1c6853708c1217088b33dabe3b2ce1f70233e,exp27f_top40_conflict_reaudit,4,high,3,2,1,hidden_or_missing_failure,hidden_or_missing_failure,medium,high,none,none,False,False,low_weight,review_only,audit_hard_conflict;derived_risk_disagreement;high_human_teacher_low;one_teacher_disagrees_with_human;training_use_disagreement,2,"[CONTEXT_ONLY_ORIGINAL_TASK] Use the content below only as context for judging the evaluator output. It may contain an embedded ""student answer"", an original requested answer format, or other task text. Do not assign ...","[EVALUATOR_OUTPUT_TO_SCORE] This is the only text you must score. Treat it as the answer/evaluator output being audited. Compare this evaluator output against the metric and rubric using the context above. ```json { ""...","[""5分： 解释、说明、反馈极其清晰简洁，完全符合目标学习者的理解水平；表达生动有趣，能有效激发思考和兴趣。"", ""4分： 表达清晰易懂，语言简洁，适合目标学习者；具有一定的启发性，能够引发一些思考。"", ""3分： 表达基本能懂，但可能略显啰嗦、复杂或不够生动；启发性一般。"", ""2分： 表达不够清晰，存在较多术语或复杂句式，不易理解；缺乏启发性。"", ""1分： 表达混乱、晦涩难懂，完全不考虑学习者水平；毫无启发性甚至令人困惑。""]",True
bbf00c682349c24b21ce0c89c071fd906223ebb3,train_high_disagreement_protection,5,high,2,1,1,visible_failure,hidden_or_missing_failure,high,high,none,none,False,False,review_only,high_weight,audit_hard_conflict;both_teachers_disagree_with_human;failure_bucket_disagreement;high_human_teacher_low;training_use_disagreement,2,"[CONTEXT_ONLY_ORIGINAL_TASK] Use the content below only as context for judging the evaluator output. It may contain an embedded ""student answer"", an original requested answer format, or other task text. Do not assign ...","[EVALUATOR_OUTPUT_TO_SCORE] This is the only text you must score. Treat it as the answer/evaluator output being audited. Compare this evaluator output against the metric and rubric using the context above. ```json { ""...","[""5: Precisely identified all errors (no omission or false positives); provided completely correct, clear, and optimal correction suggestions."", ""4: Correctly located most major errors; suggestions are generally accur...",True
7ac7deece8fc0ecf13485a712539e5968c9603a2,train_high_disagreement_protection,5,high,1,1,0,hidden_or_missing_failure,hidden_or_missing_failure,high,high,none,none,False,False,review_only,review_only,audit_hard_conflict;both_teachers_disagree_with_human;high_human_teacher_low,2,"[CONTEXT_ONLY_ORIGINAL_TASK] Use the content below only as context for judging the evaluator output. It may contain an embedded ""student answer"", an original requested answer format, or other task text. Do not assign ...","[EVALUATOR_OUTPUT_TO_SCORE] This is the only text you must score. Treat it as the answer/evaluator output being audited. Compare this evaluator output against the metric and rubric using the context above. ```json { ""...","[""5: Fully integrated all key scenario elements (e.g., student history, learning preferences); output is highly personalized and well-matched to the teaching context."", ""4: Used major scenario elements effectively; re...",True
c2c8d5cd776fae8163c41f48153a3fb349d2b4e8,train_education_dimension_stress,5,high,2,2,0,hidden_or_missing_failure,hidden_or_missing_failure,high,high,none,none,False,False,review_only,review_only,audit_hard_conflict;both_teachers_disagree_with_human;high_human_teacher_low,2,"[CONTEXT_ONLY_ORIGINAL_TASK] Use the content below only as context for judging the evaluator output. It may contain an embedded ""student answer"", an original requested answer format, or other task text. Do not assign ...","[EVALUATOR_OUTPUT_TO_SCORE] This is the only text you must score. Treat it as the answer/evaluator output being audited. Compare this evaluator output against the metric and rubric using the context above. { ""Reasonin...","[""5: Fully integrated all key scenario elements (e.g., student history, learning preferences); output is highly personalized and well-matched to the teaching context."", ""4: Used major scenario elements effectively; re...",True
e9389e74c9839232aba96d324f5cd0eed0909ff6,train_education_dimension_stress,4,high,2,2,0,hidden_or_missing_failure,hidden_or_missing_failure,high,high,none,none,False,False,review_only,review_only,audit_hard_conflict;both_teachers_disagree_with_human;high_human_teacher_low,2,"[CONTEXT_ONLY_ORIGINAL_TASK] Use the content below only as context for judging the evaluator output. It may contain an embedded ""student answer"", an original requested answer format, or other task text. Do not assign ...","[EVALUATOR_OUTPUT_TO_SCORE] This is the only text you must score. Treat it as the answer/evaluator output being audited. Compare this evaluator output against the metric and rubric using the context above. { ""思路"": { ""...","[""5分： 交互或内容设计巧妙，能显著促进学生的批判性思维、创新思维、问题解决或知识迁移应用能力（例如通过开放性问题、对比分析、案例探究、项目式任务等）。"", ""4分： 能提出引导性问题或设计有一定挑战性的任务，对培养学生的高阶思维和能力（如分析、评估、应用）有积极作用。"", ""3分： 在促进高阶思维方面有所尝试（如提出一些简单的思考题），但深度和广度有限，效果不明显，整体仍偏重知识复述或简单应用。"", ""2分： 交互或内容主要停...",True
472e71b7c7e9392a0c5998c0f6a22fd595e276bf,train_mid_borderline,3,mid,1,4,3,hidden_or_missing_failure,no_failure,high,unclear,none,none,False,False,review_only,low_weight,audit_hard_conflict;deepseek_lenient_qwen_strict;derived_risk_disagreement;failure_bucket_disagreement;one_teacher_disagrees_with_human;score_gap_ge2;training_use_disagreement,3,"[CONTEXT_ONLY_ORIGINAL_TASK] Use the content below only as context for judging the evaluator output. It may contain an embedded ""student answer"", an original requested answer format, or other task text. Do not assign ...","[EVALUATOR_OUTPUT_TO_SCORE] This is the only text you must score. Treat it as the answer/evaluator output being audited. Compare this evaluator output against the metric and rubric using the context above. { ""reasonin...","[""5: Fully integrated all key scenario elements (e.g., student history, learning preferences); output is highly personalized and well-matched to the teaching context."", ""4: Used major scenario elements effectively; re...",True
5ff081c980585ba9afd89d705a7828072fde7f3f,train_mid_borderline,3,mid,2,5,3,visible_failure,no_failure,unclear,unclear,none,none,False,False,low_weight,review_only,audit_hard_conflict;deepseek_lenient_qwen_strict;failure_bucket_disagreement;one_teacher_disagrees_with_human;score_gap_ge2;training_use_disagreement,3,"[CONTEXT_ONLY_ORIGINAL_TASK] Use the content below only as context for judging the evaluator output. It may contain an embedded ""student answer"", an original requested answer format, or other task text. Do not assign ...","[EVALUATOR_OUTPUT_TO_SCORE] This is the only text you must score. Treat it as the answer/evaluator output being audited. Compare this evaluator output against the metric and rubric using the context above. ```json { ""...","[""5分： 内容与指定知识点/主题/问题高度相关，且严格控制在要求的难度、范围、学科内，无冗余或无关信息。"", ""4分： 内容主体相关，范围控制良好，可能包含极少量轻微超纲或关联度稍弱的信息。"", ""3分： 内容大部分相关，但包含一些偏离主题或超出范围的部分，范围控制不够精确。"", ""2分： 内容相关性较差，包含较多无关信息，或严重超出指定范围。"", ""1分： 内容基本不相关，或完全脱离指定范围。""]",True
8020f89c568e90f9b7dbd1deaf469e93f51822e2,train_mid_borderline,3,mid,5,2,3,no_failure,visible_failure,low,high,none,none,False,False,review_only,low_weight,audit_hard_conflict;derived_risk_disagreement;failure_bucket_disagreement;one_teacher_disagrees_with_human;qwen_lenient_deepseek_strict;score_gap_ge2;training_use_disagreement,3,"[CONTEXT_ONLY_ORIGINAL_TASK] Use the content below only as context for judging the evaluator output. It may contain an embedded ""student answer"", an original requested answer format, or other task text. Do not assign ...","[EVALUATOR_OUTPUT_TO_SCORE] This is the only text you must score. Treat it as the answer/evaluator output being audited. Compare this evaluator output against the metric and rubric using the context above. ```json { ""...","[""5分： 完全理解并精准执行所有指令，完美达成核心任务目标，格式完全符合要求。"", ""4分： 准确理解主要指令，正确执行任务，核心目标达成度高，格式基本符合要求，可能有极少细节遗漏或偏差。"", ""3分： 理解了指令大意但可能忽略部分细节，任务基本完成但存在一些不准确或遗漏之处，格式有明显尝试但存在较多偏差。"", ""2分： 对指令理解有偏差，任务完成度低或有严重错误，格式多数不符合要求。"", ""1分： 完全误解或无视指令，任务未完...",True
a022ea0c7026fcde47ddba15408da18a837c6407,train_mid_borderline,3,mid,2,5,3,visible_failure,no_failure,unclear,low,none,none,False,False,low_weight,review_only,audit_hard_conflict;deepseek_lenient_qwen_strict;derived_risk_disagreement;failure_bucket_disagreement;one_teacher_disagrees_with_human;score_gap_ge2;training_use_disagreement,3,"[CONTEXT_ONLY_ORIGINAL_TASK] Use the content below only as context for judging the evaluator output. It may contain an embedded ""student answer"", an original requested answer format, or other task text. Do not assign ...","[EVALUATOR_OUTPUT_TO_SCORE] This is the only text you must score. Treat it as the answer/evaluator output being audited. Compare this evaluator output against the metric and rubric using the context above. ```json { ""...","[""5分： 内容与指定知识点/主题/问题高度相关，且严格控制在要求的难度、范围、学科内，无冗余或无关信息。"", ""4分： 内容主体相关，范围控制良好，可能包含极少量轻微超纲或关联度稍弱的信息。"", ""3分： 内容大部分相关，但包含一些偏离主题或超出范围的部分，范围控制不够精确。"", ""2分： 内容相关性较差，包含较多无关信息，或严重超出指定范围。"", ""1分： 内容基本不相关，或完全脱离指定范围。""]",True
af8cc23fcd89ac16cd2538bdbea62adbb268993c,train_mid_borderline,3,mid,4,1,3,hidden_or_missing_failure,hidden_or_missing_failure,low,high,none,none,False,False,low_weight,review_only,audit_hard_conflict;derived_risk_disagreement;one_teacher_disagrees_with_human;qwen_lenient_deepseek_strict;score_gap_ge2;training_use_disagreement,3,"[CONTEXT_ONLY_ORIGINAL_TASK] Use the content below only as context for judging the evaluator output. It may contain an embedded ""student answer"", an original requested answer format, or other task text. Do not assign ...","[EVALUATOR_OUTPUT_TO_SCORE] This is the only text you must score. Treat it as the answer/evaluator output being audited. Compare this evaluator output against the metric and rubric using the context above. ```json { ""...","[""5分： 推理逻辑链条完整、清晰、严密，步骤正确无误，论证充分有力，无逻辑跳跃或漏洞。"", ""4分： 推理过程主体正确且逻辑清晰，可能在个别步骤的表述或论证细节上略有瑕疵，但不影响最终结论的有效性。"", ""3分： 推理过程大体可见，但存在一些逻辑不清、步骤缺失或论证不足之处，结论可能受到影响。"", ""2分： 推理过程存在明显的逻辑错误、步骤混乱或严重缺失，难以得出正确或可靠的结论。"", ""1分： 几乎没有有效的推理过程，逻辑混乱...",True
18ae31b0930f4812f14b417a1b631e06c74e7410,exp27f_top40_conflict_reaudit,3,mid,5,5,0,no_failure,no_failure,low,low,none,none,False,False,review_only,review_only,audit_hard_conflict;both_teachers_disagree_with_human,4,"[CONTEXT_ONLY_ORIGINAL_TASK] Use the content below only as context for judging the evaluator output. It may contain an embedded ""student answer"", an original requested answer format, or other task text. Do not assign ...","[EVALUATOR_OUTPUT_TO_SCORE] This is the only text you must score. Treat it as the answer/evaluator output being audited. Compare this evaluator output against the metric and rubric using the context above. { ""教学目标"": {...","[""5分： 完全理解并精准执行所有指令，完美达成核心任务目标，格式完全符合要求。"", ""4分： 准确理解主要指令，正确执行任务，核心目标达成度高，格式基本符合要求，可能有极少细节遗漏或偏差。"", ""3分： 理解了指令大意但可能忽略部分细节，任务基本完成但存在一些不准确或遗漏之处，格式有明显尝试但存在较多偏差。"", ""2分： 对指令理解有偏差，任务完成度低或有严重错误，格式多数不符合要求。"", ""1分： 完全误解或无视指令，任务未完...",True
2c9bb7e48f78ac5ea58bc5190138b984ff2f16b7,train_mid_borderline,3,mid,1,1,0,hidden_or_missing_failure,hidden_or_missing_failure,unclear,high,none,none,False,False,review_only,review_only,audit_hard_conflict;both_teachers_disagree_with_human;derived_risk_disagreement,4,"[CONTEXT_ONLY_ORIGINAL_TASK] Use the content below only as context for judging the evaluator output. It may contain an embedded ""student answer"", an original requested answer format, or other task text. Do not assign ...","[EVALUATOR_OUTPUT_TO_SCORE] This is the only text you must score. Treat it as the answer/evaluator output being audited. Compare this evaluator output against the metric and rubric using the context above. ```json { ""...","[""5: Fully integrated all key scenario elements (e.g., student history, learning preferences); output is highly personalized and well-matched to the teaching context."", ""4: Used major scenario elements effectively; re...",True
3c53e849df94208fd1ce1dcecb8ee302976fb31e,train_mid_borderline,3,mid,1,1,0,visible_failure,visible_failure,unclear,high,none,none,False,False,review_only,review_only,audit_hard_conflict;both_teachers_disagree_with_human;derived_risk_disagreement,4,"[CONTEXT_ONLY_ORIGINAL_TASK] Use the content below only as context for judging the evaluator output. It may contain an embedded ""student answer"", an original requested answer format, or other task text. Do not assign ...","[EVALUATOR_OUTPUT_TO_SCORE] This is the only text you must score. Treat it as the answer/evaluator output being audited. Compare this evaluator output against the metric and rubric using the context above. ```json { ""...","[""5分： 始终体现出强烈的鼓励和支持态度，语言积极、富有建设性；在需要时提供非常有效的启发式引导，而非直接给答案。"", ""4分： 整体体现出鼓励和支持，语言积极正面；能提供有效的引导，偶尔可能过于直接。"", ""3分： 兼具鼓励和中性/批评性语言，积极性一般；引导有时有效，有时直接给答案或引导不足。"", ""2分： 缺乏鼓励和支持，语言偏中性甚至略显负面；很少提供有效引导，倾向于直接给答案或不给帮助。"", ""1分： 语言消极、打击性...",True
661f9b91a67dbdfa38a6b511275e3e1b208be433,train_mid_borderline,3,mid,5,5,0,no_failure,no_failure,low,low,none,none,False,False,review_only,review_only,audit_hard_conflict;both_teachers_disagree_with_human,4,"[CONTEXT_ONLY_ORIGINAL_TASK] Use the content below only as context for judging the evaluator output. It may contain an embedded ""student answer"", an original requested answer format, or other task text. Do not assign ...","[EVALUATOR_OUTPUT_TO_SCORE] This is the only text you must score. Treat it as the answer/evaluator output being audited. Compare this evaluator output against the metric and rubric using the context above. { ""Reasonin...","[""5: Reasoning is complete, clear, and rigorous; all steps are correct; arguments are strong and free of logical fallacies."", ""4: Reasoning is largely correct and logically coherent with minor issues in individual ste...",True
79578290b5204df5e21b484daeb9c2ff5857f8a8,train_mid_borderline,3,mid,5,5,0,no_failure,no_failure,low,low,none,none,False,False,review_only,review_only,audit_hard_conflict;both_teachers_disagree_with_human,4,"[CONTEXT_ONLY_ORIGINAL_TASK] Use the content below only as context for judging the evaluator output. It may contain an embedded ""student answer"", an original requested answer format, or other task text. Do not assign ...","[EVALUATOR_OUTPUT_TO_SCORE] This is the only text you must score. Treat it as the answer/evaluator output being audited. Compare this evaluator output against the metric and rubric using the context above. ```json { ""...","[""5: Fully understood and precisely executed all instructions; achieved core task with perfect accuracy; output format is fully compliant."", ""4: Accurately understood main instructions and correctly completed the task...",True
92cdf1cd2345402211a7c41ed7b7fc87c3ed4575,train_mid_borderline,3,mid,5,5,0,no_failure,no_failure,low,low,none,none,False,False,review_only,review_only,audit_hard_conflict;both_teachers_disagree_with_human,4,"[CONTEXT_ONLY_ORIGINAL_TASK] Use the content below only as context for judging the evaluator output. It may contain an embedded ""student answer"", an original requested answer format, or other task text. Do not assign ...","[EVALUATOR_OUTPUT_TO_SCORE] This is the only text you must score. Treat it as the answer/evaluator output being audited. Compare this evaluator output against the metric and rubric using the context above. { ""Answer"":...","[""5: Fully understood and precisely executed all instructions; achieved core task with perfect accuracy; output format is fully compliant."", ""4: Accurately understood main instructions and correctly completed the task...",True
b2e52bd37efe805ddffb36de59b66927cb7d0a9e,train_mid_borderline,3,mid,5,5,0,no_failure,no_failure,low,low,none,none,False,False,review_only,review_only,audit_hard_conflict;both_teachers_disagree_with_human,4,"[CONTEXT_ONLY_ORIGINAL_TASK] Use the content below only as context for judging the evaluator output. It may contain an embedded ""student answer"", an original requested answer format, or other task text. Do not assign ...","[EVALUATOR_OUTPUT_TO_SCORE] This is the only text you must score. Treat it as the answer/evaluator output being audited. Compare this evaluator output against the metric and rubric using the context above. ```json { ""...","[""5: Fully understood and precisely executed all instructions; achieved core task with perfect accuracy; output format is fully compliant."", ""4: Accurately understood main instructions and correctly completed the task...",True
be1321d38b36c49839edea52e657a1b0dabcf94a,train_mid_borderline,3,mid,5,5,0,no_failure,no_failure,low,low,none,none,False,False,review_only,review_only,audit_hard_conflict;both_teachers_disagree_with_human,4,"[CONTEXT_ONLY_ORIGINAL_TASK] Use the content below only as context for judging the evaluator output. It may contain an embedded ""student answer"", an original requested answer format, or other task text. Do not assign ...","[EVALUATOR_OUTPUT_TO_SCORE] This is the only text you must score. Treat it as the answer/evaluator output being audited. Compare this evaluator output against the metric and rubric using the context above. ```json { ""...","[""5: Fully understood and precisely executed all instructions; achieved core task with perfect accuracy; output format is fully compliant."", ""4: Accurately understood main instructions and correctly completed the task...",True
bfc306c51309c051d15f148eff9b36818199e051,train_mid_borderline,3,mid,5,5,0,no_failure,no_failure,low,low,none,none,False,False,review_only,review_only,audit_hard_conflict;both_teachers_disagree_with_human,4,"[CONTEXT_ONLY_ORIGINAL_TASK] Use the content below only as context for judging the evaluator output. It may contain an embedded ""student answer"", an original requested answer format, or other task text. Do not assign ...","[EVALUATOR_OUTPUT_TO_SCORE] This is the only text you must score. Treat it as the answer/evaluator output being audited. Compare this evaluator output against the metric and rubric using the context above. ```json { ""...","[""5分： 完全理解并精准执行所有指令，完美达成核心任务目标，格式完全符合要求。"", ""4分： 准确理解主要指令，正确执行任务，核心目标达成度高，格式基本符合要求，可能有极少细节遗漏或偏差。"", ""3分： 理解了指令大意但可能忽略部分细节，任务基本完成但存在一些不准确或遗漏之处，格式有明显尝试但存在较多偏差。"", ""2分： 对指令理解有偏差，任务完成度低或有严重错误，格式多数不符合要求。"", ""1分： 完全误解或无视指令，任务未完...",True
ce0f91ecf89a4b7a41c22ae74a2d33b9cba88cb9,train_education_dimension_stress,3,mid,5,5,0,no_failure,no_failure,low,low,none,none,False,False,review_only,review_only,audit_hard_conflict;both_teachers_disagree_with_human,4,"[CONTEXT_ONLY_ORIGINAL_TASK] Use the content below only as context for judging the evaluator output. It may contain an embedded ""student answer"", an original requested answer format, or other task text. Do not assign ...",[EVALUATOR_OUTPUT_TO_SCORE] This is the only text you must score. Treat it as the answer/evaluator output being audited. Compare this evaluator output against the metric and rubric using the context above. 根据提供的学生画像信息...,"[""5分： 非常好地根据学生水平/特点/需求提供了高度差异化的内容/建议/反馈；提供的学习路径/资源建议精准、实用且有价值。"", ""4分： 能根据学生情况进行一定程度的个性化调整，提供了相关的学习建议或资源，具有较好的参考价值。"", ""3分： 尝试进行个性化，但适应性不强，内容/建议差异不大；提供的学习支持比较通用，价值有限。"", ""2分： 几乎没有体现个性化适应，输出内容/建议对所有人都一样；学习支持不足或不相关。"", ""1分：...",True
d188f4704428dec364a97a491930337f3ca4d844,train_mid_borderline,3,mid,1,1,0,hidden_or_missing_failure,visible_failure,high,high,none,none,False,False,review_only,review_only,audit_hard_conflict;both_teachers_disagree_with_human;failure_bucket_disagreement,4,"[CONTEXT_ONLY_ORIGINAL_TASK] Use the content below only as context for judging the evaluator output. It may contain an embedded ""student answer"", an original requested answer format, or other task text. Do not assign ...","[EVALUATOR_OUTPUT_TO_SCORE] This is the only text you must score. Treat it as the answer/evaluator output being audited. Compare this evaluator output against the metric and rubric using the context above. { ""reasonin...","[""5: Fully integrated all key scenario elements (e.g., student history, learning preferences); output is highly personalized and well-matched to the teaching context."", ""4: Used major scenario elements effectively; re...",True
f4206bd15e53c0ca4937534aca59b07a30cbda0d,train_mid_borderline,3,mid,5,5,0,no_failure,no_failure,low,low,none,none,False,False,review_only,review_only,audit_hard_conflict;both_teachers_disagree_with_human,4,"[CONTEXT_ONLY_ORIGINAL_TASK] Use the content below only as context for judging the evaluator output. It may contain an embedded ""student answer"", an original requested answer format, or other task text. Do not assign ...","[EVALUATOR_OUTPUT_TO_SCORE] This is the only text you must score. Treat it as the answer/evaluator output being audited. Compare this evaluator output against the metric and rubric using the context above. ```json { ""...","[""5: Fully understood and precisely executed all instructions; achieved core task with perfect accuracy; output format is fully compliant."", ""4: Accurately understood main instructions and correctly completed the task...",True
12b0fbaa8dc92d70e5f3a1c5b668c285c85d33fb,train_clean_high_controls,4,high,3,5,2,hidden_or_missing_failure,no_failure,medium,low,none,none,False,False,low_weight,low_weight,deepseek_lenient_qwen_strict;derived_risk_disagreement;failure_bucket_disagreement;score_gap_ge2,5,"[CONTEXT_ONLY_ORIGINAL_TASK] Use the content below only as context for judging the evaluator output. It may contain an embedded ""student answer"", an original requested answer format, or other task text. Do not assign ...","[EVALUATOR_OUTPUT_TO_SCORE] This is the only text you must score. Treat it as the answer/evaluator output being audited. Compare this evaluator output against the metric and rubric using the context above. { ""reasonin...","[""5: Skillfully designed to promote critical/creative thinking, problem-solving, or transfer of knowledge (e.g., through open-ended questions, comparative analysis, case study, project-based tasks)."", ""4: Includes gui...",True
23c4c8e8e32e557e51ae3626b4998260c58eb792,train_high_disagreement_protection,4,high,3,5,2,hidden_or_missing_failure,no_failure,low,low,none,none,False,False,low_weight,low_weight,deepseek_lenient_qwen_strict;failure_bucket_disagreement;score_gap_ge2,5,"[CONTEXT_ONLY_ORIGINAL_TASK] Use the content below only as context for judging the evaluator output. It may contain an embedded ""student answer"", an original requested answer format, or other task text. Do not assign ...","[EVALUATOR_OUTPUT_TO_SCORE] This is the only text you must score. Treat it as the answer/evaluator output being audited. Compare this evaluator output against the metric and rubric using the context above. ```json { ""...","[""5: Strongly supportive and encouraging; consistently uses constructive and positive language; offers highly effective heuristic guidance instead of simply giving answers."", ""4: Generally supportive tone and positive...",False
5f6fbb495321622aac4f63ae92336dc247b6db31,train_high_disagreement_protection,5,high,5,3,2,no_failure,hidden_or_missing_failure,low,low,none,none,False,False,high_weight,review_only,audit_hard_conflict;failure_bucket_disagreement;one_teacher_disagrees_with_human;qwen_lenient_deepseek_strict;score_gap_ge2;training_use_disagreement,5,"[CONTEXT_ONLY_ORIGINAL_TASK] Use the content below only as context for judging the evaluator output. It may contain an embedded ""student answer"", an original requested answer format, or other task text. Do not assign ...","[EVALUATOR_OUTPUT_TO_SCORE] This is the only text you must score. Treat it as the answer/evaluator output being audited. Compare this evaluator output against the metric and rubric using the context above. ```json { ""...","[""5: Reasoning is complete, clear, and rigorous; all steps are correct; arguments are strong and free of logical fallacies."", ""4: Reasoning is largely correct and logically coherent with minor issues in individual ste...",False
85d1a0889004d86b237b8df1cf33b46e3c9dac1e,train_mid_borderline,3,mid,2,4,2,hidden_or_missing_failure,no_failure,high,low,none,none,False,False,low_weight,review_only,deepseek_lenient_qwen_strict;derived_risk_disagreement;failure_bucket_disagreement;score_gap_ge2;training_use_disagreement,5,"[CONTEXT_ONLY_ORIGINAL_TASK] Use the content below only as context for judging the evaluator output. It may contain an embedded ""student answer"", an original requested answer format, or other task text. Do not assign ...","[EVALUATOR_OUTPUT_TO_SCORE] This is the only text you must score. Treat it as the answer/evaluator output being audited. Compare this evaluator output against the metric and rubric using the context above. { ""reasonin...","[""5: Skillfully designed to promote critical/creative thinking, problem-solving, or transfer of knowledge (e.g., through open-ended questions, comparative analysis, case study, project-based tasks)."", ""4: Includes gui...",False
b5fcf58eb2fa824caa2c96f627a6856a91f5370f,train_mid_borderline,3,mid,5,3,2,no_failure,visible_failure,low,low,none,none,False,False,review_only,high_weight,audit_hard_conflict;failure_bucket_disagreement;one_teacher_disagrees_with_human;qwen_lenient_deepseek_strict;score_gap_ge2;training_use_disagreement,5,"[CONTEXT_ONLY_ORIGINAL_TASK] Use the content below only as context for judging the evaluator output. It may contain an embedded ""student answer"", an original requested answer format, or other task text. Do not assign ...","[EVALUATOR_OUTPUT_TO_SCORE] This is the only text you must score. Treat it as the answer/evaluator output being audited. Compare this evaluator output against the metric and rubric using the context above. ```json { ""...","[""5分： 完全理解并精准执行所有指令，完美达成核心任务目标，格式完全符合要求。"", ""4分： 准确理解主要指令，正确执行任务，核心目标达成度高，格式基本符合要求，可能有极少细节遗漏或偏差。"", ""3分： 理解了指令大意但可能忽略部分细节，任务基本完成但存在一些不准确或遗漏之处，格式有明显尝试但存在较多偏差。"", ""2分： 对指令理解有偏差，任务完成度低或有严重错误，格式多数不符合要求。"", ""1分： 完全误解或无视指令，任务未完...",False
bc6c8aae4e012e80e2052e4e76cb7093dc61ed19,train_all_low_label,2,low,1,3,2,hidden_or_missing_failure,visible_failure,high,low,none,none,False,False,low_weight,low_weight,deepseek_lenient_qwen_strict;derived_risk_disagreement;failure_bucket_disagreement;score_gap_ge2,5,"[CONTEXT_ONLY_ORIGINAL_TASK] Use the content below only as context for judging the evaluator output. It may contain an embedded ""student answer"", an original requested answer format, or other task text. Do not assign ...","[EVALUATOR_OUTPUT_TO_SCORE] This is the only text you must score. Treat it as the answer/evaluator output being audited. Compare this evaluator output against the metric and rubric using the context above. ```json { ""...","[""5: Fully integrated all key scenario elements (e.g., student history, learning preferences); output is highly personalized and well-matched to the teaching context."", ""4: Used major scenario elements effectively; re...",False
e17c5da714b6d3ebbc04a9b8b50a640fa5628007,train_high_disagreement_protection,5,high,5,3,2,no_failure,hidden_or_missing_failure,low,medium,none,none,False,False,high_weight,review_only,audit_hard_conflict;derived_risk_disagreement;failure_bucket_disagreement;one_teacher_disagrees_with_human;qwen_lenient_deepseek_strict;score_gap_ge2;training_use_disagreement,5,"[CONTEXT_ONLY_ORIGINAL_TASK] Use the content below only as context for judging the evaluator output. It may contain an embedded ""student answer"", an original requested answer format, or other task text. Do not assign ...","[EVALUATOR_OUTPUT_TO_SCORE] This is the only text you must score. Treat it as the answer/evaluator output being audited. Compare this evaluator output against the metric and rubric using the context above. ```json { ""...","[""5: Reasoning is complete, clear, and rigorous; all steps are correct; arguments are strong and free of logical fallacies."", ""4: Reasoning is largely correct and logically coherent with minor issues in individual ste...",False
f039a41fad3824842e2abc63d07fbc25515aec94,train_mid_borderline,3,mid,5,3,2,no_failure,visible_failure,low,low,none,none,False,False,review_only,high_weight,audit_hard_conflict;failure_bucket_disagreement;one_teacher_disagrees_with_human;qwen_lenient_deepseek_strict;score_gap_ge2;training_use_disagreement,5,"[CONTEXT_ONLY_ORIGINAL_TASK] Use the content below only as context for judging the evaluator output. It may contain an embedded ""student answer"", an original requested answer format, or other task text. Do not assign ...","[EVALUATOR_OUTPUT_TO_SCORE] This is the only text you must score. Treat it as the answer/evaluator output being audited. Compare this evaluator output against the metric and rubric using the context above. ```json { ""...","[""5分： 完全理解并精准执行所有指令，完美达成核心任务目标，格式完全符合要求。"", ""4分： 准确理解主要指令，正确执行任务，核心目标达成度高，格式基本符合要求，可能有极少细节遗漏或偏差。"", ""3分： 理解了指令大意但可能忽略部分细节，任务基本完成但存在一些不准确或遗漏之处，格式有明显尝试但存在较多偏差。"", ""2分： 对指令理解有偏差，任务完成度低或有严重错误，格式多数不符合要求。"", ""1分： 完全误解或无视指令，任务未完...",False
f251793e251d1e0d57a905047fa2fa896f09a447,train_high_disagreement_protection,5,high,5,3,2,no_failure,visible_failure,low,low,none,none,False,False,high_weight,review_only,audit_hard_conflict;failure_bucket_disagreement;one_teacher_disagrees_with_human;qwen_lenient_deepseek_strict;score_gap_ge2;training_use_disagreement,5,"[CONTEXT_ONLY_ORIGINAL_TASK] Use the content below only as context for judging the evaluator output. It may contain an embedded ""student answer"", an original requested answer format, or other task text. Do not assign ...","[EVALUATOR_OUTPUT_TO_SCORE] This is the only text you must score. Treat it as the answer/evaluator output being audited. Compare this evaluator output against the metric and rubric using the context above. ```json { ""...","[""5: All stated factual elements (definitions, formulas, dates, terms, syntax, etc.) are completely accurate."", ""4: Vast majority of facts are correct; possibly contains very minor, non-critical typos or omissions."", ...",False
fa1185b0d39c5672a438e0c801f08aa836e50bc1,train_mid_borderline,3,mid,2,4,2,visible_failure,no_failure,unclear,low,none,none,False,False,low_weight,low_weight,deepseek_lenient_qwen_strict;derived_risk_disagreement;failure_bucket_disagreement;score_gap_ge2,5,"[CONTEXT_ONLY_ORIGINAL_TASK] Use the content below only as context for judging the evaluator output. It may contain an embedded ""student answer"", an original requested answer format, or other task text. Do not assign ...","[EVALUATOR_OUTPUT_TO_SCORE] This is the only text you must score. Treat it as the answer/evaluator output being audited. Compare this evaluator output against the metric and rubric using the context above. ```json { ""...","[""5分： 完全理解并精准执行所有指令，完美达成核心任务目标，格式完全符合要求。"", ""4分： 准确理解主要指令，正确执行任务，核心目标达成度高，格式基本符合要求，可能有极少细节遗漏或偏差。"", ""3分： 理解了指令大意但可能忽略部分细节，任务基本完成但存在一些不准确或遗漏之处，格式有明显尝试但存在较多偏差。"", ""2分： 对指令理解有偏差，任务完成度低或有严重错误，格式多数不符合要求。"", ""1分： 完全误解或无视指令，任务未完...",False
13af8e6896f2be6cf223e45bf4f1652fe39fe7d3,train_all_low_label,2,low,3,2,1,hidden_or_missing_failure,hidden_or_missing_failure,medium,high,none,none,False,False,low_weight,low_weight,derived_risk_disagreement,6,"[CONTEXT_ONLY_ORIGINAL_TASK] Use the content below only as context for judging the evaluator output. It may contain an embedded ""student answer"", an original requested answer format, or other task text. Do not assign ...","[EVALUATOR_OUTPUT_TO_SCORE] This is the only text you must score. Treat it as the answer/evaluator output being audited. Compare this evaluator output against the metric and rubric using the context above. ```json { ""...","[""5: Skillfully designed to promote critical/creative thinking, problem-solving, or transfer of knowledge (e.g., through open-ended questions, comparative analysis, case study, project-based tasks)."", ""4: Includes gui...",False
15835cd98dda860e79b470d6ecf826d95046680e,train_clean_high_controls,4,high,4,5,1,hidden_or_missing_failure,no_failure,low,low,none,none,False,False,high_weight,low_weight,failure_bucket_disagreement;training_use_disagreement,6,"[CONTEXT_ONLY_ORIGINAL_TASK] Use the content below only as context for judging the evaluator output. It may contain an embedded ""student answer"", an original requested answer format, or other task text. Do not assign ...","[EVALUATOR_OUTPUT_TO_SCORE] This is the only text you must score. Treat it as the answer/evaluator output being audited. Compare this evaluator output against the metric and rubric using the context above. ```json { ""...","[""5: Excellent role-playing (e.g., teacher/TA); language style, professionalism, and tone (e.g., encouraging/serious) are perfectly aligned with the assumed role and audience."", ""4: Role and tone are mostly consistent...",False
17e0ba51820c815389e5f672d6bed2ca748a8775,train_all_low_label,2,low,1,2,1,visible_failure,visible_failure,unclear,high,none,none,False,False,low_weight,high_weight,derived_risk_disagreement;training_use_disagreement,6,"[CONTEXT_ONLY_ORIGINAL_TASK] Use the content below only as context for judging the evaluator output. It may contain an embedded ""student answer"", an original requested answer format, or other task text. Do not assign ...","[EVALUATOR_OUTPUT_TO_SCORE] This is the only text you must score. Treat it as the answer/evaluator output being audited. Compare this evaluator output against the metric and rubric using the context above. ```json { ""...","[""5分： 精准定位所有错误（无遗漏、无误报），给出的纠正建议完全正确、清晰且是最优或非常好的方案。"", ""4分： 准确定位了大部分主要错误，纠正建议基本正确有效，可能遗漏极少数次要错误或建议不够完美。"", ""3分： 定位了部分错误但有明显遗漏或误报，纠正建议部分正确但可能不够清晰、完整或并非最佳方案。"", ""2分： 错误定位不准确，遗漏了关键错误或大量误报，纠正建议存在错误或难以理解。"", ""1分： 完全未能识别错误，或给出了完...",False
266f5f751c7cdd83dd3439677156a79c5bdefee9,train_mid_borderline,3,mid,2,1,1,visible_failure,visible_failure,high,medium,none,none,False,False,low_weight,review_only,audit_hard_conflict;derived_risk_disagreement;one_teacher_disagrees_with_human;training_use_disagreement,6,"[CONTEXT_ONLY_ORIGINAL_TASK] Use the content below only as context for judging the evaluator output. It may contain an embedded ""student answer"", an original requested answer format, or other task text. Do not assign ...","[EVALUATOR_OUTPUT_TO_SCORE] This is the only text you must score. Treat it as the answer/evaluator output being audited. Compare this evaluator output against the metric and rubric using the context above. { ""reasonin...","[""5: Skillfully designed to promote critical/creative thinking, problem-solving, or transfer of knowledge (e.g., through open-ended questions, comparative analysis, case study, project-based tasks)."", ""4: Includes gui...",False
30376d33c321d346beb04ca8ce165cf8e75e80d3,train_clean_high_controls,4,high,4,5,1,hidden_or_missing_failure,no_failure,unclear,low,none,none,False,False,high_weight,low_weight,derived_risk_disagreement;failure_bucket_disagreement;training_use_disagreement,6,"[CONTEXT_ONLY_ORIGINAL_TASK] Use the content below only as context for judging the evaluator output. It may contain an embedded ""student answer"", an original requested answer format, or other task text. Do not assign ...","[EVALUATOR_OUTPUT_TO_SCORE] This is the only text you must score. Treat it as the answer/evaluator output being audited. Compare this evaluator output against the metric and rubric using the context above. ```json { ""...","[""5分： 推理逻辑链条完整、清晰、严密，步骤正确无误，论证充分有力，无逻辑跳跃或漏洞。"", ""4分： 推理过程主体正确且逻辑清晰，可能在个别步骤的表述或论证细节上略有瑕疵，但不影响最终结论的有效性。"", ""3分： 推理过程大体可见，但存在一些逻辑不清、步骤缺失或论证不足之处，结论可能受到影响。"", ""2分： 推理过程存在明显的逻辑错误、步骤混乱或严重缺失，难以得出正确或可靠的结论。"", ""1分： 几乎没有有效的推理过程，逻辑混乱...",False
382276d5fdd2fcd5072674703e6847f553be31ac,train_high_disagreement_protection,4,high,4,3,1,no_failure,hidden_or_missing_failure,low,medium,none,none,False,False,high_weight,low_weight,derived_risk_disagreement;failure_bucket_disagreement;training_use_disagreement,6,"[CONTEXT_ONLY_ORIGINAL_TASK] Use the content below only as context for judging the evaluator output. It may contain an embedded ""student answer"", an original requested answer format, or other task text. Do not assign ...","[EVALUATOR_OUTPUT_TO_SCORE] This is the only text you must score. Treat it as the answer/evaluator output being audited. Compare this evaluator output against the metric and rubric using the context above. ```json { ""...","[""5: Precisely identified all errors (no omission or false positives); provided completely correct, clear, and optimal correction suggestions."", ""4: Correctly located most major errors; suggestions are generally accur...",False
3c2305027cab54e3c1b56f1bc7252f7ab7ec5ab8,train_clean_high_controls,5,high,4,3,1,no_failure,visible_failure,low,low,none,none,False,False,low_weight,review_only,audit_hard_conflict;failure_bucket_disagreement;one_teacher_disagrees_with_human;training_use_disagreement,6,"[CONTEXT_ONLY_ORIGINAL_TASK] Use the content below only as context for judging the evaluator output. It may contain an embedded ""student answer"", an original requested answer format, or other task text. Do not assign ...","[EVALUATOR_OUTPUT_TO_SCORE] This is the only text you must score. Treat it as the answer/evaluator output being audited. Compare this evaluator output against the metric and rubric using the context above. ```json { ""...","[""5分： 推理逻辑链条完整、清晰、严密，步骤正确无误，论证充分有力，无逻辑跳跃或漏洞。"", ""4分： 推理过程主体正确且逻辑清晰，可能在个别步骤的表述或论证细节上略有瑕疵，但不影响最终结论的有效性。"", ""3分： 推理过程大体可见，但存在一些逻辑不清、步骤缺失或论证不足之处，结论可能受到影响。"", ""2分： 推理过程存在明显的逻辑错误、步骤混乱或严重缺失，难以得出正确或可靠的结论。"", ""1分： 几乎没有有效的推理过程，逻辑混乱...",False
517dc48287d549eced274ca98074d718eb6fbf54,train_mid_borderline,3,mid,1,2,1,visible_failure,visible_failure,unclear,high,none,none,False,False,review_only,low_weight,audit_hard_conflict;derived_risk_disagreement;one_teacher_disagrees_with_human;training_use_disagreement,6,"[CONTEXT_ONLY_ORIGINAL_TASK] Use the content below only as context for judging the evaluator output. It may contain an embedded ""student answer"", an original requested answer format, or other task text. Do not assign ...","[EVALUATOR_OUTPUT_TO_SCORE] This is the only text you must score. Treat it as the answer/evaluator output being audited. Compare this evaluator output against the metric and rubric using the context above. ```json { ""...","[""5分： 推理逻辑链条完整、清晰、严密，步骤正确无误，论证充分有力，无逻辑跳跃或漏洞。"", ""4分： 推理过程主体正确且逻辑清晰，可能在个别步骤的表述或论证细节上略有瑕疵，但不影响最终结论的有效性。"", ""3分： 推理过程大体可见，但存在一些逻辑不清、步骤缺失或论证不足之处，结论可能受到影响。"", ""2分： 推理过程存在明显的逻辑错误、步骤混乱或严重缺失，难以得出正确或可靠的结论。"", ""1分： 几乎没有有效的推理过程，逻辑混乱...",False
5598983d036e29d4736ef259e695961443e977d5,train_clean_high_controls,5,high,4,5,1,hidden_or_missing_failure,no_failure,low,low,none,none,False,False,low_weight,high_weight,failure_bucket_disagreement;training_use_disagreement,6,"[CONTEXT_ONLY_ORIGINAL_TASK] Use the content below only as context for judging the evaluator output. It may contain an embedded ""student answer"", an original requested answer format, or other task text. Do not assign ...","[EVALUATOR_OUTPUT_TO_SCORE] This is the only text you must score. Treat it as the answer/evaluator output being audited. Compare this evaluator output against the metric and rubric using the context above. ```json { ""...","[""5分： 完全理解并精准执行所有指令，完美达成核心任务目标，格式完全符合要求。"", ""4分： 准确理解主要指令，正确执行任务，核心目标达成度高，格式基本符合要求，可能有极少细节遗漏或偏差。"", ""3分： 理解了指令大意但可能忽略部分细节，任务基本完成但存在一些不准确或遗漏之处，格式有明显尝试但存在较多偏差。"", ""2分： 对指令理解有偏差，任务完成度低或有严重错误，格式多数不符合要求。"", ""1分： 完全误解或无视指令，任务未完...",False
59dd136764697de5064d11ddeacde149d00620e0,train_education_dimension_stress,3,mid,3,4,1,hidden_or_missing_failure,no_failure,medium,low,none,none,False,False,high_weight,low_weight,derived_risk_disagreement;failure_bucket_disagreement;training_use_disagreement,6,"[CONTEXT_ONLY_ORIGINAL_TASK] Use the content below only as context for judging the evaluator output. It may contain an embedded ""student answer"", an original requested answer format, or other task text. Do not assign ...","[EVALUATOR_OUTPUT_TO_SCORE] This is the only text you must score. Treat it as the answer/evaluator output being audited. Compare this evaluator output against the metric and rubric using the context above. ```json { ""...","[""5分： 推理逻辑链条完整、清晰、严密，步骤正确无误，论证充分有力，无逻辑跳跃或漏洞。"", ""4分： 推理过程主体正确且逻辑清晰，可能在个别步骤的表述或论证细节上略有瑕疵，但不影响最终结论的有效性。"", ""3分： 推理过程大体可见，但存在一些逻辑不清、步骤缺失或论证不足之处，结论可能受到影响。"", ""2分： 推理过程存在明显的逻辑错误、步骤混乱或严重缺失，难以得出正确或可靠的结论。"", ""1分： 几乎没有有效的推理过程，逻辑混乱...",False
5d1142eadd0671e43ec64938e19a3e690e02513f,train_mid_borderline,3,mid,2,3,1,visible_failure,visible_failure,high,low,none,none,False,False,low_weight,high_weight,derived_risk_disagreement;training_use_disagreement,6,"[CONTEXT_ONLY_ORIGINAL_TASK] Use the content below only as context for judging the evaluator output. It may contain an embedded ""student answer"", an original requested answer format, or other task text. Do not assign ...","[EVALUATOR_OUTPUT_TO_SCORE] This is the only text you must score. Treat it as the answer/evaluator output being audited. Compare this evaluator output against the metric and rubric using the context above. ```json { ""...","[""5: Skillfully designed to promote critical/creative thinking, problem-solving, or transfer of knowledge (e.g., through open-ended questions, comparative analysis, case study, project-based tasks)."", ""4: Includes gui...",False
6195cd84a8bf06d5a3608b3bb6561111e242ace6,exp27f_top40_conflict_reaudit,3,mid,3,4,1,hidden_or_missing_failure,no_failure,medium,low,none,none,False,False,high_weight,low_weight,derived_risk_disagreement;failure_bucket_disagreement;training_use_disagreement,6,"[CONTEXT_ONLY_ORIGINAL_TASK] Use the content below only as context for judging the evaluator output. It may contain an embedded ""student answer"", an original requested answer format, or other task text. Do not assign ...","[EVALUATOR_OUTPUT_TO_SCORE] This is the only text you must score. Treat it as the answer/evaluator output being audited. Compare this evaluator output against the metric and rubric using the context above. ```json { ""...","[""5: Extremely clear and concise explanations; fully accessible for target learners; vibrant and engaging delivery that inspires deep thought and interest."", ""4: Clear and easy to understand; appropriate for learner l...",False
659b7682522b73e534addcc343f76753ecd24f8c,train_mid_borderline,3,mid,3,2,1,hidden_or_missing_failure,hidden_or_missing_failure,medium,high,none,none,False,False,high_weight,low_weight,derived_risk_disagreement;training_use_disagreement,6,"[CONTEXT_ONLY_ORIGINAL_TASK] Use the content below only as context for judging the evaluator output. It may contain an embedded ""student answer"", an original requested answer format, or other task text. Do not assign ...","[EVALUATOR_OUTPUT_TO_SCORE] This is the only text you must score. Treat it as the answer/evaluator output being audited. Compare this evaluator output against the metric and rubric using the context above. ```json { ""...","[""5: Skillfully designed to promote critical/creative thinking, problem-solving, or transfer of knowledge (e.g., through open-ended questions, comparative analysis, case study, project-based tasks)."", ""4: Includes gui...",False
6c2ca811835d3ab2cc459573f13c0ae3caf83824,exp27f_top40_conflict_reaudit,3,mid,4,5,1,hidden_or_missing_failure,no_failure,low,low,none,none,False,False,low_weight,review_only,audit_hard_conflict;failure_bucket_disagreement;one_teacher_disagrees_with_human;training_use_disagreement,6,"[CONTEXT_ONLY_ORIGINAL_TASK] Use the content below only as context for judging the evaluator output. It may contain an embedded ""student answer"", an original requested answer format, or other task text. Do not assign ...","[EVALUATOR_OUTPUT_TO_SCORE] This is the only text you must score. Treat it as the answer/evaluator output being audited. Compare this evaluator output against the metric and rubric using the context above. ```json { ""...","[""5分： 非常好地根据学生水平/特点/需求提供了高度差异化的内容/建议/反馈；提供的学习路径/资源建议精准、实用且有价值。"", ""4分： 能根据学生情况进行一定程度的个性化调整，提供了相关的学习建议或资源，具有较好的参考价值。"", ""3分： 尝试进行个性化，但适应性不强，内容/建议差异不大；提供的学习支持比较通用，价值有限。"", ""2分： 几乎没有体现个性化适应，输出内容/建议对所有人都一样；学习支持不足或不相关。"", ""1分：...",False
790c2d0652ce2bee51cc14ad2676bffc98c5b81a,train_mid_borderline,3,mid,3,2,1,visible_failure,visible_failure,low,medium,none,none,False,False,high_weight,low_weight,derived_risk_disagreement;training_use_disagreement,6,"[CONTEXT_ONLY_ORIGINAL_TASK] Use the content below only as context for judging the evaluator output. It may contain an embedded ""student answer"", an original requested answer format, or other task text. Do not assign ...","[EVALUATOR_OUTPUT_TO_SCORE] This is the only text you must score. Treat it as the answer/evaluator output being audited. Compare this evaluator output against the metric and rubric using the context above. { ""reasonin...","[""5: Skillfully designed to promote critical/creative thinking, problem-solving, or transfer of knowledge (e.g., through open-ended questions, comparative analysis, case study, project-based tasks)."", ""4: Includes gui...",False
89f8c6ed8c1b947a44510dcc18b38a1d97571453,exp27f_top40_conflict_reaudit,2,low,2,1,1,visible_failure,visible_failure,high,unclear,none,none,False,False,high_weight,low_weight,derived_risk_disagreement;training_use_disagreement,6,"[CONTEXT_ONLY_ORIGINAL_TASK] Use the content below only as context for judging the evaluator output. It may contain an embedded ""student answer"", an original requested answer format, or other task text. Do not assign ...","[EVALUATOR_OUTPUT_TO_SCORE] This is the only text you must score. Treat it as the answer/evaluator output being audited. Compare this evaluator output against the metric and rubric using the context above. ```json { ""...","[""5分： 所有涉及的客观事实（定义、公式、日期、名词、代码语法等）完全准确无误。"", ""4分： 绝大部分事实准确，可能存在个别极其微小的、非关键性的笔误或疏漏。"", ""3分： 大部分事实准确，但存在少量明显的事实错误，需要核查。"", ""2分： 包含较多或关键性的事实错误，信息不可靠。"", ""1分： 充斥着大量事实错误，信息完全错误或误导。""]",False
8d489c62717f2efa64181983aa9e972a83b5e49a,train_education_dimension_stress,4,high,3,4,1,hidden_or_missing_failure,no_failure,medium,low,none,none,False,False,low_weight,high_weight,derived_risk_disagreement;failure_bucket_disagreement;training_use_disagreement,6,"[CONTEXT_ONLY_ORIGINAL_TASK] Use the content below only as context for judging the evaluator output. It may contain an embedded ""student answer"", an original requested answer format, or other task text. Do not assign ...","[EVALUATOR_OUTPUT_TO_SCORE] This is the only text you must score. Treat it as the answer/evaluator output being audited. Compare this evaluator output against the metric and rubric using the context above. ```json { ""...","[""5: Subject matter application is not only accurate but also shows appropriate depth and rigor; adheres to industry or academic standards."", ""4: Proper use of professional knowledge reflecting a good degree of profic...",False
a1067079ccd361d4ea203dcdd5c0ee7c10dec669,train_high_disagreement_protection,5,high,4,5,1,hidden_or_missing_failure,no_failure,low,low,none,none,False,False,low_weight,high_weight,failure_bucket_disagreement;training_use_disagreement,6,"[CONTEXT_ONLY_ORIGINAL_TASK] Use the content below only as context for judging the evaluator output. It may contain an embedded ""student answer"", an original requested answer format, or other task text. Do not assign ...","[EVALUATOR_OUTPUT_TO_SCORE] This is the only text you must score. Treat it as the answer/evaluator output being audited. Compare this evaluator output against the metric and rubric using the context above. ```json { ""...","[""5分： 精准定位所有错误（无遗漏、无误报），给出的纠正建议完全正确、清晰且是最优或非常好的方案。"", ""4分： 准确定位了大部分主要错误，纠正建议基本正确有效，可能遗漏极少数次要错误或建议不够完美。"", ""3分： 定位了部分错误但有明显遗漏或误报，纠正建议部分正确但可能不够清晰、完整或并非最佳方案。"", ""2分： 错误定位不准确，遗漏了关键错误或大量误报，纠正建议存在错误或难以理解。"", ""1分： 完全未能识别错误，或给出了完...",False
a6a61e243a1f0c09ac86c3557bd39377eff935bc,exp27f_top40_conflict_reaudit,3,mid,4,3,1,hidden_or_missing_failure,hidden_or_missing_failure,low,medium,none,none,False,False,low_weight,high_weight,derived_risk_disagreement;training_use_disagreement,6,"[CONTEXT_ONLY_ORIGINAL_TASK] Use the content below only as context for judging the evaluator output. It may contain an embedded ""student answer"", an original requested answer format, or other task text. Do not assign ...","[EVALUATOR_OUTPUT_TO_SCORE] This is the only text you must score. Treat it as the answer/evaluator output being audited. Compare this evaluator output against the metric and rubric using the context above. ```json { ""...","[""5分： 充分融合所有关键场景要素（如学生历史、学习偏好等），输出高度个性化，并与教学情境高度匹配。"", ""4分： 有效使用主要场景要素，回答具有针对性；可能遗漏少量细节，但不影响整体效果。"", ""3分： 使用了部分场景信息，但融合较浅；个性化程度或情境契合度一般。"", ""2分： 仅表层提及场景信息，未有效融合核心要素；与上下文连接较弱。"", ""1分： 完全忽视场景特定信息；输出通用、模板化，且与场景不相关。""]",False
a88d99b1ad30d4cbc8ec780813ca4f767debcc0b,train_mid_borderline,3,mid,2,3,1,hidden_or_missing_failure,hidden_or_missing_failure,high,medium,none,none,False,False,low_weight,high_weight,derived_risk_disagreement;training_use_disagreement,6,"[CONTEXT_ONLY_ORIGINAL_TASK] Use the content below only as context for judging the evaluator output. It may contain an embedded ""student answer"", an original requested answer format, or other task text. Do not assign ...","[EVALUATOR_OUTPUT_TO_SCORE] This is the only text you must score. Treat it as the answer/evaluator output being audited. Compare this evaluator output against the metric and rubric using the context above. ```json { ""...","[""5: Strongly supportive and encouraging; consistently uses constructive and positive language; offers highly effective heuristic guidance instead of simply giving answers."", ""4: Generally supportive tone and positive...",False
a8a5e3af92e139b36931e9a92aa6c72fdea5ae18,train_clean_high_controls,5,high,4,5,1,hidden_or_missing_failure,no_failure,low,low,none,none,False,False,low_weight,high_weight,failure_bucket_disagreement;training_use_disagreement,6,"[CONTEXT_ONLY_ORIGINAL_TASK] Use the content below only as context for judging the evaluator output. It may contain an embedded ""student answer"", an original requested answer format, or other task text. Do not assign ...","[EVALUATOR_OUTPUT_TO_SCORE] This is the only text you must score. Treat it as the answer/evaluator output being audited. Compare this evaluator output against the metric and rubric using the context above. ```json { ""...","[""5分： 角色扮演（如老师/助教）非常到位，语言风格、专业程度和语气（如鼓励/严肃）完全符合设定和面向的学习者群体。"", ""4分： 角色和口吻大体一致，符合场景要求，但在个别语句或细节上可能略有偏差。"", ""3分： 能看出尝试匹配角色和口吻，但一致性不足，部分表达与设定角色/场景有脱节。"", ""2分： 角色和口吻与设定要求有较大差距，显得生硬或不协调。"", ""1分： 完全没有体现设定的角色和口吻，表达方式与场景要求完全不符。""]",False
add5135687775241d468cea0170ce447d9481f82,train_high_disagreement_protection,5,high,5,4,1,no_failure,hidden_or_missing_failure,low,low,none,none,False,False,high_weight,low_weight,failure_bucket_disagreement;training_use_disagreement,6,"[CONTEXT_ONLY_ORIGINAL_TASK] Use the content below only as context for judging the evaluator output. It may contain an embedded ""student answer"", an original requested answer format, or other task text. Do not assign ...","[EVALUATOR_OUTPUT_TO_SCORE] This is the only text you must score. Treat it as the answer/evaluator output being audited. Compare this evaluator output against the metric and rubric using the context above. ```json { ""...","[""5: Precisely identified all errors (no omission or false positives); provided completely correct, clear, and optimal correction suggestions."", ""4: Correctly located most major errors; suggestions are generally accur...",False
b32ef4e0d4df64758a36c00f66d44107809101c3,train_all_low_label,2,low,2,1,1,visible_failure,hidden_or_missing_failure,high,high,none,none,False,False,high_weight,low_weight,failure_bucket_disagreement;training_use_disagreement,6,"[CONTEXT_ONLY_ORIGINAL_TASK] Use the content below only as context for judging the evaluator output. It may contain an embedded ""student answer"", an original requested answer format, or other task text. Do not assign ...","[EVALUATOR_OUTPUT_TO_SCORE] This is the only text you must score. Treat it as the answer/evaluator output being audited. Compare this evaluator output against the metric and rubric using the context above. ```json { ""...","[""5: Skillfully designed to promote critical/creative thinking, problem-solving, or transfer of knowledge (e.g., through open-ended questions, comparative analysis, case study, project-based tasks)."", ""4: Includes gui...",False
b8475c62295f4ef89c9d7a92128b129b34e102c9,train_education_dimension_stress,4,high,4,5,1,hidden_or_missing_failure,no_failure,low,low,none,none,False,False,high_weight,low_weight,failure_bucket_disagreement;training_use_disagreement,6,"[CONTEXT_ONLY_ORIGINAL_TASK] Use the content below only as context for judging the evaluator output. It may contain an embedded ""student answer"", an original requested answer format, or other task text. Do not assign ...","[EVALUATOR_OUTPUT_TO_SCORE] This is the only text you must score. Treat it as the answer/evaluator output being audited. Compare this evaluator output against the metric and rubric using the context above. { ""Emotiona...","[""5: Strongly supportive and encouraging; consistently uses constructive and positive language; offers highly effective heuristic guidance instead of simply giving answers."", ""4: Generally supportive tone and positive...",False
c013898e6faa67c2d73ab05c3ccc7a5f79708e3e,train_mid_borderline,3,mid,3,2,1,hidden_or_missing_failure,hidden_or_missing_failure,medium,high,none,none,False,False,high_weight,low_weight,derived_risk_disagreement;training_use_disagreement,6,"[CONTEXT_ONLY_ORIGINAL_TASK] Use the content below only as context for judging the evaluator output. It may contain an embedded ""student answer"", an original requested answer format, or other task text. Do not assign ...","[EVALUATOR_OUTPUT_TO_SCORE] This is the only text you must score. Treat it as the answer/evaluator output being audited. Compare this evaluator output against the metric and rubric using the context above. ```json { ""...","[""5分： 推理逻辑链条完整、清晰、严密，步骤正确无误，论证充分有力，无逻辑跳跃或漏洞。"", ""4分： 推理过程主体正确且逻辑清晰，可能在个别步骤的表述或论证细节上略有瑕疵，但不影响最终结论的有效性。"", ""3分： 推理过程大体可见，但存在一些逻辑不清、步骤缺失或论证不足之处，结论可能受到影响。"", ""2分： 推理过程存在明显的逻辑错误、步骤混乱或严重缺失，难以得出正确或可靠的结论。"", ""1分： 几乎没有有效的推理过程，逻辑混乱...",False
cca3ac84ec731f720bfdb784bcc3da146c3bc26c,train_mid_borderline,3,mid,4,3,1,no_failure,visible_failure,low,low,none,none,False,False,low_weight,high_weight,failure_bucket_disagreement;training_use_disagreement,6,"[CONTEXT_ONLY_ORIGINAL_TASK] Use the content below only as context for judging the evaluator output. It may contain an embedded ""student answer"", an original requested answer format, or other task text. Do not assign ...","[EVALUATOR_OUTPUT_TO_SCORE] This is the only text you must score. Treat it as the answer/evaluator output being audited. Compare this evaluator output against the metric and rubric using the context above. ```json { ""...","[""5分： 非常好地根据学生水平/特点/需求提供了高度差异化的内容/建议/反馈；提供的学习路径/资源建议精准、实用且有价值。"", ""4分： 能根据学生情况进行一定程度的个性化调整，提供了相关的学习建议或资源，具有较好的参考价值。"", ""3分： 尝试进行个性化，但适应性不强，内容/建议差异不大；提供的学习支持比较通用，价值有限。"", ""2分： 几乎没有体现个性化适应，输出内容/建议对所有人都一样；学习支持不足或不相关。"", ""1分：...",False
d3b9e69f7871db538f76dabbec0088d0f10fa6f1,train_mid_borderline,3,mid,4,3,1,no_failure,hidden_or_missing_failure,low,low,none,none,False,False,low_weight,high_weight,failure_bucket_disagreement;training_use_disagreement,6,"[CONTEXT_ONLY_ORIGINAL_TASK] Use the content below only as context for judging the evaluator output. It may contain an embedded ""student answer"", an original requested answer format, or other task text. Do not assign ...","[EVALUATOR_OUTPUT_TO_SCORE] This is the only text you must score. Treat it as the answer/evaluator output being audited. Compare this evaluator output against the metric and rubric using the context above. { ""Reasonin...","[""5: Subject matter application is not only accurate but also shows appropriate depth and rigor; adheres to industry or academic standards."", ""4: Proper use of professional knowledge reflecting a good degree of profic...",False
ddb236e662a07072802ab4784dbe360063bbd0b9,train_mid_borderline,3,mid,5,4,1,no_failure,visible_failure,low,low,none,none,False,False,review_only,low_weight,audit_hard_conflict;failure_bucket_disagreement;one_teacher_disagrees_with_human;training_use_disagreement,6,"[CONTEXT_ONLY_ORIGINAL_TASK] Use the content below only as context for judging the evaluator output. It may contain an embedded ""student answer"", an original requested answer format, or other task text. Do not assign ...","[EVALUATOR_OUTPUT_TO_SCORE] This is the only text you must score. Treat it as the answer/evaluator output being audited. Compare this evaluator output against the metric and rubric using the context above. ```json { ""...","[""5: Fully understood and precisely executed all instructions; achieved core task with perfect accuracy; output format is fully compliant."", ""4: Accurately understood main instructions and correctly completed the task...",False
e7118fa96fcb238b002c50a10f19726e5a3aebc5,train_high_disagreement_protection,5,high,4,5,1,hidden_or_missing_failure,no_failure,unclear,low,none,none,False,False,low_weight,high_weight,derived_risk_disagreement;failure_bucket_disagreement;training_use_disagreement,6,"[CONTEXT_ONLY_ORIGINAL_TASK] Use the content below only as context for judging the evaluator output. It may contain an embedded ""student answer"", an original requested answer format, or other task text. Do not assign ...","[EVALUATOR_OUTPUT_TO_SCORE] This is the only text you must score. Treat it as the answer/evaluator output being audited. Compare this evaluator output against the metric and rubric using the context above. ```json { ""...","[""5: Precisely identified all errors (no omission or false positives); provided completely correct, clear, and optimal correction suggestions."", ""4: Correctly located most major errors; suggestions are generally accur...",False
f51251a778d6f6601796be0ed017d6173d91d44b,train_all_low_label,2,low,2,1,1,visible_failure,visible_failure,high,medium,none,none,False,False,high_weight,low_weight,derived_risk_disagreement;training_use_disagreement,6,"[CONTEXT_ONLY_ORIGINAL_TASK] Use the content below only as context for judging the evaluator output. It may contain an embedded ""student answer"", an original requested answer format, or other task text. Do not assign ...","[EVALUATOR_OUTPUT_TO_SCORE] This is the only text you must score. Treat it as the answer/evaluator output being audited. Compare this evaluator output against the metric and rubric using the context above. ```json { ""...","[""5: Skillfully designed to promote critical/creative thinking, problem-solving, or transfer of knowledge (e.g., through open-ended questions, comparative analysis, case study, project-based tasks)."", ""4: Includes gui...",False
02fbb97fff18ecab49d50cbe8910f97d308edf43,train_mid_borderline,3,mid,2,2,0,hidden_or_missing_failure,visible_failure,high,medium,none,none,False,False,low_weight,low_weight,derived_risk_disagreement;failure_bucket_disagreement,6,"[CONTEXT_ONLY_ORIGINAL_TASK] Use the content below only as context for judging the evaluator output. It may contain an embedded ""student answer"", an original requested answer format, or other task text. Do not assign ...","[EVALUATOR_OUTPUT_TO_SCORE] This is the only text you must score. Treat it as the answer/evaluator output being audited. Compare this evaluator output against the metric and rubric using the context above. ```json { ""...","[""5: Skillfully designed to promote critical/creative thinking, problem-solving, or transfer of knowledge (e.g., through open-ended questions, comparative analysis, case study, project-based tasks)."", ""4: Includes gui...",False
0a2cdf9b3f6bdc6f89db168c31be1e2a31b9ba5e,train_all_low_label,2,low,2,2,0,hidden_or_missing_failure,visible_failure,high,high,none,none,False,False,high_weight,high_weight,failure_bucket_disagreement,6,"[CONTEXT_ONLY_ORIGINAL_TASK] Use the content below only as context for judging the evaluator output. It may contain an embedded ""student answer"", an original requested answer format, or other task text. Do not assign ...","[EVALUATOR_OUTPUT_TO_SCORE] This is the only text you must score. Treat it as the answer/evaluator output being audited. Compare this evaluator output against the metric and rubric using the context above. ```json { ""...","[""5: Precisely identified all errors (no omission or false positives); provided completely correct, clear, and optimal correction suggestions."", ""4: Correctly located most major errors; suggestions are generally accur...",False
0a86fc4b2478f8c922c1ab7ce85590f94b9d2136,train_all_low_label,1,low,1,1,0,hidden_or_missing_failure,hidden_or_missing_failure,high,medium,none,none,False,False,high_weight,high_weight,derived_risk_disagreement,6,"[CONTEXT_ONLY_ORIGINAL_TASK] Use the content below only as context for judging the evaluator output. It may contain an embedded ""student answer"", an original requested answer format, or other task text. Do not assign ...","[EVALUATOR_OUTPUT_TO_SCORE] This is the only text you must score. Treat it as the answer/evaluator output being audited. Compare this evaluator output against the metric and rubric using the context above. { ""Answer"":...","[""5: Reasoning is complete, clear, and rigorous; all steps are correct; arguments are strong and free of logical fallacies."", ""4: Reasoning is largely correct and logically coherent with minor issues in individual ste...",False
0c74a66a6f9ecee5580723b73f7741a8f05e1352,train_all_low_label,1,low,1,1,0,visible_failure,visible_failure,unclear,high,none,none,False,False,high_weight,high_weight,derived_risk_disagreement,6,"[CONTEXT_ONLY_ORIGINAL_TASK] Use the content below only as context for judging the evaluator output. It may contain an embedded ""student answer"", an original requested answer format, or other task text. Do not assign ...","[EVALUATOR_OUTPUT_TO_SCORE] This is the only text you must score. Treat it as the answer/evaluator output being audited. Compare this evaluator output against the metric and rubric using the context above. ```json { ""...","[""5分： 精准定位所有错误（无遗漏、无误报），给出的纠正建议完全正确、清晰且是最优或非常好的方案。"", ""4分： 准确定位了大部分主要错误，纠正建议基本正确有效，可能遗漏极少数次要错误或建议不够完美。"", ""3分： 定位了部分错误但有明显遗漏或误报，纠正建议部分正确但可能不够清晰、完整或并非最佳方案。"", ""2分： 错误定位不准确，遗漏了关键错误或大量误报，纠正建议存在错误或难以理解。"", ""1分： 完全未能识别错误，或给出了完...",False
107a460ba82cd473b9a08a5d43257a7f1d336874,exp27f_top40_conflict_reaudit,2,low,2,2,0,hidden_or_missing_failure,visible_failure,high,medium,none,none,False,False,high_weight,high_weight,derived_risk_disagreement;failure_bucket_disagreement,6,"[CONTEXT_ONLY_ORIGINAL_TASK] Use the content below only as context for judging the evaluator output. It may contain an embedded ""student answer"", an original requested answer format, or other task text. Do not assign ...","[EVALUATOR_OUTPUT_TO_SCORE] This is the only text you must score. Treat it as the answer/evaluator output being audited. Compare this evaluator output against the metric and rubric using the context above. ```json { ""...","[""5: Precisely identified all errors (no omission or false positives); provided completely correct, clear, and optimal correction suggestions."", ""4: Correctly located most major errors; suggestions are generally accur...",False
1a8f9e815deea759df9aaa1b09ca5948bb2f901c,train_mid_borderline,3,mid,2,2,0,visible_failure,hidden_or_missing_failure,unclear,high,none,none,False,False,low_weight,low_weight,derived_risk_disagreement;failure_bucket_disagreement,6,"[CONTEXT_ONLY_ORIGINAL_TASK] Use the content below only as context for judging the evaluator output. It may contain an embedded ""student answer"", an original requested answer format, or other task text. Do not assign ...","[EVALUATOR_OUTPUT_TO_SCORE] This is the only text you must score. Treat it as the answer/evaluator output being audited. Compare this evaluator output against the metric and rubric using the context above. ```json { ""...","[""5分： 始终体现出强烈的鼓励和支持态度，语言积极、富有建设性；在需要时提供非常有效的启发式引导，而非直接给答案。"", ""4分： 整体体现出鼓励和支持，语言积极正面；能提供有效的引导，偶尔可能过于直接。"", ""3分： 兼具鼓励和中性/批评性语言，积极性一般；引导有时有效，有时直接给答案或引导不足。"", ""2分： 缺乏鼓励和支持，语言偏中性甚至略显负面；很少提供有效引导，倾向于直接给答案或不给帮助。"", ""1分： 语言消极、打击性...",False
1bd5e1ce094da34aea6531591c2674bd221634b6,train_all_low_label,2,low,1,1,0,visible_failure,visible_failure,unclear,high,none,none,False,False,low_weight,low_weight,derived_risk_disagreement,6,"[CONTEXT_ONLY_ORIGINAL_TASK] Use the content below only as context for judging the evaluator output. It may contain an embedded ""student answer"", an original requested answer format, or other task text. Do not assign ...","[EVALUATOR_OUTPUT_TO_SCORE] This is the only text you must score. Treat it as the answer/evaluator output being audited. Compare this evaluator output against the metric and rubric using the context above. ```json { ""...","[""5分： 推理逻辑链条完整、清晰、严密，步骤正确无误，论证充分有力，无逻辑跳跃或漏洞。"", ""4分： 推理过程主体正确且逻辑清晰，可能在个别步骤的表述或论证细节上略有瑕疵，但不影响最终结论的有效性。"", ""3分： 推理过程大体可见，但存在一些逻辑不清、步骤缺失或论证不足之处，结论可能受到影响。"", ""2分： 推理过程存在明显的逻辑错误、步骤混乱或严重缺失，难以得出正确或可靠的结论。"", ""1分： 几乎没有有效的推理过程，逻辑混乱...",False
1c013ab584f1c5a49f0e03d8517d29eb909322be,train_all_low_label,1,low,1,1,0,visible_failure,visible_failure,high,medium,none,none,False,False,high_weight,high_weight,derived_risk_disagreement,6,"[CONTEXT_ONLY_ORIGINAL_TASK] Use the content below only as context for judging the evaluator output. It may contain an embedded ""student answer"", an original requested answer format, or other task text. Do not assign ...","[EVALUATOR_OUTPUT_TO_SCORE] This is the only text you must score. Treat it as the answer/evaluator output being audited. Compare this evaluator output against the metric and rubric using the context above. ```json { ""...","[""5分： 精准定位所有错误（无遗漏、无误报），给出的纠正建议完全正确、清晰且是最优或非常好的方案。"", ""4分： 准确定位了大部分主要错误，纠正建议基本正确有效，可能遗漏极少数次要错误或建议不够完美。"", ""3分： 定位了部分错误但有明显遗漏或误报，纠正建议部分正确但可能不够清晰、完整或并非最佳方案。"", ""2分： 错误定位不准确，遗漏了关键错误或大量误报，纠正建议存在错误或难以理解。"", ""1分： 完全未能识别错误，或给出了完...",False
1d5f77fabc222d72e4fb87f25eb3e5c41e786cf4,exp27f_top40_conflict_reaudit,1,low,2,2,0,hidden_or_missing_failure,visible_failure,unclear,unclear,none,none,False,False,low_weight,low_weight,failure_bucket_disagreement,6,"[CONTEXT_ONLY_ORIGINAL_TASK] Use the content below only as context for judging the evaluator output. It may contain an embedded ""student answer"", an original requested answer format, or other task text. Do not assign ...","[EVALUATOR_OUTPUT_TO_SCORE] This is the only text you must score. Treat it as the answer/evaluator output being audited. Compare this evaluator output against the metric and rubric using the context above. ```json { ""...","[""5分： 精准定位所有错误（无遗漏、无误报），给出的纠正建议完全正确、清晰且是最优或非常好的方案。"", ""4分： 准确定位了大部分主要错误，纠正建议基本正确有效，可能遗漏极少数次要错误或建议不够完美。"", ""3分： 定位了部分错误但有明显遗漏或误报，纠正建议部分正确但可能不够清晰、完整或并非最佳方案。"", ""2分： 错误定位不准确，遗漏了关键错误或大量误报，纠正建议存在错误或难以理解。"", ""1分： 完全未能识别错误，或给出了完...",False
21f4a556d075954e834671f3c0e6bee06760eaa2,train_clean_high_controls,5,high,4,4,0,hidden_or_missing_failure,no_failure,low,low,none,none,False,False,low_weight,low_weight,failure_bucket_disagreement,6,"[CONTEXT_ONLY_ORIGINAL_TASK] Use the content below only as context for judging the evaluator output. It may contain an embedded ""student answer"", an original requested answer format, or other task text. Do not assign ...","[EVALUATOR_OUTPUT_TO_SCORE] This is the only text you must score. Treat it as the answer/evaluator output being audited. Compare this evaluator output against the metric and rubric using the context above. ```json { ""...","[""5: Subject matter application is not only accurate but also shows appropriate depth and rigor; adheres to industry or academic standards."", ""4: Proper use of professional knowledge reflecting a good degree of profic...",False
25d3e05119ffad1cae6b72c274d73d80b4de81db,train_high_disagreement_protection,4,high,4,4,0,hidden_or_missing_failure,no_failure,low,low,none,none,False,False,high_weight,high_weight,failure_bucket_disagreement,6,"[CONTEXT_ONLY_ORIGINAL_TASK] Use the content below only as context for judging the evaluator output. It may contain an embedded ""student answer"", an original requested answer format, or other task text. Do not assign ...","[EVALUATOR_OUTPUT_TO_SCORE] This is the only text you must score. Treat it as the answer/evaluator output being audited. Compare this evaluator output against the metric and rubric using the context above. ```json { ""...","[""5: Precisely identified all errors (no omission or false positives); provided completely correct, clear, and optimal correction suggestions."", ""4: Correctly located most major errors; suggestions are generally accur...",False
2805e4237ccaed90f917ee91a5c2c44743bbd1b1,train_all_low_label,1,low,1,1,0,hidden_or_missing_failure,hidden_or_missing_failure,high,medium,none,none,False,False,high_weight,high_weight,derived_risk_disagreement,6,"[CONTEXT_ONLY_ORIGINAL_TASK] Use the content below only as context for judging the evaluator output. It may contain an embedded ""student answer"", an original requested answer format, or other task text. Do not assign ...","[EVALUATOR_OUTPUT_TO_SCORE] This is the only text you must score. Treat it as the answer/evaluator output being audited. Compare this evaluator output against the metric and rubric using the context above. ```json { ""...","[""5: Reasoning is complete, clear, and rigorous; all steps are correct; arguments are strong and free of logical fallacies."", ""4: Reasoning is largely correct and logically coherent with minor issues in individual ste...",False
34629670e7f3e43af2231d686548c68fd6534077,train_mid_borderline,3,mid,2,2,0,hidden_or_missing_failure,visible_failure,high,medium,none,none,False,False,low_weight,low_weight,derived_risk_disagreement;failure_bucket_disagreement,6,"[CONTEXT_ONLY_ORIGINAL_TASK] Use the content below only as context for judging the evaluator output. It may contain an embedded ""student answer"", an original requested answer format, or other task text. Do not assign ...","[EVALUATOR_OUTPUT_TO_SCORE] This is the only text you must score. Treat it as the answer/evaluator output being audited. Compare this evaluator output against the metric and rubric using the context above. ```json { ""...","[""5: Strongly supportive and encouraging; consistently uses constructive and positive language; offers highly effective heuristic guidance instead of simply giving answers."", ""4: Generally supportive tone and positive...",False
34d1c2d12a4242a8a26ed4f998ae1f08b3210cdf,train_all_low_label,1,low,1,1,0,visible_failure,visible_failure,unclear,high,none,none,False,False,high_weight,high_weight,derived_risk_disagreement,6,"[CONTEXT_ONLY_ORIGINAL_TASK] Use the content below only as context for judging the evaluator output. It may contain an embedded ""student answer"", an original requested answer format, or other task text. Do not assign ...","[EVALUATOR_OUTPUT_TO_SCORE] This is the only text you must score. Treat it as the answer/evaluator output being audited. Compare this evaluator output against the metric and rubric using the context above. ```json { ""...","[""5分： 所有涉及的客观事实（定义、公式、日期、名词、代码语法等）完全准确无误。"", ""4分： 绝大部分事实准确，可能存在个别极其微小的、非关键性的笔误或疏漏。"", ""3分： 大部分事实准确，但存在少量明显的事实错误，需要核查。"", ""2分： 包含较多或关键性的事实错误，信息不可靠。"", ""1分： 充斥着大量事实错误，信息完全错误或误导。""]",False
365e8b4c9ee703d23dee95e59be31577a15cacc8,train_all_low_label,2,low,3,3,0,hidden_or_missing_failure,no_failure,medium,low,none,none,False,False,low_weight,low_weight,derived_risk_disagreement;failure_bucket_disagreement,6,"[CONTEXT_ONLY_ORIGINAL_TASK] Use the content below only as context for judging the evaluator output. It may contain an embedded ""student answer"", an original requested answer format, or other task text. Do not assign ...","[EVALUATOR_OUTPUT_TO_SCORE] This is the only text you must score. Treat it as the answer/evaluator output being audited. Compare this evaluator output against the metric and rubric using the context above. ```json { ""...","[""5: Skillfully designed to promote critical/creative thinking, problem-solving, or transfer of knowledge (e.g., through open-ended questions, comparative analysis, case study, project-based tasks)."", ""4: Includes gui...",False
37684b87110bfce9956476465e8eadbb4822cb69,train_mid_borderline,3,mid,2,2,0,visible_failure,hidden_or_missing_failure,high,high,none,none,False,False,low_weight,low_weight,failure_bucket_disagreement,6,"[CONTEXT_ONLY_ORIGINAL_TASK] Use the content below only as context for judging the evaluator output. It may contain an embedded ""student answer"", an original requested answer format, or other task text. Do not assign ...","[EVALUATOR_OUTPUT_TO_SCORE] This is the only text you must score. Treat it as the answer/evaluator output being audited. Compare this evaluator output against the metric and rubric using the context above. ```json { ""...","[""5分： 交互或内容设计巧妙，能显著促进学生的批判性思维、创新思维、问题解决或知识迁移应用能力（例如通过开放性问题、对比分析、案例探究、项目式任务等）。"", ""4分： 能提出引导性问题或设计有一定挑战性的任务，对培养学生的高阶思维和能力（如分析、评估、应用）有积极作用。"", ""3分： 在促进高阶思维方面有所尝试（如提出一些简单的思考题），但深度和广度有限，效果不明显，整体仍偏重知识复述或简单应用。"", ""2分： 交互或内容主要停...",False
3b5a8c4295de94d52db9f719bd2bf0ff725b74bc,train_all_low_label,2,low,2,2,0,visible_failure,visible_failure,high,medium,none,none,False,False,high_weight,high_weight,derived_risk_disagreement,6,"[CONTEXT_ONLY_ORIGINAL_TASK] Use the content below only as context for judging the evaluator output. It may contain an embedded ""student answer"", an original requested answer format, or other task text. Do not assign ...","[EVALUATOR_OUTPUT_TO_SCORE] This is the only text you must score. Treat it as the answer/evaluator output being audited. Compare this evaluator output against the metric and rubric using the context above. ```json { ""...","[""5: Skillfully designed to promote critical/creative thinking, problem-solving, or transfer of knowledge (e.g., through open-ended questions, comparative analysis, case study, project-based tasks)."", ""4: Includes gui...",False
3f9f3a828b886a38e49aaea66516138ddb71f9d8,train_all_low_label,2,low,2,2,0,hidden_or_missing_failure,visible_failure,high,high,none,none,False,False,high_weight,high_weight,failure_bucket_disagreement,6,"[CONTEXT_ONLY_ORIGINAL_TASK] Use the content below only as context for judging the evaluator output. It may contain an embedded ""student answer"", an original requested answer format, or other task text. Do not assign ...","[EVALUATOR_OUTPUT_TO_SCORE] This is the only text you must score. Treat it as the answer/evaluator output being audited. Compare this evaluator output against the metric and rubric using the context above. ```json { ""...","[""5: Fully integrated all key scenario elements (e.g., student history, learning preferences); output is highly personalized and well-matched to the teaching context."", ""4: Used major scenario elements effectively; re...",False
4042b14600691c9b29b70d916e9db910c058d891,train_all_low_label,1,low,1,1,0,hidden_or_missing_failure,hidden_or_missing_failure,high,medium,none,none,False,False,high_weight,high_weight,derived_risk_disagreement,6,"[CONTEXT_ONLY_ORIGINAL_TASK] Use the content below only as context for judging the evaluator output. It may contain an embedded ""student answer"", an original requested answer format, or other task text. Do not assign ...","[EVALUATOR_OUTPUT_TO_SCORE] This is the only text you must score. Treat it as the answer/evaluator output being audited. Compare this evaluator output against the metric and rubric using the context above. { ""answer"":...","[""5: Reasoning is complete, clear, and rigorous; all steps are correct; arguments are strong and free of logical fallacies."", ""4: Reasoning is largely correct and logically coherent with minor issues in individual ste...",False
44ceeb335031f152ef0a559586769d3e34ef590b,train_mid_borderline,3,mid,2,2,0,visible_failure,hidden_or_missing_failure,high,high,none,none,False,False,low_weight,low_weight,failure_bucket_disagreement,6,"[CONTEXT_ONLY_ORIGINAL_TASK] Use the content below only as context for judging the evaluator output. It may contain an embedded ""student answer"", an original requested answer format, or other task text. Do not assign ...","[EVALUATOR_OUTPUT_TO_SCORE] This is the only text you must score. Treat it as the answer/evaluator output being audited. Compare this evaluator output against the metric and rubric using the context above. ```json { ""...","[""5: Skillfully designed to promote critical/creative thinking, problem-solving, or transfer of knowledge (e.g., through open-ended questions, comparative analysis, case study, project-based tasks)."", ""4: Includes gui...",False
455000acf9427c815c9177ac052af53992f31cf9,train_mid_borderline,3,mid,2,2,0,visible_failure,visible_failure,high,medium,none,none,False,False,low_weight,low_weight,derived_risk_disagreement,6,"[CONTEXT_ONLY_ORIGINAL_TASK] Use the content below only as context for judging the evaluator output. It may contain an embedded ""student answer"", an original requested answer format, or other task text. Do not assign ...","[EVALUATOR_OUTPUT_TO_SCORE] This is the only text you must score. Treat it as the answer/evaluator output being audited. Compare this evaluator output against the metric and rubric using the context above. ```json { ""...","[""5分： 交互或内容设计巧妙，能显著促进学生的批判性思维、创新思维、问题解决或知识迁移应用能力（例如通过开放性问题、对比分析、案例探究、项目式任务等）。"", ""4分： 能提出引导性问题或设计有一定挑战性的任务，对培养学生的高阶思维和能力（如分析、评估、应用）有积极作用。"", ""3分： 在促进高阶思维方面有所尝试（如提出一些简单的思考题），但深度和广度有限，效果不明显，整体仍偏重知识复述或简单应用。"", ""2分： 交互或内容主要停...",False
4a94159b2cfae1127c979628b87af3087401a413,exp27f_top40_conflict_reaudit,3,mid,4,4,0,hidden_or_missing_failure,no_failure,low,low,none,none,False,False,low_weight,low_weight,failure_bucket_disagreement,6,"[CONTEXT_ONLY_ORIGINAL_TASK] Use the content below only as context for judging the evaluator output. It may contain an embedded ""student answer"", an original requested answer format, or other task text. Do not assign ...","[EVALUATOR_OUTPUT_TO_SCORE] This is the only text you must score. Treat it as the answer/evaluator output being audited. Compare this evaluator output against the metric and rubric using the context above. ```json { ""...","[""5: Highly personalized content/advice/feedback based on student level/traits/needs; resource and learning path suggestions are accurate, practical, and valuable."", ""4: Demonstrates some adaptation to student situati...",False
4d70270f412508661f3c713976cf60c8b9a56524,train_mid_borderline,3,mid,2,2,0,visible_failure,hidden_or_missing_failure,high,high,none,none,False,False,low_weight,low_weight,failure_bucket_disagreement,6,"[CONTEXT_ONLY_ORIGINAL_TASK] Use the content below only as context for judging the evaluator output. It may contain an embedded ""student answer"", an original requested answer format, or other task text. Do not assign ...","[EVALUATOR_OUTPUT_TO_SCORE] This is the only text you must score. Treat it as the answer/evaluator output being audited. Compare this evaluator output against the metric and rubric using the context above. { ""纠错后答案"": ...","[""5分： 始终体现出强烈的鼓励和支持态度，语言积极、富有建设性；在需要时提供非常有效的启发式引导，而非直接给答案。"", ""4分： 整体体现出鼓励和支持，语言积极正面；能提供有效的引导，偶尔可能过于直接。"", ""3分： 兼具鼓励和中性/批评性语言，积极性一般；引导有时有效，有时直接给答案或引导不足。"", ""2分： 缺乏鼓励和支持，语言偏中性甚至略显负面；很少提供有效引导，倾向于直接给答案或不给帮助。"", ""1分： 语言消极、打击性...",False
507f5c36797a84ee4697677a771c8769e4277e4e,train_mid_borderline,3,mid,4,4,0,hidden_or_missing_failure,no_failure,low,low,none,none,False,False,low_weight,low_weight,failure_bucket_disagreement,6,"[CONTEXT_ONLY_ORIGINAL_TASK] Use the content below only as context for judging the evaluator output. It may contain an embedded ""student answer"", an original requested answer format, or other task text. Do not assign ...","[EVALUATOR_OUTPUT_TO_SCORE] This is the only text you must score. Treat it as the answer/evaluator output being audited. Compare this evaluator output against the metric and rubric using the context above. { ""教学目标"": {...","[""5分： 解释、说明、反馈极其清晰简洁，完全符合目标学习者的理解水平；表达生动有趣，能有效激发思考和兴趣。"", ""4分： 表达清晰易懂，语言简洁，适合目标学习者；具有一定的启发性，能够引发一些思考。"", ""3分： 表达基本能懂，但可能略显啰嗦、复杂或不够生动；启发性一般。"", ""2分： 表达不够清晰，存在较多术语或复杂句式，不易理解；缺乏启发性。"", ""1分： 表达混乱、晦涩难懂，完全不考虑学习者水平；毫无启发性甚至令人困惑。""]",False
58e59efa47d8a775194d231e6b473cd0d4b40baa,train_education_dimension_stress,4,high,3,3,0,hidden_or_missing_failure,visible_failure,medium,low,none,none,False,False,low_weight,low_weight,derived_risk_disagreement;failure_bucket_disagreement,6,"[CONTEXT_ONLY_ORIGINAL_TASK] Use the content below only as context for judging the evaluator output. It may contain an embedded ""student answer"", an original requested answer format, or other task text. Do not assign ...","[EVALUATOR_OUTPUT_TO_SCORE] This is the only text you must score. Treat it as the answer/evaluator output being audited. Compare this evaluator output against the metric and rubric using the context above. { ""思路"": { ""...","[""5分： 所有涉及的客观事实（定义、公式、日期、名词、代码语法等）完全准确无误。"", ""4分： 绝大部分事实准确，可能存在个别极其微小的、非关键性的笔误或疏漏。"", ""3分： 大部分事实准确，但存在少量明显的事实错误，需要核查。"", ""2分： 包含较多或关键性的事实错误，信息不可靠。"", ""1分： 充斥着大量事实错误，信息完全错误或误导。""]",False
5cf93c0f38dde9ebe699ea6b852502e13a01568f,train_mid_borderline,3,mid,2,2,0,visible_failure,hidden_or_missing_failure,high,high,none,none,False,False,low_weight,low_weight,failure_bucket_disagreement,6,"[CONTEXT_ONLY_ORIGINAL_TASK] Use the content below only as context for judging the evaluator output. It may contain an embedded ""student answer"", an original requested answer format, or other task text. Do not assign ...","[EVALUATOR_OUTPUT_TO_SCORE] This is the only text you must score. Treat it as the answer/evaluator output being audited. Compare this evaluator output against the metric and rubric using the context above. ```json { ""...","[""5分： 交互或内容设计巧妙，能显著促进学生的批判性思维、创新思维、问题解决或知识迁移应用能力（例如通过开放性问题、对比分析、案例探究、项目式任务等）。"", ""4分： 能提出引导性问题或设计有一定挑战性的任务，对培养学生的高阶思维和能力（如分析、评估、应用）有积极作用。"", ""3分： 在促进高阶思维方面有所尝试（如提出一些简单的思考题），但深度和广度有限，效果不明显，整体仍偏重知识复述或简单应用。"", ""2分： 交互或内容主要停...",False
6358300a1312a268220578a420e801d4c75e9525,train_all_low_label,1,low,1,1,0,hidden_or_missing_failure,hidden_or_missing_failure,high,medium,none,none,False,False,high_weight,high_weight,derived_risk_disagreement,6,"[CONTEXT_ONLY_ORIGINAL_TASK] Use the content below only as context for judging the evaluator output. It may contain an embedded ""student answer"", an original requested answer format, or other task text. Do not assign ...","[EVALUATOR_OUTPUT_TO_SCORE] This is the only text you must score. Treat it as the answer/evaluator output being audited. Compare this evaluator output against the metric and rubric using the context above. ```json { ""...","[""5: Reasoning is complete, clear, and rigorous; all steps are correct; arguments are strong and free of logical fallacies."", ""4: Reasoning is largely correct and logically coherent with minor issues in individual ste...",False
63ab64773fb76fbe6cba302eed79041a8316bb7c,train_all_low_label,2,low,2,2,0,visible_failure,hidden_or_missing_failure,high,high,none,none,False,False,high_weight,high_weight,failure_bucket_disagreement,6,"[CONTEXT_ONLY_ORIGINAL_TASK] Use the content below only as context for judging the evaluator output. It may contain an embedded ""student answer"", an original requested answer format, or other task text. Do not assign ...","[EVALUATOR_OUTPUT_TO_SCORE] This is the only text you must score. Treat it as the answer/evaluator output being audited. Compare this evaluator output against the metric and rubric using the context above. { ""纠错后答案"": ...","[""5分： 始终体现出强烈的鼓励和支持态度，语言积极、富有建设性；在需要时提供非常有效的启发式引导，而非直接给答案。"", ""4分： 整体体现出鼓励和支持，语言积极正面；能提供有效的引导，偶尔可能过于直接。"", ""3分： 兼具鼓励和中性/批评性语言，积极性一般；引导有时有效，有时直接给答案或引导不足。"", ""2分： 缺乏鼓励和支持，语言偏中性甚至略显负面；很少提供有效引导，倾向于直接给答案或不给帮助。"", ""1分： 语言消极、打击性...",False
74489511928922f9b0aa06c74a3c42dabf84217e,train_all_low_label,1,low,1,1,0,hidden_or_missing_failure,visible_failure,high,medium,none,none,False,False,high_weight,high_weight,derived_risk_disagreement;failure_bucket_disagreement,6,"[CONTEXT_ONLY_ORIGINAL_TASK] Use the content below only as context for judging the evaluator output. It may contain an embedded ""student answer"", an original requested answer format, or other task text. Do not assign ...","[EVALUATOR_OUTPUT_TO_SCORE] This is the only text you must score. Treat it as the answer/evaluator output being audited. Compare this evaluator output against the metric and rubric using the context above. ```json { ""...","[""5: Reasoning is complete, clear, and rigorous; all steps are correct; arguments are strong and free of logical fallacies."", ""4: Reasoning is largely correct and logically coherent with minor issues in individual ste...",False
78a2f1f17b59206fae3cdedb6b11a9fef084b670,train_all_low_label,2,low,2,2,0,hidden_or_missing_failure,visible_failure,high,high,none,none,False,False,high_weight,high_weight,failure_bucket_disagreement,6,"[CONTEXT_ONLY_ORIGINAL_TASK] Use the content below only as context for judging the evaluator output. It may contain an embedded ""student answer"", an original requested answer format, or other task text. Do not assign ...","[EVALUATOR_OUTPUT_TO_SCORE] This is the only text you must score. Treat it as the answer/evaluator output being audited. Compare this evaluator output against the metric and rubric using the context above. { ""reasonin...","[""5: Skillfully designed to promote critical/creative thinking, problem-solving, or transfer of knowledge (e.g., through open-ended questions, comparative analysis, case study, project-based tasks)."", ""4: Includes gui...",False
7a3d744f872bfd9b86744f132f9dfc6a3c5d8e9f,exp27f_top40_conflict_reaudit,3,mid,2,2,0,visible_failure,visible_failure,unclear,high,none,none,False,False,low_weight,low_weight,derived_risk_disagreement,6,"[CONTEXT_ONLY_ORIGINAL_TASK] Use the content below only as context for judging the evaluator output. It may contain an embedded ""student answer"", an original requested answer format, or other task text. Do not assign ...","[EVALUATOR_OUTPUT_TO_SCORE] This is the only text you must score. Treat it as the answer/evaluator output being audited. Compare this evaluator output against the metric and rubric using the context above. ```json { ""...","[""5分： 推理逻辑链条完整、清晰、严密，步骤正确无误，论证充分有力，无逻辑跳跃或漏洞。"", ""4分： 推理过程主体正确且逻辑清晰，可能在个别步骤的表述或论证细节上略有瑕疵，但不影响最终结论的有效性。"", ""3分： 推理过程大体可见，但存在一些逻辑不清、步骤缺失或论证不足之处，结论可能受到影响。"", ""2分： 推理过程存在明显的逻辑错误、步骤混乱或严重缺失，难以得出正确或可靠的结论。"", ""1分： 几乎没有有效的推理过程，逻辑混乱...",False
8f04d6cb786b1a58fae43fd1ecc4185642111a42,train_mid_borderline,3,mid,3,3,0,hidden_or_missing_failure,no_failure,medium,low,none,none,False,False,high_weight,high_weight,derived_risk_disagreement;failure_bucket_disagreement,6,"[CONTEXT_ONLY_ORIGINAL_TASK] Use the content below only as context for judging the evaluator output. It may contain an embedded ""student answer"", an original requested answer format, or other task text. Do not assign ...","[EVALUATOR_OUTPUT_TO_SCORE] This is the only text you must score. Treat it as the answer/evaluator output being audited. Compare this evaluator output against the metric and rubric using the context above. ```json { ""...","[""5: Skillfully designed to promote critical/creative thinking, problem-solving, or transfer of knowledge (e.g., through open-ended questions, comparative analysis, case study, project-based tasks)."", ""4: Includes gui...",False
8ff264a74369c7106935fc453add4b92d95a8b87,train_all_low_label,1,low,1,1,0,hidden_or_missing_failure,hidden_or_missing_failure,high,medium,none,none,False,False,high_weight,high_weight,derived_risk_disagreement,6,"[CONTEXT_ONLY_ORIGINAL_TASK] Use the content below only as context for judging the evaluator output. It may contain an embedded ""student answer"", an original requested answer format, or other task text. Do not assign ...","[EVALUATOR_OUTPUT_TO_SCORE] This is the only text you must score. Treat it as the answer/evaluator output being audited. Compare this evaluator output against the metric and rubric using the context above. ```json { ""...","[""5分： 推理逻辑链条完整、清晰、严密，步骤正确无误，论证充分有力，无逻辑跳跃或漏洞。"", ""4分： 推理过程主体正确且逻辑清晰，可能在个别步骤的表述或论证细节上略有瑕疵，但不影响最终结论的有效性。"", ""3分： 推理过程大体可见，但存在一些逻辑不清、步骤缺失或论证不足之处，结论可能受到影响。"", ""2分： 推理过程存在明显的逻辑错误、步骤混乱或严重缺失，难以得出正确或可靠的结论。"", ""1分： 几乎没有有效的推理过程，逻辑混乱...",False
9244fd8961a537574c99075f27020808b8899d64,train_mid_borderline,3,mid,2,2,0,visible_failure,visible_failure,high,medium,none,none,False,False,low_weight,low_weight,derived_risk_disagreement,6,"[CONTEXT_ONLY_ORIGINAL_TASK] Use the content below only as context for judging the evaluator output. It may contain an embedded ""student answer"", an original requested answer format, or other task text. Do not assign ...","[EVALUATOR_OUTPUT_TO_SCORE] This is the only text you must score. Treat it as the answer/evaluator output being audited. Compare this evaluator output against the metric and rubric using the context above. ```json { ""...","[""5: Skillfully designed to promote critical/creative thinking, problem-solving, or transfer of knowledge (e.g., through open-ended questions, comparative analysis, case study, project-based tasks)."", ""4: Includes gui...",False
92910121cc180752d916f726d12fa5537c40dd88,train_all_low_label,2,low,1,1,0,visible_failure,hidden_or_missing_failure,high,high,none,none,False,False,low_weight,low_weight,failure_bucket_disagreement,6,"[CONTEXT_ONLY_ORIGINAL_TASK] Use the content below only as context for judging the evaluator output. It may contain an embedded ""student answer"", an original requested answer format, or other task text. Do not assign ...","[EVALUATOR_OUTPUT_TO_SCORE] This is the only text you must score. Treat it as the answer/evaluator output being audited. Compare this evaluator output against the metric and rubric using the context above. ```json { ""...","[""5: Fully integrated all key scenario elements (e.g., student history, learning preferences); output is highly personalized and well-matched to the teaching context."", ""4: Used major scenario elements effectively; re...",False
9b98fbe73d713149b38df9e497e2ad0a0a022c91,train_all_low_label,2,low,2,2,0,visible_failure,visible_failure,high,medium,none,none,False,False,high_weight,high_weight,derived_risk_disagreement,6,"[CONTEXT_ONLY_ORIGINAL_TASK] Use the content below only as context for judging the evaluator output. It may contain an embedded ""student answer"", an original requested answer format, or other task text. Do not assign ...","[EVALUATOR_OUTPUT_TO_SCORE] This is the only text you must score. Treat it as the answer/evaluator output being audited. Compare this evaluator output against the metric and rubric using the context above. ```json { ""...","[""5: Skillfully designed to promote critical/creative thinking, problem-solving, or transfer of knowledge (e.g., through open-ended questions, comparative analysis, case study, project-based tasks)."", ""4: Includes gui...",False
9fdf5ac4ce9e42b699e040bcc32841d72d8c9e07,train_all_low_label,1,low,1,1,0,visible_failure,visible_failure,high,medium,none,none,False,False,high_weight,high_weight,derived_risk_disagreement,6,"[CONTEXT_ONLY_ORIGINAL_TASK] Use the content below only as context for judging the evaluator output. It may contain an embedded ""student answer"", an original requested answer format, or other task text. Do not assign ...","[EVALUATOR_OUTPUT_TO_SCORE] This is the only text you must score. Treat it as the answer/evaluator output being audited. Compare this evaluator output against the metric and rubric using the context above. ```json { ""...","[""5分： 所有涉及的客观事实（定义、公式、日期、名词、代码语法等）完全准确无误。"", ""4分： 绝大部分事实准确，可能存在个别极其微小的、非关键性的笔误或疏漏。"", ""3分： 大部分事实准确，但存在少量明显的事实错误，需要核查。"", ""2分： 包含较多或关键性的事实错误，信息不可靠。"", ""1分： 充斥着大量事实错误，信息完全错误或误导。""]",False
9ff89a7371f7a3cc50ca3b8ecc73e832d537fe83,train_education_dimension_stress,4,high,4,4,0,hidden_or_missing_failure,no_failure,low,low,none,none,False,False,high_weight,high_weight,failure_bucket_disagreement,6,"[CONTEXT_ONLY_ORIGINAL_TASK] Use the content below only as context for judging the evaluator output. It may contain an embedded ""student answer"", an original requested answer format, or other task text. Do not assign ...","[EVALUATOR_OUTPUT_TO_SCORE] This is the only text you must score. Treat it as the answer/evaluator output being audited. Compare this evaluator output against the metric and rubric using the context above. { ""Emotiona...","[""5: Fully integrated all key scenario elements (e.g., student history, learning preferences); output is highly personalized and well-matched to the teaching context."", ""4: Used major scenario elements effectively; re...",False
a258f673604d9a2b3bd9233114bf9f818ec3fd9e,train_high_disagreement_protection,5,high,4,4,0,hidden_or_missing_failure,no_failure,low,low,none,none,False,False,low_weight,low_weight,failure_bucket_disagreement,6,"[CONTEXT_ONLY_ORIGINAL_TASK] Use the content below only as context for judging the evaluator output. It may contain an embedded ""student answer"", an original requested answer format, or other task text. Do not assign ...","[EVALUATOR_OUTPUT_TO_SCORE] This is the only text you must score. Treat it as the answer/evaluator output being audited. Compare this evaluator output against the metric and rubric using the context above. ```json { ""...","[""5: Precisely identified all errors (no omission or false positives); provided completely correct, clear, and optimal correction suggestions."", ""4: Correctly located most major errors; suggestions are generally accur...",False
ace8e8c753768bd92cca1109688beec1d0397396,train_mid_borderline,3,mid,4,4,0,hidden_or_missing_failure,no_failure,low,low,none,none,False,False,low_weight,low_weight,failure_bucket_disagreement,6,"[CONTEXT_ONLY_ORIGINAL_TASK] Use the content below only as context for judging the evaluator output. It may contain an embedded ""student answer"", an original requested answer format, or other task text. Do not assign ...","[EVALUATOR_OUTPUT_TO_SCORE] This is the only text you must score. Treat it as the answer/evaluator output being audited. Compare this evaluator output against the metric and rubric using the context above. ```json { ""...","[""5分： 完全理解并精准执行所有指令，完美达成核心任务目标，格式完全符合要求。"", ""4分： 准确理解主要指令，正确执行任务，核心目标达成度高，格式基本符合要求，可能有极少细节遗漏或偏差。"", ""3分： 理解了指令大意但可能忽略部分细节，任务基本完成但存在一些不准确或遗漏之处，格式有明显尝试但存在较多偏差。"", ""2分： 对指令理解有偏差，任务完成度低或有严重错误，格式多数不符合要求。"", ""1分： 完全误解或无视指令，任务未完...",False
b244536c7311368a6ca7c48f1c8dc3c2f9c080dd,train_clean_high_controls,5,high,4,4,0,no_failure,hidden_or_missing_failure,low,unclear,none,none,False,False,low_weight,low_weight,derived_risk_disagreement;failure_bucket_disagreement,6,"[CONTEXT_ONLY_ORIGINAL_TASK] Use the content below only as context for judging the evaluator output. It may contain an embedded ""student answer"", an original requested answer format, or other task text. Do not assign ...","[EVALUATOR_OUTPUT_TO_SCORE] This is the only text you must score. Treat it as the answer/evaluator output being audited. Compare this evaluator output against the metric and rubric using the context above. { ""reasonin...","[""5: Fully understood and precisely executed all instructions; achieved core task with perfect accuracy; output format is fully compliant."", ""4: Accurately understood main instructions and correctly completed the task...",False
b51fe8038ded98685f2c18b27990ce26056dfc17,exp27f_top40_conflict_reaudit,2,low,1,1,0,hidden_or_missing_failure,hidden_or_missing_failure,high,unclear,none,none,False,False,low_weight,low_weight,derived_risk_disagreement,6,"[CONTEXT_ONLY_ORIGINAL_TASK] Use the content below only as context for judging the evaluator output. It may contain an embedded ""student answer"", an original requested answer format, or other task text. Do not assign ...","[EVALUATOR_OUTPUT_TO_SCORE] This is the only text you must score. Treat it as the answer/evaluator output being audited. Compare this evaluator output against the metric and rubric using the context above. { ""reasonin...","[""5: Fully integrated all key scenario elements (e.g., student history, learning preferences); output is highly personalized and well-matched to the teaching context."", ""4: Used major scenario elements effectively; re...",False
b80aa316055d6b28a07be198af67b5d3b5537504,train_mid_borderline,3,mid,2,2,0,hidden_or_missing_failure,visible_failure,high,high,none,none,False,False,low_weight,low_weight,failure_bucket_disagreement,6,"[CONTEXT_ONLY_ORIGINAL_TASK] Use the content below only as context for judging the evaluator output. It may contain an embedded ""student answer"", an original requested answer format, or other task text. Do not assign ...","[EVALUATOR_OUTPUT_TO_SCORE] This is the only text you must score. Treat it as the answer/evaluator output being audited. Compare this evaluator output against the metric and rubric using the context above. ```json { ""...","[""5: Strongly supportive and encouraging; consistently uses constructive and positive language; offers highly effective heuristic guidance instead of simply giving answers."", ""4: Generally supportive tone and positive...",False
b98b50d95782304d48d08ccbe6eda435ec3f66c7,train_all_low_label,2,low,1,1,0,hidden_or_missing_failure,hidden_or_missing_failure,unclear,high,none,none,False,False,low_weight,low_weight,derived_risk_disagreement,6,"[CONTEXT_ONLY_ORIGINAL_TASK] Use the content below only as context for judging the evaluator output. It may contain an embedded ""student answer"", an original requested answer format, or other task text. Do not assign ...","[EVALUATOR_OUTPUT_TO_SCORE] This is the only text you must score. Treat it as the answer/evaluator output being audited. Compare this evaluator output against the metric and rubric using the context above. ```json { ""...","[""5: Fully integrated all key scenario elements (e.g., student history, learning preferences); output is highly personalized and well-matched to the teaching context."", ""4: Used major scenario elements effectively; re...",False
bdc4da3aedcbbcc9043ea3f55faf2bc4eae54093,train_clean_high_controls,4,high,4,4,0,hidden_or_missing_failure,no_failure,low,low,none,none,False,False,high_weight,high_weight,failure_bucket_disagreement,6,"[CONTEXT_ONLY_ORIGINAL_TASK] Use the content below only as context for judging the evaluator output. It may contain an embedded ""student answer"", an original requested answer format, or other task text. Do not assign ...","[EVALUATOR_OUTPUT_TO_SCORE] This is the only text you must score. Treat it as the answer/evaluator output being audited. Compare this evaluator output against the metric and rubric using the context above. { ""知识点"": ""市...","[""5分： 解释、说明、反馈极其清晰简洁，完全符合目标学习者的理解水平；表达生动有趣，能有效激发思考和兴趣。"", ""4分： 表达清晰易懂，语言简洁，适合目标学习者；具有一定的启发性，能够引发一些思考。"", ""3分： 表达基本能懂，但可能略显啰嗦、复杂或不够生动；启发性一般。"", ""2分： 表达不够清晰，存在较多术语或复杂句式，不易理解；缺乏启发性。"", ""1分： 表达混乱、晦涩难懂，完全不考虑学习者水平；毫无启发性甚至令人困惑。""]",False
ccdab1ce8e955bdbf2224a22c0f14a10db6718ab,train_all_low_label,2,low,1,1,0,hidden_or_missing_failure,visible_failure,high,medium,none,none,False,False,low_weight,low_weight,derived_risk_disagreement;failure_bucket_disagreement,6,"[CONTEXT_ONLY_ORIGINAL_TASK] Use the content below only as context for judging the evaluator output. It may contain an embedded ""student answer"", an original requested answer format, or other task text. Do not assign ...","[EVALUATOR_OUTPUT_TO_SCORE] This is the only text you must score. Treat it as the answer/evaluator output being audited. Compare this evaluator output against the metric and rubric using the context above. { ""reasonin...","[""5: Fully integrated all key scenario elements (e.g., student history, learning preferences); output is highly personalized and well-matched to the teaching context."", ""4: Used major scenario elements effectively; re...",False
d3e2de90a57770f5c07521715e59168a2374b4fa,train_mid_borderline,3,mid,2,2,0,visible_failure,hidden_or_missing_failure,unclear,high,none,none,False,False,low_weight,low_weight,derived_risk_disagreement;failure_bucket_disagreement,6,"[CONTEXT_ONLY_ORIGINAL_TASK] Use the content below only as context for judging the evaluator output. It may contain an embedded ""student answer"", an original requested answer format, or other task text. Do not assign ...","[EVALUATOR_OUTPUT_TO_SCORE] This is the only text you must score. Treat it as the answer/evaluator output being audited. Compare this evaluator output against the metric and rubric using the context above. ```json { ""...","[""5分： 所有涉及的客观事实（定义、公式、日期、名词、代码语法等）完全准确无误。"", ""4分： 绝大部分事实准确，可能存在个别极其微小的、非关键性的笔误或疏漏。"", ""3分： 大部分事实准确，但存在少量明显的事实错误，需要核查。"", ""2分： 包含较多或关键性的事实错误，信息不可靠。"", ""1分： 充斥着大量事实错误，信息完全错误或误导。""]",False
ec9a7870c5ca6a68b1ba47d38ed2852f9d6a317e,exp27f_top40_conflict_reaudit,3,mid,4,4,0,hidden_or_missing_failure,no_failure,low,low,none,none,False,False,low_weight,low_weight,failure_bucket_disagreement,6,"[CONTEXT_ONLY_ORIGINAL_TASK] Use the content below only as context for judging the evaluator output. It may contain an embedded ""student answer"", an original requested answer format, or other task text. Do not assign ...","[EVALUATOR_OUTPUT_TO_SCORE] This is the only text you must score. Treat it as the answer/evaluator output being audited. Compare this evaluator output against the metric and rubric using the context above. ```json { ""...","[""5分： 充分融合所有关键场景要素（如学生历史、学习偏好等），输出高度个性化，并与教学情境高度匹配。"", ""4分： 有效使用主要场景要素，回答具有针对性；可能遗漏少量细节，但不影响整体效果。"", ""3分： 使用了部分场景信息，但融合较浅；个性化程度或情境契合度一般。"", ""2分： 仅表层提及场景信息，未有效融合核心要素；与上下文连接较弱。"", ""1分： 完全忽视场景特定信息；输出通用、模板化，且与场景不相关。""]",False
f0c923e09065792432b0f588a7eb74ea86409797,train_all_low_label,2,low,2,2,0,visible_failure,hidden_or_missing_failure,high,high,none,none,False,False,high_weight,high_weight,failure_bucket_disagreement,6,"[CONTEXT_ONLY_ORIGINAL_TASK] Use the content below only as context for judging the evaluator output. It may contain an embedded ""student answer"", an original requested answer format, or other task text. Do not assign ...","[EVALUATOR_OUTPUT_TO_SCORE] This is the only text you must score. Treat it as the answer/evaluator output being audited. Compare this evaluator output against the metric and rubric using the context above. ```json { ""...","[""5分： 始终体现出强烈的鼓励和支持态度，语言积极、富有建设性；在需要时提供非常有效的启发式引导，而非直接给答案。"", ""4分： 整体体现出鼓励和支持，语言积极正面；能提供有效的引导，偶尔可能过于直接。"", ""3分： 兼具鼓励和中性/批评性语言，积极性一般；引导有时有效，有时直接给答案或引导不足。"", ""2分： 缺乏鼓励和支持，语言偏中性甚至略显负面；很少提供有效引导，倾向于直接给答案或不给帮助。"", ""1分： 语言消极、打击性...",False
f941bd555946d5f670146c0ddba2b00c76cfee04,train_all_low_label,1,low,1,1,0,hidden_or_missing_failure,hidden_or_missing_failure,high,medium,none,none,False,False,high_weight,high_weight,derived_risk_disagreement,6,"[CONTEXT_ONLY_ORIGINAL_TASK] Use the content below only as context for judging the evaluator output. It may contain an embedded ""student answer"", an original requested answer format, or other task text. Do not assign ...","[EVALUATOR_OUTPUT_TO_SCORE] This is the only text you must score. Treat it as the answer/evaluator output being audited. Compare this evaluator output against the metric and rubric using the context above. ```json {""答...","[""5分： 推理逻辑链条完整、清晰、严密，步骤正确无误，论证充分有力，无逻辑跳跃或漏洞。"", ""4分： 推理过程主体正确且逻辑清晰，可能在个别步骤的表述或论证细节上略有瑕疵，但不影响最终结论的有效性。"", ""3分： 推理过程大体可见，但存在一些逻辑不清、步骤缺失或论证不足之处，结论可能受到影响。"", ""2分： 推理过程存在明显的逻辑错误、步骤混乱或严重缺失，难以得出正确或可靠的结论。"", ""1分： 几乎没有有效的推理过程，逻辑混乱...",False
ff8336b754ae2926d754192bf5a2f0c7ca6ba2a5,train_all_low_label,1,low,1,1,0,hidden_or_missing_failure,hidden_or_missing_failure,high,medium,none,none,False,False,high_weight,high_weight,derived_risk_disagreement,6,"[CONTEXT_ONLY_ORIGINAL_TASK] Use the content below only as context for judging the evaluator output. It may contain an embedded ""student answer"", an original requested answer format, or other task text. Do not assign ...","[EVALUATOR_OUTPUT_TO_SCORE] This is the only text you must score. Treat it as the answer/evaluator output being audited. Compare this evaluator output against the metric and rubric using the context above. ```json { ""...","[""5分： 推理逻辑链条完整、清晰、严密，步骤正确无误，论证充分有力，无逻辑跳跃或漏洞。"", ""4分： 推理过程主体正确且逻辑清晰，可能在个别步骤的表述或论证细节上略有瑕疵，但不影响最终结论的有效性。"", ""3分： 推理过程大体可见，但存在一些逻辑不清、步骤缺失或论证不足之处，结论可能受到影响。"", ""2分： 推理过程存在明显的逻辑错误、步骤混乱或严重缺失，难以得出正确或可靠的结论。"", ""1分： 几乎没有有效的推理过程，逻辑混乱...",False
072293e008cc3b28f56a7cfb51a7979ad942a832,train_high_disagreement_protection,4,high,4,5,1,no_failure,no_failure,low,low,none,none,False,False,high_weight,low_weight,training_use_disagreement,7,"[CONTEXT_ONLY_ORIGINAL_TASK] Use the content below only as context for judging the evaluator output. It may contain an embedded ""student answer"", an original requested answer format, or other task text. Do not assign ...","[EVALUATOR_OUTPUT_TO_SCORE] This is the only text you must score. Treat it as the answer/evaluator output being audited. Compare this evaluator output against the metric and rubric using the context above. ```json { ""...","[""5: Strongly supportive and encouraging; consistently uses constructive and positive language; offers highly effective heuristic guidance instead of simply giving answers."", ""4: Generally supportive tone and positive...",False
14d269a457d72719b99e5eb391ccfc2f2ff29cfe,train_high_disagreement_protection,4,high,5,4,1,no_failure,no_failure,low,low,none,none,False,False,low_weight,high_weight,training_use_disagreement,7,"[CONTEXT_ONLY_ORIGINAL_TASK] Use the content below only as context for judging the evaluator output. It may contain an embedded ""student answer"", an original requested answer format, or other task text. Do not assign ...","[EVALUATOR_OUTPUT_TO_SCORE] This is the only text you must score. Treat it as the answer/evaluator output being audited. Compare this evaluator output against the metric and rubric using the context above. { ""reasonin...","[""5: Fully understood and precisely executed all instructions; achieved core task with perfect accuracy; output format is fully compliant."", ""4: Accurately understood main instructions and correctly completed the task...",False
18551ba0c6e7b3ad2bd30333ae0aad09b79b9c98,train_all_low_label,2,low,1,2,1,visible_failure,visible_failure,unclear,unclear,none,none,False,False,low_weight,high_weight,training_use_disagreement,7,"[CONTEXT_ONLY_ORIGINAL_TASK] Use the content below only as context for judging the evaluator output. It may contain an embedded ""student answer"", an original requested answer format, or other task text. Do not assign ...","[EVALUATOR_OUTPUT_TO_SCORE] This is the only text you must score. Treat it as the answer/evaluator output being audited. Compare this evaluator output against the metric and rubric using the context above. ```json { ""...","[""5分： 所有涉及的客观事实（定义、公式、日期、名词、代码语法等）完全准确无误。"", ""4分： 绝大部分事实准确，可能存在个别极其微小的、非关键性的笔误或疏漏。"", ""3分： 大部分事实准确，但存在少量明显的事实错误，需要核查。"", ""2分： 包含较多或关键性的事实错误，信息不可靠。"", ""1分： 充斥着大量事实错误，信息完全错误或误导。""]",False
1905d9dcdf2880df39d9d380624436abd892da5a,train_all_low_label,2,low,2,1,1,hidden_or_missing_failure,hidden_or_missing_failure,high,high,none,none,False,False,high_weight,low_weight,training_use_disagreement,7,"[CONTEXT_ONLY_ORIGINAL_TASK] Use the content below only as context for judging the evaluator output. It may contain an embedded ""student answer"", an original requested answer format, or other task text. Do not assign ...","[EVALUATOR_OUTPUT_TO_SCORE] This is the only text you must score. Treat it as the answer/evaluator output being audited. Compare this evaluator output against the metric and rubric using the context above. { ""reasonin...","[""5: Fully integrated all key scenario elements (e.g., student history, learning preferences); output is highly personalized and well-matched to the teaching context."", ""4: Used major scenario elements effectively; re...",False
32fc854ed95843dde3e2b4be2ebbf04ba59714c7,train_mid_borderline,3,mid,4,5,1,no_failure,no_failure,low,low,none,none,False,False,low_weight,review_only,audit_hard_conflict;one_teacher_disagrees_with_human;training_use_disagreement,7,"[CONTEXT_ONLY_ORIGINAL_TASK] Use the content below only as context for judging the evaluator output. It may contain an embedded ""student answer"", an original requested answer format, or other task text. Do not assign ...","[EVALUATOR_OUTPUT_TO_SCORE] This is the only text you must score. Treat it as the answer/evaluator output being audited. Compare this evaluator output against the metric and rubric using the context above. ```json { ""...","[""5: Strongly supportive and encouraging; consistently uses constructive and positive language; offers highly effective heuristic guidance instead of simply giving answers."", ""4: Generally supportive tone and positive...",False
3907c930ba7248b85d6dd46cfae6776f9c4bd138,train_clean_high_controls,4,high,5,4,1,no_failure,no_failure,low,low,none,none,False,False,low_weight,high_weight,training_use_disagreement,7,"[CONTEXT_ONLY_ORIGINAL_TASK] Use the content below only as context for judging the evaluator output. It may contain an embedded ""student answer"", an original requested answer format, or other task text. Do not assign ...",[EVALUATOR_OUTPUT_TO_SCORE] This is the only text you must score. Treat it as the answer/evaluator output being audited. Compare this evaluator output against the metric and rubric using the context above. 基于提供的学生画像，我...,"[""5分： 完全理解并精准执行所有指令，完美达成核心任务目标，格式完全符合要求。"", ""4分： 准确理解主要指令，正确执行任务，核心目标达成度高，格式基本符合要求，可能有极少细节遗漏或偏差。"", ""3分： 理解了指令大意但可能忽略部分细节，任务基本完成但存在一些不准确或遗漏之处，格式有明显尝试但存在较多偏差。"", ""2分： 对指令理解有偏差，任务完成度低或有严重错误，格式多数不符合要求。"", ""1分： 完全误解或无视指令，任务未完...",False
4468842156d5b938a609185df023c4a860497e75,exp27f_top40_conflict_reaudit,3,mid,4,5,1,no_failure,no_failure,low,low,none,none,False,False,low_weight,review_only,audit_hard_conflict;one_teacher_disagrees_with_human;training_use_disagreement,7,"[CONTEXT_ONLY_ORIGINAL_TASK] Use the content below only as context for judging the evaluator output. It may contain an embedded ""student answer"", an original requested answer format, or other task text. Do not assign ...","[EVALUATOR_OUTPUT_TO_SCORE] This is the only text you must score. Treat it as the answer/evaluator output being audited. Compare this evaluator output against the metric and rubric using the context above. ```json { ""...","[""5分： 完全理解并精准执行所有指令，完美达成核心任务目标，格式完全符合要求。"", ""4分： 准确理解主要指令，正确执行任务，核心目标达成度高，格式基本符合要求，可能有极少细节遗漏或偏差。"", ""3分： 理解了指令大意但可能忽略部分细节，任务基本完成但存在一些不准确或遗漏之处，格式有明显尝试但存在较多偏差。"", ""2分： 对指令理解有偏差，任务完成度低或有严重错误，格式多数不符合要求。"", ""1分： 完全误解或无视指令，任务未完...",False
49f20dc5f6af7ac653a2b37a0b23e7ca31b165d9,train_mid_borderline,3,mid,4,5,1,no_failure,no_failure,low,low,none,none,False,False,low_weight,review_only,audit_hard_conflict;one_teacher_disagrees_with_human;training_use_disagreement,7,"[CONTEXT_ONLY_ORIGINAL_TASK] Use the content below only as context for judging the evaluator output. It may contain an embedded ""student answer"", an original requested answer format, or other task text. Do not assign ...","[EVALUATOR_OUTPUT_TO_SCORE] This is the only text you must score. Treat it as the answer/evaluator output being audited. Compare this evaluator output against the metric and rubric using the context above. ```json { ""...","[""5: Strongly supportive and encouraging; consistently uses constructive and positive language; offers highly effective heuristic guidance instead of simply giving answers."", ""4: Generally supportive tone and positive...",False
50349ad7c5ffd383619779fefbafa4c8fc0b2fd6,train_education_dimension_stress,4,high,4,5,1,no_failure,no_failure,low,low,none,none,False,False,high_weight,low_weight,training_use_disagreement,7,"[CONTEXT_ONLY_ORIGINAL_TASK] Use the content below only as context for judging the evaluator output. It may contain an embedded ""student answer"", an original requested answer format, or other task text. Do not assign ...","[EVALUATOR_OUTPUT_TO_SCORE] This is the only text you must score. Treat it as the answer/evaluator output being audited. Compare this evaluator output against the metric and rubric using the context above. { ""教学素材"": {...","[""5分： 角色扮演（如老师/助教）非常到位，语言风格、专业程度和语气（如鼓励/严肃）完全符合设定和面向的学习者群体。"", ""4分： 角色和口吻大体一致，符合场景要求，但在个别语句或细节上可能略有偏差。"", ""3分： 能看出尝试匹配角色和口吻，但一致性不足，部分表达与设定角色/场景有脱节。"", ""2分： 角色和口吻与设定要求有较大差距，显得生硬或不协调。"", ""1分： 完全没有体现设定的角色和口吻，表达方式与场景要求完全不符。""]",False
51106cb27723a9c88f2bf04bd11a86b2ce69766c,train_clean_high_controls,4,high,4,5,1,no_failure,no_failure,low,low,none,none,False,False,high_weight,low_weight,training_use_disagreement,7,"[CONTEXT_ONLY_ORIGINAL_TASK] Use the content below only as context for judging the evaluator output. It may contain an embedded ""student answer"", an original requested answer format, or other task text. Do not assign ...","[EVALUATOR_OUTPUT_TO_SCORE] This is the only text you must score. Treat it as the answer/evaluator output being audited. Compare this evaluator output against the metric and rubric using the context above. ```json { ""...","[""5分： 在专业领域知识运用上不仅准确，且展现出恰当的深度和严谨性，符合行业标准或学术规范。"", ""4分： 专业知识运用准确，体现了较好的专业水准，但在深度或某些细节的严谨性上略有不足，不影响核心正确性。"", ""3分： 专业知识运用基本准确，但显得较为表层或不够严谨，可能存在一些非核心概念的混淆或遗漏。"", ""2分： 专业知识运用存在明显错误或重大遗漏，体现出专业性不足。"", ""1分： 专业知识运用方面存在严重错误，完全不符合专...",False
5eca8796afa57332b77efb229a632e49b196cbed,exp27f_top40_conflict_reaudit,3,mid,4,5,1,no_failure,no_failure,low,low,none,none,False,False,low_weight,review_only,audit_hard_conflict;one_teacher_disagrees_with_human;training_use_disagreement,7,"[CONTEXT_ONLY_ORIGINAL_TASK] Use the content below only as context for judging the evaluator output. It may contain an embedded ""student answer"", an original requested answer format, or other task text. Do not assign ...","[EVALUATOR_OUTPUT_TO_SCORE] This is the only text you must score. Treat it as the answer/evaluator output being audited. Compare this evaluator output against the metric and rubric using the context above. { ""Score"": ...","[""5: Strongly supportive and encouraging; consistently uses constructive and positive language; offers highly effective heuristic guidance instead of simply giving answers."", ""4: Generally supportive tone and positive...",False
5f27d9555a40c573edac21732500294d2d1fd559,train_high_disagreement_protection,4,high,4,5,1,no_failure,no_failure,low,low,none,none,False,False,high_weight,low_weight,training_use_disagreement,7,"[CONTEXT_ONLY_ORIGINAL_TASK] Use the content below only as context for judging the evaluator output. It may contain an embedded ""student answer"", an original requested answer format, or other task text. Do not assign ...","[EVALUATOR_OUTPUT_TO_SCORE] This is the only text you must score. Treat it as the answer/evaluator output being audited. Compare this evaluator output against the metric and rubric using the context above. ```json { ""...","[""5: Strongly supportive and encouraging; consistently uses constructive and positive language; offers highly effective heuristic guidance instead of simply giving answers."", ""4: Generally supportive tone and positive...",False
76909e50052e68bb729ed62933a86559f6a7c036,train_all_low_label,1,low,1,2,1,hidden_or_missing_failure,hidden_or_missing_failure,high,high,none,none,False,False,high_weight,low_weight,training_use_disagreement,7,"[CONTEXT_ONLY_ORIGINAL_TASK] Use the content below only as context for judging the evaluator output. It may contain an embedded ""student answer"", an original requested answer format, or other task text. Do not assign ...","[EVALUATOR_OUTPUT_TO_SCORE] This is the only text you must score. Treat it as the answer/evaluator output being audited. Compare this evaluator output against the metric and rubric using the context above. ```json { ""...","[""5: Reasoning is complete, clear, and rigorous; all steps are correct; arguments are strong and free of logical fallacies."", ""4: Reasoning is largely correct and logically coherent with minor issues in individual ste...",False
80f9fc04a015dbb39a5f5c5a75c7737bf798466a,train_mid_borderline,3,mid,4,5,1,no_failure,no_failure,low,low,none,none,False,False,low_weight,review_only,audit_hard_conflict;one_teacher_disagrees_with_human;training_use_disagreement,7,"[CONTEXT_ONLY_ORIGINAL_TASK] Use the content below only as context for judging the evaluator output. It may contain an embedded ""student answer"", an original requested answer format, or other task text. Do not assign ...",[EVALUATOR_OUTPUT_TO_SCORE] This is the only text you must score. Treat it as the answer/evaluator output being audited. Compare this evaluator output against the metric and rubric using the context above. 根据提供的学生画像信息...,"[""5分： 非常好地根据学生水平/特点/需求提供了高度差异化的内容/建议/反馈；提供的学习路径/资源建议精准、实用且有价值。"", ""4分： 能根据学生情况进行一定程度的个性化调整，提供了相关的学习建议或资源，具有较好的参考价值。"", ""3分： 尝试进行个性化，但适应性不强，内容/建议差异不大；提供的学习支持比较通用，价值有限。"", ""2分： 几乎没有体现个性化适应，输出内容/建议对所有人都一样；学习支持不足或不相关。"", ""1分：...",False
874ce57cbb5e51560106533bf991b46dcff34675,train_clean_high_controls,5,high,4,5,1,no_failure,no_failure,low,low,none,none,False,False,low_weight,high_weight,training_use_disagreement,7,"[CONTEXT_ONLY_ORIGINAL_TASK] Use the content below only as context for judging the evaluator output. It may contain an embedded ""student answer"", an original requested answer format, or other task text. Do not assign ...","[EVALUATOR_OUTPUT_TO_SCORE] This is the only text you must score. Treat it as the answer/evaluator output being audited. Compare this evaluator output against the metric and rubric using the context above. ```json { ""...","[""5分： 解释、说明、反馈极其清晰简洁，完全符合目标学习者的理解水平；表达生动有趣，能有效激发思考和兴趣。"", ""4分： 表达清晰易懂，语言简洁，适合目标学习者；具有一定的启发性，能够引发一些思考。"", ""3分： 表达基本能懂，但可能略显啰嗦、复杂或不够生动；启发性一般。"", ""2分： 表达不够清晰，存在较多术语或复杂句式，不易理解；缺乏启发性。"", ""1分： 表达混乱、晦涩难懂，完全不考虑学习者水平；毫无启发性甚至令人困惑。""]",False
95dbe3a4bea98b999c43484f0d51e5b97b7146a4,train_high_disagreement_protection,4,high,4,5,1,no_failure,no_failure,low,low,none,none,False,False,high_weight,low_weight,training_use_disagreement,7,"[CONTEXT_ONLY_ORIGINAL_TASK] Use the content below only as context for judging the evaluator output. It may contain an embedded ""student answer"", an original requested answer format, or other task text. Do not assign ...","[EVALUATOR_OUTPUT_TO_SCORE] This is the only text you must score. Treat it as the answer/evaluator output being audited. Compare this evaluator output against the metric and rubric using the context above. ```json { ""...","[""5: Strongly supportive and encouraging; consistently uses constructive and positive language; offers highly effective heuristic guidance instead of simply giving answers."", ""4: Generally supportive tone and positive...",False
96d9b097cf96187e2521bd7527a102fc81c3878d,train_high_disagreement_protection,4,high,4,5,1,no_failure,no_failure,low,low,none,none,False,False,high_weight,low_weight,training_use_disagreement,7,"[CONTEXT_ONLY_ORIGINAL_TASK] Use the content below only as context for judging the evaluator output. It may contain an embedded ""student answer"", an original requested answer format, or other task text. Do not assign ...","[EVALUATOR_OUTPUT_TO_SCORE] This is the only text you must score. Treat it as the answer/evaluator output being audited. Compare this evaluator output against the metric and rubric using the context above. ```json { ""...","[""5: Strongly supportive and encouraging; consistently uses constructive and positive language; offers highly effective heuristic guidance instead of simply giving answers."", ""4: Generally supportive tone and positive...",False
988e6d0eb6aef1daed86fda63f4f1208530174d0,train_mid_borderline,3,mid,2,1,1,hidden_or_missing_failure,hidden_or_missing_failure,high,high,none,none,False,False,low_weight,review_only,audit_hard_conflict;one_teacher_disagrees_with_human;training_use_disagreement,7,"[CONTEXT_ONLY_ORIGINAL_TASK] Use the content below only as context for judging the evaluator output. It may contain an embedded ""student answer"", an original requested answer format, or other task text. Do not assign ...","[EVALUATOR_OUTPUT_TO_SCORE] This is the only text you must score. Treat it as the answer/evaluator output being audited. Compare this evaluator output against the metric and rubric using the context above. { ""reasonin...","[""5: Skillfully designed to promote critical/creative thinking, problem-solving, or transfer of knowledge (e.g., through open-ended questions, comparative analysis, case study, project-based tasks)."", ""4: Includes gui...",False
9e1e298dec24f176098e5c05fb0515f555cb29e3,train_education_dimension_stress,4,high,4,5,1,no_failure,no_failure,low,low,none,none,False,False,high_weight,low_weight,training_use_disagreement,7,"[CONTEXT_ONLY_ORIGINAL_TASK] Use the content below only as context for judging the evaluator output. It may contain an embedded ""student answer"", an original requested answer format, or other task text. Do not assign ...","[EVALUATOR_OUTPUT_TO_SCORE] This is the only text you must score. Treat it as the answer/evaluator output being audited. Compare this evaluator output against the metric and rubric using the context above. ```json { ""...","[""5: Strongly supportive and encouraging; consistently uses constructive and positive language; offers highly effective heuristic guidance instead of simply giving answers."", ""4: Generally supportive tone and positive...",False
a2963f0bafecf877ce9d9f85ccd07d324522a500,train_all_low_label,1,low,2,1,1,hidden_or_missing_failure,hidden_or_missing_failure,high,high,none,none,False,False,low_weight,high_weight,training_use_disagreement,7,"[CONTEXT_ONLY_ORIGINAL_TASK] Use the content below only as context for judging the evaluator output. It may contain an embedded ""student answer"", an original requested answer format, or other task text. Do not assign ...","[EVALUATOR_OUTPUT_TO_SCORE] This is the only text you must score. Treat it as the answer/evaluator output being audited. Compare this evaluator output against the metric and rubric using the context above. { ""answer"":...","[""5: Reasoning is complete, clear, and rigorous; all steps are correct; arguments are strong and free of logical fallacies."", ""4: Reasoning is largely correct and logically coherent with minor issues in individual ste...",False
a37abff5770cacb87d058dba9bd6df3bb94b41bb,train_mid_borderline,3,mid,5,4,1,no_failure,no_failure,low,low,none,none,False,False,review_only,low_weight,audit_hard_conflict;one_teacher_disagrees_with_human;training_use_disagreement,7,"[CONTEXT_ONLY_ORIGINAL_TASK] Use the content below only as context for judging the evaluator output. It may contain an embedded ""student answer"", an original requested answer format, or other task text. Do not assign ...","[EVALUATOR_OUTPUT_TO_SCORE] This is the only text you must score. Treat it as the answer/evaluator output being audited. Compare this evaluator output against the metric and rubric using the context above. { ""reasonin...","[""5: Subject matter application is not only accurate but also shows appropriate depth and rigor; adheres to industry or academic standards."", ""4: Proper use of professional knowledge reflecting a good degree of profic...",False
a5da47f03dbd1f41391e3141ce9b3b0f60306d7d,train_clean_high_controls,4,high,4,5,1,no_failure,no_failure,low,low,none,none,False,False,high_weight,low_weight,training_use_disagreement,7,"[CONTEXT_ONLY_ORIGINAL_TASK] Use the content below only as context for judging the evaluator output. It may contain an embedded ""student answer"", an original requested answer format, or other task text. Do not assign ...","[EVALUATOR_OUTPUT_TO_SCORE] This is the only text you must score. Treat it as the answer/evaluator output being audited. Compare this evaluator output against the metric and rubric using the context above. ```json { ""...","[""5分： 所有涉及的客观事实（定义、公式、日期、名词、代码语法等）完全准确无误。"", ""4分： 绝大部分事实准确，可能存在个别极其微小的、非关键性的笔误或疏漏。"", ""3分： 大部分事实准确，但存在少量明显的事实错误，需要核查。"", ""2分： 包含较多或关键性的事实错误，信息不可靠。"", ""1分： 充斥着大量事实错误，信息完全错误或误导。""]",False
a8ae95a0be2f0859e626b64f28585f542cf88bc6,train_education_dimension_stress,4,high,5,4,1,no_failure,no_failure,low,low,none,none,False,False,low_weight,high_weight,training_use_disagreement,7,"[CONTEXT_ONLY_ORIGINAL_TASK] Use the content below only as context for judging the evaluator output. It may contain an embedded ""student answer"", an original requested answer format, or other task text. Do not assign ...","[EVALUATOR_OUTPUT_TO_SCORE] This is the only text you must score. Treat it as the answer/evaluator output being audited. Compare this evaluator output against the metric and rubric using the context above. ```json { ""...","[""5分： 在专业领域知识运用上不仅准确，且展现出恰当的深度和严谨性，符合行业标准或学术规范。"", ""4分： 专业知识运用准确，体现了较好的专业水准，但在深度或某些细节的严谨性上略有不足，不影响核心正确性。"", ""3分： 专业知识运用基本准确，但显得较为表层或不够严谨，可能存在一些非核心概念的混淆或遗漏。"", ""2分： 专业知识运用存在明显错误或重大遗漏，体现出专业性不足。"", ""1分： 专业知识运用方面存在严重错误，完全不符合专...",False
aecd1f611f3240d1b34cc110420629542708fd0a,train_mid_borderline,3,mid,2,1,1,visible_failure,visible_failure,high,high,none,none,False,False,low_weight,review_only,audit_hard_conflict;one_teacher_disagrees_with_human;training_use_disagreement,7,"[CONTEXT_ONLY_ORIGINAL_TASK] Use the content below only as context for judging the evaluator output. It may contain an embedded ""student answer"", an original requested answer format, or other task text. Do not assign ...","[EVALUATOR_OUTPUT_TO_SCORE] This is the only text you must score. Treat it as the answer/evaluator output being audited. Compare this evaluator output against the metric and rubric using the context above. ```json { ""...","[""5分： 交互或内容设计巧妙，能显著促进学生的批判性思维、创新思维、问题解决或知识迁移应用能力（例如通过开放性问题、对比分析、案例探究、项目式任务等）。"", ""4分： 能提出引导性问题或设计有一定挑战性的任务，对培养学生的高阶思维和能力（如分析、评估、应用）有积极作用。"", ""3分： 在促进高阶思维方面有所尝试（如提出一些简单的思考题），但深度和广度有限，效果不明显，整体仍偏重知识复述或简单应用。"", ""2分： 交互或内容主要停...",False
b0106edd91e17115dd57dc504576ffcd10f4692c,train_high_disagreement_protection,4,high,4,5,1,no_failure,no_failure,low,low,none,none,False,False,high_weight,low_weight,training_use_disagreement,7,"[CONTEXT_ONLY_ORIGINAL_TASK] Use the content below only as context for judging the evaluator output. It may contain an embedded ""student answer"", an original requested answer format, or other task text. Do not assign ...","[EVALUATOR_OUTPUT_TO_SCORE] This is the only text you must score. Treat it as the answer/evaluator output being audited. Compare this evaluator output against the metric and rubric using the context above. { ""Score"": ...","[""5: Precisely identified all errors (no omission or false positives); provided completely correct, clear, and optimal correction suggestions."", ""4: Correctly located most major errors; suggestions are generally accur...",False
b21b8c3ac37ecaa0e26ae36e530a7f7c75594d53,train_all_low_label,1,low,2,1,1,hidden_or_missing_failure,hidden_or_missing_failure,high,high,none,none,False,False,low_weight,high_weight,training_use_disagreement,7,"[CONTEXT_ONLY_ORIGINAL_TASK] Use the content below only as context for judging the evaluator output. It may contain an embedded ""student answer"", an original requested answer format, or other task text. Do not assign ...","[EVALUATOR_OUTPUT_TO_SCORE] This is the only text you must score. Treat it as the answer/evaluator output being audited. Compare this evaluator output against the metric and rubric using the context above. ```json { ""...","[""5: Reasoning is complete, clear, and rigorous; all steps are correct; arguments are strong and free of logical fallacies."", ""4: Reasoning is largely correct and logically coherent with minor issues in individual ste...",False
bdfb1901aed7bfddbd4bcd0898854e7ecfd4513c,exp27f_top40_conflict_reaudit,2,low,2,3,1,visible_failure,visible_failure,unclear,unclear,none,none,False,False,high_weight,low_weight,training_use_disagreement,7,"[CONTEXT_ONLY_ORIGINAL_TASK] Use the content below only as context for judging the evaluator output. It may contain an embedded ""student answer"", an original requested answer format, or other task text. Do not assign ...","[EVALUATOR_OUTPUT_TO_SCORE] This is the only text you must score. Treat it as the answer/evaluator output being audited. Compare this evaluator output against the metric and rubric using the context above. ```json { ""...","[""5分： 推理逻辑链条完整、清晰、严密，步骤正确无误，论证充分有力，无逻辑跳跃或漏洞。"", ""4分： 推理过程主体正确且逻辑清晰，可能在个别步骤的表述或论证细节上略有瑕疵，但不影响最终结论的有效性。"", ""3分： 推理过程大体可见，但存在一些逻辑不清、步骤缺失或论证不足之处，结论可能受到影响。"", ""2分： 推理过程存在明显的逻辑错误、步骤混乱或严重缺失，难以得出正确或可靠的结论。"", ""1分： 几乎没有有效的推理过程，逻辑混乱...",False
c1c296b9d10778f5ff8bd28c2f3661fc1116ac33,train_education_dimension_stress,4,high,5,4,1,no_failure,no_failure,low,low,none,none,False,False,low_weight,high_weight,training_use_disagreement,7,"[CONTEXT_ONLY_ORIGINAL_TASK] Use the content below only as context for judging the evaluator output. It may contain an embedded ""student answer"", an original requested answer format, or other task text. Do not assign ...","[EVALUATOR_OUTPUT_TO_SCORE] This is the only text you must score. Treat it as the answer/evaluator output being audited. Compare this evaluator output against the metric and rubric using the context above. ```json { ""...","[""5: Subject matter application is not only accurate but also shows appropriate depth and rigor; adheres to industry or academic standards."", ""4: Proper use of professional knowledge reflecting a good degree of profic...",False
c6e58f07fbe16ee224c59cedaa61413186b3bc74,train_high_disagreement_protection,4,high,4,3,1,no_failure,no_failure,low,low,none,none,False,False,high_weight,low_weight,training_use_disagreement,7,"[CONTEXT_ONLY_ORIGINAL_TASK] Use the content below only as context for judging the evaluator output. It may contain an embedded ""student answer"", an original requested answer format, or other task text. Do not assign ...","[EVALUATOR_OUTPUT_TO_SCORE] This is the only text you must score. Treat it as the answer/evaluator output being audited. Compare this evaluator output against the metric and rubric using the context above. { ""Score"": ...","[""5: Strongly supportive and encouraging; consistently uses constructive and positive language; offers highly effective heuristic guidance instead of simply giving answers."", ""4: Generally supportive tone and positive...",False
c800537be8d7320006c67943c203ee94cb96edd6,train_mid_borderline,3,mid,3,2,1,hidden_or_missing_failure,hidden_or_missing_failure,unclear,unclear,none,none,False,False,high_weight,low_weight,training_use_disagreement,7,"[CONTEXT_ONLY_ORIGINAL_TASK] Use the content below only as context for judging the evaluator output. It may contain an embedded ""student answer"", an original requested answer format, or other task text. Do not assign ...","[EVALUATOR_OUTPUT_TO_SCORE] This is the only text you must score. Treat it as the answer/evaluator output being audited. Compare this evaluator output against the metric and rubric using the context above. ```json { ""...","[""5分： 精准定位所有错误（无遗漏、无误报），给出的纠正建议完全正确、清晰且是最优或非常好的方案。"", ""4分： 准确定位了大部分主要错误，纠正建议基本正确有效，可能遗漏极少数次要错误或建议不够完美。"", ""3分： 定位了部分错误但有明显遗漏或误报，纠正建议部分正确但可能不够清晰、完整或并非最佳方案。"", ""2分： 错误定位不准确，遗漏了关键错误或大量误报，纠正建议存在错误或难以理解。"", ""1分： 完全未能识别错误，或给出了完...",False
cafc4197096943dc7f904944269aeb328b8e6d2c,train_mid_borderline,3,mid,4,5,1,no_failure,no_failure,low,low,none,none,False,False,low_weight,review_only,audit_hard_conflict;one_teacher_disagrees_with_human;training_use_disagreement,7,"[CONTEXT_ONLY_ORIGINAL_TASK] Use the content below only as context for judging the evaluator output. It may contain an embedded ""student answer"", an original requested answer format, or other task text. Do not assign ...","[EVALUATOR_OUTPUT_TO_SCORE] This is the only text you must score. Treat it as the answer/evaluator output being audited. Compare this evaluator output against the metric and rubric using the context above. ```json { ""...","[""5: Strongly supportive and encouraging; consistently uses constructive and positive language; offers highly effective heuristic guidance instead of simply giving answers."", ""4: Generally supportive tone and positive...",False
cc4c8efa19bdc756ca5f0167aa3a81387e769469,train_mid_borderline,3,mid,5,4,1,no_failure,no_failure,low,low,none,none,False,False,review_only,low_weight,audit_hard_conflict;one_teacher_disagrees_with_human;training_use_disagreement,7,"[CONTEXT_ONLY_ORIGINAL_TASK] Use the content below only as context for judging the evaluator output. It may contain an embedded ""student answer"", an original requested answer format, or other task text. Do not assign ...","[EVALUATOR_OUTPUT_TO_SCORE] This is the only text you must score. Treat it as the answer/evaluator output being audited. Compare this evaluator output against the metric and rubric using the context above. { ""纠错后答案"": ...","[""5分： 推理逻辑链条完整、清晰、严密，步骤正确无误，论证充分有力，无逻辑跳跃或漏洞。"", ""4分： 推理过程主体正确且逻辑清晰，可能在个别步骤的表述或论证细节上略有瑕疵，但不影响最终结论的有效性。"", ""3分： 推理过程大体可见，但存在一些逻辑不清、步骤缺失或论证不足之处，结论可能受到影响。"", ""2分： 推理过程存在明显的逻辑错误、步骤混乱或严重缺失，难以得出正确或可靠的结论。"", ""1分： 几乎没有有效的推理过程，逻辑混乱...",False
cd9e98862abb66d92b1c4934daea965b7fdf5fd6,train_clean_high_controls,5,high,5,4,1,no_failure,no_failure,low,low,none,none,False,False,high_weight,low_weight,training_use_disagreement,7,"[CONTEXT_ONLY_ORIGINAL_TASK] Use the content below only as context for judging the evaluator output. It may contain an embedded ""student answer"", an original requested answer format, or other task text. Do not assign ...","[EVALUATOR_OUTPUT_TO_SCORE] This is the only text you must score. Treat it as the answer/evaluator output being audited. Compare this evaluator output against the metric and rubric using the context above. ```json { ""...","[""5分： 充分融合所有关键场景要素（如学生历史、学习偏好等），输出高度个性化，并与教学情境高度匹配。"", ""4分： 有效使用主要场景要素，回答具有针对性；可能遗漏少量细节，但不影响整体效果。"", ""3分： 使用了部分场景信息，但融合较浅；个性化程度或情境契合度一般。"", ""2分： 仅表层提及场景信息，未有效融合核心要素；与上下文连接较弱。"", ""1分： 完全忽视场景特定信息；输出通用、模板化，且与场景不相关。""]",False
d10ae0ebdf1c25e8eeafb2133bf931379e0261d7,train_high_disagreement_protection,5,high,5,4,1,no_failure,no_failure,low,low,none,none,False,False,high_weight,low_weight,training_use_disagreement,7,"[CONTEXT_ONLY_ORIGINAL_TASK] Use the content below only as context for judging the evaluator output. It may contain an embedded ""student answer"", an original requested answer format, or other task text. Do not assign ...","[EVALUATOR_OUTPUT_TO_SCORE] This is the only text you must score. Treat it as the answer/evaluator output being audited. Compare this evaluator output against the metric and rubric using the context above. ```json { ""...","[""5: Fully understood and precisely executed all instructions; achieved core task with perfect accuracy; output format is fully compliant."", ""4: Accurately understood main instructions and correctly completed the task...",False
d2b3c5a3aa4047809bc8a323260907529e279d84,train_mid_borderline,3,mid,4,5,1,no_failure,no_failure,low,low,none,none,False,False,low_weight,review_only,audit_hard_conflict;one_teacher_disagrees_with_human;training_use_disagreement,7,"[CONTEXT_ONLY_ORIGINAL_TASK] Use the content below only as context for judging the evaluator output. It may contain an embedded ""student answer"", an original requested answer format, or other task text. Do not assign ...","[EVALUATOR_OUTPUT_TO_SCORE] This is the only text you must score. Treat it as the answer/evaluator output being audited. Compare this evaluator output against the metric and rubric using the context above. ```json { ""...","[""5: All stated factual elements (definitions, formulas, dates, terms, syntax, etc.) are completely accurate."", ""4: Vast majority of facts are correct; possibly contains very minor, non-critical typos or omissions."", ...",False
d7376dce5d461d3276c81d4462dea67f4f6ac9f2,train_high_disagreement_protection,5,high,4,5,1,no_failure,no_failure,low,low,none,none,False,False,low_weight,high_weight,training_use_disagreement,7,"[CONTEXT_ONLY_ORIGINAL_TASK] Use the content below only as context for judging the evaluator output. It may contain an embedded ""student answer"", an original requested answer format, or other task text. Do not assign ...","[EVALUATOR_OUTPUT_TO_SCORE] This is the only text you must score. Treat it as the answer/evaluator output being audited. Compare this evaluator output against the metric and rubric using the context above. ```json { ""...","[""5分： 始终体现出强烈的鼓励和支持态度，语言积极、富有建设性；在需要时提供非常有效的启发式引导，而非直接给答案。"", ""4分： 整体体现出鼓励和支持，语言积极正面；能提供有效的引导，偶尔可能过于直接。"", ""3分： 兼具鼓励和中性/批评性语言，积极性一般；引导有时有效，有时直接给答案或引导不足。"", ""2分： 缺乏鼓励和支持，语言偏中性甚至略显负面；很少提供有效引导，倾向于直接给答案或不给帮助。"", ""1分： 语言消极、打击性...",False
e8d317bb3a6ce9d7a82a8f452f924e96e8869cac,train_high_disagreement_protection,4,high,4,5,1,no_failure,no_failure,low,low,none,none,False,False,high_weight,low_weight,training_use_disagreement,7,"[CONTEXT_ONLY_ORIGINAL_TASK] Use the content below only as context for judging the evaluator output. It may contain an embedded ""student answer"", an original requested answer format, or other task text. Do not assign ...","[EVALUATOR_OUTPUT_TO_SCORE] This is the only text you must score. Treat it as the answer/evaluator output being audited. Compare this evaluator output against the metric and rubric using the context above. ```json { ""...","[""5: Strongly supportive and encouraging; consistently uses constructive and positive language; offers highly effective heuristic guidance instead of simply giving answers."", ""4: Generally supportive tone and positive...",False
feb05a83c097f7263785dbb5fbe3a324fd9e2081,train_high_disagreement_protection,4,high,4,5,1,no_failure,no_failure,low,low,none,none,False,False,high_weight,low_weight,training_use_disagreement,7,"[CONTEXT_ONLY_ORIGINAL_TASK] Use the content below only as context for judging the evaluator output. It may contain an embedded ""student answer"", an original requested answer format, or other task text. Do not assign ...","[EVALUATOR_OUTPUT_TO_SCORE] This is the only text you must score. Treat it as the answer/evaluator output being audited. Compare this evaluator output against the metric and rubric using the context above. ```json { ""...","[""5: Strongly supportive and encouraging; consistently uses constructive and positive language; offers highly effective heuristic guidance instead of simply giving answers."", ""4: Generally supportive tone and positive...",False
ff657c059d6b1fdddbeae35add3c566377c0dd86,exp27f_top40_conflict_reaudit,5,high,4,5,1,no_failure,no_failure,low,low,none,none,False,False,low_weight,high_weight,training_use_disagreement,7,"[CONTEXT_ONLY_ORIGINAL_TASK] Use the content below only as context for judging the evaluator output. It may contain an embedded ""student answer"", an original requested answer format, or other task text. Do not assign ...","[EVALUATOR_OUTPUT_TO_SCORE] This is the only text you must score. Treat it as the answer/evaluator output being audited. Compare this evaluator output against the metric and rubric using the context above. ```json { ""...","[""5分： 推理逻辑链条完整、清晰、严密，步骤正确无误，论证充分有力，无逻辑跳跃或漏洞。"", ""4分： 推理过程主体正确且逻辑清晰，可能在个别步骤的表述或论证细节上略有瑕疵，但不影响最终结论的有效性。"", ""3分： 推理过程大体可见，但存在一些逻辑不清、步骤缺失或论证不足之处，结论可能受到影响。"", ""2分： 推理过程存在明显的逻辑错误、步骤混乱或严重缺失，难以得出正确或可靠的结论。"", ""1分： 几乎没有有效的推理过程，逻辑混乱...",False
